Year,Month,Day,Hour,Minute,Second,Classification
2017,6,15,18,48,42.8078178710937,1
2017,6,15,18,48,44.6136411132812,1
2017,6,15,18,48,46.4194709472656,1
2017,6,15,18,48,48.2252041015625,1
2017,6,15,18,48,50.0309392089844,1
2017,6,15,18,48,51.8369250488281,1
2017,6,15,18,48,53.6427878417969,1
2017,6,15,18,48,55.4485700683594,1
2017,6,15,18,48,57.2544809570312,1
2017,6,15,18,48,59.0602900390625,1
2017,6,15,18,49,0.866156005859375,1
2017,6,15,18,49,2.67197998046875,1
2017,6,15,18,49,4.49730395507812,1
2017,6,15,18,49,6.30304907226563,1
2017,6,15,18,49,8.10949194335937,1
2017,6,15,18,49,9.91539916992187,1
2017,6,15,18,49,11.72116796875,1
2017,6,15,18,49,13.5270620117187,1
2017,6,15,18,49,15.3328979492188,1
2017,6,15,18,49,17.1387119140625,1
2017,6,15,18,49,18.9444680175781,1
2017,6,15,18,49,20.7503491210937,1
2017,6,15,18,49,22.5560830078125,1
2017,6,15,18,49,24.3619169921875,1
2017,6,15,18,49,26.1677680664062,1
2017,6,15,18,49,27.9736499023438,1
2017,6,15,18,49,29.7794709472656,1
2017,6,15,18,49,31.5852360839844,1
2017,6,15,18,49,33.3911740722656,1
2017,6,15,18,49,35.19695703125,1
2017,6,15,18,49,37.0029741210938,1
2017,6,15,18,49,38.8090520019531,1
2017,6,15,18,49,40.6149099121094,1
2017,6,15,18,49,42.4208979492187,1
2017,6,15,18,49,44.2267900390625,1
2017,6,15,18,49,46.0327749023438,1
2017,6,15,18,49,47.83862890625,1
2017,6,15,18,49,49.6444580078125,1
2017,6,15,18,49,51.4503759765625,1
2017,6,15,18,49,53.2563359375,1
2017,6,15,18,49,55.0621489257813,1
2017,6,15,18,49,56.8681381835938,1
2017,6,15,18,49,58.6738149414062,1
2017,6,15,18,50,0.479573974609375,1
2017,6,15,18,50,2.28536010742187,1
2017,6,15,18,50,4.09114599609375,1
2017,6,15,18,50,5.89710498046875,1
2017,6,15,18,50,7.7030498046875,1
2017,6,15,18,50,9.50903100585938,1
2017,6,15,18,50,11.3149919433594,1
2017,6,15,18,50,13.1208720703125,1
2017,6,15,18,50,14.9267360839844,1
2017,6,15,18,50,16.7326628417969,1
2017,6,15,18,50,18.5384360351562,1
2017,6,15,18,50,20.3441928710937,1
2017,6,15,18,50,22.1608359375,1
2017,6,15,18,50,23.9667438964844,1
2017,6,15,18,50,25.7726828613281,1
2017,6,15,18,50,27.5784060058594,1
2017,6,15,18,50,29.3843330078125,1
2017,6,15,18,50,31.1902329101563,1
2017,6,15,18,50,32.9961450195312,1
2017,6,15,18,50,34.80208203125,1
2017,6,15,18,50,36.6078210449219,1
2017,6,15,18,50,38.4135610351562,1
2017,6,15,18,50,40.2195920410156,1
2017,6,15,18,50,42.025583984375,1
2017,6,15,18,50,43.8315278320312,1
2017,6,15,18,50,45.6374599609375,1
2017,6,15,18,50,47.4432849121094,1
2017,6,15,18,50,49.2492099609375,1
2017,6,15,18,50,51.0550571289062,1
2017,6,15,18,50,52.8609279785156,1
2017,6,15,18,50,54.6667448730469,1
2017,6,15,18,50,56.4725239257813,1
2017,6,15,18,50,58.2785109863281,1
2017,6,15,18,51,0.08439501953125,1
2017,6,15,18,51,1.89052514648438,1
2017,6,15,18,51,3.69627807617187,1
2017,6,15,18,51,5.502201171875,1
2017,6,15,18,51,7.30820385742187,1
2017,6,15,18,51,9.11414404296875,1
2017,6,15,18,51,10.9200698242187,1
2017,6,15,18,51,12.7257521972656,1
2017,6,15,18,51,14.5317270507812,1
2017,6,15,18,51,16.3376140136719,1
2017,6,15,18,51,18.1436181640625,1
2017,6,15,18,51,19.9493500976563,1
2017,6,15,18,51,21.7551848144531,1
2017,6,15,18,51,23.5610791015625,1
2017,6,15,18,51,25.3670029296875,1
2017,6,15,18,51,27.1730129394531,1
2017,6,15,18,51,28.9787648925781,1
2017,6,15,18,51,30.784591796875,1
2017,6,15,18,51,32.5906420898437,1
2017,6,15,18,51,34.3965310058594,1
2017,6,15,18,51,36.2024108886719,1
2017,6,15,18,51,38.0101799316406,1
2017,6,15,18,51,39.8159460449219,1
2017,6,15,18,51,41.6218879394531,1
2017,6,15,18,51,43.4278359375,1
2017,6,15,18,51,45.2338349609375,1
2017,6,15,18,51,47.0429731445313,1
2017,6,15,18,51,48.8489899902344,1
2017,6,15,18,51,50.6547338867188,1
2017,6,15,18,51,52.4606999511719,1
2017,6,15,18,51,54.2665080566406,1
2017,6,15,18,51,56.0724260253906,1
2017,6,15,18,51,57.8783481445313,1
2017,6,15,18,51,59.6843559570313,1
2017,6,15,18,52,1.49019897460937,1
2017,6,15,18,52,3.29596899414063,1
2017,6,15,18,52,5.10184106445312,1
2017,6,15,18,52,6.90769091796875,1
2017,6,15,18,52,8.71353515625,1
2017,6,15,18,52,10.5194799804688,1
2017,6,15,18,52,12.3252229003906,1
2017,6,15,18,52,14.1310571289062,1
2017,6,15,18,52,15.9369331054687,1
2017,6,15,18,52,17.7426640625,1
2017,6,15,18,52,19.5484509277344,1
2017,6,15,18,52,21.3541818847656,1
2017,6,15,18,52,23.1599370117187,1
2017,6,15,18,52,24.9658820800781,1
2017,6,15,18,52,26.7717399902344,1
2017,6,15,18,52,28.5777170410156,1
2017,6,15,18,52,30.3835708007812,1
2017,6,15,18,52,32.18941796875,1
2017,6,15,18,52,33.9952431640625,1
2017,6,15,18,52,35.8010390625,1
2017,6,15,18,52,37.6070249023438,1
2017,6,15,18,52,39.413001953125,1
2017,6,15,18,52,41.2188859863281,1
2017,6,15,18,52,43.0248059082031,1
2017,6,15,18,52,44.8306291503906,1
2017,6,15,18,52,46.6363740234375,1
2017,6,15,18,52,48.4420991210937,1
2017,6,15,18,52,50.2478449707031,1
2017,6,15,18,52,52.0538010253906,1
2017,6,15,18,52,53.8595900878906,1
2017,6,15,18,52,55.6655739746094,1
2017,6,15,18,52,57.4714770507813,1
2017,6,15,18,52,59.2773698730469,1
2017,6,15,18,53,1.08324609375,1
2017,6,15,18,53,2.88903393554688,1
2017,6,15,18,53,4.6950439453125,1
2017,6,15,18,53,6.50085498046875,1
2017,6,15,18,53,8.30679809570312,1
2017,6,15,18,53,10.1126000976562,1
2017,6,15,18,53,11.9258930664062,1
2017,6,15,18,53,13.7318298339844,1
2017,6,15,18,53,15.5377099609375,1
2017,6,15,18,53,17.3437099609375,1
2017,6,15,18,53,19.1495910644531,1
2017,6,15,18,53,20.9553930664062,1
2017,6,15,18,53,22.7613771972656,1
2017,6,15,18,53,24.5672419433594,1
2017,6,15,18,53,26.3730148925781,1
2017,6,15,18,53,28.1789050292969,1
2017,6,15,18,53,29.9848110351562,1
2017,6,15,18,53,31.7906870117187,1
2017,6,15,18,53,33.5964799804688,1
2017,6,15,18,53,35.4022788085937,1
2017,6,15,18,53,37.2081220703125,1
2017,6,15,18,53,39.0141359863281,1
2017,6,15,18,53,40.8198708496094,1
2017,6,15,18,53,42.6257719726563,1
2017,6,15,18,53,44.4316088867187,1
2017,6,15,18,53,46.2374821777344,1
2017,6,15,18,53,48.0434848632813,1
2017,6,15,18,53,49.849375,1
2017,6,15,18,53,51.6551899414062,1
2017,6,15,18,53,53.4611369628906,1
2017,6,15,18,53,55.2670830078125,1
2017,6,15,18,53,57.0729660644531,1
2017,6,15,18,53,58.8789611816406,1
2017,6,15,18,54,0.6849921875,1
2017,6,15,18,54,2.49078881835938,1
2017,6,15,18,54,4.29652587890625,1
2017,6,15,18,54,6.1022861328125,1
2017,6,15,18,54,7.90826391601562,1
2017,6,15,18,54,9.71418505859375,1
2017,6,15,18,54,11.5202199707031,1
2017,6,15,18,54,13.3260778808594,0
2017,6,15,18,54,15.1319289550781,0
2017,6,15,18,54,16.937828125,0
2017,6,15,18,54,18.7437990722656,0
2017,6,15,18,54,20.5497780761719,0
2017,6,15,18,54,22.3557360839844,0
2017,6,15,18,54,24.1617260742187,0
2017,6,15,18,54,25.9676389160156,0
2017,6,15,18,54,27.7734890136719,0
2017,6,15,18,54,29.5793208007813,0
2017,6,15,18,54,31.3850610351563,0
2017,6,15,18,54,33.1908481445313,0
2017,6,15,18,54,34.9967529296875,0
2017,6,15,18,54,36.8076569824219,0
2017,6,15,18,54,38.6135700683594,0
2017,6,15,18,54,40.4194069824219,0
2017,6,15,18,54,42.2252158203125,0
2017,6,15,18,54,44.031037109375,0
2017,6,15,18,54,45.8368020019531,0
2017,6,15,18,54,47.642716796875,0
2017,6,15,18,54,49.4484409179688,0
2017,6,15,18,54,51.2543388671875,0
2017,6,15,18,54,53.0601840820312,0
2017,6,15,18,54,54.8660639648437,0
2017,6,15,18,54,56.6718740234375,0
2017,6,15,18,54,58.4777260742188,0
2017,6,15,18,55,0.283669921875,0
2017,6,15,18,55,2.08966088867188,0
2017,6,15,18,55,3.89551904296875,0
2017,6,15,18,55,5.70138598632813,0
2017,6,15,18,55,7.50743798828125,0
2017,6,15,18,55,9.31339916992187,0
2017,6,15,19,7,0.584368896484375,0
2017,6,15,19,7,2.5867529296875,0
2017,6,15,19,7,4.39267797851562,0
2017,6,15,19,7,6.26253002929688,0
2017,6,15,19,7,8.23320703125,0
2017,6,15,19,7,10.1788471679687,0
2017,6,15,19,7,12.1281740722656,0
2017,6,15,19,7,14.002576171875,0
2017,6,15,19,7,15.8100129394531,0
2017,6,15,19,7,17.6850280761719,0
2017,6,15,19,7,19.5879777832031,0
2017,6,15,19,7,21.5575869140625,0
2017,6,15,19,7,23.4112900390625,0
2017,6,15,19,7,25.4170051269531,1
2017,6,15,19,7,27.2447819824219,1
2017,6,15,19,7,29.050583984375,1
2017,6,15,19,7,31.0061918945312,1
2017,6,15,19,7,32.8121918945313,1
2017,6,15,19,7,34.618,1
2017,6,15,19,7,36.7201530761719,1
2017,6,15,19,7,38.5951330566406,1
2017,6,15,19,7,40.7529458007812,1
2017,6,15,19,7,42.6055888671875,1
2017,6,15,19,7,44.6056750488281,1
2017,6,15,19,7,46.5479350585938,1
2017,6,15,19,7,48.3733269042969,1
2017,6,15,19,7,50.3078352050781,1
2017,6,15,19,7,52.2556870117187,1
2017,6,15,19,7,54.0744938964844,1
2017,6,15,19,7,56.0375029296875,1
2017,6,15,19,7,57.8433000488281,1
2017,6,15,19,7,59.6987841796875,1
2017,6,15,19,8,1.67992407226563,1
2017,6,15,19,8,3.61942797851562,1
2017,6,15,19,8,5.57263305664063,1
2017,6,15,19,8,7.61995703125,1
2017,6,15,19,8,9.42607397460938,1
2017,6,15,19,8,11.3976540527344,1
2017,6,15,19,8,13.3131398925781,1
2017,6,15,19,8,15.3575949707031,1
2017,6,15,19,8,17.2175009765625,1
2017,6,15,19,8,19.0232561035156,1
2017,6,15,19,8,20.8291198730469,1
2017,6,15,19,8,22.6349338378906,1
2017,6,15,19,8,24.4406618652344,1
2017,6,15,19,8,26.2464548339844,1
2017,6,15,19,8,28.0522919921875,1
2017,6,15,19,8,29.8581809082031,1
2017,6,15,19,8,31.6640400390625,1
2017,6,15,19,8,33.4698359375,1
2017,6,15,19,8,38.5502241210937,1
2017,6,15,19,8,40.3562678222656,1
2017,6,15,19,8,42.1619838867188,1
2017,6,15,19,8,43.9679528808594,1
2017,6,15,19,8,45.7739270019531,1
2017,6,15,19,8,47.579662109375,1
2017,6,15,19,8,49.3854670410156,1
2017,6,15,19,8,51.1911918945313,1
2017,6,15,19,8,52.9970678710937,1
2017,6,15,19,8,54.803041015625,1
2017,6,15,19,8,56.6090458984375,1
2017,6,15,19,8,58.4148959960937,1
2017,6,15,19,9,0.22081201171875,1
2017,6,15,19,9,2.02692114257813,1
2017,6,15,19,9,3.83268090820313,1
2017,6,15,19,9,5.63868603515625,1
2017,6,15,19,9,7.44468896484375,1
2017,6,15,19,9,9.25069189453125,1
2017,6,15,19,9,11.0565642089844,1
2017,6,15,19,9,12.8622897949219,1
2017,6,15,19,9,14.6680910644531,1
2017,6,15,19,9,16.480169921875,1
2017,6,15,19,9,18.2860341796875,1
2017,6,15,19,9,20.0917890625,1
2017,6,15,19,9,21.8978110351562,1
2017,6,15,19,9,23.7035649414062,1
2017,6,15,19,9,25.5093740234375,1
2017,6,15,19,9,27.3152412109375,1
2017,6,15,19,9,29.1210310058594,1
2017,6,15,19,9,30.9269799804688,1
2017,6,15,19,9,32.7327680664063,1
2017,6,15,19,9,34.5387238769531,1
2017,6,15,19,9,36.344455078125,1
2017,6,15,19,9,38.1504040527344,1
2017,6,15,19,9,39.9562111816406,1
2017,6,15,19,9,41.7703640136719,1
2017,6,15,19,9,43.5762060546875,1
2017,6,15,19,9,45.3820258789062,1
2017,6,15,19,9,47.1881540527344,1
2017,6,15,19,9,48.994125,1
2017,6,15,19,9,50.80012890625,1
2017,6,15,19,9,52.605873046875,1
2017,6,15,19,9,54.4118229980469,1
2017,6,15,19,9,56.2176188964844,1
2017,6,15,19,9,58.0234680175781,1
2017,6,15,19,9,59.8293969726562,1
2017,6,15,19,10,1.63523095703125,1
2017,6,15,19,10,3.44101904296875,1
2017,6,15,19,10,5.2467919921875,1
2017,6,15,19,10,7.052748046875,1
2017,6,15,19,10,8.85881811523437,1
2017,6,15,19,10,10.6645888671875,1
2017,6,15,19,10,12.4704709472656,1
2017,6,15,19,10,14.2763701171875,1
2017,6,15,19,10,16.0823559570313,1
2017,6,15,19,10,17.8882390136719,1
2017,6,15,19,10,19.6941188964844,1
2017,6,15,19,10,21.4998527832031,1
2017,6,15,19,10,23.305828125,1
2017,6,15,19,10,25.1116960449219,1
2017,6,15,19,10,26.9176459960937,1
2017,6,15,19,10,28.7234147949219,1
2017,6,15,19,10,30.5293911132812,1
2017,6,15,19,10,32.3352309570312,1
2017,6,15,19,10,34.1411159667969,1
2017,6,15,19,10,35.9471120605469,1
2017,6,15,19,10,37.7529658203125,1
2017,6,15,19,10,39.5588190917969,1
2017,6,15,19,10,41.3648110351563,1
2017,6,15,19,10,43.1706630859375,1
2017,6,15,19,10,44.9764340820312,1
2017,6,15,19,10,46.7821740722656,1
2017,6,15,19,10,48.5879660644531,1
2017,6,15,19,10,50.3939279785156,1
2017,6,15,19,10,52.1998830566406,1
2017,6,15,19,10,54.0056391601562,1
2017,6,15,19,10,55.8115590820313,1
2017,6,15,19,10,57.6173159179688,1
2017,6,15,19,10,59.4233010253906,1
2017,6,15,19,11,1.22913598632813,1
2017,6,15,19,11,3.0351181640625,1
2017,6,15,19,11,4.84109594726563,1
2017,6,15,19,11,6.64700610351562,1
2017,6,15,19,11,8.45276904296875,1
2017,6,15,19,11,10.2586440429688,1
2017,6,15,19,11,12.0644499511719,1
2017,6,15,19,11,13.8704609375,1
2017,6,15,19,11,15.6764809570313,1
2017,6,15,19,11,17.4823510742188,1
2017,6,15,19,11,19.2882331542969,1
2017,6,15,19,11,21.0941340332031,1
2017,6,15,19,11,22.9001040039063,1
2017,6,15,19,11,24.7059699707031,1
2017,6,15,19,11,26.5118430175781,1
2017,6,15,19,11,28.3176437988281,1
2017,6,15,19,11,30.1236440429687,1
2017,6,15,19,11,31.9296528320313,1
2017,6,15,19,11,33.7354169921875,1
2017,6,15,19,11,35.5413999023437,1
2017,6,15,19,11,37.3473850097656,1
2017,6,15,19,11,39.1531779785156,1
2017,6,15,19,11,40.9590869140625,1
2017,6,15,19,11,42.76505078125,1
2017,6,15,19,11,44.5710310058594,1
2017,6,15,19,11,46.3768151855469,1
2017,6,15,19,11,48.1825681152344,1
2017,6,15,19,11,49.98844921875,1
2017,6,15,19,11,51.7941860351563,1
2017,6,15,19,11,53.5999970703125,1
2017,6,15,19,11,55.4057861328125,1
2017,6,15,19,11,57.2118010253906,1
2017,6,15,19,11,59.0176369628906,1
2017,6,15,19,12,0.823531005859375,1
2017,6,15,19,12,2.62946020507813,1
2017,6,15,19,12,4.43538916015625,1
2017,6,15,19,12,6.24339599609375,1
2017,6,15,19,12,8.04934106445313,1
2017,6,15,19,12,9.85527197265625,1
2017,6,15,19,12,11.6611999511719,1
2017,6,15,19,12,13.4670520019531,1
2017,6,15,19,12,15.2728879394531,1
2017,6,15,19,12,17.0787590332031,1
2017,6,15,19,12,18.8846899414063,1
2017,6,15,19,12,20.6904260253906,1
2017,6,15,19,12,22.4964040527344,1
2017,6,15,19,12,24.3025830078125,1
2017,6,15,19,12,26.1085268554687,1
2017,6,15,19,12,27.9144948730469,1
2017,6,15,19,12,29.7203510742188,1
2017,6,15,19,12,31.5261970214844,1
2017,6,15,19,12,33.332169921875,1
2017,6,15,19,12,35.1379758300781,0
2017,6,15,19,12,36.9437060546875,0
2017,6,15,19,12,38.7495678710938,0
2017,6,15,19,12,40.5553630371094,0
2017,6,15,19,12,42.3613181152344,0
2017,6,15,19,12,44.1672839355469,0
2017,6,15,19,12,45.9731591796875,0
2017,6,15,19,12,47.77908984375,0
2017,6,15,19,12,49.5848669433594,0
2017,6,15,19,12,51.3906330566406,0
2017,6,15,19,12,53.1963740234375,0
2017,6,15,19,12,55.0021821289062,0
2017,6,15,19,12,56.8081901855469,0
2017,6,15,19,12,58.6140520019531,0
2017,6,15,19,13,0.419778076171875,0
2017,6,15,19,13,2.22560107421875,0
2017,6,15,19,13,4.03184106445312,0
2017,6,15,19,13,5.83775390625,0
2017,6,15,19,13,7.64375390625,0
2017,6,15,19,13,9.44960498046875,0
2017,6,15,19,13,11.2555520019531,0
2017,6,15,19,13,13.0613759765625,0
2017,6,15,19,13,14.8671501464844,0
2017,6,15,19,13,16.6731118164063,0
2017,6,15,19,13,18.4789619140625,0
2017,6,15,19,13,20.284748046875,0
2017,6,15,19,13,22.0906501464844,0
2017,6,15,19,13,23.8965180664063,0
2017,6,15,19,13,25.702248046875,0
2017,6,15,19,13,27.5082680664062,0
2017,6,15,19,13,29.3141059570312,0
2017,6,15,19,13,31.1255690917969,0
2017,6,15,19,13,32.9315319824219,0
2017,6,15,19,13,34.7374079589844,0
2017,6,15,19,13,36.5432990722656,1
2017,6,15,19,13,38.349046875,1
2017,6,15,19,13,40.1549580078125,1
2017,6,15,19,13,41.9609560546875,1
2017,6,15,19,13,43.7667561035156,1
2017,6,15,19,13,45.5725180664063,1
2017,6,15,19,13,47.3783120117187,1
2017,6,15,19,13,49.1844621582031,1
2017,6,15,19,13,50.9903129882812,1
2017,6,15,19,13,52.7961508789063,1
2017,6,15,19,13,54.6019919433594,1
2017,6,15,19,13,56.4078720703125,1
2017,6,15,19,13,58.2138120117188,1
2017,6,15,19,14,0.0196650390625,1
2017,6,15,19,14,1.82557006835937,1
2017,6,15,19,14,3.63144116210937,1
2017,6,15,19,14,5.43722802734375,1
2017,6,15,19,14,7.24307788085938,1
2017,6,15,19,14,9.04895092773437,1
2017,6,15,19,14,10.8549448242187,1
2017,6,15,19,14,12.6608420410156,1
2017,6,15,19,14,14.4668129882812,1
2017,6,15,19,14,16.2725678710937,1
2017,6,15,19,14,18.0783610839844,1
2017,6,15,19,14,19.8841950683594,1
2017,6,15,19,14,21.6901691894531,1
2017,6,15,19,14,23.4961791992188,1
2017,6,15,19,14,25.3020771484375,1
2017,6,15,19,14,27.1078540039063,1
2017,6,15,19,14,28.9137421875,1
2017,6,15,19,14,30.7197189941406,1
2017,6,15,19,14,32.5258759765625,1
2017,6,15,19,14,34.3316020507812,1
2017,6,15,19,14,36.137419921875,1
2017,6,15,19,14,37.9432890625,1
2017,6,15,19,14,39.7492819824219,1
2017,6,15,19,14,41.5551838378906,1
2017,6,15,19,14,43.3611960449219,1
2017,6,15,19,14,45.1669279785156,1
2017,6,15,19,14,46.9726928710937,1
2017,6,15,19,14,48.7785361328125,1
2017,6,15,19,14,50.5845397949219,1
2017,6,15,19,14,52.39037109375,1
2017,6,15,19,14,54.1962709960938,1
2017,6,15,19,14,56.0078288574219,1
2017,6,15,19,14,57.8135700683594,1
2017,6,15,19,14,59.61945703125,1
2017,6,15,19,15,1.4253798828125,1
2017,6,15,19,15,3.23122998046875,1
2017,6,15,19,15,5.03709497070312,1
2017,6,15,19,15,6.84288012695312,1
2017,6,15,19,15,8.648708984375,1
2017,6,15,19,15,10.454580078125,1
2017,6,15,19,15,12.2605249023438,1
2017,6,15,19,15,14.0665749511719,1
2017,6,15,19,15,15.8723491210937,1
2017,6,15,19,15,17.6782360839844,1
2017,6,15,19,15,19.4840849609375,1
2017,6,15,19,15,21.289916015625,1
2017,6,15,19,15,23.0957199707031,1
2017,6,15,19,15,24.9015759277344,1
2017,6,15,19,15,26.7078581542969,1
2017,6,15,19,15,28.5136779785156,1
2017,6,15,19,15,30.3196010742187,1
2017,6,15,19,15,32.1253530273437,1
2017,6,15,19,15,33.9311589355469,1
2017,6,15,19,15,35.7371340332031,1
2017,6,15,19,15,37.5430158691406,1
2017,6,15,19,15,39.3489438476563,1
2017,6,15,19,15,41.1549438476562,1
2017,6,15,19,15,42.9608171386719,1
2017,6,15,19,15,44.7667209472656,1
2017,6,15,19,15,46.5724731445313,1
2017,6,15,19,15,48.3782280273438,1
2017,6,15,19,15,50.1839851074219,1
2017,6,15,19,15,51.9899331054688,1
2017,6,15,19,15,53.7957829589844,1
2017,6,15,19,15,55.6015961914063,1
2017,6,15,19,15,57.4075061035156,1
2017,6,15,19,15,59.213208984375,1
2017,6,15,19,16,1.019,1
2017,6,15,19,16,2.82492700195312,1
2017,6,15,19,16,4.63072216796875,1
2017,6,15,19,16,6.43673608398437,1
2017,6,15,19,16,8.24272802734375,1
2017,6,15,19,16,12.9173259277344,1
2017,6,15,19,16,14.7231350097656,1
2017,6,15,19,16,16.5290861816406,1
2017,6,15,19,16,18.3348811035156,1
2017,6,15,19,16,20.140830078125,1
2017,6,15,19,16,21.9465729980469,1
2017,6,15,19,16,23.7524631347656,1
2017,6,15,19,16,25.5585161132813,1
2017,6,15,19,16,27.3642749023438,1
2017,6,15,19,16,29.170123046875,1
2017,6,15,19,16,30.9758959960938,1
2017,6,15,19,16,32.7816889648438,1
2017,6,15,19,16,34.5876059570313,1
2017,6,15,19,16,36.3933969726562,1
2017,6,15,19,16,38.1992890625,1
2017,6,15,19,16,40.0050080566406,1
2017,6,15,19,16,41.8109790039062,1
2017,6,15,19,16,43.6169250488281,1
2017,6,15,19,16,45.4227248535156,1
2017,6,15,19,16,47.2288010253906,1
2017,6,15,19,16,49.0347170410156,1
2017,6,15,19,16,50.8406701660156,1
2017,6,15,19,16,52.6464040527344,1
2017,6,15,19,16,54.4522041015625,1
2017,6,15,19,16,56.2580690917969,1
2017,6,15,19,16,58.0638178710937,1
2017,6,15,19,16,59.8698171386719,1
2017,6,15,19,17,1.67556811523438,1
2017,6,15,19,17,3.4814609375,1
2017,6,15,19,17,5.2872109375,1
2017,6,15,19,17,7.09296801757812,1
2017,6,15,19,17,8.89873510742187,1
2017,6,15,19,17,10.7046511230469,1
2017,6,15,19,17,12.5105810546875,1
2017,6,15,19,17,14.3166000976563,1
2017,6,15,19,17,16.1224401855469,1
2017,6,15,19,17,17.9283298339844,1
2017,6,15,19,17,19.7340729980469,1
2017,6,15,19,17,21.5401430664063,1
2017,6,15,19,17,23.3459580078125,1
2017,6,15,19,17,25.1517170410156,1
2017,6,15,19,17,26.9574599609375,1
2017,6,15,19,17,28.7634538574219,1
2017,6,15,19,17,30.5692028808594,1
2017,6,15,19,17,32.3749868164062,1
2017,6,15,19,17,34.180712890625,1
2017,6,15,19,17,35.9866950683594,1
2017,6,15,19,17,37.7924541015625,1
2017,6,15,19,17,39.5983720703125,1
2017,6,15,19,17,41.4041599121094,1
2017,6,15,19,17,43.2100871582031,1
2017,6,15,19,17,45.0157380371094,1
2017,6,15,19,17,46.8216450195313,1
2017,6,15,19,17,48.6275239257812,1
2017,6,15,19,17,50.433294921875,1
2017,6,15,19,17,52.2390261230469,1
2017,6,15,19,17,54.0448979492188,1
2017,6,15,19,17,55.8510720214844,1
2017,6,15,19,17,57.6567978515625,1
2017,6,15,19,17,59.4626689453125,1
2017,6,15,19,18,1.26859692382812,1
2017,6,15,19,18,3.07448193359375,1
2017,6,15,19,18,4.88028491210938,1
2017,6,15,19,18,6.686294921875,1
2017,6,15,19,18,8.49220703125,1
2017,6,15,19,18,10.2979528808594,1
2017,6,15,19,18,12.1037790527344,1
2017,6,15,19,18,13.9096669921875,1
2017,6,15,19,18,15.7155639648437,1
2017,6,15,19,18,17.5214719238281,1
2017,6,15,19,18,19.3273488769531,1
2017,6,15,19,18,21.1331911621094,1
2017,6,15,19,18,22.9390510253906,1
2017,6,15,19,18,24.7448859863281,1
2017,6,15,19,18,26.55075,0
2017,6,15,19,18,28.3567351074219,0
2017,6,15,19,18,30.1626730957031,0
2017,6,15,19,18,31.9684929199219,0
2017,6,15,19,18,33.7742131347656,0
2017,6,15,19,18,35.5800891113281,0
2017,6,15,19,18,37.3858830566406,0
2017,6,15,19,18,39.1918459472656,0
2017,6,15,19,18,40.9976379394531,0
2017,6,15,19,18,42.8035729980469,0
2017,6,15,19,18,44.609498046875,0
2017,6,15,19,18,46.4153249511719,0
2017,6,15,19,18,48.2213288574219,0
2017,6,15,19,18,50.027216796875,0
2017,6,15,19,18,51.8330849609375,1
2017,6,15,19,18,53.6388950195312,1
2017,6,15,19,18,55.444705078125,1
2017,6,15,19,18,57.2506770019531,1
2017,6,15,19,19,5.0285029296875,1
2017,6,15,19,19,6.83431201171875,1
2017,6,15,19,19,8.64016796875,1
2017,6,15,19,19,10.4461159667969,1
2017,6,15,19,19,12.2520959472656,1
2017,6,15,19,19,14.0580639648438,1
2017,6,15,19,19,15.8639619140625,1
2017,6,15,19,19,17.6698989257813,1
2017,6,15,19,19,19.4758049316406,1
2017,6,15,19,19,21.2816628417969,1
2017,6,15,19,19,23.0874819335938,1
2017,6,15,19,19,24.8934729003906,1
2017,6,15,19,19,26.6993569335938,1
2017,6,15,19,19,28.5053569335937,1
2017,6,15,19,19,30.3111311035156,1
2017,6,15,19,19,32.1170659179688,1
2017,6,15,19,19,33.9229250488281,1
2017,6,15,19,19,35.7285769042969,1
2017,6,15,19,19,37.5343471679687,1
2017,6,15,19,19,39.3401547851563,1
2017,6,15,19,19,41.145962890625,1
2017,6,15,19,19,42.9518381347656,1
2017,6,15,19,19,44.7577319335938,1
2017,6,15,19,19,46.5636760253906,1
2017,6,15,19,19,48.3696857910156,1
2017,6,15,19,19,50.1756921386719,1
2017,6,15,19,19,51.9816889648437,1
2017,6,15,19,19,53.7876201171875,1
2017,6,15,19,19,55.5936228027344,1
2017,6,15,19,19,57.3994709472656,1
2017,6,15,19,19,59.2053649902344,1
2017,6,15,19,20,1.011087890625,1
2017,6,15,19,20,2.81689086914063,1
2017,6,15,19,20,4.62277783203125,1
2017,6,15,19,20,6.42868090820313,1
2017,6,15,19,20,8.23568212890625,1
2017,6,15,19,20,10.0414230957031,1
2017,6,15,19,20,11.8474099121094,1
2017,6,15,19,20,13.6532258300781,1
2017,6,15,19,20,15.4590791015625,1
2017,6,15,19,20,17.2650981445313,1
2017,6,15,19,20,19.0708598632812,1
2017,6,15,19,20,20.876751953125,1
2017,6,15,19,20,22.6826428222656,1
2017,6,15,19,20,24.4884318847656,1
2017,6,15,19,20,26.2943630371094,1
2017,6,15,19,20,28.1001179199219,1
2017,6,15,19,20,29.9065620117188,1
2017,6,15,19,20,31.7123100585938,1
2017,6,15,19,20,33.5180910644531,1
2017,6,15,19,20,35.3239970703125,1
2017,6,15,19,20,37.1299609375,1
2017,6,15,19,20,38.9356889648437,1
2017,6,15,19,20,40.7416501464844,1
2017,6,15,19,20,42.547541015625,1
2017,6,15,19,20,44.3535439453125,1
2017,6,15,19,20,46.1594929199219,1
2017,6,15,19,20,47.9656118164063,1
2017,6,15,19,20,49.7716127929688,1
2017,6,15,19,20,51.5774050292969,1
2017,6,15,19,20,53.3833410644531,1
2017,6,15,19,20,55.1892768554687,1
2017,6,15,19,20,56.9951101074219,1
2017,6,15,19,20,58.8009880371094,1
2017,6,15,19,21,0.606906982421875,1
2017,6,15,19,21,2.41273193359375,1
2017,6,15,19,21,4.21869702148437,1
2017,6,15,19,21,6.02463208007813,1
2017,6,15,19,21,7.83055297851562,1
2017,6,15,19,21,9.63647705078125,1
2017,6,15,19,21,11.4422458496094,1
2017,6,15,19,21,13.2480549316406,1
2017,6,15,19,21,15.0537770996094,1
2017,6,15,19,21,16.85975,1
2017,6,15,19,21,18.6657578125,1
2017,6,15,19,21,20.4714689941406,1
2017,6,15,19,21,22.2773110351562,1
2017,6,15,19,21,24.0832788085938,1
2017,6,15,19,21,25.8891770019531,1
2017,6,15,19,21,27.6949079589844,1
2017,6,15,19,21,29.5007209472656,1
2017,6,15,19,21,31.306615234375,1
2017,6,15,19,21,33.1185910644531,1
2017,6,15,19,21,34.9245651855469,1
2017,6,15,19,21,36.7305788574219,1
2017,6,15,19,21,38.5367150878906,1
2017,6,15,19,21,40.3425310058594,1
2017,6,15,19,21,42.1484958496094,1
2017,6,15,19,21,43.9544289550781,1
2017,6,15,19,21,45.7604401855469,1
2017,6,15,19,21,47.5662629394531,1
2017,6,15,19,21,49.3721640625,1
2017,6,15,19,21,51.1780620117188,1
2017,6,15,19,21,52.9838200683594,1
2017,6,15,19,21,54.78962890625,1
2017,6,15,19,21,56.5955500488281,1
2017,6,15,19,21,58.4013081054688,1
2017,6,15,19,22,0.20743701171875,1
2017,6,15,19,22,2.0133740234375,1
2017,6,15,19,22,3.81919091796875,1
2017,6,15,19,22,5.62505102539062,1
2017,6,15,19,22,7.430958984375,1
2017,6,15,19,22,9.23699487304687,1
2017,6,15,19,22,11.0428530273437,1
2017,6,15,19,22,12.8488149414062,1
2017,6,15,19,22,14.6545461425781,1
2017,6,15,19,22,16.4602919921875,1
2017,6,15,19,22,18.2661120605469,1
2017,6,15,19,22,20.072076171875,1
2017,6,15,19,22,21.8779340820312,1
2017,6,15,19,22,23.6837202148437,1
2017,6,15,19,22,25.4896569824219,1
2017,6,15,19,22,27.2954130859375,1
2017,6,15,19,22,29.1013920898437,1
2017,6,15,19,22,30.9073469238281,1
2017,6,15,19,22,32.713078125,1
2017,6,15,19,22,34.5189299316406,1
2017,6,15,19,22,36.3248640136719,1
2017,6,15,19,22,38.1308720703125,1
2017,6,15,19,22,39.9366708984375,1
2017,6,15,19,22,41.7425930175781,1
2017,6,15,19,22,43.5486169433594,1
2017,6,15,19,22,45.3545170898438,1
2017,6,15,19,22,47.1603200683594,1
2017,6,15,19,22,48.9660639648437,1
2017,6,15,19,22,50.7719389648437,1
2017,6,15,19,22,52.5776779785156,1
2017,6,15,19,22,54.383673828125,1
2017,6,15,19,22,56.1896018066406,1
2017,6,15,19,22,58.0003000488281,1
2017,6,15,19,22,59.8063120117188,1
2017,6,15,19,23,1.61205200195313,1
2017,6,15,19,23,3.41806201171875,1
2017,6,15,19,23,5.22385815429687,1
2017,6,15,19,23,7.02968310546875,1
2017,6,15,19,23,8.83556518554687,1
2017,6,15,19,23,10.6413811035156,1
2017,6,15,19,23,12.4473369140625,1
2017,6,15,19,23,14.2533518066406,1
2017,6,15,19,23,16.0593859863281,1
2017,6,15,19,23,17.8651879882812,1
2017,6,15,19,23,19.6711271972656,1
2017,6,15,19,23,21.4768479003906,1
2017,6,15,19,23,23.2826650390625,1
2017,6,15,19,23,25.0884111328125,1
2017,6,15,19,23,26.8942790527344,1
2017,6,15,19,23,28.7002658691406,1
2017,6,15,19,23,30.5062080078125,1
2017,6,15,19,23,32.3120998535156,1
2017,6,15,19,23,34.1180190429687,1
2017,6,15,19,23,35.923958984375,1
2017,6,15,19,23,37.7299169921875,1
2017,6,15,19,23,39.5357829589844,1
2017,6,15,19,23,41.3415209960937,1
2017,6,15,19,23,43.147419921875,1
2017,6,15,19,23,44.9534140625,1
2017,6,15,19,23,46.7592722167969,1
2017,6,15,19,23,48.5649860839844,1
2017,6,15,19,23,50.3707980957031,1
2017,6,15,19,23,52.1768000488281,1
2017,6,15,19,23,53.9828032226563,1
2017,6,15,19,23,55.7886020507813,1
2017,6,15,19,23,57.5943999023438,1
2017,6,15,19,23,59.4005109863281,1
2017,6,15,19,24,1.206296875,1
2017,6,15,19,24,3.01914990234375,1
2017,6,15,19,24,4.82497412109375,1
2017,6,15,19,24,6.6309130859375,1
2017,6,15,19,24,8.43676586914063,1
2017,6,15,19,24,10.2426118164062,1
2017,6,15,19,24,12.0483520507813,1
2017,6,15,19,24,13.8543229980469,1
2017,6,15,19,24,15.6602580566406,1
2017,6,15,19,24,17.4660598144531,1
2017,6,15,19,24,19.2718168945312,1
2017,6,15,19,24,21.0776960449219,1
2017,6,15,19,24,22.8836110839844,1
2017,6,15,19,24,24.6896101074219,1
2017,6,15,19,24,26.4953610839844,1
2017,6,15,19,24,28.301201171875,1
2017,6,15,19,24,30.1070590820312,1
2017,6,15,19,24,31.9132270507812,1
2017,6,15,19,24,33.7190270996094,1
2017,6,15,19,24,35.524833984375,1
2017,6,15,19,24,37.330796875,1
2017,6,15,19,24,39.1367131347656,1
2017,6,15,19,24,40.9426201171875,1
2017,6,15,19,24,42.7486118164063,1
2017,6,15,19,24,44.55445703125,1
2017,6,15,19,24,46.3602380371094,1
2017,6,15,19,24,48.166091796875,1
2017,6,15,19,24,49.9720358886719,1
2017,6,15,19,24,51.7779919433594,1
2017,6,15,19,24,53.5837419433594,1
2017,6,15,19,24,55.3896779785156,2
2017,6,15,19,24,57.1956948242187,2
2017,6,15,19,24,59.001673828125,2
2017,6,15,19,25,0.807510009765625,2
2017,6,15,19,25,2.61335205078125,2
2017,6,15,19,25,4.41912109375,2
2017,6,15,19,25,6.22510913085937,2
2017,6,15,19,25,8.031001953125,2
2017,6,15,19,25,9.83676416015625,1
2017,6,15,19,25,11.6425190429688,1
2017,6,15,19,25,13.4483220214844,1
2017,6,15,19,25,15.2542419433594,1
2017,6,15,19,25,17.0602351074219,1
2017,6,15,19,25,18.8661069335937,1
2017,6,15,19,25,20.6719150390625,1
2017,6,15,19,25,22.4776420898438,1
2017,6,15,19,25,24.2836511230469,1
2017,6,15,19,25,26.0895219726563,1
2017,6,15,19,25,27.8952670898437,1
2017,6,15,19,25,29.7011069335937,1
2017,6,15,19,25,31.5071169433594,1
2017,6,15,19,25,33.3128969726562,1
2017,6,15,19,25,35.118787109375,1
2017,6,15,19,25,36.9247429199219,1
2017,6,15,19,25,38.7307189941406,1
2017,6,15,19,25,40.5366879882813,1
2017,6,15,19,25,42.342544921875,1
2017,6,15,19,25,44.1483491210938,1
2017,6,15,19,25,45.9542749023437,1
2017,6,15,19,25,47.7648798828125,1
2017,6,15,19,25,49.5706589355469,1
2017,6,15,19,25,51.3766059570313,1
2017,6,15,19,25,53.1824592285156,1
2017,6,15,19,25,54.9883520507813,1
2017,6,15,19,25,56.7943239746094,1
2017,6,15,19,25,58.6002751464844,1
2017,6,15,19,26,0.406152099609375,1
2017,6,15,19,26,2.21188403320313,1
2017,6,15,19,26,4.01788989257812,1
2017,6,15,19,26,5.8237490234375,1
2017,6,15,19,26,7.62975903320312,1
2017,6,15,19,26,9.43566381835937,1
2017,6,15,19,26,11.2415249023438,1
2017,6,15,19,26,13.0472878417969,1
2017,6,15,19,26,14.8531330566406,1
2017,6,15,19,26,16.659044921875,1
2017,6,15,19,26,18.4648830566406,1
2017,6,15,19,26,20.2706870117187,1
2017,6,15,19,26,22.0766940917969,1
2017,6,15,19,26,23.8824470214844,1
2017,6,15,19,26,25.6884360351563,1
2017,6,15,19,26,27.4942600097656,1
2017,6,15,19,26,29.3002290039062,1
2017,6,15,19,26,31.1061970214844,1
2017,6,15,19,26,32.9120910644531,1
2017,6,15,19,26,34.7180439453125,1
2017,6,15,19,26,36.5240048828125,1
2017,6,15,19,26,38.3297971191406,1
2017,6,15,19,26,40.13578515625,1
2017,6,15,19,26,41.9415930175781,1
2017,6,15,19,26,43.7473918457031,1
2017,6,15,19,26,45.5533591308594,1
2017,6,15,19,26,47.3591130371094,1
2017,6,15,19,26,49.1650209960938,1
2017,6,15,19,26,50.9710268554688,1
2017,6,15,19,26,52.7769829101562,1
2017,6,15,19,26,54.5829111328125,1
2017,6,15,19,26,56.3888659667969,1
2017,6,15,19,26,58.1949812011719,1
2017,6,15,19,27,0.00085986328125,1
2017,6,15,19,27,1.8067578125,1
2017,6,15,19,27,3.6126669921875,1
2017,6,15,19,27,5.41867211914063,1
2017,6,15,19,27,7.22476293945313,1
2017,6,15,19,27,9.0305849609375,1
2017,6,15,19,27,10.8365209960937,1
2017,6,15,19,27,12.6424689941406,1
2017,6,15,19,27,14.4483020019531,1
2017,6,15,19,27,16.2542160644531,1
2017,6,15,19,27,18.0599619140625,1
2017,6,15,19,27,19.8659799804688,1
2017,6,15,19,27,21.6717619628906,1
2017,6,15,19,27,23.4777587890625,1
2017,6,15,19,27,25.2837080078125,1
2017,6,15,19,27,27.0894858398437,1
2017,6,15,19,27,28.8955310058594,1
2017,6,15,19,27,30.7014848632813,1
2017,6,15,19,27,32.5074208984375,1
2017,6,15,19,27,34.3132880859375,1
2017,6,15,19,27,36.1191298828125,1
2017,6,15,19,27,37.9249970703125,1
2017,6,15,19,27,39.7308061523438,0
2017,6,15,19,27,41.53654296875,1
2017,6,15,19,27,43.3423801269531,1
2017,6,15,19,27,45.1482099609375,1
2017,6,15,19,27,46.9541049804687,1
2017,6,15,19,27,48.7599731445313,1
2017,6,15,19,27,50.5658601074219,1
2017,6,15,19,27,52.3716850585937,1
2017,6,15,19,27,54.1776918945313,1
2017,6,15,19,27,55.983623046875,1
2017,6,15,19,27,57.7896359863281,1
2017,6,15,19,27,59.5955180664062,1
2017,6,15,19,28,1.40132690429688,0
2017,6,15,19,28,3.2073349609375,0
2017,6,15,19,28,5.01322509765625,0
2017,6,15,19,28,6.8192099609375,0
2017,6,15,19,28,8.62519091796875,0
2017,6,15,19,28,10.4309731445313,0
2017,6,15,19,28,12.2383830566406,0
2017,6,15,19,28,14.0441401367188,0
2017,6,15,19,28,15.8498881835937,0
2017,6,15,19,28,17.6558850097656,0
2017,6,15,19,28,19.4618129882812,0
2017,6,15,19,28,21.2677080078125,0
2017,6,15,19,28,23.0735668945313,0
2017,6,15,19,28,24.8794919433594,0
2017,6,15,19,28,26.6853659667969,0
2017,6,15,19,28,28.4912351074219,0
2017,6,15,19,28,30.2973349609375,0
2017,6,15,19,28,32.1031921386719,0
2017,6,15,19,28,33.9091730957031,0
2017,6,15,19,28,35.714921875,0
2017,6,15,19,28,37.5207678222656,0
2017,6,15,19,28,39.3266159667969,0
2017,6,15,19,28,41.1325769042969,0
2017,6,15,19,28,42.9383049316406,0
2017,6,15,19,28,44.7443129882813,0
2017,6,15,19,28,46.5502578125,0
2017,6,15,19,28,48.3561440429688,0
2017,6,15,19,28,50.1619780273437,0
2017,6,15,19,28,51.9681201171875,0
2017,6,15,19,28,53.7738681640625,0
2017,6,15,19,28,55.5798149414062,0
2017,6,15,19,28,57.3857019042969,0
2017,6,15,19,28,59.1915048828125,0
2017,6,15,19,29,0.997420166015625,0
2017,6,15,19,29,2.80330395507813,0
2017,6,15,19,29,4.60922290039063,0
2017,6,15,19,29,6.41519189453125,0
2017,6,15,19,29,8.22094604492188,0
2017,6,15,19,29,10.0267199707031,0
2017,6,15,19,29,11.8327319335938,0
2017,6,15,19,29,13.6387829589844,0
2017,6,15,19,29,15.4447670898438,0
2017,6,15,19,29,17.2506950683594,0
2017,6,15,19,29,19.0565500488281,0
2017,6,15,19,29,20.8624880371094,0
2017,6,15,19,29,22.6684738769531,0
2017,6,15,19,29,24.4744760742187,0
2017,6,15,19,29,26.2803818359375,0
2017,6,15,19,29,28.0861030273437,0
2017,6,15,19,29,32.8934331054688,0
2017,6,15,19,29,34.699412109375,0
2017,6,15,19,29,36.5054130859375,0
2017,6,15,19,29,38.3113352050781,0
2017,6,15,19,29,40.1171030273438,0
2017,6,15,19,29,41.9230219726563,0
2017,6,15,19,29,43.7288779296875,0
2017,6,15,19,29,45.5346411132813,0
2017,6,15,19,29,47.3404509277344,0
2017,6,15,19,29,49.1464282226562,0
2017,6,15,19,29,50.9523251953125,0
2017,6,15,19,29,52.7580769042969,0
2017,6,15,19,29,54.5638129882812,0
2017,6,15,19,29,56.3696760253906,0
2017,6,15,19,29,58.1754709472656,0
2017,6,15,19,29,59.9812319335937,0
2017,6,15,19,30,1.78703198242187,0
2017,6,15,19,30,3.59277392578125,0
2017,6,15,19,30,5.40169799804687,0
2017,6,15,19,30,7.20765502929688,0
2017,6,15,19,30,9.0133740234375,0
2017,6,15,19,30,10.8191298828125,0
2017,6,15,19,30,12.6249599609375,0
2017,6,15,19,30,14.4309138183594,0
2017,6,15,19,30,16.2366359863281,0
2017,6,15,19,30,18.0424541015625,0
2017,6,15,19,30,19.8482060546875,0
2017,6,15,19,30,21.6540300292969,0
2017,6,15,19,30,23.4601691894531,0
2017,6,15,19,30,25.2660029296875,0
2017,6,15,19,30,27.0719790039063,0
2017,6,15,19,30,28.8779248046875,0
2017,6,15,19,30,30.6838950195312,0
2017,6,15,19,30,32.489830078125,0
2017,6,15,19,30,34.2957570800781,0
2017,6,15,19,30,36.1015830078125,0
2017,6,15,19,30,37.9073969726563,0
2017,6,15,19,30,39.7133889160156,0
2017,6,15,19,30,41.5192009277344,0
2017,6,15,19,30,43.325171875,0
2017,6,15,19,30,45.1313369140625,0
2017,6,15,19,30,46.9371518554687,0
2017,6,15,19,30,48.7429147949219,0
2017,6,15,19,30,50.5488049316406,0
2017,6,15,19,30,52.3548059082031,0
2017,6,15,19,30,54.160708984375,0
2017,6,15,19,30,55.9663459472656,0
2017,6,15,19,30,57.7721098632813,0
2017,6,15,19,30,59.5780729980469,0
2017,6,15,19,31,1.38398095703125,0
2017,6,15,19,31,3.18981005859375,0
2017,6,15,19,31,4.9957890625,0
2017,6,15,19,31,6.80176220703125,0
2017,6,15,19,31,8.60757983398437,0
2017,6,15,19,31,10.4135881347656,0
2017,6,15,19,31,12.2196008300781,0
2017,6,15,19,31,14.0254230957031,0
2017,6,15,19,31,15.8315561523438,0
2017,6,15,19,31,17.6374899902344,0
2017,6,15,19,31,19.443623046875,0
2017,6,15,19,31,21.2495688476562,0
2017,6,15,19,31,23.0553898925781,0
2017,6,15,19,31,24.8613630371094,0
2017,6,15,19,31,26.6671499023437,0
2017,6,15,19,31,28.4729731445312,0
2017,6,15,19,31,30.2788889160156,0
2017,6,15,19,31,32.084701171875,0
2017,6,15,19,31,33.8905270996094,0
2017,6,15,19,31,35.69625,0
2017,6,15,19,31,37.5022390136719,0
2017,6,15,19,31,39.3080981445313,0
2017,6,15,19,31,41.1139169921875,0
2017,6,15,19,31,42.9198688964844,0
2017,6,15,19,31,44.7256228027344,0
2017,6,15,19,31,46.5315559082031,0
2017,6,15,19,31,48.3373530273438,0
2017,6,15,19,31,50.1433662109375,0
2017,6,15,19,31,51.9492258300781,0
2017,6,15,19,31,53.7551379394531,0
2017,6,15,19,31,55.5609699707031,0
2017,6,15,19,31,57.3667248535156,0
2017,6,15,19,31,59.1729079589844,0
2017,6,15,19,32,0.97889501953125,0
2017,6,15,19,32,2.78480297851562,0
2017,6,15,19,32,4.59081591796875,0
2017,6,15,19,32,6.396537109375,0
2017,6,15,19,32,8.20267895507813,0
2017,6,15,19,32,10.00837109375,0
2017,6,15,19,32,11.8141201171875,0
2017,6,15,19,32,13.619998046875,0
2017,6,15,19,32,15.4260109863281,0
2017,6,15,19,32,17.2318498535156,0
2017,6,15,19,32,19.0376501464844,0
2017,6,15,19,32,20.8438662109375,0
2017,6,15,19,32,22.6497568359375,0
2017,6,15,19,32,24.4555969238281,0
2017,6,15,19,32,26.2615881347656,0
2017,6,15,19,32,28.0675539550781,0
2017,6,15,19,32,29.8735029296875,0
2017,6,15,19,32,31.679244140625,0
2017,6,15,19,32,33.4851240234375,0
2017,6,15,19,32,35.2910791015625,0
2017,6,15,19,32,37.0968598632813,0
2017,6,15,19,32,38.9028588867187,0
2017,6,15,19,32,40.7086530761719,0
2017,6,15,19,32,42.5144050292969,0
2017,6,15,19,32,44.3203078613281,0
2017,6,15,19,32,46.1261569824219,0
2017,6,15,19,32,47.9321599121094,1
2017,6,15,19,32,49.738125,1
2017,6,15,19,32,51.5441811523437,1
2017,6,15,19,32,53.3499829101562,1
2017,6,15,19,32,55.1558840332031,1
2017,6,15,19,32,56.9618388671875,1
2017,6,15,19,32,58.7676850585937,1
2017,6,15,19,33,0.573488037109375,1
2017,6,15,19,33,2.37948486328125,1
2017,6,15,19,33,4.18536889648438,1
2017,6,15,19,33,5.99118896484375,1
2017,6,15,19,33,7.79710107421875,1
2017,6,15,19,33,9.602998046875,1
2017,6,15,19,33,11.40875,1
2017,6,15,19,33,13.2148029785156,1
2017,6,15,19,33,15.0206059570313,1
2017,6,15,19,33,16.8265759277344,1
2017,6,15,19,33,18.6323049316406,1
2017,6,15,19,33,20.4380710449219,1
2017,6,15,19,33,22.2438181152344,1
2017,6,15,19,33,24.0496840820312,1
2017,6,15,19,33,25.8555739746094,1
2017,6,15,19,33,27.6613469238281,1
2017,6,15,19,33,29.4671669921875,1
2017,6,15,19,33,31.2731569824219,1
2017,6,15,19,33,33.0791408691406,1
2017,6,15,19,33,34.8850290527344,1
2017,6,15,19,33,36.6908039550781,1
2017,6,15,19,33,38.4965751953125,1
2017,6,15,19,33,40.3025290527344,1
2017,6,15,19,33,42.1084279785156,1
2017,6,15,19,33,43.9143828125,1
2017,6,15,19,33,45.7203989257812,1
2017,6,15,19,33,47.5262609863281,1
2017,6,15,19,33,49.3320178222656,1
2017,6,15,19,33,51.1380178222656,1
2017,6,15,19,33,52.9439479980469,1
2017,6,15,19,33,54.7499670410156,1
2017,6,15,19,33,56.5560490722656,1
2017,6,15,19,33,58.3620249023437,1
2017,6,15,19,34,0.1677548828125,1
2017,6,15,19,34,1.97371508789062,1
2017,6,15,19,34,3.77957006835938,1
2017,6,15,19,34,5.58530810546875,1
2017,6,15,19,34,7.39109399414062,1
2017,6,15,19,34,9.19690112304687,1
2017,6,15,19,34,11.0028220214844,1
2017,6,15,19,34,12.8086340332031,1
2017,6,15,19,34,14.6144499511719,1
2017,6,15,19,34,16.4203920898438,1
2017,6,15,19,34,18.2263059082031,1
2017,6,15,19,34,20.0322980957031,1
2017,6,15,19,34,21.8381750488281,1
2017,6,15,19,34,23.6441491699219,1
2017,6,15,19,34,25.4498759765625,1
2017,6,15,19,34,27.2556650390625,1
2017,6,15,19,34,29.0616069335938,1
2017,6,15,19,34,30.8675070800781,1
2017,6,15,19,34,32.6735078125,1
2017,6,15,19,34,34.4793349609375,1
2017,6,15,19,34,36.2852758789062,1
2017,6,15,19,34,38.0912600097656,1
2017,6,15,19,34,39.8971628417969,1
2017,6,15,19,34,41.7029709472656,1
2017,6,15,19,34,43.5089340820313,1
2017,6,15,19,34,45.3146838378906,1
2017,6,15,19,34,47.1205170898438,1
2017,6,15,19,34,48.9263610839844,1
2017,6,15,19,34,50.7321889648438,1
2017,6,15,19,34,52.5379450683594,1
2017,6,15,19,34,54.3438562011719,1
2017,6,15,19,34,56.1498068847656,1
2017,6,15,19,34,57.9555939941406,1
2017,6,15,19,34,59.7613771972656,1
2017,6,15,19,35,1.56748095703125,1
2017,6,15,19,35,3.37320703125,1
2017,6,15,19,35,5.17911694335938,1
2017,6,15,19,35,6.98492407226562,1
2017,6,15,19,35,8.7907431640625,1
2017,6,15,19,35,10.5965349121094,1
2017,6,15,19,35,12.4023098144531,1
2017,6,15,19,35,14.2082951660156,1
2017,6,15,19,35,16.0141520996094,1
2017,6,15,19,35,17.8199169921875,1
2017,6,15,19,35,19.6256569824219,1
2017,6,15,19,35,21.4315830078125,1
2017,6,15,19,35,23.2376779785156,1
2017,6,15,19,35,25.0436201171875,1
2017,6,15,19,35,26.8494060058594,1
2017,6,15,19,35,28.6553391113281,1
2017,6,15,19,35,30.4613249511719,1
2017,6,15,19,35,32.2672900390625,1
2017,6,15,19,35,34.0732819824219,1
2017,6,15,19,35,35.8800029296875,1
2017,6,15,19,35,37.6857629394531,1
2017,6,15,19,35,39.4917399902344,1
2017,6,15,19,35,41.2975249023438,1
2017,6,15,19,35,43.1033820800781,1
2017,6,15,19,35,44.9093020019531,1
2017,6,15,19,35,46.71529296875,1
2017,6,15,19,35,48.5210419921875,1
2017,6,15,19,35,50.3268520507812,1
2017,6,15,19,35,52.1326511230469,1
2017,6,15,19,35,53.9387578125,1
2017,6,15,19,35,55.7447258300781,1
2017,6,15,19,35,57.5505749511719,1
2017,6,15,19,35,59.3563249511719,1
2017,6,15,19,36,1.16218505859375,1
2017,6,15,19,36,2.96793017578125,1
2017,6,15,19,36,4.77386303710937,1
2017,6,15,19,36,6.57983813476562,1
2017,6,15,19,36,8.3855849609375,1
2017,6,15,19,36,10.1914018554688,1
2017,6,15,19,36,11.9973259277344,1
2017,6,15,19,36,13.8030520019531,1
2017,6,15,19,36,15.6089289550781,1
2017,6,15,19,36,17.4147529296875,1
2017,6,15,19,36,19.2206508789062,1
2017,6,15,19,36,21.026423828125,1
2017,6,15,19,36,22.8322919921875,1
2017,6,15,19,36,24.638287109375,1
2017,6,15,19,36,26.4440190429688,1
2017,6,15,19,36,28.2500678710938,1
2017,6,15,19,36,30.0558879394531,1
2017,6,15,19,36,31.8617548828125,1
2017,6,15,19,36,33.6676062011719,1
2017,6,15,19,36,35.4734580078125,1
2017,6,15,19,36,37.2794509277344,1
2017,6,15,19,36,39.0853000488281,1
2017,6,15,19,36,40.8911369628906,1
2017,6,15,19,36,42.6968630371094,1
2017,6,15,19,36,44.5025939941406,1
2017,6,15,19,36,46.3083820800781,1
2017,6,15,19,36,48.1143950195313,1
2017,6,15,19,36,49.9204140625,1
2017,6,15,19,36,51.7262880859375,1
2017,6,15,19,36,53.5320161132813,1
2017,6,15,19,36,55.3377768554688,1
2017,6,15,19,36,57.143580078125,1
2017,6,15,19,36,58.9493229980469,1
2017,6,15,19,37,0.762101806640625,1
2017,6,15,19,37,2.56789501953125,1
2017,6,15,19,37,4.37389892578125,1
2017,6,15,19,37,6.17964794921875,1
2017,6,15,19,37,7.9854130859375,1
2017,6,15,19,37,9.79121899414062,1
2017,6,15,19,37,11.5971159667969,1
2017,6,15,19,37,13.4029541015625,1
2017,6,15,19,37,15.2088039550781,1
2017,6,15,19,37,17.0145810546875,1
2017,6,15,19,37,18.8203100585938,1
2017,6,15,19,37,20.626123046875,1
2017,6,15,19,37,22.4319028320312,1
2017,6,15,19,37,24.2378969726563,1
2017,6,15,19,37,26.0437800292969,1
2017,6,15,19,37,27.8495170898438,1
2017,6,15,19,37,29.6553581542969,1
2017,6,15,19,37,31.4613298339844,1
2017,6,15,19,37,33.2671918945313,1
2017,6,15,19,37,35.0731760253906,1
2017,6,15,19,37,36.8790158691406,1
2017,6,15,19,37,38.6849799804688,1
2017,6,15,19,37,40.4909780273438,1
2017,6,15,19,37,42.2968061523437,1
2017,6,15,19,37,44.1028220214844,1
2017,6,15,19,37,45.9088161621094,1
2017,6,15,19,37,47.7146989746094,1
2017,6,15,19,37,49.5205,1
2017,6,15,19,37,51.3264428710937,1
2017,6,15,19,37,53.1323098144531,1
2017,6,15,19,37,54.9380959472656,1
2017,6,15,19,37,56.7440200195312,1
2017,6,15,19,37,58.5499401855469,1
2017,6,15,19,38,0.355717041015625,1
2017,6,15,19,38,2.161880859375,1
2017,6,15,19,38,3.96771411132812,1
2017,6,15,19,38,5.77368896484375,1
2017,6,15,19,38,7.57941381835937,1
2017,6,15,19,38,9.38519995117188,1
2017,6,15,19,38,11.191046875,1
2017,6,15,19,38,12.9968791503906,1
2017,6,15,19,38,14.8026540527344,1
2017,6,15,19,38,16.6084790039063,1
2017,6,15,19,38,18.4143869628906,1
2017,6,15,19,38,20.2202600097656,1
2017,6,15,19,38,22.0262509765625,1
2017,6,15,19,38,23.8323627929688,1
2017,6,15,19,38,25.6380610351563,1
2017,6,15,19,38,27.4440441894531,1
2017,6,15,19,38,29.2500458984375,1
2017,6,15,19,38,31.0559599609375,1
2017,6,15,19,38,32.8618500976563,1
2017,6,15,19,38,34.6676079101562,1
2017,6,15,19,38,36.4733920898437,1
2017,6,15,19,38,38.279333984375,1
2017,6,15,19,38,40.0850830078125,1
2017,6,15,19,38,41.8910561523438,1
2017,6,15,19,38,43.6968391113281,1
2017,6,15,19,38,45.5029680175781,1
2017,6,15,19,38,47.3087590332031,1
2017,6,15,19,38,49.1144750976563,1
2017,6,15,19,38,50.9202810058594,1
2017,6,15,19,38,52.7261960449219,1
2017,6,15,19,38,54.5319919433594,1
2017,6,15,19,38,56.3378640136719,1
2017,6,15,19,38,58.1436879882813,1
2017,6,15,19,38,59.9496811523438,1
2017,6,15,19,39,1.75564501953125,1
2017,6,15,19,39,3.56165087890625,1
2017,6,15,19,39,5.3676640625,1
2017,6,15,19,39,7.17406616210937,1
2017,6,15,19,39,8.980001953125,1
2017,6,15,19,39,10.7858969726562,1
2017,6,15,19,39,12.5917580566406,1
2017,6,15,19,39,14.3976691894531,1
2017,6,15,19,39,16.2037280273438,1
2017,6,15,19,39,18.0116938476563,1
2017,6,15,19,39,19.8176479492187,1
2017,6,15,19,39,21.623375,1
2017,6,15,19,39,23.4291860351562,1
2017,6,15,19,39,25.2359479980469,1
2017,6,15,19,39,27.0417580566406,1
2017,6,15,19,39,28.8477348632813,1
2017,6,15,19,39,30.6535959472656,1
2017,6,15,19,39,32.4594829101562,1
2017,6,15,19,39,34.2654309082031,1
2017,6,15,19,39,36.0713510742187,1
2017,6,15,19,39,37.8771140136719,1
2017,6,15,19,39,39.6829641113281,1
2017,6,15,19,39,41.4889689941406,1
2017,6,15,19,39,43.295044921875,1
2017,6,15,19,39,45.1009909667969,1
2017,6,15,19,39,46.9069929199219,1
2017,6,15,19,39,48.7128479003906,1
2017,6,15,19,39,50.5187429199219,1
2017,6,15,19,39,52.3246938476562,1
2017,6,15,19,39,54.1304130859375,1
2017,6,15,19,39,55.9361899414062,1
2017,6,15,19,39,57.7421899414063,1
2017,6,15,19,39,59.5480749511719,1
2017,6,15,19,40,1.353833984375,1
2017,6,15,19,40,3.15973315429687,1
2017,6,15,19,40,4.96547900390625,1
2017,6,15,19,40,6.7714609375,1
2017,6,15,19,40,8.57740405273437,1
2017,6,15,19,40,10.3832170410156,1
2017,6,15,19,40,12.1891320800781,1
2017,6,15,19,40,13.9953010253906,1
2017,6,15,19,40,15.8010480957031,1
2017,6,15,19,40,17.6068610839844,1
2017,6,15,19,40,19.4127678222656,1
2017,6,15,19,40,21.2187299804688,1
2017,6,15,19,40,23.0246350097656,1
2017,6,15,19,40,24.8305891113281,1
2017,6,15,19,40,26.6364182128906,1
2017,6,15,19,40,28.442375,1
2017,6,15,19,40,30.2483771972656,1
2017,6,15,19,40,32.0542509765625,1
2017,6,15,19,40,33.8600539550781,1
2017,6,15,19,40,35.6663041992188,1
2017,6,15,19,40,37.4723078613281,1
2017,6,15,19,40,39.2781899414062,1
2017,6,15,19,40,41.0839318847656,1
2017,6,15,19,40,42.8897531738281,1
2017,6,15,19,40,44.6956027832031,1
2017,6,15,19,40,46.5013999023437,1
2017,6,15,19,40,48.3073471679688,1
2017,6,15,19,40,50.1181589355469,1
2017,6,15,19,40,51.9241799316406,1
2017,6,15,19,40,53.7300578613281,1
2017,6,15,19,40,55.5358701171875,1
2017,6,15,19,40,57.3416450195312,1
2017,6,15,19,40,59.1473959960937,1
2017,6,15,19,41,0.95314697265625,1
2017,6,15,19,41,2.75901000976563,1
2017,6,15,19,41,4.56484887695312,1
2017,6,15,19,41,6.37082495117188,1
2017,6,15,19,41,8.176833984375,1
2017,6,15,19,41,9.98267895507812,1
2017,6,15,19,41,11.7886318359375,1
2017,6,15,19,41,13.5945300292969,1
2017,6,15,19,41,15.4004150390625,1
2017,6,15,19,41,17.2062099609375,1
2017,6,15,19,41,19.0120759277344,1
2017,6,15,19,41,20.8178430175781,1
2017,6,15,19,41,22.6236450195312,1
2017,6,15,19,41,24.4294382324219,1
2017,6,15,19,41,26.2353410644531,1
2017,6,15,19,41,28.0411010742188,1
2017,6,15,19,41,29.8470817871094,1
2017,6,15,19,41,31.6527790527344,1
2017,6,15,19,41,36.3180380859375,1
2017,6,15,19,41,38.1240471191406,1
2017,6,15,19,41,39.9299079589844,1
2017,6,15,19,41,41.7356801757812,1
2017,6,15,19,41,43.5415659179687,1
2017,6,15,19,41,45.3476101074219,1
2017,6,15,19,41,47.1532380371094,1
2017,6,15,19,41,48.9601008300781,1
2017,6,15,19,41,50.7660478515625,1
2017,6,15,19,41,52.5719750976562,1
2017,6,15,19,41,54.3778959960937,1
2017,6,15,19,41,56.1837790527344,1
2017,6,15,19,41,57.9895720214844,1
2017,6,15,19,41,59.7955478515625,1
2017,6,15,19,42,1.60143310546875,1
2017,6,15,19,42,3.4073291015625,1
2017,6,15,19,42,5.21318896484375,1
2017,6,15,19,42,7.0189130859375,1
2017,6,15,19,42,8.82473291015625,1
2017,6,15,19,42,10.6306350097656,1
2017,6,15,19,42,12.4363840332031,1
2017,6,15,19,42,14.2423110351563,1
2017,6,15,19,42,16.0484331054687,1
2017,6,15,19,42,17.8542880859375,1
2017,6,15,19,42,19.6600529785156,1
2017,6,15,19,42,21.4660051269531,1
2017,6,15,19,42,23.2717858886719,1
2017,6,15,19,42,25.0775849609375,1
2017,6,15,19,42,26.883333984375,1
2017,6,15,19,42,28.68925,1
2017,6,15,19,42,30.4952189941406,1
2017,6,15,19,42,32.3011000976563,1
2017,6,15,19,42,34.1070869140625,1
2017,6,15,19,42,35.912873046875,1
2017,6,15,19,42,37.7189089355469,1
2017,6,15,19,42,39.524921875,1
2017,6,15,19,42,41.3308041992187,1
2017,6,15,19,42,43.1368278808594,1
2017,6,15,19,42,44.942619140625,1
2017,6,15,19,42,46.7485849609375,1
2017,6,15,19,42,48.5543859863281,1
2017,6,15,19,42,50.36037109375,1
2017,6,15,19,42,52.1662641601563,1
2017,6,15,19,42,53.9722709960937,1
2017,6,15,19,42,55.7782680664062,1
2017,6,15,19,42,57.5840700683594,1
2017,6,15,19,42,59.390078125,0
2017,6,15,19,43,1.19581787109375,0
2017,6,15,19,43,3.00195288085937,0
2017,6,15,19,43,4.80794604492188,0
2017,6,15,19,44,15.2998491210938,0
2017,6,15,19,44,17.1058220214844,0
2017,6,15,19,44,18.911921875,0
2017,6,15,19,44,20.7178161621094,0
2017,6,15,19,44,22.5236599121094,0
2017,6,15,19,44,24.3294379882812,0
2017,6,15,19,44,26.1352709960938,0
2017,6,15,19,44,27.9411469726562,0
2017,6,15,19,44,29.7469899902344,0
2017,6,15,19,44,31.5529899902344,1
2017,6,15,19,44,33.3587971191406,1
2017,6,15,19,44,35.164546875,1
2017,6,15,19,44,36.9704731445312,1
2017,6,15,19,44,38.77625,1
2017,6,15,19,44,40.582166015625,1
2017,6,15,19,44,42.3879741210937,1
2017,6,15,19,44,44.1938291015625,1
2017,6,15,19,44,45.9996818847656,1
2017,6,15,19,44,47.8055251464844,1
2017,6,15,19,44,49.6114470214844,1
2017,6,15,19,44,51.4173110351563,1
2017,6,15,19,44,53.2231469726563,1
2017,6,15,19,44,55.0290861816406,1
2017,6,15,19,44,56.8349609375,1
2017,6,15,19,44,58.6408947753906,1
2017,6,15,19,45,0.4468701171875,1
2017,6,15,19,45,2.2528369140625,1
2017,6,15,19,45,4.058626953125,1
2017,6,15,19,45,5.8643701171875,1
2017,6,15,19,45,7.67035693359375,1
2017,6,15,19,45,9.476255859375,1
2017,6,15,19,45,11.2822399902344,1
2017,6,15,19,45,13.0881030273438,1
2017,6,15,19,45,14.8939990234375,1
2017,6,15,19,45,16.6999011230469,1
2017,6,15,19,45,18.5058720703125,1
2017,6,15,19,45,20.3116901855469,1
2017,6,15,19,45,22.1176608886719,1
2017,6,15,19,45,23.9235161132812,1
2017,6,15,19,45,25.7293540039062,1
2017,6,15,19,45,27.5351140136719,1
2017,6,15,19,45,29.3409130859375,1
2017,6,15,19,45,31.1467438964844,1
2017,6,15,19,45,32.9525439453125,1
2017,6,15,19,45,34.7585190429688,1
2017,6,15,19,45,36.5645439453125,1
2017,6,15,19,45,38.3703520507812,1
2017,6,15,19,45,40.1761750488281,1
2017,6,15,19,45,41.9820048828125,1
2017,6,15,19,45,43.7878388671875,1
2017,6,15,19,45,45.593791015625,1
2017,6,15,19,45,47.3996301269531,1
2017,6,15,19,45,49.2053798828125,1
2017,6,15,19,45,51.0112290039063,1
2017,6,15,19,45,52.8170239257812,1
2017,6,15,19,45,54.622921875,1
2017,6,15,19,45,56.4286611328125,1
2017,6,15,19,45,58.2346750488281,1
2017,6,15,19,46,0.040692138671875,1
2017,6,15,19,46,1.8464228515625,1
2017,6,15,19,46,3.6522099609375,1
2017,6,15,19,46,5.4581611328125,1
2017,6,15,19,46,7.26406787109375,1
2017,6,15,19,46,9.06999609375,1
2017,6,15,19,46,10.8759819335937,0
2017,6,15,19,46,12.6818918457031,0
2017,6,15,19,46,14.487751953125,0
2017,6,15,19,46,16.2935048828125,0
2017,6,15,19,46,18.0992319335937,0
2017,6,15,19,46,19.9051179199219,0
2017,6,15,19,46,21.7110668945312,0
2017,6,15,19,46,23.5170190429688,0
2017,6,15,19,46,25.322998046875,0
2017,6,15,19,46,27.1289870605469,0
2017,6,15,19,46,28.9348701171875,0
2017,6,15,19,46,30.7406850585938,1
2017,6,15,19,46,32.5466640625,1
2017,6,15,19,46,34.3524311523437,1
2017,6,15,19,46,36.1583029785156,1
2017,6,15,19,46,37.9640620117188,1
2017,6,15,19,46,39.7700358886719,1
2017,6,15,19,46,41.5760258789063,1
2017,6,15,19,46,43.3819780273437,1
2017,6,15,19,46,45.1879611816406,1
2017,6,15,19,46,46.9937739257812,1
2017,6,15,19,46,48.7995852050781,1
2017,6,15,19,46,50.6054809570312,1
2017,6,15,19,46,52.4114370117188,1
2017,6,15,19,46,54.2174411621094,1
2017,6,15,19,46,56.0231740722656,1
2017,6,15,19,46,57.8290200195312,1
2017,6,15,19,46,59.6349150390625,1
2017,6,15,19,47,1.44083813476562,1
2017,6,15,19,47,3.24680908203125,1
2017,6,15,19,47,5.05260986328125,1
2017,6,15,19,47,6.85838793945312,1
2017,6,15,19,47,8.66426000976563,1
2017,6,15,19,47,10.4700861816406,1
2017,6,15,19,47,12.2760161132812,1
2017,6,15,19,47,14.0877448730469,1
2017,6,15,19,47,15.8936540527344,1
2017,6,15,19,47,17.6995639648438,1
2017,6,15,19,47,19.5055239257813,1
2017,6,15,19,47,21.3114379882812,1
2017,6,15,19,47,23.117255859375,1
2017,6,15,19,47,24.9230808105469,1
2017,6,15,19,47,26.7288129882812,1
2017,6,15,19,47,28.5346450195313,1
2017,6,15,19,47,30.3405390625,1
2017,6,15,19,47,32.1464951171875,1
2017,6,15,19,47,33.9523830566406,1
2017,6,15,19,47,35.7583889160156,1
2017,6,15,19,47,37.564375,1
2017,6,15,19,47,43.300537109375,1
2017,6,15,19,47,45.1065390625,1
2017,6,15,19,47,46.912208984375,1
2017,6,15,19,47,48.7179479980469,1
2017,6,15,19,47,50.5238471679688,1
2017,6,15,19,47,52.3297451171875,1
2017,6,15,19,47,54.1355988769531,1
2017,6,15,19,47,55.9413420410156,1
2017,6,15,19,47,57.7471979980469,1
2017,6,15,19,47,59.5529958496094,1
2017,6,15,19,48,1.35874609375,1
2017,6,15,19,48,3.16473803710937,1
2017,6,15,19,48,4.97059692382812,1
2017,6,15,19,48,6.77640893554687,1
2017,6,15,19,48,8.58223193359375,1
2017,6,15,19,48,10.3882170410156,1
2017,6,15,19,48,12.1941569824219,1
2017,6,15,19,48,13.9999680175781,1
2017,6,15,19,48,15.8057280273438,1
2017,6,15,19,48,17.6115078125,1
2017,6,15,19,48,19.4174780273438,1
2017,6,15,19,48,21.2231918945313,1
2017,6,15,19,48,23.0291081542969,1
2017,6,15,19,48,24.835083984375,1
2017,6,15,19,48,26.6409099121094,1
2017,6,15,19,48,28.4468930664063,1
2017,6,15,19,48,30.2526518554687,1
2017,6,15,19,48,32.0586218261719,1
2017,6,15,19,48,33.8643969726563,1
2017,6,15,19,48,35.6703959960938,1
2017,6,15,19,48,37.4762238769531,1
2017,6,15,19,48,39.2820739746094,0
2017,6,15,19,48,41.088001953125,0
2017,6,15,19,48,42.8937780761719,0
2017,6,15,19,48,44.6995959472656,0
2017,6,15,19,48,46.5053698730469,0
2017,6,15,19,48,48.3112258300781,0
2017,6,15,19,48,50.1171899414063,0
2017,6,15,19,48,51.9231540527344,0
2017,6,15,19,48,53.7291779785156,0
2017,6,15,19,48,55.5351550292969,0
2017,6,15,19,48,57.341119140625,0
2017,6,15,19,48,59.1469340820313,0
2017,6,15,19,49,0.952718017578125,0
2017,6,15,19,49,2.75882421875,0
2017,6,15,19,49,4.56429516601562,0
2017,6,15,19,49,6.37014501953125,0
2017,6,15,19,49,8.17611596679687,0
2017,6,15,19,49,9.981837890625,0
2017,6,15,19,49,11.7875830078125,0
2017,6,15,19,49,13.5934990234375,0
2017,6,15,19,49,15.3996638183594,0
2017,6,15,19,49,17.2054938964844,0
2017,6,15,19,49,19.0114040527344,0
2017,6,15,19,49,20.8173420410156,0
2017,6,15,19,49,22.6230949707031,0
2017,6,15,19,49,24.429169921875,0
2017,6,15,19,49,26.2349838867188,0
2017,6,15,19,49,28.0408559570313,0
2017,6,15,19,49,29.8466569824219,0
2017,6,15,19,49,31.6524919433594,0
2017,6,15,19,49,33.4582377929688,0
2017,6,15,19,49,35.2640090332031,0
2017,6,15,19,49,37.070080078125,0
2017,6,15,19,49,38.8759479980469,0
2017,6,15,19,49,40.6819670410156,0
2017,6,15,19,49,42.4878898925781,0
2017,6,15,19,49,44.2937268066406,0
2017,6,15,19,49,46.0997709960938,0
2017,6,15,19,49,47.9055249023437,0
2017,6,15,19,49,49.7114501953125,0
2017,6,15,19,49,51.5172490234375,0
2017,6,15,19,49,53.3230959472656,0
2017,6,15,19,49,55.1290258789062,0
2017,6,15,19,49,56.9347849121094,0
2017,6,15,19,49,58.740744140625,0
2017,6,15,19,50,0.546467041015625,0
2017,6,15,19,50,2.35238916015625,0
2017,6,15,19,50,4.15826000976563,0
2017,6,15,19,50,5.96401000976562,0
2017,6,15,19,50,7.76992700195312,1
2017,6,15,19,50,9.57581494140625,1
2017,6,15,19,50,11.3816162109375,1
2017,6,15,19,50,13.18762890625,1
2017,6,15,19,50,14.9935268554687,1
2017,6,15,19,50,16.7992990722656,1
2017,6,15,19,50,18.6050341796875,1
2017,6,15,19,50,20.4114050292969,1
2017,6,15,19,50,22.2173469238281,1
2017,6,15,19,50,24.0231440429687,1
2017,6,15,19,50,25.8288989257812,1
2017,6,15,19,50,27.634841796875,1
2017,6,15,19,50,29.4409548339844,1
2017,6,15,19,50,31.2466110839844,1
2017,6,15,19,50,33.0526359863281,1
2017,6,15,19,50,34.8584489746094,1
2017,6,15,19,50,36.6642680664063,1
2017,6,15,19,50,38.470076171875,1
2017,6,15,19,50,40.2758259277344,1
2017,6,15,19,50,42.0817470703125,1
2017,6,15,19,50,43.8874860839844,1
2017,6,15,19,50,45.6932868652344,1
2017,6,15,19,50,47.4991301269531,1
2017,6,15,19,50,49.3050170898438,1
2017,6,15,19,50,51.1110041503906,1
2017,6,15,19,50,52.9168068847656,1
2017,6,15,19,50,54.7226130371094,1
2017,6,15,19,50,56.5283598632813,1
2017,6,15,19,50,58.334330078125,1
2017,6,15,19,51,0.140266845703125,1
2017,6,15,19,51,1.94601000976562,1
2017,6,15,19,51,3.75198291015625,1
2017,6,15,19,51,5.55776586914063,1
2017,6,15,19,51,7.36367211914062,1
2017,6,15,19,51,9.16955078125,1
2017,6,15,19,51,10.9755180664063,1
2017,6,15,19,51,12.7812951660156,1
2017,6,15,19,51,14.5873120117187,1
2017,6,15,19,51,16.3932038574219,1
2017,6,15,19,51,18.1990881347656,1
2017,6,15,19,51,20.0050349121094,1
2017,6,15,19,51,21.8108088378906,1
2017,6,15,19,51,23.6165439453125,1
2017,6,15,19,51,25.4224318847656,1
2017,6,15,19,51,27.2282761230469,1
2017,6,15,19,51,29.0341159667969,1
2017,6,15,19,51,30.8406669921875,1
2017,6,15,19,51,32.6464169921875,1
2017,6,15,19,51,34.4521599121094,1
2017,6,15,19,51,36.2580070800781,1
2017,6,15,19,51,38.0638918457031,1
2017,6,15,19,51,39.8696921386719,1
2017,6,15,19,51,41.6756789550781,1
2017,6,15,19,51,43.4815080566406,1
2017,6,15,19,51,45.2872978515625,1
2017,6,15,19,51,47.0933100585938,1
2017,6,15,19,51,48.89904296875,1
2017,6,15,19,51,50.7048430175781,1
2017,6,15,19,51,52.5108310546875,1
2017,6,15,19,51,54.316587890625,1
2017,6,15,19,51,56.1224721679688,1
2017,6,15,19,51,57.9282099609375,1
2017,6,15,19,51,59.7341540527344,1
2017,6,15,19,52,1.53989697265625,1
2017,6,15,19,52,3.3458349609375,1
2017,6,15,19,52,5.15169189453125,1
2017,6,15,19,52,6.95746484375,1
2017,6,15,19,52,8.76373901367188,1
2017,6,15,19,52,10.5692209472656,1
2017,6,15,19,52,12.3750729980469,1
2017,6,15,19,52,14.1862080078125,1
2017,6,15,19,52,15.9920109863281,1
2017,6,15,19,52,17.7979331054688,1
2017,6,15,19,52,19.6039479980469,1
2017,6,15,19,52,21.4097138671875,1
2017,6,15,19,52,23.2158798828125,1
2017,6,15,19,52,25.0216899414063,1
2017,6,15,19,52,26.8276401367187,1
2017,6,15,19,52,28.6336000976562,1
2017,6,15,19,52,30.4393400878906,1
2017,6,15,19,52,32.2452399902344,1
2017,6,15,19,52,34.05104296875,1
2017,6,15,19,52,35.8567668457031,1
2017,6,15,19,52,37.6626120605469,1
2017,6,15,19,52,39.4685439453125,1
2017,6,15,19,52,41.2745759277344,1
2017,6,15,19,52,43.0802719726562,1
2017,6,15,19,52,44.8861079101562,1
2017,6,15,19,52,46.6918791503906,1
2017,6,15,19,52,48.4976259765625,1
2017,6,15,19,52,50.3035539550781,1
2017,6,15,19,52,52.1094108886719,1
2017,6,15,19,52,53.9154899902344,1
2017,6,15,19,52,55.7214150390625,1
2017,6,15,19,52,57.5273798828125,1
2017,6,15,19,52,59.3332900390625,1
2017,6,15,19,53,1.13926611328125,1
2017,6,15,19,53,2.9453330078125,1
2017,6,15,19,53,4.7510830078125,1
2017,6,15,19,53,6.55709790039062,1
2017,6,15,19,53,8.36282202148437,1
2017,6,15,19,53,10.1688449707031,1
2017,6,15,19,53,11.9748640136719,1
2017,6,15,19,53,13.7808178710938,1
2017,6,15,19,53,15.5866950683594,1
2017,6,15,19,53,17.3924450683594,1
2017,6,15,19,53,19.198369140625,1
2017,6,15,19,53,21.0043471679687,1
2017,6,15,19,53,22.8103249511719,1
2017,6,15,19,53,24.616166015625,1
2017,6,15,19,53,26.4218991699219,1
2017,6,15,19,53,28.2276999511719,1
2017,6,15,19,53,30.033787109375,1
2017,6,15,19,53,31.8396169433594,1
2017,6,15,19,53,33.6457160644531,1
2017,6,15,19,53,35.45141015625,1
2017,6,15,19,53,37.2574018554687,1
2017,6,15,19,53,39.0681240234375,1
2017,6,15,19,53,40.8739130859375,1
2017,6,15,19,53,42.6797990722656,1
2017,6,15,19,53,44.4858190917969,1
2017,6,15,19,53,46.2916379394531,1
2017,6,15,19,53,48.0976491699219,1
2017,6,15,19,53,49.9035490722656,1
2017,6,15,19,53,51.7093559570312,1
2017,6,15,19,53,53.5151638183594,1
2017,6,15,19,53,55.3211201171875,1
2017,6,15,19,53,57.1271369628906,1
2017,6,15,19,53,58.93287109375,1
2017,6,15,19,54,0.73869384765625,1
2017,6,15,19,54,2.54464599609375,1
2017,6,15,19,54,4.35057495117188,1
2017,6,15,19,54,6.15660913085938,1
2017,6,15,19,54,7.96240600585937,1
2017,6,15,19,54,9.76817016601563,1
2017,6,15,19,54,11.5739018554687,1
2017,6,15,19,54,13.3799099121094,1
2017,6,15,19,54,15.1857341308594,1
2017,6,15,19,54,16.9917490234375,1
2017,6,15,19,54,18.7977729492187,1
2017,6,15,19,54,20.6037331542969,1
2017,6,15,19,54,22.4096501464844,1
2017,6,15,19,54,24.2154240722656,1
2017,6,15,19,54,26.021166015625,1
2017,6,15,19,54,27.8280219726562,1
2017,6,15,19,54,29.6332009277344,1
2017,6,15,19,54,31.4391489257813,1
2017,6,15,19,54,33.2449379882813,1
2017,6,15,19,54,35.0509182128906,1
2017,6,15,19,54,36.8566970214844,1
2017,6,15,19,54,38.6625539550781,1
2017,6,15,19,54,40.4684760742187,1
2017,6,15,19,54,42.2744130859375,1
2017,6,15,19,54,44.0803029785156,1
2017,6,15,19,54,45.8862431640625,1
2017,6,15,19,54,47.6922509765625,1
2017,6,15,19,54,49.4981647949219,1
2017,6,15,19,54,51.3039270019531,1
2017,6,15,19,54,53.109916015625,1
2017,6,15,19,54,54.9158151855469,1
2017,6,15,19,54,56.7215930175781,1
2017,6,15,19,54,58.5276101074219,1
2017,6,15,19,55,0.33336083984375,1
2017,6,15,19,55,2.13915600585938,1
2017,6,15,19,55,3.95006713867188,1
2017,6,15,19,55,5.75588403320312,1
2017,6,15,19,55,7.56178002929687,1
2017,6,15,19,55,9.36762084960938,1
2017,6,15,19,55,11.1734970703125,1
2017,6,15,19,55,12.9809379882812,1
2017,6,15,19,55,14.7868940429688,1
2017,6,15,19,55,16.5928208007813,1
2017,6,15,19,55,18.3986967773438,1
2017,6,15,19,55,20.2044118652344,1
2017,6,15,19,55,22.010251953125,1
2017,6,15,19,55,23.8162719726562,1
2017,6,15,19,55,25.6221049804687,1
2017,6,15,19,55,27.4280310058594,1
2017,6,15,19,55,29.2339379882813,1
2017,6,15,19,55,31.0397861328125,1
2017,6,15,19,55,32.8457880859375,1
2017,6,15,19,55,34.6518020019531,1
2017,6,15,19,55,36.4578181152344,1
2017,6,15,19,55,38.2637319335938,1
2017,6,15,19,55,40.0696831054687,1
2017,6,15,19,55,41.875416015625,1
2017,6,15,19,55,43.6814060058594,1
2017,6,15,19,55,45.4873591308594,1
2017,6,15,19,55,47.2932661132812,1
2017,6,15,19,55,49.099248046875,1
2017,6,15,19,55,50.9050258789063,1
2017,6,15,19,55,52.7107529296875,1
2017,6,15,19,55,54.5165529785156,1
2017,6,15,19,55,56.3224438476563,1
2017,6,15,19,55,58.1283059082031,1
2017,6,15,19,55,59.9342609863281,1
2017,6,15,19,56,1.74027197265625,1
2017,6,15,19,56,3.5460751953125,1
2017,6,15,19,56,5.35196484375,1
2017,6,15,19,56,7.15794995117187,1
2017,6,15,19,56,8.96369409179687,1
2017,6,15,19,56,10.7698239746094,1
2017,6,15,19,56,12.5754421386719,1
2017,6,15,19,56,14.3813500976563,1
2017,6,15,19,56,16.1870720214844,1
2017,6,15,19,56,17.9930888671875,1
2017,6,15,19,56,19.7990539550781,1
2017,6,15,19,56,21.6050161132812,1
2017,6,15,19,56,23.4108168945313,1
2017,6,15,19,56,25.2167570800781,1
2017,6,15,19,56,27.0225588378906,1
2017,6,15,19,56,28.8331101074219,1
2017,6,15,19,56,30.6388701171875,1
2017,6,15,19,56,32.4447580566406,1
2017,6,15,19,56,34.2508430175781,1
2017,6,15,19,56,36.0568581542969,1
2017,6,15,19,56,37.8627019042969,1
2017,6,15,19,56,39.6684748535156,1
2017,6,15,19,56,41.4742299804687,1
2017,6,15,19,56,43.2801831054688,1
2017,6,15,19,56,45.0859970703125,1
2017,6,15,19,56,46.8919448242187,1
2017,6,15,19,56,48.6978090820312,1
2017,6,15,19,56,50.5036379394531,1
2017,6,15,19,56,52.3094089355469,1
2017,6,15,19,56,54.1153950195312,1
2017,6,15,19,56,55.9213850097656,1
2017,6,15,19,56,57.7272590332031,1
2017,6,15,19,56,59.5332780761719,1
2017,6,15,19,57,1.3391572265625,1
2017,6,15,19,57,3.14505517578125,1
2017,6,15,19,57,4.95085107421875,1
2017,6,15,19,57,6.7566630859375,1
2017,6,15,19,57,8.56265087890625,1
2017,6,15,19,57,10.3685090332031,1
2017,6,15,19,57,12.1743828125,1
2017,6,15,19,57,13.9801809082031,1
2017,6,15,19,57,15.7859311523437,1
2017,6,15,19,57,17.592080078125,1
2017,6,15,19,57,19.3979138183594,1
2017,6,15,19,57,21.2039211425781,1
2017,6,15,19,57,23.0096669921875,1
2017,6,15,19,57,24.8155678710938,1
2017,6,15,19,57,26.6215419921875,1
2017,6,15,19,57,28.4274389648437,1
2017,6,15,19,57,30.2332270507812,1
2017,6,15,19,57,32.0389619140625,1
2017,6,15,19,57,33.8448159179688,1
2017,6,15,19,57,35.6506791992188,1
2017,6,15,19,57,37.4564421386719,1
2017,6,15,19,57,39.2625200195313,1
2017,6,15,19,57,41.0684951171875,1
2017,6,15,19,57,42.8744240722656,1
2017,6,15,19,57,44.6804279785156,1
2017,6,15,19,57,46.4863989257813,1
2017,6,15,19,57,48.29237890625,1
2017,6,15,19,57,50.0980229492188,1
2017,6,15,19,57,51.9037810058594,1
2017,6,15,19,57,53.7097438964844,1
2017,6,15,19,57,55.5155971679687,1
2017,6,15,19,57,57.3214008789063,1
2017,6,15,19,57,59.1271469726562,1
2017,6,15,19,58,0.93327099609375,1
2017,6,15,19,58,2.73915698242187,1
2017,6,15,19,58,4.54500805664062,1
2017,6,15,19,58,6.35082006835937,1
2017,6,15,19,58,8.15678491210937,1
2017,6,15,19,58,9.96257592773438,1
2017,6,15,19,58,11.7684399414062,1
2017,6,15,19,58,13.5744609375,1
2017,6,15,19,58,15.3801938476562,1
2017,6,15,19,58,17.1861291503906,0
2017,6,15,19,58,18.9919050292969,0
2017,6,15,19,58,20.7977290039063,0
2017,6,15,19,58,22.6037048339844,0
2017,6,15,19,58,24.4096721191406,0
2017,6,15,19,58,26.2154389648437,0
2017,6,15,19,58,28.021419921875,0
2017,6,15,19,58,29.82716796875,0
2017,6,15,19,58,31.63304296875,0
2017,6,15,19,58,33.43883984375,0
2017,6,15,19,58,35.2447951660156,0
2017,6,15,19,58,37.0507431640625,0
2017,6,15,19,58,38.8566909179687,0
2017,6,15,19,58,40.6626101074219,0
2017,6,15,19,58,42.4685759277344,0
2017,6,15,19,58,44.2746320800781,0
2017,6,15,19,58,46.0805070800781,0
2017,6,15,19,58,47.8863461914062,0
2017,6,15,19,58,49.6922431640625,0
2017,6,15,19,58,51.4982241210937,0
2017,6,15,19,58,53.3063618164063,0
2017,6,15,19,58,55.1123701171875,0
2017,6,15,19,59,1.51698388671875,0
2017,6,15,19,59,3.32298583984375,0
2017,6,15,19,59,5.12881811523437,0
2017,6,15,19,59,6.93478979492188,0
2017,6,15,19,59,8.74068188476562,0
2017,6,15,19,59,10.5465952148437,0
2017,6,15,19,59,12.3524118652344,0
2017,6,15,19,59,14.1581298828125,0
2017,6,15,19,59,16.339,0
2017,6,15,19,59,18.4104208984375,0
2017,6,15,19,59,20.21642578125,0
2017,6,15,19,59,22.0222138671875,0
2017,6,15,19,59,23.828205078125,0
2017,6,15,19,59,25.634076171875,0
2017,6,15,19,59,27.4399479980469,0
2017,6,15,19,59,29.3763479003906,0
2017,6,15,19,59,31.3482102050781,0
2017,6,15,19,59,33.2516000976563,0
2017,6,15,19,59,35.1350390625,0
2017,6,15,19,59,36.966333984375,0
2017,6,15,19,59,38.8043151855469,0
2017,6,15,19,59,40.6973740234375,0
2017,6,15,19,59,42.6092351074219,1
2017,6,15,19,59,44.5166618652344,1
2017,6,15,19,59,46.3362998046875,1
2017,6,15,19,59,48.6030200195313,1
2017,6,15,19,59,50.5284809570312,1
2017,6,15,19,59,52.3775219726562,1
2017,6,15,19,59,54.1833979492188,1
2017,6,15,19,59,56.1053891601562,1
2017,6,15,19,59,57.9111140136719,1
2017,6,15,19,59,59.716916015625,1
2017,6,15,20,0,1.88388891601562,1
2017,6,15,20,0,3.70721411132812,1
2017,6,15,20,0,5.51318505859375,1
2017,6,15,20,0,7.31915698242187,1
2017,6,15,20,0,9.26455493164062,1
2017,6,15,20,0,11.2242829589844,1
2017,6,15,20,0,13.0805539550781,1
2017,6,15,20,0,14.9576770019531,1
2017,6,15,20,0,16.9992219238281,1
2017,6,15,20,0,18.8904970703125,1
2017,6,15,20,0,20.7640300292969,1
2017,6,15,20,0,22.7135219726562,1
2017,6,15,20,0,24.678583984375,1
2017,6,15,20,0,26.49454296875,1
2017,6,15,20,0,28.3985070800781,1
2017,6,15,20,0,30.5294321289063,1
2017,6,15,20,0,32.4077329101562,1
2017,6,15,20,0,34.5517648925781,1
2017,6,15,20,0,36.4310930175781,1
2017,6,15,20,0,38.2923369140625,1
2017,6,15,20,0,40.3912309570312,1
2017,6,15,20,0,42.5659770507812,1
2017,6,15,20,0,44.3828698730469,1
2017,6,15,20,0,46.3975910644531,1
2017,6,15,20,0,48.3140349121094,1
2017,6,15,20,0,50.3697431640625,1
2017,6,15,20,0,52.2234790039062,1
2017,6,15,20,0,54.0299899902344,1
2017,6,15,20,0,56.0925830078125,1
2017,6,15,20,0,57.9221201171875,1
2017,6,15,20,0,59.7286960449219,1
2017,6,15,20,1,1.87015209960938,1
2017,6,15,20,1,3.72901293945313,1
2017,6,15,20,1,5.61286499023437,1
2017,6,15,20,1,7.42895190429688,1
2017,6,15,20,1,9.38893505859375,1
2017,6,15,20,1,11.2969438476562,1
2017,6,15,20,1,13.5149099121094,1
2017,6,15,20,1,15.3590759277344,1
2017,6,15,20,1,17.3200400390625,1
2017,6,15,20,1,19.1622280273438,1
2017,6,15,20,1,21.2250229492188,1
2017,6,15,20,1,23.2024919433594,1
2017,6,15,20,1,25.0598308105469,1
2017,6,15,20,1,26.9374248046875,1
2017,6,15,20,1,28.7432138671875,1
2017,6,15,20,1,30.605423828125,1
2017,6,15,20,1,32.4112041015625,1
2017,6,15,20,1,34.2311188964844,1
2017,6,15,20,1,36.17304296875,0
2017,6,15,20,1,37.9921789550781,0
2017,6,15,20,1,39.9639230957031,0
2017,6,15,20,1,41.8769340820312,0
2017,6,15,20,1,43.7500051269531,0
2017,6,15,20,1,45.5557661132813,0
2017,6,15,20,1,47.4938159179688,0
2017,6,15,20,1,49.3604189453125,0
2017,6,15,20,1,51.250333984375,0
2017,6,15,20,1,53.2415239257813,0
2017,6,15,20,1,55.1303168945312,0
2017,6,15,20,1,56.9362438964844,0
2017,6,15,20,1,58.7532250976562,0
2017,6,15,20,2,0.590406005859375,0
2017,6,15,20,2,2.442708984375,0
2017,6,15,20,2,4.26689697265625,0
2017,6,15,20,2,6.19498901367187,0
2017,6,15,20,2,8.00100805664063,0
2017,6,15,20,2,9.87897290039063,0
2017,6,15,20,2,11.6847229003906,0
2017,6,15,20,2,13.4908229980469,0
2017,6,15,20,2,15.2966069335938,0
2017,6,15,20,2,17.1025729980469,1
2017,6,15,20,2,18.912134765625,1
2017,6,15,20,2,20.7178928222656,1
2017,6,15,20,2,22.5236259765625,1
2017,6,15,20,2,24.3293659667969,1
2017,6,15,20,2,26.1351879882812,1
2017,6,15,20,2,27.9410280761719,1
2017,6,15,20,2,29.7467629394531,1
2017,6,15,20,2,31.5525310058594,1
2017,6,15,20,2,33.3582580566406,1
2017,6,15,20,2,35.1641750488281,1
2017,6,15,20,2,36.9700830078125,0
2017,6,15,20,2,38.7760061035156,0
2017,6,15,20,2,40.5817629394531,0
2017,6,15,20,2,42.3876591796875,0
2017,6,15,20,2,44.1933889160156,0
2017,6,15,20,2,45.9991159667969,0
2017,6,15,20,2,47.8048679199219,0
2017,6,15,20,2,49.6106850585938,0
2017,6,15,20,2,51.4166181640625,0
2017,6,15,20,2,53.2224309082031,0
2017,6,15,20,2,55.0283930664063,0
2017,6,15,20,2,56.83437890625,0
2017,6,15,20,2,58.6402600097656,0
2017,6,15,20,3,0.44621484375,0
2017,6,15,20,3,2.25222998046875,0
2017,6,15,20,3,4.05811181640625,0
2017,6,15,20,3,5.8640859375,0
2017,6,15,20,3,7.66989892578125,0
2017,6,15,20,3,9.47578686523437,0
2017,6,15,20,3,11.2819130859375,0
2017,6,15,20,3,13.0879089355469,0
2017,6,15,20,3,14.8938911132812,0
2017,6,15,20,3,16.6996511230469,0
2017,6,15,20,3,18.5054150390625,1
2017,6,15,20,3,20.3114189453125,1
2017,6,15,20,3,22.1173930664063,1
2017,6,15,20,3,23.9231589355469,1
2017,6,15,20,3,25.7291411132813,1
2017,6,15,20,3,27.5349580078125,1
2017,6,15,20,3,29.3408010253906,1
2017,6,15,20,3,31.1467438964844,1
2017,6,15,20,3,32.9526030273437,1
2017,6,15,20,3,34.7584350585937,1
2017,6,15,20,3,36.5643479003906,1
2017,6,15,20,3,38.3701101074219,1
2017,6,15,20,3,40.1760810546875,1
2017,6,15,20,3,41.9819851074219,1
2017,6,15,20,3,43.7879799804687,1
2017,6,15,20,3,45.5939809570312,1
2017,6,15,20,3,47.3998940429687,1
2017,6,15,20,3,49.2056999511719,1
2017,6,15,20,3,51.0117021484375,1
2017,6,15,20,3,52.8175080566406,1
2017,6,15,20,3,54.6234719238281,1
2017,6,15,20,3,56.4294260253906,1
2017,6,15,20,3,58.2352651367188,1
2017,6,15,20,4,0.041125,1
2017,6,15,20,4,1.84685498046875,1
2017,6,15,20,4,3.65272412109375,1
2017,6,15,20,4,5.45859790039063,1
2017,6,15,20,4,7.26442797851563,1
2017,6,15,20,4,9.07033715820313,1
2017,6,15,20,4,10.8760659179688,1
2017,6,15,20,4,12.6818029785156,1
2017,6,15,20,4,14.4876511230469,1
2017,6,15,20,4,16.2935842285156,1
2017,6,15,20,4,18.0994699707031,1
2017,6,15,20,4,19.905287109375,1
2017,6,15,20,4,21.7111730957031,1
2017,6,15,20,4,23.5171640625,1
2017,6,15,20,4,25.3230842285156,1
2017,6,15,20,4,27.1288481445313,1
2017,6,15,20,4,28.9346240234375,1
2017,6,15,20,4,30.7403540039063,1
2017,6,15,20,4,32.5461950683594,1
2017,6,15,20,4,34.3520131835937,1
2017,6,15,20,4,36.1580190429688,1
2017,6,15,20,4,37.9638869628906,1
2017,6,15,20,4,39.7697680664063,1
2017,6,15,20,4,41.5755400390625,1
2017,6,15,20,4,43.3861350097656,1
2017,6,15,20,4,45.1919409179688,1
2017,6,15,20,4,46.9978630371094,1
2017,6,15,20,4,48.8038588867187,1
2017,6,15,20,4,50.6097729492188,1
2017,6,15,20,4,52.4157800292969,1
2017,6,15,20,4,54.22154296875,1
2017,6,15,20,4,56.0273439941406,1
2017,6,15,20,4,57.8331899414063,1
2017,6,15,20,4,59.6392080078125,1
2017,6,15,20,5,1.44503002929687,1
2017,6,15,20,5,3.25075512695313,1
2017,6,15,20,5,5.056541015625,1
2017,6,15,20,5,6.8624970703125,1
2017,6,15,20,5,8.66836596679688,1
2017,6,15,20,5,10.4742390136719,1
2017,6,15,20,5,12.2801088867188,1
2017,6,15,20,5,14.0860390625,1
2017,6,15,20,5,15.8920490722656,1
2017,6,15,20,5,17.6980009765625,1
2017,6,15,20,5,19.5038669433594,1
2017,6,15,20,5,21.3098840332031,1
2017,6,15,20,5,23.1158029785156,1
2017,6,15,20,5,24.9216809082031,1
2017,6,15,20,5,26.727580078125,1
2017,6,15,20,5,28.5335439453125,1
2017,6,15,20,5,30.3395358886719,1
2017,6,15,20,5,32.1456579589844,1
2017,6,15,20,5,33.9516130371094,1
2017,6,15,20,5,35.7576201171875,1
2017,6,15,20,5,37.5634060058594,1
2017,6,15,20,5,39.3693840332031,1
2017,6,15,20,5,41.1754650878906,1
2017,6,15,20,5,42.9811989746094,1
2017,6,15,20,5,44.7871550292969,1
2017,6,15,20,5,46.5929370117188,1
2017,6,15,20,5,48.3987861328125,1
2017,6,15,20,5,50.2047609863281,1
2017,6,15,20,5,52.0104929199219,1
2017,6,15,20,5,53.8162561035156,1
2017,6,15,20,5,55.62225390625,1
2017,6,15,20,5,57.4280642089844,1
2017,6,15,20,5,59.2339338378906,1
2017,6,15,20,6,1.03987109375,1
2017,6,15,20,6,2.84561108398437,1
2017,6,15,20,6,4.65154516601562,1
2017,6,15,20,6,6.45746704101562,1
2017,6,15,20,6,8.26839599609375,1
2017,6,15,20,6,10.0744140625,1
2017,6,15,20,6,11.8803908691406,1
2017,6,15,20,6,13.6865009765625,1
2017,6,15,20,6,15.4923142089844,1
2017,6,15,20,6,17.2981789550781,1
2017,6,15,20,6,19.1040559082031,1
2017,6,15,20,6,20.9100520019531,1
2017,6,15,20,6,22.7158588867187,1
2017,6,15,20,6,24.5216770019531,1
2017,6,15,20,6,26.3276870117188,1
2017,6,15,20,6,28.1336628417969,1
2017,6,15,20,6,29.9394729003906,1
2017,6,15,20,6,31.7454699707031,1
2017,6,15,20,6,33.5512399902344,1
2017,6,15,20,6,35.3571420898437,1
2017,6,15,20,6,37.1629660644531,1
2017,6,15,20,6,38.9688020019531,1
2017,6,15,20,6,40.7747241210937,1
2017,6,15,20,6,42.5804560546875,1
2017,6,15,20,6,44.3862651367187,1
2017,6,15,20,6,46.1920300292969,1
2017,6,15,20,6,47.9979750976563,1
2017,6,15,20,6,49.8037971191406,1
2017,6,15,20,6,51.6097268066406,1
2017,6,15,20,6,53.4154489746094,1
2017,6,15,20,6,55.2211979980469,1
2017,6,15,20,6,57.0271149902344,1
2017,6,15,20,6,58.8330778808594,1
2017,6,15,20,7,0.63905322265625,1
2017,6,15,20,7,2.44489697265625,1
2017,6,15,20,7,4.25085400390625,1
2017,6,15,20,7,6.05680102539062,1
2017,6,15,20,7,7.86256396484375,1
2017,6,15,20,7,9.66859692382812,1
2017,6,15,20,7,11.4743859863281,1
2017,6,15,20,7,13.2804079589844,1
2017,6,15,20,7,15.0862119140625,0
2017,6,15,20,7,16.8922189941406,0
2017,6,15,20,7,18.6981899414062,1
2017,6,15,20,7,20.5038530273438,1
2017,6,15,20,7,22.3109519042969,1
2017,6,15,20,7,24.1167900390625,1
2017,6,15,20,7,25.922673828125,1
2017,6,15,20,7,27.7285859375,1
2017,6,15,20,7,29.5345649414062,1
2017,6,15,20,7,31.3404350585938,1
2017,6,15,20,7,33.1510710449219,1
2017,6,15,20,7,34.9570651855469,1
2017,6,15,20,7,36.76287890625,1
2017,6,15,20,7,38.5690561523437,1
2017,6,15,20,7,40.3747790527344,1
2017,6,15,20,7,42.1805830078125,1
2017,6,15,20,7,43.9864260253906,1
2017,6,15,20,7,45.7923720703125,1
2017,6,15,20,7,47.5982412109375,1
2017,6,15,20,7,49.4041020507812,1
2017,6,15,20,7,51.2099309082031,1
2017,6,15,20,7,53.0171130371094,1
2017,6,15,20,7,54.8229858398438,1
2017,6,15,20,7,56.6290930175781,1
2017,6,15,20,7,58.4349560546875,1
2017,6,15,20,8,0.240679931640625,1
2017,6,15,20,8,2.046583984375,1
2017,6,15,20,8,3.8525810546875,1
2017,6,15,20,8,5.65832495117187,1
2017,6,15,20,8,7.46419506835938,1
2017,6,15,20,8,9.27014990234375,1
2017,6,15,20,8,11.0760168457031,1
2017,6,15,20,8,12.8819870605469,0
2017,6,15,20,8,14.6879748535156,0
2017,6,15,20,8,16.4937099609375,0
2017,6,15,20,8,18.2995979003906,0
2017,6,15,20,8,20.105498046875,0
2017,6,15,20,8,21.9113159179688,0
2017,6,15,20,8,23.7172119140625,0
2017,6,15,20,8,25.5230869140625,0
2017,6,15,20,8,27.3288540039063,0
2017,6,15,20,8,29.1347761230469,0
2017,6,15,20,8,30.9406350097656,0
2017,6,15,20,8,32.7463989257812,0
2017,6,15,20,8,34.552375,0
2017,6,15,20,8,36.3580988769531,0
2017,6,15,20,8,38.1639421386719,0
2017,6,15,20,8,39.9696860351563,0
2017,6,15,20,8,41.7754990234375,0
2017,6,15,20,8,43.5814230957031,0
2017,6,15,20,8,45.3873588867188,0
2017,6,15,20,8,47.1931359863281,0
2017,6,15,20,8,48.9991540527344,0
2017,6,15,20,8,50.8050808105469,0
2017,6,15,20,8,52.61116796875,0
2017,6,15,20,8,54.4169990234375,0
2017,6,15,20,8,56.2230151367188,0
2017,6,15,20,8,58.0287819824219,0
2017,6,15,20,8,59.8345708007813,0
2017,6,15,20,9,1.6404970703125,0
2017,6,15,20,9,3.44626318359375,0
2017,6,15,20,9,5.25206494140625,0
2017,6,15,20,9,7.05794091796875,0
2017,6,15,20,9,8.86384106445312,0
2017,6,15,20,9,10.6698110351563,0
2017,6,15,20,9,12.4756450195312,0
2017,6,15,20,9,14.28166015625,0
2017,6,15,20,9,16.0875620117187,0
2017,6,15,20,9,17.8934619140625,0
2017,6,15,20,9,19.6992758789062,0
2017,6,15,20,9,21.5052331542969,0
2017,6,15,20,9,23.3133161621094,0
2017,6,15,20,9,25.1170891113281,0
2017,6,15,20,9,26.9230939941406,0
2017,6,15,20,9,28.7289899902344,0
2017,6,15,20,9,30.5347790527344,0
2017,6,15,20,9,32.3406059570313,0
2017,6,15,20,9,34.1463461914063,0
2017,6,15,20,9,35.95225,0
2017,6,15,20,9,37.7579829101563,0
2017,6,15,20,9,39.56383203125,0
2017,6,15,20,9,41.3696279296875,0
2017,6,15,20,9,43.175537109375,0
2017,6,15,20,9,44.9813508300781,0
2017,6,15,20,9,46.7872250976562,0
2017,6,15,20,9,48.592958984375,1
2017,6,15,20,9,50.3989438476562,1
2017,6,15,20,9,52.2048239746094,1
2017,6,15,20,9,54.0107329101562,1
2017,6,15,20,9,55.8166799316406,1
2017,6,15,20,9,57.6227331542969,1
2017,6,15,20,9,59.4284899902344,1
2017,6,15,20,10,1.23432592773437,1
2017,6,15,20,10,3.04019506835937,1
2017,6,15,20,10,4.84597607421875,1
2017,6,15,20,10,9.20802587890625,1
2017,6,15,20,10,11.014041015625,1
2017,6,15,20,10,12.819873046875,1
2017,6,15,20,10,14.6258908691406,1
2017,6,15,20,10,16.4318149414063,1
2017,6,15,20,10,18.2376760253906,1
2017,6,15,20,10,20.0436340332031,1
2017,6,15,20,10,21.8495339355469,1
2017,6,15,20,10,23.6554638671875,1
2017,6,15,20,10,25.4614091796875,1
2017,6,15,20,10,27.267416015625,1
2017,6,15,20,10,29.0734279785156,1
2017,6,15,20,10,30.8791850585937,1
2017,6,15,20,10,32.6849140625,1
2017,6,15,20,10,34.4907019042969,1
2017,6,15,20,10,36.2965869140625,1
2017,6,15,20,10,38.1024790039062,1
2017,6,15,20,10,39.9083081054687,1
2017,6,15,20,10,41.7142700195312,1
2017,6,15,20,10,43.5200458984375,1
2017,6,15,20,10,45.3257980957031,1
2017,6,15,20,10,47.1315329589844,1
2017,6,15,20,10,48.9374599609375,1
2017,6,15,20,10,50.7438508300781,1
2017,6,15,20,10,52.5492529296875,1
2017,6,15,20,10,54.3552170410156,1
2017,6,15,20,10,56.160953125,1
2017,6,15,20,10,57.9668540039062,1
2017,6,15,20,10,59.7726408691406,1
2017,6,15,20,11,1.5784130859375,1
2017,6,15,20,11,3.38450415039063,1
2017,6,15,20,11,5.19034399414063,1
2017,6,15,20,11,6.9961240234375,1
2017,6,15,20,11,8.8019150390625,1
2017,6,15,20,11,10.6077810058594,1
2017,6,15,20,11,12.4136938476562,1
2017,6,15,20,11,14.2195749511719,1
2017,6,15,20,11,16.0253410644531,1
2017,6,15,20,11,17.8312429199219,1
2017,6,15,20,11,19.6370390625,1
2017,6,15,20,11,21.4427919921875,1
2017,6,15,20,11,23.2485729980469,1
2017,6,15,20,11,25.0544619140625,1
2017,6,15,20,11,26.8602709960937,1
2017,6,15,20,11,28.6659948730469,1
2017,6,15,20,11,30.4719318847656,1
2017,6,15,20,11,32.2778298339844,1
2017,6,15,20,11,34.0836931152344,2
2017,6,15,20,11,35.8896879882813,2
2017,6,15,20,11,37.6955891113281,2
2017,6,15,20,11,39.501583984375,2
2017,6,15,20,11,41.307498046875,2
2017,6,15,20,11,43.1133288574219,2
2017,6,15,20,11,44.919126953125,2
2017,6,15,20,11,46.7250170898438,2
2017,6,15,20,11,48.5307380371094,2
2017,6,15,20,11,50.336705078125,2
2017,6,15,20,11,52.1426979980469,2
2017,6,15,20,11,53.9484912109375,2
2017,6,15,20,11,55.7544719238281,2
2017,6,15,20,11,57.5603999023437,2
2017,6,15,20,11,59.3661931152344,2
2017,6,15,20,12,1.17219311523437,2
2017,6,15,20,12,2.97815209960938,2
2017,6,15,20,12,4.78393505859375,2
2017,6,15,20,12,6.58995092773437,2
2017,6,15,20,12,8.395833984375,2
2017,6,15,20,12,10.2016569824219,2
2017,6,15,20,12,12.007380859375,2
2017,6,15,20,12,13.8133581542969,2
2017,6,15,20,12,15.6192390136719,2
2017,6,15,20,12,17.4250139160156,2
2017,6,15,20,12,19.2309990234375,2
2017,6,15,20,12,21.0367897949219,2
2017,6,15,20,12,22.8427961425781,2
2017,6,15,20,12,24.6486520996094,2
2017,6,15,20,12,26.454451171875,2
2017,6,15,20,12,28.2604018554687,1
2017,6,15,20,12,30.0664548339844,1
2017,6,15,20,12,31.8721459960937,1
2017,6,15,20,12,33.6781469726563,1
2017,6,15,20,12,35.4838791503906,1
2017,6,15,20,12,37.2898928222656,1
2017,6,15,20,12,39.09562109375,1
2017,6,15,20,12,40.9013640136719,1
2017,6,15,20,12,42.7072451171875,1
2017,6,15,20,12,44.5131508789063,1
2017,6,15,20,12,46.3191579589844,1
2017,6,15,20,12,48.1250451660156,1
2017,6,15,20,12,49.9309169921875,1
2017,6,15,20,12,51.736751953125,1
2017,6,15,20,12,53.54258203125,1
2017,6,15,20,12,55.3483259277344,1
2017,6,15,20,12,57.1540500488281,1
2017,6,15,20,12,58.9600229492187,1
2017,6,15,20,13,0.765955810546875,1
2017,6,15,20,13,2.57219506835937,1
2017,6,15,20,13,4.3779990234375,1
2017,6,15,20,13,6.18386499023438,1
2017,6,15,20,13,7.98965991210938,1
2017,6,15,20,13,9.79564916992187,1
2017,6,15,20,13,11.6014370117187,1
2017,6,15,20,13,13.4072739257813,1
2017,6,15,20,13,15.2130139160156,1
2017,6,15,20,13,17.0189731445313,1
2017,6,15,20,13,18.8247270507812,1
2017,6,15,20,13,20.630455078125,1
2017,6,15,20,13,22.4363278808594,1
2017,6,15,20,13,24.24208203125,1
2017,6,15,20,13,26.0480681152344,1
2017,6,15,20,13,27.853875,1
2017,6,15,20,13,29.6597380371094,1
2017,6,15,20,13,31.4655109863281,1
2017,6,15,20,13,33.2713100585937,1
2017,6,15,20,13,35.0772719726562,1
2017,6,15,20,13,36.8830590820313,1
2017,6,15,20,13,38.6887751464844,1
2017,6,15,20,13,40.4945791015625,1
2017,6,15,20,13,42.3005729980469,1
2017,6,15,20,13,44.1065830078125,1
2017,6,15,20,13,45.9123850097656,1
2017,6,15,20,13,47.7183178710938,1
2017,6,15,20,13,49.5242041015625,1
2017,6,15,20,13,51.3300830078125,1
2017,6,15,20,13,53.1360949707031,1
2017,6,15,20,13,54.9419040527344,1
2017,6,15,20,13,56.7479118652344,1
2017,6,15,20,13,58.5537878417969,1
2017,6,15,20,14,0.359554931640625,1
2017,6,15,20,14,2.16540405273438,1
2017,6,15,20,14,3.97128002929687,1
2017,6,15,20,14,5.77713598632813,1
2017,6,15,20,14,7.5828740234375,1
2017,6,15,20,14,9.3888359375,1
2017,6,15,20,14,11.1947729492188,1
2017,6,15,20,14,13.0006120605469,1
2017,6,15,20,14,14.8063608398437,1
2017,6,15,20,14,16.6123601074219,1
2017,6,15,20,14,18.41825,1
2017,6,15,20,14,20.2240520019531,1
2017,6,15,20,14,22.0298718261719,1
2017,6,15,20,14,23.8357360839844,1
2017,6,15,20,14,25.6417409667969,1
2017,6,15,20,14,27.447662109375,1
2017,6,15,20,14,29.2533989257813,1
2017,6,15,20,14,31.0592670898438,1
2017,6,15,20,14,32.8650910644531,1
2017,6,15,20,14,34.6708879394531,1
2017,6,15,20,14,36.4767800292969,1
2017,6,15,20,14,38.2826398925781,1
2017,6,15,20,14,40.0884521484375,1
2017,6,15,20,14,41.89416796875,1
2017,6,15,20,14,43.7002819824219,1
2017,6,15,20,14,45.5062150878906,1
2017,6,15,20,14,47.3119880371094,1
2017,6,15,20,14,49.11808203125,1
2017,6,15,20,14,50.9239741210937,1
2017,6,15,20,14,52.7299909667969,1
2017,6,15,20,14,54.5358859863281,1
2017,6,15,20,14,56.3416628417969,1
2017,6,15,20,14,58.1475649414063,1
2017,6,15,20,14,59.9533359375,1
2017,6,15,20,15,1.75931103515625,1
2017,6,15,20,15,3.56510913085937,1
2017,6,15,20,15,5.37090502929687,1
2017,6,15,20,15,7.17670288085938,1
2017,6,15,20,15,8.98253979492188,1
2017,6,15,20,15,10.7885380859375,1
2017,6,15,20,15,12.5942590332031,1
2017,6,15,20,15,14.4001948242187,1
2017,6,15,20,15,16.2061040039063,1
2017,6,15,20,15,18.0202770996094,1
2017,6,15,20,15,19.8260769042969,1
2017,6,15,20,15,21.6319821777344,1
2017,6,15,20,15,23.4378601074219,1
2017,6,15,20,15,25.2436130371094,1
2017,6,15,20,15,27.0495109863281,1
2017,6,15,20,15,28.8553869628906,1
2017,6,15,20,15,30.6615090332031,1
2017,6,15,20,15,32.4672880859375,1
2017,6,15,20,15,34.2730869140625,1
2017,6,15,20,15,36.0788449707031,1
2017,6,15,20,15,37.8847380371094,1
2017,6,15,20,15,39.6907329101562,1
2017,6,15,20,15,41.4966049804688,1
2017,6,15,20,15,43.3024099121094,2
2017,6,15,20,15,45.1081381835938,2
2017,6,15,20,15,46.914125,2
2017,6,15,20,15,48.7200451660156,2
2017,6,15,20,15,50.5258310546875,2
2017,6,15,20,15,52.3319348144531,2
2017,6,15,20,15,54.1375187988281,2
2017,6,15,20,15,55.9433479003906,2
2017,6,15,20,15,57.7492290039063,2
2017,6,15,20,15,59.5549560546875,2
2017,6,15,20,16,1.36076196289063,2
2017,6,15,20,16,3.16676098632812,2
2017,6,15,20,16,4.97282495117187,2
2017,6,15,20,16,6.7786201171875,2
2017,6,15,20,16,8.58446899414063,2
2017,6,15,20,16,10.3904660644531,2
2017,6,15,20,16,12.1963601074219,2
2017,6,15,20,16,14.0023889160156,2
2017,6,15,20,16,15.8080349121094,2
2017,6,15,20,16,17.6140461425781,2
2017,6,15,20,16,19.4200571289063,2
2017,6,15,20,16,21.2260129394531,2
2017,6,15,20,16,23.0317868652344,1
2017,6,15,20,16,24.8377448730469,1
2017,6,15,20,16,26.6437111816406,1
2017,6,15,20,16,28.4495610351563,1
2017,6,15,20,16,30.2553269042969,1
2017,6,15,20,16,32.061337890625,1
2017,6,15,20,16,33.8671638183594,1
2017,6,15,20,16,35.6730539550781,1
2017,6,15,20,16,37.4787819824219,1
2017,6,15,20,16,39.284791015625,1
2017,6,15,20,16,41.0907399902344,1
2017,6,15,20,16,42.896583984375,1
2017,6,15,20,16,44.7024709472656,1
2017,6,15,20,16,46.5083579101562,1
2017,6,15,20,16,48.3141650390625,1
2017,6,15,20,16,50.1199069824219,1
2017,6,15,20,16,51.9256640625,1
2017,6,15,20,16,53.7315219726563,1
2017,6,15,20,16,55.5374379882812,1
2017,6,15,20,16,57.343458984375,1
2017,6,15,20,16,59.14908203125,1
2017,6,15,20,17,0.9549091796875,1
2017,6,15,20,17,2.7607041015625,1
2017,6,15,20,17,4.5667119140625,1
2017,6,15,20,17,6.37251708984375,1
2017,6,15,20,17,8.1784091796875,1
2017,6,15,20,17,9.98444384765625,1
2017,6,15,20,17,11.7902800292969,1
2017,6,15,20,17,13.5962600097656,1
2017,6,15,20,17,15.4021821289063,1
2017,6,15,20,17,17.2080930175781,1
2017,6,15,20,17,19.013962890625,1
2017,6,15,20,17,20.8197651367188,1
2017,6,15,20,17,22.6257409667969,1
2017,6,15,20,17,24.4316650390625,1
2017,6,15,20,17,26.2374680175781,1
2017,6,15,20,17,28.0432099609375,1
2017,6,15,20,17,29.8491879882813,1
2017,6,15,20,17,31.65491796875,1
2017,6,15,20,17,33.4606799316406,1
2017,6,15,20,17,35.2664230957031,1
2017,6,15,20,17,37.0723369140625,1
2017,6,15,20,17,38.8781618652344,1
2017,6,15,20,17,40.6840310058594,1
2017,6,15,20,17,42.4898159179687,1
2017,6,15,20,17,44.295794921875,1
2017,6,15,20,17,46.1015229492187,1
2017,6,15,20,17,47.9073588867187,1
2017,6,15,20,17,49.7132890625,1
2017,6,15,20,17,51.5190539550781,1
2017,6,15,20,17,53.3267761230469,1
2017,6,15,20,17,55.1309851074219,1
2017,6,15,20,17,56.9367758789063,1
2017,6,15,20,17,58.7427609863281,1
2017,6,15,20,18,0.548510009765625,1
2017,6,15,20,18,2.35438403320313,1
2017,6,15,20,18,4.160294921875,1
2017,6,15,20,18,9.43374609375,1
2017,6,15,20,18,11.2395681152344,1
2017,6,15,20,18,13.0454709472656,1
2017,6,15,20,18,14.8512700195313,1
2017,6,15,20,18,16.6570791015625,1
2017,6,15,20,18,18.4629079589844,1
2017,6,15,20,18,20.2686479492187,1
2017,6,15,20,18,22.0745871582031,1
2017,6,15,20,18,23.8804860839844,1
2017,6,15,20,18,25.6864841308594,1
2017,6,15,20,18,27.4924350585937,1
2017,6,15,20,18,29.5764479980469,1
2017,6,15,20,18,31.5857849121094,1
2017,6,15,20,18,33.4538640136719,1
2017,6,15,20,18,35.356837890625,1
2017,6,15,20,18,37.3164838867187,1
2017,6,15,20,18,39.177748046875,1
2017,6,15,20,18,41.0020051269531,1
2017,6,15,20,18,42.8226110839844,1
2017,6,15,20,18,44.7469431152344,0
2017,6,15,20,18,46.623083984375,0
2017,6,15,20,18,48.4597370605469,0
2017,6,15,20,18,50.4382770996094,0
2017,6,15,20,18,52.2441931152344,0
2017,6,15,20,18,54.0912521972656,0
2017,6,15,20,18,56.0681691894531,0
2017,6,15,20,18,57.9838918457031,0
2017,6,15,20,18,59.8004709472656,0
2017,6,15,20,19,1.95415600585937,0
2017,6,15,20,19,3.79797802734375,0
2017,6,15,20,19,5.78599682617187,0
2017,6,15,20,19,7.59200805664062,0
2017,6,15,20,19,9.39788305664062,0
2017,6,15,20,19,11.2038520507813,0
2017,6,15,20,19,13.0147719726563,0
2017,6,15,20,19,14.8206579589844,0
2017,6,15,20,19,16.6264370117187,0
2017,6,15,20,19,18.4324309082031,0
2017,6,15,20,19,20.2383461914063,0
2017,6,15,20,19,22.0443610839844,0
2017,6,15,20,19,23.8501000976562,0
2017,6,15,20,19,25.6558869628906,0
2017,6,15,20,19,27.4618649902344,0
2017,6,15,20,19,29.2678918457031,0
2017,6,15,20,19,31.0738249511719,0
2017,6,15,20,19,32.8797758789063,0
2017,6,15,20,19,34.6856811523437,0
2017,6,15,20,19,36.4914291992188,0
2017,6,15,20,19,38.29728515625,0
2017,6,15,20,19,40.103126953125,0
2017,6,15,20,19,41.9089719238281,0
2017,6,15,20,19,43.7149519042969,0
2017,6,15,20,19,45.5207368164062,0
2017,6,15,20,19,47.3267109375,0
2017,6,15,20,19,49.1325532226562,0
2017,6,15,20,19,50.9386730957031,0
2017,6,15,20,19,52.7445930175781,0
2017,6,15,20,19,54.5505659179687,1
2017,6,15,20,19,56.3563198242188,1
2017,6,15,20,19,58.2596079101562,1
2017,6,15,20,20,0.0749111328125,1
2017,6,15,20,20,1.9436298828125,1
2017,6,15,20,20,3.79928002929688,1
2017,6,15,20,20,6.05901098632812,1
2017,6,15,20,20,7.87772192382813,1
2017,6,15,20,20,9.81297485351562,1
2017,6,15,20,20,11.6214958496094,1
2017,6,15,20,20,13.5095388183594,1
2017,6,15,20,20,15.5084719238281,1
2017,6,15,20,20,17.4798090820312,1
2017,6,15,20,20,19.2985859375,1
2017,6,15,20,20,21.2956040039062,1
2017,6,15,20,20,23.2406120605469,1
2017,6,15,20,20,25.2566650390625,1
2017,6,15,20,20,27.1533439941406,1
2017,6,15,20,20,28.9827060546875,1
2017,6,15,20,20,30.8257639160156,1
2017,6,15,20,20,32.6316560058594,1
2017,6,15,20,20,34.4709150390625,1
2017,6,15,20,20,36.6643740234375,1
2017,6,15,20,20,38.4825200195313,1
2017,6,15,20,20,40.4677409667969,1
2017,6,15,20,20,42.3809567871094,1
2017,6,15,20,20,44.2842888183594,1
2017,6,15,20,20,46.0904519042969,1
2017,6,15,20,20,47.896462890625,1
2017,6,15,20,20,49.7022800292969,1
2017,6,15,20,20,51.5080029296875,1
2017,6,15,20,20,53.3139309082031,1
2017,6,15,20,20,55.1199729003906,1
2017,6,15,20,20,56.9259130859375,1
2017,6,15,20,20,58.7318369140625,1
2017,6,15,20,21,0.537739013671875,1
2017,6,15,20,21,2.34355102539062,1
2017,6,15,20,21,4.14954809570312,1
2017,6,15,20,21,5.95526513671875,1
2017,6,15,20,21,7.82101489257813,1
2017,6,15,20,21,9.67693310546875,1
2017,6,15,20,21,11.617619140625,1
2017,6,15,20,21,13.4543171386719,1
2017,6,15,20,21,15.4850759277344,1
2017,6,15,20,21,17.4411770019531,1
2017,6,15,20,21,19.2470119628906,1
2017,6,15,20,21,21.2300551757812,1
2017,6,15,20,21,23.2122048339844,1
2017,6,15,20,21,25.0235549316406,1
2017,6,15,20,21,26.8924018554688,1
2017,6,15,20,21,28.8115329589844,1
2017,6,15,20,21,31.000287109375,1
2017,6,15,20,21,32.8317080078125,1
2017,6,15,20,21,34.7057600097656,1
2017,6,15,20,21,36.5110422363281,1
2017,6,15,20,21,38.3167561035156,1
2017,6,15,20,21,40.12275,1
2017,6,15,20,21,41.9286779785156,1
2017,6,15,20,21,43.7344060058594,1
2017,6,15,20,21,45.5403598632813,1
2017,6,15,20,21,47.3460910644531,1
2017,6,15,20,21,49.1519560546875,1
2017,6,15,20,21,50.9577580566406,1
2017,6,15,20,21,52.7733569335938,1
2017,6,15,20,21,54.5791879882812,1
2017,6,15,20,21,56.3851079101563,1
2017,6,15,20,21,58.1908659667969,1
2017,6,15,20,22,0.032484130859375,1
2017,6,15,20,22,1.8249140625,1
2017,6,15,20,22,3.630705078125,1
2017,6,15,20,22,5.43660083007812,1
2017,6,15,20,22,7.24253979492187,1
2017,6,15,20,22,9.04844409179688,1
2017,6,15,20,22,10.8544189453125,1
2017,6,15,20,22,12.660412109375,1
2017,6,15,20,22,14.4663391113281,1
2017,6,15,20,22,16.2723020019531,1
2017,6,15,20,22,18.0780561523437,1
2017,6,15,20,22,19.883833984375,1
2017,6,15,20,22,21.6900739746094,1
2017,6,15,20,22,23.4959799804687,1
2017,6,15,20,22,25.3019790039063,1
2017,6,15,20,22,27.1077270507812,1
2017,6,15,20,22,28.9136911621094,1
2017,6,15,20,22,30.7196560058594,1
2017,6,15,20,22,32.525455078125,1
2017,6,15,20,22,34.3312260742187,1
2017,6,15,20,22,36.1372299804688,1
2017,6,15,20,22,37.9430720214844,1
2017,6,15,20,22,39.7488950195312,1
2017,6,15,20,22,41.5546879882813,1
2017,6,15,20,22,43.3606689453125,1
2017,6,15,20,22,45.1664409179687,1
2017,6,15,20,22,46.9723779296875,1
2017,6,15,20,22,48.7783410644531,1
2017,6,15,20,22,50.5842060546875,1
2017,6,15,20,22,52.3900908203125,1
2017,6,15,20,22,54.1960090332031,1
2017,6,15,20,22,56.0019860839844,1
2017,6,15,20,22,57.80779296875,1
2017,6,15,20,22,59.615666015625,1
2017,6,15,20,23,1.42165893554687,1
2017,6,15,20,23,3.22756787109375,1
2017,6,15,20,23,5.03345703125,1
2017,6,15,20,23,6.8390888671875,1
2017,6,15,20,23,8.64484497070313,1
2017,6,15,20,23,10.4511240234375,1
2017,6,15,20,23,12.257125,1
2017,6,15,20,23,14.0628918457031,1
2017,6,15,20,23,15.8687590332031,1
2017,6,15,20,23,17.6745141601562,1
2017,6,15,20,23,19.4803869628906,1
2017,6,15,20,23,21.2863000488281,1
2017,6,15,20,23,23.0920190429688,1
2017,6,15,20,23,24.8978491210937,1
2017,6,15,20,23,26.7038269042969,1
2017,6,15,20,23,28.5095151367188,1
2017,6,15,20,23,30.3154060058594,1
2017,6,15,20,23,32.1211708984375,1
2017,6,15,20,23,33.9269309082031,1
2017,6,15,20,23,35.7328830566406,1
2017,6,15,20,23,37.5386970214844,1
2017,6,15,20,23,39.34479296875,1
2017,6,15,20,23,41.1507219238281,1
2017,6,15,20,23,42.9566640625,1
2017,6,15,20,23,44.7624877929687,1
2017,6,15,20,23,46.5684768066406,1
2017,6,15,20,23,48.3742580566406,1
2017,6,15,20,23,50.2259069824219,1
2017,6,15,20,23,52.2673959960937,1
2017,6,15,20,23,54.0732080078125,1
2017,6,15,20,23,55.8790900878906,1
2017,6,15,20,23,57.8356149902344,1
2017,6,15,20,23,59.8359890136719,1
2017,6,15,20,24,1.96861010742187,1
2017,6,15,20,24,3.84921704101563,1
2017,6,15,20,24,5.65530615234375,1
2017,6,15,20,24,7.72651000976562,1
2017,6,15,20,24,9.53444702148438,1
2017,6,15,20,24,11.4210998535156,1
2017,6,15,20,24,13.3661921386719,1
2017,6,15,20,24,15.2217741699219,1
2017,6,15,20,24,17.0373649902344,1
2017,6,15,20,24,18.8461799316406,1
2017,6,15,20,24,20.8096569824219,1
2017,6,15,20,24,22.666458984375,1
2017,6,15,20,24,24.4969289550781,1
2017,6,15,20,24,26.6055578613281,1
2017,6,15,20,24,28.5164150390625,1
2017,6,15,20,24,30.547044921875,1
2017,6,15,20,24,32.4264641113281,1
2017,6,15,20,24,34.3316779785156,1
2017,6,15,20,24,36.2648740234375,1
2017,6,15,20,24,38.088458984375,1
2017,6,15,20,24,39.990451171875,1
2017,6,15,20,24,41.8066179199219,1
2017,6,15,20,24,43.6123569335938,1
2017,6,15,20,24,45.6085258789062,1
2017,6,15,20,24,47.5312790527344,1
2017,6,15,20,24,49.3371469726562,1
2017,6,15,20,24,51.2271088867188,1
2017,6,15,20,24,53.1335639648438,1
2017,6,15,20,24,55.0036550292969,1
2017,6,15,20,24,56.8095788574219,1
2017,6,15,20,24,58.6153759765625,1
2017,6,15,20,25,0.70110302734375,1
2017,6,15,20,25,2.53010791015625,1
2017,6,15,20,25,4.361576171875,1
2017,6,15,20,25,6.27201513671875,1
2017,6,15,20,25,8.08338989257813,1
2017,6,15,20,25,10.0682338867187,1
2017,6,15,20,25,12.0070109863281,1
2017,6,15,20,25,13.867916015625,1
2017,6,15,20,25,15.7406721191406,1
2017,6,15,20,25,17.7455849609375,1
2017,6,15,20,25,19.5513649902344,1
2017,6,15,20,25,21.6853061523437,1
2017,6,15,20,25,23.5390361328125,1
2017,6,15,20,25,25.4428129882813,1
2017,6,15,20,25,27.6205598144531,1
2017,6,15,20,25,29.5181848144531,1
2017,6,15,20,25,31.5824338378906,1
2017,6,15,20,25,33.54946484375,1
2017,6,15,20,25,35.5348662109375,1
2017,6,15,20,25,37.5882009277344,1
2017,6,15,20,25,39.3939599609375,1
2017,6,15,20,25,41.4493879394531,1
2017,6,15,20,25,43.7697600097656,1
2017,6,15,20,25,45.5755068359375,1
2017,6,15,20,25,47.4666640625,1
2017,6,15,20,25,49.4209658203125,1
2017,6,15,20,25,51.3465581054688,1
2017,6,15,20,25,53.2412939453125,1
2017,6,15,20,25,55.1089250488281,1
2017,6,15,20,25,57.085787109375,1
2017,6,15,20,25,58.8915900878906,1
2017,6,15,20,26,0.877670166015625,1
2017,6,15,20,26,2.68917993164062,1
2017,6,15,20,26,4.51363793945313,1
2017,6,15,20,26,6.5948779296875,1
2017,6,15,20,26,8.57239599609375,1
2017,6,15,20,26,10.5551669921875,1
2017,6,15,20,26,12.4078217773438,1
2017,6,15,20,26,14.2137709960937,1
2017,6,15,20,26,16.1134479980469,1
2017,6,15,20,26,17.9379780273437,1
2017,6,15,20,26,19.8604560546875,1
2017,6,15,20,26,21.8673798828125,1
2017,6,15,20,26,23.6754738769531,1
2017,6,15,20,26,25.5706411132813,1
2017,6,15,20,26,27.4032170410156,1
2017,6,15,20,26,29.2803439941406,1
2017,6,15,20,26,31.2763840332031,1
2017,6,15,20,26,33.0823728027344,1
2017,6,15,20,26,34.9003610839844,1
2017,6,15,20,26,37.0604719238281,1
2017,6,15,20,26,38.9105908203125,1
2017,6,15,20,26,41.2000739746094,1
2017,6,15,20,26,43.1368352050781,1
2017,6,15,20,26,44.9427080078125,1
2017,6,15,20,26,46.7486579589844,1
2017,6,15,20,26,48.6225539550781,1
2017,6,15,20,26,50.5714799804688,1
2017,6,15,20,26,52.4584108886719,1
2017,6,15,20,26,54.3007158203125,1
2017,6,15,20,26,56.2097658691406,1
2017,6,15,20,26,58.3976940917969,1
2017,6,15,20,27,0.261080078125,1
2017,6,15,20,27,2.1141181640625,1
2017,6,15,20,27,3.91988793945313,1
2017,6,15,20,27,5.7256728515625,1
2017,6,15,20,27,7.60769116210937,1
2017,6,15,20,27,9.41344091796875,1
2017,6,15,20,27,11.2813010253906,1
2017,6,15,20,27,13.4575720214844,1
2017,6,15,20,27,15.3154147949219,1
2017,6,15,20,27,17.1725439453125,1
2017,6,15,20,27,19.046423828125,1
2017,6,15,20,27,21.0955109863281,1
2017,6,15,20,27,22.9224328613281,1
2017,6,15,20,27,24.7624040527344,1
2017,6,15,20,27,26.6220739746094,1
2017,6,15,20,27,28.4484890136719,1
2017,6,15,20,27,30.5486909179687,1
2017,6,15,20,27,32.4028498535156,1
2017,6,15,20,27,34.2220749511719,1
2017,6,15,20,27,36.1826027832031,1
2017,6,15,20,27,38.1381589355469,1
2017,6,15,20,27,40.1057280273438,1
2017,6,15,20,27,41.9859609375,1
2017,6,15,20,27,43.9323579101562,1
2017,6,15,20,27,45.7433979492188,1
2017,6,15,20,27,47.6344709472656,1
2017,6,15,20,27,49.5724001464844,1
2017,6,15,20,27,51.5545949707031,1
2017,6,15,20,27,53.3805939941406,1
2017,6,15,20,27,55.3861499023438,1
2017,6,15,20,27,57.2718679199219,1
2017,6,15,20,27,59.0434091796875,1
2017,6,15,20,28,0.9662060546875,1
2017,6,15,20,28,2.94230615234375,1
2017,6,15,20,28,4.60343920898437,1
2017,6,15,20,28,6.49128100585938,1
2017,6,15,20,28,8.31363696289062,1
2017,6,15,20,28,10.1456850585938,1
2017,6,15,20,28,11.9664851074219,1
2017,6,15,20,28,13.9433442382813,1
2017,6,15,20,28,16.0567880859375,1
2017,6,15,20,28,17.9436770019531,1
2017,6,15,20,28,19.9619519042969,1
2017,6,15,20,28,21.7678449707031,1
2017,6,15,20,28,23.5935590820312,1
2017,6,15,20,28,25.5710600585938,1
2017,6,15,20,28,27.4966599121094,1
2017,6,15,20,28,29.3282019042969,1
2017,6,15,20,28,31.2645891113281,1
2017,6,15,20,28,33.2591970214844,1
2017,6,15,20,28,35.1296020507813,1
2017,6,15,20,28,37.1360639648437,1
2017,6,15,20,28,39.039294921875,1
2017,6,15,20,28,40.86399609375,1
2017,6,15,20,28,42.6699060058594,1
2017,6,15,20,28,44.6187670898438,1
2017,6,15,20,28,46.4245629882813,0
2017,6,15,20,28,48.478416015625,0
2017,6,15,20,28,50.4185358886719,0
2017,6,15,20,28,52.3348229980469,0
2017,6,15,20,28,54.1550930175781,0
2017,6,15,20,28,55.9884409179688,0
2017,6,15,20,28,57.7943920898437,0
2017,6,15,20,28,59.6003569335938,0
2017,6,15,20,29,1.6309619140625,0
2017,6,15,20,29,3.58525805664063,0
2017,6,15,20,29,5.64957177734375,0
2017,6,15,20,29,7.57471801757812,0
2017,6,15,20,29,9.60205517578125,0
2017,6,15,20,29,11.6266870117188,0
2017,6,15,20,29,13.5370979003906,0
2017,6,15,20,29,15.3434340820312,0
2017,6,15,20,29,17.4758940429688,0
2017,6,15,20,29,19.3450639648437,0
2017,6,15,20,31,52.4098688964844,0
2017,6,15,20,31,54.2234958496094,0
2017,6,15,20,31,56.1615241699219,0
2017,6,15,20,31,58.0402119140625,0
2017,6,15,20,32,0.01014892578125,0
2017,6,15,20,32,1.92017895507812,0
2017,6,15,20,32,3.72598193359375,0
2017,6,15,20,32,5.81228198242187,0
2017,6,15,20,32,7.66057104492188,0
2017,6,15,20,32,9.56610791015625,0
2017,6,15,20,32,11.6604289550781,0
2017,6,15,20,32,13.4657390136719,0
2017,6,15,20,32,15.2950388183594,0
2017,6,15,20,32,17.2658278808594,0
2017,6,15,20,32,19.0761809082031,0
2017,6,15,20,32,21.10808203125,0
2017,6,15,20,32,23.0410490722656,0
2017,6,15,20,32,24.8470869140625,0
2017,6,15,20,32,26.7506850585937,0
2017,6,15,20,32,28.6910500488281,0
2017,6,15,20,32,30.6944370117188,0
2017,6,15,20,32,32.5605720214844,0
2017,6,15,20,32,34.4350969238281,0
2017,6,15,20,32,36.563958984375,0
2017,6,15,20,32,38.3915080566406,0
2017,6,15,20,32,40.5548610839844,0
2017,6,15,20,32,42.6970678710938,0
2017,6,15,20,32,44.5410270996094,0
2017,6,15,20,32,46.4268889160156,0
2017,6,15,20,32,48.3593061523437,0
2017,6,15,20,32,50.1650590820312,0
2017,6,15,20,32,52.1854228515625,0
2017,6,15,20,32,54.1722951660156,0
2017,6,15,20,32,56.0621591796875,0
2017,6,15,20,32,58.2767341308594,0
2017,6,15,20,33,0.082549072265625,0
2017,6,15,20,33,2.07394287109375,0
2017,6,15,20,33,4.06259619140625,0
2017,6,15,20,33,6.08405810546875,0
2017,6,15,20,33,7.88986499023437,0
2017,6,15,20,33,9.76963891601562,0
2017,6,15,20,33,11.7807041015625,0
2017,6,15,20,33,13.6825280761719,0
2017,6,15,20,33,15.8038330078125,0
2017,6,15,20,33,17.7599831542969,0
2017,6,15,20,33,19.6831130371094,1
2017,6,15,20,33,21.6166848144531,1
2017,6,15,20,33,23.5727409667969,1
2017,6,15,20,33,25.4368510742188,1
2017,6,15,20,33,27.3399838867187,1
2017,6,15,20,33,29.1905861816406,1
2017,6,15,20,33,31.3394899902344,1
2017,6,15,20,33,33.2925651855469,1
2017,6,15,20,33,35.0985031738281,1
2017,6,15,20,33,37.08324609375,1
2017,6,15,20,33,39.162328125,1
2017,6,15,20,33,41.0833898925781,1
2017,6,15,20,33,42.8893671875,1
2017,6,15,20,33,44.919703125,1
2017,6,15,20,33,46.7257221679687,1
2017,6,15,20,33,48.6372138671875,1
2017,6,15,20,33,50.5763430175781,1
2017,6,15,20,33,52.4792060546875,1
2017,6,15,20,33,54.2997329101563,1
2017,6,15,20,33,56.1936208496094,1
2017,6,15,20,33,58.0839099121094,1
2017,6,15,20,33,59.8898188476563,1
2017,6,15,20,34,1.768337890625,1
2017,6,15,20,34,3.58665600585937,1
2017,6,15,20,34,5.5107060546875,1
2017,6,15,20,34,7.31660791015625,1
2017,6,15,20,34,9.12258203125,1
2017,6,15,20,34,11.0354350585937,1
2017,6,15,20,34,12.8413479003906,1
2017,6,15,20,34,14.779748046875,1
2017,6,15,20,34,16.8009479980469,1
2017,6,15,20,34,18.7446599121094,1
2017,6,15,20,34,20.6608159179688,1
2017,6,15,20,34,22.6063649902344,1
2017,6,15,20,34,24.4244721679688,1
2017,6,15,20,34,26.2397189941406,1
2017,6,15,20,34,28.1283391113281,1
2017,6,15,20,34,29.9343811035156,1
2017,6,15,20,34,31.759126953125,1
2017,6,15,20,34,33.6074760742188,1
2017,6,15,20,34,35.6044240722656,1
2017,6,15,20,34,37.4852199707031,1
2017,6,15,20,34,39.2910229492187,1
2017,6,15,20,34,41.1565659179687,1
2017,6,15,20,34,43.1051809082031,1
2017,6,15,20,34,44.9372800292969,1
2017,6,15,20,34,46.9426989746094,1
2017,6,15,20,34,48.7595930175781,1
2017,6,15,20,34,50.8580529785156,1
2017,6,15,20,34,52.8693110351563,1
2017,6,15,20,34,54.7753969726563,1
2017,6,15,20,34,56.8353469238281,1
2017,6,15,20,34,58.7156960449219,1
2017,6,15,20,35,0.83656494140625,1
2017,6,15,20,35,2.74560693359375,1
2017,6,15,20,35,4.55146411132812,1
2017,6,15,20,35,6.61113403320313,1
2017,6,15,20,35,8.51605517578125,1
2017,6,15,20,35,10.3233081054687,1
2017,6,15,20,35,12.1540639648438,1
2017,6,15,20,35,14.1160930175781,1
2017,6,15,20,35,16.047875,1
2017,6,15,20,35,17.8536040039062,1
2017,6,15,20,35,19.8174270019531,1
2017,6,15,20,35,21.6919829101562,1
2017,6,15,20,35,23.5226850585938,1
2017,6,15,20,35,25.5478989257813,0
2017,6,15,20,35,27.3710949707031,0
2017,6,15,20,35,29.226126953125,0
2017,6,15,20,35,31.5096208496094,0
2017,6,15,20,35,33.3234370117188,0
2017,6,15,20,35,35.2855620117188,0
2017,6,15,20,35,37.1268029785156,0
2017,6,15,20,35,39.2607451171875,0
2017,6,15,20,35,41.1952368164063,0
2017,6,15,20,35,43.1405439453125,0
2017,6,15,20,35,45.2202680664062,0
2017,6,15,20,35,47.0988891601562,0
2017,6,15,20,35,48.90899609375,0
2017,6,15,20,35,50.8454848632812,0
2017,6,15,20,35,52.651501953125,0
2017,6,15,20,35,54.5853220214844,0
2017,6,15,20,35,56.5248679199219,0
2017,6,15,20,35,58.3356088867188,0
2017,6,15,20,36,0.1416279296875,0
2017,6,15,20,36,1.95901806640625,0
2017,6,15,20,36,3.82744189453125,0
2017,6,15,20,36,5.70447119140625,0
2017,6,15,20,36,7.51023510742187,0
2017,6,15,20,36,9.36003393554688,0
2017,6,15,20,36,11.3086508789062,0
2017,6,15,20,36,13.1478969726563,0
2017,6,15,20,36,14.9892390136719,0
2017,6,15,20,36,16.8713811035156,0
2017,6,15,20,36,18.6906630859375,0
2017,6,15,20,36,20.7270258789063,0
2017,6,15,20,36,22.652798828125,0
2017,6,15,20,36,24.5281889648437,0
2017,6,15,20,36,26.4598291015625,0
2017,6,15,20,36,28.3351608886719,0
2017,6,15,20,38,1.31123388671875,0
2017,6,15,20,38,3.1720400390625,0
2017,6,15,20,38,5.003876953125,0
2017,6,15,20,38,6.82102392578125,0
2017,6,15,20,38,9.06616088867188,0
2017,6,15,20,38,10.899748046875,0
2017,6,15,20,38,13.05225390625,0
2017,6,15,20,38,14.9401701660156,0
2017,6,15,20,38,16.8923098144531,0
2017,6,15,20,38,18.766708984375,0
2017,6,15,20,38,20.9267868652344,0
2017,6,15,20,38,22.8715769042969,0
2017,6,15,20,38,24.6926889648438,0
2017,6,15,20,38,26.6480419921875,0
2017,6,15,20,38,28.4538330078125,0
2017,6,15,20,38,30.4054069824219,0
2017,6,15,20,38,32.2294719238281,0
2017,6,15,20,38,34.0365859375,0
2017,6,15,20,38,35.9065219726563,0
2017,6,15,20,38,37.8120671386719,0
2017,6,15,20,38,39.729791015625,0
2017,6,15,20,38,41.7282141113281,0
2017,6,15,20,38,43.5542158203125,0
2017,6,15,20,38,45.3695339355469,0
2017,6,15,20,38,47.2849060058594,0
2017,6,15,20,38,49.0908090820312,0
2017,6,15,20,38,51.0637868652344,0
2017,6,15,20,38,53.0764860839844,0
2017,6,15,20,38,54.8825270996094,0
2017,6,15,20,38,56.6884738769531,0
2017,6,15,20,38,58.4943061523438,0
2017,6,15,20,39,0.300281982421875,0
2017,6,15,20,39,2.10622192382812,0
2017,6,15,20,39,3.9122939453125,0
2017,6,15,20,39,5.71810205078125,0
2017,6,15,20,39,7.52402001953125,0
2017,6,15,20,39,9.32981982421875,0
2017,6,15,20,39,11.1358129882813,0
2017,6,15,20,39,12.9415639648438,1
2017,6,15,20,39,14.7473508300781,1
2017,6,15,20,39,16.55333984375,1
2017,6,15,20,39,18.359087890625,1
2017,6,15,20,39,20.1649611816406,1
2017,6,15,20,39,21.9707150878906,1
2017,6,15,20,39,23.7764631347656,1
2017,6,15,20,39,25.5825241699219,1
2017,6,15,20,39,27.3881330566406,1
2017,6,15,20,39,29.1939348144531,1
2017,6,15,20,39,30.99991015625,1
2017,6,15,20,39,32.8146928710937,1
2017,6,15,20,39,34.6205029296875,1
2017,6,15,20,39,36.4263549804688,1
2017,6,15,20,39,38.2323659667969,1
2017,6,15,20,39,40.0381960449219,1
2017,6,15,20,39,41.8440969238281,1
2017,6,15,20,39,43.6498959960937,1
2017,6,15,20,39,45.4556911621094,1
2017,6,15,20,39,47.2614440917969,1
2017,6,15,20,39,49.06737890625,1
2017,6,15,20,39,50.8733178710937,1
2017,6,15,20,39,52.6789929199219,1
2017,6,15,20,39,54.4848349609375,1
2017,6,15,20,39,56.2906840820312,1
2017,6,15,20,39,58.0965070800781,1
2017,6,15,20,39,59.9023859863281,1
2017,6,15,20,40,1.7083388671875,1
2017,6,15,20,40,3.5144150390625,1
2017,6,15,20,40,5.32036987304688,1
2017,6,15,20,40,7.12626196289063,1
2017,6,15,20,40,8.93203100585938,1
2017,6,15,20,40,10.73774609375,1
2017,6,15,20,40,12.5438330078125,1
2017,6,15,20,40,14.3494838867187,1
2017,6,15,20,40,16.1552770996094,1
2017,6,15,20,40,17.9612687988281,1
2017,6,15,20,40,19.7671960449219,1
2017,6,15,20,40,21.5731188964844,1
2017,6,15,20,40,23.3788759765625,1
2017,6,15,20,40,25.1848701171875,1
2017,6,15,20,40,26.9907751464844,1
2017,6,15,20,40,28.7965888671875,1
2017,6,15,20,40,30.6023891601562,1
2017,6,15,20,40,32.4082409667969,1
2017,6,15,20,40,34.2140639648438,1
2017,6,15,20,40,36.0199228515625,1
2017,6,15,20,40,37.8256479492187,1
2017,6,15,20,40,39.6315219726563,1
2017,6,15,20,40,41.4374599609375,1
2017,6,15,20,40,43.2432338867187,1
2017,6,15,20,40,45.0490600585938,1
2017,6,15,20,40,46.8551740722656,1
2017,6,15,20,40,48.6610610351563,0
2017,6,15,20,40,50.4669790039063,0
2017,6,15,20,40,52.2727670898437,0
2017,6,15,20,40,54.0786208496094,0
2017,6,15,20,40,55.8845561523437,0
2017,6,15,20,40,57.6967438964844,0
2017,6,15,20,40,59.5025209960938,0
2017,6,15,20,41,1.30835595703125,0
2017,6,15,20,41,3.11413696289062,0
2017,6,15,20,41,4.91998803710938,0
2017,6,15,20,41,6.725955078125,0
2017,6,15,20,41,8.53168603515625,0
2017,6,15,20,41,10.3375859375,0
2017,6,15,20,41,12.1434440917969,0
2017,6,15,20,41,13.9493068847656,0
2017,6,15,20,43,41.4109599609375,0
2017,6,15,20,43,43.2439150390625,0
2017,6,15,20,43,45.25645703125,0
2017,6,15,20,43,47.219416015625,0
2017,6,15,20,43,49.1445168457031,0
2017,6,15,20,43,50.9812819824219,0
2017,6,15,20,43,52.9194331054687,0
2017,6,15,20,43,54.7439079589844,0
2017,6,15,20,43,56.665080078125,0
2017,6,15,20,43,58.4709699707031,0
2017,6,15,20,44,0.425198974609375,0
2017,6,15,20,44,2.23118212890625,0
2017,6,15,20,44,4.22990600585937,0
2017,6,15,20,44,6.40435595703125,0
2017,6,15,20,44,8.23042602539062,0
2017,6,15,20,44,10.0363581542969,0
2017,6,15,20,44,12.0838200683594,0
2017,6,15,20,44,13.911369140625,0
2017,6,15,20,44,15.8176589355469,0
2017,6,15,20,44,17.7807719726563,0
2017,6,15,20,44,19.6405397949219,0
2017,6,15,20,44,21.4615668945312,0
2017,6,15,20,44,23.4539360351563,0
2017,6,15,20,44,25.2598937988281,0
2017,6,15,20,44,27.0657150878906,0
2017,6,15,20,44,28.9075979003906,0
2017,6,15,20,44,30.9388039550781,0
2017,6,15,20,44,32.8814631347656,0
2017,6,15,20,44,34.6944699707031,0
2017,6,15,20,44,36.7324809570312,0
2017,6,15,20,44,38.6816389160156,0
2017,6,15,20,44,40.48741796875,0
2017,6,15,20,44,42.4360559082031,0
2017,6,15,20,44,44.2513420410156,0
2017,6,15,20,44,46.0902299804687,0
2017,6,15,20,44,48.1228759765625,0
2017,6,15,20,44,49.9288471679687,0
2017,6,15,20,44,51.8105720214844,0
2017,6,15,20,44,53.6612060546875,0
2017,6,15,20,44,55.4671909179688,0
2017,6,15,20,44,57.2730310058594,0
2017,6,15,20,44,59.2538500976562,0
2017,6,15,20,45,1.40628100585938,0
2017,6,15,20,45,3.2496220703125,0
2017,6,15,20,45,5.25156909179687,0
2017,6,15,20,45,6.91298510742187,0
2017,6,15,20,45,8.92293310546875,0
2017,6,15,20,45,10.7366108398438,0
2017,6,15,20,45,12.6255080566406,0
2017,6,15,20,45,14.7200368652344,0
2017,6,15,20,45,16.5831120605469,0
2017,6,15,20,45,18.388751953125,0
2017,6,15,20,45,20.4162180175781,0
2017,6,15,20,45,22.2626408691406,0
2017,6,15,20,45,24.2426970214844,0
2017,6,15,20,45,26.2658410644531,0
2017,6,15,20,45,28.1628251953125,0
2017,6,15,20,45,29.9685480957031,0
2017,6,15,20,45,31.9411340332031,0
2017,6,15,20,45,33.7749870605469,0
2017,6,15,20,45,35.7019709472656,0
2017,6,15,20,45,37.5586591796875,0
2017,6,15,20,45,39.4455500488281,0
2017,6,15,20,45,41.5533239746094,0
2017,6,15,20,45,43.3820090332031,0
2017,6,15,20,45,45.273287109375,0
2017,6,15,20,45,47.3149860839844,0
2017,6,15,20,45,49.2734660644531,0
2017,6,15,20,45,51.5042219238281,0
2017,6,15,20,45,53.3102509765625,0
2017,6,15,20,45,55.2868430175781,0
2017,6,15,20,45,57.2737670898438,0
2017,6,15,20,45,59.1110061035156,0
2017,6,15,20,46,1.3229970703125,0
2017,6,15,20,46,3.2375458984375,0
2017,6,15,20,46,5.04415991210938,0
2017,6,15,20,46,7.01580102539063,0
2017,6,15,20,46,9.10557202148438,0
2017,6,15,20,46,10.9144020996094,0
2017,6,15,20,46,12.8472131347656,0
2017,6,15,20,46,14.9161240234375,0
2017,6,15,20,46,16.7221149902344,0
2017,6,15,20,46,18.7101040039062,0
2017,6,15,20,46,20.9219428710938,0
2017,6,15,20,46,22.7276650390625,0
2017,6,15,20,46,24.5335080566406,0
2017,6,15,20,46,26.513875,0
2017,6,15,20,46,28.3195280761719,0
2017,6,15,20,46,30.3655180664062,0
2017,6,15,20,46,32.2947978515625,0
2017,6,15,20,46,34.2648859863281,0
2017,6,15,20,46,36.3546281738281,0
2017,6,15,20,46,38.2848850097656,0
2017,6,15,20,46,40.1664541015625,0
2017,6,15,20,46,42.0358479003906,0
2017,6,15,20,46,43.9462868652344,0
2017,6,15,20,46,45.9419150390625,0
2017,6,15,20,46,47.83087890625,0
2017,6,15,20,46,49.6366520996094,0
2017,6,15,20,46,51.5204370117187,0
2017,6,15,20,46,53.3263430175781,0
2017,6,15,20,46,55.3127160644531,0
2017,6,15,20,46,57.2954731445313,0
2017,6,15,20,46,59.1014868164063,0
2017,6,15,20,47,1.03823095703125,0
2017,6,15,20,47,2.9156279296875,0
2017,6,15,20,47,4.72163598632812,0
2017,6,15,20,47,6.53543212890625,0
2017,6,15,20,47,8.34119189453125,0
2017,6,15,20,47,10.1629289550781,0
2017,6,15,20,47,12.0588591308594,0
2017,6,15,20,47,14.0583459472656,0
2017,6,15,20,47,15.9597749023437,0
2017,6,15,20,47,17.9897448730469,0
2017,6,15,20,47,19.8150681152344,0
2017,6,15,20,47,21.8703041992188,0
2017,6,15,20,47,23.6924389648437,0
2017,6,15,20,47,25.7462119140625,0
2017,6,15,20,47,27.7065251464844,0
2017,6,15,20,47,29.5125061035156,0
2017,6,15,20,47,31.410080078125,0
2017,6,15,20,47,33.2160498046875,0
2017,6,15,20,47,35.0218010253906,0
2017,6,15,20,47,37.1251608886719,0
2017,6,15,20,47,38.9556811523438,0
2017,6,15,20,47,41.0332451171875,0
2017,6,15,20,47,43.0165400390625,0
2017,6,15,20,47,44.9474990234375,0
2017,6,15,20,47,47.0760209960938,0
2017,6,15,20,47,49.0897609863281,0
2017,6,15,20,47,50.9772270507813,0
2017,6,15,20,47,52.9046508789063,0
2017,6,15,20,47,54.762125,0
2017,6,15,20,47,56.7500100097656,0
2017,6,15,20,47,58.5560190429687,0
2017,6,15,20,48,0.405736083984375,0
2017,6,15,20,48,2.32773803710938,0
2017,6,15,20,48,4.133578125,0
2017,6,15,20,48,6.0080859375,0
2017,6,15,20,48,7.98852490234375,0
2017,6,15,20,48,10.0204060058594,0
2017,6,15,20,48,12.0528481445313,0
2017,6,15,20,48,13.99483984375,0
2017,6,15,20,48,15.9210988769531,0
2017,6,15,20,48,17.8905561523437,0
2017,6,15,20,48,19.7347309570312,0
2017,6,15,20,48,21.6788859863281,0
2017,6,15,20,48,23.6898920898437,0
2017,6,15,20,48,25.5493049316406,0
2017,6,15,20,48,27.6082390136719,0
2017,6,15,20,48,29.4183481445313,0
2017,6,15,20,48,31.3785969238281,0
2017,6,15,20,48,33.2351611328125,0
2017,6,15,20,48,35.1670698242187,0
2017,6,15,20,48,36.9788020019531,0
2017,6,15,20,48,38.9043649902344,0
2017,6,15,20,48,40.8313569335938,0
2017,6,15,20,48,42.7289150390625,0
2017,6,15,20,48,44.5746511230469,0
2017,6,15,20,48,46.4269890136719,0
2017,6,15,20,48,48.3231511230469,0
2017,6,15,20,48,50.1291630859375,0
2017,6,15,20,48,52.0931540527344,0
2017,6,15,20,48,54.0335620117188,0
2017,6,15,20,48,55.9716789550781,0
2017,6,15,20,48,58.0421608886719,0
2017,6,15,20,48,59.9704338378906,0
2017,6,15,20,49,1.95526416015625,0
2017,6,15,20,49,3.7698779296875,0
2017,6,15,20,49,5.78064599609375,0
2017,6,15,20,49,7.62385595703125,0
2017,6,15,20,49,9.61484008789063,0
2017,6,15,20,49,11.5363549804688,0
2017,6,15,20,49,13.3602431640625,0
2017,6,15,20,49,15.1957751464844,0
2017,6,15,20,49,17.0941091308594,0
