Year,Month,Day,Hour,Minute,Second,Classification
2017,6,6,18,52,12.9498889160156,0
2017,6,6,18,52,14.7557658691406,0
2017,6,6,18,52,16.5616208496094,0
2017,6,6,18,52,18.3674670410156,0
2017,6,6,18,52,20.1734360351563,0
2017,6,6,18,52,21.9793740234375,0
2017,6,6,18,52,23.7852880859375,0
2017,6,6,18,52,25.5911159667969,0
2017,6,6,18,52,27.3969318847656,0
2017,6,6,18,52,29.2027431640625,0
2017,6,6,18,52,31.0085969238281,0
2017,6,6,18,52,32.8145229492187,0
2017,6,6,18,52,34.6203950195313,0
2017,6,6,18,52,36.426125,0
2017,6,6,18,52,38.2319680175781,0
2017,6,6,18,52,40.0378950195312,0
2017,6,6,18,52,41.8438000488281,0
2017,6,6,18,52,43.6495520019531,0
2017,6,6,18,52,45.4552978515625,0
2017,6,6,18,52,47.2611958007813,0
2017,6,6,18,52,49.067125,0
2017,6,6,18,52,50.8729091796875,0
2017,6,6,18,52,52.6786850585938,0
2017,6,6,18,52,54.4845300292969,0
2017,6,6,18,52,56.2903481445313,0
2017,6,6,18,52,58.0963071289062,0
2017,6,6,18,52,59.9021789550781,0
2017,6,6,18,53,1.7079091796875,0
2017,6,6,18,53,3.51373803710938,0
2017,6,6,18,53,5.31939916992187,0
2017,6,6,18,53,7.12516796875,0
2017,6,6,18,53,8.93098681640625,0
2017,6,6,18,53,10.7367060546875,0
2017,6,6,18,53,12.5424868164062,0
2017,6,6,18,53,14.3481618652344,0
2017,6,6,18,53,16.1541059570312,0
2017,6,6,18,53,17.9598579101562,0
2017,6,6,18,53,19.7657380371094,0
2017,6,6,18,53,21.571458984375,0
2017,6,6,18,53,23.3773549804687,0
2017,6,6,18,53,25.1830280761719,0
2017,6,6,18,53,26.9887048339844,0
2017,6,6,18,53,28.7944509277344,0
2017,6,6,18,53,30.60028515625,0
2017,6,6,18,53,32.4060891113281,0
2017,6,6,18,53,34.2119750976562,0
2017,6,6,18,53,36.0177180175781,0
2017,6,6,18,53,37.8235500488281,0
2017,6,6,18,53,39.6293959960937,0
2017,6,6,18,53,41.4353098144531,0
2017,6,6,18,53,43.2411279296875,0
2017,6,6,18,53,45.0469729003906,0
2017,6,6,18,53,46.8527270507812,0
2017,6,6,18,53,48.6584770507813,0
2017,6,6,18,53,50.4643229980469,0
2017,6,6,18,53,52.27012109375,0
2017,6,6,18,53,54.0759169921875,0
2017,6,6,18,53,55.8816188964844,0
2017,6,6,18,53,57.6874079589844,0
2017,6,6,18,53,59.4932810058594,0
2017,6,6,18,54,1.29916186523438,0
2017,6,6,18,54,3.10522900390625,0
2017,6,6,18,54,4.910828125,0
2017,6,6,18,54,6.71651904296875,0
2017,6,6,18,54,8.52235302734375,0
2017,6,6,18,54,10.3280539550781,0
2017,6,6,18,54,12.1337768554687,0
2017,6,6,18,54,13.9396059570313,0
2017,6,6,18,54,15.7454887695312,0
2017,6,6,18,54,17.5512280273438,0
2017,6,6,18,54,19.3569331054688,0
2017,6,6,18,54,21.1626669921875,0
2017,6,6,18,54,22.9684790039062,0
2017,6,6,18,54,24.7743439941406,0
2017,6,6,18,54,26.5800222167969,0
2017,6,6,18,54,28.3858029785156,0
2017,6,6,18,54,30.1916130371094,0
2017,6,6,18,54,31.9974821777344,0
2017,6,6,18,54,33.8033029785156,0
2017,6,6,18,54,35.6090600585937,0
2017,6,6,18,54,37.4150109863281,0
2017,6,6,18,54,39.2209301757812,0
2017,6,6,18,54,41.0267189941406,0
2017,6,6,18,54,42.8326840820312,0
2017,6,6,18,54,44.6383979492187,0
2017,6,6,18,54,46.444294921875,0
2017,6,6,18,54,48.2500969238281,0
2017,6,6,18,54,50.0560478515625,0
2017,6,6,18,54,51.8620100097656,0
2017,6,6,18,54,53.6677629394531,0
2017,6,6,18,54,55.4734299316406,0
2017,6,6,18,54,57.2793190917969,0
2017,6,6,18,54,59.0851430664063,0
2017,6,6,18,55,0.891053955078125,0
2017,6,6,18,55,2.69703784179687,0
2017,6,6,18,55,4.50277392578125,0
2017,6,6,18,55,6.30865795898437,0
2017,6,6,18,55,8.11784008789063,0
2017,6,6,18,55,9.92379809570313,0
2017,6,6,18,55,11.7296508789063,0
2017,6,6,18,55,13.5354760742187,0
2017,6,6,18,55,15.3412609863281,0
2017,6,6,18,55,17.1472919921875,0
2017,6,6,18,55,18.9531218261719,0
2017,6,6,18,55,20.7588869628906,0
2017,6,6,18,55,22.5645671386719,0
2017,6,6,18,55,24.3702231445312,0
2017,6,6,18,55,26.1761728515625,0
2017,6,6,18,55,27.9820671386719,0
2017,6,6,18,55,29.7877331542969,0
2017,6,6,18,55,31.5935339355469,0
2017,6,6,18,55,33.39924609375,0
2017,6,6,18,55,35.2049379882813,0
2017,6,6,18,55,37.0107810058594,0
2017,6,6,18,55,38.8166188964844,0
2017,6,6,18,55,40.62250390625,0
2017,6,6,18,55,42.4281809082031,0
2017,6,6,18,55,44.2339050292969,0
2017,6,6,18,55,46.0396389160156,0
2017,6,6,18,55,47.8460021972656,0
2017,6,6,18,55,49.6519270019531,0
2017,6,6,18,55,51.457587890625,0
2017,6,6,18,55,53.2634260253906,0
2017,6,6,18,55,55.0693139648438,0
2017,6,6,18,55,56.8749799804688,0
2017,6,6,18,55,58.6806369628906,0
2017,6,6,18,56,0.486512939453125,0
2017,6,6,18,56,2.29240600585937,0
2017,6,6,18,56,4.09825903320313,0
2017,6,6,18,56,5.90385009765625,0
2017,6,6,18,56,7.70971801757813,0
2017,6,6,18,56,9.51563818359375,0
2017,6,6,18,56,11.3214978027344,0
2017,6,6,18,56,13.1271611328125,0
2017,6,6,18,56,14.9329208984375,0
2017,6,6,18,56,16.7388029785156,0
2017,6,6,18,56,18.5447048339844,0
2017,6,6,18,56,20.3504060058594,0
2017,6,6,18,56,22.1561889648438,0
2017,6,6,18,56,23.9619689941406,0
2017,6,6,18,56,25.7679230957031,0
2017,6,6,18,56,27.5738608398437,0
2017,6,6,18,56,29.3796459960937,0
2017,6,6,18,56,31.1855258789063,0
2017,6,6,18,56,32.9913161621094,0
2017,6,6,18,56,34.7970290527344,0
2017,6,6,18,56,36.6028830566406,0
2017,6,6,18,56,38.408662109375,0
2017,6,6,18,56,40.2143208007813,0
2017,6,6,18,56,42.0202829589844,0
2017,6,6,18,56,43.8262299804688,0
2017,6,6,18,56,45.6320441894531,0
2017,6,6,18,56,47.4378850097656,0
2017,6,6,18,56,49.2438271484375,0
2017,6,6,18,56,51.0498618164062,0
2017,6,6,18,56,52.8555390625,0
2017,6,6,18,56,54.6614611816406,0
2017,6,6,18,56,56.4673020019531,0
2017,6,6,18,56,58.2732109375,0
2017,6,6,18,57,0.078879150390625,0
2017,6,6,18,57,1.8847880859375,0
2017,6,6,18,57,3.69048681640625,0
2017,6,6,18,57,5.49614916992187,0
2017,6,6,18,57,7.30188500976563,0
2017,6,6,18,57,9.10763916015625,0
2017,6,6,18,57,10.9134440917969,0
2017,6,6,18,57,12.7191528320313,0
2017,6,6,18,57,14.5248498535156,0
2017,6,6,18,57,16.3310690917969,0
2017,6,6,18,57,18.1368410644531,0
2017,6,6,18,57,19.9427380371094,0
2017,6,6,18,57,21.7484680175781,0
2017,6,6,18,57,23.5542700195312,0
2017,6,6,18,57,25.3599519042969,0
2017,6,6,18,57,27.1657888183594,0
2017,6,6,18,57,28.9715920410156,0
2017,6,6,18,57,30.7774689941406,0
2017,6,6,18,57,32.5833071289062,0
2017,6,6,18,57,34.3889780273437,0
2017,6,6,18,57,36.1949150390625,0
2017,6,6,18,57,38.0072587890625,0
2017,6,6,18,57,39.8132099609375,0
2017,6,6,18,57,41.6188828125,0
2017,6,6,18,57,43.42475390625,0
2017,6,6,18,57,45.2311059570312,0
2017,6,6,18,57,47.0366369628906,1
2017,6,6,18,57,48.8424001464844,1
2017,6,6,18,57,50.6482570800781,1
2017,6,6,18,57,52.4541340332031,1
2017,6,6,18,57,54.2598430175781,1
2017,6,6,18,57,56.0657800292969,2
2017,6,6,18,57,57.8719870605469,2
2017,6,6,18,57,59.67791796875,2
2017,6,6,18,58,1.4837880859375,2
2017,6,6,18,58,3.28959106445313,2
2017,6,6,18,58,5.09524487304687,2
2017,6,6,18,58,6.90117895507812,2
2017,6,6,18,58,8.7069130859375,2
2017,6,6,18,58,10.5128640136719,2
2017,6,6,18,58,12.3187028808594,2
2017,6,6,18,58,14.1245649414063,2
2017,6,6,18,58,15.930255859375,2
2017,6,6,18,58,17.736171875,2
2017,6,6,18,58,19.5420187988281,2
2017,6,6,18,58,21.3477248535156,2
2017,6,6,18,58,23.1534470214844,2
2017,6,6,18,58,24.9593330078125,2
2017,6,6,18,58,26.7651491699219,2
2017,6,6,18,58,28.5709470214844,2
2017,6,6,18,58,30.3769030761719,2
2017,6,6,18,58,32.1827609863281,2
2017,6,6,18,58,33.9885119628906,2
2017,6,6,18,58,35.7942651367187,2
2017,6,6,18,58,37.6002009277344,2
2017,6,6,18,58,39.4061179199219,2
2017,6,6,18,58,41.2120400390625,2
2017,6,6,18,58,43.0176840820313,2
2017,6,6,18,58,44.8236359863281,2
2017,6,6,18,58,46.6294169921875,2
2017,6,6,18,58,48.4353071289063,2
2017,6,6,18,58,50.2412231445312,2
2017,6,6,18,58,52.0470959472656,2
2017,6,6,18,58,53.8530959472656,2
2017,6,6,18,58,55.6587651367187,2
2017,6,6,18,58,57.4647099609375,2
2017,6,6,18,58,59.2703979492187,2
2017,6,6,18,59,1.07634716796875,2
2017,6,6,18,59,2.8822451171875,2
2017,6,6,18,59,4.68819189453125,2
2017,6,6,18,59,6.50490600585938,2
2017,6,6,18,59,8.310662109375,2
2017,6,6,18,59,10.1164379882813,2
2017,6,6,18,59,11.9221689453125,2
2017,6,6,18,59,13.7280610351562,2
2017,6,6,18,59,15.53391015625,2
2017,6,6,18,59,17.3395900878906,0
2017,6,6,18,59,19.1454460449219,0
2017,6,6,18,59,20.9511311035156,0
2017,6,6,18,59,22.7570109863281,0
2017,6,6,18,59,24.5627399902344,0
2017,6,6,18,59,26.3686499023438,0
2017,6,6,18,59,28.2319909667969,0
2017,6,6,18,59,30.0448679199219,0
2017,6,6,18,59,33.7849208984375,0
2017,6,6,18,59,35.7541689453125,0
2017,6,6,18,59,37.5599091796875,0
2017,6,6,18,59,39.3657041015625,0
2017,6,6,18,59,41.1714758300781,0
2017,6,6,18,59,42.9773911132813,0
2017,6,6,18,59,44.7831970214844,0
2017,6,6,18,59,46.5889060058594,0
2017,6,6,18,59,48.394830078125,0
2017,6,6,18,59,50.2006188964844,2
2017,6,6,18,59,52.0065268554687,2
2017,6,6,18,59,53.8124689941406,2
2017,6,6,18,59,55.6181899414062,2
2017,6,6,18,59,57.4242041015625,2
2017,6,6,18,59,59.500876953125,2
2017,6,6,19,0,1.96176611328125,2
2017,6,6,19,0,5.73520703125,2
2017,6,6,19,0,7.54086596679687,2
2017,6,6,19,0,9.34680517578125,2
2017,6,6,19,0,11.1525329589844,2
2017,6,6,19,0,12.9583471679687,2
2017,6,6,19,0,14.7643520507813,2
2017,6,6,19,0,16.5700021972656,2
2017,6,6,19,0,18.37583203125,2
2017,6,6,19,0,20.1816950683594,2
2017,6,6,19,0,21.9874328613281,2
2017,6,6,19,0,23.7932060546875,2
2017,6,6,19,0,25.5990200195312,2
2017,6,6,19,0,27.4055720214844,2
2017,6,6,19,0,29.2114318847656,2
2017,6,6,19,0,31.017166015625,2
2017,6,6,19,0,32.8228271484375,2
2017,6,6,19,0,34.6287670898437,2
2017,6,6,19,0,36.4344331054687,2
2017,6,6,19,0,38.240259765625,2
2017,6,6,19,0,40.0461579589844,1
2017,6,6,19,0,41.852005859375,1
2017,6,6,19,0,43.6578859863281,1
2017,6,6,19,0,45.4636530761719,1
2017,6,6,19,0,47.2695439453125,1
2017,6,6,19,0,49.0756669921875,1
2017,6,6,19,0,50.8809069824219,1
2017,6,6,19,0,52.6866069335938,1
2017,6,6,19,0,54.4925087890625,1
2017,6,6,19,0,56.2983120117187,1
2017,6,6,19,0,58.1041301269531,1
2017,6,6,19,0,59.9098029785156,1
2017,6,6,19,1,1.715833984375,1
2017,6,6,19,1,3.5217060546875,1
2017,6,6,19,1,5.32761791992187,1
2017,6,6,19,1,7.13330590820313,1
2017,6,6,19,1,8.939166015625,1
2017,6,6,19,1,10.7450717773437,1
2017,6,6,19,1,12.5508239746094,1
2017,6,6,19,1,14.3568959960937,1
2017,6,6,19,1,16.1628330078125,1
2017,6,6,19,1,17.9686748046875,1
2017,6,6,19,1,19.7744509277344,1
2017,6,6,19,1,21.58012890625,1
2017,6,6,19,1,23.3861279296875,1
2017,6,6,19,1,25.1919392089844,1
2017,6,6,19,1,26.9976857910156,1
2017,6,6,19,1,28.80358203125,1
2017,6,6,19,1,30.6093481445312,1
2017,6,6,19,1,32.4150988769531,1
2017,6,6,19,1,34.2207780761719,1
2017,6,6,19,1,36.02674609375,1
2017,6,6,19,1,37.8326162109375,1
2017,6,6,19,1,39.6384001464844,1
2017,6,6,19,1,41.4441618652344,1
2017,6,6,19,1,43.2500778808594,1
2017,6,6,19,1,45.055828125,1
2017,6,6,19,1,46.8615720214844,1
2017,6,6,19,1,48.6674370117187,1
2017,6,6,19,1,50.4733068847656,1
2017,6,6,19,1,52.2792280273437,1
2017,6,6,19,1,54.0850649414063,1
2017,6,6,19,1,55.8908520507812,1
2017,6,6,19,1,57.6966628417969,1
2017,6,6,19,1,59.5024130859375,1
2017,6,6,19,2,1.30818115234375,1
2017,6,6,19,2,3.11413793945313,1
2017,6,6,19,2,4.91994604492188,1
2017,6,6,19,2,6.72588305664063,1
2017,6,6,19,2,8.53180004882812,1
2017,6,6,19,2,10.3377768554687,1
2017,6,6,19,2,12.1434560546875,1
2017,6,6,19,2,13.9493352050781,0
2017,6,6,19,2,15.7552431640625,0
2017,6,6,19,2,17.5686669921875,0
2017,6,6,19,2,19.3744321289062,0
2017,6,6,19,2,21.1801391601563,0
2017,6,6,19,2,22.9859108886719,0
2017,6,6,19,2,24.7915881347656,0
2017,6,6,19,2,26.5973139648437,0
2017,6,6,19,2,28.4030590820312,0
2017,6,6,19,2,30.2087458496094,0
2017,6,6,19,2,32.0146530761719,0
2017,6,6,19,2,33.8205339355469,0
2017,6,6,19,2,35.6264719238281,0
2017,6,6,19,2,37.4322299804687,0
2017,6,6,19,2,39.238,0
2017,6,6,19,2,41.0438188476562,1
2017,6,6,19,2,42.8594301757812,1
2017,6,6,19,2,44.6651931152344,1
2017,6,6,19,2,46.4710988769531,1
2017,6,6,19,2,48.2770339355469,1
2017,6,6,19,2,50.0828061523437,1
2017,6,6,19,2,51.888828125,1
2017,6,6,19,2,53.6945021972656,1
2017,6,6,19,2,55.5004301757812,1
2017,6,6,19,2,57.3061730957031,1
2017,6,6,19,2,59.1120419921875,1
2017,6,6,19,3,0.917864990234375,1
2017,6,6,19,3,2.72379907226563,1
2017,6,6,19,3,4.52969189453125,1
2017,6,6,19,3,6.3356240234375,1
2017,6,6,19,3,8.14140600585938,1
2017,6,6,19,3,9.947212890625,1
2017,6,6,19,3,11.7528679199219,1
2017,6,6,19,3,13.5586418457031,1
2017,6,6,19,3,15.3644189453125,1
2017,6,6,19,3,17.170171875,1
2017,6,6,19,3,18.9761301269531,1
2017,6,6,19,3,20.7820051269531,1
2017,6,6,19,3,22.5879560546875,1
2017,6,6,19,3,24.3936259765625,1
2017,6,6,19,3,26.1997028808594,1
2017,6,6,19,3,28.0055009765625,1
2017,6,6,19,3,29.8111779785156,1
2017,6,6,19,3,31.6169660644531,1
2017,6,6,19,3,33.4226401367187,1
2017,6,6,19,3,35.2284560546875,1
2017,6,6,19,3,37.034373046875,1
2017,6,6,19,3,38.8404089355469,1
2017,6,6,19,3,40.6461311035156,1
2017,6,6,19,3,42.4518818359375,1
2017,6,6,19,3,44.2583020019531,1
2017,6,6,19,3,46.0641337890625,1
2017,6,6,19,3,47.8701528320313,1
2017,6,6,19,3,49.6760249023437,1
2017,6,6,19,3,51.4819409179687,1
2017,6,6,19,3,53.2878139648437,0
2017,6,6,19,3,55.0936179199219,0
2017,6,6,19,3,56.8995249023437,0
2017,6,6,19,3,58.70528515625,0
2017,6,6,19,4,0.51106103515625,0
2017,6,6,19,4,2.31681982421875,0
2017,6,6,19,4,4.12259301757812,0
2017,6,6,19,4,5.92840600585938,0
2017,6,6,19,4,7.73432104492187,0
2017,6,6,19,4,9.53998217773437,0
2017,6,6,19,4,11.3457429199219,0
2017,6,6,19,4,13.1516079101562,0
2017,6,6,19,4,14.9572729492187,0
2017,6,6,19,4,16.7631630859375,0
2017,6,6,19,4,18.569048828125,0
2017,6,6,19,4,20.374708984375,0
2017,6,6,19,4,22.1804047851562,0
2017,6,6,19,4,23.9863330078125,0
2017,6,6,19,4,25.792037109375,0
2017,6,6,19,4,27.5976918945312,0
2017,6,6,19,4,29.403373046875,0
2017,6,6,19,4,31.2090639648438,0
2017,6,6,19,4,33.0148498535156,0
2017,6,6,19,4,36.8420810546875,0
2017,6,6,19,4,40.138876953125,0
2017,6,6,19,4,42.7155300292969,0
2017,6,6,19,4,44.5211899414062,0
2017,6,6,19,4,46.3269519042969,0
2017,6,6,19,4,48.1372312011719,0
2017,6,6,19,4,49.9396218261719,0
2017,6,6,19,4,51.7454331054687,0
2017,6,6,19,4,53.5512709960937,0
2017,6,6,19,4,55.3569851074219,0
2017,6,6,19,4,57.5175639648438,0
2017,6,6,19,4,59.4188220214844,0
2017,6,6,19,5,1.3134970703125,0
2017,6,6,19,5,3.11931201171875,0
2017,6,6,19,5,4.92523193359375,0
2017,6,6,19,5,6.73097998046875,0
2017,6,6,19,5,8.53682592773437,0
2017,6,6,19,5,10.342703125,0
2017,6,6,19,5,12.1485419921875,0
2017,6,6,19,5,13.9542180175781,0
2017,6,6,19,5,15.7601162109375,0
2017,6,6,19,5,17.5660119628906,0
2017,6,6,19,5,19.3716899414062,0
2017,6,6,19,5,21.1774331054688,0
2017,6,6,19,5,22.9833400878906,0
2017,6,6,19,5,24.7891459960938,0
2017,6,6,19,5,26.5949399414062,0
2017,6,6,19,5,28.400875,0
2017,6,6,19,5,30.206787109375,0
2017,6,6,19,5,32.0127971191406,0
2017,6,6,19,5,33.8184799804688,0
2017,6,6,19,5,35.6243190917969,0
2017,6,6,19,5,37.4301901855469,0
2017,6,6,19,5,39.2360078125,0
2017,6,6,19,5,41.0416860351563,0
2017,6,6,19,5,42.8473762207031,0
2017,6,6,19,5,44.6534379882812,0
2017,6,6,19,5,46.459248046875,0
2017,6,6,19,5,48.2649709472656,0
2017,6,6,19,5,50.0707341308594,0
2017,6,6,19,5,51.8764738769531,0
2017,6,6,19,5,53.6823420410156,0
2017,6,6,19,5,55.4881979980469,0
2017,6,6,19,5,57.2941989746094,0
2017,6,6,19,5,59.0998740234375,0
2017,6,6,19,6,0.9679228515625,0
2017,6,6,19,6,2.81789990234375,0
2017,6,6,19,6,4.7456611328125,0
2017,6,6,19,6,6.7134140625,0
2017,6,6,19,6,8.64487915039063,0
2017,6,6,19,6,10.4508120117187,0
2017,6,6,19,6,12.2566030273438,0
2017,6,6,19,6,14.0624958496094,0
2017,6,6,19,6,15.8683720703125,0
2017,6,6,19,6,17.6741430664062,0
2017,6,6,19,6,19.4799211425781,0
2017,6,6,19,6,21.2857958984375,0
2017,6,6,19,6,23.0914929199219,0
2017,6,6,19,6,24.8971491699219,0
2017,6,6,19,6,26.7030229492187,0
2017,6,6,19,6,28.508865234375,0
2017,6,6,19,6,30.3148540039063,0
2017,6,6,19,6,32.1206618652344,0
2017,6,6,19,6,33.9265520019531,0
2017,6,6,19,6,35.7323830566406,0
2017,6,6,19,6,37.5382709960938,0
2017,6,6,19,6,39.3441411132813,0
2017,6,6,19,6,41.149833984375,0
2017,6,6,19,6,42.9555471191406,0
2017,6,6,19,6,44.7612541503906,0
2017,6,6,19,6,46.5670148925781,0
2017,6,6,19,6,48.3727778320312,0
2017,6,6,19,6,50.1784611816406,0
2017,6,6,19,6,51.9843271484375,0
2017,6,6,19,6,53.7901640625,0
2017,6,6,19,6,55.59591796875,0
2017,6,6,19,6,57.40162890625,0
2017,6,6,19,6,59.2075659179688,0
2017,6,6,19,7,1.01340502929688,0
2017,6,6,19,7,2.81921801757812,0
2017,6,6,19,7,4.62811987304687,0
2017,6,6,19,7,6.43405102539062,0
2017,6,6,19,7,8.23993603515625,0
2017,6,6,19,7,10.0459909667969,0
2017,6,6,19,7,11.8517219238281,0
2017,6,6,19,7,13.6574140625,0
2017,6,6,19,7,15.4631240234375,0
2017,6,6,19,7,17.2688020019531,0
2017,6,6,19,7,19.0745849609375,0
2017,6,6,19,7,20.8802700195312,0
2017,6,6,19,7,22.6861928710937,0
2017,6,6,19,7,24.4921091308594,0
2017,6,6,19,7,26.2980581054688,0
2017,6,6,19,7,28.1038820800781,0
2017,6,6,19,7,29.9096721191406,0
2017,6,6,19,7,31.7156879882812,0
2017,6,6,19,7,33.5214670410156,0
2017,6,6,19,7,35.3273569335937,0
2017,6,6,19,7,37.1333100585938,0
2017,6,6,19,7,38.9391469726563,0
2017,6,6,19,7,40.7449318847656,0
2017,6,6,19,7,42.5507810058594,0
2017,6,6,19,7,44.3571259765625,0
2017,6,6,19,7,46.1628850097656,0
2017,6,6,19,7,47.9685700683594,0
2017,6,6,19,7,49.7744770507813,0
2017,6,6,19,7,51.5803188476563,0
2017,6,6,19,7,53.3860170898437,0
2017,6,6,19,7,55.1917268066406,0
2017,6,6,19,7,56.99758203125,0
2017,6,6,19,7,58.8034311523437,0
2017,6,6,19,8,0.609296142578125,0
2017,6,6,19,8,2.41523291015625,0
2017,6,6,19,8,4.22105590820312,0
2017,6,6,19,8,6.02711401367188,0
2017,6,6,19,8,7.83283081054688,0
2017,6,6,19,8,9.6385751953125,0
2017,6,6,19,8,11.4442849121094,0
2017,6,6,19,8,13.2501271972656,0
2017,6,6,19,8,15.0558469238281,0
2017,6,6,19,8,16.861548828125,0
2017,6,6,19,8,18.6673369140625,0
2017,6,6,19,8,20.4731281738281,0
2017,6,6,19,8,22.2789030761719,0
2017,6,6,19,8,24.0845729980469,0
2017,6,6,19,8,25.8904460449219,0
2017,6,6,19,8,27.6961979980469,0
2017,6,6,19,8,29.5084230957031,0
2017,6,6,19,8,31.314078125,0
2017,6,6,19,8,33.119826171875,0
2017,6,6,19,8,34.9257199707031,0
2017,6,6,19,8,36.7314438476563,0
2017,6,6,19,8,38.5371220703125,0
2017,6,6,19,8,40.3428161621094,0
2017,6,6,19,8,42.1486069335937,0
2017,6,6,19,8,43.9543171386719,0
2017,6,6,19,8,45.7600610351562,0
2017,6,6,19,8,47.5658010253906,0
2017,6,6,19,8,49.3715920410156,0
2017,6,6,19,8,51.1774211425781,0
2017,6,6,19,8,52.9833420410156,0
2017,6,6,19,8,54.7890739746094,0
2017,6,6,19,8,56.5947299804687,0
2017,6,6,19,8,58.4005078125,0
2017,6,6,19,9,0.206198974609375,0
2017,6,6,19,9,2.01210595703125,0
2017,6,6,19,9,3.81778100585937,0
2017,6,6,19,9,5.62352807617188,0
2017,6,6,19,9,7.4292890625,0
2017,6,6,19,9,9.23507104492188,0
2017,6,6,19,9,11.0408720703125,0
2017,6,6,19,9,12.8467810058594,0
2017,6,6,19,9,14.6527368164063,0
2017,6,6,19,9,16.4588068847656,0
2017,6,6,19,9,18.2647241210937,0
2017,6,6,19,9,20.0705739746094,0
2017,6,6,19,9,21.8762399902344,0
2017,6,6,19,9,23.6820119628906,0
2017,6,6,19,9,25.4877451171875,0
2017,6,6,19,9,27.293541015625,0
2017,6,6,19,9,29.0992739257813,0
2017,6,6,19,9,30.9051110839844,0
2017,6,6,19,9,32.7108259277344,0
2017,6,6,19,9,34.5167600097656,0
2017,6,6,19,9,36.3226918945313,0
2017,6,6,19,9,38.1285190429687,0
2017,6,6,19,9,39.9344270019531,0
2017,6,6,19,9,41.7401909179687,0
2017,6,6,19,9,43.5460168457031,0
2017,6,6,19,9,45.3516979980469,0
2017,6,6,19,9,47.1574780273437,0
2017,6,6,19,9,48.963287109375,0
2017,6,6,19,9,50.7690439453125,0
2017,6,6,19,9,52.5746970214844,0
2017,6,6,19,17,2.97514501953125,0
2017,6,6,19,17,4.78084887695312,0
2017,6,6,19,17,6.5865380859375,0
2017,6,6,19,17,8.39241284179687,0
2017,6,6,19,17,10.1981779785156,0
2017,6,6,19,17,12.0039018554688,0
2017,6,6,19,17,13.8216281738281,0
2017,6,6,19,17,15.6274069824219,0
2017,6,6,19,17,17.4331928710937,0
2017,6,6,19,17,19.5426770019531,0
2017,6,6,19,17,21.3486569824219,0
2017,6,6,19,17,23.1543737792969,0
2017,6,6,19,17,24.9601208496094,0
2017,6,6,19,17,26.765994140625,0
2017,6,6,19,17,28.5718801269531,0
2017,6,6,19,17,30.3777412109375,0
2017,6,6,19,17,32.29383203125,0
2017,6,6,19,17,34.0997231445312,0
2017,6,6,19,17,35.9055400390625,0
2017,6,6,19,17,37.7116799316406,0
2017,6,6,19,17,39.5175590820312,0
2017,6,6,19,17,41.3233239746094,0
2017,6,6,19,17,43.1292651367188,0
2017,6,6,19,17,44.9351450195312,0
2017,6,6,19,17,46.7409169921875,0
2017,6,6,19,17,48.5468081054687,0
2017,6,6,19,17,50.352462890625,0
2017,6,6,19,17,52.1583259277344,0
2017,6,6,19,17,53.9640329589844,0
2017,6,6,19,17,55.7699050292969,0
2017,6,6,19,17,57.5758039550781,0
2017,6,6,19,17,59.3814890136719,0
2017,6,6,19,18,1.18731176757813,0
2017,6,6,19,18,2.99323291015625,0
2017,6,6,19,18,4.79888598632813,0
2017,6,6,19,18,6.60458813476563,0
2017,6,6,19,18,8.4102470703125,0
2017,6,6,19,18,10.2160959472656,0
2017,6,6,19,18,12.0218669433594,0
2017,6,6,19,18,13.8276259765625,0
2017,6,6,19,18,15.6333879394531,0
2017,6,6,19,18,17.4392358398438,0
2017,6,6,19,18,19.2451838378906,0
2017,6,6,19,18,21.0509809570312,0
2017,6,6,19,18,22.8566970214844,0
2017,6,6,19,18,24.6624240722656,0
2017,6,6,19,18,26.4681159667969,0
2017,6,6,19,18,28.2738049316406,0
2017,6,6,19,18,30.0795620117187,0
2017,6,6,19,18,31.8854370117188,0
2017,6,6,19,18,33.6912690429687,0
2017,6,6,19,18,35.4968759765625,0
2017,6,6,19,18,37.3026440429688,0
2017,6,6,19,18,39.108494140625,0
2017,6,6,19,18,40.9143239746094,0
2017,6,6,19,18,42.7202138671875,0
2017,6,6,19,18,44.5259750976563,0
2017,6,6,19,18,46.3319541015625,0
2017,6,6,19,18,48.1377290039063,0
2017,6,6,19,18,49.9435749511719,0
2017,6,6,19,18,51.7493469238281,0
2017,6,6,19,18,53.5550671386719,0
2017,6,6,19,18,55.3609799804687,0
2017,6,6,19,18,57.1667080078125,0
2017,6,6,19,18,58.9727980957031,0
2017,6,6,19,19,0.778738037109375,0
2017,6,6,19,19,2.58463916015625,0
2017,6,6,19,19,4.39048608398438,0
2017,6,6,19,19,6.19640698242188,0
2017,6,6,19,19,8.00953002929688,0
2017,6,6,19,19,9.81540405273437,0
2017,6,6,19,19,11.6211989746094,0
2017,6,6,19,19,13.4268940429687,0
2017,6,6,19,19,15.2327548828125,0
2017,6,6,19,19,17.0385219726562,0
2017,6,6,19,19,18.844283203125,0
2017,6,6,19,19,20.6501689453125,0
2017,6,6,19,19,22.4559150390625,0
2017,6,6,19,19,24.2616420898438,0
2017,6,6,19,19,26.0675,0
2017,6,6,19,19,27.8731730957031,0
2017,6,6,19,19,29.6789729003906,0
2017,6,6,19,19,31.4847131347656,0
2017,6,6,19,19,33.2906340332031,0
2017,6,6,19,19,35.0963359375,0
2017,6,6,19,19,36.9020419921875,0
2017,6,6,19,19,38.7078029785156,0
2017,6,6,19,19,40.51362109375,0
2017,6,6,19,19,42.3195209960938,0
2017,6,6,19,19,44.1253869628906,0
2017,6,6,19,19,45.9310939941406,0
2017,6,6,19,19,47.7368540039063,0
2017,6,6,19,19,49.5428200683594,0
2017,6,6,19,19,51.3484741210938,0
2017,6,6,19,19,53.154375,0
2017,6,6,19,19,54.9601369628906,0
2017,6,6,19,19,56.7658979492187,0
2017,6,6,19,19,58.5717312011719,0
2017,6,6,19,20,0.3845888671875,0
2017,6,6,19,20,2.19025,0
2017,6,6,19,20,3.9959619140625,0
2017,6,6,19,20,5.8017890625,0
2017,6,6,19,20,7.60769287109375,0
2017,6,6,19,20,9.41355908203125,0
2017,6,6,19,20,11.2191301269531,0
2017,6,6,19,20,13.0250297851562,0
2017,6,6,19,20,14.8307568359375,0
2017,6,6,19,20,16.6365559082031,0
2017,6,6,19,20,18.4424331054688,0
2017,6,6,19,20,20.2483950195313,0
2017,6,6,19,20,22.054248046875,0
2017,6,6,19,20,23.8599851074219,0
2017,6,6,19,20,25.665921875,0
2017,6,6,19,20,27.4716101074219,0
2017,6,6,19,20,29.2773698730469,0
2017,6,6,19,20,31.0832399902344,0
2017,6,6,19,20,32.8891789550781,0
2017,6,6,19,20,34.6950830078125,0
2017,6,6,19,20,36.5010270996094,0
2017,6,6,19,20,38.3067199707031,0
2017,6,6,19,20,40.1126311035156,0
2017,6,6,19,20,41.9185690917969,0
2017,6,6,19,20,43.7242319335937,0
2017,6,6,19,20,45.5299128417969,0
2017,6,6,19,20,47.3358601074219,0
2017,6,6,19,20,49.1415158691406,0
2017,6,6,19,20,50.9472319335937,0
2017,6,6,19,20,52.7529211425781,0
2017,6,6,19,20,54.5588410644531,0
2017,6,6,19,20,56.364873046875,0
2017,6,6,19,20,58.1704719238281,0
2017,6,6,19,20,59.97620703125,0
2017,6,6,19,21,1.78203515625,0
2017,6,6,19,21,3.58773291015625,0
2017,6,6,19,21,5.39351000976562,0
2017,6,6,19,21,7.19932299804687,0
2017,6,6,19,21,9.00516381835937,0
2017,6,6,19,21,10.8109130859375,0
2017,6,6,19,21,12.61662890625,0
2017,6,6,19,21,14.4225258789062,0
2017,6,6,19,21,16.2283239746094,0
2017,6,6,19,21,18.0342150878906,0
2017,6,6,19,21,19.8400969238281,0
2017,6,6,19,21,21.6459228515625,0
2017,6,6,19,21,23.4516179199219,0
2017,6,6,19,21,25.2574028320313,0
2017,6,6,19,21,27.0632609863281,0
2017,6,6,19,21,28.8690219726562,0
2017,6,6,19,21,30.6747399902344,0
2017,6,6,19,21,32.4804621582031,0
2017,6,6,19,21,34.2863359375,0
2017,6,6,19,21,36.0921682128906,0
2017,6,6,19,21,37.8979958496094,0
2017,6,6,19,21,39.7036840820313,0
2017,6,6,19,21,41.5093420410156,0
2017,6,6,19,21,43.3150451660156,0
2017,6,6,19,21,45.1207819824219,0
2017,6,6,19,21,46.9265981445312,0
2017,6,6,19,21,48.7324060058594,0
2017,6,6,19,21,50.5380771484375,0
2017,6,6,19,21,52.343958984375,0
2017,6,6,19,21,54.1498310546875,0
2017,6,6,19,21,55.9557321777344,0
2017,6,6,19,21,57.7614660644531,0
2017,6,6,19,21,59.5673740234375,0
2017,6,6,19,22,1.37329614257812,0
2017,6,6,19,22,3.17911206054688,0
2017,6,6,19,22,4.98476611328125,0
2017,6,6,19,22,6.790625,0
2017,6,6,19,22,8.59661206054687,0
2017,6,6,19,22,10.4022570800781,0
2017,6,6,19,22,12.2081049804688,0
2017,6,6,19,22,14.0139929199219,0
2017,6,6,19,22,15.8197661132813,0
2017,6,6,19,22,17.6256198730469,0
2017,6,6,19,22,19.4313120117187,0
2017,6,6,19,22,21.2372099609375,0
2017,6,6,19,22,23.0430368652344,0
2017,6,6,19,22,24.8486979980469,0
2017,6,6,19,22,26.6545441894531,0
2017,6,6,19,22,28.4604699707031,0
2017,6,6,19,22,30.2663640136719,0
2017,6,6,19,22,32.0720651855469,0
2017,6,6,19,22,33.8779758300781,0
2017,6,6,19,22,35.6836369628906,0
2017,6,6,19,22,37.4895798339844,0
2017,6,6,19,22,39.2954509277344,0
2017,6,6,19,22,41.1011491699219,0
2017,6,6,19,22,42.9068159179687,0
2017,6,6,19,22,44.712708984375,0
2017,6,6,19,22,46.5186291503906,0
2017,6,6,19,22,48.3244899902344,0
2017,6,6,19,22,50.1303359375,0
2017,6,6,19,22,51.93625390625,0
2017,6,6,19,22,53.7419899902344,0
2017,6,6,19,22,55.5478178710937,0
2017,6,6,19,22,57.3534150390625,0
2017,6,6,19,22,59.1591479492187,0
2017,6,6,19,23,0.96506201171875,0
2017,6,6,19,23,2.77089501953125,0
2017,6,6,19,23,4.57660107421875,0
2017,6,6,19,23,6.38231982421875,0
2017,6,6,19,23,8.18827880859375,0
2017,6,6,19,23,9.99411010742188,0
2017,6,6,19,23,11.8000600585938,0
2017,6,6,19,23,13.6059799804687,0
2017,6,6,19,23,15.4116889648437,0
2017,6,6,19,23,17.2174738769531,0
2017,6,6,19,23,19.0232119140625,0
2017,6,6,19,23,20.8290949707031,0
2017,6,6,19,23,22.6347819824219,0
2017,6,6,19,23,24.4496108398437,0
2017,6,6,19,23,26.2553369140625,0
2017,6,6,19,23,28.06120703125,0
2017,6,6,19,23,29.8668989257812,0
2017,6,6,19,23,31.672666015625,0
2017,6,6,19,23,33.4785061035156,0
2017,6,6,19,23,35.2842231445313,0
2017,6,6,19,23,37.090125,0
2017,6,6,19,23,38.8958020019531,0
2017,6,6,19,23,40.7016430664062,0
2017,6,6,19,23,42.5073901367187,0
2017,6,6,19,23,44.3131000976563,0
2017,6,6,19,23,46.1190080566406,0
2017,6,6,19,23,47.924546875,0
2017,6,6,19,23,49.7303120117188,0
2017,6,6,19,23,51.5361630859375,0
2017,6,6,19,23,53.3420119628906,0
2017,6,6,19,23,55.1478369140625,0
2017,6,6,19,23,56.9537351074219,0
2017,6,6,19,23,58.7596569824219,0
2017,6,6,19,24,0.56559716796875,0
2017,6,6,19,24,2.37126708984375,0
2017,6,6,19,24,4.17719799804687,0
2017,6,6,19,24,5.98284399414062,0
2017,6,6,19,24,7.78859594726562,0
2017,6,6,19,24,9.5944609375,0
2017,6,6,19,24,11.4004040527344,0
2017,6,6,19,24,13.2062548828125,0
2017,6,6,19,24,15.0120581054687,0
2017,6,6,19,24,16.8177548828125,0
2017,6,6,19,24,18.6236201171875,0
2017,6,6,19,24,20.4294331054687,0
2017,6,6,19,24,22.2351630859375,0
2017,6,6,19,24,24.0411179199219,0
2017,6,6,19,24,25.8469750976563,0
2017,6,6,19,24,27.6527819824219,0
2017,6,6,19,24,29.4585012207031,0
2017,6,6,19,24,31.26437890625,0
2017,6,6,19,24,33.0703088378906,0
2017,6,6,19,24,34.8760339355469,0
2017,6,6,19,24,36.6819370117188,0
2017,6,6,19,24,38.487623046875,0
2017,6,6,19,24,40.2933020019531,0
2017,6,6,19,24,42.0991909179687,0
2017,6,6,19,24,43.9051188964844,0
2017,6,6,19,24,45.7109399414063,0
2017,6,6,19,24,47.516875,0
2017,6,6,19,24,49.3227080078125,0
2017,6,6,19,24,51.1285529785156,0
2017,6,6,19,24,52.9343181152344,0
2017,6,6,19,24,54.7400341796875,0
2017,6,6,19,24,56.5459509277344,0
2017,6,6,19,24,58.3516171875,0
2017,6,6,19,25,0.15735595703125,0
2017,6,6,19,25,1.96309497070312,0
2017,6,6,19,25,3.76898901367188,0
2017,6,6,19,25,5.57476391601563,0
2017,6,6,19,25,7.38047900390625,0
2017,6,6,19,25,9.18623388671875,0
2017,6,6,19,25,10.992083984375,0
2017,6,6,19,25,12.7986198730469,0
2017,6,6,19,25,14.6040297851562,0
2017,6,6,19,25,16.4098051757813,0
2017,6,6,19,25,18.2155690917969,0
2017,6,6,19,25,20.0216520996094,0
2017,6,6,19,25,21.82728515625,0
2017,6,6,19,25,23.6331369628906,0
2017,6,6,19,25,25.4388840332031,0
2017,6,6,19,25,27.2446520996094,0
2017,6,6,19,25,29.0505109863281,0
2017,6,6,19,25,30.8563781738281,0
2017,6,6,19,25,32.6623110351563,0
2017,6,6,19,25,34.4680979003906,0
2017,6,6,19,25,36.2737888183594,0
2017,6,6,19,25,38.079533203125,0
2017,6,6,19,25,39.8854289550781,0
2017,6,6,19,25,41.6912587890625,0
2017,6,6,19,25,43.49704296875,0
2017,6,6,19,25,45.3027729492187,0
2017,6,6,19,25,47.1084558105469,0
2017,6,6,19,25,48.9143669433594,0
2017,6,6,19,25,50.720083984375,0
2017,6,6,19,25,52.5257529296875,0
2017,6,6,19,25,54.3316530761719,0
2017,6,6,19,25,56.137412109375,0
2017,6,6,19,25,57.9431938476562,0
2017,6,6,19,25,59.7488510742187,0
2017,6,6,19,26,1.55457299804687,0
2017,6,6,19,26,3.36047192382813,0
2017,6,6,19,26,5.16640991210938,0
2017,6,6,19,26,6.97231201171875,0
2017,6,6,19,26,8.7781220703125,0
2017,6,6,19,26,10.5840261230469,0
2017,6,6,19,26,12.3896958007813,0
2017,6,6,19,26,14.195626953125,0
2017,6,6,19,26,16.0013020019531,0
2017,6,6,19,26,17.8071411132813,0
2017,6,6,19,26,19.6129948730469,0
2017,6,6,19,26,21.4186599121094,0
2017,6,6,19,26,23.2245581054687,0
2017,6,6,19,26,25.0303171386719,0
2017,6,6,19,26,26.8362451171875,0
2017,6,6,19,26,28.6419089355469,0
2017,6,6,19,26,30.447587890625,0
2017,6,6,19,26,32.2535869140625,0
2017,6,6,19,26,34.0593391113281,0
2017,6,6,19,26,35.8651589355469,0
2017,6,6,19,26,37.670916015625,0
2017,6,6,19,26,39.4767509765625,0
2017,6,6,19,26,41.2825920410156,0
2017,6,6,19,26,43.0883278808594,0
2017,6,6,19,26,44.8940771484375,0
2017,6,6,19,26,46.6997312011719,0
2017,6,6,19,26,48.5054790039063,0
2017,6,6,19,26,50.3111879882812,0
2017,6,6,19,26,52.1169060058594,0
2017,6,6,19,26,53.9225979003906,0
2017,6,6,19,26,55.7284340820312,0
2017,6,6,19,26,57.5342268066406,0
2017,6,6,19,26,59.340126953125,0
2017,6,6,19,27,1.1465400390625,0
2017,6,6,19,27,2.95241186523437,0
2017,6,6,19,27,4.7581201171875,0
2017,6,6,19,27,6.56397900390625,0
2017,6,6,19,27,8.36964990234375,0
2017,6,6,19,27,10.1753310546875,0
2017,6,6,19,27,11.9810590820312,0
2017,6,6,19,27,13.7868640136719,0
2017,6,6,19,27,15.5925959472656,0
2017,6,6,19,27,17.3984958496094,0
2017,6,6,19,27,19.2043969726563,0
2017,6,6,19,27,21.0100869140625,0
2017,6,6,19,27,22.8158291015625,0
2017,6,6,19,27,24.6216689453125,0
2017,6,6,19,27,26.4276179199219,0
2017,6,6,19,27,28.2333920898438,0
2017,6,6,19,27,30.0391760253906,0
2017,6,6,19,27,31.8451689453125,0
2017,6,6,19,27,33.6510600585937,0
2017,6,6,19,27,35.4568491210937,0
2017,6,6,19,27,37.2627670898437,0
2017,6,6,19,27,39.0685,0
2017,6,6,19,27,40.8743210449219,0
2017,6,6,19,27,42.6802360839844,1
2017,6,6,19,27,44.4861518554687,1
2017,6,6,19,27,46.2918269042969,1
2017,6,6,19,27,48.0976938476563,1
2017,6,6,19,27,49.9033488769531,1
2017,6,6,19,27,51.7092768554688,1
2017,6,6,19,27,53.5149528808594,1
2017,6,6,19,27,55.3207680664063,1
2017,6,6,19,27,57.1264350585937,1
2017,6,6,19,27,58.9322219238281,1
2017,6,6,19,28,0.738010009765625,1
2017,6,6,19,28,2.543828125,1
2017,6,6,19,28,4.34973315429688,1
2017,6,6,19,28,6.155669921875,1
2017,6,6,19,28,7.9611240234375,1
2017,6,6,19,28,9.767041015625,1
2017,6,6,19,28,11.5727109375,1
2017,6,6,19,28,13.3785158691406,1
2017,6,6,19,28,15.1843779296875,1
2017,6,6,19,28,16.9902299804688,1
2017,6,6,19,28,18.7962080078125,1
2017,6,6,19,28,20.6019499511719,1
2017,6,6,19,28,22.4076799316406,1
2017,6,6,19,28,24.2139770507812,1
2017,6,6,19,28,26.0198381347656,1
2017,6,6,19,28,27.8255510253906,1
2017,6,6,19,28,29.6312270507812,1
2017,6,6,19,28,31.4369868164063,1
2017,6,6,19,28,33.2429040527344,1
2017,6,6,19,28,35.048623046875,1
2017,6,6,19,28,36.8543510742187,1
2017,6,6,19,28,38.6600720214844,1
2017,6,6,19,28,40.465958984375,1
2017,6,6,19,28,42.2716340332031,1
2017,6,6,19,28,44.0775600585937,1
2017,6,6,19,28,45.8833088378906,1
2017,6,6,19,28,47.6891311035156,1
2017,6,6,19,28,49.4950161132813,1
2017,6,6,19,28,51.3009360351562,1
2017,6,6,19,28,53.1068349609375,1
2017,6,6,19,28,54.9125119628906,1
2017,6,6,19,28,56.7182241210937,1
2017,6,6,19,28,58.52417578125,1
2017,6,6,19,29,0.32993896484375,1
2017,6,6,19,29,2.1358359375,1
2017,6,6,19,29,3.94157104492187,1
2017,6,6,19,29,5.74740698242188,1
2017,6,6,19,29,7.5532919921875,1
2017,6,6,19,29,9.35907421875,1
2017,6,6,19,29,11.1648239746094,1
2017,6,6,19,29,12.9705319824219,1
2017,6,6,19,29,14.7764089355469,1
2017,6,6,19,29,16.5821818847656,1
2017,6,6,19,29,18.3879609375,1
2017,6,6,19,29,20.1937390136719,1
2017,6,6,19,29,21.9995190429687,1
2017,6,6,19,29,23.8054309082031,1
2017,6,6,19,29,25.6112729492188,1
2017,6,6,19,29,27.4169909667969,1
2017,6,6,19,29,29.2228840332031,1
2017,6,6,19,29,31.0286628417969,1
2017,6,6,19,29,32.8344050292969,1
2017,6,6,19,29,34.6402338867187,1
2017,6,6,19,29,36.4460319824219,1
2017,6,6,19,29,38.2517099609375,1
2017,6,6,19,29,40.0575170898437,1
2017,6,6,19,29,41.8633439941406,1
2017,6,6,19,29,43.6703269042969,1
2017,6,6,19,29,45.47621484375,1
2017,6,6,19,29,47.2818740234375,1
2017,6,6,19,29,49.087591796875,1
2017,6,6,19,29,50.8933239746094,1
2017,6,6,19,29,52.6991000976562,1
2017,6,6,19,29,54.5049340820312,1
2017,6,6,19,29,56.3107199707031,1
2017,6,6,19,29,58.1163918457031,1
2017,6,6,19,29,59.9222058105469,1
2017,6,6,19,30,1.7280390625,1
2017,6,6,19,30,3.53384301757812,1
2017,6,6,19,30,5.33965893554687,1
2017,6,6,19,30,7.145376953125,1
2017,6,6,19,30,8.95125512695313,1
2017,6,6,19,30,10.7569089355469,1
2017,6,6,19,30,12.562623046875,1
2017,6,6,19,30,14.368546875,1
2017,6,6,19,30,16.1742690429687,1
2017,6,6,19,30,17.9801818847656,1
2017,6,6,19,30,19.7861220703125,1
2017,6,6,19,30,21.5919621582031,1
2017,6,6,19,30,23.3978120117187,1
2017,6,6,19,30,25.2035788574219,1
2017,6,6,19,30,27.0094641113281,1
2017,6,6,19,30,28.8153901367188,1
2017,6,6,19,30,30.621251953125,1
2017,6,6,19,30,32.4269567871094,1
2017,6,6,19,30,34.2331508789063,1
2017,6,6,19,30,36.0389331054688,1
2017,6,6,19,30,37.8446450195312,1
2017,6,6,19,30,39.6505100097656,1
2017,6,6,19,30,41.4564140625,1
2017,6,6,19,30,43.2622019042969,1
2017,6,6,19,30,45.0680461425781,1
2017,6,6,19,30,46.8737131347656,1
2017,6,6,19,30,48.6796440429687,1
2017,6,6,19,30,50.4854450683594,1
2017,6,6,19,30,52.2913549804688,1
2017,6,6,19,30,54.0972138671875,1
2017,6,6,19,30,55.9030300292969,0
2017,6,6,19,30,57.7087878417969,0
2017,6,6,19,30,59.5147299804688,0
2017,6,6,19,31,1.32067114257813,0
2017,6,6,19,31,3.12660107421875,0
2017,6,6,19,31,4.93252392578125,0
2017,6,6,19,31,6.7382158203125,0
2017,6,6,19,31,8.54407592773438,0
2017,6,6,19,31,10.3499030761719,0
2017,6,6,19,31,12.1557678222656,0
2017,6,6,19,31,13.9614880371094,0
2017,6,6,19,31,15.7671999511719,0
2017,6,6,19,31,17.5731350097656,0
2017,6,6,19,31,19.3788991699219,0
2017,6,6,19,31,21.1847897949219,0
2017,6,6,19,31,22.9907670898438,0
2017,6,6,19,31,24.7962980957031,0
2017,6,6,19,31,26.6022150878906,0
2017,6,6,19,31,28.4080219726563,0
2017,6,6,19,31,30.2139790039062,0
2017,6,6,19,31,32.0196740722656,0
2017,6,6,19,31,33.8254458007813,0
2017,6,6,19,31,35.6313669433594,0
2017,6,6,19,31,37.4373039550781,0
2017,6,6,19,31,39.2431840820312,0
2017,6,6,19,31,41.0490461425781,0
2017,6,6,19,31,42.8547380371094,0
2017,6,6,19,31,44.6605881347656,0
2017,6,6,19,31,46.4664140625,0
2017,6,6,19,31,48.2723349609375,0
2017,6,6,19,31,50.078078125,0
2017,6,6,19,31,51.8838359375,0
2017,6,6,19,31,53.689583984375,0
2017,6,6,19,31,55.4952958984375,0
2017,6,6,19,31,57.3009760742188,0
2017,6,6,19,31,59.1066770019531,0
2017,6,6,19,32,0.91235302734375,0
2017,6,6,19,32,2.7182158203125,0
2017,6,6,19,32,4.52414111328125,0
2017,6,6,19,32,6.3298798828125,0
2017,6,6,19,32,8.13567504882812,0
2017,6,6,19,32,9.9413759765625,0
2017,6,6,19,32,11.7472470703125,0
2017,6,6,19,32,13.5530888671875,0
2017,6,6,19,32,15.3589428710938,0
2017,6,6,19,32,17.1646489257813,0
2017,6,6,19,32,18.9705610351563,0
2017,6,6,19,32,20.7763740234375,0
2017,6,6,19,32,22.5822729492188,0
2017,6,6,19,32,24.3882150878906,0
2017,6,6,19,32,26.1941279296875,0
2017,6,6,19,32,27.9998291015625,0
2017,6,6,19,32,29.8056760253906,0
2017,6,6,19,32,31.6113688964844,0
2017,6,6,19,32,33.4172211914062,0
2017,6,6,19,32,35.22292578125,0
2017,6,6,19,32,37.0285759277344,0
2017,6,6,19,32,38.8344790039063,0
2017,6,6,19,32,40.6402221679688,0
2017,6,6,19,32,42.4460908203125,0
2017,6,6,19,32,44.2519560546875,0
2017,6,6,19,32,46.0577868652344,0
2017,6,6,19,32,47.8635559082031,0
2017,6,6,19,32,49.669255859375,0
2017,6,6,19,32,51.4749770507812,0
2017,6,6,19,32,53.2808981933594,0
2017,6,6,19,32,55.0867219238281,0
2017,6,6,19,32,56.8925490722656,0
2017,6,6,19,32,58.698501953125,0
2017,6,6,19,33,0.50417578125,0
2017,6,6,19,33,2.30987182617188,0
2017,6,6,19,33,4.11564990234375,0
2017,6,6,19,33,5.921533203125,0
2017,6,6,19,33,7.727291015625,0
2017,6,6,19,33,9.533123046875,0
2017,6,6,19,33,11.33869921875,0
2017,6,6,19,33,13.144416015625,0
2017,6,6,19,33,14.9500861816406,0
2017,6,6,19,33,16.7560068359375,0
2017,6,6,19,33,18.5618889160156,0
2017,6,6,19,33,20.3678459472656,0
2017,6,6,19,33,22.1753659667969,0
2017,6,6,19,33,23.9794619140625,0
2017,6,6,19,33,25.7852470703125,0
2017,6,6,19,33,27.5911140136719,0
2017,6,6,19,33,29.3969741210937,0
2017,6,6,19,33,31.2027780761719,0
2017,6,6,19,33,33.0119279785156,0
2017,6,6,19,33,34.8178540039062,0
2017,6,6,19,33,36.624828125,0
2017,6,6,19,33,38.430623046875,0
2017,6,6,19,33,40.2362900390625,0
2017,6,6,19,33,42.0420471191406,0
2017,6,6,19,33,43.8479409179687,0
2017,6,6,19,33,45.6538220214844,0
2017,6,6,19,33,47.4595251464844,0
2017,6,6,19,33,49.2654089355469,0
2017,6,6,19,33,51.0712590332031,0
2017,6,6,19,33,52.8771140136719,0
2017,6,6,19,33,54.6829580078125,0
2017,6,6,19,33,56.488873046875,0
2017,6,6,19,33,58.2948659667969,0
2017,6,6,19,34,0.1007080078125,0
2017,6,6,19,34,1.90663403320313,0
2017,6,6,19,34,3.71243603515625,0
2017,6,6,19,34,5.5182890625,0
2017,6,6,19,34,7.323955078125,0
2017,6,6,19,34,9.12972314453125,0
2017,6,6,19,34,10.9458430175781,0
2017,6,6,19,34,12.7517978515625,0
2017,6,6,19,34,14.5574770507812,0
2017,6,6,19,34,16.363298828125,0
2017,6,6,19,34,18.1691760253906,0
2017,6,6,19,34,19.9756030273438,0
2017,6,6,19,34,21.7814230957031,0
2017,6,6,19,34,23.5872531738281,0
2017,6,6,19,34,25.3931179199219,0
2017,6,6,19,35,54.3836838378906,1
2017,6,6,19,35,56.21633203125,1
2017,6,6,19,35,58.1548500976563,1
2017,6,6,19,36,0.008739013671875,1
2017,6,6,19,36,1.8255400390625,1
2017,6,6,19,36,3.65839697265625,1
2017,6,6,19,36,5.748916015625,1
2017,6,6,19,36,7.66813696289062,1
2017,6,6,19,36,9.50483203125,1
2017,6,6,19,36,11.4614619140625,1
2017,6,6,19,36,13.2672067871094,1
2017,6,6,19,36,15.1386708984375,1
2017,6,6,19,36,17.1608591308594,1
2017,6,6,19,36,19.1141459960938,1
2017,6,6,19,36,21.0187299804687,0
2017,6,6,19,36,22.8246391601562,0
2017,6,6,19,36,24.708796875,0
2017,6,6,19,36,26.6889609375,0
2017,6,6,19,36,28.5208640136719,0
2017,6,6,19,36,30.5928061523438,0
2017,6,6,19,36,32.475701171875,0
2017,6,6,19,36,34.4360900878906,0
2017,6,6,19,36,36.3444760742187,0
2017,6,6,19,36,38.2445690917969,0
2017,6,6,19,36,40.1065229492187,0
2017,6,6,19,36,42.3411918945312,0
2017,6,6,19,36,44.1728388671875,0
2017,6,6,19,36,46.1573989257813,0
2017,6,6,19,36,48.0198217773438,0
2017,6,6,19,36,49.8255988769531,0
2017,6,6,19,36,51.7287380371094,0
2017,6,6,19,36,53.7197700195313,0
2017,6,6,19,36,55.7612878417969,0
2017,6,6,19,36,57.7427390136719,0
2017,6,6,19,36,59.6402380371094,0
2017,6,6,19,37,1.7408740234375,0
2017,6,6,19,37,3.590083984375,0
2017,6,6,19,37,5.58236010742188,0
2017,6,6,19,37,7.38828295898437,0
2017,6,6,19,37,9.27153393554688,0
2017,6,6,19,37,11.1360480957031,0
2017,6,6,19,37,13.0205629882813,0
2017,6,6,19,37,15.020623046875,0
2017,6,6,19,37,16.8141228027344,0
2017,6,6,19,37,18.6707250976562,0
2017,6,6,19,37,20.5119060058594,0
2017,6,6,19,37,22.4459060058594,0
2017,6,6,19,37,24.2698391113281,0
2017,6,6,19,37,26.1332590332031,0
2017,6,6,19,37,28.3783181152344,0
2017,6,6,19,37,30.2309812011719,0
2017,6,6,19,37,32.0904479980469,0
2017,6,6,19,37,34.0213139648437,0
2017,6,6,19,37,36.2171782226563,0
2017,6,6,19,37,38.0229440917969,0
2017,6,6,19,37,39.8286489257813,0
2017,6,6,19,37,41.675251953125,0
2017,6,6,19,37,43.5001560058594,0
2017,6,6,19,37,45.4600910644531,0
2017,6,6,19,37,47.2660439453125,0
2017,6,6,19,37,49.1941208496094,0
2017,6,6,19,37,51.0093830566406,0
2017,6,6,19,37,52.9115219726563,0
2017,6,6,19,37,54.7174599609375,0
2017,6,6,19,37,56.854416015625,0
2017,6,6,19,37,58.7650119628906,0
2017,6,6,19,38,0.784234130859375,0
2017,6,6,19,38,2.6737880859375,0
2017,6,6,19,38,4.4825498046875,0
2017,6,6,19,38,6.44060620117187,0
2017,6,6,19,38,8.28226220703125,0
2017,6,6,19,38,10.1688471679687,0
2017,6,6,19,38,12.0228740234375,0
2017,6,6,19,38,13.9288608398438,0
2017,6,6,19,38,15.7978051757812,0
2017,6,6,19,38,17.7628310546875,0
2017,6,6,19,38,19.6548869628906,0
2017,6,6,19,38,21.6837570800781,0
2017,6,6,19,38,23.5167009277344,0
2017,6,6,19,38,25.3863989257813,0
2017,6,6,19,38,27.3479370117187,0
2017,6,6,19,38,29.2038559570313,0
2017,6,6,19,38,31.1208610839844,0
2017,6,6,19,38,33.0232770996094,0
2017,6,6,19,38,34.8417238769531,0
2017,6,6,19,38,36.7505100097656,0
2017,6,6,19,38,38.6739399414063,0
2017,6,6,19,38,40.6955600585937,0
2017,6,6,19,38,42.5012158203125,0
2017,6,6,19,38,44.3636711425781,0
2017,6,6,19,38,46.4200397949219,0
2017,6,6,19,38,48.2283479003906,0
2017,6,6,19,38,50.3247670898438,0
2017,6,6,19,38,52.3259499511719,0
2017,6,6,19,38,54.2079318847656,0
2017,6,6,19,38,56.0480461425781,0
2017,6,6,19,38,58.0027360839844,0
2017,6,6,19,38,59.808578125,0
2017,6,6,19,39,1.76222705078125,0
2017,6,6,19,39,3.56798413085937,0
2017,6,6,19,39,5.37373388671875,0
2017,6,6,19,39,7.179498046875,0
2017,6,6,19,39,8.98532299804688,0
2017,6,6,19,39,10.7910610351563,0
2017,6,6,19,39,12.5969409179687,0
2017,6,6,19,39,14.402873046875,0
2017,6,6,19,39,16.2086989746094,0
2017,6,6,19,39,18.0145529785156,0
2017,6,6,19,39,19.8202971191406,0
2017,6,6,19,39,21.6264670410156,0
2017,6,6,19,39,23.43237890625,0
2017,6,6,19,39,25.2382890625,0
2017,6,6,19,39,27.0442751464844,0
2017,6,6,19,39,28.8500070800781,0
2017,6,6,19,39,30.65591796875,0
2017,6,6,19,39,32.4617119140625,0
2017,6,6,19,39,34.2676479492187,0
2017,6,6,19,39,36.0733088378906,0
2017,6,6,19,39,37.8791950683594,0
2017,6,6,19,39,39.6849560546875,0
2017,6,6,19,39,41.4908098144531,0
2017,6,6,19,39,43.2967478027344,0
2017,6,6,19,39,45.1024990234375,0
2017,6,6,19,39,46.9082189941406,0
2017,6,6,19,39,48.714,0
2017,6,6,19,39,50.519669921875,0
2017,6,6,19,39,52.3253330078125,0
2017,6,6,19,39,54.1312749023437,0
2017,6,6,19,39,55.9369790039063,0
2017,6,6,19,39,57.7427690429688,0
2017,6,6,19,39,59.5485239257812,0
2017,6,6,19,40,1.35426318359375,0
2017,6,6,19,40,3.1600859375,0
2017,6,6,19,40,4.96597290039062,0
2017,6,6,19,40,6.77165795898437,0
2017,6,6,19,40,8.57755493164063,0
2017,6,6,19,40,10.3834851074219,0
2017,6,6,19,40,12.1892380371094,0
2017,6,6,19,40,13.9952548828125,0
2017,6,6,19,40,15.8008908691406,0
2017,6,6,19,40,17.6066010742188,0
2017,6,6,19,40,19.4125219726563,0
2017,6,6,19,40,21.2182199707031,0
2017,6,6,19,40,23.024005859375,0
2017,6,6,19,40,24.829958984375,0
2017,6,6,19,40,26.6358349609375,0
2017,6,6,19,40,28.4417810058594,0
2017,6,6,19,40,30.2475400390625,0
2017,6,6,19,40,32.0533659667969,0
2017,6,6,19,40,33.8591860351562,0
2017,6,6,19,40,35.6649050292969,0
2017,6,6,19,40,37.4708029785156,0
2017,6,6,19,40,39.2764909667969,0
2017,6,6,19,40,41.0869150390625,0
2017,6,6,19,40,42.8926020507812,0
2017,6,6,19,40,44.6985109863281,0
2017,6,6,19,40,46.5043671875,0
2017,6,6,19,40,48.3102309570313,0
2017,6,6,19,40,50.1161970214844,0
2017,6,6,19,40,51.9220749511719,0
2017,6,6,19,40,53.7277971191406,0
2017,6,6,19,40,55.5337390136719,0
2017,6,6,19,40,57.3395158691406,0
2017,6,6,19,40,59.1453791503906,0
2017,6,6,19,41,0.9511669921875,0
2017,6,6,19,41,2.7570830078125,0
2017,6,6,19,41,4.56286401367188,0
2017,6,6,19,41,6.36875,0
2017,6,6,19,41,8.1745390625,0
2017,6,6,19,41,9.98046997070312,0
2017,6,6,19,41,11.7863269042969,0
2017,6,6,19,41,13.5919909667969,0
2017,6,6,19,41,15.3976418457031,0
2017,6,6,19,41,17.2035251464844,0
2017,6,6,19,41,19.0092722167969,0
2017,6,6,19,41,20.8150649414062,0
2017,6,6,19,41,22.6208110351563,0
2017,6,6,19,41,24.426625,0
2017,6,6,19,41,26.2324709472656,0
2017,6,6,19,41,28.0381440429687,0
2017,6,6,19,41,29.8438461914063,0
2017,6,6,19,41,31.6497668457031,0
2017,6,6,19,41,33.4556538085938,0
2017,6,6,19,41,35.2615061035156,0
2017,6,6,19,41,37.0673530273437,0
2017,6,6,19,41,38.8729479980469,0
2017,6,6,19,41,40.6786669921875,0
2017,6,6,19,41,42.48441015625,0
2017,6,6,19,41,44.2903530273437,0
2017,6,6,19,41,46.0962687988281,0
2017,6,6,19,41,47.9019370117188,0
2017,6,6,19,41,49.7087751464844,0
2017,6,6,19,41,51.5146279296875,0
2017,6,6,19,41,53.3203149414063,0
2017,6,6,19,41,55.1260090332031,0
2017,6,6,19,41,56.9317299804688,0
2017,6,6,19,41,58.7375690917969,0
2017,6,6,19,42,0.543452880859375,0
2017,6,6,19,42,2.34931909179687,0
2017,6,6,19,42,4.15526611328125,0
2017,6,6,19,42,5.96103491210938,0
2017,6,6,19,42,7.76694213867188,0
2017,6,6,19,42,9.572748046875,0
2017,6,6,19,42,11.378712890625,0
2017,6,6,19,42,13.1843720703125,0
2017,6,6,19,42,14.9902409667969,0
2017,6,6,19,42,16.796041015625,0
2017,6,6,19,42,18.6018937988281,0
2017,6,6,19,42,20.4077810058594,0
2017,6,6,19,42,22.2135949707031,0
2017,6,6,19,42,24.019337890625,0
2017,6,6,19,42,25.8250187988281,0
2017,6,6,19,42,27.6310710449219,0
2017,6,6,19,42,29.4368059082031,0
2017,6,6,19,42,31.2426071777344,0
2017,6,6,19,42,33.0485539550781,0
2017,6,6,19,42,34.8542189941406,0
2017,6,6,19,42,36.659958984375,0
2017,6,6,19,42,38.4656459960937,0
2017,6,6,19,42,40.2715419921875,0
2017,6,6,19,42,42.0772790527344,0
2017,6,6,19,42,43.8831320800781,0
2017,6,6,19,42,45.6891999511719,0
2017,6,6,19,42,47.4950139160156,0
2017,6,6,19,42,49.3008271484375,0
2017,6,6,19,42,51.1067199707031,0
2017,6,6,19,42,52.9126120605469,0
2017,6,6,19,42,54.7184670410156,0
2017,6,6,19,42,56.5242150878906,0
2017,6,6,19,42,58.330044921875,0
2017,6,6,19,43,0.135703125,0
2017,6,6,19,43,1.94164892578125,0
2017,6,6,19,43,3.74748486328125,0
2017,6,6,19,43,5.55318505859375,0
2017,6,6,19,43,7.3591279296875,0
2017,6,6,19,43,9.16506005859375,0
2017,6,6,19,43,10.9709689941406,0
2017,6,6,19,43,12.7768608398437,0
2017,6,6,19,43,14.582583984375,0
2017,6,6,19,43,16.3884489746094,0
2017,6,6,19,43,18.19425390625,0
2017,6,6,19,43,20.0000920410156,0
2017,6,6,19,43,21.8058391113281,0
2017,6,6,19,43,23.6116708984375,0
2017,6,6,19,43,25.4173181152344,0
2017,6,6,19,43,27.2231591796875,0
2017,6,6,19,43,29.0290639648438,0
2017,6,6,19,43,30.8349279785156,0
2017,6,6,19,43,32.640837890625,0
2017,6,6,19,43,34.44658984375,0
2017,6,6,19,43,36.2524089355469,0
2017,6,6,19,43,38.058283203125,0
2017,6,6,19,43,39.8641118164063,0
2017,6,6,19,43,41.6699829101562,0
2017,6,6,19,43,43.4757111816406,0
2017,6,6,19,43,45.2816538085938,0
2017,6,6,19,43,47.0873229980469,0
2017,6,6,19,43,48.9016818847656,0
2017,6,6,19,43,50.7075031738281,0
2017,6,6,19,43,52.5132019042969,0
2017,6,6,19,43,54.3188820800781,0
2017,6,6,19,43,56.1246599121094,0
2017,6,6,19,43,57.9304140625,0
2017,6,6,19,43,59.7362160644531,0
2017,6,6,19,44,1.5420400390625,0
2017,6,6,19,44,3.34781005859375,0
2017,6,6,19,44,5.15374584960937,0
2017,6,6,19,44,6.95949291992187,0
2017,6,6,19,44,8.76534301757813,0
2017,6,6,19,44,10.5711181640625,0
2017,6,6,19,44,12.3768361816406,0
2017,6,6,19,44,14.192337890625,0
2017,6,6,19,44,15.9980258789062,0
2017,6,6,19,44,17.803875,0
2017,6,6,19,44,19.6096000976563,0
2017,6,6,19,44,21.4155090332031,0
2017,6,6,19,44,23.2212299804687,0
2017,6,6,19,44,25.0270368652344,0
2017,6,6,19,44,26.8327770996094,0
2017,6,6,19,44,28.6384731445313,0
2017,6,6,19,44,30.4443740234375,0
2017,6,6,19,44,32.2501169433594,0
2017,6,6,19,44,34.0559741210937,0
2017,6,6,19,44,35.86195703125,0
2017,6,6,19,44,37.66779296875,0
2017,6,6,19,44,39.4736550292969,0
2017,6,6,19,44,41.2795578613281,0
2017,6,6,19,44,43.0853459472656,0
2017,6,6,19,44,44.8911940917969,0
2017,6,6,19,44,46.6971440429688,0
2017,6,6,19,44,48.5030529785156,0
2017,6,6,19,44,50.3088491210938,0
2017,6,6,19,44,52.1147758789063,0
2017,6,6,19,44,53.9204609375,0
2017,6,6,19,44,55.7261828613281,0
2017,6,6,19,44,57.5320739746094,0
2017,6,6,19,44,59.337875,0
2017,6,6,19,45,1.14356298828125,0
2017,6,6,19,45,2.94937890625,0
2017,6,6,19,45,4.75527416992187,0
2017,6,6,19,45,6.560955078125,0
2017,6,6,19,45,8.3666630859375,0
2017,6,6,19,45,10.1724760742187,0
2017,6,6,19,45,11.97833984375,0
2017,6,6,19,45,13.78408203125,0
2017,6,6,19,45,15.5898671875,0
2017,6,6,19,45,17.3956640625,0
2017,6,6,19,45,19.2013708496094,0
2017,6,6,19,45,21.0072490234375,0
2017,6,6,19,45,22.8131740722656,0
2017,6,6,19,45,24.6189829101563,0
2017,6,6,19,45,26.4246550292969,0
2017,6,6,19,45,28.2303149414062,0
2017,6,6,19,45,30.036046875,0
2017,6,6,19,45,31.8418439941406,0
2017,6,6,19,45,33.6597099609375,0
2017,6,6,19,45,35.4655590820312,0
2017,6,6,19,45,37.2712651367188,0
2017,6,6,19,45,39.0770112304687,0
2017,6,6,19,45,40.8827541503906,0
2017,6,6,19,45,42.6886359863281,0
2017,6,6,19,45,44.4945910644531,0
2017,6,6,19,45,46.3004260253906,0
2017,6,6,19,45,48.1063598632812,0
2017,6,6,19,45,49.9120769042969,0
2017,6,6,19,45,51.7178090820313,0
2017,6,6,19,45,53.5238381347656,0
2017,6,6,19,45,55.3297119140625,0
2017,6,6,19,45,57.1355249023437,0
2017,6,6,19,45,58.9412080078125,0
2017,6,6,19,46,0.747155029296875,0
2017,6,6,19,46,2.55294897460938,0
2017,6,6,19,46,4.35881811523438,0
2017,6,6,19,46,6.16456591796875,0
2017,6,6,19,46,7.97024194335938,0
2017,6,6,19,46,9.77613208007812,0
2017,6,6,19,46,11.5820778808594,0
2017,6,6,19,46,13.3880041503906,0
2017,6,6,19,46,15.1938330078125,0
2017,6,6,19,46,16.9995539550781,0
2017,6,6,19,46,18.8054370117188,0
2017,6,6,19,46,20.611830078125,0
2017,6,6,19,46,22.4168540039062,0
2017,6,6,19,46,24.2227060546875,0
2017,6,6,19,46,26.0286591796875,0
2017,6,6,19,46,27.834701171875,0
2017,6,6,19,46,29.6404350585937,0
2017,6,6,19,46,31.4461560058594,0
2017,6,6,19,46,33.2519108886719,0
2017,6,6,19,46,35.0576169433594,0
2017,6,6,19,46,36.8634729003906,0
2017,6,6,19,46,38.669169921875,0
2017,6,6,19,46,40.4749709472656,0
2017,6,6,19,46,42.2805749511719,0
2017,6,6,19,46,44.0865339355469,0
2017,6,6,19,46,45.8924360351563,0
2017,6,6,19,46,47.6982219238281,0
2017,6,6,19,46,49.50417578125,0
2017,6,6,19,46,51.3100158691406,0
2017,6,6,19,46,53.1157561035156,0
2017,6,6,19,46,54.921416015625,0
2017,6,6,19,46,56.7273439941406,0
2017,6,6,19,46,58.5331630859375,0
2017,6,6,19,47,0.33910498046875,0
2017,6,6,19,47,2.14483911132813,0
2017,6,6,19,47,3.95071801757812,0
2017,6,6,19,47,5.75648583984375,0
2017,6,6,19,47,7.562251953125,0
2017,6,6,19,47,9.36796313476563,0
2017,6,6,19,47,11.1737958984375,0
2017,6,6,19,47,12.9795119628906,0
2017,6,6,19,47,14.7852958984375,0
2017,6,6,19,47,16.5910280761719,0
2017,6,6,19,47,18.3968168945312,0
2017,6,6,19,47,20.2025600585938,0
2017,6,6,19,47,22.0082209472656,0
2017,6,6,19,47,23.8140048828125,0
2017,6,6,19,47,25.6197690429687,0
2017,6,6,19,47,27.4255869140625,0
2017,6,6,19,47,29.23125,0
2017,6,6,19,47,31.0369428710937,0
2017,6,6,19,47,32.8426140136719,0
2017,6,6,19,47,34.6485268554688,0
2017,6,6,19,47,36.45424609375,0
2017,6,6,19,47,38.2601860351563,0
2017,6,6,19,47,40.0660590820313,0
2017,6,6,19,47,41.8719970703125,0
2017,6,6,19,47,43.6779211425781,0
2017,6,6,19,47,45.4836472167969,0
2017,6,6,19,47,47.2895068359375,0
2017,6,6,19,47,49.0952819824219,0
2017,6,6,19,47,50.9010671386719,0
2017,6,6,19,47,52.7069331054687,0
2017,6,6,19,47,54.5126408691406,0
2017,6,6,19,47,56.3184279785156,0
2017,6,6,19,47,58.1241240234375,0
2017,6,6,19,47,59.9298049316406,0
2017,6,6,19,48,1.73551611328125,0
2017,6,6,19,48,3.54121215820313,0
2017,6,6,19,48,5.34686596679687,0
2017,6,6,19,48,7.15276293945313,0
2017,6,6,19,48,8.95847900390625,0
2017,6,6,19,48,10.7641999511719,0
2017,6,6,19,48,12.5700319824219,0
2017,6,6,19,48,14.3758718261719,0
2017,6,6,19,48,16.1818010253906,0
2017,6,6,19,48,17.9878149414062,0
2017,6,6,19,48,19.793662109375,0
2017,6,6,19,48,21.6086999511719,0
2017,6,6,19,48,23.4144438476563,0
2017,6,6,19,48,25.2202839355469,0
2017,6,6,19,48,27.025953125,0
2017,6,6,19,48,28.831873046875,0
2017,6,6,19,48,30.6378591308594,0
2017,6,6,19,48,32.44362890625,0
2017,6,6,19,48,34.249455078125,0
2017,6,6,19,48,36.0552770996094,0
2017,6,6,19,48,37.8611918945313,0
2017,6,6,19,48,39.6669990234375,0
2017,6,6,19,48,41.4727280273437,0
2017,6,6,19,48,43.2784650878906,0
2017,6,6,19,48,45.084291015625,0
2017,6,6,19,48,46.8901979980469,0
2017,6,6,19,48,48.6961501464844,0
2017,6,6,19,48,50.5018210449219,0
2017,6,6,19,48,52.3076511230469,0
2017,6,6,19,48,54.1136069335938,0
2017,6,6,19,48,55.9295991210938,0
2017,6,6,19,48,57.7352709960938,0
2017,6,6,19,48,59.540962890625,0
2017,6,6,19,49,1.34681616210938,0
2017,6,6,19,49,3.1526279296875,0
2017,6,6,19,49,4.95855908203125,0
2017,6,6,19,49,6.76415600585938,0
2017,6,6,19,49,8.56982397460937,0
2017,6,6,19,49,10.3757309570312,0
2017,6,6,19,49,12.1816840820312,0
2017,6,6,19,49,13.9874812011719,0
2017,6,6,19,49,15.7934401855469,0
2017,6,6,19,49,17.5992587890625,0
2017,6,6,19,49,19.4049809570312,0
2017,6,6,19,49,21.2202390136719,0
2017,6,6,19,49,23.0261879882813,0
2017,6,6,19,49,24.8319169921875,0
2017,6,6,19,49,26.6377250976563,0
2017,6,6,19,49,28.4433759765625,0
2017,6,6,19,49,30.2492590332031,0
2017,6,6,19,49,32.0549467773438,0
2017,6,6,19,49,33.8608510742188,0
2017,6,6,19,49,35.6665419921875,0
2017,6,6,19,49,37.4723940429688,0
2017,6,6,19,49,39.2782590332031,0
2017,6,6,19,49,41.0840290527344,0
2017,6,6,19,49,42.8907521972656,0
2017,6,6,19,49,44.6967019042969,0
2017,6,6,19,49,46.5025009765625,0
2017,6,6,19,49,48.3084069824219,0
2017,6,6,19,49,50.1143159179688,0
2017,6,6,19,49,51.9203579101562,0
2017,6,6,19,49,53.7260598144531,0
2017,6,6,19,49,55.5760068359375,0
2017,6,6,19,49,57.3818381347656,0
2017,6,6,19,49,59.1874919433594,0
2017,6,6,19,50,0.993407958984375,0
2017,6,6,19,50,2.79934106445313,0
2017,6,6,19,50,4.60526708984375,0
2017,6,6,19,50,6.41093408203125,0
2017,6,6,19,50,8.21672607421875,0
2017,6,6,19,50,10.0224699707031,0
2017,6,6,19,50,11.828376953125,0
2017,6,6,19,50,13.6341838378906,0
2017,6,6,19,50,15.4400300292969,0
2017,6,6,19,50,17.2457121582031,0
2017,6,6,19,50,19.0514750976563,0
2017,6,6,19,50,20.8572590332031,0
2017,6,6,19,50,22.66300390625,0
2017,6,6,19,50,24.4688930664062,0
2017,6,6,19,50,26.2748139648438,0
2017,6,6,19,50,28.0807700195313,0
2017,6,6,19,50,29.8865080566406,0
2017,6,6,19,50,31.6922868652344,0
2017,6,6,19,50,33.4982099609375,0
2017,6,6,19,50,35.3041430664062,0
2017,6,6,19,50,37.1098588867187,0
2017,6,6,19,50,38.915744140625,0
2017,6,6,19,50,40.7217668457031,0
2017,6,6,19,50,42.5275620117188,0
2017,6,6,19,50,44.3334450683594,0
2017,6,6,19,50,46.1391789550781,0
2017,6,6,19,50,47.9449921875,0
2017,6,6,19,50,49.7506809082031,0
2017,6,6,19,50,51.5565139160156,0
2017,6,6,19,50,53.3623159179688,0
2017,6,6,19,50,55.1681020507813,0
2017,6,6,19,50,56.9739260253906,0
2017,6,6,19,50,58.7795979003906,0
2017,6,6,19,51,0.585342041015625,0
2017,6,6,19,51,2.3912099609375,0
2017,6,6,19,51,4.1970361328125,0
2017,6,6,19,51,6.0027900390625,0
2017,6,6,19,51,7.80871508789062,0
2017,6,6,19,51,9.61452099609375,0
2017,6,6,19,51,11.4202238769531,0
2017,6,6,19,51,13.2260598144531,0
2017,6,6,19,51,15.0320251464844,0
2017,6,6,19,51,16.88774609375,0
2017,6,6,19,51,18.6935788574219,0
2017,6,6,19,51,20.4993898925781,0
2017,6,6,19,51,22.3053190917969,0
2017,6,6,19,51,24.1111628417969,0
2017,6,6,19,51,25.9169370117188,0
2017,6,6,19,51,27.7229440917969,0
2017,6,6,19,51,29.5287800292969,0
2017,6,6,19,51,31.3346760253906,0
2017,6,6,19,51,33.1403659667969,0
2017,6,6,19,51,34.9462978515625,0
2017,6,6,19,51,36.7520280761719,0
2017,6,6,19,51,38.557962890625,0
2017,6,6,19,51,40.3637458496094,0
2017,6,6,19,51,42.1696101074219,0
2017,6,6,19,51,43.9753759765625,0
2017,6,6,19,51,45.7811359863281,0
2017,6,6,19,51,47.58694921875,0
2017,6,6,19,51,49.3929851074219,0
2017,6,6,19,51,51.1989282226562,0
2017,6,6,19,51,53.0114780273437,0
2017,6,6,19,51,54.8173288574219,0
2017,6,6,19,51,56.6232170410156,0
2017,6,6,19,51,58.4291359863281,0
2017,6,6,19,52,0.235089111328125,0
2017,6,6,19,52,2.04086499023437,0
2017,6,6,19,52,3.84680517578125,0
2017,6,6,19,52,5.65260009765625,0
2017,6,6,19,52,7.45846508789062,0
2017,6,6,19,52,9.26439404296875,0
2017,6,6,19,52,11.0700720214844,0
2017,6,6,19,52,12.876001953125,0
2017,6,6,19,52,14.6818061523437,0
2017,6,6,19,52,16.4876159667969,0
2017,6,6,19,52,18.293451171875,0
2017,6,6,19,52,20.0992700195313,0
2017,6,6,19,52,21.9050678710937,0
2017,6,6,19,52,23.7108481445313,0
2017,6,6,19,52,25.5167939453125,0
2017,6,6,19,52,27.3224848632813,0
2017,6,6,19,52,29.1281599121094,0
2017,6,6,19,52,30.9340141601562,0
2017,6,6,19,52,32.7399011230469,0
2017,6,6,19,52,34.5455849609375,0
2017,6,6,19,52,36.3514650878906,0
2017,6,6,19,52,38.1571938476563,0
2017,6,6,19,52,39.96287109375,0
2017,6,6,19,52,41.7686901855469,0
2017,6,6,19,52,43.5746218261719,0
2017,6,6,19,52,45.3805620117188,0
2017,6,6,19,52,47.18637109375,0
2017,6,6,19,52,48.9921118164063,0
2017,6,6,19,52,50.7978510742187,0
2017,6,6,19,52,52.6037241210937,0
2017,6,6,19,52,54.4095939941406,0
2017,6,6,19,52,56.2155319824219,0
2017,6,6,19,52,58.0214099121094,0
2017,6,6,19,52,59.8272590332031,0
2017,6,6,19,53,1.63315698242188,0
2017,6,6,19,53,3.43905297851563,0
2017,6,6,19,53,5.2457080078125,0
2017,6,6,19,53,7.05157299804687,0
2017,6,6,19,53,8.85735400390625,0
2017,6,6,19,53,10.6631870117187,0
2017,6,6,19,53,12.4689169921875,0
2017,6,6,19,53,14.2749399414063,0
2017,6,6,19,53,16.0806569824219,0
2017,6,6,19,53,17.8865439453125,0
2017,6,6,19,53,19.6924060058594,0
2017,6,6,19,53,21.4980969238281,0
2017,6,6,19,53,23.3039150390625,0
2017,6,6,19,53,25.10978515625,0
2017,6,6,19,53,26.915546875,0
2017,6,6,19,53,28.7213430175781,0
2017,6,6,19,53,30.5270729980469,0
2017,6,6,19,53,32.3329821777344,0
2017,6,6,19,53,34.1388420410156,0
2017,6,6,19,53,35.9447670898438,0
2017,6,6,19,53,37.7506831054688,0
2017,6,6,19,53,39.5565629882813,0
2017,6,6,19,53,41.3624499511719,0
2017,6,6,19,53,43.1681169433594,0
2017,6,6,19,53,44.9768259277344,0
2017,6,6,19,53,46.7825988769531,0
2017,6,6,19,53,48.5883439941406,0
2017,6,6,19,53,50.394291015625,0
2017,6,6,19,53,52.2001691894531,0
2017,6,6,19,53,54.0062509765625,0
2017,6,6,19,53,55.811919921875,0
2017,6,6,19,53,57.6178520507813,0
2017,6,6,19,53,59.4237919921875,0
2017,6,6,19,54,1.229583984375,0
2017,6,6,19,54,3.03535693359375,0
2017,6,6,19,54,4.84106982421875,0
2017,6,6,19,54,6.64696606445312,0
2017,6,6,19,54,8.45286791992188,0
2017,6,6,19,54,10.2672309570313,0
2017,6,6,19,54,12.0730419921875,0
2017,6,6,19,54,13.8789318847656,0
2017,6,6,19,54,15.6846899414062,0
2017,6,6,19,54,17.4904611816406,0
2017,6,6,19,54,19.2961359863281,0
2017,6,6,19,54,21.1018479003906,0
2017,6,6,19,54,22.9075,0
2017,6,6,19,54,24.7134079589844,0
2017,6,6,19,54,26.5190610351562,0
2017,6,6,19,54,28.3247648925781,0
2017,6,6,19,54,30.1304470214844,0
2017,6,6,19,54,31.9362431640625,0
2017,6,6,19,54,33.7420400390625,0
2017,6,6,19,54,35.5478188476563,0
2017,6,6,19,54,37.3536127929687,1
2017,6,6,19,54,39.1594370117188,1
2017,6,6,19,54,40.965244140625,1
2017,6,6,19,54,42.7709360351562,1
2017,6,6,19,54,44.5768508300781,1
2017,6,6,19,54,46.38279296875,1
2017,6,6,19,54,48.188458984375,1
2017,6,6,19,54,49.9941359863281,1
2017,6,6,19,54,51.7998039550781,1
2017,6,6,19,54,53.6057219238281,1
2017,6,6,19,54,55.4115249023437,1
2017,6,6,19,54,57.2175778808594,1
2017,6,6,19,54,59.0232219238281,1
2017,6,6,19,55,0.82910791015625,1
2017,6,6,19,55,2.635,1
2017,6,6,19,55,4.4407939453125,1
2017,6,6,19,55,6.24657202148437,1
2017,6,6,19,55,8.05248095703125,1
2017,6,6,19,55,9.85834106445312,1
2017,6,6,19,55,11.66412890625,1
2017,6,6,19,55,13.4698540039062,1
2017,6,6,19,55,15.2755788574219,1
2017,6,6,19,55,17.0814020996094,1
2017,6,6,19,55,18.8871689453125,1
2017,6,6,19,55,20.6930229492188,1
2017,6,6,19,55,22.4988649902344,1
2017,6,6,19,55,24.3047270507812,1
2017,6,6,19,55,26.1106091308594,1
2017,6,6,19,55,27.9163359375,1
2017,6,6,19,55,29.7221030273437,1
2017,6,6,19,55,31.5279699707031,1
2017,6,6,19,55,33.33379296875,1
2017,6,6,19,55,35.1396889648437,1
2017,6,6,19,55,36.945373046875,1
2017,6,6,19,55,38.7510349121094,1
2017,6,6,19,55,40.5568740234375,1
2017,6,6,19,55,42.3627160644531,1
2017,6,6,19,55,44.1686970214844,1
2017,6,6,19,55,45.9743029785156,1
2017,6,6,19,55,47.780203125,1
2017,6,6,19,55,49.5860131835937,1
2017,6,6,19,55,51.3919499511719,1
2017,6,6,19,55,53.1978659667969,1
2017,6,6,19,55,55.0036560058594,1
2017,6,6,19,55,56.8095031738281,1
2017,6,6,19,55,58.6151740722656,1
2017,6,6,19,56,0.420927978515625,1
2017,6,6,19,56,2.2268310546875,1
2017,6,6,19,56,4.0326640625,1
2017,6,6,19,56,5.838583984375,1
2017,6,6,19,56,7.64446899414062,1
2017,6,6,19,56,9.46034692382812,1
2017,6,6,19,56,11.2662858886719,1
2017,6,6,19,56,13.0721440429688,1
2017,6,6,19,56,14.8779211425781,1
2017,6,6,19,56,16.683787109375,1
2017,6,6,19,56,18.4898369140625,1
2017,6,6,19,56,20.2955100097656,1
2017,6,6,19,56,22.1012900390625,1
2017,6,6,19,56,23.9070461425781,1
2017,6,6,19,56,25.7129877929688,1
2017,6,6,19,56,27.5186889648438,1
2017,6,6,19,56,29.3243669433594,1
2017,6,6,19,56,31.1303820800781,1
2017,6,6,19,56,32.9361179199219,1
2017,6,6,19,56,34.7418999023437,1
2017,6,6,19,56,36.5476838378906,1
2017,6,6,19,56,38.3533850097656,1
2017,6,6,19,56,40.1593188476563,1
2017,6,6,19,56,41.9651179199219,1
2017,6,6,19,56,43.7707861328125,1
2017,6,6,19,56,45.5764738769531,1
2017,6,6,19,56,47.3824328613281,1
2017,6,6,19,56,49.1881889648437,1
2017,6,6,19,56,50.9938430175781,1
2017,6,6,19,56,52.7997451171875,1
2017,6,6,19,56,54.6054489746094,1
2017,6,6,19,56,56.4111298828125,1
2017,6,6,19,56,58.2167829589844,1
2017,6,6,19,57,0.022553955078125,1
2017,6,6,19,57,1.8282548828125,1
2017,6,6,19,57,3.63393408203125,1
2017,6,6,19,57,5.43967504882812,1
2017,6,6,19,57,7.24552612304687,1
2017,6,6,19,57,9.05162915039062,0
2017,6,6,19,57,10.8573420410156,0
2017,6,6,19,57,12.6631450195312,0
2017,6,6,19,57,14.4690461425781,0
2017,6,6,19,57,16.2749399414062,0
2017,6,6,19,57,18.0808850097656,0
2017,6,6,19,57,19.8865390625,0
2017,6,6,19,57,21.6935588378906,0
2017,6,6,19,57,23.4993630371094,0
2017,6,6,19,57,25.3051450195312,0
2017,6,6,19,57,27.1111569824219,0
2017,6,6,19,57,28.9167790527344,0
2017,6,6,19,57,30.7225549316406,0
2017,6,6,19,57,32.5282780761719,0
2017,6,6,19,57,34.3341899414063,0
2017,6,6,19,57,36.1400900878906,0
2017,6,6,19,57,37.94583203125,0
2017,6,6,19,57,39.7516059570313,0
2017,6,6,19,57,41.5574060058594,0
2017,6,6,19,57,49.2145458984375,0
2017,6,6,19,57,51.020416015625,0
2017,6,6,19,57,52.8261059570313,0
2017,6,6,19,57,54.6319111328125,0
2017,6,6,19,57,56.4375668945313,1
2017,6,6,19,57,58.2432429199219,1
2017,6,6,19,58,0.04898095703125,1
2017,6,6,19,58,1.85464086914063,1
2017,6,6,19,58,3.66048193359375,1
2017,6,6,19,58,5.466171875,1
2017,6,6,19,58,7.27279296875,1
2017,6,6,19,58,9.07772387695313,1
2017,6,6,19,58,11.049171875,1
2017,6,6,19,58,12.8590168457031,1
2017,6,6,19,58,14.6687429199219,1
2017,6,6,19,58,16.7337890625,1
2017,6,6,19,58,18.7344338378906,1
2017,6,6,19,58,20.6620749511719,1
2017,6,6,19,58,22.6086750488281,1
2017,6,6,19,58,24.5199069824219,1
2017,6,6,19,58,26.622505859375,1
2017,6,6,19,58,28.4642739257812,1
2017,6,6,19,58,30.3881879882812,1
2017,6,6,19,58,32.4169340820312,1
2017,6,6,19,58,34.2714760742187,1
2017,6,6,19,58,36.1317551269531,1
2017,6,6,19,58,38.0550808105469,1
2017,6,6,19,58,39.8608740234375,1
2017,6,6,19,58,41.7036450195313,1
2017,6,6,19,58,43.5552080078125,1
2017,6,6,19,58,45.4910458984375,1
2017,6,6,19,58,47.2967219238281,1
2017,6,6,19,58,49.1951330566406,1
2017,6,6,19,58,51.1257509765625,1
2017,6,6,19,58,53.0543872070312,1
2017,6,6,19,58,55.1099909667969,1
2017,6,6,19,58,57.0659538574219,1
2017,6,6,19,58,59.0609040527344,1
2017,6,6,19,59,1.0739560546875,1
2017,6,6,19,59,2.8796337890625,1
2017,6,6,19,59,4.69077197265625,1
2017,6,6,19,59,6.7587890625,1
2017,6,6,19,59,8.6973310546875,1
2017,6,6,19,59,10.7591608886719,1
2017,6,6,19,59,12.5650549316406,1
2017,6,6,19,59,14.4150158691406,1
2017,6,6,19,59,16.524162109375,1
2017,6,6,19,59,18.4951789550781,1
2017,6,6,19,59,20.3152219238281,1
2017,6,6,19,59,22.2300939941406,1
2017,6,6,19,59,24.0554558105469,1
2017,6,6,19,59,25.8740339355469,1
2017,6,6,19,59,27.8158291015625,1
2017,6,6,19,59,29.7582509765625,1
2017,6,6,19,59,31.8048698730469,1
2017,6,6,19,59,34.1415358886719,1
2017,6,6,19,59,36.11720703125,1
2017,6,6,19,59,38.2205888671875,1
2017,6,6,19,59,40.1125258789062,1
2017,6,6,19,59,42.0298559570313,1
2017,6,6,19,59,43.9151411132813,1
2017,6,6,19,59,46.009916015625,1
2017,6,6,19,59,47.9544128417969,1
2017,6,6,19,59,50.1421369628906,1
2017,6,6,19,59,52.0032219238281,1
2017,6,6,19,59,54.1300249023437,1
2017,6,6,19,59,56.0547739257812,1
2017,6,6,19,59,58.0001040039063,1
2017,6,6,19,59,59.9072119140625,1
2017,6,6,20,0,1.96259497070313,1
2017,6,6,20,0,3.95235498046875,1
2017,6,6,20,0,5.9673818359375,1
2017,6,6,20,0,8.23747705078125,1
2017,6,6,20,0,10.2123679199219,1
2017,6,6,20,0,12.3591508789063,1
2017,6,6,20,0,14.3504719238281,1
2017,6,6,20,0,16.4551611328125,1
2017,6,6,20,0,18.4141591796875,1
2017,6,6,20,0,20.5924990234375,1
2017,6,6,20,0,22.5221789550781,1
2017,6,6,20,0,24.3596469726563,1
2017,6,6,20,0,26.4191560058594,1
2017,6,6,20,0,28.3679450683594,1
2017,6,6,20,0,30.4685859375,1
2017,6,6,20,0,32.390541015625,1
2017,6,6,20,0,34.9305361328125,1
2017,6,6,20,0,37.2641479492188,1
2017,6,6,20,0,39.146208984375,1
2017,6,6,20,0,41.2233410644531,1
2017,6,6,20,0,43.3584721679687,1
2017,6,6,20,0,45.1916469726563,1
2017,6,6,20,0,47.4472849121094,1
2017,6,6,20,0,49.4379050292969,1
2017,6,6,20,0,51.5003330078125,1
2017,6,6,20,0,53.4136701660156,1
2017,6,6,20,0,55.3986630859375,1
2017,6,6,20,0,57.3702370605469,1
2017,6,6,20,0,59.4513681640625,1
2017,6,6,20,1,1.52939599609375,1
2017,6,6,20,1,3.60606201171875,1
2017,6,6,20,1,5.6024521484375,1
2017,6,6,20,1,7.40899389648438,1
2017,6,6,20,1,9.34928002929687,1
2017,6,6,20,1,11.3653850097656,1
2017,6,6,20,1,13.3666579589844,1
2017,6,6,20,1,15.2071979980469,1
2017,6,6,20,1,17.3647780761719,1
2017,6,6,20,1,19.4004860839844,1
2017,6,6,20,1,21.4217751464844,1
2017,6,6,20,1,23.4831469726563,1
2017,6,6,20,1,25.4226120605469,1
2017,6,6,20,1,27.3791789550781,1
2017,6,6,20,1,29.3535900878906,1
2017,6,6,20,1,31.5897419433594,1
2017,6,6,20,1,33.6958120117188,1
2017,6,6,20,1,35.693248046875,1
2017,6,6,20,1,37.6672109375,1
2017,6,6,20,1,39.5966870117187,1
2017,6,6,20,1,41.7999899902344,1
2017,6,6,20,1,44.1478801269531,1
2017,6,6,20,1,46.3528508300781,1
2017,6,6,20,1,48.2527629394531,1
2017,6,6,20,1,50.454166015625,1
2017,6,6,20,1,52.4357241210937,1
2017,6,6,20,1,54.3306127929688,1
2017,6,6,20,1,56.3950100097656,1
2017,6,6,20,1,58.4026369628906,1
2017,6,6,20,2,0.21359619140625,1
2017,6,6,20,2,2.38566088867187,1
2017,6,6,20,2,4.20734399414062,1
2017,6,6,20,2,6.36985400390625,1
2017,6,6,20,2,8.47486083984375,1
2017,6,6,20,2,10.6992731933594,1
2017,6,6,20,2,12.7800642089844,1
2017,6,6,20,2,14.6729760742188,1
2017,6,6,20,2,16.6950959472656,1
2017,6,6,20,2,18.6645268554688,1
2017,6,6,20,2,20.6221110839844,1
2017,6,6,20,2,22.6775529785156,1
2017,6,6,20,2,24.6095529785156,1
2017,6,6,20,2,26.4724230957031,1
2017,6,6,20,2,28.8375881347656,1
2017,6,6,20,2,30.7289360351562,1
2017,6,6,20,2,32.8260068359375,1
2017,6,6,20,2,34.8602668457031,1
2017,6,6,20,2,36.73741015625,1
2017,6,6,20,2,38.6493830566406,1
2017,6,6,20,2,40.7136940917969,1
2017,6,6,20,2,42.618587890625,1
2017,6,6,20,2,44.4410900878906,1
2017,6,6,20,2,46.5948601074219,1
2017,6,6,20,2,48.4006809082031,1
2017,6,6,20,2,50.6169760742187,1
2017,6,6,20,2,52.7189938964844,1
2017,6,6,20,2,54.6660029296875,1
2017,6,6,20,2,57.4062270507812,1
2017,6,6,20,2,59.2229050292969,1
2017,6,6,20,3,1.3345009765625,1
2017,6,6,20,3,3.39785913085937,1
2017,6,6,20,3,5.62875390625,1
2017,6,6,20,3,7.43464892578125,1
2017,6,6,20,3,9.24034497070313,1
2017,6,6,20,3,11.0462028808594,1
2017,6,6,20,3,12.8519658203125,1
2017,6,6,20,3,14.6577280273438,1
2017,6,6,20,3,16.4634621582031,1
2017,6,6,20,3,18.2691130371094,1
2017,6,6,20,3,20.0749909667969,1
2017,6,6,20,3,21.880884765625,1
2017,6,6,20,3,23.6866708984375,1
2017,6,6,20,3,25.4926208496094,1
2017,6,6,20,3,27.2985639648438,1
2017,6,6,20,3,29.1043540039062,1
2017,6,6,20,3,30.9100200195312,1
2017,6,6,20,3,32.7158469238281,1
2017,6,6,20,3,34.5216391601562,1
2017,6,6,20,3,36.3275690917969,1
2017,6,6,20,3,38.1333989257813,1
2017,6,6,20,3,39.9392419433594,2
2017,6,6,20,3,41.7451279296875,2
2017,6,6,20,3,43.5510048828125,2
2017,6,6,20,3,45.3569428710938,2
2017,6,6,20,3,47.1652299804688,2
2017,6,6,20,3,48.9708869628906,2
2017,6,6,20,3,50.7766298828125,2
2017,6,6,20,3,52.5824279785156,2
2017,6,6,20,3,54.388212890625,2
2017,6,6,20,3,56.1939951171875,2
2017,6,6,20,3,57.9997770996094,2
2017,6,6,20,3,59.8054299316406,2
2017,6,6,20,4,1.61169702148438,2
2017,6,6,20,4,3.41758203125,2
2017,6,6,20,4,5.22341479492187,2
2017,6,6,20,4,7.02906884765625,2
2017,6,6,20,4,8.83490502929688,2
2017,6,6,20,4,10.6407900390625,2
2017,6,6,20,4,12.4464870605469,2
2017,6,6,20,4,14.2521528320312,2
2017,6,6,20,4,16.0579699707031,2
2017,6,6,20,4,17.8637990722656,2
2017,6,6,20,4,19.6695991210937,2
2017,6,6,20,4,21.4753859863281,2
2017,6,6,20,4,23.2811560058594,2
2017,6,6,20,4,25.087078125,2
2017,6,6,20,4,26.8929499511719,2
2017,6,6,20,4,28.6988200683594,2
2017,6,6,20,4,30.5046848144531,2
2017,6,6,20,4,32.3104360351563,2
2017,6,6,20,4,34.1162109375,2
2017,6,6,20,4,35.922046875,2
2017,6,6,20,4,37.727791015625,2
2017,6,6,20,4,39.5334680175781,2
2017,6,6,20,4,41.3392890625,2
2017,6,6,20,4,43.1470590820312,2
2017,6,6,20,4,44.9528898925781,2
2017,6,6,20,4,46.7586579589844,2
2017,6,6,20,4,48.56450390625,2
2017,6,6,20,4,50.3704560546875,2
2017,6,6,20,4,52.1761469726562,2
2017,6,6,20,4,53.9819499511719,2
2017,6,6,20,4,55.7877641601563,2
2017,6,6,20,4,57.5935400390625,2
2017,6,6,20,4,59.3993881835938,2
2017,6,6,20,5,1.20543798828125,0
2017,6,6,20,5,3.0132119140625,0
2017,6,6,20,5,4.81914599609375,0
2017,6,6,20,5,6.62487890625,0
2017,6,6,20,5,8.43069189453125,0
2017,6,6,20,5,10.2364040527344,0
2017,6,6,20,5,12.0420571289063,0
2017,6,6,20,5,13.8477338867187,0
2017,6,6,20,5,15.6534689941406,0
2017,6,6,20,5,17.4591528320313,0
2017,6,6,20,5,19.2649089355469,0
2017,6,6,20,5,21.0706689453125,0
2017,6,6,20,5,22.8771450195312,0
2017,6,6,20,5,24.6829431152344,0
2017,6,6,20,5,26.4887548828125,0
2017,6,6,20,5,28.2944528808594,0
2017,6,6,20,5,30.1003820800781,2
2017,6,6,20,5,31.9063498535156,2
2017,6,6,20,5,33.7121259765625,2
2017,6,6,20,5,35.5179140625,2
2017,6,6,20,5,37.3236079101562,2
2017,6,6,20,5,39.1294602050781,2
2017,6,6,20,5,40.935208984375,2
2017,6,6,20,5,42.7411411132813,2
2017,6,6,20,5,44.5468950195312,2
2017,6,6,20,5,46.352744140625,2
2017,6,6,20,5,48.1585988769531,2
2017,6,6,20,5,49.9643581542969,2
2017,6,6,20,5,51.7700969238281,2
2017,6,6,20,5,53.5758049316406,2
2017,6,6,20,5,55.3817241210937,2
2017,6,6,20,5,57.1876572265625,2
2017,6,6,20,5,58.9935769042969,2
2017,6,6,20,6,0.799242919921875,2
2017,6,6,20,6,2.6049990234375,2
2017,6,6,20,6,4.41067919921875,2
2017,6,6,20,6,6.2164560546875,2
2017,6,6,20,6,8.02214599609375,2
2017,6,6,20,6,9.82786010742188,2
2017,6,6,20,6,11.6382761230469,2
2017,6,6,20,6,13.4441171875,2
2017,6,6,20,6,15.2499321289063,2
2017,6,6,20,6,17.0556340332031,2
2017,6,6,20,6,18.8613129882812,2
2017,6,6,20,6,20.6672609863281,2
2017,6,6,20,6,22.4729768066406,2
2017,6,6,20,6,24.2787700195313,2
2017,6,6,20,6,26.084623046875,2
2017,6,6,20,6,27.8903041992188,2
2017,6,6,20,6,29.6961340332031,2
2017,6,6,20,6,31.5019990234375,2
2017,6,6,20,6,33.3079770507812,2
2017,6,6,20,6,35.1139099121094,2
2017,6,6,20,6,36.9196218261719,2
2017,6,6,20,6,38.7254230957031,2
2017,6,6,20,6,40.53116015625,2
2017,6,6,20,6,42.3368981933594,2
2017,6,6,20,6,44.1428471679688,2
2017,6,6,20,6,46.042458984375,2
2017,6,6,20,6,47.8483630371094,2
2017,6,6,20,6,49.6540578613281,2
2017,6,6,20,6,51.4598701171875,2
2017,6,6,20,6,53.2655187988281,2
2017,6,6,20,6,55.071365234375,2
2017,6,6,20,6,56.8773190917969,2
2017,6,6,20,6,58.6830439453125,2
2017,6,6,20,7,0.488957763671875,2
2017,6,6,20,7,2.2948720703125,2
2017,6,6,20,7,4.10075317382813,2
2017,6,6,20,7,5.90657299804688,2
2017,6,6,20,7,7.71238793945312,2
2017,6,6,20,7,9.518080078125,2
2017,6,6,20,7,11.3238881835938,2
2017,6,6,20,7,13.129955078125,2
2017,6,6,20,7,14.9355859375,2
2017,6,6,20,7,16.7415100097656,2
2017,6,6,20,7,18.5474008789062,2
2017,6,6,20,7,20.3531740722656,2
2017,6,6,20,7,22.1590100097656,2
2017,6,6,20,7,23.9647888183594,2
2017,6,6,20,7,25.7708298339844,2
2017,6,6,20,7,27.5765559082031,2
2017,6,6,20,7,29.3822141113281,2
2017,6,6,20,7,31.1879221191406,2
2017,6,6,20,7,32.9937041015625,2
2017,6,6,20,7,34.7996220703125,2
2017,6,6,20,7,36.61212890625,2
2017,6,6,20,7,38.4180300292969,2
2017,6,6,20,7,40.2238410644531,2
2017,6,6,20,7,42.0295341796875,2
2017,6,6,20,7,43.8353381347656,2
2017,6,6,20,7,45.6412780761719,2
2017,6,6,20,7,47.447130859375,2
2017,6,6,20,7,49.25283203125,2
2017,6,6,20,7,51.0586030273438,2
2017,6,6,20,7,52.8644479980469,2
2017,6,6,20,7,54.6702338867187,2
2017,6,6,20,7,56.4761418457031,2
2017,6,6,20,7,58.2820380859375,2
2017,6,6,20,8,0.087925048828125,2
2017,6,6,20,8,1.8937890625,2
2017,6,6,20,8,3.6995830078125,2
2017,6,6,20,8,5.50531201171875,2
2017,6,6,20,8,7.31121899414063,2
2017,6,6,20,8,9.11695703125,2
2017,6,6,20,8,10.9228400878906,2
2017,6,6,20,8,12.7285280761719,2
2017,6,6,20,8,14.5344450683594,1
2017,6,6,20,8,16.3401159667969,1
2017,6,6,20,8,18.145998046875,1
2017,6,6,20,8,19.9519838867188,1
2017,6,6,20,8,21.7577241210938,1
2017,6,6,20,8,23.5635949707031,1
2017,6,6,20,8,25.3694528808594,1
2017,6,6,20,8,27.175244140625,1
2017,6,6,20,8,28.9811259765625,1
2017,6,6,20,8,30.7868830566406,1
2017,6,6,20,8,32.5927670898437,1
2017,6,6,20,8,34.3985258789062,1
2017,6,6,20,8,36.2043518066406,0
2017,6,6,20,8,38.0101062011719,0
2017,6,6,20,8,39.815951171875,0
2017,6,6,20,8,41.6216499023437,0
2017,6,6,20,8,43.4273879394531,0
2017,6,6,20,8,45.2330861816406,0
2017,6,6,20,8,47.0389489746094,0
2017,6,6,20,8,48.8446569824219,0
2017,6,6,20,8,50.6504360351562,0
2017,6,6,20,8,52.4563020019531,0
2017,6,6,20,8,54.2620571289062,0
2017,6,6,20,8,56.0679140625,1
2017,6,6,20,8,57.8738588867188,1
2017,6,6,20,8,59.6797690429688,1
2017,6,6,20,9,1.48567504882812,1
2017,6,6,20,9,3.29155102539062,1
2017,6,6,20,9,5.09745190429688,1
2017,6,6,20,9,6.90338891601562,1
2017,6,6,20,9,8.70905297851563,1
2017,6,6,20,9,10.5149189453125,1
2017,6,6,20,9,12.3207180175781,1
2017,6,6,20,9,14.1265830078125,1
2017,6,6,20,9,15.9323649902344,1
2017,6,6,20,9,17.7381379394531,1
2017,6,6,20,9,19.5443100585938,1
2017,6,6,20,9,21.3502368164063,1
2017,6,6,20,9,23.1559428710937,1
2017,6,6,20,9,24.9616369628906,1
2017,6,6,20,9,26.7674970703125,1
2017,6,6,20,9,28.5735539550781,1
2017,6,6,20,9,30.3793288574219,1
2017,6,6,20,9,32.1852199707031,1
2017,6,6,20,9,33.9910490722656,1
2017,6,6,20,9,35.7967719726563,1
2017,6,6,20,9,37.6025148925781,1
2017,6,6,20,9,39.4082661132813,1
2017,6,6,20,9,41.2141188964844,1
2017,6,6,20,9,43.0199670410156,1
2017,6,6,20,9,44.8258259277344,1
2017,6,6,20,9,46.631546875,1
2017,6,6,20,9,48.4374670410156,1
2017,6,6,20,9,50.2434150390625,1
2017,6,6,20,9,52.049341796875,1
2017,6,6,20,9,53.8551340332031,1
2017,6,6,20,9,55.6609147949219,1
2017,6,6,20,9,57.4665661621094,1
2017,6,6,20,9,59.2723039550781,1
2017,6,6,20,10,1.07815405273437,1
2017,6,6,20,10,2.88414184570312,1
2017,6,6,20,10,4.68991796875,1
2017,6,6,20,10,6.49573901367187,1
2017,6,6,20,10,8.30161596679688,1
2017,6,6,20,10,10.1074318847656,1
2017,6,6,20,10,11.9132438964844,1
2017,6,6,20,10,13.7189890136719,1
2017,6,6,20,10,15.5248120117187,1
2017,6,6,20,10,17.330501953125,1
2017,6,6,20,10,19.1363449707031,1
2017,6,6,20,10,20.9422790527344,1
2017,6,6,20,10,22.7480891113281,1
2017,6,6,20,10,24.5537429199219,1
2017,6,6,20,10,26.3595791015625,1
2017,6,6,20,10,28.165326171875,1
2017,6,6,20,10,29.9711799316406,1
2017,6,6,20,10,31.7768581542969,1
2017,6,6,20,10,33.5826499023438,1
2017,6,6,20,10,35.3884421386719,1
2017,6,6,20,10,37.1941809082031,1
2017,6,6,20,10,39.000123046875,1
2017,6,6,20,10,40.8058559570312,1
2017,6,6,20,10,42.6117229003906,1
2017,6,6,20,10,44.4175988769531,1
2017,6,6,20,10,46.2234248046875,1
2017,6,6,20,10,48.0291960449219,1
2017,6,6,20,10,49.8349458007812,1
2017,6,6,20,10,51.6408940429688,1
2017,6,6,20,10,53.4466049804687,1
2017,6,6,20,10,55.2524240722656,1
2017,6,6,20,10,57.0580881347656,1
2017,6,6,20,10,58.8639470214844,1
2017,6,6,20,11,0.6697919921875,1
2017,6,6,20,11,2.47571313476563,1
2017,6,6,20,11,4.2815849609375,1
2017,6,6,20,11,6.08737890625,1
2017,6,6,20,11,7.89320581054687,1
2017,6,6,20,11,9.69901708984375,1
2017,6,6,20,11,11.504875,1
2017,6,6,20,11,13.310666015625,1
2017,6,6,20,11,15.1166010742187,1
2017,6,6,20,11,16.9223540039062,1
2017,6,6,20,11,18.7280229492188,1
2017,6,6,20,11,20.533916015625,1
2017,6,6,20,11,22.3397971191406,1
2017,6,6,20,11,24.1456499023437,1
2017,6,6,20,11,25.9513171386719,1
2017,6,6,20,11,27.7572661132813,1
2017,6,6,20,11,29.5630048828125,1
2017,6,6,20,11,31.3689079589844,1
2017,6,6,20,11,33.1745979003906,1
2017,6,6,20,11,34.9802709960938,1
2017,6,6,20,11,36.7861928710938,1
2017,6,6,20,11,38.5918901367188,1
2017,6,6,20,11,40.3977009277344,1
2017,6,6,20,11,42.203458984375,1
2017,6,6,20,11,44.0091469726562,1
2017,6,6,20,11,45.8149899902344,1
2017,6,6,20,11,47.6206928710938,1
2017,6,6,20,11,49.4263869628906,1
2017,6,6,20,11,51.2322438964844,1
2017,6,6,20,11,53.038083984375,1
2017,6,6,20,11,54.8439729003906,1
2017,6,6,20,11,56.6496479492188,1
2017,6,6,20,11,58.4554729003906,1
2017,6,6,20,12,0.26126611328125,1
2017,6,6,20,12,2.06717407226563,1
2017,6,6,20,12,3.87290405273438,1
2017,6,6,20,12,5.67859399414063,1
2017,6,6,20,12,7.48431103515625,1
2017,6,6,20,12,9.29010400390625,1
2017,6,6,20,12,11.0960249023437,1
2017,6,6,20,12,12.9019780273438,1
2017,6,6,20,12,14.7080458984375,1
2017,6,6,20,12,16.513955078125,1
2017,6,6,20,12,18.3196311035156,1
2017,6,6,20,12,20.1253391113281,1
2017,6,6,20,12,21.9310180664062,1
2017,6,6,20,12,23.7368000488281,1
2017,6,6,20,12,25.5426179199219,1
2017,6,6,20,12,27.3482800292969,1
2017,6,6,20,12,29.1539509277344,1
2017,6,6,20,12,30.9596779785156,1
2017,6,6,20,12,32.765623046875,1
2017,6,6,20,12,34.5713449707031,1
2017,6,6,20,12,36.3771401367188,1
2017,6,6,20,12,38.1828879394531,1
2017,6,6,20,12,39.9887399902344,1
2017,6,6,20,12,41.7946828613281,1
2017,6,6,20,12,43.6005419921875,1
2017,6,6,20,12,45.4064250488281,1
2017,6,6,20,12,47.2123698730469,1
2017,6,6,20,12,49.0180190429688,1
2017,6,6,20,12,50.8236879882813,1
2017,6,6,20,12,52.6296101074219,1
2017,6,6,20,12,54.4354899902344,1
2017,6,6,20,12,56.2413830566406,1
2017,6,6,20,12,58.0470520019531,1
2017,6,6,20,12,59.8529602050781,2
2017,6,6,20,13,1.66069287109375,2
2017,6,6,20,13,3.4666181640625,2
2017,6,6,20,13,5.27255615234375,2
2017,6,6,20,13,7.07835693359375,2
2017,6,6,20,13,8.8840830078125,2
2017,6,6,20,13,10.6897819824219,2
2017,6,6,20,13,12.4955739746094,2
2017,6,6,20,13,14.3014770507812,2
2017,6,6,20,13,16.1071259765625,2
2017,6,6,20,13,17.9130300292969,2
2017,6,6,20,13,19.7187170410156,2
2017,6,6,20,13,21.5246479492187,2
2017,6,6,20,13,23.3305180664062,2
2017,6,6,20,13,25.1363708496094,2
2017,6,6,20,13,26.9421220703125,2
2017,6,6,20,13,28.7480581054688,2
2017,6,6,20,13,30.5537309570312,2
2017,6,6,20,13,32.3595222167969,2
2017,6,6,20,13,34.1651867675781,2
2017,6,6,20,13,35.9710148925781,2
2017,6,6,20,13,37.7768828125,2
2017,6,6,20,13,39.5825920410156,2
2017,6,6,20,13,41.3884738769531,2
2017,6,6,20,13,43.1943740234375,2
2017,6,6,20,13,45.0001689453125,2
2017,6,6,20,13,46.80604296875,2
2017,6,6,20,13,48.6118728027344,2
2017,6,6,20,13,50.4176530761719,2
2017,6,6,20,13,52.2234831542969,2
2017,6,6,20,13,54.0292958984375,2
2017,6,6,20,13,55.8352390136719,2
2017,6,6,20,13,57.6409030761719,2
2017,6,6,20,13,59.4466318359375,2
2017,6,6,20,14,1.25255883789062,2
2017,6,6,20,14,3.05848779296875,2
2017,6,6,20,14,4.8642890625,2
2017,6,6,20,14,6.66993603515625,2
2017,6,6,20,14,8.47586401367188,2
2017,6,6,20,14,10.2816750488281,2
2017,6,6,20,14,12.0875471191406,2
2017,6,6,20,14,13.893208984375,2
2017,6,6,20,14,15.6988649902344,2
2017,6,6,20,14,17.5045439453125,2
2017,6,6,20,14,19.3102578125,2
2017,6,6,20,14,21.1161730957031,2
2017,6,6,20,14,22.9219970703125,2
2017,6,6,20,14,24.7277861328125,2
2017,6,6,20,14,26.5337231445313,2
2017,6,6,20,14,28.3394460449219,2
2017,6,6,20,14,30.1452587890625,2
2017,6,6,20,14,31.9510979003906,2
2017,6,6,20,14,33.757041015625,2
2017,6,6,20,14,35.5629899902344,2
2017,6,6,20,14,37.3686589355469,2
2017,6,6,20,14,39.1743620605469,2
2017,6,6,20,14,40.9801208496094,2
2017,6,6,20,14,42.7858059082031,2
2017,6,6,20,14,44.5917600097656,2
2017,6,6,20,14,46.3975168457031,2
2017,6,6,20,14,48.2032470703125,2
2017,6,6,20,14,50.0088979492187,2
2017,6,6,20,14,51.8146989746094,2
2017,6,6,20,14,53.6204260253906,2
2017,6,6,20,14,55.4263051757813,2
2017,6,6,20,14,57.2322270507812,2
2017,6,6,20,14,59.0380029296875,2
2017,6,6,20,15,0.843718994140625,2
2017,6,6,20,15,2.649416015625,2
2017,6,6,20,15,4.45517309570312,2
2017,6,6,20,15,6.26097485351563,2
2017,6,6,20,15,8.06668090820312,2
2017,6,6,20,15,9.87263110351562,2
2017,6,6,20,15,11.6784599609375,2
2017,6,6,20,15,13.4841311035156,2
2017,6,6,20,15,15.2897849121094,2
2017,6,6,20,15,17.0956860351562,1
2017,6,6,20,15,18.9013559570312,1
2017,6,6,20,15,20.7071630859375,1
2017,6,6,20,15,22.5129020996094,1
2017,6,6,20,15,24.3187509765625,1
2017,6,6,20,15,26.1245278320313,1
2017,6,6,20,15,27.9303430175781,1
2017,6,6,20,15,29.7361381835937,1
2017,6,6,20,15,31.5418920898437,1
2017,6,6,20,15,33.4096389160156,1
2017,6,6,20,15,35.2155659179688,1
2017,6,6,20,15,37.0214189453125,1
2017,6,6,20,15,38.8271320800781,1
2017,6,6,20,15,40.6332009277344,1
2017,6,6,20,15,42.4390668945313,1
2017,6,6,20,15,44.2448498535156,1
2017,6,6,20,15,46.0507280273438,1
2017,6,6,20,15,47.8565,1
2017,6,6,20,15,49.6621799316406,1
2017,6,6,20,15,51.468125,1
2017,6,6,20,15,53.2738259277344,1
2017,6,6,20,15,55.0796850585938,1
2017,6,6,20,15,56.8855400390625,1
2017,6,6,20,15,58.6911831054688,1
2017,6,6,20,16,0.496841064453125,1
2017,6,6,20,16,2.30272509765625,1
2017,6,6,20,16,4.108576171875,1
2017,6,6,20,16,5.91447094726562,1
2017,6,6,20,16,7.72030493164062,1
2017,6,6,20,16,9.52618701171875,1
2017,6,6,20,16,11.332005859375,1
2017,6,6,20,16,13.1377170410156,1
2017,6,6,20,16,14.9438039550781,1
2017,6,6,20,16,16.7496728515625,1
2017,6,6,20,16,18.5555930175781,1
2017,6,6,20,16,20.3615451660156,1
2017,6,6,20,16,22.167376953125,1
2017,6,6,20,16,23.9730981445312,1
2017,6,6,20,16,25.778884765625,1
2017,6,6,20,16,27.5847111816406,1
2017,6,6,20,16,29.3903679199219,1
2017,6,6,20,16,31.1962211914062,1
2017,6,6,20,16,33.0021611328125,1
2017,6,6,20,16,34.8079172363281,1
2017,6,6,20,16,36.6136340332031,1
2017,6,6,20,16,38.4195639648438,1
2017,6,6,20,16,40.2252241210938,1
2017,6,6,20,16,42.0311127929687,1
2017,6,6,20,16,43.8369279785156,1
2017,6,6,20,16,45.6427451171875,1
2017,6,6,20,16,47.4484291992188,1
2017,6,6,20,16,49.2542067871094,1
2017,6,6,20,16,51.0598208007813,1
2017,6,6,20,16,52.8656149902344,1
2017,6,6,20,16,54.6715280761719,1
2017,6,6,20,16,56.4771840820313,1
2017,6,6,20,16,58.2828791503906,1
2017,6,6,20,17,0.088537841796875,1
2017,6,6,20,17,1.8945400390625,1
2017,6,6,20,17,3.70013818359375,1
2017,6,6,20,17,5.50587109375,0
2017,6,6,20,17,7.31168383789062,0
2017,6,6,20,17,9.1175009765625,0
2017,6,6,20,17,10.9233220214844,0
2017,6,6,20,17,12.7292299804687,0
2017,6,6,20,17,14.5350170898438,0
2017,6,6,20,17,16.3406140136719,0
2017,6,6,20,17,18.1463630371094,0
2017,6,6,20,17,19.9521459960938,0
2017,6,6,20,17,21.7580139160156,0
2017,6,6,20,17,23.5661069335938,0
2017,6,6,20,17,25.3720358886719,1
2017,6,6,20,17,27.1779958496094,1
2017,6,6,20,17,28.9838129882813,1
2017,6,6,20,17,30.7896999511719,1
2017,6,6,20,17,32.5957509765625,1
2017,6,6,20,17,34.4014548339844,1
2017,6,6,20,17,36.2071320800781,1
2017,6,6,20,17,38.013375,1
2017,6,6,20,17,39.8190278320313,1
2017,6,6,20,17,41.6249479980469,1
2017,6,6,20,17,43.4308720703125,1
2017,6,6,20,17,45.2367629394531,1
2017,6,6,20,17,47.0426608886719,1
2017,6,6,20,17,48.8484389648438,1
2017,6,6,20,17,50.6542919921875,1
2017,6,6,20,17,52.4601408691406,1
2017,6,6,20,17,54.2661030273438,1
2017,6,6,20,17,56.0718439941406,1
2017,6,6,20,17,57.8776081542969,1
2017,6,6,20,17,59.6833220214844,1
2017,6,6,20,18,1.48909301757812,1
2017,6,6,20,18,3.29476318359375,1
2017,6,6,20,18,5.10061694335938,1
2017,6,6,20,18,6.9064208984375,1
2017,6,6,20,18,8.71215795898437,1
2017,6,6,20,18,10.5180090332031,1
2017,6,6,20,18,12.3238229980469,0
2017,6,6,20,18,14.1297431640625,0
2017,6,6,20,18,15.9355258789062,0
2017,6,6,20,18,17.7412619628906,0
2017,6,6,20,18,19.5469870605469,0
2017,6,6,20,18,21.3527780761719,0
2017,6,6,20,18,23.1586140136719,0
2017,6,6,20,18,24.9643518066406,0
2017,6,6,20,18,26.7701188964844,0
2017,6,6,20,18,28.5759421386719,0
2017,6,6,20,18,30.3816918945313,0
2017,6,6,20,18,32.1876088867187,0
2017,6,6,20,18,33.9933569335938,0
2017,6,6,20,18,35.7993010253906,0
2017,6,6,20,18,37.6051940917969,0
2017,6,6,20,18,39.4110529785156,0
2017,6,6,20,18,41.2167060546875,1
2017,6,6,20,18,43.0225319824219,1
2017,6,6,20,18,44.8282739257812,1
2017,6,6,20,18,46.634171875,1
2017,6,6,20,18,48.4485810546875,1
2017,6,6,20,18,50.2544050292969,1
2017,6,6,20,18,52.0601420898438,1
2017,6,6,20,18,53.865794921875,1
2017,6,6,20,18,55.6716579589844,1
2017,6,6,20,18,57.4776101074219,1
2017,6,6,20,18,59.2832241210938,1
2017,6,6,20,19,1.089125,1
2017,6,6,20,19,2.89502807617187,1
2017,6,6,20,19,4.70082202148437,1
2017,6,6,20,19,6.50664794921875,1
2017,6,6,20,19,8.31249584960938,1
2017,6,6,20,19,10.1183459472656,0
2017,6,6,20,19,11.9241860351563,0
2017,6,6,20,19,13.73003515625,0
2017,6,6,20,19,15.5357338867188,0
2017,6,6,20,19,17.3415588378906,0
2017,6,6,20,19,19.1473947753906,0
2017,6,6,20,19,20.9531979980469,0
2017,6,6,20,19,22.7588488769531,0
2017,6,6,20,19,24.5646811523437,0
2017,6,6,20,19,26.370498046875,0
2017,6,6,20,19,28.1762958984375,0
2017,6,6,20,19,29.9820380859375,0
2017,6,6,20,19,31.7879829101562,0
2017,6,6,20,19,33.5936320800781,0
2017,6,6,20,19,35.399291015625,0
2017,6,6,20,19,37.205123046875,0
2017,6,6,20,19,39.0108649902344,0
2017,6,6,20,19,40.8165170898437,0
2017,6,6,20,19,42.6223891601563,0
2017,6,6,20,19,44.4282810058594,0
2017,6,6,20,19,46.2340190429687,0
2017,6,6,20,19,48.0402019042969,0
2017,6,6,20,19,49.8458969726562,0
2017,6,6,20,19,51.6516408691406,0
2017,6,6,20,19,53.4573850097656,0
2017,6,6,20,19,55.2633107910156,0
2017,6,6,20,19,57.0692529296875,0
2017,6,6,20,19,58.8749580078125,0
2017,6,6,20,20,0.68068603515625,0
2017,6,6,20,20,2.48654296875,0
2017,6,6,20,20,4.29228002929688,0
2017,6,6,20,20,6.098123046875,0
2017,6,6,20,20,7.9040478515625,0
2017,6,6,20,20,9.70992895507812,0
2017,6,6,20,20,11.5157399902344,0
2017,6,6,20,20,13.3306889648438,0
2017,6,6,20,20,15.1364660644531,0
2017,6,6,20,20,16.9423161621094,0
2017,6,6,20,20,18.7482431640625,0
2017,6,6,20,20,20.5540329589844,0
2017,6,6,20,20,22.3598139648437,0
2017,6,6,20,20,24.165669921875,0
2017,6,6,20,20,25.9715219726563,0
2017,6,6,20,20,27.7774191894531,0
2017,6,6,20,20,29.5833010253906,0
2017,6,6,20,20,31.3891511230469,0
2017,6,6,20,20,33.1950949707031,0
2017,6,6,20,20,35.0008371582031,0
2017,6,6,20,20,36.8065180664062,0
2017,6,6,20,20,38.6124260253906,0
2017,6,6,20,20,40.4181020507813,0
2017,6,6,20,20,42.223787109375,0
2017,6,6,20,20,44.0296062011719,0
2017,6,6,20,20,45.8354658203125,0
2017,6,6,20,20,47.6411530761719,0
2017,6,6,20,20,49.4468588867188,0
2017,6,6,20,20,51.2526318359375,0
2017,6,6,20,20,53.0583410644531,0
2017,6,6,20,20,54.86425,0
2017,6,6,20,20,56.670083984375,0
2017,6,6,20,20,58.4757810058594,0
2017,6,6,20,21,0.281469970703125,0
2017,6,6,20,21,2.08736401367188,0
2017,6,6,20,21,3.89313208007813,0
2017,6,6,20,21,5.69907104492188,0
2017,6,6,20,21,7.50490087890625,0
2017,6,6,20,21,9.31098803710938,0
2017,6,6,20,21,11.1169250488281,0
2017,6,6,20,21,12.92278515625,0
2017,6,6,20,21,14.728708984375,0
2017,6,6,20,21,16.5346589355469,0
2017,6,6,20,21,18.3404379882812,0
2017,6,6,20,21,20.146255859375,0
2017,6,6,20,21,21.952,0
2017,6,6,20,21,23.7576689453125,0
2017,6,6,20,21,25.5633591308594,0
2017,6,6,20,21,27.3692019042969,0
2017,6,6,20,21,29.1750920410156,0
2017,6,6,20,21,30.9808759765625,0
2017,6,6,20,21,32.7867639160156,0
2017,6,6,20,21,34.592546875,0
2017,6,6,20,21,36.3982900390625,0
2017,6,6,20,21,38.2141540527344,0
2017,6,6,20,21,40.0200310058594,0
2017,6,6,20,21,41.8259338378906,0
2017,6,6,20,21,43.6317260742187,0
2017,6,6,20,21,45.437583984375,0
2017,6,6,20,21,47.2432719726563,0
2017,6,6,20,21,49.0489389648437,0
2017,6,6,20,21,50.8546770019531,0
2017,6,6,20,21,52.6605009765625,0
2017,6,6,20,21,54.466294921875,0
2017,6,6,20,21,56.2720480957031,0
2017,6,6,20,21,58.0777258300781,0
2017,6,6,20,21,59.8836240234375,0
2017,6,6,20,22,1.689412109375,0
2017,6,6,20,22,3.4952568359375,0
2017,6,6,20,22,5.30103198242188,0
2017,6,6,20,22,7.10669482421875,0
2017,6,6,20,22,8.91284790039063,0
2017,6,6,20,22,10.7187368164062,0
2017,6,6,20,22,12.5245681152344,0
2017,6,6,20,22,14.3304392089844,0
2017,6,6,20,22,16.1363908691406,0
2017,6,6,20,22,17.9430729980469,0
2017,6,6,20,22,19.748123046875,0
2017,6,6,20,22,21.5538000488281,0
2017,6,6,20,22,23.3595400390625,0
2017,6,6,20,22,25.165421875,0
2017,6,6,20,22,26.9711630859375,0
2017,6,6,20,22,28.77695703125,0
2017,6,6,20,22,30.5828801269531,0
2017,6,6,20,22,32.3885979003906,0
2017,6,6,20,22,34.1945109863281,0
2017,6,6,20,22,36.00041015625,0
2017,6,6,20,22,37.8062609863281,0
2017,6,6,20,22,39.6119331054688,0
2017,6,6,20,22,41.4177409667969,0
2017,6,6,20,22,43.2237661132813,0
2017,6,6,20,22,45.0295251464844,0
2017,6,6,20,22,46.8353239746094,0
2017,6,6,20,25,30.1973259277344,0
2017,6,6,20,25,32.0957849121094,0
2017,6,6,20,25,33.9017041015625,0
2017,6,6,20,25,35.7679260253906,0
2017,6,6,20,25,37.6839440917969,0
2017,6,6,20,25,39.5128659667969,0
2017,6,6,20,25,41.4141909179688,0
2017,6,6,20,25,43.3165939941406,0
2017,6,6,20,25,45.1649711914063,0
2017,6,6,20,25,47.0650981445312,0
2017,6,6,20,25,49.0110200195313,0
2017,6,6,20,25,50.8168249511719,0
2017,6,6,20,25,52.8174350585938,0
2017,6,6,20,25,54.6359619140625,0
2017,6,6,20,25,56.478296875,0
2017,6,6,20,25,58.3219509277344,0
2017,6,6,20,26,0.149678955078125,0
2017,6,6,20,26,1.9554140625,0
2017,6,6,20,26,3.81793798828125,0
2017,6,6,20,26,6.03103100585937,0
2017,6,6,20,26,7.83698388671875,0
2017,6,6,20,26,9.75901879882812,0
2017,6,6,20,26,11.9635568847656,0
2017,6,6,20,26,13.8889279785156,0
2017,6,6,20,26,15.883619140625,0
2017,6,6,20,26,17.7770339355469,0
2017,6,6,20,26,19.8096362304688,0
2017,6,6,20,26,21.8152719726563,0
2017,6,6,20,26,23.7892351074219,0
2017,6,6,20,26,25.6928142089844,0
2017,6,6,20,26,27.6667980957031,0
2017,6,6,20,26,29.5405581054688,0
2017,6,6,20,26,31.3630668945313,0
2017,6,6,20,26,33.2339938964844,0
2017,6,6,20,26,35.1197258300781,0
2017,6,6,20,26,37.1082338867188,0
2017,6,6,20,26,38.913916015625,0
2017,6,6,20,26,40.8891079101562,0
2017,6,6,20,26,42.8023000488281,0
2017,6,6,20,26,44.7408840332031,0
2017,6,6,20,26,46.7966450195312,0
2017,6,6,20,26,48.6057150878906,0
2017,6,6,20,26,50.6214260253906,0
2017,6,6,20,26,52.5843010253906,0
2017,6,6,20,26,54.4802399902344,0
2017,6,6,20,26,56.3597419433594,0
2017,6,6,20,26,58.2583549804688,0
2017,6,6,20,27,0.120908935546875,0
2017,6,6,20,27,1.934158203125,0
2017,6,6,20,27,3.8271220703125,0
2017,6,6,20,27,5.77077612304688,0
2017,6,6,20,27,7.69371020507812,0
2017,6,6,20,27,9.54103198242188,0
2017,6,6,20,27,11.4411818847656,0
2017,6,6,20,27,13.3337458496094,0
2017,6,6,20,27,15.367794921875,0
2017,6,6,20,27,17.2410290527344,0
2017,6,6,20,27,19.25450390625,0
2017,6,6,20,27,21.121576171875,0
2017,6,6,20,27,22.9523120117187,0
2017,6,6,20,27,24.7582048339844,0
2017,6,6,20,27,26.566828125,0
2017,6,6,20,27,28.4616611328125,0
2017,6,6,20,27,30.5625788574219,0
2017,6,6,20,27,32.3764099121094,0
2017,6,6,20,27,34.2062648925781,0
2017,6,6,20,27,36.1455690917969,0
2017,6,6,20,27,38.1218601074219,0
2017,6,6,20,27,39.9277299804687,0
2017,6,6,20,27,41.8313388671875,0
2017,6,6,20,27,43.791955078125,0
2017,6,6,20,27,45.840046875,0
2017,6,6,20,27,47.7729858398437,0
2017,6,6,20,27,49.8454221191406,0
2017,6,6,20,27,52.0909851074219,0
2017,6,6,20,27,53.8969099121094,0
2017,6,6,20,27,55.8457680664063,0
2017,6,6,20,27,57.8203989257812,0
2017,6,6,20,27,59.7725849609375,0
2017,6,6,20,28,1.76622900390625,0
2017,6,6,20,28,3.80652001953125,0
2017,6,6,20,28,5.76426416015625,0
2017,6,6,20,28,7.82452807617187,0
2017,6,6,20,28,9.81280493164062,0
2017,6,6,20,28,11.817244140625,0
2017,6,6,20,28,13.6231931152344,0
2017,6,6,20,28,15.478921875,0
2017,6,6,20,28,17.3130541992188,0
2017,6,6,20,28,19.1800891113281,0
2017,6,6,20,28,21.1122189941406,0
2017,6,6,20,28,22.9181489257812,0
2017,6,6,20,28,24.7442209472656,0
2017,6,6,20,28,26.8115349121094,0
2017,6,6,20,28,28.6174841308594,0
2017,6,6,20,28,30.5843068847656,0
2017,6,6,20,28,32.3916640625,0
2017,6,6,20,28,34.2603659667969,0
2017,6,6,20,28,36.1509431152344,0
2017,6,6,20,28,38.1040380859375,0
2017,6,6,20,28,39.9097741699219,0
2017,6,6,20,28,41.7438649902344,0
2017,6,6,20,28,43.575375,0
2017,6,6,20,28,45.5417099609375,0
2017,6,6,20,28,47.3735649414063,0
2017,6,6,20,28,49.3587360839844,0
2017,6,6,20,28,51.199201171875,0
2017,6,6,20,28,53.1244150390625,0
2017,6,6,20,28,55.1211240234375,0
2017,6,6,20,28,56.9268032226562,0
2017,6,6,20,28,58.8044099121094,0
2017,6,6,20,29,0.7362119140625,0
2017,6,6,20,29,2.54188500976562,0
2017,6,6,20,29,4.34760498046875,0
2017,6,6,20,29,6.31852612304688,0
2017,6,6,20,29,8.1252080078125,0
2017,6,6,20,29,9.9725791015625,0
2017,6,6,20,29,11.899873046875,0
2017,6,6,20,29,13.7550270996094,0
2017,6,6,20,29,15.5606811523438,0
2017,6,6,20,29,17.3663649902344,0
2017,6,6,20,29,19.1722021484375,0
2017,6,6,20,29,20.9780920410156,0
2017,6,6,20,29,22.7837639160156,0
2017,6,6,20,29,24.5895380859375,0
2017,6,6,20,29,26.3952939453125,0
2017,6,6,20,29,28.2011989746094,0
2017,6,6,20,29,30.0070249023438,0
2017,6,6,20,29,31.8127749023438,0
2017,6,6,20,29,33.6184790039063,0
2017,6,6,20,29,35.4244211425781,0
2017,6,6,20,29,37.2303071289062,0
2017,6,6,20,29,39.036330078125,0
2017,6,6,20,29,40.842166015625,0
2017,6,6,20,29,42.6479389648438,0
2017,6,6,20,29,44.4537780761719,0
2017,6,6,20,29,46.2597099609375,0
2017,6,6,20,29,48.0658500976563,0
2017,6,6,20,29,49.8717260742187,0
2017,6,6,20,29,51.6776630859375,0
2017,6,6,20,29,53.4834348144531,0
2017,6,6,20,29,55.2891569824219,0
2017,6,6,20,29,57.09503515625,0
2017,6,6,20,29,58.9008039550781,0
2017,6,6,20,30,0.70680908203125,0
2017,6,6,20,30,2.51260717773437,0
2017,6,6,20,30,4.31848608398438,0
2017,6,6,20,30,6.12436010742188,0
2017,6,6,20,30,7.93009985351562,0
2017,6,6,20,30,9.7360849609375,0
2017,6,6,20,30,11.5419851074219,0
2017,6,6,20,30,13.3479089355469,0
2017,6,6,20,30,15.1536291503906,0
2017,6,6,20,30,16.9594299316406,0
2017,6,6,20,30,18.7651948242187,0
2017,6,6,20,30,20.5709929199219,0
2017,6,6,20,30,22.3767468261719,0
2017,6,6,20,30,24.1824189453125,0
2017,6,6,20,30,25.9882951660156,0
2017,6,6,20,30,27.7940869140625,0
2017,6,6,20,30,29.5999099121094,0
2017,6,6,20,30,31.405669921875,0
2017,6,6,20,30,33.2114050292969,0
2017,6,6,20,30,35.0172150878906,0
2017,6,6,20,30,36.8230439453125,0
2017,6,6,20,30,38.62874609375,0
2017,6,6,20,30,40.4344611816406,0
2017,6,6,20,30,42.2401379394531,0
2017,6,6,20,30,44.0457990722656,0
2017,6,6,20,30,45.8517209472656,0
2017,6,6,20,30,47.6574931640625,0
2017,6,6,20,30,49.4634399414062,0
2017,6,6,20,30,51.2693491210937,0
2017,6,6,20,30,53.0752919921875,0
2017,6,6,20,30,54.8810798339844,0
2017,6,6,20,30,56.686916015625,0
2017,6,6,20,30,58.4979650878906,0
2017,6,6,20,31,0.303705078125,0
2017,6,6,20,31,2.10936499023438,0
2017,6,6,20,31,3.9152900390625,0
2017,6,6,20,31,5.72102197265625,0
2017,6,6,20,31,7.52676513671875,0
2017,6,6,20,31,9.33257104492188,0
2017,6,6,20,31,11.1382309570313,0
2017,6,6,20,31,12.9439458007813,0
2017,6,6,20,31,14.7496550292969,0
2017,6,6,20,31,16.5554309082031,0
2017,6,6,20,31,18.3611508789063,0
2017,6,6,20,31,20.16708203125,0
2017,6,6,20,31,21.9730239257812,0
2017,6,6,20,31,23.7789609375,0
2017,6,6,20,31,25.5848190917969,0
2017,6,6,20,31,27.390583984375,0
2017,6,6,20,31,29.1964030761719,0
2017,6,6,20,31,31.002173828125,0
2017,6,6,20,31,32.8080229492188,0
2017,6,6,20,31,34.6139499511719,0
2017,6,6,20,31,36.4198059082031,0
2017,6,6,20,31,38.2256479492187,0
2017,6,6,20,31,40.031416015625,0
2017,6,6,20,31,41.8372158203125,0
2017,6,6,20,31,43.6429118652344,0
2017,6,6,20,31,45.4488540039062,0
2017,6,6,20,31,47.2547600097656,0
2017,6,6,20,31,49.0605061035156,0
2017,6,6,20,31,50.8662729492187,0
2017,6,6,20,31,52.6719860839844,0
2017,6,6,20,31,54.477751953125,0
2017,6,6,20,31,56.2836311035156,0
2017,6,6,20,31,58.0899208984375,0
2017,6,6,20,31,59.8957951660156,0
2017,6,6,20,32,1.70172509765625,0
2017,6,6,20,32,3.50763989257812,0
2017,6,6,20,32,5.3135439453125,0
2017,6,6,20,32,7.119416015625,0
2017,6,6,20,32,8.92523193359375,0
2017,6,6,20,32,10.7311130371094,0
2017,6,6,20,32,12.5369411621094,0
2017,6,6,20,32,14.3426950683594,0
2017,6,6,20,32,16.1483979492188,0
2017,6,6,20,32,17.9543439941406,0
2017,6,6,20,32,19.7601909179687,0
2017,6,6,20,32,21.5659699707031,0
2017,6,6,20,32,23.3801291503906,0
2017,6,6,20,32,25.1860148925781,0
2017,6,6,20,32,26.9916689453125,0
2017,6,6,20,32,28.7975649414063,0
2017,6,6,20,32,30.6032541503906,0
2017,6,6,20,32,32.4089370117187,0
2017,6,6,20,32,34.2146088867188,0
2017,6,6,20,32,36.020416015625,0
2017,6,6,20,32,37.8263518066406,0
2017,6,6,20,32,39.6322529296875,0
2017,6,6,20,32,41.4379758300781,0
2017,6,6,20,32,43.2436689453125,0
2017,6,6,20,32,45.0493269042969,0
2017,6,6,20,32,46.8550190429687,0
2017,6,6,20,32,48.6607770996094,0
2017,6,6,20,32,50.4666818847656,0
2017,6,6,20,32,52.2723640136719,0
2017,6,6,20,32,54.0780830078125,0
2017,6,6,20,32,55.8838979492187,0
2017,6,6,20,32,57.6896628417969,0
2017,6,6,20,32,59.4954040527344,0
2017,6,6,20,33,1.30109301757813,0
2017,6,6,20,33,3.10689990234375,0
2017,6,6,20,33,4.91276513671875,0
2017,6,6,20,33,6.718541015625,0
2017,6,6,20,33,8.52427294921875,0
2017,6,6,20,33,10.3301201171875,0
2017,6,6,20,33,12.1358359375,0
2017,6,6,20,33,13.9415439453125,0
2017,6,6,20,33,15.7474501953125,0
2017,6,6,20,33,17.5532888183594,0
2017,6,6,20,33,19.359169921875,0
2017,6,6,20,33,21.1648308105469,0
2017,6,6,20,33,22.9724250488281,0
2017,6,6,20,33,24.7782421875,0
2017,6,6,20,33,26.5838940429688,0
2017,6,6,20,33,28.389796875,0
2017,6,6,20,33,30.1956430664063,0
2017,6,6,20,33,32.0015480957031,0
2017,6,6,20,33,33.8073850097656,0
2017,6,6,20,33,35.6130610351562,0
2017,6,6,20,33,37.4187839355469,0
2017,6,6,20,33,39.2246430664063,0
2017,6,6,20,33,41.030544921875,0
2017,6,6,20,33,42.8363198242187,0
2017,6,6,20,33,44.6420510253906,0
2017,6,6,20,33,46.447876953125,0
2017,6,6,20,33,48.2623920898438,0
2017,6,6,20,33,50.0682849121094,0
2017,6,6,20,33,51.8740029296875,0
2017,6,6,20,33,53.6797941894531,0
2017,6,6,20,33,55.4854990234375,0
2017,6,6,20,33,57.2915620117188,0
2017,6,6,20,33,59.097244140625,0
2017,6,6,20,34,0.9029130859375,0
2017,6,6,20,34,2.70880615234375,0
2017,6,6,20,34,4.51464892578125,0
2017,6,6,20,34,6.32043798828125,0
2017,6,6,20,34,8.12627416992187,0
2017,6,6,20,34,9.932123046875,0
2017,6,6,20,34,11.7378530273437,0
2017,6,6,20,34,13.5435620117188,0
2017,6,6,20,34,15.3492770996094,0
2017,6,6,20,34,17.1551708984375,0
2017,6,6,20,34,18.9610148925781,0
2017,6,6,20,34,20.766666015625,0
2017,6,6,20,34,22.5725930175781,0
2017,6,6,20,34,24.3783579101563,0
2017,6,6,20,34,26.1840561523438,0
2017,6,6,20,34,27.9897790527344,0
2017,6,6,20,34,29.7956398925781,0
2017,6,6,20,34,31.601330078125,0
2017,6,6,20,34,33.4072438964844,0
2017,6,6,20,34,35.2131579589844,0
2017,6,6,20,34,37.0190439453125,0
2017,6,6,20,34,38.8247521972656,0
2017,6,6,20,34,40.6306970214844,0
2017,6,6,20,34,42.4365339355469,0
2017,6,6,20,34,44.2421989746094,0
2017,6,6,20,34,46.048,0
2017,6,6,20,34,47.853744140625,0
2017,6,6,20,34,49.6594150390625,0
2017,6,6,20,34,51.4651411132812,0
2017,6,6,20,34,53.27095703125,0
2017,6,6,20,34,55.0768020019531,0
2017,6,6,20,34,56.8824689941406,0
2017,6,6,20,34,58.6882260742187,0
2017,6,6,20,35,0.4940009765625,0
2017,6,6,20,35,2.29981201171875,0
2017,6,6,20,35,4.10565502929687,0
2017,6,6,20,35,5.91146899414063,0
2017,6,6,20,35,7.71739794921875,0
2017,6,6,20,35,9.52339184570313,0
2017,6,6,20,35,11.3291040039063,0
2017,6,6,20,35,13.1347719726562,0
2017,6,6,20,35,14.9405068359375,0
2017,6,6,20,35,16.7462150878906,0
2017,6,6,20,35,18.5519768066406,0
2017,6,6,20,35,20.3577570800781,0
2017,6,6,20,35,22.1636381835938,0
2017,6,6,20,35,23.9694899902344,0
2017,6,6,20,35,25.7751350097656,0
2017,6,6,20,35,27.5810708007813,0
2017,6,6,20,35,29.3868879394531,0
2017,6,6,20,35,31.1927758789063,0
2017,6,6,20,35,32.9986049804687,0
2017,6,6,20,35,34.8045981445312,0
2017,6,6,20,35,36.6105270996094,0
2017,6,6,20,35,38.4163520507812,0
2017,6,6,20,35,40.2220629882813,0
2017,6,6,20,35,42.0279592285156,0
2017,6,6,20,35,43.8340080566406,0
2017,6,6,20,35,45.6397919921875,0
2017,6,6,20,35,47.4455900878906,0
2017,6,6,20,35,49.2513388671875,0
2017,6,6,20,35,51.0571120605469,0
2017,6,6,20,35,52.8627661132813,0
2017,6,6,20,35,54.6684760742188,0
2017,6,6,20,35,56.4744069824219,0
2017,6,6,20,35,58.2802290039062,0
2017,6,6,20,36,0.0860419921875,0
2017,6,6,20,36,1.89184399414063,0
2017,6,6,20,36,3.69761694335938,0
2017,6,6,20,36,5.5034990234375,0
2017,6,6,20,36,7.30937109375,0
2017,6,6,20,36,9.11512084960938,0
2017,6,6,20,36,10.9208369140625,0
2017,6,6,20,36,12.7361850585937,0
2017,6,6,20,36,14.5420051269531,0
2017,6,6,20,36,16.3477409667969,0
2017,6,6,20,36,18.1534479980469,0
2017,6,6,20,36,19.9593129882813,0
2017,6,6,20,36,21.765166015625,0
2017,6,6,20,36,23.5708029785156,0
2017,6,6,20,36,25.3767199707031,0
2017,6,6,20,36,27.1824060058594,0
2017,6,6,20,36,28.9881599121094,0
2017,6,6,20,36,30.7939250488281,0
2017,6,6,20,36,32.5995910644531,0
2017,6,6,20,36,34.4056447753906,0
2017,6,6,20,36,36.2114018554688,0
2017,6,6,20,36,38.0173098144531,0
2017,6,6,20,36,39.8232590332031,0
2017,6,6,20,36,41.6291000976562,0
2017,6,6,20,36,43.43483984375,0
2017,6,6,20,36,45.2405729980469,0
2017,6,6,20,36,47.0465290527344,0
2017,6,6,20,36,48.8523759765625,0
2017,6,6,20,36,50.6582370605469,0
2017,6,6,20,36,52.4639821777344,0
2017,6,6,20,36,54.2698269042969,0
2017,6,6,20,36,56.0758449707031,0
2017,6,6,20,36,57.8814230957031,0
2017,6,6,20,36,59.6872302246094,0
2017,6,6,20,37,1.4929189453125,0
2017,6,6,20,37,3.29882592773437,0
2017,6,6,20,37,5.10465795898438,0
2017,6,6,20,37,6.9105361328125,0
2017,6,6,20,37,8.71646801757812,0
2017,6,6,20,37,10.52216796875,0
2017,6,6,20,37,12.3279699707031,0
2017,6,6,20,37,14.1338588867188,0
2017,6,6,20,37,15.9395439453125,0
2017,6,6,20,37,17.7454270019531,0
2017,6,6,20,37,19.55137109375,0
2017,6,6,20,37,21.3571589355469,0
2017,6,6,20,37,23.1630808105469,0
2017,6,6,20,37,24.9687619628906,0
2017,6,6,20,37,26.7744760742188,0
2017,6,6,20,37,28.5803771972656,0
2017,6,6,20,37,30.3862080078125,0
2017,6,6,20,37,32.1921030273437,0
2017,6,6,20,37,33.9980090332031,0
2017,6,6,20,37,35.8037131347656,0
2017,6,6,20,37,37.6181892089844,0
2017,6,6,20,37,39.4239558105469,0
2017,6,6,20,37,41.2298120117187,0
2017,6,6,20,37,43.0356418457031,0
2017,6,6,20,37,44.8415461425781,0
2017,6,6,20,37,46.647466796875,0
2017,6,6,20,37,48.4532648925781,0
2017,6,6,20,37,50.2591401367187,0
2017,6,6,20,37,52.0649819335937,0
2017,6,6,20,37,53.8707739257813,0
2017,6,6,20,37,55.6764250488281,0
2017,6,6,20,37,57.4823229980469,0
2017,6,6,20,37,59.2881638183594,0
2017,6,6,20,38,1.093921875,0
2017,6,6,20,38,2.89972802734375,0
2017,6,6,20,38,4.70544702148437,0
2017,6,6,20,38,6.511203125,0
2017,6,6,20,38,8.31704907226563,0
2017,6,6,20,38,10.1227551269531,0
2017,6,6,20,38,11.9285759277344,0
2017,6,6,20,38,13.7342370605469,0
2017,6,6,20,38,15.5400690917969,0
2017,6,6,20,38,17.345921875,0
2017,6,6,20,38,19.1516818847656,0
2017,6,6,20,38,20.95762109375,0
2017,6,6,20,38,22.7634389648438,0
2017,6,6,20,38,24.5692490234375,0
2017,6,6,20,38,26.3750190429687,0
2017,6,6,20,38,28.18095703125,0
2017,6,6,20,38,29.9866828613281,0
2017,6,6,20,38,31.792333984375,0
2017,6,6,20,38,33.5980581054688,0
2017,6,6,20,38,35.4038969726562,0
2017,6,6,20,38,37.2095939941406,0
2017,6,6,20,38,39.01525390625,0
2017,6,6,20,38,40.8211459960937,0
2017,6,6,20,38,42.6269509277344,0
2017,6,6,20,38,44.4327741699219,0
2017,6,6,20,38,46.2392470703125,0
2017,6,6,20,42,31.1957800292969,0
2017,6,6,20,42,33.1775578613281,0
2017,6,6,20,42,35.1648491210938,0
2017,6,6,20,42,37.1929050292969,0
2017,6,6,20,42,38.9985629882813,0
2017,6,6,20,42,40.9120539550781,0
2017,6,6,20,42,42.7177619628906,0
2017,6,6,20,42,44.5236979980469,0
2017,6,6,20,42,46.3294528808594,0
2017,6,6,20,42,48.1458330078125,0
2017,6,6,20,42,49.9514921875,0
2017,6,6,20,42,51.7572299804688,0
2017,6,6,20,42,53.5629809570313,0
2017,6,6,20,42,55.3842709960937,0
2017,6,6,20,42,57.1901020507812,0
2017,6,6,20,42,58.9960109863281,0
2017,6,6,20,43,0.801763916015625,0
2017,6,6,20,43,2.60763403320313,0
2017,6,6,20,43,4.41352612304687,0
2017,6,6,20,43,6.2192890625,0
2017,6,6,20,43,8.02578100585938,0
2017,6,6,20,43,9.831455078125,0
2017,6,6,20,43,11.6371101074219,0
2017,6,6,20,43,13.4462399902344,0
2017,6,6,20,43,15.2521779785156,0
2017,6,6,20,43,17.05783203125,0
2017,6,6,20,43,18.8637819824219,0
2017,6,6,20,43,20.6696701660156,0
2017,6,6,20,43,22.4754409179688,0
2017,6,6,20,43,24.2811748046875,0
2017,6,6,20,43,26.0868999023437,0
2017,6,6,20,43,27.892580078125,0
2017,6,6,20,43,29.698498046875,0
2017,6,6,20,43,31.504376953125,0
2017,6,6,20,43,33.310326171875,0
2017,6,6,20,43,35.11633203125,0
2017,6,6,20,43,36.9220649414062,0
2017,6,6,20,43,38.7277260742188,0
2017,6,6,20,43,40.5334499511719,0
2017,6,6,20,43,42.3393400878906,0
2017,6,6,20,43,44.1452509765625,0
2017,6,6,20,43,45.9511389160156,0
2017,6,6,20,43,47.7567919921875,0
2017,6,6,20,43,49.562494140625,0
2017,6,6,20,43,51.3682509765625,0
2017,6,6,20,43,53.1738979492187,0
2017,6,6,20,43,54.9795649414063,0
2017,6,6,20,43,56.785294921875,0
2017,6,6,20,43,58.5909909667969,0
2017,6,6,20,44,0.3970009765625,0
2017,6,6,20,44,2.20285522460938,0
2017,6,6,20,44,4.008541015625,0
2017,6,6,20,44,5.81420385742187,0
2017,6,6,20,44,7.6200009765625,0
2017,6,6,20,44,9.42585498046875,0
2017,6,6,20,44,11.2315810546875,0
2017,6,6,20,44,13.0379819335938,0
2017,6,6,20,44,14.8437590332031,0
2017,6,6,20,44,16.6496530761719,0
2017,6,6,20,44,18.4555539550781,0
2017,6,6,20,44,20.2612619628906,0
2017,6,6,20,44,22.0670749511719,0
2017,6,6,20,44,23.8727609863281,0
2017,6,6,20,44,25.6786069335937,0
2017,6,6,20,44,27.4843598632812,0
2017,6,6,20,44,29.2900139160156,0
2017,6,6,20,44,31.0958559570313,0
2017,6,6,20,44,32.9016979980469,0
2017,6,6,20,44,34.7075759277344,0
2017,6,6,20,44,36.513248046875,0
2017,6,6,20,44,38.33033984375,0
2017,6,6,20,44,40.1361120605469,0
2017,6,6,20,44,41.9419208984375,0
2017,6,6,20,44,43.7477377929687,0
2017,6,6,20,44,45.5534899902344,0
2017,6,6,20,44,47.3594118652344,0
2017,6,6,20,44,49.1651179199219,0
2017,6,6,20,44,50.9708950195312,0
2017,6,6,20,44,52.7767810058594,0
2017,6,6,20,44,54.5825729980469,0
2017,6,6,20,44,56.3885590820313,0
2017,6,6,20,44,58.1944621582031,0
2017,6,6,20,45,0.00031396484375,0
2017,6,6,20,45,1.80605200195312,0
2017,6,6,20,45,3.61198583984375,0
2017,6,6,20,45,5.41786499023438,0
2017,6,6,20,45,7.22367309570313,0
2017,6,6,20,45,9.02939379882812,0
2017,6,6,20,45,10.8352209472656,0
2017,6,6,20,45,12.6410500488281,0
2017,6,6,20,45,14.4469221191406,0
2017,6,6,20,45,16.2527690429688,0
2017,6,6,20,45,18.0592270507812,0
2017,6,6,20,45,19.8651298828125,0
2017,6,6,20,45,21.6708020019531,0
2017,6,6,20,45,23.4764541015625,0
2017,6,6,20,45,25.2822080078125,0
2017,6,6,20,45,27.0879599609375,0
2017,6,6,20,45,28.8937358398437,0
2017,6,6,20,45,30.6995261230469,0
2017,6,6,20,45,32.5054609375,0
2017,6,6,20,45,34.3113278808594,0
2017,6,6,20,45,36.1171811523437,0
2017,6,6,20,45,37.923125,0
2017,6,6,20,45,39.7291921386719,0
2017,6,6,20,45,41.5351118164062,0
2017,6,6,20,45,43.3409020996094,0
2017,6,6,20,45,45.1466970214844,0
2017,6,6,20,45,46.952419921875,0
2017,6,6,20,45,48.7580769042969,0
2017,6,6,20,45,50.5639929199219,0
2017,6,6,20,45,52.3701948242187,0
2017,6,6,20,45,54.1758540039063,0
2017,6,6,20,45,55.9817109375,0
2017,6,6,20,45,57.7875959472656,0
2017,6,6,20,45,59.5933818359375,0
2017,6,6,20,46,1.39934619140625,0
2017,6,6,20,46,3.20497290039062,0
2017,6,6,20,46,5.01084204101562,0
2017,6,6,20,46,6.81678295898438,0
2017,6,6,20,46,8.62265112304688,0
2017,6,6,20,46,10.4285280761719,0
2017,6,6,20,46,12.2343791503906,0
2017,6,6,20,46,14.0403198242188,0
2017,6,6,20,46,15.8462131347656,0
2017,6,6,20,46,17.6521069335937,0
2017,6,6,20,46,19.4579438476562,0
2017,6,6,20,46,21.2636940917969,0
2017,6,6,20,46,23.0696088867188,0
2017,6,6,20,46,24.8755109863281,0
2017,6,6,20,46,26.681294921875,0
2017,6,6,20,46,28.4870180664063,0
2017,6,6,20,46,30.2927670898437,0
2017,6,6,20,46,32.0985869140625,0
2017,6,6,20,46,33.90453515625,0
2017,6,6,20,46,35.7104458007813,0
2017,6,6,20,46,37.5162260742187,0
2017,6,6,20,46,39.3220339355469,0
2017,6,6,20,46,41.1278349609375,0
2017,6,6,20,46,42.9335051269531,0
2017,6,6,20,46,44.7392211914063,0
2017,6,6,20,46,46.5450698242187,0
2017,6,6,20,46,48.3510529785156,0
2017,6,6,20,46,50.1569360351562,0
2017,6,6,20,46,51.962748046875,0
2017,6,6,20,46,53.7685571289063,0
2017,6,6,20,46,55.5742238769531,0
2017,6,6,20,46,57.3799899902344,0
2017,6,6,20,46,59.1859060058594,0
2017,6,6,20,47,0.9916337890625,0
2017,6,6,20,47,2.80222021484375,0
2017,6,6,20,47,4.60805004882813,0
2017,6,6,20,47,6.41374487304688,0
2017,6,6,20,47,8.21951708984375,0
2017,6,6,20,47,10.0252211914062,0
2017,6,6,20,47,11.8328718261719,0
2017,6,6,20,47,13.636626953125,0
2017,6,6,20,47,15.4423972167969,0
2017,6,6,20,47,17.2482829589844,0
2017,6,6,20,47,19.0540471191406,0
2017,6,6,20,47,20.859705078125,0
2017,6,6,20,47,22.6655158691406,0
2017,6,6,20,47,24.4712299804687,0
2017,6,6,20,47,26.2769721679688,0
2017,6,6,20,47,28.0826508789063,0
2017,6,6,20,47,29.8883500976563,0
2017,6,6,20,47,31.6940539550781,0
2017,6,6,20,47,33.4997770996094,0
2017,6,6,20,47,35.3056088867188,0
2017,6,6,20,47,37.1113999023437,0
2017,6,6,20,47,38.9173139648437,0
2017,6,6,20,47,40.7231049804687,0
2017,6,6,20,47,42.5290520019531,0
2017,6,6,20,47,44.3349631347656,0
2017,6,6,20,47,46.1407390136719,0
2017,6,6,20,47,47.9466760253906,0
2017,6,6,20,47,49.7527019042969,0
2017,6,6,20,47,51.5585930175781,0
2017,6,6,20,47,53.3642438964844,0
2017,6,6,20,47,55.1700729980469,0
2017,6,6,20,47,56.9759990234375,0
2017,6,6,20,47,58.7819250488281,0
2017,6,6,20,48,0.587575927734375,0
2017,6,6,20,48,2.39326806640625,0
2017,6,6,20,48,4.1992099609375,0
2017,6,6,20,48,6.005080078125,0
2017,6,6,20,48,7.81094287109375,0
2017,6,6,20,48,9.61663793945312,0
2017,6,6,20,48,11.4226821289062,0
2017,6,6,20,48,13.2284230957031,0
2017,6,6,20,48,15.0341279296875,0
2017,6,6,20,48,16.8398991699219,0
2017,6,6,20,48,18.6457099609375,0
2017,6,6,20,48,20.451462890625,0
2017,6,6,20,48,22.2571499023437,0
2017,6,6,20,48,24.0628171386719,0
2017,6,6,20,48,25.8685119628906,0
2017,6,6,20,48,27.6845710449219,0
2017,6,6,20,48,29.4903229980469,0
2017,6,6,20,48,31.2959819335938,0
2017,6,6,20,48,33.1019348144531,0
2017,6,6,20,48,34.907583984375,0
2017,6,6,20,48,36.7134221191406,0
2017,6,6,20,48,38.5190229492188,0
2017,6,6,20,48,40.324830078125,0
2017,6,6,20,48,42.1306159667969,0
2017,6,6,20,48,43.9362800292969,0
2017,6,6,20,48,45.7421081542969,0
2017,6,6,20,48,47.5480180664063,0
2017,6,6,20,48,49.3559270019531,0
2017,6,6,20,48,51.1616311035156,0
2017,6,6,20,48,52.9675100097656,0
2017,6,6,20,48,54.7731989746094,0
2017,6,6,20,48,56.5791340332031,0
2017,6,6,20,48,58.38491796875,0
2017,6,6,20,49,0.1905830078125,0
2017,6,6,20,49,1.99652783203125,0
2017,6,6,20,49,3.80234594726562,0
2017,6,6,20,49,5.60830102539062,0
2017,6,6,20,49,7.41433203125,0
2017,6,6,20,49,9.220076171875,0
2017,6,6,20,49,11.0258269042969,0
2017,6,6,20,49,12.8314790039062,0
2017,6,6,20,49,14.6372189941406,0
2017,6,6,20,49,16.443037109375,0
2017,6,6,20,49,18.2489777832031,0
2017,6,6,20,49,20.0548588867188,0
2017,6,6,20,49,21.8606311035156,0
2017,6,6,20,49,23.6665219726562,0
2017,6,6,20,49,25.4722048339844,0
2017,6,6,20,49,27.2780849609375,0
2017,6,6,20,49,29.0839770507813,0
2017,6,6,20,49,30.8897668457031,0
2017,6,6,20,49,32.6954689941406,0
2017,6,6,20,49,34.5012319335938,0
2017,6,6,20,49,36.3069738769531,0
2017,6,6,20,49,38.112751953125,0
2017,6,6,20,49,39.9186411132812,0
2017,6,6,20,49,41.724546875,0
2017,6,6,20,49,43.5303830566406,0
2017,6,6,20,49,45.3363308105469,0
2017,6,6,20,49,47.142126953125,0
2017,6,6,20,49,48.9478608398437,0
2017,6,6,20,49,50.7536889648437,0
2017,6,6,20,49,52.5663940429688,0
2017,6,6,20,49,54.3722019042969,0
2017,6,6,20,49,56.1778959960938,0
2017,6,6,20,49,57.9835861816406,0
2017,6,6,20,49,59.7892829589844,1
2017,6,6,20,50,1.59498583984375,1
2017,6,6,20,50,3.4006640625,1
2017,6,6,20,50,5.20660083007813,1
2017,6,6,20,50,7.01230200195312,1
2017,6,6,20,50,8.81801000976563,1
2017,6,6,20,50,10.62379296875,1
2017,6,6,20,50,12.4296750488281,1
2017,6,6,20,50,14.2355051269531,1
2017,6,6,20,50,16.0414079589844,1
2017,6,6,20,50,17.8470700683594,1
2017,6,6,20,50,19.6527890625,0
2017,6,6,20,50,21.45871484375,0
2017,6,6,20,50,23.26462890625,0
2017,6,6,20,50,25.07041796875,0
2017,6,6,20,50,26.8763588867188,0
2017,6,6,20,50,28.6821169433594,0
2017,6,6,20,50,30.4879819335938,0
2017,6,6,20,50,32.2937299804687,0
2017,6,6,20,50,34.0993869628906,0
2017,6,6,20,50,35.9051320800781,0
2017,6,6,20,50,37.710998046875,0
2017,6,6,20,50,39.5170380859375,0
2017,6,6,20,50,41.32291015625,0
2017,6,6,20,50,43.1288630371094,0
2017,6,6,20,50,44.9345441894531,0
2017,6,6,20,50,46.740287109375,0
2017,6,6,20,50,48.5461650390625,0
2017,6,6,20,50,50.3519631347656,0
2017,6,6,20,50,52.1580119628906,0
2017,6,6,20,50,53.9638100585938,0
2017,6,6,20,50,55.7697570800781,0
2017,6,6,20,50,57.5756208496094,0
2017,6,6,20,50,59.3814479980469,0
2017,6,6,20,51,1.187205078125,0
2017,6,6,20,51,2.99296313476562,0
2017,6,6,20,51,4.79871801757812,0
2017,6,6,20,51,6.60443408203125,0
2017,6,6,20,51,8.41015185546875,0
2017,6,6,20,51,10.216083984375,0
2017,6,6,20,51,12.0220251464844,0
2017,6,6,20,51,13.82782421875,0
2017,6,6,20,51,15.6336638183594,0
2017,6,6,20,51,17.4489299316406,0
2017,6,6,20,51,19.2548369140625,0
2017,6,6,20,51,21.0605048828125,0
2017,6,6,20,51,22.8661889648438,0
2017,6,6,20,51,24.6721040039062,0
2017,6,6,20,51,26.4781340332031,0
2017,6,6,20,51,28.2837980957031,0
2017,6,6,20,51,30.0895520019531,0
2017,6,6,20,51,31.8952600097656,0
2017,6,6,20,51,33.7010859375,0
2017,6,6,20,51,35.5069748535156,0
2017,6,6,20,51,37.3128559570313,0
2017,6,6,20,51,39.1187770996094,0
2017,6,6,20,51,40.9245859375,0
2017,6,6,20,51,42.7303869628906,0
2017,6,6,20,51,44.5360478515625,0
2017,6,6,20,51,46.3419599609375,0
2017,6,6,20,51,48.1478100585937,0
2017,6,6,20,51,49.9535009765625,0
2017,6,6,20,51,51.7592739257813,0
2017,6,6,20,51,53.5649599609375,0
2017,6,6,20,51,55.3708911132813,0
2017,6,6,20,51,57.1765419921875,0
2017,6,6,20,51,58.9824929199219,0
2017,6,6,20,52,0.788343994140625,0
2017,6,6,20,52,2.5940390625,0
2017,6,6,20,52,4.39973999023437,0
2017,6,6,20,52,6.20554296875,0
2017,6,6,20,52,8.01669799804687,0
2017,6,6,20,52,9.82239501953125,0
2017,6,6,20,52,11.6281599121094,0
2017,6,6,20,52,13.4339741210937,0
2017,6,6,20,52,15.2398510742188,0
2017,6,6,20,52,17.0457600097656,0
2017,6,6,20,52,18.8514458007812,0
2017,6,6,20,52,20.6572138671875,0
2017,6,6,20,52,22.4631540527344,0
2017,6,6,20,52,24.2689631347656,0
2017,6,6,20,52,26.0748559570313,0
2017,6,6,20,52,27.8805771484375,0
2017,6,6,20,52,29.6862470703125,0
2017,6,6,20,52,31.492078125,0
2017,6,6,20,52,33.2979760742188,0
2017,6,6,20,52,35.10371484375,0
2017,6,6,20,52,36.9096569824219,0
2017,6,6,20,52,38.7153562011719,0
2017,6,6,20,52,40.5211689453125,0
2017,6,6,20,52,42.3308989257812,0
2017,6,6,20,52,44.1368020019531,0
2017,6,6,20,52,45.9426059570312,0
2017,6,6,20,52,47.7482768554688,0
2017,6,6,20,52,49.5540559082031,0
2017,6,6,20,52,51.3618627929688,0
2017,6,6,20,52,53.1657209472656,0
2017,6,6,20,52,54.9714118652344,0
2017,6,6,20,52,56.7771931152344,0
2017,6,6,20,52,58.5831020507812,0
2017,6,6,20,53,0.388955078125,0
2017,6,6,20,53,2.1947919921875,0
2017,6,6,20,53,4.00064306640625,0
2017,6,6,20,53,5.80630810546875,0
2017,6,6,20,53,7.61201684570312,0
2017,6,6,20,53,9.417705078125,0
2017,6,6,20,53,11.2235319824219,0
2017,6,6,20,53,13.029337890625,0
2017,6,6,20,53,14.8350041503906,0
2017,6,6,20,53,16.6410729980469,0
2017,6,6,20,53,18.4469240722656,0
2017,6,6,20,53,20.2527119140625,0
2017,6,6,20,53,22.0585129394531,0
2017,6,6,20,53,23.8642189941406,0
2017,6,6,20,53,25.6700598144531,0
2017,6,6,20,53,27.4759440917969,0
2017,6,6,20,53,29.281708984375,0
2017,6,6,20,53,31.0875239257813,0
2017,6,6,20,53,32.8932170410156,1
2017,6,6,20,53,34.6991159667969,1
2017,6,6,20,53,36.504875,1
2017,6,6,20,53,38.3107058105469,1
2017,6,6,20,53,40.1165300292969,1
2017,6,6,20,53,41.9224619140625,1
2017,6,6,20,53,43.7281799316406,1
2017,6,6,20,53,45.534123046875,2
2017,6,6,20,53,47.3400720214844,2
2017,6,6,20,53,49.1459970703125,2
2017,6,6,20,53,50.9520009765625,2
2017,6,6,20,53,52.7579409179688,2
2017,6,6,20,53,54.5636379394531,2
2017,6,6,20,53,56.3692939453125,2
2017,6,6,20,53,58.1750231933594,2
2017,6,6,20,53,59.9807370605469,2
2017,6,6,20,54,1.78652319335938,2
2017,6,6,20,54,3.59247094726563,2
2017,6,6,20,54,5.39830908203125,2
2017,6,6,20,54,7.20418701171875,2
2017,6,6,20,54,9.01010888671875,2
2017,6,6,20,54,10.8158181152344,2
2017,6,6,20,54,12.6215861816406,1
2017,6,6,20,54,14.4273159179688,1
2017,6,6,20,54,16.233171875,1
2017,6,6,20,54,18.0390461425781,0
2017,6,6,20,54,19.844755859375,0
2017,6,6,20,54,21.6505,0
2017,6,6,20,54,23.4561950683594,0
2017,6,6,20,54,25.2620361328125,0
2017,6,6,20,54,27.0676979980469,0
2017,6,6,20,54,28.8736489257813,0
2017,6,6,20,54,30.6795891113281,0
2017,6,6,20,54,32.4854040527344,0
2017,6,6,20,54,34.2912648925781,0
2017,6,6,20,54,36.0970490722656,0
2017,6,6,20,54,37.9027939453125,0
2017,6,6,20,54,39.7084118652344,0
2017,6,6,20,54,41.5142268066406,0
2017,6,6,20,54,43.3200339355469,0
2017,6,6,20,54,45.1257370605469,0
2017,6,6,20,54,46.9315710449219,0
2017,6,6,20,54,48.7372341308594,0
2017,6,6,20,54,50.5430031738281,0
2017,6,6,20,54,52.3486298828125,0
2017,6,6,20,54,54.1543659667969,0
2017,6,6,20,54,55.9600920410156,0
2017,6,6,20,54,57.7657570800781,0
2017,6,6,20,54,59.57158203125,0
2017,6,6,20,55,1.37747900390625,0
2017,6,6,20,55,3.18363500976562,0
2017,6,6,20,55,4.98929321289063,0
2017,6,6,20,55,6.795212890625,0
2017,6,6,20,55,8.60098193359375,0
2017,6,6,20,55,10.4066450195313,0
2017,6,6,20,55,12.2123200683594,0
2017,6,6,20,55,14.0182458496094,0
2017,6,6,20,55,15.8242978515625,0
2017,6,6,20,55,17.6299790039063,0
2017,6,6,20,55,19.4356520996094,0
2017,6,6,20,55,21.2414899902344,0
2017,6,6,20,55,23.0472878417969,0
2017,6,6,20,55,24.8532058105469,0
2017,6,6,20,55,26.6590778808594,0
2017,6,6,20,55,28.4647341308594,0
2017,6,6,20,55,30.2706740722656,0
2017,6,6,20,55,32.07641796875,0
2017,6,6,20,55,33.8821970214844,0
2017,6,6,20,55,35.6880610351563,0
2017,6,6,20,55,37.4938669433594,0
2017,6,6,20,55,39.2997119140625,0
2017,6,6,20,55,41.1054311523437,0
2017,6,6,20,55,42.9112709960937,0
2017,6,6,20,55,44.7169748535156,0
2017,6,6,20,55,46.5227080078125,0
2017,6,6,20,55,48.3286271972656,0
2017,6,6,20,55,50.1345090332031,0
2017,6,6,20,55,51.9401318359375,0
2017,6,6,20,55,53.7458969726562,0
2017,6,6,20,55,55.5516391601562,0
2017,6,6,20,55,57.3575759277344,0
2017,6,6,20,55,59.16350390625,0
2017,6,6,20,56,0.969324951171875,0
2017,6,6,20,56,2.77535693359375,0
2017,6,6,20,56,4.58106909179688,0
2017,6,6,20,56,6.39576879882812,0
2017,6,6,20,56,8.20169409179688,0
2017,6,6,20,56,10.0075949707031,0
2017,6,6,20,56,11.8132670898437,0
2017,6,6,20,56,13.6189270019531,0
2017,6,6,20,56,15.4247380371094,0
2017,6,6,20,56,17.2304848632813,0
2017,6,6,20,56,19.0364069824219,0
2017,6,6,20,56,20.8420568847656,0
2017,6,6,20,56,22.6479248046875,0
2017,6,6,20,56,24.453787109375,0
2017,6,6,20,56,26.2596569824219,0
2017,6,6,20,56,28.0654958496094,0
2017,6,6,20,56,29.8712028808594,0
2017,6,6,20,56,31.6770461425781,0
2017,6,6,20,56,33.4829379882813,0
2017,6,6,20,56,35.2886418457031,0
2017,6,6,20,56,37.0943049316406,0
2017,6,6,20,56,38.9001828613281,0
2017,6,6,20,56,40.7062321777344,0
2017,6,6,20,56,42.5120659179687,0
2017,6,6,20,56,44.317791015625,0
2017,6,6,20,56,46.1236911621094,0
2017,6,6,20,56,47.9293759765625,0
2017,6,6,20,56,49.7351350097656,0
2017,6,6,20,56,51.5410681152344,0
2017,6,6,20,56,53.3469970703125,0
2017,6,6,20,56,55.1527351074219,0
2017,6,6,20,56,56.9585759277344,0
2017,6,6,20,56,58.7643698730469,0
2017,6,6,20,57,0.570288818359375,0
2017,6,6,20,57,2.37604809570312,0
2017,6,6,20,57,4.18192602539063,0
2017,6,6,20,57,5.98758422851563,0
2017,6,6,20,57,7.7934638671875,0
2017,6,6,20,57,9.59927709960938,0
2017,6,6,20,57,11.4050751953125,0
2017,6,6,20,57,13.2110090332031,0
2017,6,6,20,57,15.0170439453125,0
2017,6,6,20,57,16.822712890625,0
2017,6,6,20,57,18.6285219726563,0
2017,6,6,20,57,20.4344848632812,0
2017,6,6,20,57,22.2402141113281,0
2017,6,6,20,57,24.04587890625,0
2017,6,6,20,57,25.851828125,0
2017,6,6,20,57,27.6576281738281,0
2017,6,6,20,57,29.4632939453125,0
2017,6,6,20,57,31.2690959472656,0
2017,6,6,20,57,33.0749829101563,0
2017,6,6,20,57,34.8808449707031,0
2017,6,6,20,57,36.6866560058594,0
2017,6,6,20,57,38.492376953125,0
2017,6,6,20,57,40.2982048339844,0
2017,6,6,20,57,42.104083984375,0
2017,6,6,20,57,43.9099851074219,0
2017,6,6,20,57,45.7158688964844,0
2017,6,6,20,57,47.5217890625,0
2017,6,6,20,57,49.3278278808594,0
2017,6,6,20,57,51.1335881347656,0
2017,6,6,20,57,52.9394750976562,0
2017,6,6,20,57,54.7454140625,0
2017,6,6,20,57,56.5511140136719,0
2017,6,6,20,57,58.3568029785156,0
2017,6,6,20,58,0.1626201171875,0
2017,6,6,20,58,1.9684580078125,0
2017,6,6,20,58,3.77411108398438,0
2017,6,6,20,58,5.58919995117188,0
2017,6,6,20,58,7.39498486328125,0
2017,6,6,20,58,9.2006640625,0
2017,6,6,20,58,11.0063559570312,0
2017,6,6,20,58,12.8123068847656,0
2017,6,6,20,58,14.6181398925781,0
2017,6,6,20,58,16.423705078125,0
2017,6,6,20,58,18.2294370117188,0
2017,6,6,20,58,20.0352600097656,0
2017,6,6,20,58,56.9505190429688,0
2017,6,6,20,58,58.8242548828125,0
2017,6,6,20,59,0.8586640625,0
2017,6,6,20,59,2.66459497070313,0
2017,6,6,20,59,4.47053686523437,0
2017,6,6,20,59,6.40006713867187,0
2017,6,6,20,59,8.2105341796875,0
2017,6,6,20,59,10.016412109375,0
2017,6,6,20,59,12.0448898925781,0
2017,6,6,20,59,14.0261208496094,0
2017,6,6,20,59,16.0292338867187,0
2017,6,6,20,59,17.8760222167969,0
2017,6,6,20,59,19.6818640136719,0
2017,6,6,20,59,21.6480729980469,0
2017,6,6,20,59,23.5259831542969,0
2017,6,6,20,59,25.4173979492187,0
2017,6,6,20,59,27.2536320800781,0
2017,6,6,20,59,29.0595358886719,0
2017,6,6,20,59,30.8825158691406,0
2017,6,6,20,59,32.92621484375,0
2017,6,6,20,59,34.7321311035156,0
2017,6,6,20,59,36.57883203125,0
2017,6,6,20,59,38.4200388183594,0
2017,6,6,20,59,40.2467370605469,0
2017,6,6,20,59,42.1514370117187,0
2017,6,6,20,59,43.968830078125,0
2017,6,6,20,59,45.9530380859375,0
2017,6,6,20,59,47.8920349121094,0
2017,6,6,20,59,49.7066879882813,0
2017,6,6,20,59,51.6560710449219,0
2017,6,6,20,59,53.4617778320313,0
2017,6,6,20,59,55.4294499511719,0
2017,6,6,20,59,57.4153640136719,0
2017,6,6,20,59,59.2273828125,0
2017,6,6,21,0,1.40664916992188,0
2017,6,6,21,0,3.25594995117187,0
2017,6,6,21,0,5.21238500976563,0
2017,6,6,21,0,7.0900048828125,0
2017,6,6,21,0,8.89798486328125,0
2017,6,6,21,0,10.9895649414063,0
2017,6,6,21,0,12.8330700683594,0
2017,6,6,21,0,14.6995529785156,0
2017,6,6,21,0,16.6212138671875,0
2017,6,6,21,0,18.4476188964844,0
2017,6,6,21,0,20.45446484375,0
2017,6,6,21,0,22.3419360351563,0
2017,6,6,21,0,24.2130971679688,0
2017,6,6,21,0,26.2287399902344,0
2017,6,6,21,0,28.2132490234375,0
2017,6,6,21,0,30.1739899902344,0
2017,6,6,21,0,31.9798688964844,0
2017,6,6,21,0,34.1363579101562,0
2017,6,6,21,0,36.0033559570313,0
2017,6,6,21,0,37.9213540039063,0
2017,6,6,21,0,39.883865234375,0
2017,6,6,21,0,41.8837280273438,1
2017,6,6,21,0,43.7061440429688,1
2017,6,6,21,0,45.637537109375,1
2017,6,6,21,0,47.4434680175781,1
2017,6,6,21,0,49.2492722167969,1
2017,6,6,21,0,51.351126953125,1
2017,6,6,21,0,53.2145668945313,1
2017,6,6,21,0,55.0203940429688,1
2017,6,6,21,0,56.8624260253906,1
2017,6,6,21,0,58.66825,1
2017,6,6,21,1,0.479428955078125,1
2017,6,6,21,1,2.35588403320313,1
2017,6,6,21,1,4.21463403320312,1
2017,6,6,21,1,6.1024560546875,1
2017,6,6,21,1,8.04649096679688,1
2017,6,6,21,1,9.936791015625,1
2017,6,6,21,1,11.9887790527344,1
2017,6,6,21,1,13.9047570800781,1
2017,6,6,21,1,16.2207600097656,1
2017,6,6,21,1,18.0264609375,1
2017,6,6,21,1,19.9449328613281,1
2017,6,6,21,1,22.0138618164063,1
2017,6,6,21,1,23.8758010253906,1
2017,6,6,21,1,25.7876589355469,1
2017,6,6,21,1,27.7172680664062,1
2017,6,6,21,1,29.5773449707031,1
2017,6,6,21,1,31.3831989746094,0
2017,6,6,21,1,33.2348671875,0
2017,6,6,21,1,35.1376318359375,0
2017,6,6,21,1,37.0763071289063,0
2017,6,6,21,1,38.8821169433594,0
2017,6,6,21,1,40.7753400878906,0
2017,6,6,21,1,42.6197409667969,0
2017,6,6,21,1,44.4256909179688,0
2017,6,6,21,1,46.4176430664062,0
2017,6,6,21,1,48.2610759277344,0
2017,6,6,21,1,50.21729296875,0
2017,6,6,21,1,52.0230739746094,0
2017,6,6,21,1,53.9783530273438,0
2017,6,6,21,1,55.8662390136719,0
2017,6,6,21,1,57.8250959472656,0
2017,6,6,21,1,59.9177580566406,0
2017,6,6,21,2,1.8668740234375,0
2017,6,6,21,2,3.75173803710938,0
2017,6,6,21,2,5.63061083984375,0
2017,6,6,21,2,7.46715600585938,1
2017,6,6,21,2,9.31411694335937,1
2017,6,6,21,2,11.14979296875,1
2017,6,6,21,2,12.960951171875,1
2017,6,6,21,2,14.8368620605469,1
2017,6,6,21,2,16.9903718261719,1
2017,6,6,21,2,19.5818569335937,1
2017,6,6,21,2,21.5863039550781,1
2017,6,6,21,2,23.39225,1
2017,6,6,21,2,25.1980778808594,1
2017,6,6,21,2,27.0037700195312,1
2017,6,6,21,2,28.8095710449219,1
2017,6,6,21,2,30.6153291015625,1
2017,6,6,21,2,32.4211198730469,1
2017,6,6,21,2,34.2270478515625,1
2017,6,6,21,2,36.0326999511719,1
2017,6,6,21,2,37.8384240722656,1
2017,6,6,21,2,39.6448510742187,1
2017,6,6,21,2,41.4506630859375,1
2017,6,6,21,2,43.25654296875,1
2017,6,6,21,2,45.0623879394531,1
2017,6,6,21,2,46.8682880859375,1
2017,6,6,21,2,48.6741550292969,1
2017,6,6,21,2,50.4798911132812,1
2017,6,6,21,2,52.2855930175781,1
2017,6,6,21,2,54.0914099121094,1
2017,6,6,21,2,55.8971828613281,1
2017,6,6,21,2,57.7028879394531,1
2017,6,6,21,2,59.5088388671875,1
2017,6,6,21,3,1.3145439453125,1
2017,6,6,21,3,3.12023999023438,1
2017,6,6,21,3,4.92597900390625,1
2017,6,6,21,3,6.73172680664062,1
2017,6,6,21,3,8.53746801757812,1
2017,6,6,21,3,10.3432429199219,1
2017,6,6,21,3,12.1490620117187,1
2017,6,6,21,3,13.9549309082031,1
2017,6,6,21,3,15.7607819824219,1
2017,6,6,21,3,17.5666379394531,1
2017,6,6,21,3,19.3724279785156,1
2017,6,6,21,3,21.1782839355469,1
2017,6,6,21,3,22.9840520019531,1
2017,6,6,21,3,24.7899001464844,1
2017,6,6,21,3,26.5957229003906,1
2017,6,6,21,3,28.4016220703125,1
2017,6,6,21,3,30.2075258789062,1
2017,6,6,21,3,32.0132370605469,1
2017,6,6,21,3,33.8191208496094,1
2017,6,6,21,3,35.6249470214844,1
2017,6,6,21,3,37.4306171875,1
2017,6,6,21,3,39.2364357910156,1
2017,6,6,21,3,41.0421198730469,1
2017,6,6,21,3,42.84792578125,1
2017,6,6,21,3,44.6536750488281,1
2017,6,6,21,3,46.4595649414062,1
2017,6,6,21,3,48.2652358398437,1
2017,6,6,21,3,50.0711540527344,1
2017,6,6,21,3,51.876998046875,1
2017,6,6,21,3,53.6828562011719,1
2017,6,6,21,3,55.4887590332031,1
2017,6,6,21,3,57.2946701660156,1
2017,6,6,21,3,59.1006201171875,1
2017,6,6,21,4,0.90635986328125,1
2017,6,6,21,4,2.7121240234375,1
2017,6,6,21,4,4.51780102539063,1
2017,6,6,21,4,6.32354223632812,1
2017,6,6,21,4,8.12947802734375,1
2017,6,6,21,4,9.93527612304688,1
2017,6,6,21,4,11.7410532226562,1
2017,6,6,21,4,13.5469919433594,1
2017,6,6,21,4,15.352798828125,1
2017,6,6,21,4,17.1585300292969,1
2017,6,6,21,4,18.9642670898438,1
2017,6,6,21,4,20.7702280273438,1
2017,6,6,21,4,22.5761831054688,1
2017,6,6,21,4,24.38204296875,1
2017,6,6,21,4,26.1881259765625,1
2017,6,6,21,4,27.9938811035156,1
2017,6,6,21,4,29.7995559082031,1
2017,6,6,21,4,31.6052971191406,1
2017,6,6,21,4,33.411087890625,1
2017,6,6,21,4,35.217,1
2017,6,6,21,4,37.0228249511719,1
2017,6,6,21,4,38.8286618652344,1
2017,6,6,21,4,40.6345141601563,1
2017,6,6,21,4,42.4403901367187,1
2017,6,6,21,4,44.2461081542969,1
2017,6,6,21,4,46.0520419921875,1
2017,6,6,21,4,47.8578559570312,1
2017,6,6,21,4,49.6636440429687,1
2017,6,6,21,4,51.4693959960938,1
2017,6,6,21,4,53.2751860351563,1
2017,6,6,21,4,55.080958984375,1
2017,6,6,21,4,56.8868999023437,1
2017,6,6,21,4,58.6926369628906,1
2017,6,6,21,5,0.498485107421875,1
2017,6,6,21,5,2.30417700195312,1
2017,6,6,21,5,4.11006689453125,1
2017,6,6,21,5,5.9159541015625,1
2017,6,6,21,5,7.72177099609375,1
2017,6,6,21,5,9.5277080078125,1
2017,6,6,21,5,11.3334780273437,1
2017,6,6,21,5,13.1391340332031,1
2017,6,6,21,5,14.9448881835938,1
2017,6,6,21,5,16.7505930175781,1
2017,6,6,21,5,18.5562651367187,1
2017,6,6,21,5,20.3621120605469,1
2017,6,6,21,5,22.1678349609375,1
2017,6,6,21,5,23.9736840820313,1
2017,6,6,21,5,25.7795,1
2017,6,6,21,5,27.5928029785156,1
2017,6,6,21,5,29.3987509765625,1
2017,6,6,21,5,31.2045180664063,1
2017,6,6,21,5,33.0112041015625,1
2017,6,6,21,5,34.8170510253906,1
2017,6,6,21,5,36.622826171875,1
2017,6,6,21,5,38.4285480957031,1
2017,6,6,21,5,40.2342370605469,1
2017,6,6,21,5,42.0399379882813,1
2017,6,6,21,5,43.8456708984375,1
2017,6,6,21,5,45.6515529785156,1
2017,6,6,21,5,47.4574111328125,1
2017,6,6,21,5,49.2633090820312,1
2017,6,6,21,5,51.0692280273437,1
2017,6,6,21,5,52.87512890625,1
2017,6,6,21,5,54.680794921875,1
2017,6,6,21,5,56.4867370605469,1
2017,6,6,21,5,58.2926171875,1
2017,6,6,21,6,0.09831298828125,1
2017,6,6,21,6,1.90407104492187,1
2017,6,6,21,6,3.70996801757813,1
2017,6,6,21,6,5.51567797851563,1
2017,6,6,21,6,7.3216318359375,1
2017,6,6,21,6,9.12753002929687,1
2017,6,6,21,6,10.9331979980469,1
2017,6,6,21,6,12.7391181640625,1
2017,6,6,21,6,14.5447709960937,1
2017,6,6,21,6,16.3504428710938,1
2017,6,6,21,6,18.1561337890625,1
2017,6,6,21,6,19.9620070800781,0
2017,6,6,21,6,21.7676889648437,0
2017,6,6,21,6,23.5736169433594,0
2017,6,6,21,6,25.3793588867188,0
2017,6,6,21,6,27.1852619628906,0
2017,6,6,21,6,28.9911301269531,0
2017,6,6,21,6,30.7969338378906,0
2017,6,6,21,6,32.6026340332031,0
2017,6,6,21,6,34.4083869628906,0
2017,6,6,21,6,36.2141931152344,0
2017,6,6,21,6,38.0199001464844,0
2017,6,6,21,6,39.8255830078125,0
2017,6,6,21,6,41.6312890625,0
2017,6,6,21,6,43.4372209472656,0
2017,6,6,21,6,45.2429841308594,0
2017,6,6,21,6,47.0486540527344,0
2017,6,6,21,6,48.8543779296875,0
2017,6,6,21,6,50.66016796875,0
2017,6,6,21,6,52.4659819335938,0
2017,6,6,21,6,54.2718659667969,0
2017,6,6,21,6,56.0777309570312,0
2017,6,6,21,6,57.8834240722656,0
2017,6,6,21,6,59.6893569335937,0
2017,6,6,21,7,1.49503198242187,0
2017,6,6,21,7,3.30084985351562,0
2017,6,6,21,7,5.10650708007813,0
2017,6,6,21,7,6.91224609375,0
2017,6,6,21,7,8.7181630859375,1
2017,6,6,21,7,10.5257719726562,1
2017,6,6,21,7,12.3297509765625,1
2017,6,6,21,7,14.1356989746094,1
2017,6,6,21,7,15.9416079101563,1
2017,6,6,21,7,17.7474350585938,1
2017,6,6,21,7,19.5531079101562,1
2017,6,6,21,7,21.3590390625,1
2017,6,6,21,7,23.1649809570313,1
2017,6,6,21,7,24.9706430664063,1
2017,6,6,21,7,26.7763669433594,1
2017,6,6,21,7,28.5822399902344,1
2017,6,6,21,7,30.387953125,1
2017,6,6,21,7,32.1937360839844,1
2017,6,6,21,7,33.9994699707031,1
2017,6,6,21,7,35.8052260742188,1
2017,6,6,21,7,37.6110620117188,1
2017,6,6,21,7,39.4168500976563,1
2017,6,6,21,7,41.2226870117187,1
2017,6,6,21,7,43.0285520019531,1
2017,6,6,21,7,44.8342399902344,1
2017,6,6,21,7,46.6399909667969,2
2017,6,6,21,7,48.44575,2
2017,6,6,21,7,50.2516000976563,2
2017,6,6,21,7,52.0573798828125,2
2017,6,6,21,7,53.8633129882813,2
2017,6,6,21,7,55.6689760742187,1
2017,6,6,21,7,57.4747971191406,1
2017,6,6,21,7,59.2806989746094,1
2017,6,6,21,8,1.08643798828125,1
2017,6,6,21,8,2.89227099609375,1
2017,6,6,21,8,4.69805004882812,1
2017,6,6,21,8,6.50399584960937,1
2017,6,6,21,8,8.30986596679688,1
2017,6,6,21,8,10.115873046875,1
2017,6,6,21,8,11.9216389160156,1
2017,6,6,21,8,13.7275649414062,1
2017,6,6,21,8,15.5333249511719,1
2017,6,6,21,8,17.3389780273437,1
2017,6,6,21,8,19.1447600097656,1
2017,6,6,21,8,20.9505688476562,1
2017,6,6,21,8,22.7565080566406,1
2017,6,6,21,8,24.5623369140625,1
2017,6,6,21,8,26.3680278320312,1
2017,6,6,21,8,28.17387109375,1
2017,6,6,21,8,29.979666015625,1
2017,6,6,21,8,31.7853391113281,1
2017,6,6,21,8,33.5910480957031,1
2017,6,6,21,8,35.3970388183594,1
2017,6,6,21,8,37.2028420410156,1
2017,6,6,21,8,39.0086040039062,1
2017,6,6,21,8,40.8143779296875,1
2017,6,6,21,8,42.6200380859375,1
2017,6,6,21,8,44.4258740234375,1
2017,6,6,21,8,46.2317380371094,1
2017,6,6,21,8,48.0375358886719,1
2017,6,6,21,8,49.8432099609375,1
2017,6,6,21,8,51.6578540039063,1
2017,6,6,21,8,53.4635378417969,1
2017,6,6,21,8,55.2691979980469,1
2017,6,6,21,8,57.0751359863281,1
2017,6,6,21,8,58.8810739746094,1
2017,6,6,21,9,0.687094970703125,1
2017,6,6,21,9,2.49301196289063,1
2017,6,6,21,9,4.29877587890625,1
2017,6,6,21,9,6.104583984375,1
2017,6,6,21,9,7.91029907226562,1
2017,6,6,21,9,9.71598095703125,1
2017,6,6,21,9,11.5216938476563,1
2017,6,6,21,9,13.32762109375,1
2017,6,6,21,9,15.1332810058594,1
2017,6,6,21,9,16.9392248535156,1
2017,6,6,21,9,18.7448989257812,1
2017,6,6,21,9,20.5505991210938,1
2017,6,6,21,9,22.3564890136719,1
2017,6,6,21,9,24.1623051757812,1
2017,6,6,21,9,25.9683410644531,1
2017,6,6,21,9,27.7741770019531,1
2017,6,6,21,9,29.5799108886719,1
2017,6,6,21,9,31.3858481445312,1
2017,6,6,21,9,33.1915200195312,1
2017,6,6,21,9,34.9973129882813,1
2017,6,6,21,9,36.8032270507813,1
2017,6,6,21,9,38.6090979003906,1
2017,6,6,21,9,40.4149848632812,1
2017,6,6,21,9,42.2207829589844,1
2017,6,6,21,9,44.0267141113281,1
2017,6,6,21,9,45.8325119628906,1
2017,6,6,21,9,47.638416015625,1
2017,6,6,21,9,49.4442719726563,1
2017,6,6,21,9,51.2500168457031,1
2017,6,6,21,9,53.0559521484375,1
2017,6,6,21,9,54.8618269042969,1
2017,6,6,21,9,56.6675988769531,1
2017,6,6,21,9,58.4732600097656,1
2017,6,6,21,10,0.27893310546875,1
2017,6,6,21,10,2.0847119140625,1
2017,6,6,21,10,3.89042993164063,1
2017,6,6,21,10,5.69631494140625,1
2017,6,6,21,10,7.5020390625,1
2017,6,6,21,10,9.30773706054688,1
2017,6,6,21,10,11.1136179199219,1
2017,6,6,21,10,12.9196379394531,1
2017,6,6,21,10,14.7253088378906,1
2017,6,6,21,10,16.5418330078125,1
2017,6,6,21,10,18.3476879882813,1
2017,6,6,21,10,20.1534880371094,1
2017,6,6,21,10,21.9593579101562,1
2017,6,6,21,10,23.7650170898437,1
2017,6,6,21,10,25.570669921875,1
2017,6,6,21,10,27.3765358886719,1
2017,6,6,21,10,29.1824780273437,1
2017,6,6,21,10,30.9882368164062,1
2017,6,6,21,10,32.7941430664062,1
2017,6,6,21,10,34.5999150390625,1
2017,6,6,21,10,36.405669921875,1
2017,6,6,21,10,38.2114338378906,1
2017,6,6,21,10,40.0172570800781,1
2017,6,6,21,10,41.822998046875,1
2017,6,6,21,10,43.6286640625,1
2017,6,6,21,10,45.4345490722656,1
2017,6,6,21,10,47.2404128417969,1
2017,6,6,21,10,49.0461909179688,1
2017,6,6,21,10,50.852,1
2017,6,6,21,10,52.65791796875,1
2017,6,6,21,10,54.4637971191406,1
2017,6,6,21,10,56.2698020019531,1
2017,6,6,21,10,58.0754030761719,1
2017,6,6,21,10,59.8810661621094,1
2017,6,6,21,11,1.68686791992188,1
2017,6,6,21,11,3.4927529296875,1
2017,6,6,21,11,5.2985078125,1
2017,6,6,21,11,7.10428002929688,1
2017,6,6,21,11,8.91005908203125,1
2017,6,6,21,11,10.7158068847656,1
2017,6,6,21,11,12.5217060546875,1
2017,6,6,21,11,14.3273708496094,1
2017,6,6,21,11,16.1331520996094,1
2017,6,6,21,11,17.9388420410156,1
2017,6,6,21,11,19.7445090332031,1
2017,6,6,21,11,21.5504870605469,1
2017,6,6,21,11,23.3563449707031,1
2017,6,6,21,11,25.1622839355469,1
2017,6,6,21,11,26.967998046875,1
2017,6,6,21,11,28.7737939453125,1
2017,6,6,21,11,30.5796708984375,1
2017,6,6,21,11,32.3855380859375,1
2017,6,6,21,11,34.1912880859375,1
2017,6,6,21,11,35.9970168457031,1
2017,6,6,21,11,37.8026999511719,1
2017,6,6,21,11,39.60846484375,1
2017,6,6,21,11,41.4221547851563,1
2017,6,6,21,11,43.2279150390625,1
2017,6,6,21,11,45.0336789550781,1
2017,6,6,21,11,46.8395029296875,1
2017,6,6,21,11,48.6453979492187,1
2017,6,6,21,11,50.4513471679687,1
2017,6,6,21,11,52.2569970703125,1
2017,6,6,21,11,54.0626508789062,1
2017,6,6,21,11,55.8685688476562,1
2017,6,6,21,11,57.6745168457031,1
2017,6,6,21,11,59.48046484375,1
2017,6,6,21,12,1.28614721679688,1
2017,6,6,21,12,3.092169921875,1
2017,6,6,21,12,4.89798486328125,1
2017,6,6,21,12,6.70363696289063,0
2017,6,6,21,12,8.509291015625,0
2017,6,6,21,12,10.3152280273437,0
2017,6,6,21,12,12.121048828125,0
2017,6,6,21,12,13.9267622070312,0
2017,6,6,21,12,15.7326169433594,0
2017,6,6,21,12,17.538330078125,0
2017,6,6,21,12,19.3442648925781,0
2017,6,6,21,12,21.1501379394531,0
2017,6,6,21,12,22.9560070800781,0
2017,6,6,21,12,24.7616989746094,0
2017,6,6,21,12,26.5674208984375,0
2017,6,6,21,12,28.3733029785156,0
2017,6,6,21,12,30.1790891113281,0
2017,6,6,21,12,31.9848071289063,0
2017,6,6,21,12,33.7905778808594,0
2017,6,6,21,12,35.5964770507813,0
2017,6,6,21,12,37.4022419433594,0
2017,6,6,21,12,39.20795703125,0
2017,6,6,21,12,41.0136799316406,0
2017,6,6,21,12,42.8195009765625,0
2017,6,6,21,12,44.6253879394531,0
2017,6,6,21,12,46.431205078125,0
2017,6,6,21,12,48.2371420898438,0
2017,6,6,21,12,50.0436550292969,0
2017,6,6,21,12,51.8493190917969,0
2017,6,6,21,12,53.6550590820313,0
2017,6,6,21,12,55.4608090820312,0
2017,6,6,21,12,57.2665930175781,0
2017,6,6,21,12,59.0723559570312,0
2017,6,6,21,13,0.87802099609375,0
2017,6,6,21,13,2.68384497070313,0
2017,6,6,21,13,4.48973608398437,0
2017,6,6,21,13,6.30443090820313,0
2017,6,6,21,13,8.1103720703125,0
2017,6,6,21,13,9.91618310546875,0
2017,6,6,21,13,11.7220319824219,0
2017,6,6,21,13,13.5276870117188,0
2017,6,6,21,13,15.3336059570312,0
2017,6,6,21,13,17.1395458984375,0
2017,6,6,21,13,18.9453881835937,0
2017,6,6,21,13,20.7510559082031,0
2017,6,6,21,13,22.5569501953125,0
2017,6,6,21,13,24.3626340332031,0
2017,6,6,21,13,26.1683840332031,0
2017,6,6,21,13,27.9742639160156,0
2017,6,6,21,13,29.7799428710937,0
2017,6,6,21,13,31.5856599121094,0
2017,6,6,21,13,33.3913217773437,0
2017,6,6,21,13,35.1971469726562,0
2017,6,6,21,13,37.0030251464844,0
2017,6,6,21,13,38.808751953125,0
2017,6,6,21,13,40.6146850585938,0
2017,6,6,21,13,42.420630859375,0
2017,6,6,21,13,44.2263190917969,0
2017,6,6,21,13,46.0320109863281,0
2017,6,6,21,13,47.837701171875,0
2017,6,6,21,13,49.6433898925781,0
2017,6,6,21,13,51.4491328125,0
2017,6,6,21,13,53.2547829589844,0
2017,6,6,21,13,55.0604880371094,0
2017,6,6,21,13,56.8664008789062,0
2017,6,6,21,13,58.6720549316406,0
2017,6,6,21,14,0.477803955078125,0
2017,6,6,21,14,2.283580078125,0
2017,6,6,21,14,4.0893408203125,0
2017,6,6,21,14,5.896087890625,0
2017,6,6,21,14,7.70193994140625,0
2017,6,6,21,14,9.50769091796875,0
2017,6,6,21,14,11.3135249023437,0
2017,6,6,21,14,13.1191760253906,0
2017,6,6,21,14,14.9253388671875,0
2017,6,6,21,14,16.7310268554687,0
2017,6,6,21,14,18.5378569335938,0
2017,6,6,21,14,20.3437868652344,0
2017,6,6,21,14,22.14950390625,0
2017,6,6,21,14,23.9554479980469,0
2017,6,6,21,14,25.7613061523437,0
2017,6,6,21,14,27.5671909179688,0
2017,6,6,21,14,29.3728908691406,0
2017,6,6,21,14,31.1788278808594,1
2017,6,6,21,14,32.9845239257812,1
2017,6,6,21,14,34.7902578125,1
2017,6,6,21,14,36.59600390625,1
2017,6,6,21,14,38.4016818847656,1
2017,6,6,21,14,40.20745703125,1
2017,6,6,21,14,42.0132429199219,1
2017,6,6,21,14,43.8190151367187,1
2017,6,6,21,14,45.6246879882813,1
2017,6,6,21,14,47.4305949707031,1
2017,6,6,21,14,49.2365510253906,1
2017,6,6,21,14,51.0425041503906,1
2017,6,6,21,14,52.8482900390625,1
2017,6,6,21,14,54.6541760253906,1
2017,6,6,21,14,56.4600439453125,1
2017,6,6,21,14,58.2659479980469,1
2017,6,6,21,15,0.071806884765625,1
2017,6,6,21,15,1.87748999023438,1
2017,6,6,21,15,3.68326806640625,1
2017,6,6,21,15,5.48892797851563,1
2017,6,6,21,15,7.29473999023438,1
2017,6,6,21,15,9.10047192382813,1
2017,6,6,21,15,10.9063698730469,1
2017,6,6,21,15,12.7121879882813,1
2017,6,6,21,15,14.5181379394531,1
2017,6,6,21,15,16.3239089355469,1
2017,6,6,21,15,18.12962890625,1
2017,6,6,21,15,19.935455078125,1
2017,6,6,21,15,21.7413061523437,1
2017,6,6,21,15,23.547080078125,1
2017,6,6,21,15,25.3528120117188,1
2017,6,6,21,15,27.1586369628906,1
2017,6,6,21,15,28.9644289550781,1
2017,6,6,21,15,30.7778640136719,1
2017,6,6,21,15,32.5836301269531,1
2017,6,6,21,15,34.3900771484375,1
2017,6,6,21,15,36.1957490234375,0
2017,6,6,21,15,38.0014169921875,0
2017,6,6,21,15,39.8072080078125,0
2017,6,6,21,15,41.6130949707031,0
2017,6,6,21,15,43.4190048828125,0
2017,6,6,21,15,45.2247150878906,0
2017,6,6,21,15,47.0304929199219,0
2017,6,6,21,15,48.8363559570313,0
2017,6,6,21,15,50.6421940917969,0
2017,6,6,21,15,52.4480578613281,0
2017,6,6,21,15,54.25383203125,0
2017,6,6,21,15,56.0600258789063,0
2017,6,6,21,15,57.865876953125,0
2017,6,6,21,15,59.6716000976563,0
2017,6,6,21,16,1.47748803710938,0
2017,6,6,21,16,3.28315600585938,0
2017,6,6,21,16,5.0888779296875,0
2017,6,6,21,16,6.89471411132812,0
2017,6,6,21,16,8.70040795898437,0
2017,6,6,21,16,10.5060710449219,0
2017,6,6,21,16,12.311875,0
2017,6,6,21,16,14.1176391601562,0
2017,6,6,21,16,15.9235041503906,0
2017,6,6,21,16,17.7293520507813,0
2017,6,6,21,16,19.5351989746094,0
2017,6,6,21,16,21.3409169921875,0
2017,6,6,21,16,23.1466520996094,0
2017,6,6,21,16,24.9525891113281,0
2017,6,6,21,16,26.7586391601562,0
2017,6,6,21,16,28.5643989257813,0
2017,6,6,21,16,30.3702719726563,0
2017,6,6,21,16,32.1760671386719,0
2017,6,6,21,16,33.9818010253906,0
2017,6,6,21,16,35.7875979003906,0
2017,6,6,21,16,37.5933310546875,0
2017,6,6,21,16,39.3991110839844,0
2017,6,6,21,16,41.2049118652344,0
2017,6,6,21,16,43.0165651855469,0
2017,6,6,21,16,44.8224248046875,0
2017,6,6,21,16,46.6283500976563,0
2017,6,6,21,16,48.4341630859375,0
2017,6,6,21,16,50.2399069824219,0
2017,6,6,21,16,52.0456259765625,0
2017,6,6,21,16,53.851330078125,0
2017,6,6,21,16,55.6601440429688,0
2017,6,6,21,16,57.4658100585938,0
2017,6,6,21,16,59.2715229492187,0
2017,6,6,21,17,1.07748706054687,0
2017,6,6,21,17,2.88334790039062,0
2017,6,6,21,17,4.68913891601562,0
2017,6,6,21,17,6.49490185546875,0
2017,6,6,21,17,8.30073999023437,0
2017,6,6,21,17,10.1064729003906,0
2017,6,6,21,17,11.9123649902344,0
2017,6,6,21,17,13.7180270996094,0
2017,6,6,21,17,15.5238298339844,0
2017,6,6,21,17,17.3297360839844,0
2017,6,6,21,17,19.1354790039063,0
2017,6,6,21,17,20.9413500976563,0
2017,6,6,21,17,22.7470751953125,0
2017,6,6,21,17,24.5529948730469,0
2017,6,6,21,17,26.3589060058594,0
2017,6,6,21,17,28.1646809082031,0
2017,6,6,21,17,29.9704030761719,0
2017,6,6,21,17,31.7760979003906,0
2017,6,6,21,17,33.58187109375,0
2017,6,6,21,17,35.3875388183594,0
2017,6,6,21,17,37.193455078125,0
2017,6,6,21,17,38.999166015625,0
2017,6,6,21,17,40.8048210449219,0
2017,6,6,21,17,42.6106811523438,0
2017,6,6,21,17,44.4165590820312,0
2017,6,6,21,17,46.2223430175781,0
2017,6,6,21,17,48.0280671386719,0
2017,6,6,21,17,49.834009765625,0
2017,6,6,21,17,51.6398859863281,0
2017,6,6,21,17,53.4455949707031,0
2017,6,6,21,17,55.2513220214844,0
2017,6,6,21,17,57.0571179199219,0
2017,6,6,21,17,58.8629340820313,0
2017,6,6,21,18,0.6687578125,0
2017,6,6,21,18,2.47458203125,0
2017,6,6,21,18,4.28059106445312,0
2017,6,6,21,18,6.08615893554687,0
2017,6,6,21,18,7.89210498046875,0
2017,6,6,21,18,9.69788793945312,0
2017,6,6,21,18,11.5036579589844,0
2017,6,6,21,18,13.309423828125,0
2017,6,6,21,18,15.1153649902344,0
2017,6,6,21,18,16.921876953125,0
2017,6,6,21,18,18.7275268554687,0
2017,6,6,21,18,20.5428317871094,0
2017,6,6,21,18,22.3485090332031,0
2017,6,6,21,18,24.1541599121094,0
2017,6,6,21,18,25.9600041503906,0
2017,6,6,21,18,27.7658640136719,0
2017,6,6,21,18,29.5717512207031,0
2017,6,6,21,18,31.3776508789062,0
2017,6,6,21,18,33.1835339355469,0
2017,6,6,21,18,34.9891870117187,0
2017,6,6,21,18,36.7949777832031,0
2017,6,6,21,18,38.60071484375,0
2017,6,6,21,18,40.40637109375,0
2017,6,6,21,18,42.2123679199219,0
2017,6,6,21,18,44.0181240234375,0
2017,6,6,21,18,45.8239428710937,0
2017,6,6,21,18,47.6297861328125,0
2017,6,6,21,18,49.4355810546875,0
2017,6,6,21,18,51.2413559570313,0
2017,6,6,21,18,53.0472839355469,0
2017,6,6,21,18,54.85299609375,0
2017,6,6,21,18,56.6588859863281,0
2017,6,6,21,18,58.4646330566406,0
2017,6,6,21,19,0.2704599609375,0
2017,6,6,21,19,2.076244140625,0
2017,6,6,21,19,3.88215087890625,0
2017,6,6,21,19,5.6879189453125,0
2017,6,6,21,19,7.49374389648438,0
2017,6,6,21,19,9.29946801757812,0
2017,6,6,21,19,11.1052609863281,0
2017,6,6,21,19,12.9110141601563,0
2017,6,6,21,19,14.7168449707031,0
2017,6,6,21,19,16.5227380371094,0
2017,6,6,21,19,18.3284470214844,0
2017,6,6,21,19,20.1343220214844,0
2017,6,6,21,20,36.2450581054688,0
2017,6,6,21,20,38.2456411132813,0
2017,6,6,21,20,40.245244140625,0
2017,6,6,21,20,42.4308791503906,0
2017,6,6,21,20,44.2519431152344,0
2017,6,6,21,20,46.3890490722656,0
2017,6,6,21,20,48.318373046875,0
2017,6,6,21,20,50.2457731933594,0
2017,6,6,21,20,52.2798430175781,0
2017,6,6,21,20,54.2655981445313,0
2017,6,6,21,20,56.2457868652344,0
2017,6,6,21,20,58.251373046875,0
2017,6,6,21,21,0.2817138671875,0
2017,6,6,21,21,2.2461259765625,0
2017,6,6,21,21,4.0524990234375,0
2017,6,6,21,21,6.03566796875,0
2017,6,6,21,21,7.94609594726562,0
2017,6,6,21,21,9.94614916992188,0
2017,6,6,21,21,12.0376220703125,0
2017,6,6,21,21,13.8686770019531,0
2017,6,6,21,21,15.9244169921875,0
2017,6,6,21,21,17.8259328613281,0
2017,6,6,21,21,19.6661831054688,0
2017,6,6,21,21,21.6061311035156,0
2017,6,6,21,21,23.4873759765625,0
2017,6,6,21,21,25.58646484375,0
2017,6,6,21,21,27.5871889648438,0
2017,6,6,21,21,29.4440131835937,0
2017,6,6,21,21,31.4699599609375,0
2017,6,6,21,21,33.4207109375,0
2017,6,6,21,21,35.2471398925781,0
2017,6,6,21,21,37.0582299804688,0
2017,6,6,21,21,38.8908569335938,0
2017,6,6,21,21,40.7155349121094,0
2017,6,6,21,21,42.6127761230469,0
2017,6,6,21,21,44.4427111816406,0
2017,6,6,21,21,46.3826899414062,0
2017,6,6,21,21,48.3657009277344,0
2017,6,6,21,21,50.2476201171875,0
2017,6,6,21,21,52.0808620605469,0
2017,6,6,21,21,53.9766608886719,0
2017,6,6,21,21,55.9486320800781,0
2017,6,6,21,21,57.8103110351563,0
2017,6,6,21,21,59.7310458984375,0
2017,6,6,21,22,1.62803686523438,0
2017,6,6,21,22,3.58376586914062,0
2017,6,6,21,22,5.59215502929688,0
2017,6,6,21,22,7.44240405273437,0
2017,6,6,21,22,9.41685009765625,0
2017,6,6,21,22,11.2470200195313,0
2017,6,6,21,22,13.2550720214844,0
2017,6,6,21,22,15.2930668945313,0
2017,6,6,21,22,17.248666015625,0
2017,6,6,21,22,19.0544799804687,0
2017,6,6,21,22,20.9466008300781,0
2017,6,6,21,22,22.8987390136719,0
2017,6,6,21,22,24.7046159667969,0
2017,6,6,21,22,26.6775610351562,0
2017,6,6,21,22,28.5154040527344,0
2017,6,6,21,22,30.4965229492188,0
2017,6,6,21,22,32.4711750488281,0
2017,6,6,21,22,34.2769760742188,0
2017,6,6,21,22,36.2951008300781,0
2017,6,6,21,22,38.4897919921875,0
2017,6,6,21,22,40.3597600097656,0
2017,6,6,21,22,42.4478439941406,0
2017,6,6,21,22,44.2537438964844,0
2017,6,6,21,22,46.2813579101563,0
2017,6,6,21,22,48.2664890136719,0
2017,6,6,21,22,50.0722080078125,0
2017,6,6,21,22,51.961916015625,0
2017,6,6,21,22,53.9298500976562,0
2017,6,6,21,22,55.89283984375,0
2017,6,6,21,22,57.9059890136719,0
2017,6,6,21,22,59.7118540039062,0
2017,6,6,21,23,1.62380786132813,0
2017,6,6,21,23,3.5620361328125,0
2017,6,6,21,23,5.41842895507812,0
2017,6,6,21,23,7.25024609375,0
2017,6,6,21,23,9.057291015625,0
2017,6,6,21,23,10.9435949707031,0
2017,6,6,21,23,12.9496081542969,0
2017,6,6,21,23,14.6103872070313,0
2017,6,6,21,23,16.7598190917969,0
2017,6,6,21,23,18.6080578613281,0
2017,6,6,21,23,20.5523850097656,0
2017,6,6,21,23,22.51758203125,0
2017,6,6,21,23,24.4699370117187,0
2017,6,6,21,23,26.4256220703125,0
2017,6,6,21,23,28.2538171386719,0
2017,6,6,21,23,30.0596440429687,0
2017,6,6,21,23,31.944498046875,0
2017,6,6,21,23,33.9304079589844,0
2017,6,6,21,23,35.7377141113281,0
2017,6,6,21,23,37.6519848632812,0
2017,6,6,21,23,39.4844379882813,0
2017,6,6,21,23,41.3160769042969,0
2017,6,6,21,23,43.2683688964844,0
2017,6,6,21,23,45.2517829589844,0
2017,6,6,21,23,47.5062338867188,0
2017,6,6,21,23,49.3512390136719,0
2017,6,6,21,23,51.2934011230469,0
2017,6,6,21,23,53.2519289550781,0
2017,6,6,21,23,55.0764211425781,0
2017,6,6,21,23,56.9622309570313,0
2017,6,6,21,23,58.9620500488281,0
2017,6,6,21,24,0.842618896484375,0
2017,6,6,21,24,2.8291689453125,0
2017,6,6,21,24,4.65576904296875,0
2017,6,6,21,24,6.50279809570312,0
2017,6,6,21,24,8.31405810546875,0
2017,6,6,21,24,10.2524731445312,0
2017,6,6,21,24,12.0584150390625,0
2017,6,6,21,24,14.0382231445312,0
2017,6,6,21,24,15.986205078125,0
2017,6,6,21,24,17.8837299804688,0
2017,6,6,21,24,19.7051330566406,0
2017,6,6,21,24,21.6814311523437,0
2017,6,6,21,24,23.5083840332031,0
2017,6,6,21,24,25.4210341796875,0
2017,6,6,21,24,27.2592810058594,0
2017,6,6,21,24,29.0663459472656,0
2017,6,6,21,24,31.0420881347656,0
2017,6,6,21,24,32.9142758789063,0
2017,6,6,21,24,34.7200461425781,0
2017,6,6,21,24,36.5259230957031,0
2017,6,6,21,24,38.3315859375,0
2017,6,6,21,24,40.1373000488281,0
2017,6,6,21,24,41.9430991210938,0
2017,6,6,21,24,43.7488439941406,0
2017,6,6,21,24,45.5546169433594,0
2017,6,6,21,24,47.3603251953125,0
2017,6,6,21,24,49.1661711425781,0
2017,6,6,21,24,50.9720930175781,0
2017,6,6,21,24,52.7778698730469,0
2017,6,6,21,24,54.5838129882813,0
2017,6,6,21,24,56.3895769042969,0
2017,6,6,21,24,58.1952409667969,0
2017,6,6,21,25,0.000906005859375,0
2017,6,6,21,25,1.80663696289063,0
2017,6,6,21,25,3.61247387695312,0
2017,6,6,21,25,5.418126953125,0
2017,6,6,21,25,7.223875,0
2017,6,6,21,25,9.02976196289062,0
2017,6,6,21,25,10.8356379394531,0
2017,6,6,21,25,12.6414641113281,0
2017,6,6,21,25,14.4473168945312,0
2017,6,6,21,25,16.252966796875,0
2017,6,6,21,25,18.0586218261719,0
2017,6,6,21,25,19.8643032226563,0
2017,6,6,21,25,21.6700891113281,0
2017,6,6,21,25,23.4760388183594,0
2017,6,6,21,25,25.2816928710937,0
2017,6,6,21,25,27.0876030273438,0
2017,6,6,21,25,28.8932768554687,0
2017,6,6,21,25,30.6991201171875,0
2017,6,6,21,25,32.5048471679687,0
2017,6,6,21,25,34.3105559082031,0
2017,6,6,21,25,36.1163959960938,0
2017,6,6,21,25,37.9223000488281,0
2017,6,6,21,25,39.7280939941406,0
2017,6,6,21,25,41.5339169921875,0
2017,6,6,21,25,43.3398029785156,0
2017,6,6,21,25,45.14566796875,0
2017,6,6,21,25,46.9514619140625,0
2017,6,6,21,25,48.757373046875,0
2017,6,6,21,25,50.56325,0
2017,6,6,21,25,52.3690131835938,0
2017,6,6,21,25,54.1750549316406,0
2017,6,6,21,25,55.9808640136719,0
2017,6,6,21,25,57.7866918945313,0
2017,6,6,21,25,59.5925510253906,0
2017,6,6,21,26,1.39832006835938,0
2017,6,6,21,26,3.2042529296875,0
2017,6,6,21,26,5.01000317382813,0
2017,6,6,21,26,6.81577099609375,0
2017,6,6,21,26,8.62155786132812,0
2017,6,6,21,26,10.4274260253906,0
2017,6,6,21,26,12.2333059082031,0
2017,6,6,21,26,14.0433950195312,0
2017,6,6,21,26,15.8490478515625,0
2017,6,6,21,26,17.654828125,0
2017,6,6,21,26,19.4605688476563,0
2017,6,6,21,26,21.2663828125,0
2017,6,6,21,26,23.0720539550781,0
2017,6,6,21,26,24.8778010253906,0
2017,6,6,21,26,26.6835749511719,0
2017,6,6,21,26,28.4893940429688,0
2017,6,6,21,26,30.2958801269531,0
2017,6,6,21,26,32.1009719238281,0
2017,6,6,21,26,33.9068410644531,0
2017,6,6,21,26,35.7127390136719,0
2017,6,6,21,26,37.5185051269531,0
2017,6,6,21,26,39.3245681152344,0
2017,6,6,21,26,41.1304240722656,0
2017,6,6,21,26,42.9361638183594,0
2017,6,6,21,26,44.7419899902344,0
2017,6,6,21,26,46.5476450195313,0
2017,6,6,21,26,48.3533540039062,0
2017,6,6,21,26,50.1590700683594,0
2017,6,6,21,26,51.9647770996094,0
2017,6,6,21,26,53.7706721191406,0
2017,6,6,21,26,55.5766020507812,0
2017,6,6,21,26,57.3823061523438,0
2017,6,6,21,26,59.1881369628906,0
2017,6,6,21,27,0.993901123046875,0
2017,6,6,21,27,2.79963989257813,0
2017,6,6,21,27,4.60550415039063,0
2017,6,6,21,27,6.4112041015625,0
2017,6,6,21,27,8.21708618164062,0
2017,6,6,21,27,10.0230041503906,0
2017,6,6,21,27,11.8286850585938,0
2017,6,6,21,27,13.634623046875,0
2017,6,6,21,27,15.4403820800781,0
2017,6,6,21,27,17.2461469726562,0
2017,6,6,21,27,19.0519509277344,0
2017,6,6,21,27,20.8578659667969,0
2017,6,6,21,27,22.6637670898437,0
2017,6,6,21,27,24.4694851074219,0
2017,6,6,21,27,26.2752810058594,0
2017,6,6,21,27,28.0811591796875,0
2017,6,6,21,27,29.886955078125,0
2017,6,6,21,27,31.6927380371094,0
2017,6,6,21,27,33.4985859375,0
2017,6,6,21,27,35.3044689941406,0
2017,6,6,21,27,37.1103540039063,0
2017,6,6,21,27,38.9161479492187,0
2017,6,6,21,27,40.728462890625,0
2017,6,6,21,27,42.5343498535156,0
2017,6,6,21,27,44.3400219726563,0
2017,6,6,21,27,46.1458020019531,0
2017,6,6,21,27,47.9515170898437,0
2017,6,6,21,27,49.7573791503906,0
2017,6,6,21,27,51.5631569824219,0
2017,6,6,21,27,53.3690949707031,0
2017,6,6,21,27,55.1750419921875,0
2017,6,6,21,27,56.9809780273438,0
2017,6,6,21,27,58.7867919921875,0
2017,6,6,21,28,0.5925859375,0
2017,6,6,21,28,2.39855102539063,0
2017,6,6,21,28,4.20431298828125,0
2017,6,6,21,28,6.0102060546875,0
2017,6,6,21,28,7.8161279296875,0
2017,6,6,21,28,9.62190380859375,0
2017,6,6,21,28,11.4275551757813,0
2017,6,6,21,28,13.233205078125,0
2017,6,6,21,28,15.0389189453125,0
2017,6,6,21,28,16.8446049804687,0
2017,6,6,21,28,18.6502810058594,0
2017,6,6,21,28,20.4560339355469,0
2017,6,6,21,28,22.2618549804688,0
2017,6,6,21,28,24.0675849609375,0
2017,6,6,21,28,25.8732600097656,0
2017,6,6,21,28,27.679044921875,0
2017,6,6,21,28,29.4848110351562,0
2017,6,6,21,28,31.2906101074219,0
2017,6,6,21,28,33.0963530273438,0
2017,6,6,21,28,34.9022341308594,0
2017,6,6,21,28,36.7080500488281,0
2017,6,6,21,28,38.5139069824219,0
2017,6,6,21,28,40.3197209472656,0
2017,6,6,21,28,42.1254289550781,0
2017,6,6,21,28,43.9311279296875,0
2017,6,6,21,28,45.7368430175781,0
2017,6,6,21,28,47.5427509765625,0
2017,6,6,21,28,49.3486730957031,0
2017,6,6,21,28,51.1543259277344,0
2017,6,6,21,28,52.9602429199219,0
2017,6,6,21,28,54.7660671386719,0
2017,6,6,21,28,56.5719858398437,0
2017,6,6,21,28,58.3776408691406,0
2017,6,6,21,29,0.18343994140625,0
2017,6,6,21,29,1.98939599609375,0
2017,6,6,21,29,3.79526293945313,0
2017,6,6,21,29,5.61077099609375,0
2017,6,6,21,29,7.41651293945313,0
2017,6,6,21,29,9.22235620117188,0
2017,6,6,21,29,11.0281921386719,0
2017,6,6,21,29,12.83395703125,0
2017,6,6,21,29,14.6397231445312,0
2017,6,6,21,29,16.4454838867188,0
2017,6,6,21,29,18.2513310546875,0
2017,6,6,21,29,20.0571430664063,0
2017,6,6,21,29,21.8630891113281,0
2017,6,6,21,29,23.6690048828125,0
2017,6,6,21,29,25.4748620605469,0
2017,6,6,21,29,27.2805849609375,0
2017,6,6,21,29,29.086380859375,0
2017,6,6,21,29,30.8923249511719,0
2017,6,6,21,29,32.6982080078125,0
2017,6,6,21,29,34.50391796875,0
2017,6,6,21,29,36.3095778808594,0
2017,6,6,21,29,38.1154470214844,0
2017,6,6,21,29,39.9210961914062,0
2017,6,6,21,29,41.7270358886719,0
2017,6,6,21,29,43.5329841308594,0
2017,6,6,21,29,45.3387299804687,0
2017,6,6,21,29,47.1446508789062,0
2017,6,6,21,29,48.950587890625,0
2017,6,6,21,29,50.75625,0
2017,6,6,21,29,52.5619230957031,0
2017,6,6,21,29,54.3678090820313,0
2017,6,6,21,29,56.1736098632812,0
2017,6,6,21,29,57.979283203125,0
2017,6,6,21,29,59.7850139160156,0
2017,6,6,21,30,1.59106494140625,0
2017,6,6,21,30,3.39685302734375,0
2017,6,6,21,30,5.20263598632812,0
2017,6,6,21,30,7.00839892578125,0
2017,6,6,21,30,8.81409106445312,0
2017,6,6,21,30,10.6199729003906,0
2017,6,6,21,30,12.4259118652344,0
2017,6,6,21,30,14.2320407714844,0
2017,6,6,21,30,16.0377258300781,0
2017,6,6,21,30,17.843408203125,0
2017,6,6,21,30,19.6493530273438,0
2017,6,6,21,30,21.4550930175781,0
2017,6,6,21,30,23.2609619140625,0
2017,6,6,21,30,25.0667641601563,0
2017,6,6,21,30,26.872705078125,0
2017,6,6,21,30,28.6786430664062,0
2017,6,6,21,30,30.4930100097656,0
2017,6,6,21,30,32.2987680664062,0
2017,6,6,21,30,34.1066110839844,0
2017,6,6,21,30,35.9124479980469,0
2017,6,6,21,30,37.7182219238281,0
2017,6,6,21,30,39.523875,0
2017,6,6,21,30,41.3295939941406,0
2017,6,6,21,30,43.1355070800781,0
2017,6,6,21,30,44.9412470703125,0
2017,6,6,21,30,46.7470759277344,0
2017,6,6,21,30,48.5529399414063,0
2017,6,6,21,30,50.3588911132813,0
2017,6,6,21,30,52.1646650390625,0
2017,6,6,21,30,53.9706162109375,0
2017,6,6,21,30,55.7765458984375,0
2017,6,6,21,30,57.5827409667969,0
2017,6,6,21,30,59.3881789550781,0
2017,6,6,21,31,1.19391479492187,0
2017,6,6,21,31,2.9997060546875,0
2017,6,6,21,31,4.80546411132813,0
2017,6,6,21,31,6.61125,0
2017,6,6,21,31,8.417001953125,0
2017,6,6,21,31,10.2227868652344,0
2017,6,6,21,31,12.0286650390625,0
2017,6,6,21,31,13.8346130371094,0
2017,6,6,21,31,15.6403439941406,0
2017,6,6,21,31,17.4461711425781,0
2017,6,6,21,31,19.25183203125,0
2017,6,6,21,31,21.0576010742187,1
2017,6,6,21,31,22.8634760742187,1
2017,6,6,21,31,24.6691879882813,1
2017,6,6,21,31,26.474880859375,1
2017,6,6,21,31,28.2808288574219,1
2017,6,6,21,31,30.0945261230469,1
2017,6,6,21,31,31.9004340820312,1
2017,6,6,21,31,33.7063720703125,1
2017,6,6,21,31,35.51204296875,1
2017,6,6,21,31,37.3177580566406,1
2017,6,6,21,31,39.1236701660156,1
2017,6,6,21,31,40.9294709472656,1
2017,6,6,21,31,42.7352541503906,1
2017,6,6,21,31,44.540955078125,1
2017,6,6,21,31,46.3468110351563,1
2017,6,6,21,31,48.1525749511719,1
2017,6,6,21,31,49.9582819824219,1
2017,6,6,21,31,51.7662170410156,1
2017,6,6,21,31,53.5720771484375,1
2017,6,6,21,31,55.3851320800781,1
2017,6,6,21,31,57.1910551757813,1
2017,6,6,21,31,58.9967229003906,1
2017,6,6,21,32,0.802576904296875,1
2017,6,6,21,32,2.60852587890625,1
2017,6,6,21,32,4.41444702148438,1
2017,6,6,21,32,6.22014697265625,1
2017,6,6,21,32,8.02605200195313,1
2017,6,6,21,32,9.83185595703125,1
2017,6,6,21,32,11.6378100585938,1
2017,6,6,21,32,13.4437170410156,1
2017,6,6,21,32,15.2494370117188,1
2017,6,6,21,32,17.0558010253906,1
2017,6,6,21,32,18.8616120605469,1
2017,6,6,21,32,20.6673439941406,1
2017,6,6,21,32,22.4730959472656,1
2017,6,6,21,32,24.2788610839844,1
2017,6,6,21,32,26.0849040527344,1
2017,6,6,21,32,27.8904670410156,1
2017,6,6,21,32,29.6961669921875,1
2017,6,6,21,32,31.5018972167969,1
2017,6,6,21,32,33.3076770019531,1
2017,6,6,21,32,35.1135349121094,1
2017,6,6,21,32,36.9194428710938,1
2017,6,6,21,32,38.7252409667969,1
2017,6,6,21,32,40.5311611328125,1
2017,6,6,21,32,42.33687890625,1
2017,6,6,21,32,44.1425600585938,1
2017,6,6,21,32,45.9482709960937,1
2017,6,6,21,32,47.7540939941406,1
2017,6,6,21,32,49.5599760742188,1
2017,6,6,21,32,51.3658481445312,1
2017,6,6,21,32,53.1716640625,1
2017,6,6,21,32,54.9774909667969,1
2017,6,6,21,32,56.7831740722656,1
2017,6,6,21,32,58.5890090332031,1
2017,6,6,21,33,0.39472802734375,1
2017,6,6,21,33,2.20055883789062,1
2017,6,6,21,33,4.00656396484375,1
2017,6,6,21,33,5.81236206054688,1
2017,6,6,21,33,7.61823095703125,1
2017,6,6,21,33,9.424046875,1
2017,6,6,21,33,11.2297790527344,1
2017,6,6,21,33,13.0356608886719,1
2017,6,6,21,33,14.8413391113281,1
2017,6,6,21,33,16.6470639648437,1
2017,6,6,21,33,18.4527709960938,1
2017,6,6,21,33,20.2585170898437,1
2017,6,6,21,33,22.0642648925781,1
2017,6,6,21,33,23.8701340332031,1
2017,6,6,21,33,25.6759118652344,1
2017,6,6,21,33,27.4817399902344,0
2017,6,6,21,33,29.2888969726563,0
2017,6,6,21,33,31.0946071777344,0
2017,6,6,21,33,32.9003549804687,0
2017,6,6,21,33,34.7063630371094,0
2017,6,6,21,33,36.5120520019531,0
2017,6,6,21,33,38.3178190917969,0
2017,6,6,21,33,40.1235219726562,0
2017,6,6,21,33,41.9293439941406,0
2017,6,6,21,33,43.7351789550781,0
2017,6,6,21,33,45.541080078125,0
2017,6,6,21,33,47.3470759277344,0
2017,6,6,21,33,49.1530061035156,0
2017,6,6,21,33,50.9586779785156,0
2017,6,6,21,33,52.7646010742188,0
2017,6,6,21,33,54.5702561035156,0
2017,6,6,21,33,56.3761440429687,0
2017,6,6,21,33,58.1820290527344,0
2017,6,6,21,33,59.9881669921875,0
2017,6,6,21,34,1.79382202148437,0
2017,6,6,21,34,3.599662109375,0
2017,6,6,21,34,5.40542407226562,0
2017,6,6,21,34,7.21110888671875,1
2017,6,6,21,34,9.01676391601563,1
2017,6,6,21,34,10.8224721679687,1
2017,6,6,21,34,12.6281928710938,1
2017,6,6,21,34,14.4340710449219,1
2017,6,6,21,34,16.2398837890625,1
2017,6,6,21,34,18.0458459472656,1
2017,6,6,21,34,19.8586069335938,1
2017,6,6,21,34,21.6642819824219,1
2017,6,6,21,34,23.4700151367188,1
2017,6,6,21,34,25.2758579101563,1
2017,6,6,21,34,27.0816850585937,1
2017,6,6,21,34,28.8875698242188,1
2017,6,6,21,34,30.6934169921875,1
2017,6,6,21,34,32.4992229003906,1
2017,6,6,21,34,34.3051008300781,1
2017,6,6,21,34,36.1109519042969,1
2017,6,6,21,34,37.9167370605469,1
2017,6,6,21,34,39.7224260253906,1
2017,6,6,21,34,41.5284221191406,1
2017,6,6,21,34,43.3341127929688,1
2017,6,6,21,34,45.1397810058594,1
2017,6,6,21,34,46.9456960449219,1
2017,6,6,21,34,48.7514938964844,1
2017,6,6,21,34,50.5573000488281,1
2017,6,6,21,34,52.3631721191406,1
2017,6,6,21,34,54.1689379882813,1
2017,6,6,21,34,55.9748830566406,1
2017,6,6,21,34,57.7807360839844,1
2017,6,6,21,34,59.5864819335938,1
2017,6,6,21,35,1.39213305664062,1
2017,6,6,21,35,3.1978759765625,1
2017,6,6,21,35,5.003625,1
2017,6,6,21,35,6.8112138671875,1
2017,6,6,21,35,8.61688598632812,1
2017,6,6,21,35,10.42283203125,1
2017,6,6,21,35,12.2285959472656,1
2017,6,6,21,35,14.0343798828125,1
2017,6,6,21,35,15.8402751464844,1
2017,6,6,21,35,17.6459829101562,0
2017,6,6,21,35,19.4519240722656,0
2017,6,6,21,35,21.2577690429688,0
2017,6,6,21,35,23.0635200195312,0
2017,6,6,21,35,24.8693188476562,0
2017,6,6,21,35,26.6751899414062,0
2017,6,6,21,35,28.4809538574219,0
2017,6,6,21,35,30.2868430175781,0
2017,6,6,21,35,32.0926020507813,0
2017,6,6,21,35,33.8982590332031,0
2017,6,6,21,35,35.7040578613281,0
2017,6,6,21,35,37.5098937988281,0
2017,6,6,21,35,39.3155998535156,0
2017,6,6,21,35,41.1213779296875,0
2017,6,6,21,35,42.92703515625,1
2017,6,6,21,35,44.7408439941406,1
2017,6,6,21,35,46.5465,1
2017,6,6,21,35,48.3524370117187,1
2017,6,6,21,35,50.1581140136719,1
2017,6,6,21,35,51.9638859863281,1
2017,6,6,21,35,53.76974609375,1
2017,6,6,21,35,55.5755500488281,1
2017,6,6,21,35,57.3814541015625,1
2017,6,6,21,35,59.1871469726563,1
2017,6,6,21,36,0.993006103515625,1
2017,6,6,21,36,2.79866284179688,1
2017,6,6,21,36,4.60452392578125,1
2017,6,6,21,36,6.4103720703125,1
2017,6,6,21,36,8.21610302734375,1
2017,6,6,21,36,10.0218142089844,1
2017,6,6,21,36,11.8275720214844,1
2017,6,6,21,36,13.6332741699219,1
2017,6,6,21,36,15.4389428710938,1
2017,6,6,21,36,17.2447368164062,1
2017,6,6,21,36,19.0506440429687,1
2017,6,6,21,36,20.8564150390625,1
2017,6,6,21,36,22.6623371582031,1
2017,6,6,21,36,24.468287109375,1
2017,6,6,21,36,26.2739848632812,1
2017,6,6,21,36,28.0796589355469,1
2017,6,6,21,36,29.8855930175781,1
2017,6,6,21,36,31.6913850097656,1
2017,6,6,21,36,33.49704296875,1
2017,6,6,21,36,35.3029831542969,1
2017,6,6,21,36,37.1086979980469,1
2017,6,6,21,36,38.9144548339844,1
2017,6,6,21,36,40.7203430175781,1
2017,6,6,21,36,42.5261298828125,1
2017,6,6,21,36,44.3320568847656,1
2017,6,6,21,36,46.1380041503906,1
2017,6,6,21,36,47.9439211425781,1
2017,6,6,21,36,49.7496618652344,1
2017,6,6,21,36,51.55545703125,1
2017,6,6,21,36,53.3614790039062,1
2017,6,6,21,36,55.1671938476563,1
2017,6,6,21,36,56.9731369628906,1
2017,6,6,21,36,58.7787839355469,1
2017,6,6,21,37,0.58468115234375,1
2017,6,6,21,37,2.390630859375,1
2017,6,6,21,37,4.1963369140625,1
2017,6,6,21,37,6.00240795898438,1
2017,6,6,21,37,7.80810693359375,1
2017,6,6,21,37,9.62329418945312,1
2017,6,6,21,37,11.4291669921875,1
2017,6,6,21,37,13.2350170898437,1
2017,6,6,21,37,15.0407290039063,1
2017,6,6,21,37,16.8465659179687,1
2017,6,6,21,37,18.6524450683594,1
2017,6,6,21,37,20.4582578125,1
2017,6,6,21,37,22.264166015625,1
2017,6,6,21,37,24.0701010742188,1
2017,6,6,21,37,25.8758618164062,1
2017,6,6,21,37,27.6816740722656,1
2017,6,6,21,37,29.4874050292969,1
2017,6,6,21,37,31.2932280273438,1
2017,6,6,21,37,33.0989221191406,1
2017,6,6,21,37,34.9045920410156,1
2017,6,6,21,37,36.7102561035156,1
2017,6,6,21,37,38.5161728515625,1
2017,6,6,21,37,40.3220419921875,1
2017,6,6,21,37,42.1279399414062,1
2017,6,6,21,37,43.9336909179687,1
2017,6,6,21,37,45.739501953125,1
2017,6,6,21,37,47.54516015625,1
2017,6,6,21,37,49.3510239257812,1
2017,6,6,21,37,51.1568859863281,1
2017,6,6,21,37,52.9625390625,1
2017,6,6,21,37,54.7682221679688,1
2017,6,6,21,37,56.5741118164063,1
2017,6,6,21,37,58.3799899902344,1
2017,6,6,21,38,0.1857451171875,1
2017,6,6,21,38,1.99144409179687,1
2017,6,6,21,38,3.79716796875,1
2017,6,6,21,38,5.60285913085938,1
2017,6,6,21,38,7.40877880859375,1
2017,6,6,21,38,9.215044921875,1
2017,6,6,21,38,11.0207678222656,1
2017,6,6,21,38,12.8265280761719,1
2017,6,6,21,38,14.6323308105469,1
2017,6,6,21,38,16.4381669921875,1
2017,6,6,21,38,18.2441530761719,1
2017,6,6,21,38,20.0500988769531,1
2017,6,6,21,38,21.8558229980469,1
2017,6,6,21,38,23.6614858398437,1
2017,6,6,21,38,25.4673229980469,1
2017,6,6,21,38,27.2731640625,1
2017,6,6,21,38,29.0789880371094,1
2017,6,6,21,38,30.8855510253906,1
2017,6,6,21,38,32.6913249511719,1
2017,6,6,21,38,34.5051379394531,1
2017,6,6,21,38,36.3109780273438,1
2017,6,6,21,38,38.1168649902344,1
2017,6,6,21,38,39.9226279296875,1
2017,6,6,21,38,41.7283708496094,1
2017,6,6,21,38,43.5343220214844,1
2017,6,6,21,38,45.3400100097656,1
2017,6,6,21,38,47.1457819824219,1
2017,6,6,21,38,48.95150390625,1
2017,6,6,21,38,50.7573298339844,1
2017,6,6,21,38,52.5629899902344,1
2017,6,6,21,38,54.3687829589844,1
2017,6,6,21,38,56.1747199707031,1
2017,6,6,21,38,57.9803330078125,1
2017,6,6,21,38,59.7862041015625,1
2017,6,6,21,39,1.59188012695313,1
2017,6,6,21,39,3.39759497070312,1
2017,6,6,21,39,5.20344311523437,1
2017,6,6,21,39,7.00912084960938,1
2017,6,6,21,39,8.81477099609375,1
2017,6,6,21,39,10.6207180175781,1
2017,6,6,21,39,12.4265349121094,1
2017,6,6,21,39,14.2323330078125,1
2017,6,6,21,39,16.03799609375,1
2017,6,6,21,39,17.8437258300781,1
2017,6,6,21,39,19.6494890136719,1
2017,6,6,21,39,21.4560209960937,1
2017,6,6,21,39,23.2610791015625,1
2017,6,6,21,39,25.066916015625,1
2017,6,6,21,39,26.8726088867188,1
2017,6,6,21,39,28.6783830566406,1
2017,6,6,21,39,30.4840939941406,1
2017,6,6,21,39,32.2899670410156,1
2017,6,6,21,39,34.0967661132812,1
2017,6,6,21,39,35.9025629882812,1
2017,6,6,21,39,37.7082409667969,1
2017,6,6,21,39,39.5141879882813,1
2017,6,6,21,39,41.3199479980469,1
2017,6,6,21,39,43.1259008789063,1
2017,6,6,21,39,44.9316840820313,1
2017,6,6,21,39,46.7374990234375,1
2017,6,6,21,39,48.5433298339844,1
2017,6,6,21,39,50.3491650390625,1
2017,6,6,21,39,52.1549189453125,1
2017,6,6,21,39,53.9608400878906,1
2017,6,6,21,39,55.7666162109375,1
2017,6,6,21,39,57.5725048828125,1
2017,6,6,21,39,59.3784230957031,1
2017,6,6,21,40,1.18410791015625,1
2017,6,6,21,40,2.98980395507813,1
2017,6,6,21,40,4.79569091796875,1
2017,6,6,21,40,6.60161499023438,1
2017,6,6,21,40,8.40731909179688,1
2017,6,6,21,40,10.2130859375,1
2017,6,6,21,40,12.0187749023438,1
2017,6,6,21,40,13.8244389648438,1
2017,6,6,21,40,15.6303762207031,1
2017,6,6,21,40,17.4362099609375,1
2017,6,6,21,40,19.2420349121094,1
2017,6,6,21,40,21.0482810058594,1
2017,6,6,21,40,22.8539499511719,1
2017,6,6,21,40,24.6596799316406,1
2017,6,6,21,40,26.4654899902344,1
2017,6,6,21,40,28.2711811523438,1
2017,6,6,21,40,30.0773068847656,1
2017,6,6,21,40,31.8829580078125,1
2017,6,6,21,40,33.6888771972656,1
2017,6,6,21,40,35.4947058105469,1
2017,6,6,21,40,37.3005090332031,1
2017,6,6,21,40,39.1062219238281,1
2017,6,6,21,40,40.9120791015625,1
2017,6,6,21,40,42.7180139160156,1
2017,6,6,21,40,44.5237490234375,1
2017,6,6,21,40,46.3295180664063,1
2017,6,6,21,40,48.1352810058594,1
2017,6,6,21,40,49.941001953125,1
2017,6,6,21,40,51.7468659667969,1
2017,6,6,21,40,53.5526870117188,1
2017,6,6,21,40,55.3584431152344,1
2017,6,6,21,40,57.1641728515625,1
2017,6,6,21,40,58.9700561523438,1
2017,6,6,21,41,0.7757119140625,1
2017,6,6,21,41,2.58154516601563,1
2017,6,6,21,41,4.38748291015625,1
2017,6,6,21,41,6.19322216796875,1
2017,6,6,21,41,7.99894311523437,1
2017,6,6,21,41,9.80485522460937,1
2017,6,6,21,41,11.6107248535156,1
2017,6,6,21,41,13.4164689941406,1
2017,6,6,21,41,15.2222709960937,1
2017,6,6,21,41,17.0280949707031,1
2017,6,6,21,41,18.8339440917969,1
2017,6,6,21,41,20.6396000976562,1
2017,6,6,21,41,22.4453630371094,1
2017,6,6,21,41,24.2513071289063,1
2017,6,6,21,41,26.0570280761719,1
2017,6,6,21,41,27.8628630371094,1
2017,6,6,21,41,29.6687280273438,1
2017,6,6,21,41,31.4743581542969,1
2017,6,6,21,41,33.2800300292969,1
2017,6,6,21,41,35.0859499511719,1
2017,6,6,21,41,36.89187109375,1
2017,6,6,21,41,38.6976040039062,1
2017,6,6,21,41,40.5032919921875,1
2017,6,6,21,41,42.3093449707031,1
2017,6,6,21,41,44.1150190429687,1
2017,6,6,21,41,45.9208950195313,1
2017,6,6,21,41,47.7266108398438,2
2017,6,6,21,41,49.5322810058594,2
2017,6,6,21,41,51.3381889648438,2
2017,6,6,21,41,53.1439189453125,2
2017,6,6,21,41,54.950125,2
2017,6,6,21,41,56.7558049316406,2
2017,6,6,21,41,58.5616049804688,2
2017,6,6,21,42,0.36737890625,2
2017,6,6,21,42,2.17321118164062,2
2017,6,6,21,42,3.9789541015625,2
2017,6,6,21,42,5.78488989257812,2
2017,6,6,21,42,7.5907099609375,2
2017,6,6,21,42,9.3964140625,2
2017,6,6,21,42,11.202162109375,2
2017,6,6,21,42,13.0080617675781,2
2017,6,6,21,42,14.8139240722656,2
2017,6,6,21,42,16.619626953125,2
2017,6,6,21,42,18.4253530273437,2
2017,6,6,21,42,20.2311040039062,2
2017,6,6,21,42,22.0368591308594,2
2017,6,6,21,42,23.8513259277344,2
2017,6,6,21,42,25.6571750488281,2
2017,6,6,21,42,27.4629719238281,2
2017,6,6,21,42,29.2687111816406,2
2017,6,6,21,42,31.0746301269531,2
2017,6,6,21,42,32.8805949707031,2
2017,6,6,21,42,34.68637109375,2
2017,6,6,21,42,36.4921970214844,2
2017,6,6,21,42,38.2978898925781,2
2017,6,6,21,42,40.1036350097656,2
2017,6,6,21,42,41.9095339355469,2
2017,6,6,21,42,43.7152790527344,2
2017,6,6,21,42,45.521251953125,2
2017,6,6,21,42,47.3270500488281,2
2017,6,6,21,42,49.1328720703125,2
2017,6,6,21,42,50.9385490722656,2
2017,6,6,21,42,52.74449609375,2
2017,6,6,21,42,54.5501450195313,2
2017,6,6,21,42,56.3560568847656,2
2017,6,6,21,42,58.1620239257812,2
2017,6,6,21,42,59.9678781738281,2
2017,6,6,21,43,1.77365307617187,2
2017,6,6,21,43,3.57956787109375,2
2017,6,6,21,43,5.38530395507813,2
2017,6,6,21,43,7.19122802734375,2
2017,6,6,21,43,8.99696484375,2
2017,6,6,21,43,10.8028610839844,2
2017,6,6,21,43,12.6087749023438,2
2017,6,6,21,43,14.4144931640625,2
2017,6,6,21,43,16.2203889160156,2
2017,6,6,21,43,18.0260961914062,2
2017,6,6,21,43,19.8320078125,2
2017,6,6,21,43,21.6376828613281,2
2017,6,6,21,43,23.4434860839844,2
2017,6,6,21,43,25.2492990722656,2
2017,6,6,21,43,27.0550310058594,2
2017,6,6,21,43,28.8609289550781,2
2017,6,6,21,43,30.666673828125,2
2017,6,6,21,43,32.4728110351562,2
2017,6,6,21,43,34.2786508789062,2
2017,6,6,21,43,36.0845771484375,2
2017,6,6,21,43,37.8902280273438,2
2017,6,6,21,43,39.6960759277344,2
2017,6,6,21,43,41.5017490234375,2
2017,6,6,21,43,43.3076127929687,1
2017,6,6,21,43,45.1133679199219,1
2017,6,6,21,43,46.9190649414062,1
2017,6,6,21,43,48.7334868164062,1
2017,6,6,21,43,50.5392360839844,1
2017,6,6,21,43,52.3449489746094,1
2017,6,6,21,43,54.1506701660156,1
2017,6,6,21,43,55.9565009765625,1
2017,6,6,21,43,57.7625051269531,1
2017,6,6,21,43,59.5682099609375,1
2017,6,6,21,44,1.374078125,1
2017,6,6,21,44,3.179796875,1
2017,6,6,21,44,4.9854560546875,1
2017,6,6,21,44,6.7911630859375,1
2017,6,6,21,44,8.59698388671875,1
2017,6,6,21,44,10.4028571777344,1
2017,6,6,21,44,12.20862890625,1
2017,6,6,21,44,14.0145009765625,1
2017,6,6,21,44,15.8203371582031,1
2017,6,6,21,44,17.6261330566406,1
2017,6,6,21,44,19.4319370117188,1
2017,6,6,21,44,21.2377609863281,1
2017,6,6,21,44,23.0443188476562,0
2017,6,6,21,44,24.850078125,0
2017,6,6,21,44,26.6558481445313,0
2017,6,6,21,44,28.4616010742187,0
2017,6,6,21,44,30.2674140625,0
2017,6,6,21,44,32.0740710449219,0
2017,6,6,21,44,33.8791120605469,0
2017,6,6,21,44,35.6849799804688,0
2017,6,6,21,44,37.4907041015625,0
2017,6,6,21,44,39.2965541992187,0
2017,6,6,21,44,41.1024338378906,0
2017,6,6,21,44,42.908341796875,0
2017,6,6,21,44,44.7142829589844,0
2017,6,6,21,44,46.5200180664063,0
2017,6,6,21,44,48.3260231933594,0
2017,6,6,21,44,50.1317629394531,0
2017,6,6,21,44,51.937712890625,0
2017,6,6,21,44,53.7435620117188,1
2017,6,6,21,44,55.5494221191406,1
2017,6,6,21,44,57.3553659667969,2
2017,6,6,21,44,59.1612099609375,2
2017,6,6,21,45,0.9669521484375,2
2017,6,6,21,45,2.77260205078125,2
2017,6,6,21,45,4.57830102539063,2
2017,6,6,21,45,6.38403881835938,2
2017,6,6,21,45,8.18986010742188,2
2017,6,6,21,45,9.99574487304687,2
2017,6,6,21,45,11.8016860351562,2
2017,6,6,21,45,13.61562109375,2
2017,6,6,21,45,15.4215578613281,2
2017,6,6,21,45,17.2274521484375,2
2017,6,6,21,45,19.0333249511719,2
2017,6,6,21,45,20.8390219726563,2
2017,6,6,21,45,22.6449909667969,2
2017,6,6,21,45,24.4508928222656,2
2017,6,6,21,45,26.2565539550781,2
2017,6,6,21,45,28.0624211425781,1
2017,6,6,21,45,29.8681140136719,1
2017,6,6,21,45,31.6738430175781,0
2017,6,6,21,45,33.4800109863281,0
2017,6,6,21,45,35.28591796875,0
2017,6,6,21,45,37.0917150878906,0
2017,6,6,21,45,38.8976708984375,0
2017,6,6,21,45,40.703494140625,0
2017,6,6,21,45,42.5093269042969,0
2017,6,6,21,45,44.3153469238281,0
2017,6,6,21,45,46.1209680175781,0
2017,6,6,21,45,47.926623046875,0
2017,6,6,21,45,49.7323610839844,0
2017,6,6,21,45,51.5381000976562,0
2017,6,6,21,45,53.343744140625,0
2017,6,6,21,45,55.1494870605469,0
2017,6,6,21,45,56.9552561035156,1
2017,6,6,21,45,58.7609838867187,1
2017,6,6,21,46,0.5667919921875,1
2017,6,6,21,46,2.37247607421875,1
2017,6,6,21,46,4.1782119140625,1
2017,6,6,21,46,5.98386499023438,1
2017,6,6,21,46,7.789705078125,1
2017,6,6,21,46,9.59574291992188,1
2017,6,6,21,46,11.4016040039063,1
2017,6,6,21,46,13.2074360351563,1
2017,6,6,21,46,15.0132907714844,1
2017,6,6,21,46,16.8191650390625,1
2017,6,6,21,46,18.6248491210937,1
2017,6,6,21,46,20.4307890625,1
2017,6,6,21,46,22.2366791992187,1
2017,6,6,21,46,24.0425261230469,1
2017,6,6,21,46,25.8488081054687,1
2017,6,6,21,46,27.6547338867187,1
2017,6,6,21,46,29.4605080566406,1
2017,6,6,21,46,31.266169921875,1
2017,6,6,21,46,33.0718920898438,1
2017,6,6,21,46,34.8776159667969,1
2017,6,6,21,46,36.6832990722656,1
2017,6,6,21,46,38.4976440429688,1
2017,6,6,21,46,40.3034670410156,1
2017,6,6,21,46,42.1094140625,1
2017,6,6,21,46,43.9152529296875,1
2017,6,6,21,46,45.7210080566406,1
2017,6,6,21,46,47.5269689941406,1
2017,6,6,21,46,49.3326630859375,1
2017,6,6,21,46,51.1384731445312,1
2017,6,6,21,46,52.9443950195312,1
2017,6,6,21,46,54.7502260742188,1
2017,6,6,21,46,56.5561572265625,1
2017,6,6,21,46,58.3620368652344,1
2017,6,6,21,47,0.16782177734375,1
2017,6,6,21,47,1.97354614257813,1
2017,6,6,21,47,3.7792529296875,1
2017,6,6,21,47,5.5851708984375,1
2017,6,6,21,47,7.39097680664062,1
2017,6,6,21,47,9.19677294921875,1
2017,6,6,21,47,11.0026540527344,1
2017,6,6,21,47,12.8085581054687,1
2017,6,6,21,47,14.6145119628906,1
2017,6,6,21,47,16.420255859375,1
2017,6,6,21,47,18.2261550292969,1
2017,6,6,21,47,20.031873046875,1
2017,6,6,21,47,21.8378979492187,1
2017,6,6,21,47,23.6435119628906,1
2017,6,6,21,47,25.4494099121094,1
2017,6,6,21,47,27.2552941894531,1
2017,6,6,21,47,29.0609799804688,1
2017,6,6,21,47,30.8667709960937,1
2017,6,6,21,47,32.6725139160156,1
2017,6,6,21,47,34.4784050292969,1
2017,6,6,21,47,36.284326171875,1
2017,6,6,21,47,38.09000390625,1
2017,6,6,21,47,39.8957351074219,1
2017,6,6,21,47,41.7016589355469,1
2017,6,6,21,47,43.5075358886719,1
2017,6,6,21,47,45.3133818359375,1
2017,6,6,21,47,47.1190520019531,1
2017,6,6,21,47,48.9249760742187,0
