Year,Month,Day,Hour,Minute,Second,Classification
2017,6,24,18,2,13.5618359375,0
2017,6,24,18,2,15.3675129394531,0
2017,6,24,18,2,17.1733020019531,0
2017,6,24,18,2,18.9792631835938,0
2017,6,24,18,2,20.7850480957031,0
2017,6,24,18,2,22.5909509277344,0
2017,6,24,18,2,24.39691796875,0
2017,6,24,18,2,26.2026159667969,0
2017,6,24,18,2,28.0085180664062,0
2017,6,24,18,2,29.814416015625,0
2017,6,24,18,2,31.6202468261719,0
2017,6,24,18,2,33.4261770019531,0
2017,6,24,18,2,35.2319418945313,0
2017,6,24,18,2,37.0377678222656,0
2017,6,24,18,2,38.8437280273438,0
2017,6,24,18,2,40.6495717773438,0
2017,6,24,18,2,42.4553161621094,0
2017,6,24,18,2,44.2611979980469,0
2017,6,24,18,2,46.0670739746094,0
2017,6,24,18,2,47.8729091796875,0
2017,6,24,18,2,49.6786669921875,0
2017,6,24,18,2,51.4921899414063,0
2017,6,24,18,2,53.298091796875,0
2017,6,24,18,2,55.1038562011719,0
2017,6,24,18,2,56.9098950195312,0
2017,6,24,18,2,58.7155180664062,0
2017,6,24,18,3,0.52139208984375,0
2017,6,24,18,3,2.32729516601563,0
2017,6,24,18,3,4.13305590820312,0
2017,6,24,18,3,5.93894287109375,0
2017,6,24,18,3,7.74476196289062,0
2017,6,24,18,3,9.5507041015625,0
2017,6,24,18,3,11.3565610351563,0
2017,6,24,18,3,13.1623129882813,0
2017,6,24,18,3,14.9681000976563,0
2017,6,24,18,3,16.7740209960937,0
2017,6,24,18,3,18.579751953125,0
2017,6,24,18,3,20.3855620117188,0
2017,6,24,18,3,22.1914858398438,0
2017,6,24,18,3,23.9972739257813,0
2017,6,24,18,3,25.8030231933594,0
2017,6,24,18,3,27.6088208007812,0
2017,6,24,18,3,29.4147390136719,0
2017,6,24,18,3,31.2205148925781,0
2017,6,24,18,3,33.0263049316406,0
2017,6,24,18,3,34.8320961914063,0
2017,6,24,18,3,36.6379951171875,0
2017,6,24,18,3,38.4438759765625,0
2017,6,24,18,3,40.249548828125,0
2017,6,24,18,3,42.0553159179687,0
2017,6,24,18,3,43.8612019042969,0
2017,6,24,18,3,45.6668200683594,0
2017,6,24,18,3,47.472623046875,0
2017,6,24,18,3,49.2783698730469,0
2017,6,24,18,3,51.09337890625,0
2017,6,24,18,3,52.8991569824219,0
2017,6,24,18,3,54.704955078125,0
2017,6,24,18,3,56.5108139648437,0
2017,6,24,18,3,58.3166599121094,0
2017,6,24,18,4,0.122376953125,0
2017,6,24,18,4,1.92818188476563,0
2017,6,24,18,4,3.733998046875,0
2017,6,24,18,4,5.5397890625,0
2017,6,24,18,4,7.34555688476563,0
2017,6,24,18,4,9.15142016601562,0
2017,6,24,18,4,10.9571789550781,0
2017,6,24,18,4,12.7631098632812,0
2017,6,24,18,4,14.568953125,0
2017,6,24,18,4,16.3842229003906,0
2017,6,24,18,4,18.190083984375,0
2017,6,24,18,4,19.9959399414062,0
2017,6,24,18,4,21.8018178710937,0
2017,6,24,18,4,23.6076691894531,0
2017,6,24,18,4,25.4134318847656,0
2017,6,24,18,4,27.2193720703125,0
2017,6,24,18,4,29.0252358398437,0
2017,6,24,18,4,30.8311770019531,0
2017,6,24,18,4,32.6369270019531,0
2017,6,24,18,4,34.4427780761719,0
2017,6,24,18,4,36.2485900878906,0
2017,6,24,18,4,38.0545600585938,0
2017,6,24,18,4,39.8604150390625,0
2017,6,24,18,4,41.6662458496094,0
2017,6,24,18,4,43.47194921875,0
2017,6,24,18,4,45.277708984375,0
2017,6,24,18,4,47.0838100585937,0
2017,6,24,18,4,48.8896647949219,0
2017,6,24,18,4,50.6956220703125,0
2017,6,24,18,4,52.5015510253906,0
2017,6,24,18,4,54.3074860839844,0
2017,6,24,18,4,56.1132800292969,0
2017,6,24,18,4,57.9191821289063,0
2017,6,24,18,4,59.7250559082031,0
2017,6,24,18,5,1.53081982421875,0
2017,6,24,18,5,3.33661791992188,0
2017,6,24,18,5,5.1423759765625,0
2017,6,24,18,5,6.9483388671875,0
2017,6,24,18,5,8.754205078125,0
2017,6,24,18,5,10.5601560058594,0
2017,6,24,18,5,12.3660729980469,0
2017,6,24,18,5,14.1719360351562,0
2017,6,24,18,5,15.97774609375,0
2017,6,24,18,5,17.7834479980469,0
2017,6,24,18,5,19.5894028320313,0
2017,6,24,18,5,21.3952419433594,0
2017,6,24,18,5,23.2009020996094,0
2017,6,24,18,5,25.0066599121094,0
2017,6,24,18,5,26.8123381347656,0
2017,6,24,18,5,28.6180778808594,0
2017,6,24,18,5,30.4239479980469,0
2017,6,24,18,5,32.2298020019531,0
2017,6,24,18,5,34.0356408691406,0
2017,6,24,18,5,35.8415068359375,0
2017,6,24,18,5,37.6472590332031,0
2017,6,24,18,5,39.4530991210938,0
2017,6,24,18,5,41.2677741699219,0
2017,6,24,18,5,43.0736547851563,0
2017,6,24,18,5,44.8795681152344,0
2017,6,24,18,5,46.6854890136719,0
2017,6,24,18,5,48.4914169921875,0
2017,6,24,18,5,50.2972468261719,0
2017,6,24,18,5,52.1029770507812,0
2017,6,24,18,5,53.9089201660156,0
2017,6,24,18,5,55.714876953125,0
2017,6,24,18,5,57.5207761230469,0
2017,6,24,18,5,59.3267739257812,0
2017,6,24,18,6,1.13244018554688,0
2017,6,24,18,6,2.93817895507812,0
2017,6,24,18,6,4.74396606445312,0
2017,6,24,18,6,6.54976904296875,0
2017,6,24,18,6,8.35572094726563,0
2017,6,24,18,6,10.1616362304687,0
2017,6,24,18,6,11.9675080566406,0
2017,6,24,18,6,13.7733669433594,0
2017,6,24,18,6,15.5791618652344,0
2017,6,24,18,6,17.3849050292969,0
2017,6,24,18,6,19.1906960449219,0
2017,6,24,18,6,20.99654296875,0
2017,6,24,18,6,22.8022590332031,0
2017,6,24,18,6,24.6080190429687,0
2017,6,24,18,6,26.4139020996094,0
2017,6,24,18,6,28.2196579589844,0
2017,6,24,18,6,30.025541015625,0
2017,6,24,18,6,31.8313779296875,0
2017,6,24,18,6,33.6372609863281,0
2017,6,24,18,6,35.4431391601562,0
2017,6,24,18,6,37.248876953125,0
2017,6,24,18,6,39.0545830078125,0
2017,6,24,18,6,40.8604460449219,0
2017,6,24,18,6,42.6661730957031,0
2017,6,24,18,6,44.4720930175781,0
2017,6,24,18,6,46.2778989257813,0
2017,6,24,18,6,48.0836437988281,0
2017,6,24,18,6,49.8893950195312,0
2017,6,24,18,6,51.6952260742188,0
2017,6,24,18,6,53.5009050292969,0
2017,6,24,18,6,55.3067099609375,0
2017,6,24,18,6,57.1126040039062,0
2017,6,24,18,6,58.9184379882812,0
2017,6,24,18,7,0.7242587890625,0
2017,6,24,18,7,2.52998315429687,0
2017,6,24,18,7,4.33572607421875,0
2017,6,24,18,7,6.1415419921875,0
2017,6,24,18,7,7.94739111328125,0
2017,6,24,18,7,9.75329907226562,0
2017,6,24,18,7,11.5591372070313,0
2017,6,24,18,7,13.3650229492187,0
2017,6,24,18,7,15.1708889160156,0
2017,6,24,18,7,16.9767250976562,0
2017,6,24,18,7,18.7825109863281,0
2017,6,24,18,7,20.5882490234375,0
2017,6,24,18,7,22.3939399414062,0
2017,6,24,18,7,24.1997312011719,0
2017,6,24,18,7,26.0054140625,0
2017,6,24,18,7,27.8111848144531,0
2017,6,24,18,7,29.6171469726563,0
2017,6,24,18,7,31.4230869140625,0
2017,6,24,18,7,33.2290620117188,0
2017,6,24,18,7,35.0348078613281,0
2017,6,24,18,7,36.8406799316406,0
2017,6,24,18,7,38.6464489746094,0
2017,6,24,18,7,40.4521979980469,0
2017,6,24,18,7,42.2580659179688,0
2017,6,24,18,7,44.0640100097656,0
2017,6,24,18,7,45.8699279785156,0
2017,6,24,18,7,47.6758471679687,0
2017,6,24,18,7,49.4816909179687,0
2017,6,24,18,7,51.2876469726562,0
2017,6,24,18,7,53.0934702148437,0
2017,6,24,18,7,54.8993950195312,0
2017,6,24,18,7,56.7051950683594,0
2017,6,24,18,7,58.511337890625,0
2017,6,24,18,8,0.317208984375,0
2017,6,24,18,8,2.12307495117187,0
2017,6,24,18,8,3.92888818359375,0
2017,6,24,18,8,5.741873046875,0
2017,6,24,18,8,7.54772802734375,0
2017,6,24,18,8,9.35351098632812,0
2017,6,24,18,8,11.1594528808594,0
2017,6,24,18,8,12.9651320800781,0
2017,6,24,18,8,14.770955078125,0
2017,6,24,18,8,16.5768349609375,0
2017,6,24,18,8,18.3827131347656,0
2017,6,24,18,8,20.1886589355469,0
2017,6,24,18,8,21.9944291992188,0
2017,6,24,18,8,23.800373046875,0
2017,6,24,18,8,25.606208984375,0
2017,6,24,18,8,27.4119689941406,0
2017,6,24,18,8,29.2177329101563,0
2017,6,24,18,8,31.0235610351562,0
2017,6,24,18,8,32.829375,0
2017,6,24,18,8,34.6351010742188,0
2017,6,24,18,8,36.4410959472656,0
2017,6,24,18,8,38.2470168457031,0
2017,6,24,18,8,40.0527648925781,0
2017,6,24,18,8,41.8584890136719,0
2017,6,24,18,8,43.6642260742188,0
2017,6,24,18,8,45.4701130371094,0
2017,6,24,18,8,47.2760830078125,0
2017,6,24,18,8,49.0825290527344,0
2017,6,24,18,8,50.8882419433594,0
2017,6,24,18,8,52.6940300292969,0
2017,6,24,18,8,54.4999499511719,0
2017,6,24,18,8,56.3057958984375,0
2017,6,24,18,8,58.1120148925781,0
2017,6,24,18,8,59.9177280273437,0
2017,6,24,18,9,1.723666015625,0
2017,6,24,18,9,3.52943603515625,0
2017,6,24,18,9,5.33526708984375,0
2017,6,24,18,9,7.14096899414062,0
2017,6,24,18,9,8.946876953125,0
2017,6,24,18,9,10.752751953125,0
2017,6,24,18,9,12.5585549316406,0
2017,6,24,18,9,14.3642890625,0
2017,6,24,18,9,16.1701779785156,0
2017,6,24,18,9,17.9761491699219,0
2017,6,24,18,9,19.7819729003906,0
2017,6,24,18,9,21.5876701660156,0
2017,6,24,18,9,23.3934650878906,0
2017,6,24,18,9,25.1993352050781,0
2017,6,24,18,9,27.0051218261719,0
2017,6,24,18,9,28.8109519042969,0
2017,6,24,18,9,30.6243601074219,0
2017,6,24,18,9,32.4301828613281,0
2017,6,24,18,9,34.2359670410156,0
2017,6,24,18,9,36.0418090820312,0
2017,6,24,18,9,37.8475959472656,0
2017,6,24,18,9,39.6535659179687,0
2017,6,24,18,9,41.4594777832031,0
2017,6,24,18,9,43.2652709960937,0
2017,6,24,18,9,45.071208984375,0
2017,6,24,18,9,46.8769680175781,0
2017,6,24,18,9,48.6830100097656,0
2017,6,24,18,9,50.4887238769531,0
2017,6,24,18,9,52.2946960449219,0
2017,6,24,18,9,54.1003771972656,0
2017,6,24,18,9,55.906337890625,0
2017,6,24,18,9,57.7122941894531,0
2017,6,24,18,9,59.5181669921875,0
2017,6,24,18,10,1.32401489257812,0
2017,6,24,18,10,3.12996411132813,0
2017,6,24,18,10,4.9358251953125,0
2017,6,24,18,10,6.74164501953125,0
2017,6,24,18,10,8.54756689453125,0
2017,6,24,18,10,10.3534499511719,0
2017,6,24,18,10,12.1593571777344,0
2017,6,24,18,10,13.9655419921875,0
2017,6,24,18,10,15.771248046875,0
2017,6,24,18,10,17.5770539550781,0
2017,6,24,18,10,19.3828859863281,0
2017,6,24,18,10,21.1887451171875,0
2017,6,24,18,10,22.9946748046875,0
2017,6,24,18,10,24.8006301269531,0
2017,6,24,18,10,26.6063571777344,0
2017,6,24,18,10,28.4121201171875,0
2017,6,24,18,10,30.2178239746094,0
2017,6,24,18,10,32.0237009277344,0
2017,6,24,18,10,33.8293759765625,0
2017,6,24,18,10,35.6350859375,0
2017,6,24,18,10,37.4410490722656,0
2017,6,24,18,10,39.24696484375,0
2017,6,24,18,10,41.052705078125,0
2017,6,24,18,10,42.8584189453125,0
2017,6,24,18,10,44.6645090332031,0
2017,6,24,18,10,46.470458984375,0
2017,6,24,18,10,48.276375,0
2017,6,24,18,10,50.0823110351563,0
2017,6,24,18,10,51.8882229003906,0
2017,6,24,18,10,53.6941088867188,0
2017,6,24,18,10,55.5061970214844,0
2017,6,24,18,10,57.3119509277344,0
2017,6,24,18,10,59.1177590332031,0
2017,6,24,18,11,0.92352294921875,0
2017,6,24,18,11,2.72936108398437,0
2017,6,24,18,11,4.53529907226562,0
2017,6,24,18,11,6.34108984375,0
2017,6,24,18,11,8.14702001953125,0
2017,6,24,18,11,9.95275219726562,0
2017,6,24,18,11,11.7585239257812,0
2017,6,24,18,11,13.5642958984375,0
2017,6,24,18,11,20.1903610839844,0
2017,6,24,18,11,21.99629296875,0
2017,6,24,18,11,23.802048828125,0
2017,6,24,18,11,25.6078000488281,0
2017,6,24,18,11,27.4137590332031,0
2017,6,24,18,11,29.2199140625,0
2017,6,24,18,11,31.0256579589844,0
2017,6,24,18,11,32.8313500976562,0
2017,6,24,18,11,34.6372321777344,0
2017,6,24,18,11,36.4429919433594,0
2017,6,24,18,11,38.2488200683594,0
2017,6,24,18,11,40.0545991210938,0
2017,6,24,18,11,41.8605600585937,0
2017,6,24,18,11,43.6664851074219,0
2017,6,24,18,11,45.4724299316406,0
2017,6,24,18,11,47.2783330078125,0
2017,6,24,18,11,49.0840529785156,0
2017,6,24,18,11,50.8899880371094,0
2017,6,24,18,11,52.696,0
2017,6,24,18,11,54.5017758789063,0
2017,6,24,18,11,56.3077348632812,0
2017,6,24,18,11,58.1135,0
2017,6,24,18,11,59.9192080078125,0
2017,6,24,18,12,1.72509106445312,0
2017,6,24,18,12,3.5310029296875,0
2017,6,24,18,12,5.3369130859375,0
2017,6,24,18,12,7.14286596679688,0
2017,6,24,18,12,8.94860400390625,0
2017,6,24,18,12,10.7543559570312,0
2017,6,24,18,12,12.5602150878906,0
2017,6,24,18,12,14.3662360839844,0
2017,6,24,18,12,16.172041015625,0
2017,6,24,18,12,17.9777470703125,0
2017,6,24,18,12,19.7834848632812,0
2017,6,24,18,12,21.5892319335938,0
2017,6,24,18,12,23.3949748535156,0
2017,6,24,18,12,25.2006569824219,0
2017,6,24,18,12,27.0065419921875,0
2017,6,24,18,12,28.8123979492187,0
2017,6,24,18,12,30.6181130371094,0
2017,6,24,18,12,32.4245979003906,0
2017,6,24,18,12,34.2303649902344,0
2017,6,24,18,12,36.0363039550781,0
2017,6,24,18,12,37.8421940917969,0
2017,6,24,18,12,39.6481350097656,0
2017,6,24,18,12,41.4540949707031,0
2017,6,24,18,12,43.2600578613281,0
2017,6,24,18,12,45.0658120117187,0
2017,6,24,18,12,46.8714951171875,0
2017,6,24,18,12,48.6774289550781,0
2017,6,24,18,12,50.4832880859375,0
2017,6,24,18,12,52.2890141601562,0
2017,6,24,18,12,54.0947868652344,0
2017,6,24,18,12,55.9004799804688,0
2017,6,24,18,12,57.7063342285156,0
2017,6,24,18,12,59.5120871582031,0
2017,6,24,18,13,1.318041015625,0
2017,6,24,18,13,3.12385205078125,0
2017,6,24,18,13,4.92967700195312,0
2017,6,24,18,13,6.73544897460938,0
2017,6,24,18,13,8.54129296875,0
2017,6,24,18,13,10.3471970214844,0
2017,6,24,18,13,12.1530981445312,0
2017,6,24,18,13,13.9590219726563,0
2017,6,24,18,13,15.7649299316406,0
2017,6,24,18,13,17.5707668457031,0
2017,6,24,18,13,19.3767158203125,0
2017,6,24,18,13,21.1824951171875,0
2017,6,24,18,13,22.9885270996094,0
2017,6,24,18,13,24.7944709472656,0
2017,6,24,18,13,26.6004440917969,0
2017,6,24,18,13,28.4062878417969,0
2017,6,24,18,13,30.212244140625,0
2017,6,24,18,13,32.0182819824219,0
2017,6,24,18,13,33.824037109375,0
2017,6,24,18,13,35.6297678222656,0
2017,6,24,18,13,37.4357299804688,0
2017,6,24,18,13,39.2415500488281,0
2017,6,24,18,13,41.0472751464844,0
2017,6,24,18,13,42.8530180664062,0
2017,6,24,18,13,44.6588029785156,0
2017,6,24,18,13,46.4644848632812,0
2017,6,24,18,13,48.2704150390625,0
2017,6,24,18,13,50.0762080078125,0
2017,6,24,18,13,51.8820649414062,0
2017,6,24,18,13,53.68783203125,0
2017,6,24,18,13,55.4936040039062,0
2017,6,24,18,13,57.299580078125,0
2017,6,24,18,13,59.1053459472656,0
2017,6,24,18,14,0.91122607421875,0
2017,6,24,18,14,2.71710717773438,0
2017,6,24,18,14,4.522787109375,0
2017,6,24,18,14,6.32880102539063,0
2017,6,24,18,14,8.134466796875,0
2017,6,24,18,14,9.94029809570313,0
2017,6,24,18,14,11.7461569824219,0
2017,6,24,18,14,13.5520151367188,0
2017,6,24,18,14,15.357884765625,0
2017,6,24,18,14,17.1638420410156,0
2017,6,24,18,14,18.9714609375,0
2017,6,24,18,14,20.7773508300781,0
2017,6,24,18,14,22.5830869140625,0
2017,6,24,18,14,24.3888220214844,0
2017,6,24,18,14,26.1946850585937,0
2017,6,24,18,14,28.0003959960938,0
2017,6,24,18,14,29.8062651367187,0
2017,6,24,18,14,31.6120678710937,0
2017,6,24,18,14,33.4179799804688,0
2017,6,24,18,14,35.2238510742188,0
2017,6,24,18,14,37.0296171875,0
2017,6,24,18,14,38.8354509277344,0
2017,6,24,18,14,40.6412700195312,0
2017,6,24,18,14,42.4470109863281,0
2017,6,24,18,14,44.2590288085937,0
2017,6,24,18,14,46.0648549804688,0
2017,6,24,18,14,47.8707639160156,0
2017,6,24,18,14,49.6766291503906,0
2017,6,24,18,14,51.4826108398438,0
2017,6,24,18,14,53.2883540039062,0
2017,6,24,18,14,55.0943068847656,0
2017,6,24,18,14,56.9000720214844,0
2017,6,24,18,14,58.7058288574219,0
2017,6,24,18,15,0.511549072265625,0
2017,6,24,18,15,2.3174541015625,0
2017,6,24,18,15,4.12315600585938,0
2017,6,24,18,15,5.92893505859375,0
2017,6,24,18,15,7.73461303710937,0
2017,6,24,18,15,9.5405810546875,0
2017,6,24,18,15,11.3464438476562,0
2017,6,24,18,15,13.1522687988281,0
2017,6,24,18,15,14.958208984375,0
2017,6,24,18,15,16.7639638671875,0
2017,6,24,18,15,18.5697810058594,0
2017,6,24,18,15,20.375744140625,0
2017,6,24,18,15,22.1814729003906,0
2017,6,24,18,15,23.9873190917969,0
2017,6,24,18,15,25.7930510253906,0
2017,6,24,18,15,27.5987470703125,0
2017,6,24,18,15,29.4045419921875,0
2017,6,24,18,15,31.2103120117187,0
2017,6,24,18,15,33.0161840820313,0
2017,6,24,18,15,34.8224821777344,0
2017,6,24,18,15,36.6283181152344,0
2017,6,24,18,15,38.4341870117187,0
2017,6,24,18,15,40.2398669433594,0
2017,6,24,18,15,42.0455871582031,0
2017,6,24,18,15,43.8513947753906,0
2017,6,24,18,15,45.6570981445312,0
2017,6,24,18,15,47.4628010253906,0
2017,6,24,18,15,49.2684851074219,0
2017,6,24,18,15,51.0744499511719,0
2017,6,24,18,15,52.8803020019531,0
2017,6,24,18,15,54.686255859375,0
2017,6,24,18,15,56.4923229980469,0
2017,6,24,18,15,58.29816015625,0
2017,6,24,18,16,0.104089111328125,0
2017,6,24,18,16,1.90990502929687,0
2017,6,24,18,16,3.71585791015625,0
2017,6,24,18,16,5.52189599609375,0
2017,6,24,18,16,7.327712890625,0
2017,6,24,18,16,9.13369116210938,0
2017,6,24,18,16,10.9396479492188,0
2017,6,24,18,16,12.7454951171875,0
2017,6,24,18,16,14.5512780761719,0
2017,6,24,18,16,16.3572299804688,0
2017,6,24,18,16,18.1632111816406,0
2017,6,24,18,16,19.9695561523437,0
2017,6,24,18,16,21.7746127929687,0
2017,6,24,18,16,23.5805180664062,0
2017,6,24,18,16,25.3864780273437,0
2017,6,24,18,16,27.1923139648437,0
2017,6,24,18,16,28.9979802246094,0
2017,6,24,18,16,30.803908203125,0
2017,6,24,18,16,32.6095991210938,0
2017,6,24,18,16,34.4155620117187,0
2017,6,24,18,16,36.2213139648438,0
2017,6,24,18,16,38.0271440429688,0
2017,6,24,18,16,39.8331540527344,0
2017,6,24,18,16,41.6389169921875,0
2017,6,24,18,16,43.4447270507813,0
2017,6,24,18,16,45.2506499023438,0
2017,6,24,18,16,47.0563940429687,0
2017,6,24,18,16,48.8621469726562,0
2017,6,24,18,16,50.6681010742187,0
2017,6,24,18,16,52.4755080566406,0
2017,6,24,18,16,54.2812080078125,0
2017,6,24,18,16,56.0870161132813,0
2017,6,24,18,16,57.893083984375,0
2017,6,24,18,16,59.6989299316406,0
2017,6,24,18,17,1.50478295898438,0
2017,6,24,18,17,3.31553295898438,0
2017,6,24,18,17,5.12147583007812,0
2017,6,24,18,17,6.92727001953125,0
2017,6,24,18,17,8.73321704101562,0
2017,6,24,18,17,10.539037109375,0
2017,6,24,18,17,12.34483203125,0
2017,6,24,18,17,14.1507709960937,0
2017,6,24,18,17,15.9566450195312,0
2017,6,24,18,17,17.7624929199219,0
2017,6,24,18,17,19.5684279785156,0
2017,6,24,18,17,21.3742270507813,0
2017,6,24,18,17,23.1801879882813,0
2017,6,24,18,17,24.9858669433594,0
2017,6,24,18,17,26.7917880859375,0
2017,6,24,18,17,28.5975397949219,0
2017,6,24,18,17,30.403498046875,0
2017,6,24,18,17,32.2093569335938,0
2017,6,24,18,17,34.01525390625,0
2017,6,24,18,17,35.8211801757813,0
2017,6,24,18,17,37.6268688964844,0
2017,6,24,18,17,39.4327241210937,0
2017,6,24,18,17,41.2385261230469,0
2017,6,24,18,17,43.044591796875,0
2017,6,24,18,17,44.8504118652344,0
2017,6,24,18,17,46.6561140136719,0
2017,6,24,18,17,48.4619191894531,0
2017,6,24,18,17,50.2677641601562,0
2017,6,24,18,17,52.0735620117187,0
2017,6,24,18,17,53.8793620605469,0
2017,6,24,18,17,55.6853540039062,0
2017,6,24,18,17,57.491291015625,0
2017,6,24,18,17,59.2972119140625,0
2017,6,24,18,18,1.103123046875,0
2017,6,24,18,18,2.908869140625,0
2017,6,24,18,18,4.71472412109375,0
2017,6,24,18,18,6.52043798828125,0
2017,6,24,18,18,8.326287109375,0
2017,6,24,18,18,10.1321489257812,0
2017,6,24,18,18,11.938123046875,0
2017,6,24,18,18,13.7439111328125,0
2017,6,24,18,18,15.5498449707031,0
2017,6,24,18,18,17.3558481445313,0
2017,6,24,18,18,19.1617661132812,0
2017,6,24,18,18,20.9677131347656,0
2017,6,24,18,18,22.7734411621094,0
2017,6,24,18,18,24.5793308105469,0
2017,6,24,18,18,26.3853439941406,0
2017,6,24,18,18,28.1910329589844,0
2017,6,24,18,18,29.9968920898438,0
2017,6,24,18,18,31.8027199707031,0
2017,6,24,18,18,33.608625,0
2017,6,24,18,18,35.4144741210937,0
2017,6,24,18,18,37.2203430175781,0
2017,6,24,18,18,39.0264150390625,0
2017,6,24,18,18,40.8322729492187,0
2017,6,24,18,18,42.638083984375,0
2017,6,24,18,18,44.4438400878906,0
2017,6,24,18,18,46.2496450195313,0
2017,6,24,18,18,48.0553759765625,0
2017,6,24,18,18,49.8610498046875,0
2017,6,24,18,18,51.6667849121094,0
2017,6,24,18,18,53.4726140136719,0
2017,6,24,18,18,55.2783559570313,0
2017,6,24,18,18,57.0841228027344,0
2017,6,24,18,18,58.8898940429687,0
2017,6,24,18,19,0.69569482421875,0
2017,6,24,18,19,2.50164599609375,0
2017,6,24,18,19,4.3074970703125,0
2017,6,24,18,19,6.11328100585937,0
2017,6,24,18,19,7.91920703125,0
2017,6,24,18,19,9.72497509765625,0
2017,6,24,18,19,11.5306940917969,0
2017,6,24,18,19,13.3366030273438,0
2017,6,24,18,19,15.1424401855469,0
2017,6,24,18,19,16.9482180175781,0
2017,6,24,18,19,18.7541821289063,0
2017,6,24,18,19,20.5601369628906,0
2017,6,24,18,19,22.3660678710938,0
2017,6,24,18,19,24.1719150390625,0
2017,6,24,18,19,25.9793500976563,0
2017,6,24,18,19,27.7853210449219,0
2017,6,24,18,19,29.5910380859375,0
2017,6,24,18,19,31.3971130371094,0
2017,6,24,18,19,33.203,0
2017,6,24,18,19,35.0086750488281,0
2017,6,24,18,19,36.8143979492188,0
2017,6,24,18,19,38.6202189941406,0
2017,6,24,18,19,40.426162109375,0
2017,6,24,18,19,42.2320620117188,0
2017,6,24,18,19,44.0378889160156,0
2017,6,24,18,19,45.8437668457031,0
2017,6,24,18,19,47.64970703125,0
2017,6,24,18,19,49.4556149902344,0
2017,6,24,18,19,51.2615229492188,0
2017,6,24,18,19,53.0674819335937,0
2017,6,24,18,19,54.87328515625,0
2017,6,24,18,19,56.6790629882813,0
2017,6,24,18,19,58.4848999023437,0
2017,6,24,18,20,0.290633056640625,0
2017,6,24,18,20,2.09651196289063,0
2017,6,24,18,20,3.90223608398438,0
2017,6,24,18,20,5.70831494140625,0
2017,6,24,18,20,7.514208984375,0
2017,6,24,18,20,9.32013891601562,0
2017,6,24,18,20,11.1258659667969,0
2017,6,24,18,20,12.9316320800781,0
2017,6,24,18,20,14.7373608398438,0
2017,6,24,18,20,16.5431010742188,0
2017,6,24,18,20,18.3515688476562,0
2017,6,24,18,20,20.1572629394531,0
2017,6,24,18,20,21.9629719238281,0
2017,6,24,18,20,23.7688120117188,0
2017,6,24,18,20,25.5745297851563,0
2017,6,24,18,20,27.3804970703125,0
2017,6,24,18,20,29.18633203125,0
2017,6,24,18,20,30.9922619628906,0
2017,6,24,18,20,32.7981391601563,0
2017,6,24,18,20,34.6038510742188,0
2017,6,24,18,20,36.4097648925781,0
2017,6,24,18,20,38.2154851074219,0
2017,6,24,18,20,40.0212580566406,0
2017,6,24,18,20,41.8270300292969,0
2017,6,24,18,20,43.6327341308594,0
2017,6,24,18,20,45.4385920410156,0
2017,6,24,18,20,47.2444670410156,0
2017,6,24,18,20,49.050546875,0
2017,6,24,18,20,50.8563181152344,0
2017,6,24,18,20,52.6622199707031,0
2017,6,24,18,20,54.4678991699219,0
2017,6,24,18,20,56.273873046875,0
2017,6,24,18,20,58.0797329101563,0
2017,6,24,18,20,59.8856040039063,0
2017,6,24,18,21,1.6914150390625,0
2017,6,24,18,21,3.497212890625,0
2017,6,24,18,21,5.30298315429688,0
2017,6,24,18,21,7.10885009765625,0
2017,6,24,18,21,8.9147939453125,0
2017,6,24,18,21,10.7204790039063,0
2017,6,24,18,21,12.5262419433594,0
2017,6,24,18,21,14.3320451660156,0
2017,6,24,18,21,16.1378969726563,0
2017,6,24,18,21,17.9436208496094,0
2017,6,24,18,21,19.7495629882813,0
2017,6,24,18,21,21.5553081054688,0
2017,6,24,18,21,23.3611020507812,0
2017,6,24,18,21,25.1668989257813,0
2017,6,24,18,21,26.9725891113281,0
2017,6,24,18,21,28.7785471191406,0
2017,6,24,18,21,30.5843510742187,0
2017,6,24,18,21,32.3901770019531,0
2017,6,24,18,21,34.1958779296875,0
2017,6,24,18,21,36.0016159667969,0
2017,6,24,18,21,37.8074379882813,0
2017,6,24,18,21,39.6131740722656,0
2017,6,24,18,21,41.4189709472656,0
2017,6,24,18,21,43.2250668945313,0
2017,6,24,18,21,45.0309428710937,0
2017,6,24,18,21,46.8368439941406,0
2017,6,24,18,21,48.6426579589844,0
2017,6,24,18,21,50.4484150390625,0
2017,6,24,18,21,52.2546909179688,0
2017,6,24,18,21,54.0603349609375,0
2017,6,24,18,21,55.8662280273438,0
2017,6,24,18,21,57.6719770507813,0
2017,6,24,18,21,59.477708984375,0
2017,6,24,18,22,1.28368310546875,0
2017,6,24,18,22,3.08952099609375,0
2017,6,24,18,22,4.8953759765625,0
2017,6,24,18,22,6.70118090820313,0
2017,6,24,18,22,8.50693212890625,0
2017,6,24,18,22,10.3126818847656,0
2017,6,24,18,22,12.1185041503906,0
2017,6,24,18,22,13.9243391113281,0
2017,6,24,18,22,15.7300720214844,0
2017,6,24,18,22,17.5360078125,0
2017,6,24,18,22,19.3417700195312,0
2017,6,24,18,22,21.1475219726562,0
2017,6,24,18,22,22.9534321289063,0
2017,6,24,18,22,24.7591901855469,0
2017,6,24,18,22,26.5764079589844,0
2017,6,24,18,22,28.3707590332031,0
2017,6,24,18,22,30.1765480957031,0
2017,6,24,18,22,31.982251953125,0
2017,6,24,18,22,33.7881860351563,0
2017,6,24,18,22,35.5939929199219,0
2017,6,24,18,22,37.3997751464844,0
2017,6,24,18,22,39.2056328125,0
2017,6,24,18,22,41.0114738769531,0
2017,6,24,18,22,42.8172609863281,0
2017,6,24,18,22,44.6230949707031,0
2017,6,24,18,22,46.4289702148438,0
2017,6,24,18,22,48.2347709960938,0
2017,6,24,18,22,50.040546875,0
2017,6,24,18,22,51.8463181152344,0
2017,6,24,18,22,53.6521960449219,0
2017,6,24,18,22,55.4581359863281,0
2017,6,24,18,22,57.2638818359375,0
2017,6,24,18,22,59.0696950683594,0
2017,6,24,18,23,0.875528076171875,0
2017,6,24,18,23,2.6813349609375,0
2017,6,24,18,23,4.48847192382812,0
2017,6,24,18,23,6.29428784179687,0
2017,6,24,18,23,8.10018603515625,0
2017,6,24,18,23,9.90602709960937,0
2017,6,24,18,23,11.711669921875,0
2017,6,24,18,23,13.5174699707031,0
2017,6,24,18,23,15.3232041015625,0
2017,6,24,18,23,17.1291188964844,0
2017,6,24,18,23,18.9350568847656,0
2017,6,24,18,23,20.740794921875,0
2017,6,24,18,23,22.5466809082031,0
2017,6,24,18,23,24.3524028320312,0
2017,6,24,18,23,26.1581770019531,0
2017,6,24,18,23,27.964080078125,0
2017,6,24,18,23,29.7699221191406,0
2017,6,24,18,23,31.5758181152344,0
2017,6,24,18,23,33.3816279296875,0
2017,6,24,18,23,40.1539279785156,0
2017,6,24,18,23,41.959701171875,0
2017,6,24,18,23,43.7654299316406,0
2017,6,24,18,23,45.5712709960938,0
2017,6,24,18,23,47.3771279296875,0
2017,6,24,18,23,49.1829580078125,0
2017,6,24,18,23,50.9893588867187,0
2017,6,24,18,23,52.7951049804688,0
2017,6,24,18,23,54.6009750976563,0
2017,6,24,18,23,56.4067668457031,0
2017,6,24,18,23,58.2124541015625,0
2017,6,24,18,24,0.01818603515625,0
2017,6,24,18,24,1.82388720703125,0
2017,6,24,18,24,3.62968408203125,0
2017,6,24,18,24,5.4355048828125,0
2017,6,24,18,24,7.24144604492187,0
2017,6,24,18,24,9.04730712890625,0
2017,6,24,18,24,10.8529890136719,0
2017,6,24,18,24,12.6695139160156,0
2017,6,24,18,24,14.4754799804687,0
2017,6,24,18,24,16.281326171875,0
2017,6,24,18,24,18.087083984375,0
2017,6,24,18,24,19.8928720703125,0
2017,6,24,18,24,21.6986711425781,0
2017,6,24,18,24,23.5045681152344,0
2017,6,24,18,24,25.3104299316406,0
2017,6,24,18,24,27.116251953125,0
2017,6,24,18,24,28.9221079101562,0
2017,6,24,18,24,30.7280180664062,0
2017,6,24,18,24,32.5337861328125,0
2017,6,24,18,24,34.3397409667969,0
2017,6,24,18,24,36.1455629882812,0
2017,6,24,18,24,37.9513391113281,0
2017,6,24,18,24,39.7571608886719,0
2017,6,24,18,24,41.5631069335938,0
2017,6,24,18,24,43.3689189453125,0
2017,6,24,18,24,45.1747619628906,0
2017,6,24,18,24,46.9804738769531,0
2017,6,24,18,24,48.7863049316406,0
2017,6,24,18,24,50.59212890625,0
2017,6,24,18,24,52.3979270019531,0
2017,6,24,18,24,54.2036850585937,0
2017,6,24,18,24,56.0094399414062,0
2017,6,24,18,24,57.815119140625,0
2017,6,24,18,24,59.6210629882813,0
2017,6,24,18,25,1.42677001953125,0
2017,6,24,18,25,3.23251196289063,0
2017,6,24,18,25,5.03823901367188,0
2017,6,24,18,25,6.84411181640625,0
2017,6,24,18,25,8.64978784179688,0
2017,6,24,18,25,10.4557158203125,0
2017,6,24,18,25,12.2614929199219,0
2017,6,24,18,25,14.0673010253906,0
2017,6,24,18,25,15.8732668457031,0
2017,6,24,18,25,17.6792270507813,1
2017,6,24,18,25,19.484837890625,1
2017,6,24,18,25,21.290798828125,1
2017,6,24,18,25,23.0965510253906,1
2017,6,24,18,25,24.9024948730469,1
2017,6,24,18,25,26.7083659667969,1
2017,6,24,18,25,28.51416796875,1
2017,6,24,18,25,30.3200749511719,1
2017,6,24,18,25,32.1258630371094,1
2017,6,24,18,25,33.9316650390625,1
2017,6,24,18,25,35.7373979492188,1
2017,6,24,18,25,37.5517690429688,0
2017,6,24,18,25,39.3576701660156,0
2017,6,24,18,25,41.163623046875,0
2017,6,24,18,25,42.9693798828125,0
2017,6,24,18,25,44.775208984375,0
2017,6,24,18,25,46.580998046875,0
2017,6,24,18,25,48.3867490234375,0
2017,6,24,18,25,50.1924541015625,0
2017,6,24,18,25,51.9982619628906,0
2017,6,24,18,25,53.8039418945312,0
2017,6,24,18,25,55.6099340820313,0
2017,6,24,18,25,57.4155310058594,0
2017,6,24,18,25,59.2214409179687,0
2017,6,24,18,26,1.02723510742188,0
2017,6,24,18,26,2.83307202148437,0
2017,6,24,18,26,4.63886596679687,0
2017,6,24,18,26,6.44464599609375,0
2017,6,24,18,26,8.25064306640625,0
2017,6,24,18,26,10.0565959472656,0
2017,6,24,18,26,11.8625432128906,0
2017,6,24,18,26,13.6684738769531,0
2017,6,24,18,26,15.4741850585938,1
2017,6,24,18,26,17.279875,1
2017,6,24,18,26,19.0858000488281,1
2017,6,24,18,26,20.892458984375,1
2017,6,24,18,26,22.6984270019531,1
2017,6,24,18,26,24.5041188964844,1
2017,6,24,18,26,26.3100629882812,1
2017,6,24,18,26,28.1157680664063,1
2017,6,24,18,26,29.9216149902344,1
2017,6,24,18,26,31.7274479980469,1
2017,6,24,18,26,33.53341796875,1
2017,6,24,18,26,35.3392429199219,1
2017,6,24,18,26,37.1451140136719,1
2017,6,24,18,26,38.9508728027344,1
2017,6,24,18,26,40.7568369140625,0
2017,6,24,18,26,42.5625419921875,1
2017,6,24,18,26,44.368294921875,1
2017,6,24,18,26,46.1739858398438,1
2017,6,24,18,26,47.9797329101563,1
2017,6,24,18,26,49.7856218261719,1
2017,6,24,18,26,51.5915068359375,1
2017,6,24,18,26,53.3972238769531,1
2017,6,24,18,26,55.2029389648438,1
2017,6,24,18,26,57.0088959960937,1
2017,6,24,18,26,58.8147380371094,1
2017,6,24,18,27,0.620634033203125,1
2017,6,24,18,27,2.433830078125,1
2017,6,24,18,27,4.23964599609375,1
2017,6,24,18,27,6.04546411132813,1
2017,6,24,18,27,7.85125903320313,1
2017,6,24,18,27,9.65718896484375,1
2017,6,24,18,27,11.462916015625,1
2017,6,24,18,27,13.26871484375,1
2017,6,24,18,27,15.0745490722656,1
2017,6,24,18,27,16.88025,0
2017,6,24,18,27,18.6861501464844,0
2017,6,24,18,27,20.4937080078125,0
2017,6,24,18,27,22.2975979003906,0
2017,6,24,18,27,24.1035219726562,0
2017,6,24,18,27,25.9094260253906,0
2017,6,24,18,27,27.7151540527344,0
2017,6,24,18,27,29.5211220703125,0
2017,6,24,18,27,31.3270869140625,0
2017,6,24,18,27,33.1329528808594,0
2017,6,24,18,27,34.9387299804688,0
2017,6,24,18,27,36.744541015625,0
2017,6,24,18,27,38.5504938964844,0
2017,6,24,18,27,40.3563798828125,0
2017,6,24,18,27,42.1622241210938,0
2017,6,24,18,27,43.9680830078125,0
2017,6,24,18,27,45.7739770507812,0
2017,6,24,18,27,47.5805100097656,0
2017,6,24,18,27,49.3864790039063,0
2017,6,24,18,27,51.19229296875,0
2017,6,24,18,27,52.9980629882812,0
2017,6,24,18,27,54.8038000488281,0
2017,6,24,18,27,56.6097299804687,0
2017,6,24,18,27,58.4154838867187,0
2017,6,24,18,28,0.22143017578125,1
2017,6,24,18,28,2.02710791015625,1
2017,6,24,18,28,3.83286596679687,1
2017,6,24,18,28,5.6386708984375,1
2017,6,24,18,28,7.44461596679688,1
2017,6,24,18,28,9.25039282226562,1
2017,6,24,18,28,11.0562570800781,1
2017,6,24,18,28,12.862001953125,1
2017,6,24,18,28,14.6679038085937,1
2017,6,24,18,28,16.4738618164062,1
2017,6,24,18,28,18.279580078125,1
2017,6,24,18,28,20.0853837890625,1
2017,6,24,18,28,21.8910729980469,1
2017,6,24,18,28,23.6968610839844,1
2017,6,24,18,28,25.5027670898438,1
2017,6,24,18,28,27.3160910644531,1
2017,6,24,18,28,29.121923828125,1
2017,6,24,18,28,30.9276560058594,1
2017,6,24,18,28,32.7334221191406,1
2017,6,24,18,28,34.5391828613281,1
2017,6,24,18,28,36.3449978027344,1
2017,6,24,18,28,38.1507299804688,1
2017,6,24,18,28,39.956412109375,1
2017,6,24,18,28,41.762376953125,1
2017,6,24,18,28,43.5680671386719,1
2017,6,24,18,28,45.3738178710937,1
2017,6,24,18,28,47.1797248535156,1
2017,6,24,18,28,48.9855,1
2017,6,24,18,28,50.7912180175781,1
2017,6,24,18,28,52.5969499511719,1
2017,6,24,18,28,54.4028029785156,1
2017,6,24,18,28,56.2087358398437,1
2017,6,24,18,28,58.014416015625,1
2017,6,24,18,28,59.8202529296875,1
2017,6,24,18,29,1.62622094726563,1
2017,6,24,18,29,3.43189404296875,1
2017,6,24,18,29,5.2375859375,1
2017,6,24,18,29,7.04331201171875,1
2017,6,24,18,29,8.84923291015625,1
2017,6,24,18,29,10.6550900878906,1
2017,6,24,18,29,12.4609338378906,1
2017,6,24,18,29,14.2666840820313,1
2017,6,24,18,29,16.0724138183594,1
2017,6,24,18,29,17.8782338867187,1
2017,6,24,18,29,19.683998046875,1
2017,6,24,18,29,21.4899299316406,1
2017,6,24,18,29,23.2960080566406,1
2017,6,24,18,29,25.1018239746094,1
2017,6,24,18,29,26.9075,1
2017,6,24,18,29,28.7133688964844,1
2017,6,24,18,29,30.5192780761719,1
2017,6,24,18,29,32.3251550292969,1
2017,6,24,18,29,34.130994140625,1
2017,6,24,18,29,35.936912109375,1
2017,6,24,18,29,37.7428391113281,1
2017,6,24,18,29,39.5486198730469,1
2017,6,24,18,29,41.3543068847656,2
2017,6,24,18,29,43.1600490722656,2
2017,6,24,18,29,44.9660849609375,2
2017,6,24,18,29,46.771998046875,2
2017,6,24,18,29,48.5778359375,2
2017,6,24,18,29,50.3836181640625,2
2017,6,24,18,29,52.1983598632812,2
2017,6,24,18,29,54.0042509765625,1
2017,6,24,18,29,55.8100190429687,1
2017,6,24,18,29,57.6157360839844,1
2017,6,24,18,29,59.4214169921875,1
2017,6,24,18,30,1.22727612304687,1
2017,6,24,18,30,3.03299096679687,1
2017,6,24,18,30,4.83890112304687,1
2017,6,24,18,30,6.64459985351562,1
2017,6,24,18,30,8.45053686523437,1
2017,6,24,18,30,10.2563669433594,1
2017,6,24,18,30,12.0621860351562,1
2017,6,24,18,30,13.8680119628906,1
2017,6,24,18,30,15.6738439941406,1
2017,6,24,18,30,17.4795939941406,1
2017,6,24,18,30,19.285455078125,1
2017,6,24,18,30,21.0913149414062,1
2017,6,24,18,30,22.8971801757813,1
2017,6,24,18,30,24.7031008300781,1
2017,6,24,18,30,26.5090388183594,1
2017,6,24,18,30,28.3149230957031,1
2017,6,24,18,30,30.1206118164062,0
2017,6,24,18,30,31.9263010253906,0
2017,6,24,18,30,40.6381020507812,0
2017,6,24,18,30,42.4439440917969,0
2017,6,24,18,30,44.2496159667969,0
2017,6,24,18,30,46.0553090820313,0
2017,6,24,18,30,47.8610808105469,0
2017,6,24,18,30,49.6669709472656,0
2017,6,24,18,30,51.4727028808594,0
2017,6,24,18,30,53.2785871582031,0
2017,6,24,18,30,55.0845598144531,0
2017,6,24,18,30,56.8904899902344,0
2017,6,24,18,30,58.6962868652344,1
2017,6,24,18,31,0.502067138671875,1
2017,6,24,18,31,2.30806591796875,1
2017,6,24,18,31,4.11394506835938,1
2017,6,24,18,31,5.93000708007813,1
2017,6,24,18,31,7.735833984375,1
2017,6,24,18,31,9.54179809570313,1
2017,6,24,18,31,11.3478178710937,1
2017,6,24,18,31,13.1535209960938,1
2017,6,24,18,31,14.9594089355469,1
2017,6,24,18,31,16.7652038574219,1
2017,6,24,18,31,18.5711589355469,1
2017,6,24,18,31,20.3769719238281,1
2017,6,24,18,31,22.1826538085937,1
2017,6,24,18,31,23.9884340820313,1
2017,6,24,18,31,25.7942309570312,1
2017,6,24,18,31,27.6000610351563,1
2017,6,24,18,31,29.4058898925781,1
2017,6,24,18,31,31.2115710449219,1
2017,6,24,18,31,33.0174738769531,1
2017,6,24,18,31,34.8232590332031,1
2017,6,24,18,31,36.6291179199219,1
2017,6,24,18,31,38.4348649902344,1
2017,6,24,18,31,40.24054296875,1
2017,6,24,18,31,42.0462819824219,1
2017,6,24,18,31,43.8520100097656,1
2017,6,24,18,31,45.6577639160156,1
2017,6,24,18,31,47.4635251464844,1
2017,6,24,18,31,49.2694448242188,1
2017,6,24,18,31,51.0752739257812,1
2017,6,24,18,31,52.8810451660156,1
2017,6,24,18,31,54.6868120117188,1
2017,6,24,18,31,56.4927800292969,1
2017,6,24,18,31,58.2984890136719,1
2017,6,24,18,32,0.104363037109375,1
2017,6,24,18,32,1.91025390625,1
2017,6,24,18,32,3.716201171875,1
2017,6,24,18,32,5.52207397460938,1
2017,6,24,18,32,7.32796411132813,1
2017,6,24,18,32,9.13365502929688,1
2017,6,24,18,32,10.9396518554687,1
2017,6,24,18,32,12.7453850097656,1
2017,6,24,18,32,14.5512829589844,1
2017,6,24,18,32,16.357001953125,1
2017,6,24,18,32,18.1627380371094,1
2017,6,24,18,32,19.9685200195313,1
2017,6,24,18,32,21.7744318847656,1
2017,6,24,18,32,23.5803571777344,1
2017,6,24,18,32,25.386326171875,1
2017,6,24,18,32,27.1921337890625,1
2017,6,24,18,32,28.9979091796875,1
2017,6,24,18,32,30.8037888183594,1
2017,6,24,18,32,32.6098659667969,0
2017,6,24,18,32,34.415458984375,0
2017,6,24,18,32,36.2212629394531,0
2017,6,24,18,32,38.0269948730469,0
2017,6,24,18,32,39.8328791503906,0
2017,6,24,18,32,41.6386999511719,0
2017,6,24,18,32,43.4445478515625,0
2017,6,24,18,32,45.2505778808594,0
2017,6,24,18,32,47.0564311523437,0
2017,6,24,18,32,48.8623879394531,0
2017,6,24,18,32,50.6680900878906,0
2017,6,24,18,32,52.473876953125,0
2017,6,24,18,32,54.2796408691406,0
2017,6,24,18,32,56.0854169921875,0
2017,6,24,18,32,57.8913369140625,0
2017,6,24,18,32,59.6970268554687,0
2017,6,24,18,33,1.50305786132812,0
2017,6,24,18,33,3.30903784179687,0
2017,6,24,18,33,5.11490698242187,0
2017,6,24,18,33,6.92085498046875,0
2017,6,24,18,33,8.72674609375,0
2017,6,24,18,33,10.5325,0
2017,6,24,18,33,12.3384189453125,0
2017,6,24,18,33,14.1443559570312,0
2017,6,24,18,33,15.9500361328125,0
2017,6,24,18,33,17.7558020019531,0
2017,6,24,18,33,19.5618369140625,0
2017,6,24,18,33,21.3731730957031,0
2017,6,24,18,33,23.1790927734375,0
2017,6,24,18,33,24.9848239746094,0
2017,6,24,18,33,26.7907180175781,0
2017,6,24,18,33,28.596666015625,0
2017,6,24,18,33,30.4025859375,0
2017,6,24,18,33,32.2084770507812,0
2017,6,24,18,33,34.0144260253906,0
2017,6,24,18,33,35.8202150878906,0
2017,6,24,18,33,37.6260480957031,0
2017,6,24,18,33,39.431962890625,0
2017,6,24,18,33,41.2376560058594,0
2017,6,24,18,33,43.0435759277344,0
2017,6,24,18,33,44.8494389648437,0
2017,6,24,18,33,46.6553991699219,0
2017,6,24,18,33,48.4611079101563,0
2017,6,24,18,33,50.2670158691406,0
2017,6,24,18,33,52.0729011230469,0
2017,6,24,18,33,53.8787561035156,0
2017,6,24,18,33,55.6847141113281,0
2017,6,24,18,33,57.4905642089844,0
2017,6,24,18,33,59.2962380371094,0
2017,6,24,18,34,1.10211791992187,0
2017,6,24,18,34,2.9078330078125,0
2017,6,24,18,34,4.71375390625,0
2017,6,24,18,34,6.51947998046875,0
2017,6,24,18,34,8.32517504882813,0
2017,6,24,18,34,10.1308830566406,0
2017,6,24,18,34,11.9366818847656,0
2017,6,24,18,34,13.7427670898437,0
2017,6,24,18,34,15.5485798339844,0
2017,6,24,18,34,17.3544851074219,0
2017,6,24,18,34,19.1603859863281,0
2017,6,24,18,34,20.9660920410156,0
2017,6,24,18,34,22.7718439941406,0
2017,6,24,18,34,24.5776479492188,0
2017,6,24,18,34,26.3835439453125,0
2017,6,24,18,34,28.1892199707031,0
2017,6,24,18,34,29.9950791015625,0
2017,6,24,18,34,31.8007609863281,0
2017,6,24,18,34,33.6066430664062,0
2017,6,24,18,34,35.4123508300781,0
2017,6,24,18,34,37.2181240234375,0
2017,6,24,18,34,39.0240190429688,0
2017,6,24,18,34,40.8297351074219,0
2017,6,24,18,34,42.6356220703125,0
2017,6,24,18,34,44.4414670410156,0
2017,6,24,18,34,46.2553220214844,0
2017,6,24,18,34,48.0612978515625,0
2017,6,24,18,34,49.8672299804687,0
2017,6,24,18,34,51.6731008300781,0
2017,6,24,18,34,53.4790310058594,0
2017,6,24,18,34,55.2849951171875,0
2017,6,24,18,34,57.0909677734375,0
2017,6,24,18,34,58.8967878417969,0
2017,6,24,18,35,0.7026279296875,0
2017,6,24,18,35,2.508462890625,0
2017,6,24,18,35,4.314501953125,0
2017,6,24,18,35,6.1202109375,0
2017,6,24,18,35,7.92598608398437,0
2017,6,24,18,35,9.73168798828125,0
2017,6,24,18,35,11.5375280761719,0
2017,6,24,18,35,13.3433020019531,0
2017,6,24,18,35,15.1492551269531,0
2017,6,24,18,35,16.9549760742187,0
2017,6,24,18,35,18.7607390136719,0
2017,6,24,18,35,20.5665219726563,0
2017,6,24,18,35,22.3722761230469,0
2017,6,24,18,35,24.178208984375,0
2017,6,24,18,35,25.98396484375,0
2017,6,24,18,35,27.78983203125,0
2017,6,24,18,35,29.595666015625,0
2017,6,24,18,35,31.4013791503906,0
2017,6,24,18,35,33.2072900390625,0
2017,6,24,18,35,35.01320703125,0
2017,6,24,18,35,36.8189931640625,0
2017,6,24,18,35,38.6247780761719,0
2017,6,24,18,35,40.4306271972656,0
2017,6,24,18,35,42.2363637695313,0
2017,6,24,18,35,44.0421049804687,0
2017,6,24,18,35,45.8478779296875,0
2017,6,24,18,35,47.6538059082031,0
2017,6,24,18,35,49.4597390136719,0
2017,6,24,18,35,51.2656459960938,0
2017,6,24,18,35,53.0714877929688,0
2017,6,24,18,35,54.8774389648437,0
2017,6,24,18,35,56.6832719726563,0
2017,6,24,18,35,58.4892170410156,0
2017,6,24,18,36,0.29505615234375,0
2017,6,24,18,36,2.10082788085937,0
2017,6,24,18,36,3.9067490234375,0
2017,6,24,18,36,5.71261401367187,0
2017,6,24,18,36,7.51847607421875,0
2017,6,24,18,36,9.32435498046875,0
2017,6,24,18,36,11.130294921875,0
2017,6,24,18,36,12.9360559082031,0
2017,6,24,18,36,14.741955078125,0
2017,6,24,18,36,16.5477758789063,0
2017,6,24,18,36,18.3536589355469,0
2017,6,24,18,36,20.1595590820313,0
2017,6,24,18,36,21.9653562011719,0
2017,6,24,18,36,23.7711579589844,0
2017,6,24,18,36,25.576919921875,0
2017,6,24,18,36,27.3828540039062,0
2017,6,24,18,36,29.1885590820313,0
2017,6,24,18,36,30.9945310058594,0
2017,6,24,18,36,32.8004140625,0
2017,6,24,18,36,34.606498046875,0
2017,6,24,18,36,36.4124099121094,0
2017,6,24,18,36,38.2181809082031,0
2017,6,24,18,36,40.0239040527344,0
2017,6,24,18,36,41.829744140625,0
2017,6,24,18,36,43.6356918945312,0
2017,6,24,18,36,45.4416379394531,0
2017,6,24,18,36,47.2474050292969,0
2017,6,24,18,36,49.0532670898438,0
2017,6,24,18,36,50.8591052246094,0
2017,6,24,18,36,52.6650810546875,0
2017,6,24,18,36,54.4710578613281,0
2017,6,24,18,36,56.2771821289062,0
2017,6,24,18,36,58.0830209960938,0
2017,6,24,18,36,59.8887351074219,0
2017,6,24,18,37,1.69452416992188,0
2017,6,24,18,37,3.50034399414062,0
2017,6,24,18,37,5.30613793945312,0
2017,6,24,18,37,7.11206884765625,0
2017,6,24,18,37,8.91802416992187,0
2017,6,24,18,37,10.7289741210937,0
2017,6,24,18,37,12.5346889648438,0
2017,6,24,18,37,14.340462890625,0
2017,6,24,18,37,16.1462380371094,0
2017,6,24,18,37,17.9521799316406,0
2017,6,24,18,37,19.7579838867188,0
2017,6,24,18,37,21.5637468261719,0
2017,6,24,18,37,23.3695659179687,0
2017,6,24,18,37,25.175291015625,0
2017,6,24,18,37,30.89820703125,0
2017,6,24,18,37,32.7040441894531,0
2017,6,24,18,37,34.5098291015625,0
2017,6,24,18,37,36.31575,0
2017,6,24,18,37,38.1215979003906,0
2017,6,24,18,37,39.9273159179687,0
2017,6,24,18,37,41.7329978027344,0
2017,6,24,18,37,43.5387060546875,0
2017,6,24,18,37,45.3445661621094,0
2017,6,24,18,37,47.1503559570313,0
2017,6,24,18,37,48.95616796875,0
2017,6,24,18,37,50.7621401367187,0
2017,6,24,18,37,52.5680949707031,0
2017,6,24,18,37,54.3738239746094,0
2017,6,24,18,37,56.1795759277344,0
2017,6,24,18,37,57.985537109375,0
2017,6,24,18,37,59.7914860839844,0
2017,6,24,18,38,1.59731689453125,0
2017,6,24,18,38,3.40307592773437,0
2017,6,24,18,38,5.20902197265625,0
2017,6,24,18,38,7.01563403320313,0
2017,6,24,18,38,8.82087109375,0
2017,6,24,18,38,10.6267951660156,0
2017,6,24,18,38,12.432498046875,0
2017,6,24,18,38,14.2384509277344,0
2017,6,24,18,38,16.0442890625,0
2017,6,24,18,38,17.8502221679687,0
2017,6,24,18,38,19.6560419921875,0
2017,6,24,18,38,21.4619379882812,0
2017,6,24,18,38,23.2678100585937,0
2017,6,24,18,38,25.0735639648437,0
2017,6,24,18,38,26.8793029785156,0
2017,6,24,18,38,28.6850400390625,0
2017,6,24,18,38,30.4908669433594,0
2017,6,24,18,38,32.2968029785156,0
2017,6,24,18,38,34.1025849609375,0
2017,6,24,18,38,35.9083850097656,0
2017,6,24,18,38,37.7142470703125,0
2017,6,24,18,38,39.5200290527344,0
2017,6,24,18,38,41.325951171875,0
2017,6,24,18,38,43.1319060058594,0
2017,6,24,18,38,44.9375969238281,0
2017,6,24,18,38,46.7434211425781,0
2017,6,24,18,38,48.5493039550781,0
2017,6,24,18,38,50.3549650878906,0
2017,6,24,18,38,52.1607109375,0
2017,6,24,18,38,53.9665539550781,0
2017,6,24,18,38,55.7724641113281,0
2017,6,24,18,38,57.5782980957031,0
2017,6,24,18,38,59.3841281738281,0
2017,6,24,18,39,1.18998095703125,0
2017,6,24,18,39,2.99592895507813,0
2017,6,24,18,39,4.80173388671875,0
2017,6,24,18,39,6.60760595703125,0
2017,6,24,18,39,8.41331005859375,0
2017,6,24,18,39,10.2192458496094,0
2017,6,24,18,39,12.025201171875,0
2017,6,24,18,39,13.8310310058594,0
2017,6,24,18,39,15.6367741699219,0
2017,6,24,18,39,17.4426279296875,0
2017,6,24,18,39,19.2483039550781,0
2017,6,24,18,39,21.0540170898438,0
2017,6,24,18,39,22.859873046875,0
2017,6,24,18,39,24.6657978515625,0
2017,6,24,18,39,26.4717150878906,0
2017,6,24,18,39,28.2774060058594,0
2017,6,24,18,39,30.0832861328125,0
2017,6,24,18,39,31.8891569824219,0
2017,6,24,18,39,33.6949401855469,0
2017,6,24,18,39,35.5007919921875,0
2017,6,24,18,39,37.3067329101562,0
2017,6,24,18,39,39.1126240234375,0
2017,6,24,18,39,40.9184270019531,0
2017,6,24,18,39,42.7241689453125,0
2017,6,24,18,39,44.5299489746094,0
2017,6,24,18,39,46.3359011230469,0
2017,6,24,18,39,48.1418171386719,0
2017,6,24,18,39,49.9477790527344,0
2017,6,24,18,39,51.7536750488281,0
2017,6,24,18,39,53.559498046875,0
2017,6,24,18,39,55.3653269042969,0
2017,6,24,18,39,57.1711730957031,0
2017,6,24,18,39,58.9770109863281,0
2017,6,24,18,40,0.782777099609375,0
2017,6,24,18,40,2.58862084960937,0
2017,6,24,18,40,4.39434692382812,0
2017,6,24,18,40,6.20006396484375,0
2017,6,24,18,40,8.00593505859375,0
2017,6,24,18,40,9.81192993164063,0
2017,6,24,18,40,11.6178449707031,0
2017,6,24,18,40,13.4235981445312,0
2017,6,24,18,40,15.2293979492188,0
2017,6,24,18,40,17.0350759277344,0
2017,6,24,18,40,18.8407648925781,0
2017,6,24,18,40,20.6465,0
2017,6,24,18,40,22.4523288574219,0
2017,6,24,18,40,24.2582531738281,0
2017,6,24,18,40,26.0640200195312,0
2017,6,24,18,40,27.8699929199219,0
2017,6,24,18,40,29.6757568359375,0
2017,6,24,18,40,31.481748046875,0
2017,6,24,18,40,33.2875629882813,0
2017,6,24,18,40,35.0934379882813,0
2017,6,24,18,40,36.8993520507813,0
2017,6,24,18,40,38.7053271484375,1
2017,6,24,18,40,40.5112219238281,1
2017,6,24,18,40,42.3170400390625,1
2017,6,24,18,40,44.1228129882812,2
2017,6,24,18,40,45.9285778808594,2
2017,6,24,18,40,47.7343120117187,2
2017,6,24,18,40,49.5401389160156,2
2017,6,24,18,40,51.3460969238281,2
2017,6,24,18,40,53.1518649902344,2
2017,6,24,18,40,54.9576721191406,2
2017,6,24,18,40,56.7635368652344,2
2017,6,24,18,40,58.5693581542969,2
2017,6,24,18,41,0.37527099609375,2
2017,6,24,18,41,2.18109301757812,2
2017,6,24,18,41,3.98678198242188,2
2017,6,24,18,41,5.7924658203125,2
2017,6,24,18,41,7.59825,2
2017,6,24,18,41,9.40418286132813,2
2017,6,24,18,41,11.2100051269531,1
2017,6,24,18,41,13.0157319335938,1
2017,6,24,18,41,14.8214440917969,0
2017,6,24,18,41,16.6273249511719,0
2017,6,24,18,41,18.433375,0
2017,6,24,18,41,20.2393291015625,0
2017,6,24,18,41,22.0452529296875,0
2017,6,24,18,41,23.8510461425781,0
2017,6,24,18,41,25.6567299804688,0
2017,6,24,18,41,27.4626228027344,0
2017,6,24,18,41,29.268591796875,0
2017,6,24,18,41,31.0743120117187,0
2017,6,24,18,41,32.8802709960937,0
2017,6,24,18,41,34.6859750976562,0
2017,6,24,18,41,36.4917819824219,0
2017,6,24,18,41,38.2975690917969,0
2017,6,24,18,41,40.1035830078125,0
2017,6,24,18,41,41.9091520996094,0
2017,6,24,18,41,43.7150280761719,1
2017,6,24,18,41,45.5208229980469,1
2017,6,24,18,41,47.3266799316406,1
2017,6,24,18,41,49.1326120605469,1
2017,6,24,18,41,50.93841796875,1
2017,6,24,18,41,52.7443620605469,1
2017,6,24,18,41,54.5501999511719,1
2017,6,24,18,41,56.3560239257813,1
2017,6,24,18,41,58.1619619140625,1
2017,6,24,18,41,59.9676411132813,1
2017,6,24,18,42,1.7734599609375,1
2017,6,24,18,42,3.57927197265625,1
2017,6,24,18,42,5.3849599609375,1
2017,6,24,18,42,7.19088598632812,1
2017,6,24,18,42,8.99684106445313,1
2017,6,24,18,42,10.8027399902344,1
2017,6,24,18,42,12.6086372070313,1
2017,6,24,18,42,14.4146098632812,1
2017,6,24,18,42,16.2202819824219,1
2017,6,24,18,42,18.0259609375,1
2017,6,24,18,42,19.8319279785156,1
2017,6,24,18,42,21.6376030273438,1
2017,6,24,18,42,23.4435300292969,1
2017,6,24,18,42,25.2493889160156,1
2017,6,24,18,42,27.0552348632812,1
2017,6,24,18,42,28.8610109863281,1
2017,6,24,18,42,30.6668688964844,1
2017,6,24,18,42,32.4728359375,1
2017,6,24,18,42,34.2787749023437,1
2017,6,24,18,42,36.0844970703125,1
2017,6,24,18,42,37.8903452148437,1
2017,6,24,18,42,39.6961728515625,1
2017,6,24,18,42,41.5019619140625,1
2017,6,24,18,42,43.3079060058594,1
2017,6,24,18,42,45.1136291503906,1
2017,6,24,18,42,46.9194899902344,0
2017,6,24,18,42,48.7254929199219,1
2017,6,24,18,42,50.5313229980469,1
2017,6,24,18,42,52.3372619628906,1
2017,6,24,18,42,54.1430900878906,1
2017,6,24,18,42,55.9487819824219,1
2017,6,24,18,42,57.7545791015625,1
2017,6,24,18,42,59.5605280761719,1
2017,6,24,18,43,1.3664609375,1
2017,6,24,18,43,3.17231787109375,1
2017,6,24,18,43,4.97828100585938,1
2017,6,24,18,43,6.78403295898438,1
2017,6,24,18,43,8.5897109375,1
2017,6,24,18,43,10.395583984375,1
2017,6,24,18,43,12.2014169921875,1
2017,6,24,18,43,14.0157570800781,1
2017,6,24,18,43,15.821455078125,1
2017,6,24,18,43,17.6273630371094,1
2017,6,24,18,43,19.4333210449219,1
2017,6,24,18,43,21.2391069335937,1
2017,6,24,18,43,23.0454350585937,1
2017,6,24,18,43,24.8506750488281,0
2017,6,24,18,43,26.6565949707031,0
2017,6,24,18,43,28.462375,0
2017,6,24,18,43,30.2682331542969,0
2017,6,24,18,43,32.0741931152344,0
2017,6,24,18,43,33.8799599609375,0
2017,6,24,18,43,35.6857009277344,0
2017,6,24,18,43,37.4914450683594,0
2017,6,24,18,43,39.2974729003906,0
2017,6,24,18,43,41.1034008789062,0
2017,6,24,18,43,42.9091479492187,0
2017,6,24,18,43,44.7150300292969,0
2017,6,24,18,43,46.5209580078125,0
2017,6,24,18,43,48.3266530761719,0
2017,6,24,18,43,50.1325209960938,0
2017,6,24,18,43,51.9382578125,0
2017,6,24,18,43,53.7440610351562,0
2017,6,24,18,43,55.5500109863281,0
2017,6,24,18,43,57.3557729492188,0
2017,6,24,18,43,59.1616469726562,0
2017,6,24,18,44,0.978835205078125,1
2017,6,24,18,44,2.78471484375,1
2017,6,24,18,44,4.59044506835937,1
2017,6,24,18,44,6.39621899414063,1
2017,6,24,18,44,8.2021240234375,1
2017,6,24,18,44,10.0080048828125,1
2017,6,24,18,44,11.8137431640625,1
2017,6,24,18,44,13.6194389648438,1
2017,6,24,18,44,15.4252629394531,1
2017,6,24,18,44,17.2309921875,1
2017,6,24,18,44,19.0369711914062,1
2017,6,24,18,44,20.8427897949219,1
2017,6,24,18,44,22.6485231933594,1
2017,6,24,18,44,24.4542790527344,1
2017,6,24,18,44,26.270044921875,1
2017,6,24,18,44,28.0758181152344,1
2017,6,24,18,44,29.8815119628906,1
2017,6,24,18,44,31.687333984375,1
2017,6,24,18,44,33.4932639160156,1
2017,6,24,18,44,35.2990151367188,1
2017,6,24,18,44,37.1048479003906,1
2017,6,24,18,44,38.9107028808594,1
2017,6,24,18,44,40.7165141601563,1
2017,6,24,18,44,42.5224909667969,1
2017,6,24,18,44,44.3285778808594,1
2017,6,24,18,44,46.1345100097656,1
2017,6,24,18,44,47.94045703125,1
2017,6,24,18,44,49.7462260742187,1
2017,6,24,18,44,51.55192578125,1
2017,6,24,18,44,53.3576540527344,1
2017,6,24,18,44,55.16350390625,1
2017,6,24,18,44,56.9692421875,1
2017,6,24,18,44,58.7751979980469,1
2017,6,24,18,45,0.58093310546875,1
2017,6,24,18,45,2.3866279296875,1
2017,6,24,18,45,4.19240087890625,1
2017,6,24,18,45,5.99810913085938,1
2017,6,24,18,45,7.804037109375,1
2017,6,24,18,45,9.60998193359375,1
2017,6,24,18,45,11.4156748046875,1
2017,6,24,18,45,13.2213581542969,1
2017,6,24,18,45,15.0272651367187,1
2017,6,24,18,45,16.8330480957031,1
2017,6,24,18,45,18.6387719726563,1
2017,6,24,18,45,20.4446730957031,1
2017,6,24,18,45,22.2504799804688,1
2017,6,24,18,45,24.0562141113281,1
2017,6,24,18,45,25.8621359863281,1
2017,6,24,18,45,27.667876953125,1
2017,6,24,18,45,29.4735920410156,1
2017,6,24,18,45,31.2795500488281,1
2017,6,24,18,45,33.0852900390625,1
2017,6,24,18,45,34.8910771484375,1
2017,6,24,18,45,36.6967749023437,1
2017,6,24,18,45,38.5024719238281,1
2017,6,24,18,45,40.3082238769531,1
2017,6,24,18,45,42.1140100097656,1
2017,6,24,18,45,43.9200288085937,1
2017,6,24,18,45,45.7258830566406,1
2017,6,24,18,45,47.5316928710938,1
2017,6,24,18,45,49.3373740234375,0
2017,6,24,18,45,51.1431149902344,0
2017,6,24,18,45,52.9489899902344,0
2017,6,24,18,45,54.7547351074219,0
2017,6,24,18,45,56.5605759277344,0
2017,6,24,18,45,58.36644921875,0
2017,6,24,18,46,0.1722021484375,0
2017,6,24,18,46,1.9780791015625,0
2017,6,24,18,46,3.78382983398437,0
2017,6,24,18,46,5.58977099609375,0
2017,6,24,18,46,7.39552001953125,0
2017,6,24,18,46,9.2012998046875,0
2017,6,24,18,46,11.00725390625,0
2017,6,24,18,46,12.8131560058594,0
2017,6,24,18,46,14.6190048828125,0
2017,6,24,18,46,16.4248107910156,0
2017,6,24,18,46,18.2306140136719,0
2017,6,24,18,46,23.1563088378906,0
2017,6,24,18,46,24.9620048828125,0
2017,6,24,18,46,26.7677868652344,0
2017,6,24,18,46,28.5734619140625,0
2017,6,24,18,46,30.3793381347656,0
2017,6,24,18,46,32.1850639648437,0
2017,6,24,18,46,33.9910339355469,0
2017,6,24,18,46,35.79674609375,0
2017,6,24,18,46,37.6025419921875,0
2017,6,24,18,46,39.4082829589844,0
2017,6,24,18,46,41.2139821777344,0
2017,6,24,18,46,43.0198891601562,0
2017,6,24,18,46,44.8257199707031,0
2017,6,24,18,46,46.6322609863281,0
2017,6,24,18,46,48.4380859375,0
2017,6,24,18,46,50.2440510253906,0
2017,6,24,18,46,52.0499428710937,0
2017,6,24,18,46,53.8558718261719,0
2017,6,24,18,46,55.6625170898438,0
2017,6,24,18,46,57.4683571777344,0
2017,6,24,18,46,59.2740991210937,0
2017,6,24,18,47,1.07994384765625,0
2017,6,24,18,47,2.88584716796875,0
2017,6,24,18,47,4.69187182617187,0
2017,6,24,18,47,6.49767993164062,0
2017,6,24,18,47,8.3034970703125,0
2017,6,24,18,47,10.1092299804688,0
2017,6,24,18,47,11.9149411621094,0
2017,6,24,18,47,13.72075,0
2017,6,24,18,47,15.52670703125,0
2017,6,24,18,47,17.3324770507813,0
2017,6,24,18,47,19.1383020019531,0
2017,6,24,18,47,20.94425390625,0
2017,6,24,18,47,22.7500810546875,0
2017,6,24,18,47,24.5559011230469,0
2017,6,24,18,47,26.3615888671875,0
2017,6,24,18,47,28.1673349609375,0
2017,6,24,18,47,29.9731928710938,0
2017,6,24,18,47,31.7790478515625,0
2017,6,24,18,47,33.5849379882812,0
2017,6,24,18,47,35.3908149414062,0
2017,6,24,18,47,37.1967001953125,0
2017,6,24,18,47,39.0105959472656,0
2017,6,24,18,47,40.8165339355469,0
2017,6,24,18,47,42.6222141113281,0
2017,6,24,18,47,44.4281110839844,0
2017,6,24,18,47,46.2339350585938,0
2017,6,24,18,47,48.0397529296875,0
2017,6,24,18,47,49.845501953125,0
2017,6,24,18,47,51.6512790527344,0
2017,6,24,18,47,53.4570810546875,0
2017,6,24,18,47,55.26287109375,0
2017,6,24,18,47,57.0686369628906,0
2017,6,24,18,47,58.8746098632813,0
2017,6,24,18,48,0.680385986328125,0
2017,6,24,18,48,2.48614184570313,0
2017,6,24,18,48,4.29192993164062,0
2017,6,24,18,48,6.09774389648438,0
2017,6,24,18,48,7.90363305664062,0
2017,6,24,18,48,9.70950512695313,0
2017,6,24,18,48,11.5152338867188,0
2017,6,24,18,48,13.3214641113281,0
2017,6,24,18,48,15.1273200683594,0
2017,6,24,18,48,16.9333310546875,0
2017,6,24,18,48,18.7390871582031,0
2017,6,24,18,48,20.544783203125,0
2017,6,24,18,48,22.3507131347656,0
2017,6,24,18,48,24.1566501464844,0
2017,6,24,18,48,25.9623588867188,0
2017,6,24,18,48,27.7683269042969,0
2017,6,24,18,48,29.5744318847656,0
2017,6,24,18,48,31.38021484375,0
2017,6,24,18,48,33.1859470214844,0
2017,6,24,18,48,34.9916811523438,0
2017,6,24,18,48,36.7975910644531,0
2017,6,24,18,48,38.6032768554687,0
2017,6,24,18,48,40.4090249023438,0
2017,6,24,18,48,42.2150090332031,0
2017,6,24,18,48,44.0209780273438,0
2017,6,24,18,48,45.8267399902344,0
2017,6,24,18,48,47.6325939941406,0
2017,6,24,18,48,49.4384890136719,0
2017,6,24,18,48,51.2444760742188,0
2017,6,24,18,48,53.0504350585937,0
2017,6,24,18,48,54.8563781738281,0
2017,6,24,18,48,56.662166015625,0
2017,6,24,18,48,58.4681359863281,0
2017,6,24,18,49,0.27401220703125,0
2017,6,24,18,49,2.07993896484375,0
2017,6,24,18,49,3.88581811523437,0
2017,6,24,18,49,5.69176000976563,0
2017,6,24,18,49,7.49757299804688,0
2017,6,24,18,49,9.30336596679687,0
2017,6,24,18,49,11.1093229980469,0
2017,6,24,18,49,12.9153581542969,0
2017,6,24,18,49,14.7210939941406,0
2017,6,24,18,49,16.5273498535156,0
2017,6,24,18,49,18.3330949707031,0
2017,6,24,18,49,20.1389228515625,0
2017,6,24,18,49,21.9446599121094,0
2017,6,24,18,49,23.750587890625,0
2017,6,24,18,49,25.5564128417969,0
2017,6,24,18,49,27.3622099609375,0
2017,6,24,18,49,29.1681818847656,0
2017,6,24,18,49,30.9738649902344,0
2017,6,24,18,49,32.7796782226563,0
2017,6,24,18,49,34.5854990234375,0
2017,6,24,18,49,36.3913217773437,0
2017,6,24,18,49,38.1970119628906,0
2017,6,24,18,49,40.0029470214844,0
2017,6,24,18,49,41.8086491699219,0
2017,6,24,18,49,43.614625,0
2017,6,24,18,49,45.4204357910156,0
2017,6,24,18,49,47.2263269042969,0
2017,6,24,18,49,49.0322229003906,0
2017,6,24,18,49,50.8379467773438,0
2017,6,24,18,49,52.64391796875,0
2017,6,24,18,49,54.4498430175781,0
2017,6,24,18,49,56.2555251464844,0
2017,6,24,18,49,58.0613110351563,0
2017,6,24,18,49,59.8669899902344,0
2017,6,24,18,50,1.67269311523438,0
2017,6,24,18,50,3.47838403320312,0
2017,6,24,18,50,5.28407495117187,0
2017,6,24,18,50,7.08986206054688,0
2017,6,24,18,50,8.89573999023438,0
2017,6,24,18,50,10.7015209960938,0
2017,6,24,18,50,12.50741796875,0
2017,6,24,18,50,14.3131840820313,0
2017,6,24,18,50,16.1188928222656,0
2017,6,24,18,50,17.9246640625,0
2017,6,24,18,50,19.7305520019531,0
2017,6,24,18,50,21.53624609375,0
2017,6,24,18,50,23.3419599609375,0
2017,6,24,18,50,25.1478000488281,0
2017,6,24,18,50,26.9537661132813,0
2017,6,24,18,50,28.7595361328125,0
2017,6,24,18,50,30.5654470214844,0
2017,6,24,18,50,32.3712329101563,0
2017,6,24,18,50,34.1771408691406,0
2017,6,24,18,50,35.9829760742187,0
2017,6,24,18,50,37.7889890136719,0
2017,6,24,18,50,39.5948969726563,0
2017,6,24,18,50,41.4008100585937,0
2017,6,24,18,50,43.206625,0
2017,6,24,18,50,45.0123979492188,0
2017,6,24,18,50,46.818294921875,0
2017,6,24,18,50,48.6242380371094,0
2017,6,24,18,50,50.430001953125,0
2017,6,24,18,50,52.2356779785156,0
2017,6,24,18,50,54.0415297851562,0
2017,6,24,18,50,55.8472709960937,0
2017,6,24,18,50,57.6530480957031,0
2017,6,24,18,50,59.4590810546875,0
2017,6,24,18,51,1.26464379882812,0
2017,6,24,18,51,3.07047021484375,0
2017,6,24,18,51,4.876162109375,0
2017,6,24,18,51,6.68190600585937,0
2017,6,24,18,51,8.49147192382813,0
2017,6,24,18,51,10.2972590332031,0
2017,6,24,18,51,12.1031330566406,0
2017,6,24,18,51,13.9089240722656,0
2017,6,24,18,51,15.7147470703125,0
2017,6,24,18,51,17.5207109375,0
2017,6,24,18,51,19.326587890625,0
2017,6,24,18,51,21.1324108886719,0
2017,6,24,18,51,22.9382600097656,0
2017,6,24,18,51,24.744208984375,0
2017,6,24,18,51,26.5500539550781,0
2017,6,24,18,51,28.355916015625,0
2017,6,24,18,51,30.1618220214844,0
2017,6,24,18,51,31.9677529296875,0
2017,6,24,18,51,33.773544921875,0
2017,6,24,18,51,35.5793408203125,0
2017,6,24,18,51,37.3852019042969,0
2017,6,24,18,51,39.1909699707031,0
2017,6,24,18,51,40.9968840332031,0
2017,6,24,18,51,42.8028500976562,0
2017,6,24,18,51,44.6085720214844,0
2017,6,24,18,51,46.4142939453125,0
2017,6,24,18,51,48.2200651855469,0
2017,6,24,18,51,50.0258491210937,0
2017,6,24,18,51,51.8319658203125,0
2017,6,24,18,51,53.6379169921875,1
2017,6,24,18,51,55.4438420410156,1
2017,6,24,18,51,57.2497858886719,1
2017,6,24,18,51,59.0556970214844,1
2017,6,24,18,52,0.861468017578125,1
2017,6,24,18,52,2.66727294921875,1
2017,6,24,18,52,4.473037109375,1
2017,6,24,18,52,6.27892993164062,1
2017,6,24,18,52,8.08483911132812,1
2017,6,24,18,52,9.89072119140625,1
2017,6,24,18,52,11.6965151367187,1
2017,6,24,18,52,13.5024580078125,1
2017,6,24,18,52,15.3083439941406,1
2017,6,24,18,52,17.1141091308594,1
2017,6,24,18,52,18.9199250488281,1
2017,6,24,18,52,20.7258811035156,1
2017,6,24,18,52,22.531662109375,1
2017,6,24,18,52,24.3373361816406,1
2017,6,24,18,52,26.1430100097656,1
2017,6,24,18,52,27.9488530273437,1
2017,6,24,18,52,29.7547331542969,1
2017,6,24,18,52,31.5606899414062,1
2017,6,24,18,52,33.3664560546875,1
2017,6,24,18,52,35.1724130859375,1
2017,6,24,18,52,36.9782431640625,1
2017,6,24,18,52,38.7841059570313,1
2017,6,24,18,52,40.5899099121094,1
2017,6,24,18,52,42.3957529296875,1
2017,6,24,18,52,44.2016330566406,1
2017,6,24,18,52,46.0074370117187,1
2017,6,24,18,52,47.8133098144531,1
2017,6,24,18,52,49.6190888671875,1
2017,6,24,18,52,51.4249821777344,1
2017,6,24,18,52,53.2308129882813,1
2017,6,24,18,52,55.0366130371094,1
2017,6,24,18,52,56.8422829589844,1
2017,6,24,18,52,58.6480810546875,1
2017,6,24,18,53,0.454116943359375,1
2017,6,24,18,53,2.26000805664063,1
2017,6,24,18,53,4.06581298828125,1
2017,6,24,18,53,5.871541015625,1
2017,6,24,18,53,7.67746313476562,1
2017,6,24,18,53,9.48318188476562,1
2017,6,24,18,53,11.2889990234375,1
2017,6,24,18,53,13.0947729492188,1
2017,6,24,18,53,14.9007419433594,1
2017,6,24,18,53,16.7064421386719,1
2017,6,24,18,53,18.5122819824219,1
2017,6,24,18,53,20.3180610351563,1
2017,6,24,18,53,22.1240119628906,1
2017,6,24,18,53,23.9297348632813,1
2017,6,24,18,53,25.7355310058594,1
2017,6,24,18,53,27.5412531738281,1
2017,6,24,18,53,29.347201171875,1
2017,6,24,18,53,31.1530629882812,1
2017,6,24,18,53,32.9590390625,1
2017,6,24,18,53,34.7649282226563,1
2017,6,24,18,53,36.57066796875,1
2017,6,24,18,53,38.3765200195312,1
2017,6,24,18,53,40.1824499511719,1
2017,6,24,18,53,41.988416015625,1
2017,6,24,18,53,43.7943840332031,1
2017,6,24,18,53,45.6001450195312,1
2017,6,24,18,53,47.4058420410156,1
2017,6,24,18,53,49.211626953125,1
2017,6,24,18,53,51.0175729980469,1
2017,6,24,18,53,52.8233198242187,1
2017,6,24,18,53,54.6290979003906,1
2017,6,24,18,53,56.4351369628906,1
2017,6,24,18,53,58.2408581542969,1
2017,6,24,18,54,0.04665087890625,1
2017,6,24,18,54,1.85253002929687,1
2017,6,24,18,54,3.65828198242188,1
2017,6,24,18,54,5.46407788085938,1
2017,6,24,18,54,7.26993603515625,1
2017,6,24,18,54,9.07568994140625,1
2017,6,24,18,54,10.8813979492187,1
2017,6,24,18,54,12.687130859375,1
2017,6,24,18,54,14.4933569335938,1
2017,6,24,18,54,16.2990749511719,1
2017,6,24,18,54,18.104875,1
2017,6,24,18,54,19.910837890625,1
2017,6,24,18,54,21.7165771484375,1
2017,6,24,18,54,23.5276040039063,1
2017,6,24,18,54,25.3334790039062,1
2017,6,24,18,54,27.1391669921875,1
2017,6,24,18,54,28.9450568847656,1
2017,6,24,18,54,30.7507390136719,1
2017,6,24,18,54,32.5566740722656,1
2017,6,24,18,54,34.3625690917969,1
2017,6,24,18,54,36.1683308105469,1
2017,6,24,18,54,37.9740810546875,1
2017,6,24,18,54,39.7798518066406,1
2017,6,24,18,54,41.5855910644531,1
2017,6,24,18,54,43.391375,1
2017,6,24,18,54,45.1972019042969,1
2017,6,24,18,54,47.0031430664063,1
2017,6,24,18,54,48.8090888671875,1
2017,6,24,18,54,50.6150041503906,1
2017,6,24,18,54,52.4208610839844,0
2017,6,24,18,54,54.22687890625,1
2017,6,24,18,54,56.0328400878906,1
2017,6,24,18,54,57.8386540527344,1
2017,6,24,18,54,59.6445078125,1
2017,6,24,18,55,1.45022387695313,1
2017,6,24,18,55,3.25601904296875,1
2017,6,24,18,55,5.06175390625,1
2017,6,24,18,55,6.86756982421875,1
2017,6,24,18,55,8.67325,1
2017,6,24,18,55,10.4792080078125,1
2017,6,24,18,55,12.285126953125,1
2017,6,24,18,55,14.0909790039063,1
2017,6,24,18,55,15.8968269042969,1
2017,6,24,18,55,17.7025290527344,1
2017,6,24,18,55,19.5082951660156,1
2017,6,24,18,55,21.3142431640625,1
2017,6,24,18,55,23.1200959472656,1
2017,6,24,18,55,24.925962890625,1
2017,6,24,18,55,26.7316889648438,1
2017,6,24,18,55,28.5392609863281,1
2017,6,24,18,55,30.3451770019531,1
2017,6,24,18,55,32.151076171875,1
2017,6,24,18,55,33.9568837890625,1
2017,6,24,18,55,35.7626381835938,1
2017,6,24,18,55,37.5685849609375,1
2017,6,24,18,55,39.374291015625,1
2017,6,24,18,55,41.1801030273437,1
2017,6,24,18,55,42.9859370117187,1
2017,6,24,18,55,44.7918569335937,1
2017,6,24,18,55,46.5978579101563,1
2017,6,24,18,55,48.4095229492187,1
2017,6,24,18,55,50.2154790039063,1
2017,6,24,18,55,52.0213908691406,1
2017,6,24,18,55,53.8270749511719,1
2017,6,24,18,55,55.6328671875,1
2017,6,24,18,55,57.4386440429687,1
2017,6,24,18,55,59.2443188476563,1
2017,6,24,18,56,1.05014697265625,1
2017,6,24,18,56,2.85592504882813,1
2017,6,24,18,56,4.66171899414062,1
2017,6,24,18,56,6.46756494140625,1
2017,6,24,18,56,8.2733349609375,1
2017,6,24,18,56,10.079046875,1
2017,6,24,18,56,11.8847180175781,1
2017,6,24,18,56,13.6904758300781,1
2017,6,24,18,56,15.4962202148437,1
2017,6,24,18,56,17.3021740722656,1
2017,6,24,18,56,19.107875,1
2017,6,24,18,56,20.9137670898437,1
2017,6,24,18,56,22.719712890625,1
2017,6,24,18,56,24.5254460449219,1
2017,6,24,18,56,26.3313610839844,1
2017,6,24,18,56,28.1373200683594,1
2017,6,24,18,56,29.9432790527344,1
2017,6,24,18,56,31.7490471191406,1
2017,6,24,18,56,33.5549760742188,1
2017,6,24,18,56,35.3607280273437,1
2017,6,24,18,56,37.1666818847656,1
2017,6,24,18,56,38.9724440917969,1
2017,6,24,18,56,40.7783698730469,1
2017,6,24,18,56,42.5842380371094,1
2017,6,24,18,56,44.3901101074219,1
2017,6,24,18,56,46.1958872070312,0
2017,6,24,18,56,48.0017641601562,0
2017,6,24,18,56,49.8075859375,0
2017,6,24,18,56,51.6135261230469,0
2017,6,24,18,56,53.4195200195312,0
2017,6,24,18,56,55.2252800292969,0
2017,6,24,18,56,57.0310739746094,0
2017,6,24,18,56,58.8370170898437,0
2017,6,24,18,57,0.642746826171875,0
2017,6,24,18,57,2.4486611328125,0
2017,6,24,18,57,4.2544228515625,0
2017,6,24,18,57,6.0607490234375,0
2017,6,24,18,57,7.86661279296875,0
2017,6,24,18,57,9.67241088867187,0
2017,6,24,18,57,11.4781259765625,0
2017,6,24,18,57,13.2840629882812,0
2017,6,24,18,57,15.0900710449219,0
2017,6,24,18,57,16.895828125,0
2017,6,24,18,57,18.7016721191406,0
2017,6,24,18,57,20.5076130371094,0
2017,6,24,18,57,22.3135080566406,0
2017,6,24,18,57,24.1192131347656,0
2017,6,24,18,57,25.9250368652344,0
2017,6,24,18,57,27.7310029296875,0
2017,6,24,18,57,29.5368239746094,0
2017,6,24,18,57,31.342669921875,0
2017,6,24,18,57,33.1519250488281,0
2017,6,24,18,57,34.9576369628906,0
2017,6,24,18,57,36.7634360351563,0
2017,6,24,18,57,38.5692299804687,0
2017,6,24,18,57,40.3751989746094,0
2017,6,24,18,57,42.18158203125,0
2017,6,24,18,57,43.9873308105469,0
2017,6,24,18,57,45.7932109375,0
2017,6,24,18,57,47.599080078125,0
2017,6,24,18,57,49.4049301757813,0
2017,6,24,18,57,51.2107299804687,0
2017,6,24,18,57,53.0164858398438,0
2017,6,24,18,57,54.8222590332031,0
2017,6,24,18,57,56.6280290527344,0
2017,6,24,18,57,58.442625,0
2017,6,24,18,58,0.248407958984375,0
2017,6,24,18,58,2.05426782226563,0
2017,6,24,18,58,3.86014892578125,0
2017,6,24,18,58,5.66595190429688,0
2017,6,24,18,58,7.47171215820313,0
2017,6,24,18,58,9.277537109375,0
2017,6,24,18,58,11.0834150390625,0
2017,6,24,18,58,12.889373046875,0
2017,6,24,18,58,14.6952751464844,0
2017,6,24,18,58,16.5012829589844,0
2017,6,24,18,58,18.306998046875,0
2017,6,24,18,58,20.1129328613281,0
2017,6,24,18,58,21.9188349609375,0
2017,6,24,18,58,23.7247600097656,0
2017,6,24,18,58,25.5306889648438,0
2017,6,24,18,58,27.3365339355469,0
2017,6,24,18,58,29.1422351074219,0
2017,6,24,18,58,30.9481010742188,0
2017,6,24,18,58,32.7538081054687,0
2017,6,24,18,58,34.5595168457031,0
2017,6,24,18,58,36.3654731445313,0
2017,6,24,18,58,38.1711899414062,0
2017,6,24,18,58,39.9769270019531,0
2017,6,24,18,58,41.782876953125,0
2017,6,24,18,58,43.5888239746094,0
2017,6,24,18,58,45.394705078125,0
2017,6,24,18,58,47.2005920410156,0
2017,6,24,18,58,49.010291015625,0
2017,6,24,18,58,50.8161760253906,0
2017,6,24,18,58,52.6222341308594,0
2017,6,24,18,58,54.4280568847656,0
2017,6,24,18,58,56.2338991699219,0
2017,6,24,18,58,58.0396818847656,0
2017,6,24,18,58,59.8455588378906,0
2017,6,24,18,59,1.65126293945313,0
2017,6,24,18,59,3.4570888671875,0
2017,6,24,18,59,5.26310620117188,0
2017,6,24,18,59,7.06895483398437,0
2017,6,24,18,59,8.87489306640625,0
2017,6,24,18,59,10.6806159667969,0
2017,6,24,18,59,12.4865500488281,0
2017,6,24,18,59,14.2924968261719,0
2017,6,24,18,59,16.0983449707031,0
2017,6,24,18,59,17.9042390136719,0
2017,6,24,18,59,19.70991796875,0
2017,6,24,18,59,24.8236779785156,0
2017,6,24,18,59,26.6294318847656,0
2017,6,24,18,59,28.4353229980469,0
2017,6,24,18,59,30.2412661132812,0
2017,6,24,18,59,32.0471589355469,0
2017,6,24,18,59,33.8529350585938,0
2017,6,24,18,59,35.6587351074219,0
2017,6,24,18,59,37.4754780273437,0
2017,6,24,18,59,39.2812541503906,0
2017,6,24,18,59,41.0871420898438,0
2017,6,24,18,59,42.8930249023437,0
2017,6,24,18,59,44.6989860839844,0
2017,6,24,18,59,46.5047121582031,0
2017,6,24,18,59,48.3104770507813,1
2017,6,24,18,59,50.1162810058594,1
2017,6,24,18,59,51.922208984375,1
2017,6,24,18,59,53.7280358886719,1
2017,6,24,18,59,55.5340620117188,1
2017,6,24,18,59,57.3398488769531,1
2017,6,24,18,59,59.145828125,1
2017,6,24,19,0,0.951587890625,1
2017,6,24,19,0,2.75745385742187,1
2017,6,24,19,0,4.56331884765625,1
2017,6,24,19,0,6.36926098632812,1
2017,6,24,19,0,8.17505688476563,1
2017,6,24,19,0,9.98080395507812,1
2017,6,24,19,0,11.7865939941406,1
2017,6,24,19,0,13.5923801269531,1
2017,6,24,19,0,15.3981220703125,1
2017,6,24,19,0,17.2038249511719,1
2017,6,24,19,0,19.0124780273438,1
2017,6,24,19,0,20.818333984375,1
2017,6,24,19,0,22.6240109863281,1
2017,6,24,19,0,24.4296850585938,1
2017,6,24,19,0,26.2355310058594,2
2017,6,24,19,0,28.0414741210937,2
2017,6,24,19,0,29.847416015625,2
2017,6,24,19,0,31.6533579101562,2
2017,6,24,19,0,33.4592868652344,2
2017,6,24,19,0,35.2650759277344,2
2017,6,24,19,0,37.0708720703125,2
2017,6,24,19,0,38.8767099609375,2
2017,6,24,19,0,40.6824169921875,2
2017,6,24,19,0,42.4881748046875,2
2017,6,24,19,0,44.2940969238281,2
2017,6,24,19,0,46.0998298339844,2
2017,6,24,19,0,47.9055549316406,2
2017,6,24,19,0,49.7114501953125,2
2017,6,24,19,0,51.517251953125,2
2017,6,24,19,0,53.3231179199219,2
2017,6,24,19,0,55.1289328613281,2
2017,6,24,19,0,56.9347429199219,2
2017,6,24,19,0,58.7405280761719,2
2017,6,24,19,1,0.5476650390625,2
2017,6,24,19,1,2.3575,2
2017,6,24,19,1,4.16336499023438,2
2017,6,24,19,1,5.96922998046875,2
2017,6,24,19,1,7.77507592773437,1
2017,6,24,19,1,9.58101196289062,1
2017,6,24,19,1,11.386708984375,1
2017,6,24,19,1,13.1925881347656,1
2017,6,24,19,1,14.9984399414063,1
2017,6,24,19,1,16.8043461914062,1
2017,6,24,19,1,18.6102109375,1
2017,6,24,19,1,20.4160270996094,1
2017,6,24,19,1,22.2219609375,1
2017,6,24,19,1,24.0279270019531,1
2017,6,24,19,1,25.8337189941406,1
2017,6,24,19,1,27.6396091308594,1
2017,6,24,19,1,29.4453051757813,1
2017,6,24,19,1,31.2511909179687,1
2017,6,24,19,1,33.0569270019531,1
2017,6,24,19,1,34.862662109375,1
2017,6,24,19,1,36.6685148925781,1
2017,6,24,19,1,38.4743879394531,1
2017,6,24,19,1,40.2802170410156,1
2017,6,24,19,1,42.0859479980469,1
2017,6,24,19,1,43.89175,1
2017,6,24,19,1,45.6974831542969,1
2017,6,24,19,1,47.5032160644531,1
2017,6,24,19,1,49.3090769042969,1
2017,6,24,19,1,51.11503515625,1
2017,6,24,19,1,52.9208369140625,1
2017,6,24,19,1,54.7265461425781,1
2017,6,24,19,1,56.532333984375,1
2017,6,24,19,1,58.3382189941406,1
2017,6,24,19,2,0.1439580078125,1
2017,6,24,19,2,1.9499189453125,1
2017,6,24,19,2,3.75572900390625,1
2017,6,24,19,2,5.56168505859375,1
2017,6,24,19,2,7.3675439453125,1
2017,6,24,19,2,9.17344604492187,1
2017,6,24,19,2,10.9793330078125,1
2017,6,24,19,2,12.7852358398438,1
2017,6,24,19,2,14.5910749511719,1
2017,6,24,19,2,16.3969699707031,1
2017,6,24,19,2,18.2027490234375,1
2017,6,24,19,2,20.0088559570313,1
2017,6,24,19,2,21.8145571289063,1
2017,6,24,19,2,23.62025,1
2017,6,24,19,2,25.42599609375,1
2017,6,24,19,2,27.2317768554687,0
2017,6,24,19,2,29.037578125,0
2017,6,24,19,2,30.8434060058594,0
2017,6,24,19,2,32.6492468261719,0
2017,6,24,19,2,34.4549240722656,0
2017,6,24,19,2,36.260626953125,0
2017,6,24,19,2,38.0665590820312,0
2017,6,24,19,2,39.8723508300781,0
2017,6,24,19,2,41.67825,0
2017,6,24,19,2,43.4840649414063,0
2017,6,24,19,2,45.2900021972656,0
2017,6,24,19,2,47.0957939453125,0
2017,6,24,19,2,48.9016831054687,0
2017,6,24,19,2,50.7076198730469,0
2017,6,24,19,2,52.5135559082031,0
2017,6,24,19,2,57.7944230957031,0
2017,6,24,19,2,59.6001811523438,0
2017,6,24,19,3,1.405919921875,0
2017,6,24,19,3,3.21186596679687,0
2017,6,24,19,3,5.01782104492187,0
2017,6,24,19,3,6.82368701171875,0
2017,6,24,19,3,8.6293740234375,0
2017,6,24,19,3,10.4351479492188,0
2017,6,24,19,3,12.2409580078125,0
2017,6,24,19,3,14.0466989746094,0
2017,6,24,19,3,15.852662109375,0
2017,6,24,19,3,17.6583591308594,0
2017,6,24,19,3,19.4640610351562,0
2017,6,24,19,3,21.2699631347656,0
2017,6,24,19,3,23.0758049316406,0
2017,6,24,19,3,24.8815710449219,0
2017,6,24,19,3,26.6872670898438,0
2017,6,24,19,3,28.4929599609375,0
2017,6,24,19,3,30.2986809082031,0
2017,6,24,19,3,32.1045129394531,0
2017,6,24,19,3,33.9103688964844,0
2017,6,24,19,3,35.7162138671875,0
2017,6,24,19,3,37.5221608886719,0
2017,6,24,19,3,39.3281020507812,0
2017,6,24,19,3,41.133876953125,0
2017,6,24,19,3,42.9396650390625,0
2017,6,24,19,3,44.7454008789063,0
2017,6,24,19,3,46.5511459960938,0
2017,6,24,19,3,48.3571000976563,0
2017,6,24,19,3,50.1627758789063,0
2017,6,24,19,3,51.9684870605469,0
2017,6,24,19,3,53.7743698730469,0
2017,6,24,19,3,55.5801689453125,0
2017,6,24,19,3,57.3858969726562,0
2017,6,24,19,3,59.1919702148437,0
2017,6,24,19,4,0.997781005859375,0
2017,6,24,19,4,2.80372509765625,0
2017,6,24,19,4,4.60952221679687,0
2017,6,24,19,4,6.41526513671875,0
2017,6,24,19,4,8.2210439453125,0
2017,6,24,19,4,10.0268669433594,0
2017,6,24,19,4,11.8327880859375,0
2017,6,24,19,4,13.6387419433594,0
2017,6,24,19,4,15.4445568847656,0
2017,6,24,19,4,17.250376953125,0
2017,6,24,19,4,19.056294921875,0
2017,6,24,19,4,20.8621889648437,0
2017,6,24,19,4,22.6679638671875,0
2017,6,24,19,4,24.47362890625,0
2017,6,24,19,4,26.2795961914062,0
2017,6,24,19,4,28.0853291015625,0
2017,6,24,19,4,29.8910261230469,0
2017,6,24,19,4,31.6968869628906,0
2017,6,24,19,4,33.502576171875,0
2017,6,24,19,4,35.3085310058594,0
2017,6,24,19,4,37.1142421875,0
2017,6,24,19,4,38.9199299316406,0
2017,6,24,19,4,40.7257299804687,0
2017,6,24,19,4,42.5316010742187,0
2017,6,24,19,4,44.3374899902344,0
2017,6,24,19,4,46.1434770507813,0
2017,6,24,19,4,47.9492390136719,0
2017,6,24,19,4,49.7549489746094,0
2017,6,24,19,4,51.5606931152344,0
2017,6,24,19,4,53.3666127929688,0
2017,6,24,19,4,55.1723520507812,0
2017,6,24,19,4,56.9782819824219,0
2017,6,24,19,4,58.7855671386719,0
2017,6,24,19,5,0.591376953125,0
2017,6,24,19,5,2.39707495117187,0
2017,6,24,19,5,4.20296411132813,0
2017,6,24,19,5,6.00885107421875,0
2017,6,24,19,5,7.81473706054688,0
2017,6,24,19,5,9.62069189453125,0
2017,6,24,19,5,11.4265180664062,0
2017,6,24,19,5,13.232296875,0
2017,6,24,19,5,15.038248046875,0
2017,6,24,19,5,16.8442160644531,0
2017,6,24,19,5,18.6499680175781,0
2017,6,24,19,5,20.4557709960938,0
2017,6,24,19,5,22.2616428222656,0
2017,6,24,19,5,24.067326171875,0
2017,6,24,19,5,25.8732531738281,0
2017,6,24,19,5,27.6789880371094,0
2017,6,24,19,5,29.4848869628906,0
2017,6,24,19,5,31.2906240234375,0
2017,6,24,19,5,33.0965012207031,0
2017,6,24,19,5,34.9022419433594,0
2017,6,24,19,5,36.7081657714844,0
2017,6,24,19,5,38.5138491210937,0
2017,6,24,19,5,40.31957421875,0
2017,6,24,19,5,42.1255231933594,0
2017,6,24,19,5,43.9314829101562,0
2017,6,24,19,5,45.7373630371094,0
2017,6,24,19,5,47.5430668945313,0
2017,6,24,19,5,49.3487680664063,0
2017,6,24,19,5,51.1548330078125,0
2017,6,24,19,5,52.96054296875,0
2017,6,24,19,5,54.7663110351562,0
2017,6,24,19,5,56.5720888671875,0
2017,6,24,19,5,58.377833984375,0
2017,6,24,19,6,0.18364306640625,0
2017,6,24,19,6,1.98943994140625,0
2017,6,24,19,6,3.79533203125,0
2017,6,24,19,6,5.6011591796875,0
2017,6,24,19,6,7.407125,0
2017,6,24,19,6,9.21284692382813,0
2017,6,24,19,6,11.0188039550781,0
2017,6,24,19,6,12.8246340332031,0
2017,6,24,19,6,14.6304519042969,0
2017,6,24,19,6,16.4364250488281,0
2017,6,24,19,6,18.2421750488281,0
2017,6,24,19,6,20.0480739746094,0
2017,6,24,19,6,21.8539331054688,0
2017,6,24,19,6,23.6678059082031,0
2017,6,24,19,6,25.4737570800781,0
2017,6,24,19,6,27.2795998535156,0
2017,6,24,19,6,29.0853510742187,0
2017,6,24,19,6,30.891294921875,0
2017,6,24,19,6,32.6972009277344,0
2017,6,24,19,6,34.5029951171875,0
2017,6,24,19,6,36.3089421386719,0
2017,6,24,19,6,38.1147001953125,0
2017,6,24,19,6,39.920630859375,0
2017,6,24,19,6,41.7266081542969,0
2017,6,24,19,6,43.5324321289063,0
2017,6,24,19,6,45.3381149902344,0
2017,6,24,19,6,47.1438330078125,0
2017,6,24,19,6,48.9496201171875,0
2017,6,24,19,6,50.7554050292969,0
2017,6,24,19,6,52.5615,0
2017,6,24,19,6,54.3671579589844,0
2017,6,24,19,6,56.1729299316406,0
2017,6,24,19,6,57.9786860351563,0
2017,6,24,19,6,59.7845129394531,0
2017,6,24,19,7,1.59038403320312,0
2017,6,24,19,7,3.3960791015625,0
2017,6,24,19,7,5.20200903320313,0
2017,6,24,19,7,7.00794604492187,0
2017,6,24,19,7,8.81366796875,0
2017,6,24,19,7,10.6193481445312,0
2017,6,24,19,7,12.4253071289062,0
2017,6,24,19,7,14.2311689453125,0
2017,6,24,19,7,16.0369619140625,0
2017,6,24,19,7,17.8426059570312,0
2017,6,24,19,7,19.6483901367187,0
2017,6,24,19,7,21.4540720214844,0
2017,6,24,19,7,23.2598000488281,0
2017,6,24,19,7,25.0655678710938,0
2017,6,24,19,7,26.8715209960938,0
2017,6,24,19,7,28.6774399414062,0
2017,6,24,19,7,30.4832309570312,0
2017,6,24,19,7,32.2891469726562,0
2017,6,24,19,7,34.0948439941406,0
2017,6,24,19,7,35.9006828613281,0
2017,6,24,19,7,37.7063588867188,0
2017,6,24,19,7,39.5121000976563,0
2017,6,24,19,7,41.3181008300781,0
2017,6,24,19,7,43.1240080566406,0
2017,6,24,19,7,44.9297758789062,0
2017,6,24,19,7,46.7357229003906,0
2017,6,24,19,7,48.5499411621094,0
2017,6,24,19,7,50.3558701171875,1
2017,6,24,19,7,52.1616311035156,1
2017,6,24,19,7,53.9674780273438,1
2017,6,24,19,7,55.773212890625,1
2017,6,24,19,7,57.5789509277344,1
2017,6,24,19,7,59.3848869628906,1
2017,6,24,19,8,1.19080712890625,1
2017,6,24,19,8,2.99678100585938,1
2017,6,24,19,8,4.80253515625,1
2017,6,24,19,8,6.60864794921875,1
2017,6,24,19,8,8.4143759765625,1
2017,6,24,19,8,10.2203400878906,1
2017,6,24,19,8,12.026287109375,1
2017,6,24,19,8,13.8321359863281,1
2017,6,24,19,8,15.6381472167969,1
2017,6,24,19,8,17.4439111328125,1
2017,6,24,19,8,19.2498591308594,1
2017,6,24,19,8,21.0555671386719,1
2017,6,24,19,8,22.8615241699219,1
2017,6,24,19,8,24.6673310546875,1
2017,6,24,19,8,26.4731218261719,1
2017,6,24,19,8,28.2791960449219,1
2017,6,24,19,8,30.0848898925781,1
2017,6,24,19,8,31.89066796875,1
2017,6,24,19,8,33.6964299316406,1
2017,6,24,19,8,35.5022690429687,1
2017,6,24,19,8,37.3079470214844,1
2017,6,24,19,8,39.11383203125,1
2017,6,24,19,8,40.91966796875,1
2017,6,24,19,8,42.7253588867188,1
2017,6,24,19,8,44.5311279296875,2
2017,6,24,19,8,46.3368740234375,2
2017,6,24,19,8,48.1426149902344,2
2017,6,24,19,8,49.9483420410156,2
2017,6,24,19,8,51.754033203125,2
2017,6,24,19,8,53.5616428222656,2
2017,6,24,19,8,55.3675397949219,2
2017,6,24,19,8,57.1732939453125,2
2017,6,24,19,8,58.9792939453125,1
2017,6,24,19,9,0.785080810546875,1
2017,6,24,19,9,2.59097290039062,1
2017,6,24,19,9,4.3966669921875,1
2017,6,24,19,9,6.20238403320313,1
2017,6,24,19,9,8.0080791015625,1
2017,6,24,19,9,9.81397900390625,1
2017,6,24,19,9,11.6200490722656,1
2017,6,24,19,9,13.4259299316406,1
2017,6,24,19,9,15.2316091308594,1
2017,6,24,19,9,17.0373981933594,1
2017,6,24,19,9,18.8431169433594,1
2017,6,24,19,9,20.6489748535156,1
2017,6,24,19,9,22.4548540039062,1
2017,6,24,19,9,24.2606030273437,1
2017,6,24,19,9,26.0665239257813,1
2017,6,24,19,9,27.8723850097656,1
2017,6,24,19,9,29.6782219238281,1
2017,6,24,19,9,31.4841330566406,1
2017,6,24,19,9,33.2899270019531,1
2017,6,24,19,9,35.095791015625,1
2017,6,24,19,9,36.9016530761719,1
2017,6,24,19,9,38.7073317871094,1
2017,6,24,19,9,40.5130678710938,1
2017,6,24,19,9,42.3189721679688,1
2017,6,24,19,9,44.1249348144531,1
2017,6,24,19,9,45.93075,1
2017,6,24,19,9,47.7364299316406,1
2017,6,24,19,9,49.5422648925781,1
2017,6,24,19,9,51.3479841308594,1
2017,6,24,19,9,53.1539069824219,1
2017,6,24,19,9,54.9598669433594,1
2017,6,24,19,9,56.7656318359375,1
2017,6,24,19,9,58.5714321289063,1
2017,6,24,19,10,0.377340087890625,1
2017,6,24,19,10,2.1832890625,0
2017,6,24,19,10,3.98914184570312,0
2017,6,24,19,10,5.79497094726563,0
2017,6,24,19,10,7.60065112304687,0
2017,6,24,19,10,9.40648608398437,0
2017,6,24,19,10,11.2122058105469,0
2017,6,24,19,10,13.0178969726562,0
2017,6,24,19,10,14.8236320800781,0
2017,6,24,19,10,16.6294309082031,0
2017,6,24,19,10,18.4351179199219,0
2017,6,24,19,10,20.24083984375,0
2017,6,24,19,10,22.0468020019531,0
2017,6,24,19,10,23.8527250976563,0
2017,6,24,19,10,25.6586730957031,0
2017,6,24,19,10,27.4644201660156,0
2017,6,24,19,10,29.270166015625,0
2017,6,24,19,10,31.0760559082031,0
2017,6,24,19,10,32.8819138183594,0
2017,6,24,19,10,34.6878439941406,0
2017,6,24,19,10,36.4937109375,0
2017,6,24,19,10,38.2995810546875,0
2017,6,24,19,10,40.1054670410156,0
2017,6,24,19,10,41.9113100585937,0
2017,6,24,19,10,43.7170620117188,0
2017,6,24,19,10,45.5229340820312,0
2017,6,24,19,10,47.328794921875,0
2017,6,24,19,10,49.1345749511719,0
2017,6,24,19,10,50.9403950195313,0
2017,6,24,19,10,52.7461760253906,0
2017,6,24,19,10,54.5519270019531,0
2017,6,24,19,10,56.3578811035156,0
2017,6,24,19,10,58.163837890625,0
2017,6,24,19,10,59.9696440429688,0
2017,6,24,19,11,1.77542993164063,0
2017,6,24,19,11,3.58435009765625,0
2017,6,24,19,11,8.11139404296875,0
2017,6,24,19,11,9.91729223632812,0
2017,6,24,19,11,11.7230949707031,0
2017,6,24,19,11,13.529048828125,0
2017,6,24,19,11,15.3349990234375,0
2017,6,24,19,11,17.1407880859375,0
2017,6,24,19,11,18.9465041503906,0
2017,6,24,19,11,20.754998046875,0
2017,6,24,19,11,22.5609450683594,0
2017,6,24,19,11,24.3668979492187,0
2017,6,24,19,11,26.1726770019531,0
2017,6,24,19,11,27.9786340332031,0
2017,6,24,19,11,29.7843178710938,0
2017,6,24,19,11,31.590125,0
2017,6,24,19,11,33.3958481445313,0
2017,6,24,19,11,35.2016669921875,0
2017,6,24,19,11,37.0074301757813,0
2017,6,24,19,11,38.8133430175781,0
2017,6,24,19,11,40.6191967773438,0
2017,6,24,19,11,42.4251589355469,0
2017,6,24,19,11,44.2310778808594,0
2017,6,24,19,11,46.0370319824219,0
2017,6,24,19,11,47.8427260742188,0
2017,6,24,19,11,49.6484128417969,0
2017,6,24,19,11,51.4544448242187,0
2017,6,24,19,11,53.2602609863281,0
2017,6,24,19,11,55.0662250976563,0
2017,6,24,19,11,56.8719670410156,0
2017,6,24,19,11,58.6777670898437,0
2017,6,24,19,12,0.48385302734375,0
2017,6,24,19,12,2.28957885742187,0
2017,6,24,19,12,4.09548803710937,0
2017,6,24,19,12,5.901375,0
2017,6,24,19,12,7.70724389648437,0
2017,6,24,19,12,9.51297680664062,0
2017,6,24,19,12,11.3187160644531,0
2017,6,24,19,12,13.1247280273437,0
2017,6,24,19,12,14.9304357910156,0
2017,6,24,19,12,16.7362639160156,0
2017,6,24,19,12,18.5419467773437,0
2017,6,24,19,12,20.3563229980469,0
2017,6,24,19,12,22.1621088867188,0
2017,6,24,19,12,23.9678471679687,0
2017,6,24,19,12,25.7737209472656,0
2017,6,24,19,12,27.5795368652344,0
2017,6,24,19,12,29.3854301757812,0
2017,6,24,19,12,31.1911179199219,0
2017,6,24,19,12,32.9969848632812,0
2017,6,24,19,12,34.8028627929688,0
2017,6,24,19,12,36.6085329589844,0
2017,6,24,19,12,38.4144230957031,0
2017,6,24,19,12,40.2202270507812,1
2017,6,24,19,12,42.0260998535156,1
2017,6,24,19,12,43.8317780761719,1
2017,6,24,19,12,45.6376240234375,1
2017,6,24,19,12,47.4433569335937,1
2017,6,24,19,12,49.2490610351563,1
2017,6,24,19,12,51.05508203125,1
2017,6,24,19,12,52.8609030761719,1
2017,6,24,19,12,54.6666750488281,1
2017,6,24,19,12,56.472421875,1
2017,6,24,19,12,58.2783220214844,1
2017,6,24,19,13,0.084096923828125,2
2017,6,24,19,13,1.889873046875,2
2017,6,24,19,13,3.696626953125,2
2017,6,24,19,13,5.50243408203125,2
2017,6,24,19,13,7.30826220703125,2
2017,6,24,19,13,9.11411401367188,2
2017,6,24,19,13,10.9199309082031,2
2017,6,24,19,13,12.725994140625,2
2017,6,24,19,13,14.5318540039063,2
2017,6,24,19,13,16.3377099609375,2
2017,6,24,19,13,18.1435270996094,2
2017,6,24,19,13,19.9494260253906,2
2017,6,24,19,13,21.7552138671875,2
2017,6,24,19,13,23.5609829101562,2
2017,6,24,19,13,25.3667131347656,2
2017,6,24,19,13,27.1724702148437,2
2017,6,24,19,13,28.9783078613281,2
2017,6,24,19,13,30.7840400390625,2
2017,6,24,19,13,32.5899079589844,2
2017,6,24,19,13,34.3957509765625,2
2017,6,24,19,13,36.2014379882812,2
2017,6,24,19,13,38.0074040527344,2
2017,6,24,19,13,39.8130830078125,2
2017,6,24,19,13,41.6188549804687,2
2017,6,24,19,13,43.4245551757813,2
2017,6,24,19,13,45.230369140625,2
2017,6,24,19,13,47.0363510742188,2
2017,6,24,19,13,48.8421398925781,2
2017,6,24,19,13,50.6478391113281,2
2017,6,24,19,13,52.4537700195312,2
2017,6,24,19,13,54.2597290039063,2
2017,6,24,19,13,56.0655361328125,2
2017,6,24,19,13,57.8713859863281,2
2017,6,24,19,13,59.6774331054688,2
2017,6,24,19,14,1.48339208984375,2
2017,6,24,19,14,3.28924194335938,2
2017,6,24,19,14,5.09512817382813,2
2017,6,24,19,14,6.90084790039062,2
2017,6,24,19,14,8.70690112304687,0
2017,6,24,19,14,10.5126330566406,0
2017,6,24,19,14,12.3185629882813,0
2017,6,24,19,14,14.1242600097656,0
2017,6,24,19,14,15.9301020507812,0
2017,6,24,19,14,17.7359509277344,0
2017,6,24,19,14,19.5418540039062,0
2017,6,24,19,14,21.3476008300781,0
2017,6,24,19,14,23.1534150390625,0
2017,6,24,19,14,24.9592709960937,0
2017,6,24,19,14,26.7650759277344,0
2017,6,24,19,14,28.57100390625,0
2017,6,24,19,14,30.3768779296875,0
2017,6,24,19,14,32.1826479492187,0
2017,6,24,19,14,33.9884008789062,0
2017,6,24,19,14,35.7942170410156,0
2017,6,24,19,14,37.5999770507812,0
2017,6,24,19,14,39.405826171875,0
2017,6,24,19,14,41.2115979003906,0
2017,6,24,19,14,43.0173740234375,0
2017,6,24,19,14,44.8298029785156,0
2017,6,24,19,14,46.6355659179687,0
2017,6,24,19,14,48.4413439941406,0
2017,6,24,19,14,50.2471489257812,0
2017,6,24,19,14,52.0528928222656,0
2017,6,24,19,14,53.8587770996094,0
2017,6,24,19,14,55.6644479980469,0
2017,6,24,19,14,57.4703100585938,0
2017,6,24,19,14,59.2762770996094,0
2017,6,24,19,15,1.08219921875,0
2017,6,24,19,15,2.887953125,0
2017,6,24,19,15,4.69381396484375,0
2017,6,24,19,15,6.49955102539063,0
2017,6,24,19,15,8.30543310546875,0
2017,6,24,19,15,10.1111791992187,0
2017,6,24,19,15,11.9168610839844,0
2017,6,24,19,15,13.7227021484375,0
2017,6,24,19,15,15.5287099609375,0
2017,6,24,19,15,17.3343269042969,0
2017,6,24,19,15,19.1400908203125,0
2017,6,24,19,15,20.9458740234375,0
2017,6,24,19,15,22.7518352050781,0
2017,6,24,19,15,24.5576611328125,0
2017,6,24,19,15,26.3635991210937,0
2017,6,24,19,15,28.1693461914063,0
2017,6,24,19,15,29.9750520019531,0
2017,6,24,19,15,31.7808461914063,0
2017,6,24,19,15,33.5865339355469,0
2017,6,24,19,15,35.4011892089844,0
2017,6,24,19,15,37.2070478515625,0
2017,6,24,19,15,39.0188488769531,0
2017,6,24,19,15,40.8245690917969,0
2017,6,24,19,15,42.6303142089844,0
2017,6,24,19,15,44.4360109863281,0
2017,6,24,19,15,46.24191796875,0
2017,6,24,19,15,48.0477729492188,0
2017,6,24,19,15,49.853501953125,0
2017,6,24,19,15,51.6592021484375,0
2017,6,24,19,15,53.4650180664063,0
2017,6,24,19,15,55.2709880371094,0
2017,6,24,19,15,57.076828125,0
2017,6,24,19,15,58.8826120605469,0
2017,6,24,19,16,0.6883798828125,0
2017,6,24,19,16,2.49405004882813,0
2017,6,24,19,16,4.30009790039063,0
2017,6,24,19,16,6.10578979492187,0
2017,6,24,19,16,7.91173901367188,0
2017,6,24,19,16,9.71759790039063,0
2017,6,24,19,16,11.5232729492188,0
2017,6,24,19,16,13.329130859375,0
2017,6,24,19,16,15.1348759765625,0
2017,6,24,19,16,16.9408071289063,0
2017,6,24,19,16,18.7523168945313,0
2017,6,24,19,16,20.5581469726562,0
2017,6,24,19,16,22.3640681152344,0
2017,6,24,19,16,24.1699890136719,0
2017,6,24,19,16,25.9757309570312,0
2017,6,24,19,16,27.7814560546875,0
2017,6,24,19,16,29.5873940429688,0
2017,6,24,19,16,31.3932131347656,0
2017,6,24,19,16,33.1989099121094,0
2017,6,24,19,16,35.0046437988281,0
2017,6,24,19,16,36.8107021484375,0
2017,6,24,19,16,38.6164899902344,0
2017,6,24,19,16,40.4223139648438,0
2017,6,24,19,16,42.2279848632813,0
2017,6,24,19,16,44.0338088378906,0
2017,6,24,19,16,45.8396120605469,0
2017,6,24,19,16,47.6454211425781,0
2017,6,24,19,16,49.4514301757812,0
2017,6,24,19,16,51.2573259277344,0
2017,6,24,19,16,53.0630168457031,0
2017,6,24,19,16,54.868962890625,0
2017,6,24,19,16,56.6749050292969,0
2017,6,24,19,16,58.4806049804687,0
2017,6,24,19,17,0.28647705078125,0
2017,6,24,19,17,2.0923310546875,0
2017,6,24,19,17,3.89822998046875,0
2017,6,24,19,17,5.70393994140625,0
2017,6,24,19,17,7.50977905273438,0
2017,6,24,19,17,9.31548901367188,0
2017,6,24,19,17,11.1213889160156,0
2017,6,24,19,17,12.9273427734375,0
2017,6,24,19,17,14.7330578613281,0
2017,6,24,19,17,16.5389580078125,0
2017,6,24,19,17,18.3448569335937,0
2017,6,24,19,17,20.1506120605469,0
2017,6,24,19,17,21.9563200683594,2
2017,6,24,19,17,23.7622849121094,2
2017,6,24,19,17,25.5681491699219,2
2017,6,24,19,17,27.3740539550781,2
2017,6,24,19,17,29.1798310546875,2
2017,6,24,19,17,30.9856589355469,2
2017,6,24,19,17,32.7914250488281,2
2017,6,24,19,17,34.5973251953125,2
2017,6,24,19,17,36.4030009765625,2
2017,6,24,19,17,38.2088068847656,2
2017,6,24,19,17,40.0146479492187,2
2017,6,24,19,17,41.8205710449219,2
2017,6,24,19,17,43.6362700195313,2
2017,6,24,19,17,45.4420810546875,2
2017,6,24,19,17,47.2478891601562,2
2017,6,24,19,17,49.0537390136719,2
2017,6,24,19,17,50.8594489746094,2
2017,6,24,19,17,52.66516796875,2
2017,6,24,19,17,54.4710219726563,2
2017,6,24,19,17,56.2768869628906,2
2017,6,24,19,17,58.0825979003906,2
2017,6,24,19,17,59.8885068359375,2
2017,6,24,19,18,1.69453002929688,2
2017,6,24,19,18,3.5002900390625,2
2017,6,24,19,18,5.3061640625,2
2017,6,24,19,18,7.11190380859375,2
2017,6,24,19,18,8.91766088867188,2
2017,6,24,19,18,10.7235798339844,2
2017,6,24,19,18,12.52937109375,2
2017,6,24,19,18,14.3353850097656,2
2017,6,24,19,18,16.1412360839844,2
2017,6,24,19,18,17.9469458007813,2
2017,6,24,19,18,19.752830078125,2
2017,6,24,19,18,21.5586240234375,2
2017,6,24,19,18,23.3644560546875,2
2017,6,24,19,18,25.1704099121094,2
2017,6,24,19,18,26.9764321289063,2
2017,6,24,19,18,28.7822280273437,2
2017,6,24,19,18,30.5881701660156,2
2017,6,24,19,18,32.3938840332031,1
2017,6,24,19,18,34.1995698242187,1
2017,6,24,19,18,36.0055439453125,1
2017,6,24,19,18,37.8113410644531,1
2017,6,24,19,18,39.6171928710937,1
2017,6,24,19,18,41.4231159667969,1
2017,6,24,19,18,43.2289699707031,1
2017,6,24,19,18,45.0348620605469,1
2017,6,24,19,18,46.8407768554687,1
2017,6,24,19,18,48.6465319824219,1
2017,6,24,19,18,50.4524079589844,1
2017,6,24,19,18,52.2581279296875,1
2017,6,24,19,18,54.0639299316406,1
2017,6,24,19,18,55.86987890625,1
2017,6,24,19,18,57.6758161621094,1
2017,6,24,19,18,59.4816779785156,1
2017,6,24,19,19,1.28763208007812,1
2017,6,24,19,19,3.0933798828125,1
2017,6,24,19,19,4.89913012695312,1
2017,6,24,19,19,6.70483081054688,1
2017,6,24,19,19,8.51810400390625,1
2017,6,24,19,19,10.3239790039062,1
2017,6,24,19,19,12.1297048339844,1
2017,6,24,19,19,13.9355380859375,1
2017,6,24,19,19,15.7412839355469,1
2017,6,24,19,19,17.5470581054688,1
2017,6,24,19,19,19.3529912109375,1
2017,6,24,19,19,21.1588608398438,1
2017,6,24,19,19,22.9645869140625,1
2017,6,24,19,19,24.7705581054688,1
2017,6,24,19,19,26.5763010253906,1
2017,6,24,19,19,28.3822661132813,1
2017,6,24,19,19,30.1882180175781,1
2017,6,24,19,19,31.99407421875,1
2017,6,24,19,19,33.7997819824219,1
2017,6,24,19,19,35.6055788574219,1
2017,6,24,19,19,37.4112590332031,1
2017,6,24,19,19,39.2171870117187,1
2017,6,24,19,19,41.0229499511719,1
2017,6,24,19,19,42.8286750488281,0
2017,6,24,19,19,44.6343901367187,0
2017,6,24,19,19,46.4402001953125,0
2017,6,24,19,19,48.2460920410156,0
2017,6,24,19,19,50.0520141601562,0
2017,6,24,19,19,51.857994140625,0
2017,6,24,19,19,53.6637858886719,0
2017,6,24,19,19,55.4695280761719,0
2017,6,24,19,19,57.2754819335938,0
2017,6,24,19,19,59.0811901855469,0
2017,6,24,19,20,0.88706298828125,0
2017,6,24,19,20,2.69290405273438,0
2017,6,24,19,20,4.49865502929688,0
2017,6,24,19,20,6.30451708984375,0
2017,6,24,19,20,8.1102568359375,0
2017,6,24,19,20,9.91607495117188,0
2017,6,24,19,20,11.7217829589844,0
2017,6,24,19,20,13.5276760253906,0
2017,6,24,19,20,15.3335170898438,0
2017,6,24,19,20,17.1394719238281,0
2017,6,24,19,20,18.9451479492188,0
2017,6,24,19,20,20.750962890625,0
2017,6,24,19,20,22.5568798828125,0
2017,6,24,19,20,24.362787109375,0
2017,6,24,19,20,26.1687390136719,0
2017,6,24,19,20,27.974634765625,0
2017,6,24,19,20,29.7805021972656,0
2017,6,24,19,20,31.5863349609375,0
2017,6,24,19,20,33.4000639648438,0
2017,6,24,19,20,35.2057741699219,0
2017,6,24,19,20,39.1052919921875,0
2017,6,24,19,20,40.9112238769531,0
2017,6,24,19,20,42.7172219238281,0
2017,6,24,19,20,44.5231030273438,0
2017,6,24,19,20,46.3289890136719,0
2017,6,24,19,20,48.1346809082031,0
2017,6,24,19,20,49.9406220703125,0
2017,6,24,19,20,51.7463659667969,0
2017,6,24,19,20,53.5523020019531,0
2017,6,24,19,20,55.3581059570312,0
2017,6,24,19,20,57.163837890625,0
2017,6,24,19,20,58.969544921875,0
2017,6,24,19,21,0.775376953125,0
2017,6,24,19,21,2.58148193359375,0
2017,6,24,19,21,4.38738696289063,0
2017,6,24,19,21,6.19311499023437,0
2017,6,24,19,21,7.99908984375,0
2017,6,24,19,21,9.80494506835938,0
2017,6,24,19,21,11.6109169921875,0
2017,6,24,19,21,13.4165808105469,0
2017,6,24,19,21,15.2222951660156,0
2017,6,24,19,21,17.0280239257812,0
2017,6,24,19,21,18.8338310546875,0
2017,6,24,19,21,20.6404289550781,0
2017,6,24,19,21,22.4462631835938,1
2017,6,24,19,21,24.2521401367188,1
2017,6,24,19,21,26.0579489746094,2
2017,6,24,19,21,27.8639289550781,2
2017,6,24,19,21,29.6699309082031,2
2017,6,24,19,21,31.4757680664062,2
2017,6,24,19,21,33.2817338867187,2
2017,6,24,19,21,35.0875339355469,2
2017,6,24,19,21,36.8932749023437,2
2017,6,24,19,21,38.6989870605469,2
2017,6,24,19,21,40.5046948242188,1
2017,6,24,19,21,42.3104819335937,0
2017,6,24,19,21,44.11628515625,0
2017,6,24,19,21,45.9222368164062,0
2017,6,24,19,21,47.7281201171875,0
2017,6,24,19,21,49.533921875,0
2017,6,24,19,21,51.3397619628906,0
2017,6,24,19,21,53.1456857910156,0
2017,6,24,19,21,54.9515229492187,0
2017,6,24,19,21,56.7572319335938,0
2017,6,24,19,21,58.5631789550781,0
2017,6,24,19,22,0.368993896484375,0
2017,6,24,19,22,2.17477807617187,0
2017,6,24,19,22,3.98068090820313,0
2017,6,24,19,22,5.786580078125,0
2017,6,24,19,22,7.59237182617187,0
2017,6,24,19,22,9.398125,0
2017,6,24,19,22,11.2040119628906,0
2017,6,24,19,22,13.0097009277344,0
2017,6,24,19,22,14.8154440917969,0
2017,6,24,19,22,16.6215119628906,0
2017,6,24,19,22,18.4274631347656,0
2017,6,24,19,22,20.233333984375,0
2017,6,24,19,22,22.0390178222656,0
2017,6,24,19,22,23.84495703125,0
2017,6,24,19,22,25.6506928710937,0
2017,6,24,19,22,27.4564431152344,0
2017,6,24,19,22,29.2622170410156,0
2017,6,24,19,22,31.06800390625,0
2017,6,24,19,22,32.8739460449219,0
2017,6,24,19,22,34.6798920898437,0
2017,6,24,19,22,36.4856091308594,0
2017,6,24,19,22,38.2914909667969,0
2017,6,24,19,22,40.0971301269531,0
2017,6,24,19,22,41.9029860839844,0
2017,6,24,19,22,43.7087531738281,0
2017,6,24,19,22,45.5146311035156,0
2017,6,24,19,22,47.3204470214844,0
2017,6,24,19,22,49.1263161621094,0
2017,6,24,19,22,50.93233203125,0
2017,6,24,19,22,52.7381870117188,0
2017,6,24,19,22,54.5441359863281,0
2017,6,24,19,22,56.3500690917969,0
2017,6,24,19,22,58.1558698730469,0
2017,6,24,19,22,59.9619519042969,0
2017,6,24,19,23,1.76775903320312,0
2017,6,24,19,23,3.5734580078125,0
2017,6,24,19,23,5.379291015625,0
2017,6,24,19,23,7.1852041015625,0
2017,6,24,19,23,8.99103198242187,0
2017,6,24,19,23,10.79679296875,0
2017,6,24,19,23,12.6028940429687,0
2017,6,24,19,23,14.4086879882812,0
2017,6,24,19,23,16.2145849609375,0
2017,6,24,19,23,18.0203969726563,0
2017,6,24,19,23,19.8262570800781,0
2017,6,24,19,23,21.632087890625,0
2017,6,24,19,23,23.4377670898437,0
2017,6,24,19,23,25.2435729980469,0
2017,6,24,19,23,27.0493779296875,0
2017,6,24,19,23,28.8553059082031,0
2017,6,24,19,23,30.6611831054688,0
2017,6,24,19,23,32.4670661621094,0
2017,6,24,19,23,34.2753190917969,0
2017,6,24,19,23,36.0811838378906,0
2017,6,24,19,23,37.8871240234375,0
2017,6,24,19,23,39.6930720214844,0
2017,6,24,19,23,41.4988969726562,0
2017,6,24,19,23,43.3046979980469,0
2017,6,24,19,23,45.1104851074219,0
2017,6,24,19,23,46.9161689453125,0
2017,6,24,19,23,48.7219870605469,0
2017,6,24,19,23,50.5277541503906,0
2017,6,24,19,23,52.3343999023437,0
2017,6,24,19,23,54.1401018066406,0
2017,6,24,19,23,55.946037109375,0
2017,6,24,19,23,57.7519350585938,0
2017,6,24,19,23,59.5577941894531,0
2017,6,24,19,24,1.36364599609375,0
2017,6,24,19,24,3.16940405273438,0
2017,6,24,19,24,4.97534790039063,0
2017,6,24,19,24,6.78102197265625,0
2017,6,24,19,24,8.586908203125,0
2017,6,24,19,24,10.3928471679687,0
2017,6,24,19,24,12.1987951660156,0
2017,6,24,19,24,14.0127758789063,0
2017,6,24,19,24,15.8184831542969,0
2017,6,24,19,24,17.6244470214844,0
2017,6,24,19,24,19.4303588867188,0
2017,6,24,19,24,21.2360959472656,0
2017,6,24,19,24,23.0418349609375,0
2017,6,24,19,24,24.8475871582031,0
2017,6,24,19,24,26.6534069824219,0
2017,6,24,19,24,28.4591328125,0
2017,6,24,19,24,30.2649641113281,0
2017,6,24,19,24,32.0708740234375,0
2017,6,24,19,24,33.876701171875,0
2017,6,24,19,24,35.6825710449219,0
2017,6,24,19,24,37.4883068847656,0
2017,6,24,19,24,39.2941979980469,0
2017,6,24,19,24,41.1000048828125,0
2017,6,24,19,24,42.9057067871094,0
2017,6,24,19,24,44.7116560058594,0
2017,6,24,19,24,46.5174699707031,0
2017,6,24,19,24,48.3232590332031,0
2017,6,24,19,24,50.1289450683594,0
2017,6,24,19,24,51.9347751464844,0
2017,6,24,19,24,53.7405952148438,0
2017,6,24,19,24,55.5465158691406,1
2017,6,24,19,24,57.3523659667969,1
2017,6,24,19,24,59.1581472167969,1
2017,6,24,19,25,0.9639990234375,1
2017,6,24,19,25,2.76974194335937,1
2017,6,24,19,25,4.57561499023438,1
2017,6,24,19,25,6.38150415039062,1
2017,6,24,19,25,8.187251953125,1
2017,6,24,19,25,9.99302905273438,1
2017,6,24,19,25,11.7989248046875,1
2017,6,24,19,25,13.6048459472656,1
2017,6,24,19,25,15.4107329101563,1
2017,6,24,19,25,17.2164431152344,1
2017,6,24,19,25,19.0221770019531,1
2017,6,24,19,25,20.8278959960938,1
2017,6,24,19,25,22.6336428222656,1
2017,6,24,19,25,24.4395249023437,1
2017,6,24,19,25,26.2452399902344,1
2017,6,24,19,25,28.0510209960938,1
2017,6,24,19,25,29.8568549804687,1
2017,6,24,19,25,31.6625471191406,1
2017,6,24,19,25,33.4682189941406,1
2017,6,24,19,25,35.2740500488281,1
2017,6,24,19,25,37.0799169921875,1
2017,6,24,19,25,38.8856909179688,1
2017,6,24,19,25,40.69141796875,1
2017,6,24,19,25,42.4972770996094,1
2017,6,24,19,25,44.3030180664063,1
2017,6,24,19,25,46.1089338378906,1
2017,6,24,19,25,47.9148618164063,1
2017,6,24,19,25,49.7206989746094,2
2017,6,24,19,25,51.5266689453125,2
2017,6,24,19,25,53.3325979003906,2
2017,6,24,19,25,55.1384228515625,2
2017,6,24,19,25,56.9441789550781,2
2017,6,24,19,25,58.7499541015625,2
2017,6,24,19,26,0.555671875,2
2017,6,24,19,26,2.36138208007812,2
2017,6,24,19,26,4.16792700195313,2
2017,6,24,19,26,5.97369604492187,1
2017,6,24,19,26,7.779625,1
2017,6,24,19,26,9.58541015625,1
2017,6,24,19,26,11.3913579101563,1
2017,6,24,19,26,13.1972849121094,1
2017,6,24,19,26,15.003123046875,1
2017,6,24,19,26,16.8088500976563,1
2017,6,24,19,26,18.6146108398437,1
2017,6,24,19,26,20.4205461425781,1
2017,6,24,19,26,22.2263090820312,1
2017,6,24,19,26,24.0322299804687,1
2017,6,24,19,26,25.8380788574219,2
2017,6,24,19,26,27.6444060058594,2
2017,6,24,19,26,29.44970703125,2
2017,6,24,19,26,31.2554650878906,2
2017,6,24,19,26,33.06125390625,2
2017,6,24,19,26,34.8669909667969,2
2017,6,24,19,26,36.6728229980469,2
2017,6,24,19,26,38.4787668457031,2
2017,6,24,19,26,40.2847131347656,2
2017,6,24,19,26,42.0905581054688,2
2017,6,24,19,26,43.89633984375,2
2017,6,24,19,26,45.7022131347656,2
2017,6,24,19,26,47.5082299804687,2
2017,6,24,19,26,49.3140100097656,1
2017,6,24,19,26,51.1196958007813,1
2017,6,24,19,26,52.9254379882813,1
2017,6,24,19,26,54.7311259765625,1
2017,6,24,19,26,56.5368020019531,1
2017,6,24,19,26,58.3426440429688,1
2017,6,24,19,27,0.148422119140625,1
2017,6,24,19,27,1.95419091796875,1
2017,6,24,19,27,3.76009790039063,1
2017,6,24,19,27,5.56578002929688,1
2017,6,24,19,27,7.37151782226563,1
2017,6,24,19,27,9.17725,1
2017,6,24,19,27,10.9831630859375,1
2017,6,24,19,27,12.7890678710937,1
2017,6,24,19,27,14.5948620605469,1
2017,6,24,19,27,16.4007150878906,1
2017,6,24,19,27,18.2065710449219,1
2017,6,24,19,27,20.0123989257812,1
2017,6,24,19,27,21.8180959472656,1
2017,6,24,19,27,23.6306369628906,1
2017,6,24,19,27,25.4364130859375,1
2017,6,24,19,27,27.2420808105469,1
2017,6,24,19,27,29.0479809570312,1
2017,6,24,19,27,30.8536589355469,1
2017,6,24,19,27,32.6594619140625,1
2017,6,24,19,27,34.4652751464844,1
2017,6,24,19,27,36.2712358398437,1
2017,6,24,19,27,38.0770500488281,1
2017,6,24,19,27,39.8830048828125,1
2017,6,24,19,27,41.6887778320312,1
2017,6,24,19,27,43.4946999511719,1
2017,6,24,19,27,45.3005139160156,1
2017,6,24,19,27,47.1063161621094,1
2017,6,24,19,27,48.9121931152344,1
2017,6,24,19,27,50.7182009277344,1
2017,6,24,19,27,52.5240568847656,1
2017,6,24,19,27,54.3301540527344,1
2017,6,24,19,27,56.1360219726563,1
2017,6,24,19,27,57.9419602050781,1
2017,6,24,19,27,59.7478969726562,1
2017,6,24,19,28,1.55365991210938,1
2017,6,24,19,28,3.35959790039063,1
2017,6,24,19,28,5.16542797851563,1
2017,6,24,19,28,6.97134497070313,1
2017,6,24,19,28,8.77717700195313,1
2017,6,24,19,28,10.5830139160156,1
2017,6,24,19,28,12.3887990722656,1
2017,6,24,19,28,14.1947170410156,1
2017,6,24,19,28,16.00058203125,1
2017,6,24,19,28,17.8063400878906,1
2017,6,24,19,28,19.6120219726563,1
2017,6,24,19,28,21.4177749023438,1
2017,6,24,19,28,23.2236259765625,1
2017,6,24,19,28,25.0295720214844,1
2017,6,24,19,28,26.8352590332031,1
2017,6,24,19,28,28.6411979980469,1
2017,6,24,19,28,30.4470939941406,1
2017,6,24,19,28,32.2528210449219,1
2017,6,24,19,28,34.0586708984375,1
2017,6,24,19,28,35.8646130371094,1
2017,6,24,19,28,37.6706828613281,1
2017,6,24,19,28,39.4764409179688,1
2017,6,24,19,28,41.2822580566406,1
2017,6,24,19,28,43.0880971679687,1
2017,6,24,19,28,44.8938259277344,1
2017,6,24,19,28,46.6996049804687,1
2017,6,24,19,28,48.5129721679687,0
2017,6,24,19,28,50.3186918945312,0
2017,6,24,19,28,52.124458984375,0
2017,6,24,19,28,53.930166015625,0
2017,6,24,19,28,55.7358720703125,0
2017,6,24,19,28,57.5417810058594,0
2017,6,24,19,28,59.3476181640625,0
2017,6,24,19,29,1.15339404296875,0
2017,6,24,19,29,2.95917797851562,0
2017,6,24,19,29,4.76503393554688,0
2017,6,24,19,29,6.5707490234375,0
2017,6,24,19,29,8.37648706054688,0
2017,6,24,19,29,10.1822468261719,0
2017,6,24,19,29,11.9881430664063,0
2017,6,24,19,29,13.7940100097656,0
2017,6,24,19,29,15.5996821289063,0
2017,6,24,19,29,17.4054260253906,0
2017,6,24,19,29,19.2114519042969,0
2017,6,24,19,29,21.0171450195312,0
2017,6,24,19,29,22.8229921875,0
2017,6,24,19,29,24.6286889648438,0
2017,6,24,19,29,26.4345310058594,0
2017,6,24,19,29,28.2404360351563,0
2017,6,24,19,29,30.0463359375,0
2017,6,24,19,29,31.8524040527344,0
2017,6,24,19,29,33.6580900878906,0
2017,6,24,19,29,35.4638291015625,0
2017,6,24,19,29,37.2697099609375,0
2017,6,24,19,29,39.0755520019531,0
2017,6,24,19,29,40.8813620605469,0
2017,6,24,19,29,42.6870739746094,0
2017,6,24,19,29,44.4928740234375,0
2017,6,24,19,29,46.298630859375,0
2017,6,24,19,29,48.1061188964844,0
2017,6,24,19,29,49.9118701171875,0
2017,6,24,19,29,51.7175859375,0
2017,6,24,19,29,53.5234350585937,1
2017,6,24,19,29,55.3291489257812,1
2017,6,24,19,29,57.1348610839844,1
2017,6,24,19,29,58.9407429199219,1
2017,6,24,19,30,0.746454833984375,1
2017,6,24,19,30,2.55219091796875,1
2017,6,24,19,30,4.357916015625,2
2017,6,24,19,30,6.16373120117188,2
2017,6,24,19,30,7.96953515625,2
2017,6,24,19,30,9.7754169921875,2
2017,6,24,19,30,11.5812448730469,2
2017,6,24,19,30,13.3946179199219,2
2017,6,24,19,30,15.2004680175781,2
2017,6,24,19,30,17.006251953125,2
2017,6,24,19,30,18.811955078125,1
2017,6,24,19,30,20.6177360839844,1
2017,6,24,19,30,22.4235388183594,1
2017,6,24,19,30,24.2292668457031,1
2017,6,24,19,30,26.0350290527344,1
2017,6,24,19,30,27.8407541503906,1
2017,6,24,19,30,29.6465129394531,0
2017,6,24,19,30,31.4524250488281,0
2017,6,24,19,30,33.2582341308594,1
2017,6,24,19,30,35.0641911621094,1
2017,6,24,19,30,36.8699428710937,1
2017,6,24,19,30,38.675837890625,1
2017,6,24,19,30,40.4815390625,1
2017,6,24,19,30,42.2873771972656,1
2017,6,24,19,30,44.0930590820313,1
2017,6,24,19,30,45.8988420410156,1
2017,6,24,19,30,47.704544921875,1
2017,6,24,19,30,49.5104958496094,1
2017,6,24,19,30,51.3163681640625,1
2017,6,24,19,30,53.1220739746094,1
2017,6,24,19,30,54.9279470214844,1
2017,6,24,19,30,56.7336350097656,1
2017,6,24,19,30,58.5393740234375,2
2017,6,24,19,31,0.34519091796875,2
2017,6,24,19,31,2.15109790039063,2
2017,6,24,19,31,3.95689501953125,2
2017,6,24,19,31,5.76276904296875,2
2017,6,24,19,31,7.56868603515625,2
2017,6,24,19,31,9.37448681640625,2
2017,6,24,19,31,11.1802248535156,1
2017,6,24,19,31,12.9864357910156,1
2017,6,24,19,31,14.7923181152344,1
2017,6,24,19,31,16.5981208496094,1
2017,6,24,19,31,18.4039399414063,1
2017,6,24,19,31,20.2098989257812,1
2017,6,24,19,31,22.0156701660156,1
2017,6,24,19,31,23.8214709472656,1
2017,6,24,19,31,25.6274360351563,1
2017,6,24,19,31,27.4331328125,1
2017,6,24,19,31,29.2390061035156,1
2017,6,24,19,31,31.0448552246094,1
2017,6,24,19,31,32.8505817871094,1
2017,6,24,19,31,34.6565009765625,1
2017,6,24,19,31,36.4623762207031,1
2017,6,24,19,31,38.2681159667969,1
2017,6,24,19,31,40.0740810546875,1
2017,6,24,19,31,41.8798161621094,0
2017,6,24,19,31,43.685626953125,0
2017,6,24,19,31,45.4913410644531,0
2017,6,24,19,31,47.2971149902344,0
2017,6,24,19,31,49.1030029296875,0
2017,6,24,19,31,50.9087861328125,0
2017,6,24,19,31,52.7144660644531,0
2017,6,24,19,31,54.5202280273437,0
2017,6,24,19,31,56.3261918945312,0
2017,6,24,19,31,58.1319360351563,0
2017,6,24,19,31,59.9376408691406,0
2017,6,24,19,32,1.74347485351563,0
2017,6,24,19,32,3.54923510742187,0
2017,6,24,19,32,5.35516088867188,0
2017,6,24,19,32,7.16096704101562,0
2017,6,24,19,32,8.96674291992188,0
2017,6,24,19,32,10.7724599609375,0
2017,6,24,19,32,12.5782839355469,0
2017,6,24,19,32,14.3839670410156,0
2017,6,24,19,32,16.1898400878906,0
2017,6,24,19,32,17.9958669433594,0
2017,6,24,19,32,19.8016918945312,0
2017,6,24,19,32,21.6075881347656,0
2017,6,24,19,32,23.4135129394531,0
2017,6,24,19,32,25.2193999023437,0
2017,6,24,19,32,27.0250681152344,0
2017,6,24,19,32,28.8309841308594,0
2017,6,24,19,32,30.6367841796875,0
2017,6,24,19,32,32.4427421875,0
2017,6,24,19,32,34.2486140136719,0
2017,6,24,19,32,36.0544890136719,0
2017,6,24,19,32,37.8682470703125,0
2017,6,24,19,32,39.6739458007812,0
2017,6,24,19,32,41.4798220214844,0
2017,6,24,19,32,43.2855959472656,0
2017,6,24,19,32,45.0914379882812,0
2017,6,24,19,32,46.8972348632812,0
2017,6,24,19,32,48.7030261230469,0
2017,6,24,19,32,50.5089020996094,0
2017,6,24,19,32,52.3148068847656,0
2017,6,24,19,32,54.1206750488281,0
2017,6,24,19,32,55.9266201171875,0
2017,6,24,19,32,57.7324450683594,0
2017,6,24,19,32,59.5383920898437,0
2017,6,24,19,33,1.3442900390625,0
2017,6,24,19,33,3.1499990234375,0
2017,6,24,19,33,4.95569384765625,0
2017,6,24,19,33,6.76150903320312,0
2017,6,24,19,33,8.56736987304688,0
2017,6,24,19,33,10.3732080078125,0
2017,6,24,19,33,12.1789870605469,0
2017,6,24,19,33,13.9846560058594,0
2017,6,24,19,33,15.7904738769531,0
2017,6,24,19,33,17.5963371582031,0
2017,6,24,19,33,19.40207421875,0
2017,6,24,19,33,21.2081101074219,0
2017,6,24,19,33,23.0138229980469,0
2017,6,24,19,33,24.8197880859375,0
2017,6,24,19,33,26.6254931640625,0
2017,6,24,19,33,28.43145703125,0
2017,6,24,19,33,30.2371799316406,0
2017,6,24,19,33,32.0429299316406,0
2017,6,24,19,33,33.8486782226562,0
2017,6,24,19,33,35.6546489257813,0
2017,6,24,19,33,37.4605031738281,0
2017,6,24,19,33,39.2662629394531,0
2017,6,24,19,33,41.072001953125,0
2017,6,24,19,33,42.8777060546875,0
2017,6,24,19,33,44.6836030273438,0
2017,6,24,19,33,46.4895598144531,0
2017,6,24,19,33,48.2953349609375,0
2017,6,24,19,33,50.1011408691406,0
2017,6,24,19,33,51.9069580078125,0
2017,6,24,19,33,53.7128830566406,0
2017,6,24,19,33,55.518875,0
2017,6,24,19,33,57.3247399902344,0
2017,6,24,19,33,59.1306550292969,0
2017,6,24,19,34,0.936362060546875,0
2017,6,24,19,34,2.75059399414063,0
2017,6,24,19,34,4.55652490234375,0
2017,6,24,19,34,6.36226904296875,0
2017,6,24,19,34,8.16821704101562,0
2017,6,24,19,34,9.97411889648438,0
2017,6,24,19,34,11.780005859375,0
2017,6,24,19,34,13.5859790039062,0
2017,6,24,19,34,15.3917609863281,0
2017,6,24,19,34,17.1977189941406,0
2017,6,24,19,34,19.0035979003906,0
2017,6,24,19,34,20.8094670410156,0
2017,6,24,19,34,22.6153891601563,0
2017,6,24,19,34,24.4211630859375,1
2017,6,24,19,34,26.2269968261719,1
2017,6,24,19,34,28.03296484375,2
2017,6,24,19,34,33.7359040527344,2
2017,6,24,19,34,35.541708984375,2
2017,6,24,19,34,37.347498046875,2
2017,6,24,19,34,39.1532060546875,2
2017,6,24,19,34,40.9590419921875,2
2017,6,24,19,34,42.7650148925781,2
2017,6,24,19,34,44.57095703125,2
2017,6,24,19,34,46.3768259277344,1
2017,6,24,19,34,48.1826169433594,1
2017,6,24,19,34,49.988380859375,1
2017,6,24,19,34,51.7941730957031,1
2017,6,24,19,34,53.59991796875,0
2017,6,24,19,34,55.405662109375,0
2017,6,24,19,34,57.2115368652344,0
2017,6,24,19,34,59.0173088378906,0
2017,6,24,19,35,0.823257080078125,0
2017,6,24,19,35,2.62915893554687,0
2017,6,24,19,35,4.435044921875,0
2017,6,24,19,35,6.24077099609375,0
2017,6,24,19,35,8.04670703125,0
2017,6,24,19,35,9.85255297851563,0
2017,6,24,19,35,11.658423828125,0
2017,6,24,19,35,13.4641640625,0
2017,6,24,19,35,15.2698828125,0
2017,6,24,19,35,17.0756782226563,0
2017,6,24,19,35,18.8814931640625,0
2017,6,24,19,35,20.6874279785156,0
2017,6,24,19,35,22.4932849121094,0
2017,6,24,19,35,24.2989650878906,0
2017,6,24,19,35,26.1051340332031,0
2017,6,24,19,35,27.9109721679688,0
2017,6,24,19,35,29.7167250976563,0
2017,6,24,19,35,31.5226860351563,0
2017,6,24,19,35,33.328412109375,0
2017,6,24,19,35,35.1341479492188,0
2017,6,24,19,35,36.940037109375,0
2017,6,24,19,35,38.7459020996094,0
2017,6,24,19,35,40.551830078125,0
2017,6,24,19,35,42.3575339355469,0
2017,6,24,19,35,44.163501953125,0
2017,6,24,19,35,45.9692700195313,0
2017,6,24,19,35,47.7749951171875,0
2017,6,24,19,35,49.580830078125,0
2017,6,24,19,35,51.3866589355469,0
2017,6,24,19,35,53.192583984375,0
2017,6,24,19,35,54.9983972167969,0
2017,6,24,19,35,56.8041201171875,0
2017,6,24,19,35,58.6100390625,0
2017,6,24,19,36,0.41586083984375,0
2017,6,24,19,36,2.22155810546875,0
2017,6,24,19,36,4.027462890625,0
2017,6,24,19,36,5.83317504882813,0
2017,6,24,19,36,7.63893115234375,0
2017,6,24,19,36,9.4447861328125,0
2017,6,24,19,36,11.250546875,0
2017,6,24,19,36,13.0563371582031,0
2017,6,24,19,36,14.8621440429687,0
2017,6,24,19,36,16.6680119628906,0
2017,6,24,19,36,18.4745949707031,0
2017,6,24,19,36,20.2796569824219,0
2017,6,24,19,36,22.0853427734375,0
2017,6,24,19,36,23.8912580566406,0
2017,6,24,19,36,25.6970241699219,0
2017,6,24,19,36,27.5028239746094,0
2017,6,24,19,36,29.3086298828125,0
2017,6,24,19,36,31.1147238769531,0
2017,6,24,19,36,32.9204309082031,0
2017,6,24,19,36,34.72616796875,0
2017,6,24,19,36,36.5319089355469,0
2017,6,24,19,36,38.3377348632812,0
2017,6,24,19,36,40.1435471191406,0
2017,6,24,19,36,41.9492548828125,0
2017,6,24,19,36,43.7551279296875,0
2017,6,24,19,36,45.5610070800781,0
2017,6,24,19,36,47.36683203125,0
2017,6,24,19,36,49.1726831054687,0
2017,6,24,19,36,50.9784189453125,0
2017,6,24,19,36,52.7843330078125,0
2017,6,24,19,36,54.59020703125,0
2017,6,24,19,36,56.3960200195312,0
2017,6,24,19,36,58.2017160644531,0
2017,6,24,19,37,0.00740185546875,0
2017,6,24,19,37,1.81322607421875,0
2017,6,24,19,37,3.627283203125,0
2017,6,24,19,37,5.43298999023438,0
2017,6,24,19,37,7.23881518554688,0
2017,6,24,19,37,9.04463598632812,0
2017,6,24,19,37,10.8504299316406,1
2017,6,24,19,37,12.6563229980469,1
2017,6,24,19,37,14.4620458984375,1
2017,6,24,19,37,16.2677368164062,1
2017,6,24,19,37,18.0735559082031,1
2017,6,24,19,37,19.879375,1
2017,6,24,19,37,21.6850849609375,1
2017,6,24,19,37,23.4907729492188,1
2017,6,24,19,37,25.2965869140625,1
2017,6,24,19,37,27.1022839355469,1
2017,6,24,19,37,28.9080639648437,1
2017,6,24,19,37,30.7137639160156,1
2017,6,24,19,37,32.51970703125,1
2017,6,24,19,37,34.3257829589844,1
2017,6,24,19,37,36.1314509277344,1
2017,6,24,19,37,37.9374130859375,1
2017,6,24,19,37,39.7433291015625,0
2017,6,24,19,37,41.5492209472656,0
2017,6,24,19,37,43.3550510253906,0
2017,6,24,19,37,45.1608920898437,0
2017,6,24,19,37,46.9666909179687,0
2017,6,24,19,37,48.7723898925781,0
2017,6,24,19,37,50.5781938476563,0
2017,6,24,19,37,52.3840161132812,0
2017,6,24,19,37,54.1897648925781,0
2017,6,24,19,37,55.9956938476562,0
2017,6,24,19,37,57.8014331054688,0
2017,6,24,19,37,59.6089499511719,0
2017,6,24,19,38,1.41489404296875,0
2017,6,24,19,38,3.2208681640625,0
2017,6,24,19,38,5.02694018554688,0
2017,6,24,19,38,6.83265502929688,0
2017,6,24,19,38,8.638412109375,0
2017,6,24,19,38,10.4443410644531,0
2017,6,24,19,38,12.250076171875,0
2017,6,24,19,38,14.0560241699219,0
2017,6,24,19,38,15.861830078125,0
2017,6,24,19,38,17.6683071289062,0
2017,6,24,19,38,19.4742739257813,0
2017,6,24,19,38,21.2800610351563,0
2017,6,24,19,38,23.0858271484375,0
2017,6,24,19,38,24.8916909179687,0
2017,6,24,19,38,26.6974599609375,0
2017,6,24,19,38,28.5032509765625,0
2017,6,24,19,38,30.3090390625,0
2017,6,24,19,38,32.1148530273437,0
2017,6,24,19,38,33.9207790527344,0
2017,6,24,19,38,35.7264541015625,0
2017,6,24,19,38,37.5322312011719,0
2017,6,24,19,38,39.3379099121094,0
2017,6,24,19,38,41.1438010253906,0
2017,6,24,19,38,42.9496950683594,0
2017,6,24,19,38,44.7555629882812,0
2017,6,24,19,38,46.5614130859375,0
2017,6,24,19,38,48.3672248535156,0
2017,6,24,19,38,50.1731728515625,0
2017,6,24,19,38,51.9789887695312,0
2017,6,24,19,38,53.7848740234375,0
2017,6,24,19,38,55.5906999511719,0
2017,6,24,19,38,57.3966420898438,0
2017,6,24,19,38,59.2024289550781,0
2017,6,24,19,39,1.00856811523438,0
2017,6,24,19,39,2.81990698242187,0
2017,6,24,19,39,4.625580078125,0
2017,6,24,19,39,6.43143286132813,0
2017,6,24,19,39,8.2371669921875,0
2017,6,24,19,39,10.0429089355469,0
2017,6,24,19,39,11.8489221191406,0
2017,6,24,19,39,13.6547790527344,0
2017,6,24,19,39,15.4606420898438,0
2017,6,24,19,39,17.2666040039062,0
2017,6,24,19,39,19.0725109863281,0
2017,6,24,19,39,20.8785400390625,0
2017,6,24,19,39,22.6844060058594,0
2017,6,24,19,39,24.4903310546875,0
2017,6,24,19,39,26.2962290039063,0
2017,6,24,19,39,28.1021379394531,0
2017,6,24,19,39,29.907953125,0
2017,6,24,19,39,31.7136689453125,0
2017,6,24,19,39,33.5196098632812,0
2017,6,24,19,39,35.3253491210938,0
2017,6,24,19,39,37.1311181640625,0
2017,6,24,19,39,38.9367939453125,0
2017,6,24,19,39,40.7425981445313,0
2017,6,24,19,39,42.5484909667969,0
2017,6,24,19,39,44.3541928710938,0
2017,6,24,19,39,46.1601000976562,0
2017,6,24,19,39,47.9658430175781,0
2017,6,24,19,39,49.7716789550781,0
2017,6,24,19,39,51.5776140136719,0
2017,6,24,19,39,53.3835600585938,0
2017,6,24,19,39,55.1893879394531,0
2017,6,24,19,39,56.9951921386719,0
2017,6,24,19,39,58.8011469726562,0
2017,6,24,19,40,0.606826171875,0
2017,6,24,19,40,2.41267309570312,0
2017,6,24,19,40,4.21848022460938,0
2017,6,24,19,40,6.0242119140625,0
2017,6,24,19,40,7.83024096679688,0
2017,6,24,19,40,9.63618481445313,0
2017,6,24,19,40,11.4421379394531,0
2017,6,24,19,40,13.2478239746094,0
2017,6,24,19,40,15.0537919921875,0
2017,6,24,19,40,16.8597600097656,0
2017,6,24,19,40,18.6653271484375,0
2017,6,24,19,40,20.4711159667969,0
2017,6,24,19,40,22.2770139160156,0
2017,6,24,19,40,24.0827160644531,0
2017,6,24,19,40,25.8886069335937,0
2017,6,24,19,40,27.7021630859375,0
2017,6,24,19,40,29.5083200683594,0
2017,6,24,19,40,31.3142299804687,0
2017,6,24,19,40,33.1200249023438,0
2017,6,24,19,40,34.9257490234375,0
2017,6,24,19,40,36.7316220703125,0
2017,6,24,19,40,38.5373010253906,0
2017,6,24,19,40,40.343162109375,0
2017,6,24,19,40,42.1490122070312,0
2017,6,24,19,40,43.9549301757813,0
2017,6,24,19,40,45.7608681640625,0
2017,6,24,19,40,47.5665759277344,0
2017,6,24,19,40,49.37229296875,0
2017,6,24,19,40,51.1780888671875,0
2017,6,24,19,40,52.9838271484375,0
2017,6,24,19,40,54.7897370605469,0
2017,6,24,19,40,56.5954138183594,0
2017,6,24,19,40,58.4014470214844,0
2017,6,24,19,41,0.207287109375,0
2017,6,24,19,41,2.0132060546875,0
2017,6,24,19,41,3.81911206054688,0
2017,6,24,19,41,5.62484106445313,0
2017,6,24,19,41,7.43059497070313,0
2017,6,24,19,41,9.23640600585938,0
2017,6,24,19,41,11.0421779785156,0
2017,6,24,19,41,12.8478911132812,0
2017,6,24,19,41,14.6537749023438,0
2017,6,24,19,41,16.4594519042969,0
2017,6,24,19,41,18.2652958984375,0
2017,6,24,19,41,20.0710190429688,0
2017,6,24,19,41,21.8768210449219,0
2017,6,24,19,41,23.6825810546875,0
2017,6,24,19,41,25.4884599609375,0
2017,6,24,19,41,27.2943449707031,0
2017,6,24,19,41,29.1003151855469,0
2017,6,24,19,41,30.9060959472656,0
2017,6,24,19,41,32.7119260253906,0
2017,6,24,19,41,34.5178100585938,0
2017,6,24,19,41,36.3235100097656,0
2017,6,24,19,41,38.1292280273437,0
2017,6,24,19,41,39.9349318847656,0
2017,6,24,19,41,41.7406508789063,0
2017,6,24,19,41,43.5465239257813,0
2017,6,24,19,41,45.3524150390625,0
2017,6,24,19,41,47.1581120605469,0
2017,6,24,19,41,48.9640551757812,0
2017,6,24,19,41,50.76974609375,0
2017,6,24,19,41,52.5841650390625,0
2017,6,24,19,41,54.3900090332031,0
2017,6,24,19,41,56.1959169921875,0
2017,6,24,19,41,58.0017641601562,0
2017,6,24,19,41,59.8075959472656,0
2017,6,24,19,42,1.61492797851562,0
2017,6,24,19,42,3.42064306640625,0
2017,6,24,19,42,5.22652416992188,0
2017,6,24,19,42,7.03251293945312,0
2017,6,24,19,42,8.8382470703125,0
2017,6,24,19,42,10.6441928710938,0
2017,6,24,19,42,12.4500649414063,0
2017,6,24,19,42,14.2557690429687,0
2017,6,24,19,42,16.0617099609375,0
2017,6,24,19,42,17.8673859863281,0
2017,6,24,19,42,19.6733178710938,0
2017,6,24,19,42,21.4791828613281,0
2017,6,24,19,42,23.2850571289062,0
2017,6,24,19,42,25.0907680664062,0
2017,6,24,19,42,26.8966000976563,0
2017,6,24,19,42,28.7024528808594,0
2017,6,24,19,42,30.5081430664063,0
2017,6,24,19,42,32.3140170898438,0
2017,6,24,19,42,34.1198349609375,0
2017,6,24,19,42,35.9255339355469,0
2017,6,24,19,42,37.7312709960937,0
2017,6,24,19,42,42.6015930175781,0
2017,6,24,19,42,44.4075190429688,0
2017,6,24,19,42,46.2134440917969,0
2017,6,24,19,42,48.0191459960937,0
2017,6,24,19,42,49.8250361328125,0
2017,6,24,19,42,51.630958984375,0
2017,6,24,19,42,53.4366779785156,0
2017,6,24,19,42,55.2424631347656,0
2017,6,24,19,42,57.0481860351562,0
2017,6,24,19,42,58.8542709960938,0
2017,6,24,19,43,0.66015283203125,0
2017,6,24,19,43,2.46590991210938,0
2017,6,24,19,43,4.27173315429688,0
2017,6,24,19,43,6.0774970703125,0
2017,6,24,19,43,7.88331103515625,0
2017,6,24,19,43,9.68911010742188,0
2017,6,24,19,43,11.4948608398437,0
2017,6,24,19,43,13.300708984375,0
2017,6,24,19,43,15.10654296875,0
2017,6,24,19,43,16.9123139648438,0
2017,6,24,19,43,18.7180222167969,0
2017,6,24,19,43,20.5238020019531,0
2017,6,24,19,43,22.3297490234375,0
2017,6,24,19,43,24.1356000976563,0
2017,6,24,19,43,25.941533203125,0
2017,6,24,19,43,27.7472700195312,0
2017,6,24,19,43,29.5529670410156,0
2017,6,24,19,43,31.3587360839844,0
2017,6,24,19,43,33.1648029785156,0
2017,6,24,19,43,34.9706799316406,0
2017,6,24,19,43,36.7764221191406,0
2017,6,24,19,43,38.582123046875,0
2017,6,24,19,43,40.3879721679687,0
2017,6,24,19,43,42.1937690429688,0
2017,6,24,19,43,43.9996508789063,0
2017,6,24,19,43,45.8054931640625,0
2017,6,24,19,43,47.6114309082031,0
2017,6,24,19,43,49.417205078125,0
2017,6,24,19,43,51.2230629882812,0
2017,6,24,19,43,53.0290061035156,0
2017,6,24,19,43,54.8371169433594,0
2017,6,24,19,43,56.642921875,1
2017,6,24,19,43,58.4488820800781,1
2017,6,24,19,44,0.254671142578125,1
2017,6,24,19,44,2.06047607421875,1
2017,6,24,19,44,3.86640600585937,1
2017,6,24,19,44,5.67236987304688,2
2017,6,24,19,44,7.4782041015625,2
2017,6,24,19,44,9.28406005859375,2
2017,6,24,19,44,11.0899929199219,2
2017,6,24,19,44,12.89600390625,2
2017,6,24,19,44,14.701703125,2
2017,6,24,19,44,16.5076579589844,2
2017,6,24,19,44,18.3135869140625,2
2017,6,24,19,44,20.1194738769531,2
2017,6,24,19,44,21.9252490234375,2
2017,6,24,19,44,23.7311430664063,2
2017,6,24,19,44,25.5368098144531,2
2017,6,24,19,44,27.3426430664063,2
2017,6,24,19,44,29.1484228515625,2
2017,6,24,19,44,30.9541860351563,2
2017,6,24,19,44,32.7600180664063,2
2017,6,24,19,44,34.5659438476562,2
2017,6,24,19,44,36.3718210449219,2
2017,6,24,19,44,38.1775988769531,2
2017,6,24,19,44,39.9834748535156,2
2017,6,24,19,44,41.7893449707031,2
2017,6,24,19,44,43.5951440429687,2
2017,6,24,19,44,45.4009270019531,2
2017,6,24,19,44,47.2067561035156,2
2017,6,24,19,44,49.0146711425781,2
2017,6,24,19,44,50.8204060058594,2
2017,6,24,19,44,52.6261530761719,2
2017,6,24,19,44,54.4319799804688,2
2017,6,24,19,44,56.2376879882813,2
2017,6,24,19,44,58.0436040039063,2
2017,6,24,19,44,59.8494660644531,2
2017,6,24,19,45,1.65538818359375,2
2017,6,24,19,45,3.46117797851563,2
2017,6,24,19,45,5.26735595703125,2
2017,6,24,19,45,7.07309692382812,1
2017,6,24,19,45,8.87898388671875,1
2017,6,24,19,45,10.6846721191406,1
2017,6,24,19,45,12.4904370117188,1
2017,6,24,19,45,14.2961330566406,1
2017,6,24,19,45,16.1018540039063,0
2017,6,24,19,45,17.9076870117187,0
2017,6,24,19,45,19.7192358398438,0
2017,6,24,19,45,21.5251240234375,0
2017,6,24,19,45,23.3309519042969,0
2017,6,24,19,45,25.1368598632812,0
2017,6,24,19,45,26.9426118164062,0
2017,6,24,19,45,28.74850390625,0
2017,6,24,19,45,30.5542099609375,0
2017,6,24,19,45,32.3601748046875,0
2017,6,24,19,45,34.1660881347656,0
2017,6,24,19,45,35.9718850097656,0
2017,6,24,19,45,37.7776848144531,0
2017,6,24,19,45,39.5833298339844,0
2017,6,24,19,45,41.3890500488281,0
2017,6,24,19,45,43.1948598632813,0
2017,6,24,19,45,45.0007971191406,0
2017,6,24,19,45,46.8066650390625,0
2017,6,24,19,45,48.6124189453125,0
2017,6,24,19,45,50.4184848632813,1
2017,6,24,19,45,52.2241931152344,1
2017,6,24,19,45,54.0299328613281,1
2017,6,24,19,45,55.8358869628906,1
2017,6,24,19,45,57.6418259277344,2
2017,6,24,19,45,59.4475688476562,2
2017,6,24,19,46,1.25328393554688,2
2017,6,24,19,46,3.05907885742187,2
2017,6,24,19,46,4.86493212890625,2
2017,6,24,19,46,6.67064086914062,1
2017,6,24,19,46,8.4765078125,1
2017,6,24,19,46,10.2824140625,1
2017,6,24,19,46,12.0880991210937,1
2017,6,24,19,46,13.8938259277344,1
2017,6,24,19,46,15.6997780761719,0
2017,6,24,19,46,17.5056159667969,0
2017,6,24,19,46,19.3115209960938,0
2017,6,24,19,46,21.1173159179687,0
2017,6,24,19,46,22.9231108398438,0
2017,6,24,19,46,24.7289099121094,0
2017,6,24,19,46,26.5347719726563,0
2017,6,24,19,46,28.3407189941406,0
2017,6,24,19,46,30.1466259765625,0
2017,6,24,19,46,31.9525949707031,0
2017,6,24,19,46,33.7584660644531,0
2017,6,24,19,46,35.5644050292969,0
2017,6,24,19,46,37.3701140136719,0
2017,6,24,19,46,39.1758371582031,0
2017,6,24,19,46,40.9815681152344,0
2017,6,24,19,46,42.7874340820312,0
2017,6,24,19,46,44.6014509277344,0
2017,6,24,19,46,46.4073479003906,0
2017,6,24,19,46,48.2131540527344,0
2017,6,24,19,46,50.0188439941406,0
2017,6,24,19,46,51.8246281738281,0
2017,6,24,19,46,53.6303259277344,0
2017,6,24,19,46,55.4361911621094,0
2017,6,24,19,46,57.2418999023437,0
2017,6,24,19,46,59.04787109375,0
2017,6,24,19,47,0.853634033203125,0
2017,6,24,19,47,2.65938500976563,0
2017,6,24,19,47,4.46518408203125,0
2017,6,24,19,47,6.27113696289063,0
2017,6,24,19,47,8.07681884765625,0
2017,6,24,19,47,9.88251708984375,0
2017,6,24,19,47,11.6884538574219,0
2017,6,24,19,47,13.4941721191406,0
2017,6,24,19,47,15.2998349609375,0
2017,6,24,19,47,17.1057109375,0
2017,6,24,19,47,18.911662109375,0
2017,6,24,19,47,20.7176259765625,0
2017,6,24,19,47,22.5235788574219,0
2017,6,24,19,47,24.3293029785156,0
2017,6,24,19,47,26.1351069335938,0
2017,6,24,19,47,27.9416120605469,0
2017,6,24,19,47,29.7473190917969,0
2017,6,24,19,47,31.5530310058594,0
2017,6,24,19,47,33.3586979980469,0
2017,6,24,19,47,35.1645651855469,0
2017,6,24,19,47,36.9702470703125,0
2017,6,24,19,47,38.7760300292969,0
2017,6,24,19,47,40.5819509277344,0
2017,6,24,19,47,42.387669921875,0
2017,6,24,19,47,44.1934509277344,0
2017,6,24,19,47,45.9992680664063,0
2017,6,24,19,47,47.8049599609375,0
2017,6,24,19,47,49.6106701660156,0
2017,6,24,19,47,51.4164489746094,0
2017,6,24,19,47,53.2222878417969,0
2017,6,24,19,47,55.02799609375,0
2017,6,24,19,47,56.8338610839844,0
2017,6,24,19,47,58.6397941894531,0
2017,6,24,19,48,0.4455810546875,0
2017,6,24,19,48,2.2514619140625,0
2017,6,24,19,48,4.05715307617187,0
2017,6,24,19,48,5.86309912109375,0
2017,6,24,19,48,7.66894702148438,0
2017,6,24,19,48,9.48376489257812,0
2017,6,24,19,48,11.289583984375,0
2017,6,24,19,48,13.0952990722656,0
2017,6,24,19,48,14.9011108398437,0
2017,6,24,19,48,16.706830078125,0
2017,6,24,19,48,18.512626953125,0
2017,6,24,19,48,20.3183059082031,0
2017,6,24,19,48,22.1244140625,0
2017,6,24,19,48,23.9303229980469,0
2017,6,24,19,48,25.7361020507812,0
2017,6,24,19,48,27.5419741210938,0
2017,6,24,19,48,29.3476040039062,0
2017,6,24,19,48,31.1534370117188,0
2017,6,24,19,48,32.9592189941406,0
2017,6,24,19,48,34.765091796875,0
2017,6,24,19,48,36.5708579101562,0
2017,6,24,19,48,38.3768168945313,0
2017,6,24,19,48,40.1829460449219,0
2017,6,24,19,48,41.9888820800781,0
2017,6,24,19,48,43.7947600097656,0
2017,6,24,19,48,45.6006118164062,0
2017,6,24,19,48,47.4064409179688,0
2017,6,24,19,48,49.2121770019531,0
2017,6,24,19,48,51.0178681640625,0
2017,6,24,19,48,52.8238278808594,0
2017,6,24,19,48,54.6297409667969,0
2017,6,24,19,48,56.4356730957031,0
2017,6,24,19,48,58.2413481445313,0
2017,6,24,19,49,0.04705810546875,0
2017,6,24,19,49,1.85309008789062,0
2017,6,24,19,49,3.65898901367188,0
2017,6,24,19,49,5.4648330078125,0
2017,6,24,19,49,7.27051000976562,0
2017,6,24,19,49,9.076462890625,0
2017,6,24,19,49,10.8821909179687,0
2017,6,24,19,49,12.687912109375,0
2017,6,24,19,49,14.4937019042969,0
2017,6,24,19,51,25.3813149414062,0
2017,6,24,19,51,27.1871008300781,0
2017,6,24,19,51,28.9927980957031,0
2017,6,24,19,51,30.7985100097656,0
2017,6,24,19,51,32.6042609863281,0
2017,6,24,19,51,34.4102189941406,0
2017,6,24,19,51,36.2159860839844,0
2017,6,24,19,51,38.02175,0
2017,6,24,19,51,39.8275500488281,0
2017,6,24,19,51,41.6335090332031,0
2017,6,24,19,51,43.4394389648438,0
2017,6,24,19,51,45.2455029296875,0
2017,6,24,19,51,47.0512858886719,0
2017,6,24,19,51,48.8570419921875,0
2017,6,24,19,51,50.6628388671875,0
2017,6,24,19,51,52.4693259277344,0
2017,6,24,19,51,54.2755061035156,0
2017,6,24,19,51,56.0810419921875,0
2017,6,24,19,51,57.8868930664063,0
2017,6,24,19,51,59.6928452148438,0
2017,6,24,19,52,1.4987880859375,0
2017,6,24,19,52,3.30462182617187,0
2017,6,24,19,52,5.11054614257812,0
2017,6,24,19,52,6.92755883789062,0
2017,6,24,19,52,8.73347705078125,0
2017,6,24,19,52,10.539328125,0
2017,6,24,19,52,12.3450061035156,0
2017,6,24,19,52,14.1508120117188,0
2017,6,24,19,52,15.9567858886719,0
2017,6,24,19,52,17.7626650390625,0
2017,6,24,19,52,19.5683649902344,0
2017,6,24,19,52,21.3743000488281,0
2017,6,24,19,52,23.1800981445313,0
2017,6,24,19,52,24.9860170898437,0
2017,6,24,19,52,26.7917321777344,0
2017,6,24,19,52,28.5975908203125,0
2017,6,24,19,52,30.4033640136719,0
2017,6,24,19,52,32.2093100585938,0
2017,6,24,19,52,34.0151469726562,0
2017,6,24,19,52,35.8208469238281,0
2017,6,24,19,52,37.6286579589844,0
2017,6,24,19,52,39.4344758300781,0
2017,6,24,19,52,41.2401730957031,0
2017,6,24,19,52,43.04587109375,0
2017,6,24,19,52,44.8515910644531,0
2017,6,24,19,52,46.6573811035156,0
2017,6,24,19,52,48.4631298828125,0
2017,6,24,19,52,50.2689599609375,0
2017,6,24,19,52,52.0747138671875,0
2017,6,24,19,52,53.88058984375,0
2017,6,24,19,52,55.6863059082031,0
2017,6,24,19,52,57.49208203125,0
2017,6,24,19,52,59.2978649902344,0
2017,6,24,19,53,1.10373486328125,0
2017,6,24,19,53,2.909701171875,0
2017,6,24,19,53,4.71564379882813,0
2017,6,24,19,53,6.52149194335937,0
2017,6,24,19,53,8.32736987304687,0
2017,6,24,19,53,10.1332309570312,0
2017,6,24,19,53,11.9391560058594,0
2017,6,24,19,53,13.7448771972656,0
2017,6,24,19,53,15.550583984375,0
2017,6,24,19,53,17.3563408203125,0
2017,6,24,19,53,19.1622651367188,0
2017,6,24,19,53,20.9681560058594,0
2017,6,24,19,53,22.7739450683594,0
2017,6,24,19,53,24.5797180175781,0
2017,6,24,19,53,26.3856359863281,0
2017,6,24,19,53,28.1913911132812,0
2017,6,24,19,53,29.9970788574219,0
2017,6,24,19,53,31.8098891601562,0
2017,6,24,19,53,33.6156708984375,0
2017,6,24,19,53,35.4213718261719,0
2017,6,24,19,53,37.2273349609375,0
2017,6,24,19,53,39.0332971191406,0
2017,6,24,19,53,40.8391599121094,0
2017,6,24,19,53,42.6449611816406,0
2017,6,24,19,53,44.4506518554687,0
2017,6,24,19,53,46.2565520019531,0
2017,6,24,19,53,48.0625009765625,0
2017,6,24,19,53,49.868375,0
2017,6,24,19,53,51.6741020507813,0
2017,6,24,19,53,53.4799011230469,0
2017,6,24,19,53,55.2857109375,0
2017,6,24,19,53,57.0914250488281,0
2017,6,24,19,53,58.8973491210937,0
2017,6,24,19,54,0.703079833984375,0
2017,6,24,19,54,2.50890209960937,0
2017,6,24,19,54,4.31464794921875,0
2017,6,24,19,54,6.12032788085938,0
2017,6,24,19,54,7.92614111328125,0
2017,6,24,19,54,9.73206494140625,0
2017,6,24,19,54,11.5377678222656,0
2017,6,24,19,54,13.3437270507813,0
2017,6,24,19,54,15.149583984375,0
2017,6,24,19,54,16.9553371582031,0
2017,6,24,19,54,18.7610458984375,0
2017,6,24,19,54,20.5669208984375,0
2017,6,24,19,54,22.3726979980469,0
2017,6,24,19,54,24.1786311035156,0
2017,6,24,19,54,25.98441796875,0
2017,6,24,19,54,27.7901569824219,0
2017,6,24,19,54,29.5960659179688,0
2017,6,24,19,54,31.4019689941406,0
2017,6,24,19,54,33.2078371582031,0
2017,6,24,19,54,35.0135910644531,0
2017,6,24,19,54,36.8194809570313,0
2017,6,24,19,54,38.62530078125,0
2017,6,24,19,54,40.4312561035156,0
2017,6,24,19,54,42.2371579589844,0
2017,6,24,19,54,44.0429870605469,0
2017,6,24,19,54,45.8487980957031,0
2017,6,24,19,54,47.654548828125,0
2017,6,24,19,54,49.4604819335937,0
2017,6,24,19,54,51.2662219238281,0
2017,6,24,19,54,53.0721879882813,0
2017,6,24,19,54,54.8778659667969,0
2017,6,24,19,54,56.6920239257812,0
2017,6,24,19,54,58.49779296875,0
2017,6,24,19,55,0.303635986328125,0
2017,6,24,19,55,2.10956396484375,0
2017,6,24,19,55,3.9154619140625,0
2017,6,24,19,55,5.7213330078125,0
2017,6,24,19,55,7.52707104492188,0
2017,6,24,19,55,9.33300903320312,0
2017,6,24,19,55,11.1388349609375,0
2017,6,24,19,55,12.9446979980469,0
2017,6,24,19,55,14.7507219238281,0
2017,6,24,19,55,16.5566557617188,0
2017,6,24,19,55,18.3623439941406,0
2017,6,24,19,55,20.1680751953125,0
2017,6,24,19,55,21.9738181152344,0
2017,6,24,19,55,23.779576171875,0
2017,6,24,19,55,25.5853059082031,0
2017,6,24,19,55,27.391287109375,0
2017,6,24,19,55,29.1971320800781,0
2017,6,24,19,55,31.0029831542969,0
2017,6,24,19,55,32.8086569824219,0
2017,6,24,19,55,34.6145561523438,0
2017,6,24,19,55,36.420296875,0
2017,6,24,19,55,38.2261218261719,0
2017,6,24,19,55,40.0320480957031,0
2017,6,24,19,55,41.8377260742188,0
2017,6,24,19,55,43.6436760253906,0
2017,6,24,19,55,45.4496291503906,0
2017,6,24,19,55,47.2555461425781,0
2017,6,24,19,55,49.0615009765625,0
2017,6,24,19,55,50.8674479980469,0
2017,6,24,19,55,52.6733840332031,0
2017,6,24,19,55,54.4791140136719,0
2017,6,24,19,55,56.2849140625,0
2017,6,24,19,55,58.0906569824219,0
2017,6,24,19,55,59.8966149902344,0
2017,6,24,19,56,1.702591796875,0
2017,6,24,19,56,3.50844311523438,0
2017,6,24,19,56,5.31436303710938,0
2017,6,24,19,56,7.12005810546875,0
2017,6,24,19,56,8.92587084960937,0
2017,6,24,19,56,10.731751953125,0
2017,6,24,19,56,12.5374829101562,0
2017,6,24,19,56,14.34333203125,0
2017,6,24,19,56,16.1492478027344,0
2017,6,24,19,56,17.9550200195313,0
2017,6,24,19,56,19.7609470214844,0
2017,6,24,19,56,21.5742768554687,0
2017,6,24,19,56,23.3801179199219,0
2017,6,24,19,56,25.1859099121094,0
2017,6,24,19,56,26.99183984375,0
2017,6,24,19,56,28.7977468261719,0
2017,6,24,19,56,30.6035190429687,0
2017,6,24,19,56,32.4091948242188,0
2017,6,24,19,56,34.214998046875,0
2017,6,24,19,56,36.0209299316406,0
2017,6,24,19,56,37.8268239746094,0
2017,6,24,19,56,39.6346350097656,0
2017,6,24,19,56,41.43866796875,0
2017,6,24,19,56,43.2446000976563,0
2017,6,24,19,56,45.0503388671875,0
2017,6,24,19,56,46.8562019042969,0
2017,6,24,19,56,48.6619128417969,0
2017,6,24,19,56,50.4678430175781,0
2017,6,24,19,56,52.2739201660156,0
2017,6,24,19,56,54.079794921875,0
2017,6,24,19,56,55.885623046875,0
2017,6,24,19,56,57.6915239257812,0
2017,6,24,19,56,59.4973129882813,0
2017,6,24,19,57,1.30310107421875,0
2017,6,24,19,57,3.10893212890625,0
2017,6,24,19,57,4.9148759765625,0
2017,6,24,19,57,6.720833984375,0
2017,6,24,19,57,8.52664599609375,0
2017,6,24,19,57,10.3324638671875,0
2017,6,24,19,57,12.1383000488281,0
2017,6,24,19,57,13.94420703125,0
2017,6,24,19,57,15.7501579589844,0
2017,6,24,19,57,17.5559230957031,0
2017,6,24,19,57,19.3616892089844,0
2017,6,24,19,57,21.1675720214844,0
2017,6,24,19,57,22.9734599609375,0
2017,6,24,19,57,24.7791550292969,0
2017,6,24,19,57,26.5849968261719,0
2017,6,24,19,57,28.390755859375,0
2017,6,24,19,57,30.1965480957031,0
2017,6,24,19,57,32.0022939453125,0
2017,6,24,19,57,33.8082490234375,0
2017,6,24,19,57,35.6140200195313,0
2017,6,24,19,57,37.41975390625,0
2017,6,24,19,57,39.2255197753906,0
2017,6,24,19,57,41.0313920898437,0
2017,6,24,19,57,42.8373278808594,0
2017,6,24,19,57,44.6431411132813,0
2017,6,24,19,57,46.4488488769531,0
2017,6,24,19,57,48.2547221679688,0
2017,6,24,19,57,50.0604899902344,0
2017,6,24,19,57,51.8663969726562,0
2017,6,24,19,57,53.6723271484375,0
2017,6,24,19,57,55.4780610351563,0
2017,6,24,19,57,57.2839040527344,0
2017,6,24,19,57,59.0897839355469,0
2017,6,24,19,58,0.895569091796875,0
2017,6,24,19,58,2.70152221679687,0
2017,6,24,19,58,4.50721997070313,0
2017,6,24,19,58,6.31289794921875,0
2017,6,24,19,58,8.1186298828125,0
2017,6,24,19,58,9.92460205078125,0
2017,6,24,19,58,11.7304670410156,0
2017,6,24,19,58,13.5362180175781,0
2017,6,24,19,58,15.3420119628906,0
2017,6,24,19,58,17.147791015625,0
2017,6,24,19,58,18.9537280273438,0
2017,6,24,19,58,20.7594799804688,0
2017,6,24,19,58,22.5653410644531,0
2017,6,24,19,58,24.3709431152344,0
2017,6,24,19,58,26.176708984375,0
2017,6,24,19,58,27.9823889160156,0
2017,6,24,19,58,29.7883469238281,0
2017,6,24,19,58,31.5942299804688,0
2017,6,24,19,58,33.4002021484375,0
2017,6,24,19,58,35.2059929199219,0
2017,6,24,19,58,37.0117531738281,0
2017,6,24,19,58,38.8174829101563,0
2017,6,24,19,58,40.6234309082031,0
2017,6,24,19,58,42.4293662109375,0
2017,6,24,19,58,44.2351870117188,0
2017,6,24,19,58,46.040962890625,0
2017,6,24,19,58,47.8468940429687,0
2017,6,24,19,58,49.6526547851563,0
2017,6,24,19,58,51.458623046875,0
2017,6,24,19,58,53.2643620605469,0
2017,6,24,19,58,55.0700532226562,0
2017,6,24,19,58,56.8759848632813,0
2017,6,24,19,58,58.6817419433594,0
2017,6,24,19,59,0.487572998046875,0
2017,6,24,19,59,2.29335693359375,0
2017,6,24,19,59,4.09914990234375,0
2017,6,24,19,59,5.90502905273437,0
2017,6,24,19,59,7.7107470703125,0
2017,6,24,19,59,9.51667797851563,0
2017,6,24,19,59,11.3224489746094,0
2017,6,24,19,59,13.1282209472656,0
2017,6,24,19,59,14.9340129394531,0
2017,6,24,19,59,16.7398937988281,0
2017,6,24,19,59,18.5458400878906,0
2017,6,24,19,59,20.3517319335938,0
2017,6,24,19,59,22.1575478515625,0
2017,6,24,19,59,23.9634731445312,0
2017,6,24,19,59,25.7693688964844,0
2017,6,24,19,59,27.5751318359375,0
2017,6,24,19,59,29.3808229980469,0
2017,6,24,19,59,31.1865649414062,0
2017,6,24,19,59,32.9923999023437,0
2017,6,24,19,59,34.7980729980469,0
2017,6,24,19,59,36.60941796875,0
2017,6,24,19,59,38.4155949707031,0
2017,6,24,19,59,40.2215070800781,0
2017,6,24,19,59,42.0274602050781,0
2017,6,24,19,59,43.8332670898438,0
2017,6,24,19,59,45.6399089355469,0
2017,6,24,19,59,47.4457709960937,0
2017,6,24,19,59,49.2515749511719,0
2017,6,24,20,0,16.2339899902344,0
2017,6,24,20,0,18.0398220214844,0
2017,6,24,20,0,19.8457961425781,0
2017,6,24,20,0,21.6517429199219,0
2017,6,24,20,0,23.4575529785156,0
2017,6,24,20,0,25.263341796875,0
2017,6,24,20,0,27.0691530761719,0
2017,6,24,20,0,28.8751240234375,0
2017,6,24,20,0,30.6808901367188,0
2017,6,24,20,0,32.4866689453125,0
2017,6,24,20,0,34.292630859375,0
2017,6,24,20,0,36.0986508789062,0
2017,6,24,20,0,37.9046120605469,0
2017,6,24,20,0,39.7105910644531,0
2017,6,24,20,0,41.5165578613281,0
2017,6,24,20,0,43.322416015625,0
2017,6,24,20,0,45.1283901367187,0
2017,6,24,20,0,46.9343291015625,0
2017,6,24,20,0,48.7400141601562,0
2017,6,24,20,0,50.5457570800781,0
2017,6,24,20,0,52.3515539550781,0
2017,6,24,20,0,54.1574541015625,0
2017,6,24,20,0,55.9631298828125,0
2017,6,24,20,0,57.7689421386719,0
2017,6,24,20,0,59.5748039550781,0
2017,6,24,20,1,1.380626953125,0
2017,6,24,20,1,3.18639111328125,0
2017,6,24,20,1,13.3482219238281,0
2017,6,24,20,1,15.1540959472656,0
2017,6,24,20,1,16.9599208984375,0
2017,6,24,20,1,18.7658249511719,0
2017,6,24,20,1,20.5716381835937,0
2017,6,24,20,1,22.377330078125,0
2017,6,24,20,1,24.1832900390625,0
2017,6,24,20,1,25.9892001953125,0
2017,6,24,20,1,27.7950959472656,0
2017,6,24,20,1,29.600953125,0
2017,6,24,20,1,31.4066450195313,0
2017,6,24,20,1,33.2124499511719,0
2017,6,24,20,1,35.0183479003906,0
2017,6,24,20,1,36.8242849121094,0
2017,6,24,20,1,38.6301259765625,0
2017,6,24,20,1,40.4360319824219,0
2017,6,24,20,1,42.2418840332031,0
2017,6,24,20,1,44.0475979003906,0
2017,6,24,20,1,45.8533659667969,0
2017,6,24,20,1,47.6593029785156,0
2017,6,24,20,1,49.4650749511719,0
2017,6,24,20,1,51.2709819335938,0
2017,6,24,20,1,53.0767888183594,0
2017,6,24,20,1,54.8824929199219,0
2017,6,24,20,1,56.6884611816406,0
2017,6,24,20,1,58.4943491210937,0
2017,6,24,20,2,0.300176025390625,0
2017,6,24,20,2,2.10596484375,0
2017,6,24,20,2,3.911828125,0
2017,6,24,20,2,5.71759594726563,0
2017,6,24,20,2,7.52334301757813,0
2017,6,24,20,2,9.32916796875,0
2017,6,24,20,2,11.1350090332031,0
2017,6,24,20,2,12.9411311035156,0
2017,6,24,20,2,14.7470642089844,0
2017,6,24,20,2,16.5529260253906,0
2017,6,24,20,2,18.3588449707031,0
2017,6,24,20,2,20.1645300292969,0
2017,6,24,20,2,21.9702761230469,0
2017,6,24,20,2,23.7760419921875,0
2017,6,24,20,2,25.581751953125,0
2017,6,24,20,2,27.3877150878906,0
2017,6,24,20,2,29.193455078125,0
2017,6,24,20,2,30.9991879882812,0
2017,6,24,20,2,32.8048830566406,0
2017,6,24,20,2,34.6106018066406,0
2017,6,24,20,2,36.4164418945313,0
2017,6,24,20,2,38.2222690429687,0
2017,6,24,20,2,40.0280209960938,0
2017,6,24,20,2,41.8339829101563,0
2017,6,24,20,2,43.6398210449219,0
2017,6,24,20,2,45.4457541503906,0
2017,6,24,20,2,47.2517958984375,0
2017,6,24,20,2,49.0575100097656,0
2017,6,24,20,2,50.8632451171875,0
2017,6,24,20,2,52.6691330566406,0
2017,6,24,20,2,54.4748210449219,0
2017,6,24,20,2,56.2806560058594,0
2017,6,24,20,2,58.0865869140625,0
2017,6,24,20,2,59.892666015625,0
2017,6,24,20,3,1.69835498046875,0
2017,6,24,20,3,3.5042119140625,0
2017,6,24,20,3,5.31006201171875,0
2017,6,24,20,3,7.11590698242188,0
2017,6,24,20,3,8.92164697265625,0
2017,6,24,20,3,10.7274489746094,0
2017,6,24,20,3,12.5333608398438,0
2017,6,24,20,3,14.3392399902344,0
2017,6,24,20,3,16.1450310058594,0
2017,6,24,20,3,17.950869140625,0
2017,6,24,20,3,19.7566882324219,0
2017,6,24,20,3,21.5626259765625,0
2017,6,24,20,3,23.3682250976562,0
2017,6,24,20,3,25.1739047851562,0
2017,6,24,20,3,26.9797980957031,0
2017,6,24,20,3,28.7855288085937,0
2017,6,24,20,3,30.5914157714844,0
2017,6,24,20,3,32.3972770996094,0
2017,6,24,20,3,34.2033491210938,0
2017,6,24,20,3,36.0091560058594,0
2017,6,24,20,3,37.81499609375,0
2017,6,24,20,3,39.6209169921875,0
2017,6,24,20,3,41.4266850585937,0
2017,6,24,20,3,43.2323950195313,0
2017,6,24,20,3,45.0382858886719,0
2017,6,24,20,3,46.8442270507812,0
2017,6,24,20,3,48.6500891113281,0
2017,6,24,20,3,50.4558269042969,0
2017,6,24,20,3,52.2617490234375,0
2017,6,24,20,3,54.0674370117188,0
2017,6,24,20,3,55.8732451171875,0
2017,6,24,20,3,57.6789228515625,0
2017,6,24,20,3,59.4846750488281,0
2017,6,24,20,4,1.29044018554688,0
2017,6,24,20,4,3.096169921875,0
2017,6,24,20,4,4.90205200195313,0
2017,6,24,20,4,6.70775,0
2017,6,24,20,4,8.51369506835938,0
2017,6,24,20,4,10.3193940429687,0
2017,6,24,20,4,12.1252150878906,0
2017,6,24,20,4,13.931005859375,0
2017,6,24,20,4,15.7369758300781,0
2017,6,24,20,4,17.5428491210937,0
2017,6,24,20,4,19.3488020019531,0
2017,6,24,20,4,21.1546372070313,0
2017,6,24,20,4,22.9603330078125,0
2017,6,24,20,4,24.766037109375,0
2017,6,24,20,4,26.5719650878906,0
2017,6,24,20,4,28.3777109375,0
2017,6,24,20,4,30.1836259765625,0
2017,6,24,20,4,31.9894299316406,0
2017,6,24,20,4,33.7952709960937,0
2017,6,24,20,4,35.6011418457031,0
2017,6,24,20,4,37.4070129394531,0
2017,6,24,20,4,39.2128698730469,0
2017,6,24,20,4,41.0187260742187,0
2017,6,24,20,4,42.8247670898438,0
2017,6,24,20,4,44.6304899902344,0
2017,6,24,20,4,46.4364270019531,0
2017,6,24,20,4,48.2423330078125,0
2017,6,24,20,4,50.0482790527344,0
2017,6,24,20,4,51.8569299316406,0
2017,6,24,20,4,53.6627810058594,0
2017,6,24,20,4,55.4685139160156,0
2017,6,24,20,4,57.2744279785156,0
2017,6,24,20,4,59.0802561035156,0
2017,6,24,20,5,0.885951904296875,0
2017,6,24,20,5,2.69180102539063,0
2017,6,24,20,5,4.49767993164062,0
2017,6,24,20,5,6.3036240234375,0
2017,6,24,20,5,8.10935717773438,0
2017,6,24,20,5,9.91522778320313,0
2017,6,24,20,5,11.7210568847656,0
2017,6,24,20,5,13.5267770996094,0
2017,6,24,20,5,15.3324831542969,0
2017,6,24,20,5,17.1382680664063,0
2017,6,24,20,5,18.9442080078125,0
2017,6,24,20,5,20.7499968261719,0
2017,6,24,20,5,22.5560600585938,0
2017,6,24,20,5,24.3617980957031,0
2017,6,24,20,5,26.1676240234375,0
2017,6,24,20,5,28.0186591796875,0
2017,6,24,20,5,29.824412109375,0
2017,6,24,20,5,31.6303090820312,0
2017,6,24,20,5,33.4362458496094,0
2017,6,24,20,5,35.2421518554687,0
2017,6,24,20,5,37.0481118164062,0
2017,6,24,20,5,38.8539689941406,0
2017,6,24,20,5,40.6596721191406,0
2017,6,24,20,5,42.4653859863281,0
2017,6,24,20,5,44.2969660644531,0
2017,6,24,20,5,46.3398430175781,0
2017,6,24,20,5,48.2677141113281,0
2017,6,24,20,5,50.1154921875,0
2017,6,24,20,5,52.0124909667969,0
2017,6,24,20,5,53.9471499023438,0
2017,6,24,20,5,55.7717370605469,0
2017,6,24,20,5,57.7886550292969,0
2017,6,24,20,5,59.6773549804687,0
2017,6,24,20,6,1.52551708984375,0
2017,6,24,20,6,3.5257900390625,0
2017,6,24,20,6,5.33153881835938,0
2017,6,24,20,6,7.19389794921875,0
2017,6,24,20,6,9.31932006835937,0
2017,6,24,20,6,11.2979350585937,0
2017,6,24,20,6,13.5265988769531,0
2017,6,24,20,6,15.3325620117187,0
2017,6,24,20,6,17.3496010742188,0
2017,6,24,20,6,19.3426420898437,0
2017,6,24,20,6,21.4120979003906,0
2017,6,24,20,6,23.3479240722656,0
2017,6,24,20,6,25.2581538085938,0
2017,6,24,20,6,27.0638520507813,0
2017,6,24,20,6,28.912125,0
2017,6,24,20,6,30.9991650390625,0
2017,6,24,20,6,32.9284680175781,0
2017,6,24,20,6,34.7823100585938,0
2017,6,24,20,6,36.7155048828125,0
2017,6,24,20,6,38.5214050292969,0
2017,6,24,20,6,40.3372580566406,0
2017,6,24,20,6,42.3107351074219,0
2017,6,24,20,6,44.2716428222656,0
2017,6,24,20,6,46.077619140625,0
2017,6,24,20,6,47.9894541015625,0
2017,6,24,20,6,49.9927800292969,0
2017,6,24,20,6,51.8125830078125,0
2017,6,24,20,6,53.9692290039062,0
2017,6,24,20,6,55.9652280273437,0
2017,6,24,20,6,57.8998200683594,0
2017,6,24,20,6,59.9703420410156,0
2017,6,24,20,7,2.01290209960937,0
2017,6,24,20,7,3.959966796875,0
2017,6,24,20,7,6.00890698242188,0
2017,6,24,20,7,8.01785986328125,0
2017,6,24,20,7,9.97241088867188,0
2017,6,24,20,7,11.8035510253906,0
2017,6,24,20,7,13.7602980957031,0
2017,6,24,20,7,15.5691589355469,0
2017,6,24,20,7,17.6500539550781,0
2017,6,24,20,7,19.520833984375,0
2017,6,24,20,7,21.5637141113281,0
2017,6,24,20,7,23.3913869628906,0
2017,6,24,20,7,25.5425290527344,0
2017,6,24,20,7,27.44342578125,0
2017,6,24,20,7,29.3011320800781,0
2017,6,24,20,7,31.1708569335938,0
2017,6,24,20,7,33.0898120117187,0
2017,6,24,20,7,35.0268559570313,0
2017,6,24,20,7,36.8860900878906,0
2017,6,24,20,7,39.064501953125,0
2017,6,24,20,7,40.9513430175781,0
2017,6,24,20,7,42.9214460449219,0
2017,6,24,20,7,44.7413061523438,0
2017,6,24,20,7,46.6133439941406,0
2017,6,24,20,7,48.5060471191406,0
2017,6,24,20,7,50.3119479980469,0
2017,6,24,20,7,52.3319357910156,0
2017,6,24,20,7,54.4693129882813,0
2017,6,24,20,7,56.5244890136719,0
2017,6,24,20,7,58.4974970703125,0
2017,6,24,20,8,0.303370849609375,0
2017,6,24,20,8,2.13680688476563,0
2017,6,24,20,8,4.1604580078125,0
2017,6,24,20,8,5.9662880859375,0
2017,6,24,20,8,7.89964013671875,0
2017,6,24,20,8,9.704623046875,0
2017,6,24,20,8,11.63695703125,0
2017,6,24,20,8,13.5228259277344,0
2017,6,24,20,8,15.3873129882813,0
2017,6,24,20,8,17.2290791015625,0
2017,6,24,20,8,19.0348469238281,0
2017,6,24,20,8,20.9038859863281,0
2017,6,24,20,8,22.88433203125,0
2017,6,24,20,8,24.7164079589844,0
2017,6,24,20,8,26.5662509765625,0
2017,6,24,20,8,28.3817551269531,0
2017,6,24,20,8,30.3033098144531,0
2017,6,24,20,8,32.2578918457031,0
2017,6,24,20,8,34.1565349121094,0
2017,6,24,20,8,36.0312651367188,0
2017,6,24,20,8,37.9650500488281,0
2017,6,24,20,8,39.8068020019531,0
2017,6,24,20,8,41.8074479980469,0
2017,6,24,20,8,43.6274709472656,0
2017,6,24,20,8,45.4333669433594,0
2017,6,24,20,8,47.4718708496094,0
2017,6,24,20,8,49.3041320800781,0
2017,6,24,20,8,51.1204099121094,0
2017,6,24,20,8,53.0441730957031,0
2017,6,24,20,8,54.934794921875,0
2017,6,24,20,8,56.8365778808594,0
2017,6,24,20,8,58.8631979980469,0
2017,6,24,20,9,0.756867919921875,0
2017,6,24,20,9,2.59084399414062,0
2017,6,24,20,9,4.43206909179688,0
2017,6,24,20,9,6.40605395507813,0
2017,6,24,20,9,8.305705078125,0
2017,6,24,20,9,10.1114489746094,0
2017,6,24,20,9,11.9824599609375,0
2017,6,24,20,9,13.7883830566406,0
2017,6,24,20,9,15.594330078125,0
2017,6,24,20,9,17.4000319824219,0
2017,6,24,20,9,19.2059318847656,0
2017,6,24,20,9,21.0117458496094,0
2017,6,24,20,9,22.8174790039063,0
2017,6,24,20,9,24.6233898925781,0
2017,6,24,20,9,26.4291589355469,0
2017,6,24,20,9,28.2350659179688,0
2017,6,24,20,9,30.040908203125,0
2017,6,24,20,9,32.0129479980469,0
2017,6,24,20,9,33.8188449707031,0
2017,6,24,20,9,35.6856931152344,0
2017,6,24,20,9,37.6351049804688,0
2017,6,24,20,9,39.5217490234375,0
2017,6,24,20,9,41.4267680664062,0
2017,6,24,20,9,43.3059270019531,0
2017,6,24,20,9,45.1119421386719,0
2017,6,24,20,9,47.1530949707031,0
2017,6,24,20,9,48.9588640136719,0
2017,6,24,20,9,51.0726599121094,0
2017,6,24,20,9,53.0292109375,0
2017,6,24,20,9,54.9497939453125,0
2017,6,24,20,9,56.8206538085937,0
2017,6,24,20,9,58.6270471191406,0
2017,6,24,20,10,0.51401708984375,0
2017,6,24,20,10,2.43381201171875,0
2017,6,24,20,10,4.36864086914063,0
2017,6,24,20,10,6.30710205078125,0
2017,6,24,20,10,8.11280615234375,0
2017,6,24,20,10,9.9868369140625,0
2017,6,24,20,10,12.0494638671875,0
2017,6,24,20,10,13.97658984375,0
2017,6,24,20,10,15.7877678222656,0
2017,6,24,20,10,17.7405441894531,0
2017,6,24,20,10,19.5505310058594,0
2017,6,24,20,10,21.4986030273438,0
2017,6,24,20,10,23.467,0
2017,6,24,20,10,25.3070310058594,0
2017,6,24,20,10,27.1550358886719,0
2017,6,24,20,10,29.0389599609375,0
2017,6,24,20,10,30.988083984375,0
2017,6,24,20,10,33.05054296875,0
2017,6,24,20,10,35.050798828125,0
2017,6,24,20,10,36.9784450683594,0
2017,6,24,20,10,38.9164860839844,0
2017,6,24,20,10,40.7293100585937,0
2017,6,24,20,10,42.53516015625,0
2017,6,24,20,10,44.3409677734375,0
2017,6,24,20,10,46.1467390136719,0
2017,6,24,20,10,47.9526650390625,0
2017,6,24,20,10,49.7585600585938,0
2017,6,24,20,10,51.5642810058594,0
2017,6,24,20,10,53.3700700683594,0
2017,6,24,20,10,55.1759379882812,0
2017,6,24,20,11,37.6750520019531,0
2017,6,24,20,11,39.4809938964844,0
2017,6,24,20,11,41.2866840820313,0
2017,6,24,20,11,43.0925,0
2017,6,24,20,11,44.8983400878906,0
2017,6,24,20,11,47.0147641601562,0
2017,6,24,20,11,48.8265358886719,0
2017,6,24,20,11,50.74916796875,0
2017,6,24,20,11,52.7391550292969,0
2017,6,24,20,11,54.5450261230469,0
2017,6,24,20,11,56.393994140625,0
2017,6,24,20,11,58.3013142089844,0
2017,6,24,20,12,0.229177001953125,0
2017,6,24,20,12,2.14781811523437,0
2017,6,24,20,12,4.02377099609375,0
2017,6,24,20,12,5.83411010742187,0
2017,6,24,20,12,7.70430395507813,0
2017,6,24,20,12,9.5225771484375,0
2017,6,24,20,12,11.4702609863281,0
2017,6,24,20,12,13.320203125,0
2017,6,24,20,12,15.3201040039063,0
2017,6,24,20,12,17.3637858886719,0
2017,6,24,20,12,19.2454887695312,0
2017,6,24,20,12,21.2344711914063,0
2017,6,24,20,12,23.0685061035156,0
2017,6,24,20,12,25.2250329589844,0
2017,6,24,20,12,27.0308330078125,0
2017,6,24,20,12,28.9911940917969,0
2017,6,24,20,12,31.0304680175781,0
2017,6,24,20,12,32.8424069824219,0
2017,6,24,20,12,34.8984528808594,0
2017,6,24,20,12,36.8809450683594,0
2017,6,24,20,12,38.823041015625,0
2017,6,24,20,12,40.6610158691406,0
2017,6,24,20,12,42.6953830566406,0
2017,6,24,20,12,44.5249450683594,0
2017,6,24,20,12,46.3562788085937,0
2017,6,24,20,12,48.3211638183594,0
2017,6,24,20,12,50.1277670898438,0
2017,6,24,20,12,52.014578125,0
2017,6,24,20,12,53.9611420898437,0
2017,6,24,20,12,55.6851369628906,0
2017,6,24,20,12,57.8142209472656,0
2017,6,24,20,12,59.7604318847656,0
2017,6,24,20,13,1.62688598632813,0
2017,6,24,20,13,3.71201611328125,0
2017,6,24,20,13,5.5491240234375,0
2017,6,24,20,13,7.38846484375,0
2017,6,24,20,13,9.43573999023437,0
2017,6,24,20,13,11.3025009765625,0
2017,6,24,20,13,13.1084741210937,0
2017,6,24,20,13,14.9819699707031,0
2017,6,24,20,13,17.0369040527344,0
2017,6,24,20,13,18.9620830078125,0
2017,6,24,20,13,20.7984331054687,0
2017,6,24,20,13,22.8829528808594,0
2017,6,24,20,13,24.6941809082031,0
2017,6,24,20,13,26.5655620117188,0
2017,6,24,20,13,28.5196450195313,0
2017,6,24,20,13,30.33670703125,0
2017,6,24,20,13,32.2418798828125,0
2017,6,24,20,13,34.20808203125,0
2017,6,24,20,13,36.0140200195313,0
2017,6,24,20,13,37.9466469726562,0
2017,6,24,20,13,40.2052131347656,0
2017,6,24,20,13,42.0110270996094,0
2017,6,24,20,13,43.9361999511719,0
2017,6,24,20,13,45.7463701171875,0
2017,6,24,20,13,47.7139790039063,0
2017,6,24,20,13,49.5582348632812,0
2017,6,24,20,13,51.39904296875,0
2017,6,24,20,13,53.3233581542969,0
2017,6,24,20,13,55.1823420410156,0
2017,6,24,20,13,57.2463310546875,0
2017,6,24,20,13,59.0520388183594,0
2017,6,24,20,14,1.44951000976563,0
2017,6,24,20,14,3.33393603515625,0
2017,6,24,20,14,5.31364111328125,0
2017,6,24,20,14,7.28926806640625,0
2017,6,24,20,14,9.09499096679687,0
2017,6,24,20,14,10.9438330078125,0
2017,6,24,20,14,12.8763439941406,0
2017,6,24,20,14,14.7314899902344,0
2017,6,24,20,14,16.7062048339844,0
2017,6,24,20,14,18.5579680175781,0
2017,6,24,20,14,20.6191259765625,0
2017,6,24,20,14,22.544244140625,0
2017,6,24,20,14,24.350125,0
2017,6,24,20,14,26.3836911621094,0
2017,6,24,20,14,28.3910739746094,0
2017,6,24,20,14,30.3251618652344,0
2017,6,24,20,14,32.1512170410156,0
2017,6,24,20,14,34.1148269042969,0
2017,6,24,20,14,35.9446440429687,0
2017,6,24,20,14,37.9342419433594,0
2017,6,24,20,14,39.7398879394531,0
2017,6,24,20,14,41.6336721191406,0
2017,6,24,20,14,43.5185139160156,0
2017,6,24,20,14,45.3253200683594,0
2017,6,24,20,14,47.3517438964844,0
2017,6,24,20,14,49.3253669433594,0
2017,6,24,20,14,51.5634689941406,0
2017,6,24,20,14,53.5206979980469,0
2017,6,24,20,14,55.3266330566406,0
2017,6,24,20,14,57.2573969726563,0
2017,6,24,20,14,59.1747990722656,0
2017,6,24,20,15,0.996190185546875,0
2017,6,24,20,15,2.85932202148437,0
2017,6,24,20,15,4.73235400390625,0
2017,6,24,20,15,6.53819213867188,0
2017,6,24,20,15,8.379419921875,0
2017,6,24,20,15,10.3262360839844,0
2017,6,24,20,15,12.1321320800781,0
2017,6,24,20,15,14.0263110351562,0
2017,6,24,20,15,15.8514340820313,0
2017,6,24,20,15,17.7220129394531,0
2017,6,24,20,15,19.527796875,0
2017,6,24,20,15,21.4092810058594,0
2017,6,24,20,15,23.334462890625,0
2017,6,24,20,15,25.1403552246094,0
2017,6,24,20,15,26.9664050292969,0
2017,6,24,20,15,28.9951369628906,0
2017,6,24,20,15,30.8011018066406,0
2017,6,24,20,15,32.7044479980469,0
2017,6,24,20,15,34.5283369140625,0
2017,6,24,20,15,36.4620700683594,0
2017,6,24,20,15,38.3267709960937,0
2017,6,24,20,15,40.1342270507812,0
2017,6,24,20,15,42.0419870605469,0
2017,6,24,20,15,44.0168029785156,0
2017,6,24,20,15,45.9775510253906,0
2017,6,24,20,15,48.0120808105469,0
2017,6,24,20,15,49.9670930175781,0
2017,6,24,20,15,51.8813869628906,0
2017,6,24,20,15,53.8393708496094,0
2017,6,24,20,15,55.6772290039062,0
2017,6,24,20,15,57.5534270019531,0
2017,6,24,20,15,59.3967990722656,0
2017,6,24,20,16,1.32753393554687,0
2017,6,24,20,16,3.23592407226562,0
2017,6,24,20,16,5.10850903320313,0
2017,6,24,20,16,6.967962890625,0
2017,6,24,20,16,8.77390185546875,0
2017,6,24,20,16,10.8830830078125,0
2017,6,24,20,16,12.8166989746094,0
2017,6,24,20,16,14.7083681640625,0
2017,6,24,20,16,16.6683439941406,0
2017,6,24,20,16,18.5132900390625,0
2017,6,24,20,16,20.3291909179687,0
2017,6,24,20,16,22.4604758300781,0
2017,6,24,20,16,24.3305329589844,0
2017,6,24,20,16,26.2278071289062,0
2017,6,24,20,16,28.0935810546875,0
2017,6,24,20,16,30.0185529785156,0
2017,6,24,20,16,31.9817451171875,0
2017,6,24,20,16,34.1494340820312,0
2017,6,24,20,16,35.9597709960938,0
2017,6,24,20,16,37.8967849121094,0
2017,6,24,20,16,39.7919929199219,0
2017,6,24,20,16,41.7295100097656,0
2017,6,24,20,16,43.53521484375,0
2017,6,24,20,16,45.340955078125,0
2017,6,24,20,16,47.338912109375,0
2017,6,24,20,16,49.3289460449219,0
2017,6,24,20,16,51.1888039550781,0
2017,6,24,20,16,53.0442431640625,0
2017,6,24,20,16,54.9589018554688,0
2017,6,24,20,16,56.8853010253906,0
2017,6,24,20,16,58.8313269042969,0
2017,6,24,20,17,0.679047119140625,0
2017,6,24,20,17,2.61764404296875,0
2017,6,24,20,17,4.77409912109375,0
2017,6,24,20,17,6.6007470703125,0
2017,6,24,20,17,8.4557978515625,0
2017,6,24,20,17,10.3193449707031,0
2017,6,24,20,17,12.3467280273437,0
2017,6,24,20,17,14.3059880371094,0
2017,6,24,20,17,16.1118549804687,0
2017,6,24,20,17,18.0734028320312,0
2017,6,24,20,17,19.9482509765625,0
2017,6,24,20,17,21.900080078125,0
2017,6,24,20,17,23.7060180664063,0
2017,6,24,20,17,25.5322880859375,0
2017,6,24,20,17,27.4826069335938,0
2017,6,24,20,17,29.3333798828125,0
2017,6,24,20,17,31.1715979003906,0
2017,6,24,20,17,33.0513251953125,0
2017,6,24,20,17,34.8777060546875,0
2017,6,24,20,17,36.7864089355469,0
2017,6,24,20,17,38.7482741699219,0
2017,6,24,20,17,40.5540239257813,0
2017,6,24,20,17,42.4015659179688,0
2017,6,24,20,17,44.2957290039063,0
2017,6,24,20,17,46.3035991210937,0
2017,6,24,20,17,48.1773759765625,0
2017,6,24,20,17,50.0078161621094,0
2017,6,24,20,17,51.8800910644531,0
2017,6,24,20,17,53.708126953125,0
2017,6,24,20,17,55.5346379394531,0
2017,6,24,20,17,57.3549340820312,0
2017,6,24,20,17,59.3305759277344,0
2017,6,24,20,18,1.34621997070313,0
2017,6,24,20,18,3.15503002929688,0
2017,6,24,20,18,4.98098217773437,0
2017,6,24,20,18,7.04680102539063,0
2017,6,24,20,18,8.97111108398438,0
2017,6,24,20,18,10.7768950195312,0
2017,6,24,20,18,12.8358120117187,0
2017,6,24,20,18,14.7351838378906,0
2017,6,24,20,18,16.6549699707031,0
2017,6,24,20,18,18.5112719726562,0
2017,6,24,20,18,20.4588430175781,0
2017,6,24,20,18,22.4899169921875,0
2017,6,24,20,18,24.3493149414062,0
2017,6,24,20,18,26.2491879882812,0
2017,6,24,20,18,28.4671860351562,0
2017,6,24,20,18,30.3318100585937,0
2017,6,24,20,18,32.1598620605469,0
2017,6,24,20,18,34.0289157714844,0
2017,6,24,20,18,36.0019609375,0
2017,6,24,20,18,37.9289638671875,0
2017,6,24,20,18,40.0629438476562,0
2017,6,24,20,18,42.0028349609375,0
2017,6,24,20,18,43.9094328613281,0
2017,6,24,20,18,45.8257739257812,0
2017,6,24,20,18,47.7540700683594,0
2017,6,24,20,18,49.5887309570313,0
2017,6,24,20,18,51.60470703125,0
2017,6,24,20,18,53.5105720214844,0
2017,6,24,20,18,55.3331589355469,0
2017,6,24,20,18,57.1536091308594,0
2017,6,24,20,18,59.0733161621094,0
2017,6,24,20,19,0.98260693359375,0
2017,6,24,20,19,3.08096704101562,0
2017,6,24,20,19,5.072623046875,0
2017,6,24,20,19,6.96273803710938,0
2017,6,24,20,19,8.90365283203125,0
2017,6,24,20,19,10.7828100585937,0
2017,6,24,20,19,12.7346379394531,0
2017,6,24,20,19,14.5705200195312,0
2017,6,24,20,19,16.5440170898437,0
2017,6,24,20,19,18.3497280273438,0
2017,6,24,20,19,20.1782729492188,0
2017,6,24,20,19,22.0469790039063,0
2017,6,24,20,19,23.9843181152344,0
2017,6,24,20,19,25.9208869628906,0
2017,6,24,20,19,27.9208937988281,0
2017,6,24,20,19,29.7266599121094,0
2017,6,24,20,19,31.5919399414062,0
2017,6,24,20,19,33.5250100097656,0
2017,6,24,20,19,35.3342741699219,0
2017,6,24,20,19,37.1429919433594,0
2017,6,24,20,19,39.0169338378906,0
2017,6,24,20,19,40.8228940429687,0
2017,6,24,20,19,42.7602580566406,0
2017,6,24,20,19,44.6207021484375,0
2017,6,24,20,19,46.5169401855469,0
2017,6,24,20,19,48.334173828125,0
2017,6,24,20,19,50.3343190917969,0
2017,6,24,20,19,52.4708081054687,0
2017,6,24,20,19,54.3191882324219,0
2017,6,24,20,19,56.3788649902344,0
2017,6,24,20,19,58.1847680664062,0
2017,6,24,20,20,0.085031005859375,0
2017,6,24,20,20,2.15085205078125,0
2017,6,24,20,20,4.01451904296875,0
2017,6,24,20,20,5.965162109375,0
2017,6,24,20,20,8.23285791015625,0
2017,6,24,20,20,10.0432309570313,0
2017,6,24,20,20,11.9602829589844,0
2017,6,24,20,20,13.9151909179688,0
2017,6,24,20,20,15.787380859375,0
2017,6,24,20,20,17.78712890625,0
2017,6,24,20,20,19.6008452148438,0
2017,6,24,20,20,21.5590678710937,0
2017,6,24,20,20,23.3652739257812,0
2017,6,24,20,20,25.1777270507813,0
2017,6,24,20,20,27.1492551269531,0
2017,6,24,20,20,29.0120490722656,0
2017,6,24,20,20,31.0476389160156,0
2017,6,24,20,20,33.0542331542969,0
2017,6,24,20,20,35.0315859375,0
2017,6,24,20,20,37.1096240234375,0
2017,6,24,20,20,39.0461208496094,0
2017,6,24,20,20,40.8519221191406,0
2017,6,24,20,20,42.7043601074219,0
2017,6,24,20,20,44.5406579589844,0
2017,6,24,20,20,46.4978520507812,0
2017,6,24,20,20,48.3358679199219,0
2017,6,24,20,20,50.1417990722656,0
2017,6,24,20,20,52.0243630371094,0
2017,6,24,20,20,53.8674929199219,0
2017,6,24,20,20,55.6971481933594,0
2017,6,24,20,20,57.6450158691406,0
2017,6,24,20,20,59.5489741210937,0
2017,6,24,20,21,1.56677001953125,0
2017,6,24,20,21,3.48403002929687,0
2017,6,24,20,21,5.33644799804688,0
2017,6,24,20,21,7.361916015625,0
2017,6,24,20,21,9.30233911132813,0
2017,6,24,20,21,11.1082719726563,0
2017,6,24,20,21,13.0729370117188,0
2017,6,24,20,21,14.9930661621094,0
2017,6,24,20,21,17.0129431152344,0
2017,6,24,20,21,18.977287109375,0
2017,6,24,20,21,20.7908950195312,0
2017,6,24,20,21,22.7318659667969,0
2017,6,24,20,21,24.5528869628906,0
2017,6,24,20,21,26.6790239257813,0
2017,6,24,20,21,28.6455791015625,0
2017,6,24,20,21,30.5315991210937,0
2017,6,24,20,21,32.3374919433594,0
2017,6,24,20,21,34.5010681152344,0
2017,6,24,20,21,36.3670148925781,0
2017,6,24,20,21,38.3375981445312,0
2017,6,24,20,21,40.337673828125,0
2017,6,24,20,21,42.2690598144531,0
2017,6,24,20,21,44.2393601074219,0
2017,6,24,20,21,46.0451618652344,0
2017,6,24,20,21,47.8964150390625,0
2017,6,24,20,21,49.7480029296875,0
2017,6,24,20,21,51.7324360351562,0
2017,6,24,20,21,53.5596469726563,0
2017,6,24,20,21,55.3656079101562,0
2017,6,24,20,21,57.4960888671875,0
2017,6,24,20,21,59.3384709472656,0
2017,6,24,20,22,1.1718740234375,0
2017,6,24,20,22,3.02893505859375,0
2017,6,24,20,22,5.0862109375,0
2017,6,24,20,22,7.03869116210937,0
2017,6,24,20,22,9.01753491210937,0
2017,6,24,20,22,10.8233420410156,0
2017,6,24,20,22,12.7043779296875,0
2017,6,24,20,22,14.5235830078125,0
2017,6,24,20,22,16.5262409667969,0
2017,6,24,20,22,18.3390290527344,0
2017,6,24,20,22,20.3391379394531,0
2017,6,24,20,22,22.4913098144531,0
2017,6,24,20,22,24.3392839355469,0
2017,6,24,20,22,26.3463449707031,0
2017,6,24,20,22,28.1522368164063,0
2017,6,24,20,22,29.9993449707031,0
2017,6,24,20,22,31.9074831542969,0
2017,6,24,20,22,33.8097939453125,0
2017,6,24,20,22,35.6262478027344,0
2017,6,24,20,22,37.550798828125,0
2017,6,24,20,22,39.6285200195313,0
2017,6,24,20,22,41.6563361816406,0
2017,6,24,20,22,43.7220419921875,0
2017,6,24,20,22,45.5277451171875,0
2017,6,24,20,22,47.6702790527344,0
2017,6,24,20,22,49.5324089355469,0
2017,6,24,20,22,51.484126953125,0
2017,6,24,20,22,53.3402358398437,0
2017,6,24,20,22,55.1462021484375,0
2017,6,24,20,22,57.0432041015625,0
2017,6,24,20,22,58.8546369628906,0
2017,6,24,20,23,0.7304521484375,0
2017,6,24,20,23,2.67710302734375,0
2017,6,24,20,23,4.545455078125,0
2017,6,24,20,23,6.55581591796875,0
2017,6,24,20,23,8.39768090820312,0
2017,6,24,20,23,10.3408610839844,0
2017,6,24,20,23,12.161375,0
2017,6,24,20,23,14.0353278808594,0
2017,6,24,20,23,15.9709270019531,0
2017,6,24,20,23,18.0088068847656,0
2017,6,24,20,23,19.8238000488281,0
2017,6,24,20,23,21.9933889160156,0
2017,6,24,20,23,23.8035749511719,0
2017,6,24,20,23,25.6094240722656,0
2017,6,24,20,23,27.52408203125,0
2017,6,24,20,23,29.341630859375,0
2017,6,24,20,23,31.3259799804688,0
2017,6,24,20,23,33.1319389648437,0
2017,6,24,20,23,34.9933820800781,0
2017,6,24,20,23,37.0192900390625,0
2017,6,24,20,23,38.8341379394531,0
2017,6,24,20,23,40.6818449707031,0
2017,6,24,20,23,42.7925979003906,0
2017,6,24,20,23,44.6972419433594,0
2017,6,24,20,23,46.7566960449219,0
2017,6,24,20,23,48.5724919433594,0
2017,6,24,20,23,50.3782189941406,0
2017,6,24,20,23,52.3946079101563,0
2017,6,24,20,23,54.2016970214844,0
2017,6,24,20,23,56.1043349609375,0
2017,6,24,20,23,58.2073381347656,0
2017,6,24,20,24,0.013256103515625,0
2017,6,24,20,24,1.98046997070313,0
2017,6,24,20,24,3.9308701171875,0
2017,6,24,20,24,5.7432109375,0
2017,6,24,20,24,7.54918798828125,0
2017,6,24,20,24,9.3759228515625,0
2017,6,24,20,24,11.3428439941406,0
2017,6,24,20,24,13.1486069335938,0
2017,6,24,20,24,15.0091760253906,0
2017,6,24,20,24,16.9075629882812,0
2017,6,24,20,24,18.7546049804687,0
2017,6,24,20,24,20.5674919433594,0
2017,6,24,20,24,22.3794050292969,0
2017,6,24,20,24,24.3443410644531,0
2017,6,24,20,24,26.1625559082031,0
2017,6,24,20,24,28.0800029296875,0
2017,6,24,20,24,30.0268540039063,0
2017,6,24,20,24,32.0803881835937,0
2017,6,24,20,24,34.0652180175781,0
2017,6,24,20,24,36.0133811035156,0
2017,6,24,20,24,38.0316821289062,0
2017,6,24,20,24,39.8375310058594,0
2017,6,24,20,24,41.7716440429688,0
2017,6,24,20,24,43.5811159667969,0
2017,6,24,20,24,45.463630859375,0
2017,6,24,20,24,47.2972490234375,0
2017,6,24,20,24,49.6580568847656,0
2017,6,24,20,24,51.5300268554687,0
2017,6,24,20,24,53.5388200683594,0
2017,6,24,20,24,55.3741628417969,0
2017,6,24,20,24,57.3440700683594,0
2017,6,24,20,24,59.25057421875,0
2017,6,24,20,25,1.18265502929687,0
2017,6,24,20,25,2.98844287109375,0
2017,6,24,20,25,4.92932788085938,1
2017,6,24,20,25,7.163373046875,1
2017,6,24,20,25,9.04450610351562,1
2017,6,24,20,25,10.8582709960938,1
2017,6,24,20,25,12.7948200683594,1
2017,6,24,20,25,14.757087890625,1
2017,6,24,20,25,16.6530759277344,1
2017,6,24,20,25,18.4687878417969,1
2017,6,24,20,25,20.3449509277344,1
2017,6,24,20,25,22.3646291503906,1
2017,6,24,20,25,24.1705310058594,1
2017,6,24,20,25,25.9969138183594,1
2017,6,24,20,25,27.8595349121094,1
2017,6,24,20,25,29.7056320800781,1
2017,6,24,20,25,31.5285830078125,1
2017,6,24,20,25,33.3936259765625,1
2017,6,24,20,25,35.3452600097656,1
2017,6,24,20,25,37.1786831054687,1
2017,6,24,20,25,39.065205078125,1
2017,6,24,20,25,40.9953588867187,1
2017,6,24,20,25,42.9260649414063,1
2017,6,24,20,25,44.7801730957031,1
2017,6,24,20,25,46.8207990722656,1
2017,6,24,20,25,48.7157280273438,0
2017,6,24,20,25,50.5480180664063,0
2017,6,24,20,25,52.5317731933594,0
2017,6,24,20,25,54.3546860351562,0
2017,6,24,20,25,56.4098352050781,0
2017,6,24,20,25,58.345916015625,0
2017,6,24,20,26,0.20168701171875,0
2017,6,24,20,26,2.11822607421875,1
2017,6,24,20,26,4.02845092773437,1
2017,6,24,20,26,6.01060888671875,1
2017,6,24,20,26,8.07325708007813,1
2017,6,24,20,26,10.0148051757812,1
2017,6,24,20,26,12.0433618164063,1
2017,6,24,20,26,13.8490959472656,1
2017,6,24,20,26,15.6552761230469,1
2017,6,24,20,26,17.8399108886719,1
2017,6,24,20,26,19.7642419433594,1
2017,6,24,20,26,21.7979370117188,1
2017,6,24,20,26,23.6136391601563,1
2017,6,24,20,26,25.4866999511719,1
2017,6,24,20,26,27.368671875,1
2017,6,24,20,26,29.3469509277344,1
2017,6,24,20,26,31.1631789550781,1
2017,6,24,20,26,33.1390329589844,1
2017,6,24,20,26,34.9968950195313,1
2017,6,24,20,26,36.9395659179687,0
2017,6,24,20,26,38.923912109375,0
2017,6,24,20,26,40.7591049804687,0
2017,6,24,20,26,42.7129929199219,0
2017,6,24,20,26,44.5187348632813,0
2017,6,24,20,26,46.3246479492188,0
2017,6,24,20,26,48.1387141113281,0
2017,6,24,20,26,49.944541015625,0
2017,6,24,20,26,51.7505,0
2017,6,24,20,26,53.5563891601563,0
2017,6,24,20,26,55.3621459960938,0
2017,6,24,20,26,57.1693269042969,0
2017,6,24,20,26,58.9750859375,0
2017,6,24,20,27,0.78106005859375,0
2017,6,24,20,27,2.58700708007812,0
2017,6,24,20,27,4.39277001953125,0
2017,6,24,20,27,6.19849487304687,0
2017,6,24,20,27,8.00447094726563,0
2017,6,24,20,27,9.81044702148438,0
2017,6,24,20,27,11.6163759765625,0
2017,6,24,20,27,13.4294689941406,0
2017,6,24,20,27,15.2353950195312,0
2017,6,24,20,27,17.041337890625,0
2017,6,24,20,27,18.8470949707031,0
2017,6,24,20,27,20.6528461914063,0
2017,6,24,20,27,22.4586301269531,0
2017,6,24,20,27,24.2645749511719,0
2017,6,24,20,27,26.0704370117187,0
2017,6,24,20,27,27.8762058105469,0
2017,6,24,20,27,29.681962890625,0
2017,6,24,20,27,31.4878020019531,0
2017,6,24,20,27,33.2935979003906,0
2017,6,24,20,27,35.09933984375,0
2017,6,24,20,27,36.9051279296875,0
2017,6,24,20,27,38.7108640136719,0
2017,6,24,20,27,40.5166020507813,0
2017,6,24,20,27,42.3225769042969,0
2017,6,24,20,27,44.1282939453125,0
2017,6,24,20,27,45.9340219726562,0
2017,6,24,20,27,47.7399851074219,0
2017,6,24,20,27,49.5457490234375,0
2017,6,24,20,27,51.3515129394531,0
2017,6,24,20,27,53.1573688964844,0
2017,6,24,20,27,54.9631469726562,0
2017,6,24,20,27,56.768912109375,0
2017,6,24,20,27,58.5748349609375,0
2017,6,24,20,28,0.38075390625,0
2017,6,24,20,28,2.18659594726563,0
2017,6,24,20,28,3.99241088867188,0
2017,6,24,20,28,5.79839111328125,0
2017,6,24,20,28,7.60419116210937,0
2017,6,24,20,28,9.4101328125,0
2017,6,24,20,28,11.2158862304687,0
2017,6,24,20,28,13.0229211425781,0
2017,6,24,20,28,14.8289030761719,0
2017,6,24,20,28,16.6347880859375,0
2017,6,24,20,28,18.4406359863281,0
2017,6,24,20,28,20.2462629394531,0
2017,6,24,20,28,22.0520461425781,0
2017,6,24,20,28,23.8580170898437,0
2017,6,24,20,28,25.6637470703125,0
2017,6,24,20,28,27.4695471191406,0
2017,6,24,20,28,29.275458984375,0
2017,6,24,20,28,31.0814309082031,0
2017,6,24,20,28,32.8873740234375,0
2017,6,24,20,28,34.6932990722656,0
2017,6,24,20,28,36.4992290039063,0
2017,6,24,20,28,38.3049189453125,0
2017,6,24,20,28,40.1106340332031,0
2017,6,24,20,28,41.9164309082031,0
2017,6,24,20,28,43.722162109375,0
2017,6,24,20,28,45.5279418945313,0
2017,6,24,20,28,47.3337609863281,0
2017,6,24,20,28,49.139662109375,0
2017,6,24,20,28,50.9454130859375,0
2017,6,24,20,28,52.751123046875,0
2017,6,24,20,28,54.5570048828125,0
2017,6,24,20,28,56.3627919921875,0
2017,6,24,20,28,58.16862109375,0
2017,6,24,20,28,59.9745190429688,0
2017,6,24,20,29,1.78044799804688,0
2017,6,24,20,29,3.58617797851563,0
2017,6,24,20,29,5.3920859375,0
2017,6,24,20,29,7.19788696289062,0
2017,6,24,20,29,9.01086987304688,0
2017,6,24,20,29,10.816703125,0
2017,6,24,20,29,12.6226950683594,0
2017,6,24,20,29,14.4286879882813,0
2017,6,24,20,29,16.3542221679688,0
2017,6,24,20,29,18.23408203125,0
2017,6,24,20,29,20.1051049804687,0
2017,6,24,20,29,22.2344411621094,0
2017,6,24,20,29,24.1258840332031,0
2017,6,24,20,29,25.9542629394531,0
2017,6,24,20,29,27.919125,0
2017,6,24,20,29,29.7248940429687,0
2017,6,24,20,29,31.6450258789062,0
2017,6,24,20,29,33.5307788085938,0
2017,6,24,20,29,35.3735471191406,0
2017,6,24,20,29,37.350044921875,0
2017,6,24,20,29,39.5185891113281,0
2017,6,24,20,29,41.3737680664062,0
2017,6,24,20,29,43.1796359863281,0
2017,6,24,20,29,45.027046875,0
2017,6,24,20,29,47.1586850585937,0
2017,6,24,20,29,49.0638449707031,0
2017,6,24,20,29,50.9849680175781,0
2017,6,24,20,29,52.8874819335937,0
2017,6,24,20,29,54.7040520019531,0
2017,6,24,20,29,56.6186279296875,0
2017,6,24,20,29,58.507873046875,0
2017,6,24,20,30,0.374252197265625,0
2017,6,24,20,30,2.27278295898437,0
2017,6,24,20,30,4.16886206054687,0
2017,6,24,20,30,6.00552807617188,0
2017,6,24,20,30,7.9717978515625,0
2017,6,24,20,30,9.91788500976562,0
2017,6,24,20,30,11.7916950683594,0
2017,6,24,20,30,13.5975510253906,0
2017,6,24,20,30,15.4034150390625,0
2017,6,24,20,30,17.5619609375,0
2017,6,24,20,30,19.3748649902344,0
2017,6,24,20,30,21.1807250976562,0
2017,6,24,20,30,22.9864450683594,0
2017,6,24,20,30,25.1339130859375,0
2017,6,24,20,30,27.1640329589844,0
2017,6,24,20,30,29.0850478515625,0
2017,6,24,20,30,30.9474111328125,0
2017,6,24,20,30,32.8674440917969,0
2017,6,24,20,30,34.8051860351562,0
2017,6,24,20,30,36.6262600097656,0
2017,6,24,20,30,38.569505859375,0
2017,6,24,20,30,40.3759799804687,0
2017,6,24,20,30,42.31199609375,0
2017,6,24,20,30,44.3545229492187,0
2017,6,24,20,30,46.1793889160156,0
2017,6,24,20,30,48.1343830566406,0
2017,6,24,20,30,50.0730180664062,0
2017,6,24,20,30,51.9552319335938,0
2017,6,24,20,30,53.7882709960938,0
2017,6,24,20,30,55.6180810546875,0
2017,6,24,20,30,57.5122248535156,0
2017,6,24,20,30,59.3763198242187,0
2017,6,24,20,31,1.38828100585937,0
2017,6,24,20,31,3.378453125,0
2017,6,24,20,31,5.18417822265625,0
2017,6,24,20,31,7.10189111328125,0
2017,6,24,20,31,9.03616186523437,0
2017,6,24,20,31,10.8421379394531,0
2017,6,24,20,31,12.9231821289062,0
2017,6,24,20,31,14.7289050292969,0
2017,6,24,20,31,16.7652380371094,0
2017,6,24,20,31,18.5815170898438,0
2017,6,24,20,31,20.3872260742187,0
2017,6,24,20,31,22.3406079101563,0
2017,6,24,20,31,24.1890249023437,0
2017,6,24,20,31,26.1435939941406,0
2017,6,24,20,31,28.1287409667969,0
2017,6,24,20,31,30.0411328125,0
2017,6,24,20,31,32.0622319335938,0
2017,6,24,20,31,33.9289309082031,0
2017,6,24,20,31,35.7702160644531,0
2017,6,24,20,31,37.7220991210937,0
2017,6,24,20,31,39.5782038574219,0
2017,6,24,20,31,41.5804799804688,0
2017,6,24,20,31,43.5405859375,0
2017,6,24,20,31,45.3775949707031,0
2017,6,24,20,31,47.2042309570312,0
2017,6,24,20,31,49.1791647949219,0
2017,6,24,20,31,51.0280710449219,0
2017,6,24,20,31,53.0941440429688,0
2017,6,24,20,31,55.1471518554687,0
2017,6,24,20,31,56.9528889160156,0
2017,6,24,20,31,58.8194189453125,0
2017,6,24,20,32,0.759011962890625,0
2017,6,24,20,32,2.57778002929687,0
2017,6,24,20,32,4.65872094726562,0
2017,6,24,20,32,6.66380688476563,0
2017,6,24,20,32,8.49986206054687,0
2017,6,24,20,32,10.6086110839844,0
2017,6,24,20,32,12.4428210449219,0
2017,6,24,20,32,14.248673828125,0
2017,6,24,20,32,16.0748400878906,0
2017,6,24,20,32,18.0191218261719,0
2017,6,24,20,32,19.9292451171875,0
2017,6,24,20,32,21.8613588867188,0
2017,6,24,20,32,23.667171875,0
2017,6,24,20,32,25.6076369628906,0
2017,6,24,20,32,27.4395900878906,0
2017,6,24,20,32,29.3788791503906,0
2017,6,24,20,32,31.1867448730469,0
2017,6,24,20,32,33.0409230957031,0
2017,6,24,20,32,34.8466640625,0
2017,6,24,20,32,36.9096931152344,0
2017,6,24,20,32,38.8548579101562,0
2017,6,24,20,32,40.7589367675781,0
2017,6,24,20,32,42.7135510253906,0
2017,6,24,20,32,44.5789890136719,0
2017,6,24,20,32,46.5674428710938,0
2017,6,24,20,32,49.000876953125,0
2017,6,24,20,32,50.8068171386719,0
2017,6,24,20,32,52.696576171875,0
2017,6,24,20,32,54.6143059082031,0
2017,6,24,20,32,56.5872609863281,0
2017,6,24,20,32,58.4493310546875,0
2017,6,24,20,33,0.383807861328125,0
2017,6,24,20,33,2.2516650390625,0
2017,6,24,20,33,4.10996801757813,0
2017,6,24,20,33,6.0199228515625,0
2017,6,24,20,33,8.33145678710937,0
2017,6,24,20,33,10.1371560058594,0
2017,6,24,20,33,11.9429499511719,0
2017,6,24,20,33,13.7567329101563,0
2017,6,24,20,33,15.600041015625,0
2017,6,24,20,33,17.6207458496094,0
2017,6,24,20,33,19.4605300292969,0
2017,6,24,20,33,21.4222390136719,0
2017,6,24,20,33,23.3805920410156,0
2017,6,24,20,33,25.2210158691406,0
2017,6,24,20,33,27.1019230957031,0
2017,6,24,20,33,29.0307331542969,0
2017,6,24,20,33,30.9686638183594,0
2017,6,24,20,33,32.8635100097656,0
2017,6,24,20,33,37.7108100585938,0
2017,6,24,20,33,39.5821372070313,0
2017,6,24,20,33,41.4226538085938,0
2017,6,24,20,33,43.2285817871094,0
2017,6,24,20,33,45.0617990722656,0
2017,6,24,20,33,47.2739401855469,0
2017,6,24,20,33,49.4004418945312,0
2017,6,24,20,33,51.2062290039063,0
2017,6,24,20,33,53.0719431152344,0
2017,6,24,20,33,55.0313740234375,0
2017,6,24,20,33,56.85308203125,0
2017,6,24,20,33,58.8052102050781,0
2017,6,24,20,34,0.624607177734375,0
2017,6,24,20,34,2.62459204101562,0
2017,6,24,20,34,4.54822802734375,0
2017,6,24,20,34,6.38178198242187,0
2017,6,24,20,34,8.2262880859375,0
2017,6,24,20,34,10.147048828125,0
2017,6,24,20,34,12.0124741210937,0
2017,6,24,20,34,13.8425869140625,0
2017,6,24,20,34,15.7219528808594,0
2017,6,24,20,34,17.607208984375,0
2017,6,24,20,34,19.4410710449219,0
2017,6,24,20,34,21.4569958496094,0
2017,6,24,20,34,23.3823039550781,0
2017,6,24,20,34,25.5306530761719,0
2017,6,24,20,34,27.4252470703125,0
2017,6,24,20,34,29.2309909667969,0
2017,6,24,20,34,31.0654189453125,0
2017,6,24,20,34,33.0876921386719,0
2017,6,24,20,34,35.0425700683594,0
2017,6,24,20,34,36.950587890625,0
2017,6,24,20,34,38.9169279785156,0
2017,6,24,20,34,40.7807199707031,0
2017,6,24,20,34,42.6821000976563,0
2017,6,24,20,34,44.557005859375,0
2017,6,24,20,34,46.4038110351563,0
2017,6,24,20,34,48.3839790039062,0
2017,6,24,20,34,50.1898259277344,0
2017,6,24,20,34,52.1170930175781,0
2017,6,24,20,34,54.0230600585937,0
2017,6,24,20,34,56.0038291015625,0
2017,6,24,20,34,58.0613359375,0
2017,6,24,20,34,59.8672280273437,0
2017,6,24,20,35,1.67317895507813,0
2017,6,24,20,35,3.56001220703125,0
2017,6,24,20,35,5.38409301757812,0
2017,6,24,20,35,7.32951489257812,0
2017,6,24,20,35,9.31567993164063,0
2017,6,24,20,35,11.1215600585938,0
2017,6,24,20,35,13.0890952148438,0
2017,6,24,20,35,15.1010830078125,0
2017,6,24,20,35,17.0254929199219,0
2017,6,24,20,35,18.9267722167969,0
2017,6,24,20,35,20.7520659179687,0
2017,6,24,20,35,22.6848659667969,0
2017,6,24,20,35,24.5928508300781,0
2017,6,24,20,35,26.5916618652344,0
2017,6,24,20,35,28.4508901367188,0
2017,6,24,20,35,30.384171875,0
2017,6,24,20,35,32.2586628417969,0
2017,6,24,20,35,34.1238269042969,0
2017,6,24,20,35,36.0742810058594,0
2017,6,24,20,35,38.1039938964844,0
2017,6,24,20,35,40.0928959960938,0
2017,6,24,20,35,42.0044069824219,0
2017,6,24,20,35,44.0751728515625,0
2017,6,24,20,35,46.0999360351562,0
2017,6,24,20,35,47.9057729492188,0
2017,6,24,20,35,49.8233571777344,0
2017,6,24,20,35,51.6291311035156,0
2017,6,24,20,35,53.5046958007812,0
2017,6,24,20,35,55.5062939453125,0
2017,6,24,20,35,57.5751381835938,0
2017,6,24,20,35,59.3809450683594,0
2017,6,24,20,36,1.27854809570312,0
2017,6,24,20,36,3.12536181640625,0
2017,6,24,20,36,5.03507299804687,0
2017,6,24,20,36,6.96998583984375,0
2017,6,24,20,36,8.85832690429688,0
2017,6,24,20,36,10.7755520019531,0
2017,6,24,20,36,12.6095139160156,0
2017,6,24,20,36,14.4154538574219,0
2017,6,24,20,36,16.5596010742188,0
2017,6,24,20,36,18.3855148925781,0
2017,6,24,20,36,20.1914689941406,0
2017,6,24,20,36,21.9974040527344,0
2017,6,24,20,36,23.8735190429687,0
2017,6,24,20,36,25.7256279296875,0
2017,6,24,20,36,27.7915659179688,0
2017,6,24,20,36,29.6100490722656,0
2017,6,24,20,36,31.5986530761719,0
2017,6,24,20,36,33.44470703125,0
2017,6,24,20,36,35.3860380859375,0
2017,6,24,20,36,37.291421875,0
2017,6,24,20,36,39.1624829101562,0
2017,6,24,20,36,41.0269028320312,0
2017,6,24,20,36,43.0920190429688,0
2017,6,24,20,36,44.9167370605469,0
2017,6,24,20,36,46.8048041992188,0
2017,6,24,20,36,48.6106789550781,0
2017,6,24,20,36,50.4242900390625,0
2017,6,24,20,36,52.4779780273438,0
2017,6,24,20,36,54.3527998046875,0
2017,6,24,20,36,56.1765397949219,0
2017,6,24,20,36,58.101666015625,0
2017,6,24,20,36,59.9151560058594,0
2017,6,24,20,37,1.83381787109375,0
2017,6,24,20,37,3.80613305664063,0
2017,6,24,20,37,5.61169506835938,0
2017,6,24,20,37,7.55505395507813,0
2017,6,24,20,37,9.39356909179688,0
2017,6,24,20,37,11.3870498046875,0
2017,6,24,20,37,13.2123562011719,0
2017,6,24,20,37,15.0273081054687,0
2017,6,24,20,37,16.9082761230469,0
2017,6,24,20,37,18.7371389160156,0
2017,6,24,20,37,20.5472199707031,0
2017,6,24,20,37,22.4018859863281,0
2017,6,24,20,37,24.2116520996094,0
2017,6,24,20,37,26.1532099609375,0
2017,6,24,20,37,28.07491796875,0
2017,6,24,20,37,29.8808459472656,0
2017,6,24,20,37,31.978498046875,0
2017,6,24,20,37,34.0213139648437,0
2017,6,24,20,37,35.8601059570313,0
2017,6,24,20,37,37.666591796875,0
2017,6,24,20,37,39.7197338867187,0
2017,6,24,20,37,41.5819899902344,0
2017,6,24,20,37,43.4607260742187,0
2017,6,24,20,37,45.3881799316406,0
2017,6,24,20,37,47.3513520507813,0
2017,6,24,20,37,49.393330078125,0
2017,6,24,20,37,51.3334829101562,0
2017,6,24,20,37,53.1551579589844,0
2017,6,24,20,37,55.0478898925781,0
2017,6,24,20,37,56.860044921875,0
2017,6,24,20,37,58.759869140625,0
2017,6,24,20,38,0.68910595703125,0
2017,6,24,20,38,2.59401098632812,0
2017,6,24,20,38,4.3997080078125,0
2017,6,24,20,38,6.36843383789062,0
2017,6,24,20,38,8.18304711914062,0
2017,6,24,20,38,10.0487790527344,0
2017,6,24,20,38,12.0391271972656,0
2017,6,24,20,38,13.8546979980469,0
2017,6,24,20,38,15.6604851074219,0
2017,6,24,20,38,17.8727309570313,0
2017,6,24,20,38,19.7592438964844,0
2017,6,24,20,38,21.9013879394531,0
2017,6,24,20,38,23.7590791015625,0
2017,6,24,20,38,25.5649431152344,0
2017,6,24,20,38,27.515966796875,0
2017,6,24,20,38,29.3924418945312,0
2017,6,24,20,38,31.2951501464844,0
2017,6,24,20,38,33.2348039550781,0
2017,6,24,20,38,35.0406020507813,0
2017,6,24,20,38,36.8875959472656,0
2017,6,24,20,38,44.646298828125,0
2017,6,24,20,38,46.5048430175781,0
2017,6,24,20,38,48.5388059082031,0
2017,6,24,20,38,50.3798239746094,0
2017,6,24,20,38,52.3752019042969,0
2017,6,24,20,38,54.2387331542969,0
2017,6,24,20,38,56.0876479492187,0
2017,6,24,20,38,58.0013688964844,0
2017,6,24,20,39,0.256484130859375,0
2017,6,24,20,39,2.06235400390625,0
2017,6,24,20,39,3.95603491210937,0
2017,6,24,20,39,6.0061259765625,0
2017,6,24,20,39,7.81289794921875,0
2017,6,24,20,39,9.61872802734375,0
2017,6,24,20,39,11.4801909179688,0
2017,6,24,20,39,13.3906911621094,0
2017,6,24,20,39,15.3910810546875,0
2017,6,24,20,39,17.4117651367187,0
2017,6,24,20,39,19.243923828125,0
2017,6,24,20,39,21.1058371582031,0
2017,6,24,20,39,23.0736999511719,0
2017,6,24,20,39,25.0326359863281,0
2017,6,24,20,39,27.0628500976562,0
2017,6,24,20,39,28.8685441894531,0
2017,6,24,20,39,30.7601120605469,0
2017,6,24,20,39,32.6508330078125,0
2017,6,24,20,39,34.5135910644531,0
2017,6,24,20,39,36.5866279296875,0
2017,6,24,20,39,38.4113549804688,0
2017,6,24,20,39,40.3713090820313,0
2017,6,24,20,39,42.212001953125,0
2017,6,24,20,39,44.2236389160156,0
2017,6,24,20,39,46.1650458984375,0
2017,6,24,20,39,48.0818349609375,0
2017,6,24,20,39,50.0191708984375,0
2017,6,24,20,39,51.8985009765625,0
2017,6,24,20,39,53.8127900390625,0
2017,6,24,20,39,55.6186730957031,0
2017,6,24,20,39,57.5174890136719,0
2017,6,24,20,39,59.3919389648438,0
2017,6,24,20,40,1.3939560546875,0
2017,6,24,20,40,3.4217919921875,0
2017,6,24,20,40,5.23473095703125,0
2017,6,24,20,40,7.1137099609375,0
2017,6,24,20,40,9.16551098632812,0
2017,6,24,20,40,11.0735349121094,0
2017,6,24,20,40,13.0007819824219,0
2017,6,24,20,40,14.8067670898437,0
2017,6,24,20,40,16.8640649414063,0
2017,6,24,20,40,18.6721870117188,0
2017,6,24,20,40,24.3927951660156,0
2017,6,24,20,40,26.2272250976563,0
2017,6,24,20,40,28.1246799316406,0
2017,6,24,20,40,30.0533190917969,0
2017,6,24,20,40,31.93808203125,0
2017,6,24,20,40,33.9186669921875,0
2017,6,24,20,40,35.7541279296875,0
2017,6,24,20,40,37.6483381347656,0
2017,6,24,20,40,39.5809528808594,0
2017,6,24,20,40,41.393666015625,0
2017,6,24,20,40,43.2494030761719,0
2017,6,24,20,40,45.0967741699219,0
2017,6,24,20,40,47.0844250488281,0
2017,6,24,20,40,49.0534770507812,0
2017,6,24,20,40,50.8591889648438,0
2017,6,24,20,40,52.7208640136719,0
2017,6,24,20,40,54.5803630371094,0
2017,6,24,20,40,56.5769709472656,0
2017,6,24,20,40,58.3989370117188,0
2017,6,24,20,41,0.424757080078125,0
2017,6,24,20,41,2.4516201171875,0
2017,6,24,20,41,4.3939560546875,0
2017,6,24,20,41,6.2238330078125,0
2017,6,24,20,41,8.12002709960938,0
2017,6,24,20,41,10.0572700195313,0
2017,6,24,20,41,11.954125,0
2017,6,24,20,41,13.9047260742188,0
2017,6,24,20,41,15.744216796875,0
2017,6,24,20,41,17.8985380859375,0
2017,6,24,20,41,19.76525,0
2017,6,24,20,41,21.7197758789063,0
2017,6,24,20,41,23.6067790527344,0
2017,6,24,20,41,25.4125720214844,0
2017,6,24,20,41,27.4136650390625,0
2017,6,24,20,41,29.2195170898438,0
2017,6,24,20,41,31.0679741210938,0
2017,6,24,20,41,33.0664228515625,0
2017,6,24,20,41,34.9050810546875,0
2017,6,24,20,41,36.9286049804687,0
2017,6,24,20,41,38.8883208007813,0
2017,6,24,20,41,40.7450949707031,0
2017,6,24,20,41,42.6382080078125,0
2017,6,24,20,41,44.5203371582031,0
2017,6,24,20,41,46.3952619628906,0
2017,6,24,20,41,48.2126240234375,0
2017,6,24,20,41,50.0261372070312,0
2017,6,24,20,41,51.9538117675781,0
2017,6,24,20,41,53.8494001464844,0
2017,6,24,20,41,55.667001953125,0
2017,6,24,20,41,57.5297199707031,0
2017,6,24,20,41,59.3963972167969,0
2017,6,24,20,42,1.2556728515625,0
2017,6,24,20,42,3.10845703125,0
2017,6,24,20,42,5.01567895507813,0
2017,6,24,20,42,6.97125610351562,0
2017,6,24,20,42,8.84364111328125,0
2017,6,24,20,42,10.6494770507813,0
2017,6,24,20,42,12.5168049316406,0
2017,6,24,20,42,14.3226420898438,0
2017,6,24,20,42,16.1436369628906,0
2017,6,24,20,42,18.0563728027344,0
2017,6,24,20,42,19.8623039550781,0
2017,6,24,20,42,21.7133459472656,0
2017,6,24,20,42,23.6505100097656,0
2017,6,24,20,42,25.5006489257812,0
2017,6,24,20,42,27.6272958984375,0
2017,6,24,20,42,29.4330607910156,0
2017,6,24,20,42,31.2972099609375,0
2017,6,24,20,42,33.2489299316406,0
2017,6,24,20,42,35.1099270019531,0
2017,6,24,20,42,37.0969938964844,0
2017,6,24,20,42,39.2411921386719,0
2017,6,24,20,42,41.0471440429688,0
2017,6,24,20,42,43.1156608886719,0
2017,6,24,20,42,45.047498046875,0
2017,6,24,20,42,46.8532250976562,0
2017,6,24,20,42,48.6620048828125,0
2017,6,24,20,42,50.467921875,0
2017,6,24,20,42,52.2736540527344,0
2017,6,24,20,42,54.0794670410156,0
2017,6,24,20,42,55.8852119140625,0
2017,6,24,20,42,57.6910009765625,0
2017,6,24,20,42,59.4968811035156,0
2017,6,24,20,43,1.30262890625,0
2017,6,24,20,43,3.10856005859375,0
2017,6,24,20,43,4.91446997070313,0
2017,6,24,20,43,6.72038208007813,0
2017,6,24,20,43,8.52634692382813,0
2017,6,24,20,43,10.3323210449219,0
2017,6,24,20,43,12.1382329101562,0
2017,6,24,20,43,13.9440888671875,0
2017,6,24,20,43,15.7498701171875,0
2017,6,24,20,43,17.5558029785156,0
2017,6,24,20,43,19.3617639160156,0
2017,6,24,20,43,21.1675610351563,0
2017,6,24,20,43,22.9732890625,0
2017,6,24,20,43,24.7791860351563,0
2017,6,24,20,43,26.5850729980469,0
2017,6,24,20,43,28.3909309082031,0
2017,6,24,20,43,30.1966628417969,0
2017,6,24,20,43,32.0024841308594,0
2017,6,24,20,43,33.8083898925781,0
2017,6,24,20,43,35.614283203125,0
2017,6,24,20,43,37.4200830078125,0
2017,6,24,20,43,39.2258479003906,0
2017,6,24,20,43,41.0317331542969,0
2017,6,24,20,43,42.8377932128906,0
2017,6,24,20,43,44.6436101074219,0
2017,6,24,20,43,46.449501953125,0
2017,6,24,20,43,48.2553459472656,0
2017,6,24,20,43,50.0612409667969,0
2017,6,24,20,43,51.867083984375,0
2017,6,24,20,43,53.6730419921875,0
2017,6,24,20,43,55.4787749023438,0
2017,6,24,20,43,57.2851818847656,0
2017,6,24,20,43,59.0903161621094,0
2017,6,24,20,44,0.89627685546875,0
2017,6,24,20,44,2.702041015625,0
2017,6,24,20,44,4.5081201171875,0
2017,6,24,20,44,6.31396997070313,0
2017,6,24,20,44,8.11965698242187,0
2017,6,24,20,44,9.92537084960938,0
2017,6,24,20,44,11.7311298828125,0
2017,6,24,20,44,13.536873046875,0
2017,6,24,20,44,15.3426130371094,0
2017,6,24,20,44,17.1486259765625,0
2017,6,24,20,44,18.9544970703125,0
2017,6,24,20,44,20.7602819824219,0
2017,6,24,20,44,22.5660529785156,0
2017,6,24,20,44,24.3719370117187,0
2017,6,24,20,44,26.1776208496094,0
2017,6,24,20,44,27.983546875,0
2017,6,24,20,44,29.7892939453125,0
2017,6,24,20,44,31.5950190429688,0
2017,6,24,20,44,33.4007260742188,0
2017,6,24,20,44,35.2064340820313,0
2017,6,24,20,44,37.012166015625,0
2017,6,24,20,44,38.8181208496094,0
2017,6,24,20,44,40.6238698730469,0
2017,6,24,20,44,42.4297548828125,0
2017,6,24,20,44,44.2355461425781,0
2017,6,24,20,44,46.0414699707031,0
2017,6,24,20,44,47.8473488769531,0
2017,6,24,20,44,49.6530759277344,0
2017,6,24,20,44,51.459041015625,0
2017,6,24,20,44,53.2647331542969,0
2017,6,24,20,44,55.07054296875,0
2017,6,24,20,44,56.8762468261719,0
2017,6,24,20,44,58.6821130371094,0
2017,6,24,20,45,0.48784716796875,0
2017,6,24,20,45,2.2936220703125,0
2017,6,24,20,45,4.09966796875,0
2017,6,24,20,45,5.90551098632812,0
2017,6,24,20,45,7.71194287109375,0
2017,6,24,20,45,9.51786206054688,0
2017,6,24,20,45,11.3236430664062,0
2017,6,24,20,45,13.1296989746094,0
2017,6,24,20,45,14.9355380859375,0
2017,6,24,20,45,16.7414479980469,0
2017,6,24,20,45,18.5479418945312,0
2017,6,24,20,45,20.3538959960938,0
2017,6,24,20,45,22.1599809570313,0
2017,6,24,20,45,23.9656821289062,0
2017,6,24,20,45,25.7714089355469,0
2017,6,24,20,45,27.5773830566406,0
2017,6,24,20,45,29.38333984375,0
2017,6,24,20,45,31.1892790527344,0
2017,6,24,20,45,32.9950119628906,0
2017,6,24,20,45,34.8009230957031,0
2017,6,24,20,45,36.6067741699219,0
2017,6,24,20,45,38.4125910644531,0
2017,6,24,20,45,40.2183969726563,0
2017,6,24,20,45,42.02416796875,0
2017,6,24,20,45,43.8300500488281,0
2017,6,24,20,45,45.6358608398438,0
2017,6,24,20,45,47.44162890625,0
2017,6,24,20,45,49.2475100097656,0
2017,6,24,20,45,51.0532319335938,0
2017,6,24,20,45,52.8591259765625,0
2017,6,24,20,45,54.6650930175781,0
2017,6,24,20,45,56.4710100097656,0
2017,6,24,20,45,58.2767880859375,1
2017,6,24,20,46,0.082716064453125,1
2017,6,24,20,46,1.88861694335937,1
2017,6,24,20,46,3.6945869140625,1
2017,6,24,20,46,5.500416015625,1
2017,6,24,20,46,7.30633911132812,1
2017,6,24,20,46,9.11219506835937,1
2017,6,24,20,46,10.9181049804687,1
2017,6,24,20,46,12.7238679199219,1
2017,6,24,20,46,14.5295920410156,1
2017,6,24,20,46,16.335501953125,1
2017,6,24,20,46,18.1415961914063,1
2017,6,24,20,46,19.9473190917969,1
2017,6,24,20,46,21.7530561523437,1
2017,6,24,20,46,23.5587309570313,1
2017,6,24,20,46,25.364666015625,1
2017,6,24,20,46,27.1704340820312,1
2017,6,24,20,46,28.9762060546875,1
2017,6,24,20,46,30.7820729980469,1
2017,6,24,20,46,32.5941948242187,1
2017,6,24,20,46,34.4000720214844,1
2017,6,24,20,46,36.205748046875,1
2017,6,24,20,46,38.01155078125,1
2017,6,24,20,46,39.817408203125,1
2017,6,24,20,46,41.6232841796875,1
2017,6,24,20,46,43.4291611328125,1
2017,6,24,20,46,45.2351220703125,1
2017,6,24,20,46,47.0409318847656,1
2017,6,24,20,46,48.8467678222656,1
2017,6,24,20,46,50.652796875,1
2017,6,24,20,46,52.4584899902344,1
2017,6,24,20,46,54.2643410644531,1
2017,6,24,20,46,56.0701130371094,1
2017,6,24,20,46,57.875791015625,1
2017,6,24,20,46,59.6815559082031,1
2017,6,24,20,47,1.48746704101562,1
2017,6,24,20,47,3.29350708007812,1
2017,6,24,20,47,5.09923803710937,1
2017,6,24,20,47,6.90493701171875,1
2017,6,24,20,47,8.7108818359375,1
2017,6,24,20,47,10.5165600585938,1
2017,6,24,20,47,12.3222761230469,1
2017,6,24,20,47,14.1280278320313,1
2017,6,24,20,47,15.9337629394531,1
2017,6,24,20,47,17.739658203125,0
2017,6,24,20,47,19.5455710449219,0
2017,6,24,20,47,21.3513940429687,0
2017,6,24,20,47,23.1572219238281,0
2017,6,24,20,47,24.9630109863281,0
2017,6,24,20,47,26.76887890625,0
2017,6,24,20,47,28.5746640625,0
2017,6,24,20,47,30.3803920898437,0
2017,6,24,20,47,32.1862741699219,0
2017,6,24,20,47,33.9920891113281,0
2017,6,24,20,47,35.797958984375,0
2017,6,24,20,47,37.6040280761719,0
2017,6,24,20,47,39.4096999511719,0
2017,6,24,20,47,41.2156069335937,0
2017,6,24,20,47,43.0214479980469,0
2017,6,24,20,47,44.8272280273438,0
2017,6,24,20,47,46.6329528808594,0
2017,6,24,20,47,48.4388020019531,0
2017,6,24,20,47,50.2446831054688,0
2017,6,24,20,47,52.0505048828125,0
2017,6,24,20,47,53.8564301757812,0
2017,6,24,20,47,55.6622709960938,0
2017,6,24,20,47,57.4764760742188,0
2017,6,24,20,47,59.2822629394531,0
2017,6,24,20,48,1.08819799804688,0
2017,6,24,20,48,2.89407397460938,0
2017,6,24,20,48,4.69976000976563,0
2017,6,24,20,48,6.5055380859375,0
2017,6,24,20,48,8.31139404296875,0
2017,6,24,20,48,10.1170830078125,0
2017,6,24,20,48,11.9228720703125,0
2017,6,24,20,48,13.7287309570312,0
2017,6,24,20,48,15.5345270996094,0
2017,6,24,20,48,17.3403479003906,0
2017,6,24,20,48,19.1462790527344,0
2017,6,24,20,48,20.9520310058594,0
2017,6,24,20,48,22.7578330078125,0
2017,6,24,20,48,24.5636447753906,0
2017,6,24,20,48,26.36933984375,0
2017,6,24,20,48,28.1753359375,0
2017,6,24,20,48,29.9811589355469,0
2017,6,24,20,48,31.7868991699219,0
2017,6,24,20,48,33.5928498535156,0
2017,6,24,20,48,35.3987709960938,0
2017,6,24,20,48,37.20458203125,0
2017,6,24,20,48,39.0134948730469,0
2017,6,24,20,48,40.8191740722656,0
2017,6,24,20,48,42.6252451171875,0
2017,6,24,20,48,44.4308391113281,0
2017,6,24,20,48,46.2365739746094,0
2017,6,24,20,48,48.0423779296875,0
2017,6,24,20,48,49.8483359375,0
2017,6,24,20,48,51.6540378417969,0
2017,6,24,20,48,53.4599221191406,0
2017,6,24,20,48,55.26579296875,0
2017,6,24,20,48,57.0717609863281,0
2017,6,24,20,48,58.8776140136719,0
2017,6,24,20,49,0.683456787109375,0
2017,6,24,20,49,2.48926806640625,0
2017,6,24,20,49,4.29508984375,0
2017,6,24,20,49,6.10103881835937,0
2017,6,24,20,49,7.90690893554688,0
2017,6,24,20,49,9.71276098632812,0
2017,6,24,20,49,11.5186811523437,0
2017,6,24,20,49,13.3245209960937,0
2017,6,24,20,49,15.1304719238281,0
2017,6,24,20,49,16.9365590820312,0
2017,6,24,20,49,18.7422580566406,0
2017,6,24,20,49,20.5480051269531,0
2017,6,24,20,49,22.3537531738281,0
2017,6,24,20,49,24.1594470214844,0
2017,6,24,20,49,25.9653540039062,0
2017,6,24,20,49,27.7711611328125,0
2017,6,24,20,49,29.5769670410156,0
2017,6,24,20,49,31.3826821289063,0
2017,6,24,20,49,33.1885539550781,0
2017,6,24,20,49,34.9943798828125,0
2017,6,24,20,49,36.8002810058594,0
2017,6,24,20,49,38.606216796875,0
2017,6,24,20,49,40.4119460449219,0
2017,6,24,20,49,42.2176579589844,0
2017,6,24,20,49,44.02341015625,0
2017,6,24,20,49,45.8292360839844,0
2017,6,24,20,49,47.6350158691406,0
2017,6,24,20,49,49.4408937988281,0
2017,6,24,20,49,51.2466140136719,0
2017,6,24,20,49,53.0525390625,0
2017,6,24,20,49,54.8583889160156,0
2017,6,24,20,49,56.664212890625,0
2017,6,24,20,49,58.4699741210937,0
2017,6,24,20,50,0.275755859375,0
2017,6,24,20,50,2.08157202148438,0
2017,6,24,20,50,3.88736596679687,0
2017,6,24,20,50,5.69322607421875,0
2017,6,24,20,50,7.49901611328125,0
2017,6,24,20,50,9.30470288085938,0
2017,6,24,20,50,11.1104829101563,0
2017,6,24,20,50,12.9161838378906,0
2017,6,24,20,50,14.7221049804687,0
2017,6,24,20,50,16.5280610351562,0
2017,6,24,20,50,18.3338078613281,0
2017,6,24,20,50,20.1395859375,0
2017,6,24,20,50,21.9511069335937,0
2017,6,24,20,50,23.7569990234375,0
2017,6,24,20,50,25.5629328613281,0
2017,6,24,20,50,27.3686572265625,0
2017,6,24,20,50,29.1743330078125,0
2017,6,24,20,50,30.9801030273437,0
2017,6,24,20,50,32.7865458984375,0
2017,6,24,20,50,34.5917880859375,0
2017,6,24,20,50,36.3975300292969,0
2017,6,24,20,50,38.2049001464844,0
2017,6,24,20,50,40.01083984375,0
2017,6,24,20,50,41.8168220214844,0
2017,6,24,20,50,43.6227770996094,0
2017,6,24,20,52,50.0940061035156,0
2017,6,24,20,52,51.8998549804688,0
2017,6,24,20,52,53.7057189941406,0
2017,6,24,20,52,55.5116079101563,0
2017,6,24,20,52,57.3173588867188,0
2017,6,24,20,52,59.1231437988281,0
2017,6,24,20,53,0.928848876953125,0
2017,6,24,20,53,2.73473999023437,0
2017,6,24,20,53,4.54039404296875,0
2017,6,24,20,53,6.346244140625,0
2017,6,24,20,53,8.15209204101562,0
2017,6,24,20,53,9.95803393554688,0
2017,6,24,20,53,11.7638891601562,0
2017,6,24,20,53,13.5696530761719,0
2017,6,24,20,53,15.3754311523438,0
2017,6,24,20,53,17.1813911132813,0
2017,6,24,20,53,18.9872570800781,0
2017,6,24,20,53,20.7930988769531,0
2017,6,24,20,53,22.5990490722656,0
2017,6,24,20,53,24.4047280273438,0
2017,6,24,20,53,26.2106782226562,0
2017,6,24,20,53,28.0164689941406,0
2017,6,24,20,53,29.8222041015625,0
2017,6,24,20,53,31.6279799804688,0
2017,6,24,20,53,33.4339370117187,0
2017,6,24,20,53,35.2398081054687,0
2017,6,24,20,53,37.0458159179688,0
2017,6,24,20,53,38.8517810058594,0
2017,6,24,20,53,40.6574631347656,0
2017,6,24,20,53,42.4634079589844,0
2017,6,24,20,53,44.2690959472656,0
2017,6,24,20,53,46.0747880859375,0
2017,6,24,20,53,47.8805959472656,0
2017,6,24,20,53,49.68654296875,0
2017,6,24,20,53,51.4924331054687,0
2017,6,24,20,53,53.2983129882813,0
2017,6,24,20,53,55.1042900390625,0
2017,6,24,20,53,56.9102490234375,0
2017,6,24,20,53,58.7162980957031,0
2017,6,24,20,54,0.522037109375,0
2017,6,24,20,54,2.32785400390625,0
2017,6,24,20,54,4.13380786132813,0
2017,6,24,20,54,5.93967700195313,0
2017,6,24,20,54,7.74553393554687,0
2017,6,24,20,54,9.55128002929687,0
2017,6,24,20,54,11.3572641601562,0
2017,6,24,20,54,13.1630029296875,0
2017,6,24,20,54,14.9687180175781,0
2017,6,24,20,54,16.7746560058594,0
2017,6,24,20,54,18.5803571777344,0
2017,6,24,20,54,20.3860349121094,0
2017,6,24,20,54,22.1918620605469,0
2017,6,24,20,54,23.997791015625,0
2017,6,24,20,54,25.8037150878906,0
2017,6,24,20,54,27.6094240722656,0
2017,6,24,20,54,29.4153918457031,0
2017,6,24,20,54,31.2212419433594,0
2017,6,24,20,54,33.0273220214844,0
2017,6,24,20,54,34.8332529296875,0
2017,6,24,20,54,36.6390830078125,0
2017,6,24,20,54,38.444751953125,0
2017,6,24,20,54,40.2505849609375,0
2017,6,24,20,54,42.0565368652344,0
2017,6,24,20,54,43.862421875,0
2017,6,24,20,54,45.6681320800781,0
2017,6,24,20,54,47.4739890136719,0
2017,6,24,20,54,49.2797451171875,0
2017,6,24,20,54,51.0854399414062,0
2017,6,24,20,54,52.8912858886719,0
2017,6,24,20,54,54.697248046875,0
2017,6,24,20,54,56.5031198730469,0
2017,6,24,20,54,58.3089990234375,0
2017,6,24,20,55,0.1149248046875,0
2017,6,24,20,55,1.9208310546875,0
2017,6,24,20,55,3.726748046875,0
2017,6,24,20,55,5.53256396484375,0
2017,6,24,20,55,7.33855200195312,0
2017,6,24,20,55,9.14447900390625,0
2017,6,24,20,55,10.9503950195312,0
2017,6,24,20,55,12.7562270507813,0
2017,6,24,20,55,14.5619831542969,0
2017,6,24,20,55,16.3678989257813,0
2017,6,24,20,55,18.1737580566406,0
2017,6,24,20,55,19.9794450683594,0
2017,6,24,20,55,21.7851411132812,0
2017,6,24,20,55,23.5910119628906,0
2017,6,24,20,55,25.3968239746094,0
2017,6,24,20,55,27.2025600585938,0
2017,6,24,20,55,29.0161640625,0
2017,6,24,20,55,30.8219809570313,0
2017,6,24,20,55,32.6279020996094,0
2017,6,24,20,55,34.433578125,0
2017,6,24,20,55,36.2394519042969,0
2017,6,24,20,55,38.0453630371094,0
2017,6,24,20,55,39.8512849121094,0
2017,6,24,20,55,41.6572370605469,0
2017,6,24,20,55,43.46304296875,0
2017,6,24,20,55,45.2803791503906,0
2017,6,24,20,55,47.0863420410156,0
2017,6,24,20,55,48.8921188964844,0
2017,6,24,20,55,50.6978530273437,0
2017,6,24,20,55,52.5038071289063,0
2017,6,24,20,55,54.3097961425781,0
2017,6,24,20,55,56.115666015625,0
2017,6,24,20,55,57.921505859375,0
2017,6,24,20,55,59.7274079589844,0
2017,6,24,20,56,1.5333271484375,0
2017,6,24,20,56,3.33913305664062,0
2017,6,24,20,56,5.14485107421875,0
2017,6,24,20,56,6.95066186523438,0
2017,6,24,20,56,8.75634790039063,0
2017,6,24,20,56,10.5713488769531,0
2017,6,24,20,56,12.3772719726562,0
2017,6,24,20,56,14.1830510253906,0
2017,6,24,20,56,15.9888940429688,0
2017,6,24,20,56,17.7947600097656,0
2017,6,24,20,56,19.6004829101562,0
2017,6,24,20,56,21.4063798828125,0
2017,6,24,20,56,23.2123251953125,0
2017,6,24,20,56,25.0181411132812,0
2017,6,24,20,56,26.8240910644531,0
2017,6,24,20,56,28.6299970703125,0
2017,6,24,20,56,30.4357841796875,0
2017,6,24,20,56,32.2416579589844,0
2017,6,24,20,56,34.0473330078125,0
2017,6,24,20,56,35.8532121582031,0
2017,6,24,20,56,37.6590959472656,0
2017,6,24,20,56,39.464962890625,0
2017,6,24,20,56,41.2709450683594,0
2017,6,24,20,56,43.0768488769531,0
2017,6,24,20,56,44.8827661132812,0
2017,6,24,20,56,46.6884790039063,0
2017,6,24,20,56,48.4941831054687,0
2017,6,24,20,56,50.3002180175781,0
2017,6,24,20,56,52.1058491210937,0
2017,6,24,20,56,53.911623046875,0
2017,6,24,20,56,55.7173120117187,0
2017,6,24,20,56,57.523171875,0
2017,6,24,20,56,59.3288811035156,0
2017,6,24,20,57,1.13477490234375,0
2017,6,24,20,57,2.94066088867188,0
2017,6,24,20,57,4.74631811523438,0
2017,6,24,20,57,6.55205102539063,0
2017,6,24,20,57,8.35793579101563,0
2017,6,24,20,57,13.2042680664063,0
2017,6,24,20,57,15.0100551757813,0
2017,6,24,20,57,16.8158459472656,0
2017,6,24,20,57,18.6217150878906,0
2017,6,24,20,57,20.4275190429688,0
2017,6,24,20,57,22.233328125,0
2017,6,24,20,57,24.0391879882812,0
2017,6,24,20,57,25.8450671386719,0
2017,6,24,20,57,27.6509389648437,0
2017,6,24,20,57,29.4566989746094,0
2017,6,24,20,57,31.2624157714844,0
2017,6,24,20,57,33.068376953125,0
2017,6,24,20,57,34.8741608886719,0
2017,6,24,20,57,36.6800461425781,0
2017,6,24,20,57,38.4858630371094,0
2017,6,24,20,57,40.2917038574219,0
2017,6,24,20,57,42.097537109375,0
2017,6,24,20,57,43.9033359375,0
2017,6,24,20,57,45.7090051269531,0
2017,6,24,20,57,47.5147800292969,0
2017,6,24,20,57,49.3206848144531,0
2017,6,24,20,57,51.1265610351563,0
2017,6,24,20,57,52.9327080078125,0
2017,6,24,20,57,54.738421875,0
2017,6,24,20,57,56.5443820800781,0
2017,6,24,20,57,58.3502919921875,0
2017,6,24,20,58,0.156259033203125,0
2017,6,24,20,58,1.96203393554687,0
2017,6,24,20,58,3.76786083984375,0
2017,6,24,20,58,5.57377612304687,0
2017,6,24,20,58,7.37947607421875,0
2017,6,24,20,58,9.18530883789063,0
2017,6,24,20,58,10.9911311035156,0
2017,6,24,20,58,12.79683203125,0
2017,6,24,20,58,14.6027277832031,0
2017,6,24,20,58,16.4084738769531,0
2017,6,24,20,58,18.2142487792969,0
2017,6,24,20,58,20.0200568847656,0
2017,6,24,20,58,21.825751953125,0
2017,6,24,20,58,23.6315888671875,0
2017,6,24,20,58,25.4374001464844,0
2017,6,24,20,58,27.2433181152344,0
2017,6,24,20,58,29.0492138671875,0
2017,6,24,20,58,30.8550461425781,0
2017,6,24,20,58,32.6607390136719,0
2017,6,24,20,58,34.4666181640625,0
2017,6,24,20,58,36.272333984375,0
2017,6,24,20,58,38.0781479492188,0
2017,6,24,20,58,39.8838698730469,0
2017,6,24,20,58,41.6897548828125,0
2017,6,24,20,58,43.4956328125,0
2017,6,24,20,58,45.301333984375,0
2017,6,24,20,58,47.1071101074219,0
2017,6,24,20,58,48.9128469238281,0
2017,6,24,20,58,50.7186079101563,0
2017,6,24,20,58,52.5245500488281,0
2017,6,24,20,58,54.3302319335938,0
2017,6,24,20,58,56.1360109863281,0
2017,6,24,20,58,57.9419689941406,0
2017,6,24,20,58,59.7478581542969,0
2017,6,24,20,59,1.55382983398438,0
2017,6,24,20,59,3.35961596679688,0
2017,6,24,20,59,5.1653349609375,0
2017,6,24,20,59,6.97104907226563,0
2017,6,24,20,59,8.77694287109375,0
2017,6,24,20,59,10.5827998046875,0
2017,6,24,20,59,12.3887470703125,0
2017,6,24,20,59,14.1947109375,0
2017,6,24,20,59,16.0005920410156,0
2017,6,24,20,59,17.8063828125,0
2017,6,24,20,59,19.6123229980469,0
2017,6,24,20,59,21.4182709960937,0
2017,6,24,20,59,23.2241240234375,0
2017,6,24,20,59,25.0298081054687,0
2017,6,24,20,59,26.8357470703125,0
2017,6,24,20,59,28.6417160644531,0
2017,6,24,20,59,30.4475678710937,0
2017,6,24,20,59,32.253287109375,0
2017,6,24,20,59,34.0590561523438,0
2017,6,24,20,59,35.8650778808594,0
2017,6,24,20,59,37.6708640136719,0
2017,6,24,20,59,39.4765339355469,0
2017,6,24,20,59,41.2822829589844,0
2017,6,24,20,59,43.0881020507813,0
2017,6,24,20,59,44.8940090332031,0
2017,6,24,20,59,46.6998000488281,0
2017,6,24,20,59,48.5056401367188,0
2017,6,24,20,59,50.3115620117187,0
2017,6,24,20,59,52.1173149414062,0
2017,6,24,20,59,53.9232680664063,0
2017,6,24,20,59,55.7289670410156,0
2017,6,24,20,59,57.5347868652344,0
2017,6,24,20,59,59.3404641113281,0
2017,6,24,21,0,1.14622900390625,0
2017,6,24,21,0,2.95723901367188,0
2017,6,24,21,0,4.76305102539062,0
2017,6,24,21,0,6.56894897460938,0
2017,6,24,21,0,8.37481298828125,0
2017,6,24,21,0,10.1806960449219,0
2017,6,24,21,0,11.9863669433594,0
2017,6,24,21,0,13.7921440429688,0
2017,6,24,21,0,15.5980649414062,0
2017,6,24,21,0,17.4040278320313,0
2017,6,24,21,0,19.2098530273438,0
2017,6,24,21,0,21.0156740722656,0
2017,6,24,21,0,22.8212919921875,0
2017,6,24,21,0,24.6271491699219,0
2017,6,24,21,0,26.4329929199219,0
2017,6,24,21,0,28.2387270507813,0
2017,6,24,21,0,30.0445930175781,0
2017,6,24,21,0,31.8505471191406,0
2017,6,24,21,0,33.6563220214844,0
2017,6,24,21,0,35.4622810058594,0
2017,6,24,21,0,37.2680190429688,0
2017,6,24,21,0,39.0739282226562,0
2017,6,24,21,0,40.8798471679687,0
2017,6,24,21,0,42.6855258789062,0
2017,6,24,21,0,44.4912719726562,0
2017,6,24,21,0,46.2972199707031,0
2017,6,24,21,0,48.1030480957031,0
2017,6,24,21,0,49.9088818359375,0
2017,6,24,21,0,51.7146967773437,0
2017,6,24,21,0,53.5205490722656,0
2017,6,24,21,0,55.3266140136719,0
2017,6,24,21,0,57.1322700195312,0
2017,6,24,21,0,58.938208984375,0
2017,6,24,21,1,0.744091064453125,0
2017,6,24,21,1,2.54989184570312,0
2017,6,24,21,1,4.35578491210937,0
2017,6,24,21,1,6.161623046875,0
2017,6,24,21,1,7.9675341796875,0
2017,6,24,21,1,9.77340283203125,0
2017,6,24,21,1,11.5790810546875,0
2017,6,24,21,1,13.3848627929688,0
2017,6,24,21,1,15.1906389160156,0
2017,6,24,21,1,16.9965341796875,0
2017,6,24,21,1,18.8024030761719,0
2017,6,24,21,1,20.6083029785156,0
2017,6,24,21,1,22.414166015625,0
2017,6,24,21,1,24.219958984375,0
2017,6,24,21,1,26.0256889648437,0
2017,6,24,21,1,27.8393381347656,0
2017,6,24,21,1,29.6450200195312,0
2017,6,24,21,1,31.4506889648437,0
2017,6,24,21,1,33.2566540527344,0
2017,6,24,21,1,35.0625539550781,0
2017,6,24,21,1,36.8683420410156,0
2017,6,24,21,1,38.6742451171875,0
2017,6,24,21,1,40.4800539550781,0
2017,6,24,21,1,42.2859169921875,0
2017,6,24,21,1,44.0918220214844,0
2017,6,24,21,1,45.8977849121094,0
2017,6,24,21,1,47.703671875,0
2017,6,24,21,1,49.5094641113281,0
2017,6,24,21,1,51.3151518554687,0
2017,6,24,21,1,53.121048828125,0
2017,6,24,21,1,54.9268469238281,0
2017,6,24,21,1,56.7325200195313,0
2017,6,24,21,1,58.5383630371094,0
2017,6,24,21,2,0.344173828125,0
2017,6,24,21,2,2.14998291015625,0
2017,6,24,21,2,3.95586206054687,0
2017,6,24,21,2,5.76182397460938,0
2017,6,24,21,2,7.56759814453125,0
2017,6,24,21,2,9.37355297851562,0
2017,6,24,21,2,11.1794270019531,0
2017,6,24,21,2,12.9853449707031,0
2017,6,24,21,2,14.7911911621094,0
2017,6,24,21,2,16.5968889160156,0
2017,6,24,21,2,18.4026848144531,0
2017,6,24,21,2,24.2288649902344,1
2017,6,24,21,2,26.0346240234375,1
2017,6,24,21,2,27.8405520019531,1
2017,6,24,21,2,29.6463540039063,1
2017,6,24,21,2,31.4520349121094,1
2017,6,24,21,2,33.2577468261719,1
2017,6,24,21,2,35.0635419921875,1
2017,6,24,21,2,36.8695520019531,1
2017,6,24,21,2,38.6754760742188,1
2017,6,24,21,2,40.4813388671875,1
2017,6,24,21,2,42.287046875,1
2017,6,24,21,2,44.0928718261719,1
2017,6,24,21,2,45.8988188476563,1
2017,6,24,21,2,47.7116789550781,1
2017,6,24,21,2,49.51745703125,1
2017,6,24,21,2,51.32325,1
2017,6,24,21,2,53.1291889648437,1
2017,6,24,21,2,54.9351240234375,1
2017,6,24,21,2,56.7408781738281,1
2017,6,24,21,2,58.5466469726562,1
2017,6,24,21,3,0.3523701171875,1
2017,6,24,21,3,2.15827807617188,1
2017,6,24,21,3,3.96410302734375,1
2017,6,24,21,3,5.76996704101562,1
2017,6,24,21,3,7.57590283203125,1
2017,6,24,21,3,9.38184814453125,1
2017,6,24,21,3,11.1877849121094,1
2017,6,24,21,3,12.9936918945312,1
2017,6,24,21,3,14.7995168457031,1
2017,6,24,21,3,16.6052319335937,1
2017,6,24,21,3,18.41120703125,1
2017,6,24,21,3,20.2171020507812,1
2017,6,24,21,3,22.0228381347656,1
2017,6,24,21,3,23.8288049316406,1
2017,6,24,21,3,25.6345578613281,1
2017,6,24,21,3,27.4404541015625,1
2017,6,24,21,3,29.246296875,1
2017,6,24,21,3,31.0520500488281,1
2017,6,24,21,3,32.8577829589844,1
2017,6,24,21,3,34.6635529785156,1
2017,6,24,21,3,36.469255859375,1
2017,6,24,21,3,38.2750908203125,1
2017,6,24,21,3,40.080919921875,1
2017,6,24,21,3,41.8865319824219,1
2017,6,24,21,3,43.6924450683594,1
2017,6,24,21,3,45.49833203125,1
2017,6,24,21,3,47.3042531738281,1
2017,6,24,21,3,49.1099702148437,1
2017,6,24,21,3,50.9157268066406,1
2017,6,24,21,3,52.7216630859375,1
2017,6,24,21,3,54.5275859375,1
2017,6,24,21,3,56.3332961425781,1
2017,6,24,21,3,58.1391479492188,1
2017,6,24,21,3,59.9450070800781,1
2017,6,24,21,4,1.75067895507812,1
2017,6,24,21,4,3.55659887695312,1
2017,6,24,21,4,5.36246606445313,1
2017,6,24,21,4,7.16815405273437,1
2017,6,24,21,4,8.97382592773437,1
2017,6,24,21,4,10.7797351074219,1
2017,6,24,21,4,12.5954848632812,1
2017,6,24,21,4,14.4013879394531,1
2017,6,24,21,4,16.2070920410156,1
2017,6,24,21,4,18.012958984375,1
2017,6,24,21,4,19.8187700195313,1
2017,6,24,21,4,21.6247280273437,1
2017,6,24,21,4,23.4306398925781,1
2017,6,24,21,4,25.2364289550781,1
2017,6,24,21,4,27.042291015625,1
2017,6,24,21,4,28.8480209960938,1
2017,6,24,21,4,30.6537421875,1
2017,6,24,21,4,32.4596391601563,1
2017,6,24,21,4,34.2653469238281,1
2017,6,24,21,4,36.071078125,1
2017,6,24,21,4,37.8770151367187,1
2017,6,24,21,4,39.6829719238281,1
2017,6,24,21,4,41.4888210449219,1
2017,6,24,21,4,43.2947221679688,1
2017,6,24,21,4,45.1006650390625,1
2017,6,24,21,4,46.9065390625,1
2017,6,24,21,4,48.712501953125,1
2017,6,24,21,4,50.5182900390625,1
2017,6,24,21,4,52.3240219726562,1
2017,6,24,21,4,54.1299809570313,1
2017,6,24,21,4,55.935830078125,1
2017,6,24,21,4,57.7417900390625,1
2017,6,24,21,4,59.5476110839844,1
2017,6,24,21,5,1.35420385742187,1
2017,6,24,21,5,3.16015502929688,1
2017,6,24,21,5,4.96587890625,1
2017,6,24,21,5,6.77168701171875,1
2017,6,24,21,5,8.577416015625,1
2017,6,24,21,5,10.3833530273437,1
2017,6,24,21,5,12.1893020019531,1
2017,6,24,21,5,13.9950600585938,1
2017,6,24,21,5,15.800998046875,1
2017,6,24,21,5,17.6067541503906,1
2017,6,24,21,5,19.4339169921875,1
2017,6,24,21,5,21.2450310058594,1
2017,6,24,21,5,23.0509780273437,1
2017,6,24,21,5,24.8569182128906,1
2017,6,24,21,5,26.66287890625,1
2017,6,24,21,5,28.4688151855469,1
2017,6,24,21,5,30.2744890136719,1
2017,6,24,21,5,32.0804418945312,1
2017,6,24,21,5,33.8863999023437,1
2017,6,24,21,5,35.6922900390625,1
2017,6,24,21,5,37.4982058105469,1
2017,6,24,21,5,39.3041169433594,1
2017,6,24,21,5,41.1098139648438,1
2017,6,24,21,5,42.915716796875,1
2017,6,24,21,5,44.7214270019531,1
2017,6,24,21,5,46.5272878417969,1
2017,6,24,21,5,48.3332241210937,1
2017,6,24,21,5,50.1391169433594,2
2017,6,24,21,5,51.9450148925781,2
2017,6,24,21,5,53.7508188476562,2
2017,6,24,21,5,55.55666796875,2
2017,6,24,21,5,57.3626201171875,2
2017,6,24,21,5,59.1683139648437,2
2017,6,24,21,6,0.97435498046875,2
2017,6,24,21,6,2.7800478515625,2
2017,6,24,21,6,4.58594604492187,2
2017,6,24,21,6,6.3918271484375,2
2017,6,24,21,6,8.19768994140625,2
2017,6,24,21,6,10.003498046875,2
2017,6,24,21,6,11.8166440429688,2
2017,6,24,21,6,13.6224001464844,1
2017,6,24,21,6,15.4280690917969,1
2017,6,24,21,6,17.2340258789063,1
2017,6,24,21,6,19.0398979492188,1
2017,6,24,21,6,20.8456350097656,1
2017,6,24,21,6,22.6515441894531,1
2017,6,24,21,6,24.4574770507813,1
2017,6,24,21,6,26.2633107910156,1
2017,6,24,21,6,28.0692150878906,1
2017,6,24,21,6,29.8750190429687,1
2017,6,24,21,6,31.6806550292969,1
2017,6,24,21,6,33.4864147949219,1
2017,6,24,21,6,35.2923469238281,1
2017,6,24,21,6,37.0982880859375,1
2017,6,24,21,6,38.904205078125,1
2017,6,24,21,6,40.7101049804687,1
2017,6,24,21,6,42.5158100585938,1
2017,6,24,21,6,44.3216591796875,1
2017,6,24,21,6,46.1277001953125,1
2017,6,24,21,6,47.9334389648438,1
2017,6,24,21,6,49.7393032226562,1
2017,6,24,21,6,51.5451318359375,1
2017,6,24,21,6,53.3510930175781,1
2017,6,24,21,6,55.156958984375,1
2017,6,24,21,6,56.9626828613281,1
2017,6,24,21,6,58.7686469726562,1
2017,6,24,21,7,0.5745,1
2017,6,24,21,7,2.38019897460938,1
2017,6,24,21,7,4.18590795898437,1
2017,6,24,21,7,5.99157495117188,1
2017,6,24,21,7,7.79725415039062,1
2017,6,24,21,7,9.603044921875,1
2017,6,24,21,7,11.4098959960938,1
2017,6,24,21,7,13.21575,1
2017,6,24,21,7,15.0215549316406,1
2017,6,24,21,7,16.8273020019531,1
2017,6,24,21,7,18.6331401367188,1
2017,6,24,21,7,20.4390629882813,1
2017,6,24,21,7,22.2450048828125,1
2017,6,24,21,7,24.0507578125,1
2017,6,24,21,7,25.8565769042969,1
2017,6,24,21,7,27.662328125,1
2017,6,24,21,7,29.4682878417969,1
2017,6,24,21,7,31.2739890136719,1
2017,6,24,21,7,33.0796840820312,1
2017,6,24,21,7,34.8856069335937,1
2017,6,24,21,7,36.7015122070313,1
2017,6,24,21,7,38.5074660644531,1
2017,6,24,21,7,40.3132351074219,1
2017,6,24,21,7,42.1190529785156,1
2017,6,24,21,7,43.9247199707031,1
2017,6,24,21,7,45.7306169433594,1
2017,6,24,21,7,47.5363459472656,1
2017,6,24,21,7,49.3422419433594,1
2017,6,24,21,7,51.1481889648437,1
2017,6,24,21,7,52.9539370117188,1
2017,6,24,21,7,54.7603259277344,1
2017,6,24,21,7,56.5660959472656,1
2017,6,24,21,7,58.3718627929687,1
2017,6,24,21,8,0.177552001953125,1
2017,6,24,21,8,1.98348901367188,1
2017,6,24,21,8,3.79020703125,1
2017,6,24,21,8,5.5958818359375,1
2017,6,24,21,8,7.401791015625,1
2017,6,24,21,8,9.20747094726562,1
2017,6,24,21,8,11.0131569824219,1
2017,6,24,21,8,12.8189421386719,1
2017,6,24,21,8,14.6248559570313,1
2017,6,24,21,8,16.4307260742188,1
2017,6,24,21,8,18.2364819335938,1
2017,6,24,21,8,20.0422438964844,1
2017,6,24,21,8,21.84803515625,1
2017,6,24,21,8,23.6537700195313,1
2017,6,24,21,8,25.45949609375,2
2017,6,24,21,8,27.2651911621094,2
2017,6,24,21,8,29.0711018066406,2
2017,6,24,21,8,30.876873046875,2
2017,6,24,21,8,32.6827199707031,2
2017,6,24,21,8,34.4885620117187,2
2017,6,24,21,8,36.2944260253906,2
2017,6,24,21,8,38.1022299804687,2
2017,6,24,21,8,39.9080500488281,2
2017,6,24,21,8,41.713994140625,2
2017,6,24,21,8,43.5198291015625,1
2017,6,24,21,8,45.3256850585937,1
2017,6,24,21,8,47.1313520507813,1
2017,6,24,21,8,48.9372028808594,1
2017,6,24,21,8,50.7430141601562,1
2017,6,24,21,8,52.5489309082031,1
2017,6,24,21,8,54.3546860351562,1
2017,6,24,21,8,56.1605671386719,1
2017,6,24,21,8,57.9663610839844,1
2017,6,24,21,8,59.7720598144531,1
2017,6,24,21,9,1.58280200195313,1
2017,6,24,21,9,3.38861987304688,1
2017,6,24,21,9,5.19436010742187,1
2017,6,24,21,9,7.00013793945312,1
2017,6,24,21,9,8.80582690429688,1
2017,6,24,21,9,10.6115930175781,1
2017,6,24,21,9,12.4174658203125,1
2017,6,24,21,9,14.2231750488281,1
2017,6,24,21,9,16.0291340332031,1
2017,6,24,21,9,17.835037109375,1
2017,6,24,21,9,19.6409099121094,1
2017,6,24,21,9,21.4466071777344,1
2017,6,24,21,9,23.2523720703125,1
2017,6,24,21,9,25.0582160644531,1
2017,6,24,21,9,26.8640339355469,1
2017,6,24,21,9,28.6699189453125,1
2017,6,24,21,9,30.4755859375,1
2017,6,24,21,9,32.2815590820313,1
2017,6,24,21,9,34.08716015625,1
2017,6,24,21,9,35.8930881347656,1
2017,6,24,21,9,37.6988388671875,1
2017,6,24,21,9,39.5046979980469,1
2017,6,24,21,9,41.3105029296875,1
2017,6,24,21,9,43.1164538574219,1
2017,6,24,21,9,44.9224689941406,1
2017,6,24,21,9,46.7283120117187,1
2017,6,24,21,9,48.534001953125,1
2017,6,24,21,9,50.3399118652344,1
2017,6,24,21,9,52.1458149414063,1
2017,6,24,21,9,53.9515869140625,1
2017,6,24,21,9,55.7573618164063,1
2017,6,24,21,9,57.5631589355469,1
2017,6,24,21,9,59.3688828125,1
2017,6,24,21,10,1.17459692382813,1
2017,6,24,21,10,2.98039501953125,1
2017,6,24,21,10,4.78630712890625,1
2017,6,24,21,10,6.59213598632812,1
2017,6,24,21,10,8.39788891601562,1
2017,6,24,21,10,10.2035771484375,1
2017,6,24,21,10,12.009541015625,1
2017,6,24,21,10,13.8154650878906,1
2017,6,24,21,10,15.6212348632813,1
2017,6,24,21,10,17.4269768066406,1
2017,6,24,21,10,19.2329050292969,1
2017,6,24,21,10,21.0388210449219,1
2017,6,24,21,10,22.8445849609375,1
2017,6,24,21,10,24.6504978027344,1
2017,6,24,21,10,26.456453125,1
2017,6,24,21,10,28.26216796875,1
2017,6,24,21,10,30.067953125,1
2017,6,24,21,10,31.8737238769531,1
2017,6,24,21,10,33.6794118652344,1
2017,6,24,21,10,35.4853288574219,1
2017,6,24,21,10,37.2910139160156,1
2017,6,24,21,10,39.0968371582031,1
2017,6,24,21,10,40.9026569824219,1
2017,6,24,21,10,42.7085830078125,1
2017,6,24,21,10,44.51445703125,1
2017,6,24,21,10,46.3202250976562,1
2017,6,24,21,10,48.1261579589844,1
2017,6,24,21,10,49.9320791015625,1
2017,6,24,21,10,51.7378950195313,1
2017,6,24,21,10,53.5446179199219,1
2017,6,24,21,10,55.3504899902344,1
2017,6,24,21,10,57.1562270507812,1
2017,6,24,21,10,58.96212109375,1
2017,6,24,21,11,0.767837158203125,1
2017,6,24,21,11,2.57365991210937,1
2017,6,24,21,11,4.37951904296875,1
2017,6,24,21,11,6.18547290039063,1
2017,6,24,21,11,7.99124291992188,1
2017,6,24,21,11,9.79713305664063,1
2017,6,24,21,11,11.6029838867188,1
2017,6,24,21,11,13.4089028320313,1
2017,6,24,21,11,15.2146110839844,1
2017,6,24,21,11,17.0204599609375,1
2017,6,24,21,11,18.826244140625,1
2017,6,24,21,11,20.6319921875,1
2017,6,24,21,11,22.4378029785156,1
2017,6,24,21,11,24.2437141113281,1
2017,6,24,21,11,26.0563271484375,1
2017,6,24,21,11,27.8621088867188,1
2017,6,24,21,11,29.66791015625,1
2017,6,24,21,11,31.4738059082031,1
2017,6,24,21,11,33.2797719726562,1
2017,6,24,21,11,35.0855751953125,1
2017,6,24,21,11,36.8915458984375,2
2017,6,24,21,11,38.6973449707031,2
2017,6,24,21,11,40.5032839355469,2
2017,6,24,21,11,42.3090930175781,2
2017,6,24,21,11,44.1149348144531,2
2017,6,24,21,11,45.9208000488281,2
2017,6,24,21,11,47.7267470703125,2
2017,6,24,21,11,49.5325129394531,2
2017,6,24,21,11,51.3382839355469,2
2017,6,24,21,11,53.1440698242187,2
2017,6,24,21,11,54.9498559570312,2
2017,6,24,21,11,56.7555581054688,1
2017,6,24,21,11,58.561337890625,1
2017,6,24,21,12,0.367070068359375,1
2017,6,24,21,12,2.17303491210938,1
2017,6,24,21,12,3.9787919921875,1
2017,6,24,21,12,5.78464697265625,1
2017,6,24,21,12,7.59060180664062,1
2017,6,24,21,12,9.39647509765625,1
2017,6,24,21,12,11.2023759765625,1
2017,6,24,21,12,13.0082021484375,1
2017,6,24,21,12,14.8141520996094,1
2017,6,24,21,12,16.6198562011719,1
2017,6,24,21,12,18.4257861328125,1
2017,6,24,21,12,20.2315280761719,1
2017,6,24,21,12,22.0374660644531,1
2017,6,24,21,12,23.8432451171875,1
2017,6,24,21,12,25.6489438476562,1
2017,6,24,21,12,27.4547241210938,1
2017,6,24,21,12,29.2605231933594,1
2017,6,24,21,12,31.066462890625,1
2017,6,24,21,12,32.8722719726563,1
2017,6,24,21,12,34.6779709472656,1
2017,6,24,21,12,36.4837189941406,1
2017,6,24,21,12,38.2895979003906,1
2017,6,24,21,12,40.0954748535156,1
2017,6,24,21,12,41.9014431152344,1
2017,6,24,21,12,43.7072009277344,1
2017,6,24,21,12,45.5131569824219,1
2017,6,24,21,12,47.318830078125,1
2017,6,24,21,12,49.1245168457031,1
2017,6,24,21,12,50.9382370605469,1
2017,6,24,21,12,52.744087890625,1
2017,6,24,21,12,54.5498518066406,1
2017,6,24,21,12,56.3556540527344,1
2017,6,24,21,12,58.1613659667969,1
2017,6,24,21,12,59.96729296875,1
2017,6,24,21,13,1.77310498046875,1
2017,6,24,21,13,3.5790419921875,1
2017,6,24,21,13,5.38483178710938,1
2017,6,24,21,13,7.19053515625,1
2017,6,24,21,13,8.99651513671875,1
2017,6,24,21,13,10.8023120117187,1
2017,6,24,21,13,12.6091030273437,1
2017,6,24,21,13,14.4149111328125,1
2017,6,24,21,13,16.2208049316406,1
2017,6,24,21,13,18.0267739257812,1
2017,6,24,21,13,19.832501953125,1
2017,6,24,21,13,21.6384260253906,1
2017,6,24,21,13,23.44475,1
2017,6,24,21,13,25.2504189453125,1
2017,6,24,21,13,27.0563349609375,1
2017,6,24,21,13,28.86229296875,1
2017,6,24,21,13,30.6681162109375,1
2017,6,24,21,13,32.4740710449219,1
2017,6,24,21,13,34.2798449707031,1
2017,6,24,21,13,36.0855451660156,1
2017,6,24,21,13,37.8912670898438,1
2017,6,24,21,13,39.6972680664063,1
2017,6,24,21,13,41.5030419921875,1
2017,6,24,21,13,43.3089230957031,1
2017,6,24,21,13,45.1146560058594,1
2017,6,24,21,13,46.9205419921875,1
2017,6,24,21,13,48.7262580566406,1
2017,6,24,21,13,50.5321608886719,1
2017,6,24,21,13,52.3380639648437,1
2017,6,24,21,13,54.1438520507812,1
2017,6,24,21,13,55.9497348632813,1
2017,6,24,21,13,57.7553989257813,1
2017,6,24,21,13,59.5613559570313,1
2017,6,24,21,14,1.36709814453125,1
2017,6,24,21,14,3.173037109375,1
2017,6,24,21,14,4.97899291992188,1
2017,6,24,21,14,6.78479907226563,1
2017,6,24,21,14,8.59048803710938,1
2017,6,24,21,14,10.3963989257813,1
2017,6,24,21,14,12.2021279296875,1
2017,6,24,21,14,14.0079040527344,1
2017,6,24,21,14,15.8202299804687,1
2017,6,24,21,14,17.6258979492187,1
2017,6,24,21,14,19.4316311035156,1
2017,6,24,21,14,21.2374748535156,1
2017,6,24,21,14,23.0432119140625,1
2017,6,24,21,14,24.8491179199219,1
2017,6,24,21,14,26.6550168457031,1
2017,6,24,21,14,28.4608859863281,1
2017,6,24,21,14,30.2667229003906,1
2017,6,24,21,14,32.0724020996094,1
2017,6,24,21,14,33.8782639160156,1
2017,6,24,21,14,35.6839558105469,1
2017,6,24,21,14,37.4898420410156,1
2017,6,24,21,14,39.2955339355469,1
2017,6,24,21,14,41.1013032226562,1
2017,6,24,21,14,42.9071508789063,1
2017,6,24,21,14,44.7129870605469,1
2017,6,24,21,14,46.5190639648438,1
2017,6,24,21,14,48.3247780761719,1
2017,6,24,21,14,50.1306359863281,1
2017,6,24,21,14,51.9365908203125,1
2017,6,24,21,14,53.7423410644531,1
2017,6,24,21,14,55.5481118164062,1
2017,6,24,21,14,57.353919921875,1
2017,6,24,21,14,59.1598310546875,1
2017,6,24,21,15,0.96556103515625,1
2017,6,24,21,15,2.7712978515625,1
2017,6,24,21,15,4.5771220703125,1
2017,6,24,21,15,6.3830439453125,1
2017,6,24,21,15,8.18882299804688,1
2017,6,24,21,15,9.99453588867187,1
2017,6,24,21,15,11.8005061035156,1
2017,6,24,21,15,13.6062309570313,1
2017,6,24,21,15,18.3423449707031,1
2017,6,24,21,15,20.1480639648438,1
2017,6,24,21,15,21.9539260253906,0
2017,6,24,21,15,23.7599680175781,0
2017,6,24,21,15,25.5657360839844,0
2017,6,24,21,15,27.3716740722656,0
2017,6,24,21,15,29.1775539550781,0
2017,6,24,21,15,30.9832958984375,0
2017,6,24,21,15,32.7891330566406,0
2017,6,24,21,15,34.5948229980469,0
2017,6,24,21,15,36.400712890625,0
2017,6,24,21,15,38.2065100097656,0
2017,6,24,21,15,40.0123530273437,0
2017,6,24,21,15,41.8182211914063,0
2017,6,24,21,15,43.62416796875,0
2017,6,24,21,15,45.4300981445313,0
2017,6,24,21,15,47.235796875,0
2017,6,24,21,15,49.0417409667969,0
2017,6,24,21,15,50.8475908203125,0
2017,6,24,21,15,52.653419921875,0
2017,6,24,21,15,54.4591889648437,0
2017,6,24,21,15,56.2650817871094,0
2017,6,24,21,15,58.0710490722656,0
2017,6,24,21,15,59.8769350585938,0
2017,6,24,21,16,1.68265014648438,0
2017,6,24,21,16,3.48835302734375,0
2017,6,24,21,16,5.29421411132812,0
2017,6,24,21,16,7.10017602539062,0
2017,6,24,21,16,8.90601391601563,0
2017,6,24,21,16,10.7119860839844,0
2017,6,24,21,16,12.5178579101563,0
2017,6,24,21,16,14.3237609863281,0
2017,6,24,21,16,16.1296538085938,0
2017,6,24,21,16,17.935380859375,0
2017,6,24,21,16,19.7411899414063,0
2017,6,24,21,16,21.5470439453125,0
2017,6,24,21,16,23.3528559570312,0
2017,6,24,21,16,25.1586311035156,0
2017,6,24,21,16,26.9645048828125,0
2017,6,24,21,16,28.7703901367187,0
2017,6,24,21,16,30.5762199707031,0
2017,6,24,21,16,32.3822377929688,0
2017,6,24,21,16,34.1879660644531,0
2017,6,24,21,16,35.993712890625,0
2017,6,24,21,16,37.7996010742187,0
2017,6,24,21,16,39.6053518066406,0
2017,6,24,21,16,41.4112380371094,1
2017,6,24,21,16,43.2169147949219,1
2017,6,24,21,16,45.0227980957031,1
2017,6,24,21,16,46.8285300292969,1
2017,6,24,21,16,48.6342800292969,1
2017,6,24,21,16,50.4399970703125,1
2017,6,24,21,16,52.2458959960938,1
2017,6,24,21,16,54.0517980957031,1
2017,6,24,21,16,55.8576760253906,1
2017,6,24,21,16,57.6635529785156,1
2017,6,24,21,16,59.4693659667969,1
2017,6,24,21,17,1.27506494140625,1
2017,6,24,21,17,3.08084204101563,1
2017,6,24,21,17,4.88661596679688,1
2017,6,24,21,17,6.69246411132812,1
2017,6,24,21,17,8.49826000976562,1
2017,6,24,21,17,10.3040949707031,1
2017,6,24,21,17,12.1097961425781,1
2017,6,24,21,17,13.9155910644531,1
2017,6,24,21,17,15.7214060058594,1
2017,6,24,21,17,17.5272490234375,1
2017,6,24,21,17,19.3332709960937,1
2017,6,24,21,17,21.1391730957031,1
2017,6,24,21,17,22.9450930175781,1
2017,6,24,21,17,24.7509948730469,1
2017,6,24,21,17,26.5569240722656,1
2017,6,24,21,17,28.3626530761719,1
2017,6,24,21,17,30.1684770507812,1
2017,6,24,21,17,31.974287109375,1
2017,6,24,21,17,33.7801870117188,1
2017,6,24,21,17,35.5859931640625,1
2017,6,24,21,17,37.3919379882812,1
2017,6,24,21,17,39.1976459960937,1
2017,6,24,21,17,41.0037690429687,1
2017,6,24,21,17,42.8096860351562,1
2017,6,24,21,17,44.6158171386719,1
2017,6,24,21,17,46.4217670898437,1
2017,6,24,21,17,48.2277150878906,1
2017,6,24,21,17,50.0338181152344,1
2017,6,24,21,17,51.8397629394531,1
2017,6,24,21,17,53.6456630859375,1
2017,6,24,21,17,55.4514780273437,0
2017,6,24,21,17,57.2573349609375,0
2017,6,24,21,17,59.0632470703125,0
2017,6,24,21,18,0.86914697265625,0
2017,6,24,21,18,2.67486596679688,0
2017,6,24,21,18,4.48060498046875,0
2017,6,24,21,18,6.28639501953125,0
2017,6,24,21,18,8.09234692382812,0
2017,6,24,21,18,9.898294921875,0
2017,6,24,21,18,11.7042438964844,0
2017,6,24,21,18,13.5099438476563,0
2017,6,24,21,18,15.3158801269531,0
2017,6,24,21,18,17.1215830078125,0
2017,6,24,21,18,18.9275300292969,0
2017,6,24,21,18,20.7332309570312,1
2017,6,24,21,18,22.5390029296875,1
2017,6,24,21,18,24.3449020996094,1
2017,6,24,21,18,26.1505808105469,1
2017,6,24,21,18,27.9565480957031,1
2017,6,24,21,18,29.7624860839844,1
2017,6,24,21,18,31.5683239746094,1
2017,6,24,21,18,33.3742138671875,1
2017,6,24,21,18,35.1800759277344,1
2017,6,24,21,18,36.9857978515625,1
2017,6,24,21,18,38.7914860839844,1
2017,6,24,21,18,40.5974370117188,1
2017,6,24,21,18,42.4031948242188,1
2017,6,24,21,18,44.208919921875,1
2017,6,24,21,18,46.0148698730469,1
2017,6,24,21,18,47.8206437988281,1
2017,6,24,21,18,49.6265190429688,1
2017,6,24,21,18,51.432380859375,1
2017,6,24,21,18,53.2381169433594,1
2017,6,24,21,18,55.0440720214844,1
2017,6,24,21,18,56.8497800292969,1
2017,6,24,21,18,58.6555620117188,1
2017,6,24,21,19,0.46144091796875,1
2017,6,24,21,19,2.26735595703125,1
2017,6,24,21,19,4.07319091796875,1
2017,6,24,21,19,5.87895483398438,1
2017,6,24,21,19,7.68488696289062,1
2017,6,24,21,19,9.4907041015625,1
2017,6,24,21,19,11.2966169433594,1
2017,6,24,21,19,13.1025200195312,1
2017,6,24,21,19,14.9084201660156,1
2017,6,24,21,19,16.7141069335938,1
2017,6,24,21,19,18.5200700683594,1
2017,6,24,21,19,20.3260478515625,1
2017,6,24,21,19,22.1318020019531,1
2017,6,24,21,19,23.9376271972656,1
2017,6,24,21,19,25.7435419921875,1
2017,6,24,21,19,27.5494020996094,1
2017,6,24,21,19,29.3553229980469,1
2017,6,24,21,19,31.1612390136719,1
2017,6,24,21,19,32.9671750488281,1
2017,6,24,21,19,34.7728491210937,1
2017,6,24,21,19,36.5787690429688,1
2017,6,24,21,19,38.3846569824219,1
2017,6,24,21,19,40.1904951171875,1
2017,6,24,21,19,41.996296875,1
2017,6,24,21,19,43.8020478515625,1
2017,6,24,21,19,45.607794921875,1
2017,6,24,21,19,47.4134619140625,1
2017,6,24,21,19,49.2192800292969,1
2017,6,24,21,19,51.0249809570312,1
2017,6,24,21,19,52.8308090820313,1
2017,6,24,21,19,54.6368908691406,1
2017,6,24,21,19,56.4425891113281,1
2017,6,24,21,19,58.2484489746094,1
2017,6,24,21,20,0.054356201171875,1
2017,6,24,21,20,1.86014208984375,1
2017,6,24,21,20,3.66597094726562,1
2017,6,24,21,20,5.47163793945313,1
2017,6,24,21,20,7.277546875,1
2017,6,24,21,20,9.08341186523437,1
2017,6,24,21,20,10.8891809082031,1
2017,6,24,21,20,12.6951030273437,1
2017,6,24,21,20,14.5010458984375,1
2017,6,24,21,20,16.3071110839844,1
2017,6,24,21,20,18.1129270019531,1
2017,6,24,21,20,19.9186130371094,1
2017,6,24,21,20,21.724580078125,1
2017,6,24,21,20,23.5305329589844,1
2017,6,24,21,20,25.3362561035156,1
2017,6,24,21,20,27.1422260742188,1
2017,6,24,21,20,28.9479899902344,0
2017,6,24,21,20,30.7539528808594,0
2017,6,24,21,20,32.5598591308594,0
2017,6,24,21,20,34.3655729980469,0
2017,6,24,21,20,36.1715009765625,1
2017,6,24,21,20,37.9774621582031,1
2017,6,24,21,20,39.7896420898438,1
2017,6,24,21,20,41.5955478515625,1
2017,6,24,21,20,43.4012958984375,1
2017,6,24,21,20,45.2071372070313,1
2017,6,24,21,20,47.0130849609375,1
2017,6,24,21,20,48.8189089355469,1
2017,6,24,21,20,50.6246040039062,1
2017,6,24,21,20,52.4305561523437,1
2017,6,24,21,20,54.2363610839844,1
2017,6,24,21,20,56.0421801757812,1
2017,6,24,21,20,57.8480629882812,1
2017,6,24,21,20,59.65383203125,1
2017,6,24,21,21,1.4595419921875,1
2017,6,24,21,21,3.26532690429688,1
2017,6,24,21,21,5.07119604492187,1
2017,6,24,21,21,6.87692309570313,1
2017,6,24,21,21,8.68288989257812,1
2017,6,24,21,21,10.4889079589844,1
2017,6,24,21,21,12.2947941894531,1
2017,6,24,21,21,14.100626953125,1
2017,6,24,21,21,15.9063068847656,1
2017,6,24,21,21,17.7119938964844,1
2017,6,24,21,21,19.5178588867187,1
2017,6,24,21,21,21.3235249023437,1
2017,6,24,21,21,23.1293310546875,1
2017,6,24,21,21,24.9352551269531,1
2017,6,24,21,21,26.7410539550781,1
2017,6,24,21,21,28.5468659667969,1
2017,6,24,21,21,30.3525541992188,1
2017,6,24,21,21,32.1582309570313,1
2017,6,24,21,21,33.9639799804687,1
2017,6,24,21,21,35.7698969726562,1
2017,6,24,21,21,37.575751953125,0
2017,6,24,21,21,39.3814621582031,0
2017,6,24,21,21,41.1871650390625,1
2017,6,24,21,21,42.9929641113281,1
2017,6,24,21,21,44.7988110351562,1
2017,6,24,21,21,46.6047229003906,1
2017,6,24,21,21,48.4106340332031,1
2017,6,24,21,21,50.2164968261719,1
2017,6,24,21,21,52.0222980957031,1
2017,6,24,21,21,53.8282509765625,1
2017,6,24,21,21,55.6339909667969,1
2017,6,24,21,21,57.4399350585937,1
2017,6,24,21,21,59.2458278808594,0
2017,6,24,21,22,1.0515029296875,0
2017,6,24,21,22,2.85728491210938,0
2017,6,24,21,22,4.67182397460938,0
2017,6,24,21,22,6.47757495117188,0
2017,6,24,21,22,8.28354809570313,0
2017,6,24,21,22,10.0892470703125,0
2017,6,24,21,22,11.8951010742188,0
2017,6,24,21,22,13.7008828125,0
2017,6,24,21,22,15.5068530273437,0
2017,6,24,21,22,17.3127961425781,0
2017,6,24,21,22,19.11862890625,0
2017,6,24,21,22,20.9245119628906,0
2017,6,24,21,22,22.7304020996094,0
2017,6,24,21,22,24.5362180175781,0
2017,6,24,21,22,26.341958984375,0
2017,6,24,21,22,28.1477729492188,0
2017,6,24,21,22,29.9535529785156,0
2017,6,24,21,22,31.7593259277344,0
2017,6,24,21,22,33.5650051269531,0
2017,6,24,21,22,35.3709250488281,0
2017,6,24,21,22,37.1766479492187,0
2017,6,24,21,22,38.9825529785156,0
2017,6,24,21,22,40.7882868652344,0
2017,6,24,21,22,42.593998046875,0
2017,6,24,21,22,44.3998530273438,0
2017,6,24,21,22,46.2055891113281,0
2017,6,24,21,22,48.01144921875,0
2017,6,24,21,22,49.8172868652344,0
2017,6,24,21,22,51.6232741699219,0
2017,6,24,21,22,53.4290229492187,0
2017,6,24,21,22,55.2348129882812,0
2017,6,24,21,22,57.0406020507813,0
2017,6,24,21,22,58.8464050292969,0
2017,6,24,21,23,0.6522939453125,0
2017,6,24,21,23,4.55744506835937,0
2017,6,24,21,23,6.36321899414062,0
2017,6,24,21,23,8.16897705078125,0
2017,6,24,21,23,9.97476611328125,0
2017,6,24,21,23,11.7806789550781,0
2017,6,24,21,23,13.5863630371094,0
2017,6,24,21,23,15.3922131347656,0
2017,6,24,21,23,17.1981650390625,0
2017,6,24,21,23,19.0098100585938,0
2017,6,24,21,23,20.8156909179688,0
2017,6,24,21,23,22.6233488769531,0
2017,6,24,21,23,24.4272790527344,0
2017,6,24,21,23,26.2330939941406,0
2017,6,24,21,23,28.0388740234375,0
2017,6,24,21,23,29.8447270507812,0
2017,6,24,21,23,31.6504011230469,0
2017,6,24,21,23,33.45633203125,0
2017,6,24,21,23,35.2622260742188,0
2017,6,24,21,23,37.0679318847656,0
2017,6,24,21,23,38.8738410644531,0
2017,6,24,21,23,40.6797810058594,0
2017,6,24,21,23,42.48554296875,0
2017,6,24,21,23,44.2914370117187,0
2017,6,24,21,23,46.0973679199219,0
2017,6,24,21,23,47.9030549316406,0
2017,6,24,21,23,49.7088178710937,0
2017,6,24,21,23,51.5147199707031,0
2017,6,24,21,23,53.3204929199219,0
2017,6,24,21,23,55.1264499511719,0
2017,6,24,21,23,56.932455078125,0
2017,6,24,21,23,58.7382131347656,0
2017,6,24,21,24,0.544001953125,0
2017,6,24,21,24,2.34980200195313,0
2017,6,24,21,24,4.15560791015625,0
2017,6,24,21,24,5.9614990234375,0
2017,6,24,21,24,7.76725512695312,0
2017,6,24,21,24,9.57322412109375,0
2017,6,24,21,24,11.378958984375,0
2017,6,24,21,24,13.1848061523438,0
2017,6,24,21,24,14.9907629394531,0
2017,6,24,21,24,16.79646484375,0
2017,6,24,21,24,18.6021730957031,0
2017,6,24,21,24,20.4080769042969,0
2017,6,24,21,24,22.2138400878906,0
2017,6,24,21,24,24.0197429199219,0
2017,6,24,21,24,25.8254541015625,0
2017,6,24,21,24,27.6311491699219,0
2017,6,24,21,24,29.4369650878906,0
2017,6,24,21,24,31.2428479003906,0
2017,6,24,21,24,33.0488010253906,0
2017,6,24,21,24,34.8547229003906,0
2017,6,24,21,24,36.660537109375,0
2017,6,24,21,24,38.4664431152344,0
2017,6,24,21,24,40.2721838378906,0
2017,6,24,21,24,42.0781381835938,0
2017,6,24,21,24,43.8841850585938,0
2017,6,24,21,24,45.6900830078125,0
2017,6,24,21,24,47.4958139648437,0
2017,6,24,21,24,49.3017729492188,0
2017,6,24,21,24,51.1076811523438,0
2017,6,24,21,24,52.9134431152344,0
2017,6,24,21,24,54.7191391601563,0
2017,6,24,21,24,56.5250310058594,0
2017,6,24,21,24,58.3307600097656,0
2017,6,24,21,25,0.13673095703125,0
2017,6,24,21,25,1.9424541015625,0
2017,6,24,21,25,3.74822583007813,0
2017,6,24,21,25,5.55442407226562,0
2017,6,24,21,25,7.36009204101562,0
2017,6,24,21,25,9.16600805664062,0
2017,6,24,21,25,10.9718479003906,0
2017,6,24,21,25,12.7776811523437,1
2017,6,24,21,25,14.5836337890625,1
2017,6,24,21,25,16.3893098144531,1
2017,6,24,21,25,18.1950632324219,1
2017,6,24,21,25,20.0008901367187,1
2017,6,24,21,25,21.8066369628906,1
2017,6,24,21,25,23.6123198242188,1
2017,6,24,21,25,25.4180620117187,2
2017,6,24,21,25,27.2240268554688,2
2017,6,24,21,25,29.0298149414063,2
2017,6,24,21,25,30.8356489257812,2
2017,6,24,21,25,32.6413217773437,2
2017,6,24,21,25,34.44725,2
2017,6,24,21,25,36.2531789550781,1
2017,6,24,21,25,38.0589709472656,1
2017,6,24,21,25,39.8648159179687,1
2017,6,24,21,25,41.6705329589844,1
2017,6,24,21,25,43.476455078125,1
2017,6,24,21,25,45.2821970214844,1
2017,6,24,21,25,47.0880388183594,1
2017,6,24,21,25,48.8938798828125,1
2017,6,24,21,25,50.6995649414063,1
2017,6,24,21,25,52.5054799804687,1
2017,6,24,21,25,54.3113500976563,0
2017,6,24,21,25,56.117296875,0
2017,6,24,21,25,57.9231401367188,0
2017,6,24,21,25,59.7288479003906,0
2017,6,24,21,26,1.53480419921875,0
2017,6,24,21,26,3.340673828125,0
2017,6,24,21,26,5.14638793945312,0
2017,6,24,21,26,6.9522900390625,0
2017,6,24,21,26,8.75811791992188,0
2017,6,24,21,26,10.5638479003906,0
2017,6,24,21,26,12.3697529296875,0
2017,6,24,21,26,14.1756931152344,0
2017,6,24,21,26,15.9814680175781,0
2017,6,24,21,26,17.78717578125,0
2017,6,24,21,26,19.5929599609375,0
2017,6,24,21,26,21.3988950195312,0
2017,6,24,21,26,23.204705078125,0
2017,6,24,21,26,25.0104929199219,0
2017,6,24,21,26,26.8164118652344,0
2017,6,24,21,26,28.6223569335937,1
2017,6,24,21,26,30.4281098632813,1
2017,6,24,21,26,32.23380078125,1
2017,6,24,21,26,34.0397351074219,1
2017,6,24,21,26,35.845626953125,1
2017,6,24,21,26,37.651375,1
2017,6,24,21,26,39.4571320800781,1
2017,6,24,21,26,41.2630620117188,1
2017,6,24,21,26,43.0689899902344,1
2017,6,24,21,26,44.8746918945313,1
2017,6,24,21,26,46.6806499023438,1
2017,6,24,21,26,48.4863430175781,1
2017,6,24,21,26,50.2920388183594,1
2017,6,24,21,26,52.0978342285156,1
2017,6,24,21,26,53.9035380859375,1
2017,6,24,21,26,55.709373046875,1
2017,6,24,21,26,57.5150480957031,1
2017,6,24,21,26,59.3207248535156,1
2017,6,24,21,27,1.12645190429688,1
2017,6,24,21,27,2.9324189453125,1
2017,6,24,21,27,4.738296875,1
2017,6,24,21,27,6.54412377929687,1
2017,6,24,21,27,8.34983618164063,1
2017,6,24,21,27,10.1555600585937,1
2017,6,24,21,27,11.9612529296875,1
2017,6,24,21,27,13.7671010742188,1
2017,6,24,21,27,15.5730268554688,1
2017,6,24,21,27,17.3791440429688,1
2017,6,24,21,27,19.1850739746094,1
2017,6,24,21,27,20.9909250488281,1
2017,6,24,21,27,22.7966589355469,1
2017,6,24,21,27,24.6023828125,1
2017,6,24,21,27,26.4083669433594,0
2017,6,24,21,27,28.2140520019531,0
2017,6,24,21,27,30.0204599609375,0
2017,6,24,21,27,31.8261608886719,0
2017,6,24,21,27,33.63187109375,0
2017,6,24,21,27,35.4376408691406,0
2017,6,24,21,27,37.2435141601563,0
2017,6,24,21,27,39.0492150878906,0
2017,6,24,21,27,40.8550788574219,0
2017,6,24,21,27,42.6608969726563,0
2017,6,24,21,27,44.4667338867187,0
2017,6,24,21,27,46.2724790039062,0
2017,6,24,21,27,48.0783859863281,0
2017,6,24,21,27,49.8841728515625,0
2017,6,24,21,27,51.6899650878906,0
2017,6,24,21,27,53.4958200683594,0
2017,6,24,21,27,55.3015620117188,0
2017,6,24,21,27,57.1073459472656,0
2017,6,24,21,27,58.9130690917969,0
2017,6,24,21,28,0.71905908203125,0
2017,6,24,21,28,2.52477685546875,0
2017,6,24,21,28,4.33064599609375,0
2017,6,24,21,28,6.13634716796875,0
2017,6,24,21,28,7.9421279296875,0
2017,6,24,21,28,9.74789599609375,0
2017,6,24,21,28,11.5537209472656,0
2017,6,24,21,28,13.3597509765625,0
2017,6,24,21,28,15.1656179199219,0
2017,6,24,21,28,16.97150390625,0
2017,6,24,21,28,18.7772141113281,0
2017,6,24,21,28,20.5831350097656,0
2017,6,24,21,28,22.3889489746094,0
2017,6,24,21,28,24.194669921875,0
2017,6,24,21,28,26.0004780273437,0
2017,6,24,21,28,27.8061750488281,0
2017,6,24,21,28,29.6119699707031,0
2017,6,24,21,28,31.4177229003906,0
2017,6,24,21,28,33.2236149902344,0
2017,6,24,21,28,35.0294299316406,0
2017,6,24,21,28,36.8352438964844,1
2017,6,24,21,28,38.6411940917969,1
2017,6,24,21,28,40.4471120605469,1
2017,6,24,21,28,42.2529331054687,1
2017,6,24,21,28,44.0587719726563,1
2017,6,24,21,28,45.8646669921875,1
2017,6,24,21,28,47.6712019042969,1
2017,6,24,21,28,49.4769230957031,1
2017,6,24,21,28,51.2828071289062,1
2017,6,24,21,28,53.0886459960938,1
2017,6,24,21,28,54.9024340820312,1
2017,6,24,21,28,56.7082189941406,1
2017,6,24,21,28,58.5140239257813,1
2017,6,24,21,29,0.320075927734375,1
2017,6,24,21,29,2.12565698242188,1
2017,6,24,21,29,3.93154321289063,1
2017,6,24,21,29,5.7374560546875,1
2017,6,24,21,29,7.54324291992187,1
2017,6,24,21,29,9.34902416992188,1
2017,6,24,21,29,11.1547971191406,1
2017,6,24,21,29,12.9608408203125,1
2017,6,24,21,29,14.7666450195312,1
2017,6,24,21,29,16.5724680175781,1
2017,6,24,21,29,18.3783400878906,1
2017,6,24,21,29,20.1840510253906,1
2017,6,24,21,29,21.9900129394531,1
2017,6,24,21,29,23.7959721679687,1
2017,6,24,21,29,25.601923828125,1
2017,6,24,21,29,27.407623046875,1
2017,6,24,21,29,29.2134299316406,1
2017,6,24,21,29,31.0192839355469,1
2017,6,24,21,29,32.8249990234375,1
2017,6,24,21,29,34.6307490234375,1
2017,6,24,21,29,36.4365180664063,1
2017,6,24,21,29,38.2423000488281,1
2017,6,24,21,29,40.0482470703125,1
2017,6,24,21,29,41.8541938476562,1
2017,6,24,21,29,43.6601291503906,1
2017,6,24,21,29,45.4659079589844,1
2017,6,24,21,29,47.2719069824219,1
2017,6,24,21,29,49.0777199707031,1
2017,6,24,21,29,50.8835559082031,1
2017,6,24,21,29,52.6893400878906,1
2017,6,24,21,29,54.4950791015625,1
2017,6,24,21,29,56.300826171875,1
2017,6,24,21,29,58.1065310058594,1
2017,6,24,21,29,59.9124360351562,1
2017,6,24,21,30,1.71818701171875,1
2017,6,24,21,30,3.52405102539062,1
2017,6,24,21,30,5.32987182617187,1
2017,6,24,21,30,7.13556787109375,1
2017,6,24,21,30,8.94126708984375,1
2017,6,24,21,30,10.7470500488281,1
2017,6,24,21,30,12.5529858398437,1
2017,6,24,21,30,14.3588391113281,1
2017,6,24,21,30,16.1645888671875,1
2017,6,24,21,30,17.9703310546875,1
2017,6,24,21,30,19.7842341308594,1
2017,6,24,21,30,21.5899670410156,1
2017,6,24,21,30,23.3957160644531,1
2017,6,24,21,30,25.2015270996094,0
2017,6,24,21,30,27.0072080078125,0
2017,6,24,21,30,28.8131311035156,0
2017,6,24,21,30,30.61908203125,0
2017,6,24,21,30,32.4248020019531,0
2017,6,24,21,30,34.2307351074219,0
2017,6,24,21,30,36.036708984375,0
2017,6,24,21,30,37.8426330566406,0
2017,6,24,21,30,39.6484328613281,0
2017,6,24,21,30,41.4541162109375,0
2017,6,24,21,30,43.2598317871094,0
2017,6,24,21,30,45.0655710449219,0
2017,6,24,21,30,46.8712739257813,0
2017,6,24,21,30,51.7465129394531,0
2017,6,24,21,30,53.5523310546875,0
2017,6,24,21,30,55.3581298828125,0
2017,6,24,21,30,57.164001953125,0
2017,6,24,21,30,58.9699399414063,0
2017,6,24,21,31,0.7757529296875,0
2017,6,24,21,31,2.5816259765625,0
2017,6,24,21,31,4.38743994140625,0
2017,6,24,21,31,6.19343090820313,0
2017,6,24,21,31,7.99928002929687,0
2017,6,24,21,31,9.80496411132813,0
2017,6,24,21,31,11.6107380371094,0
2017,6,24,21,31,13.4166169433594,0
2017,6,24,21,31,15.2223239746094,0
2017,6,24,21,31,17.0280349121094,0
2017,6,24,21,31,18.8340200195312,0
2017,6,24,21,31,20.6398461914062,0
2017,6,24,21,31,22.4456411132813,0
2017,6,24,21,31,24.2515659179688,0
2017,6,24,21,31,26.0573840332031,0
2017,6,24,21,31,27.8632399902344,0
2017,6,24,21,31,29.6690959472656,0
2017,6,24,21,31,31.4748771972656,0
2017,6,24,21,31,33.2806301269531,0
2017,6,24,21,31,35.0864711914062,0
2017,6,24,21,31,36.8924060058594,0
2017,6,24,21,31,38.6981550292969,0
2017,6,24,21,31,40.5041049804688,0
2017,6,24,21,31,42.3098530273437,0
2017,6,24,21,31,44.1158110351562,0
2017,6,24,21,31,45.9215549316406,0
2017,6,24,21,31,47.7272897949219,0
2017,6,24,21,31,49.5331430664062,0
2017,6,24,21,31,51.3388901367188,0
2017,6,24,21,31,53.1448369140625,0
2017,6,24,21,31,54.9506459960937,0
2017,6,24,21,31,56.7565600585937,0
2017,6,24,21,31,58.562494140625,0
2017,6,24,21,32,0.368212890625,0
2017,6,24,21,32,2.17389990234375,0
2017,6,24,21,32,3.97961303710937,0
2017,6,24,21,32,5.78551782226562,0
2017,6,24,21,32,7.59131787109375,0
2017,6,24,21,32,9.397119140625,0
2017,6,24,21,32,11.2028129882813,0
2017,6,24,21,32,13.008712890625,0
2017,6,24,21,32,14.8147309570312,0
2017,6,24,21,32,16.6203000488281,0
2017,6,24,21,32,18.4261328125,0
2017,6,24,21,32,20.2318940429688,0
2017,6,24,21,32,22.0378330078125,0
2017,6,24,21,32,23.8437958984375,0
2017,6,24,21,32,25.6494680175781,0
2017,6,24,21,32,27.4555559082031,0
2017,6,24,21,32,29.26137890625,0
2017,6,24,21,32,31.0673220214844,0
2017,6,24,21,32,32.8731337890625,0
2017,6,24,21,32,34.6788659667969,0
2017,6,24,21,32,36.4847729492188,0
2017,6,24,21,32,38.2907158203125,0
2017,6,24,21,32,40.0966647949219,0
2017,6,24,21,32,41.9025148925781,0
2017,6,24,21,32,43.7082341308594,0
2017,6,24,21,32,45.5141799316406,0
2017,6,24,21,32,47.3198549804687,0
2017,6,24,21,32,49.1257229003906,0
2017,6,24,21,32,50.9313840332031,0
2017,6,24,21,32,52.7373518066406,0
2017,6,24,21,32,54.5432890625,0
2017,6,24,21,32,56.3491198730469,0
2017,6,24,21,32,58.1549689941406,0
2017,6,24,21,32,59.9606809082031,0
2017,6,24,21,33,1.76645581054688,0
2017,6,24,21,33,3.57231396484375,0
2017,6,24,21,33,5.3782080078125,0
2017,6,24,21,33,7.18417700195312,0
2017,6,24,21,33,8.98995483398438,0
2017,6,24,21,33,10.7959130859375,0
2017,6,24,21,33,12.6017429199219,0
2017,6,24,21,33,14.4074299316406,0
2017,6,24,21,33,16.2131760253906,0
2017,6,24,21,33,18.0191550292969,0
2017,6,24,21,33,19.8250261230469,0
2017,6,24,21,33,21.6309860839844,0
2017,6,24,21,33,23.4369189453125,0
2017,6,24,21,33,25.2426418457031,0
2017,6,24,21,33,27.0484760742188,0
2017,6,24,21,33,28.8541750488281,0
2017,6,24,21,33,30.6599008789062,0
2017,6,24,21,33,32.4658500976563,0
2017,6,24,21,33,34.27162109375,0
2017,6,24,21,33,36.0776279296875,0
2017,6,24,21,33,37.8835859375,0
2017,6,24,21,33,39.6893762207031,0
2017,6,24,21,33,41.495126953125,0
2017,6,24,21,33,43.3009418945312,0
2017,6,24,21,33,45.1068051757812,0
2017,6,24,21,33,46.9192878417969,0
2017,6,24,21,33,48.7251779785156,0
2017,6,24,21,33,50.5309309082031,0
2017,6,24,21,33,52.336662109375,0
2017,6,24,21,33,54.1424091796875,0
2017,6,24,21,33,55.9482829589844,0
2017,6,24,21,33,57.7541750488281,0
2017,6,24,21,33,59.5600480957031,0
2017,6,24,21,34,1.36597192382812,0
2017,6,24,21,34,3.17182983398438,0
2017,6,24,21,34,4.97761596679687,0
2017,6,24,21,34,6.78322900390625,0
2017,6,24,21,34,8.588916015625,0
2017,6,24,21,34,10.3946770019531,0
2017,6,24,21,34,12.2005178222656,0
2017,6,24,21,34,14.0064831542969,0
2017,6,24,21,34,15.8122680664063,0
2017,6,24,21,34,17.6183850097656,0
2017,6,24,21,34,19.424333984375,0
2017,6,24,21,34,21.2301809082031,0
2017,6,24,21,34,23.0360168457031,0
2017,6,24,21,34,24.8417250976563,0
2017,6,24,21,34,26.64741796875,0
2017,6,24,21,34,28.4533059082031,0
2017,6,24,21,34,30.2590908203125,0
2017,6,24,21,34,32.0650451660156,0
2017,6,24,21,34,33.87087890625,0
2017,6,24,21,34,35.6766789550781,0
2017,6,24,21,34,37.4823659667969,0
2017,6,24,21,34,39.2882858886719,0
2017,6,24,21,34,41.0940571289063,0
2017,6,24,21,34,42.9000297851562,0
2017,6,24,21,34,44.7058908691406,0
2017,6,24,21,34,46.5115659179688,0
2017,6,24,21,34,48.3173020019531,0
2017,6,24,21,34,50.1231479492187,0
2017,6,24,21,34,51.9291350097656,0
2017,6,24,21,34,53.7350869140625,0
2017,6,24,21,34,55.540916015625,0
2017,6,24,21,34,57.3467641601562,1
2017,6,24,21,34,59.1526459960938,1
2017,6,24,21,35,0.958550048828125,1
2017,6,24,21,35,2.76442504882812,1
2017,6,24,21,35,4.57011694335938,1
2017,6,24,21,35,6.37593896484375,1
2017,6,24,21,35,8.18185595703125,1
2017,6,24,21,35,9.98781396484375,1
2017,6,24,21,35,11.7935900878906,1
2017,6,24,21,35,13.5995568847656,1
2017,6,24,21,35,15.4052980957031,1
2017,6,24,21,35,17.2110190429688,1
2017,6,24,21,35,19.0171740722656,1
2017,6,24,21,35,20.8229970703125,1
2017,6,24,21,35,22.6286918945313,1
2017,6,24,21,35,24.4344680175781,1
2017,6,24,21,35,26.2402119140625,1
2017,6,24,21,35,28.0461472167969,1
2017,6,24,21,35,29.8520961914063,1
2017,6,24,21,35,31.6580141601562,1
2017,6,24,21,35,33.4638081054688,1
2017,6,24,21,35,35.2698369140625,1
2017,6,24,21,35,37.0755031738281,1
2017,6,24,21,35,38.8814189453125,1
2017,6,24,21,35,40.6871550292969,1
2017,6,24,21,35,42.4928491210937,1
2017,6,24,21,35,44.2986518554687,0
2017,6,24,21,35,46.1043500976563,0
2017,6,24,21,35,47.9102329101563,0
2017,6,24,21,35,49.7159409179688,0
2017,6,24,21,35,51.5216711425781,0
2017,6,24,21,35,53.3274860839844,0
2017,6,24,21,35,55.1333520507812,0
2017,6,24,21,35,56.939080078125,0
2017,6,24,21,35,58.7447609863281,0
2017,6,24,21,36,0.55079296875,0
2017,6,24,21,36,2.35673315429688,0
2017,6,24,21,36,4.16247802734375,0
2017,6,24,21,36,5.96836596679687,0
2017,6,24,21,36,7.77420703125,0
2017,6,24,21,36,9.580001953125,0
2017,6,24,21,36,11.3859328613281,0
2017,6,24,21,36,13.1917041015625,0
2017,6,24,21,36,14.997451171875,0
2017,6,24,21,36,16.8032341308594,0
2017,6,24,21,36,18.6089909667969,0
2017,6,24,21,36,20.4147600097656,0
2017,6,24,21,36,22.220494140625,0
2017,6,24,21,36,24.026330078125,0
2017,6,24,21,36,25.8322729492188,1
2017,6,24,21,36,27.6381799316406,1
2017,6,24,21,36,29.4441208496094,1
2017,6,24,21,36,31.2499001464844,1
2017,6,24,21,36,33.0557819824219,1
2017,6,24,21,36,34.8615319824219,1
2017,6,24,21,36,36.6673291015625,1
2017,6,24,21,36,38.47325390625,1
2017,6,24,21,36,40.2789968261719,1
2017,6,24,21,36,42.0849060058594,1
2017,6,24,21,36,43.8907211914063,1
2017,6,24,21,36,45.6966369628906,1
2017,6,24,21,36,47.5025078125,1
2017,6,24,21,36,49.3082280273438,1
2017,6,24,21,36,51.1141118164063,1
2017,6,24,21,36,52.9198129882813,1
2017,6,24,21,36,54.7256528320313,1
2017,6,24,21,36,56.5313920898437,1
2017,6,24,21,36,58.3372368164062,1
2017,6,24,21,37,0.14417919921875,1
2017,6,24,21,37,1.953953125,1
2017,6,24,21,37,3.75985400390625,1
2017,6,24,21,37,5.56680297851562,1
2017,6,24,21,37,7.37260888671875,1
2017,6,24,21,37,9.1784599609375,1
2017,6,24,21,37,10.9841630859375,1
2017,6,24,21,37,12.7900520019531,1
2017,6,24,21,37,14.5958159179687,1
2017,6,24,21,37,16.401666015625,1
2017,6,24,21,37,18.2075888671875,1
2017,6,24,21,37,20.0134111328125,0
2017,6,24,21,37,21.8193801269531,0
2017,6,24,21,37,23.6250888671875,0
2017,6,24,21,37,25.4310341796875,0
2017,6,24,21,37,27.2367648925781,0
2017,6,24,21,37,29.0426970214844,0
2017,6,24,21,37,30.8485319824219,0
2017,6,24,21,37,32.6542348632813,0
2017,6,24,21,37,34.4601440429688,0
2017,6,24,21,37,36.2659658203125,0
2017,6,24,21,37,38.0719040527344,0
2017,6,24,21,37,39.8778110351562,1
2017,6,24,21,37,41.6835270996094,1
2017,6,24,21,37,43.4894460449219,1
2017,6,24,21,37,45.2953269042969,1
2017,6,24,21,37,47.101119140625,1
2017,6,24,21,37,48.9068798828125,1
2017,6,24,21,37,50.7125739746094,1
2017,6,24,21,37,52.5183029785156,1
2017,6,24,21,37,54.3242060546875,1
2017,6,24,21,37,56.1299709472656,1
2017,6,24,21,37,57.9356489257813,1
2017,6,24,21,37,59.7413581542969,1
2017,6,24,21,38,1.54718408203125,1
2017,6,24,21,38,3.35291796875,1
2017,6,24,21,38,5.15865209960937,1
2017,6,24,21,38,6.96437182617187,1
2017,6,24,21,38,8.77030981445312,1
2017,6,24,21,38,10.5760910644531,1
2017,6,24,21,38,12.3818791503906,1
2017,6,24,21,38,14.1876689453125,1
2017,6,24,21,38,15.9934020996094,1
2017,6,24,21,38,17.7992829589844,1
2017,6,24,21,38,19.6050031738281,1
2017,6,24,21,38,21.41070703125,1
2017,6,24,21,38,23.2165710449219,1
2017,6,24,21,38,25.022296875,1
2017,6,24,21,38,26.8363010253906,1
2017,6,24,21,38,28.6420249023437,1
2017,6,24,21,38,30.447998046875,1
2017,6,24,21,38,32.2540380859375,1
2017,6,24,21,38,34.059875,1
2017,6,24,21,38,35.8657329101562,1
2017,6,24,21,38,37.6715249023437,0
2017,6,24,21,38,39.4772761230469,0
2017,6,24,21,38,41.2829990234375,0
2017,6,24,21,38,43.0887099609375,0
2017,6,24,21,38,44.8945009765625,0
2017,6,24,21,38,46.700337890625,0
2017,6,24,21,38,48.5061540527344,0
2017,6,24,21,38,50.3119580078125,0
2017,6,24,21,38,52.1178181152344,0
2017,6,24,21,38,53.9237839355469,0
2017,6,24,21,38,55.7296528320312,0
2017,6,24,21,38,57.5354860839844,0
2017,6,24,21,38,59.3412709960937,0
2017,6,24,21,39,1.14744580078125,0
2017,6,24,21,39,2.953412109375,0
2017,6,24,21,39,4.75922705078125,0
2017,6,24,21,39,6.56512915039063,0
2017,6,24,21,39,8.37092211914062,0
2017,6,24,21,39,10.1767521972656,0
2017,6,24,21,39,11.9825119628906,0
2017,6,24,21,39,13.7883120117187,0
2017,6,24,21,39,15.594212890625,0
2017,6,24,21,39,17.4000529785156,0
2017,6,24,21,39,19.2061000976563,0
2017,6,24,21,39,21.0118120117187,0
2017,6,24,21,39,24.9201208496094,0
2017,6,24,21,39,26.7260708007813,0
2017,6,24,21,39,28.5319680175781,0
2017,6,24,21,39,30.33770703125,0
2017,6,24,21,39,32.1434479980469,0
2017,6,24,21,39,33.949337890625,0
2017,6,24,21,39,35.7552509765625,0
2017,6,24,21,39,37.5610229492188,0
2017,6,24,21,39,39.3667348632813,0
2017,6,24,21,39,41.1725830078125,0
2017,6,24,21,39,42.9784440917969,0
2017,6,24,21,39,44.7842250976562,0
2017,6,24,21,39,46.590083984375,0
2017,6,24,21,39,48.3958249511719,0
2017,6,24,21,39,50.2016569824219,0
2017,6,24,21,39,52.0074880371094,0
2017,6,24,21,39,53.8133740234375,0
2017,6,24,21,39,55.6193010253906,0
2017,6,24,21,39,57.4250280761719,0
2017,6,24,21,39,59.2309289550781,0
2017,6,24,21,40,1.0369091796875,0
2017,6,24,21,40,2.84270703125,0
2017,6,24,21,40,4.64891796875,0
2017,6,24,21,40,6.45482983398438,0
2017,6,24,21,40,8.26066088867188,0
2017,6,24,21,40,10.0663559570313,0
2017,6,24,21,40,11.8720478515625,0
2017,6,24,21,40,13.6779428710937,1
2017,6,24,21,40,15.4839138183594,1
2017,6,24,21,40,17.2897890625,1
2017,6,24,21,40,19.0954870605469,1
2017,6,24,21,40,20.9013059082031,1
2017,6,24,21,40,22.7072270507812,1
2017,6,24,21,40,24.5130009765625,1
2017,6,24,21,40,26.3187102050781,1
2017,6,24,21,40,28.1246408691406,1
2017,6,24,21,40,29.9305168457031,1
2017,6,24,21,40,31.7362229003906,1
2017,6,24,21,40,33.5421918945312,1
2017,6,24,21,40,35.3479309082031,1
2017,6,24,21,40,37.1536801757812,1
2017,6,24,21,40,38.9596040039063,1
2017,6,24,21,40,40.7654990234375,1
2017,6,24,21,40,42.5713049316406,1
2017,6,24,21,40,44.3772932128906,1
2017,6,24,21,40,46.1830698242187,1
2017,6,24,21,40,47.9888559570312,1
2017,6,24,21,40,49.7947390136719,1
2017,6,24,21,40,51.6005380859375,1
2017,6,24,21,40,53.4063549804687,1
2017,6,24,21,40,55.2121779785156,1
2017,6,24,21,40,57.0182099609375,1
2017,6,24,21,40,58.8239399414063,1
2017,6,24,21,41,0.62985302734375,1
2017,6,24,21,41,2.43558203125,1
2017,6,24,21,41,4.2414228515625,1
2017,6,24,21,41,6.04709790039063,1
2017,6,24,21,41,7.853046875,1
2017,6,24,21,41,9.65872778320312,1
2017,6,24,21,41,11.4644401855469,1
2017,6,24,21,41,13.2701850585937,1
2017,6,24,21,41,15.0759150390625,1
2017,6,24,21,41,16.8816240234375,1
2017,6,24,21,41,18.6875979003906,1
2017,6,24,21,41,20.4935329589844,1
2017,6,24,21,41,22.299369140625,1
2017,6,24,21,41,24.1051481933594,1
2017,6,24,21,41,25.9110290527344,1
2017,6,24,21,41,27.7167290039062,1
2017,6,24,21,41,29.5224140625,1
2017,6,24,21,41,31.3281071777344,1
2017,6,24,21,41,33.13408203125,1
2017,6,24,21,41,34.9398999023437,1
2017,6,24,21,41,36.7458488769531,1
2017,6,24,21,41,38.5516491699219,1
2017,6,24,21,41,40.3575529785156,1
2017,6,24,21,41,42.163458984375,1
2017,6,24,21,41,43.9695129394531,1
2017,6,24,21,41,45.7754350585938,1
2017,6,24,21,41,47.5813979492187,1
2017,6,24,21,41,49.387208984375,1
2017,6,24,21,41,51.1929489746094,1
2017,6,24,21,41,52.9986779785156,1
2017,6,24,21,41,54.8045170898437,1
2017,6,24,21,41,56.6101960449219,1
2017,6,24,21,41,58.4161069335938,1
2017,6,24,21,42,0.221847900390625,1
2017,6,24,21,42,2.02773193359375,1
2017,6,24,21,42,3.83352807617187,1
2017,6,24,21,42,5.64006494140625,1
2017,6,24,21,42,7.44503295898437,1
2017,6,24,21,42,9.25080712890625,1
2017,6,24,21,42,11.0565419921875,1
2017,6,24,21,42,12.8623959960937,1
2017,6,24,21,42,14.668125,1
2017,6,24,21,42,16.4738510742188,1
2017,6,24,21,42,18.279671875,0
2017,6,24,21,42,20.0854189453125,0
2017,6,24,21,42,21.8913579101562,0
2017,6,24,21,42,23.6972229003906,0
2017,6,24,21,42,25.5029348144531,0
2017,6,24,21,42,27.3087770996094,0
2017,6,24,21,42,29.1145598144531,0
2017,6,24,21,42,30.9205090332031,0
2017,6,24,21,42,32.7264619140625,0
2017,6,24,21,42,34.5322900390625,0
2017,6,24,21,42,36.3381850585938,0
2017,6,24,21,42,38.1439299316406,0
2017,6,24,21,42,39.9496428222656,0
2017,6,24,21,42,41.75537890625,0
2017,6,24,21,42,43.561166015625,0
2017,6,24,21,42,45.3669099121094,0
2017,6,24,21,42,47.172837890625,0
2017,6,24,21,42,48.978791015625,0
2017,6,24,21,42,50.7846279296875,0
2017,6,24,21,42,52.5925390625,0
2017,6,24,21,42,54.3982919921875,0
2017,6,24,21,42,56.2042438964844,0
2017,6,24,21,42,58.0099299316406,0
2017,6,24,21,42,59.8157099609375,0
2017,6,24,21,43,1.62171508789063,1
2017,6,24,21,43,3.42753295898437,1
2017,6,24,21,43,5.23343310546875,1
2017,6,24,21,43,7.03927709960938,1
2017,6,24,21,43,8.84520092773437,1
2017,6,24,21,43,10.6529660644531,1
2017,6,24,21,43,12.4569658203125,1
2017,6,24,21,43,14.262669921875,1
2017,6,24,21,43,16.0685910644531,1
2017,6,24,21,43,17.8745588378906,1
2017,6,24,21,43,19.6804609375,1
2017,6,24,21,43,21.4863010253906,1
2017,6,24,21,43,23.2921740722656,1
2017,6,24,21,43,25.0979680175781,1
2017,6,24,21,43,26.9037932128906,1
2017,6,24,21,43,28.7096989746094,1
2017,6,24,21,43,30.5156130371094,1
2017,6,24,21,43,32.3214389648438,1
2017,6,24,21,43,34.1271938476563,1
2017,6,24,21,43,35.9330119628906,1
2017,6,24,21,43,37.7388359375,1
2017,6,24,21,43,39.5445607910156,1
2017,6,24,21,43,41.3504289550781,1
2017,6,24,21,43,43.1562170410156,1
2017,6,24,21,43,44.9622141113281,1
2017,6,24,21,43,46.7678740234375,1
2017,6,24,21,43,48.5738200683594,1
2017,6,24,21,43,50.3796330566406,1
2017,6,24,21,43,52.1855249023438,1
2017,6,24,21,43,53.9914838867187,1
2017,6,24,21,43,55.79729296875,1
2017,6,24,21,43,57.6029729003906,1
2017,6,24,21,43,59.4087141113281,1
2017,6,24,21,44,1.21439794921875,1
2017,6,24,21,44,3.02031811523437,1
2017,6,24,21,44,4.82618798828125,0
2017,6,24,21,44,6.63201318359375,0
2017,6,24,21,44,8.4379638671875,0
2017,6,24,21,44,10.2437141113281,0
2017,6,24,21,44,12.0495419921875,0
2017,6,24,21,44,13.8554169921875,1
2017,6,24,21,44,15.6612839355469,1
2017,6,24,21,44,17.4670151367188,1
2017,6,24,21,44,19.2730378417969,1
2017,6,24,21,44,21.0786159667969,1
2017,6,24,21,44,22.8843850097656,1
2017,6,24,21,44,24.6901450195313,1
2017,6,24,21,44,26.496001953125,1
2017,6,24,21,44,28.3018110351562,1
2017,6,24,21,44,30.1076140136719,1
2017,6,24,21,44,31.9135749511719,1
2017,6,24,21,44,33.7193579101562,1
2017,6,24,21,44,35.5251838378906,1
2017,6,24,21,44,37.3310209960937,1
2017,6,24,21,44,39.1367609863281,1
2017,6,24,21,44,40.9425949707031,1
2017,6,24,21,44,42.7556838378906,1
2017,6,24,21,44,44.5616030273438,1
2017,6,24,21,44,46.3674660644531,1
2017,6,24,21,44,48.1733010253906,1
2017,6,24,21,44,49.979248046875,1
2017,6,24,21,44,51.7851328125,1
2017,6,24,21,44,53.5909020996094,1
2017,6,24,21,44,55.3966049804688,1
2017,6,24,21,44,57.2023051757812,0
2017,6,24,21,44,59.0114299316406,0
2017,6,24,21,45,0.817301025390625,0
2017,6,24,21,45,2.62307104492188,0
2017,6,24,21,45,4.42874609375,0
2017,6,24,21,45,6.23463208007812,0
2017,6,24,21,45,8.0403408203125,0
2017,6,24,21,45,9.84614892578125,0
2017,6,24,21,45,11.6520649414063,0
2017,6,24,21,45,13.4579311523438,0
2017,6,24,21,45,15.2638569335938,0
2017,6,24,21,45,17.0696530761719,0
2017,6,24,21,45,18.8753928222656,0
2017,6,24,21,45,20.6811870117187,0
2017,6,24,21,45,22.4871010742187,0
2017,6,24,21,45,24.2929670410156,0
2017,6,24,21,45,26.098787109375,0
2017,6,24,21,45,27.9047939453125,0
2017,6,24,21,45,29.7106320800781,0
2017,6,24,21,45,31.5165100097656,0
2017,6,24,21,45,33.3223381347656,0
2017,6,24,21,45,35.1282060546875,0
2017,6,24,21,45,36.9341799316406,0
2017,6,24,21,45,38.739912109375,0
2017,6,24,21,45,40.5459089355469,0
2017,6,24,21,45,42.351666015625,0
2017,6,24,21,45,44.1575688476563,0
2017,6,24,21,45,45.9633659667969,0
2017,6,24,21,45,47.7693120117188,0
2017,6,24,21,45,49.5752180175781,0
2017,6,24,21,45,51.3807868652344,0
2017,6,24,21,45,53.1869240722656,0
2017,6,24,21,45,54.9928491210937,0
2017,6,24,21,45,56.7987839355469,0
2017,6,24,21,45,58.6046640625,0
2017,6,24,21,46,0.410489013671875,0
2017,6,24,21,46,2.21636791992188,0
2017,6,24,21,46,4.02204711914063,0
2017,6,24,21,46,5.827955078125,0
2017,6,24,21,46,7.63755004882812,0
2017,6,24,21,46,9.44332592773437,0
2017,6,24,21,46,11.2491669921875,0
2017,6,24,21,46,13.0549809570312,0
2017,6,24,21,46,14.86070703125,0
2017,6,24,21,46,16.666748046875,0
2017,6,24,21,46,18.4727170410156,0
2017,6,24,21,46,20.2786081542969,0
2017,6,24,21,46,22.0843911132812,0
2017,6,24,21,46,23.89021484375,0
2017,6,24,21,46,25.6963000488281,0
2017,6,24,21,46,27.50191796875,0
2017,6,24,21,46,29.3076701660156,0
2017,6,24,21,46,31.1133698730469,0
2017,6,24,21,46,32.9190480957031,0
2017,6,24,21,46,34.7247641601562,0
2017,6,24,21,46,36.5305559082031,0
2017,6,24,21,46,38.3365009765625,0
2017,6,24,21,46,40.1421821289062,0
2017,6,24,21,46,41.9481220703125,0
2017,6,24,21,46,50.0249780273437,0
2017,6,24,21,46,51.8308078613281,0
2017,6,24,21,46,53.6365891113281,0
2017,6,24,21,46,55.4425200195313,0
2017,6,24,21,46,57.248462890625,0
2017,6,24,21,46,59.0543850097656,0
2017,6,24,21,47,0.86023681640625,0
2017,6,24,21,47,2.66619799804687,0
2017,6,24,21,47,4.47200708007813,0
2017,6,24,21,47,6.27793408203125,0
2017,6,24,21,47,8.08356689453125,0
2017,6,24,21,47,9.889408203125,0
2017,6,24,21,47,11.6952678222656,0
2017,6,24,21,47,13.5011850585937,0
2017,6,24,21,47,15.3098049316406,0
2017,6,24,21,47,17.1154958496094,0
2017,6,24,21,47,18.9211840820312,0
2017,6,24,21,47,20.726916015625,0
2017,6,24,21,47,22.5326770019531,0
2017,6,24,21,47,24.3386850585938,0
2017,6,24,21,47,26.1446430664062,0
2017,6,24,21,47,27.9503737792969,0
2017,6,24,21,47,29.7561618652344,0
2017,6,24,21,47,31.5618200683594,0
2017,6,24,21,47,33.3677548828125,0
2017,6,24,21,47,35.1736928710937,0
2017,6,24,21,47,36.9795090332031,0
2017,6,24,21,47,38.7852700195312,0
2017,6,24,21,47,40.6006701660156,0
2017,6,24,21,47,42.40649609375,0
2017,6,24,21,47,44.2124230957031,0
2017,6,24,21,47,46.0183950195312,0
2017,6,24,21,47,47.8242648925781,0
2017,6,24,21,47,49.6301999511719,0
2017,6,24,21,47,51.4360830078125,0
2017,6,24,21,47,53.2418029785156,0
2017,6,24,21,47,55.0476010742187,0
2017,6,24,21,47,56.8537758789062,0
2017,6,24,21,47,58.6616398925781,0
2017,6,24,21,48,0.467442138671875,0
2017,6,24,21,48,2.273625,0
2017,6,24,21,48,4.07963696289062,0
2017,6,24,21,48,5.88540600585937,0
2017,6,24,21,48,7.6913681640625,0
2017,6,24,21,48,9.49729711914063,0
2017,6,24,21,48,11.3029948730469,0
2017,6,24,21,48,13.1087980957031,0
2017,6,24,21,48,14.9145668945312,0
2017,6,24,21,48,16.7204621582031,0
2017,6,24,21,48,18.526294921875,0
2017,6,24,21,48,20.3320849609375,0
2017,6,24,21,48,22.137958984375,0
2017,6,24,21,48,23.9438591308594,0
2017,6,24,21,48,25.7497619628906,0
2017,6,24,21,48,27.5554731445312,0
2017,6,24,21,48,29.3612490234375,0
2017,6,24,21,48,31.166958984375,0
2017,6,24,21,48,32.9726569824219,0
2017,6,24,21,48,34.7783850097656,0
2017,6,24,21,48,36.5841450195312,0
2017,6,24,21,48,38.3900700683594,0
2017,6,24,21,48,40.195673828125,0
2017,6,24,21,48,42.0014509277344,0
2017,6,24,21,48,43.8074838867187,0
2017,6,24,21,48,45.6132180175781,0
2017,6,24,21,48,47.4190229492187,0
2017,6,24,21,48,49.2248999023438,0
2017,6,24,21,48,51.0308110351562,0
2017,6,24,21,48,52.8367810058594,0
2017,6,24,21,48,54.6426740722656,0
2017,6,24,21,48,56.4486489257812,0
2017,6,24,21,48,58.254541015625,0
2017,6,24,21,49,0.06065380859375,0
2017,6,24,21,49,1.86618310546875,0
2017,6,24,21,49,3.67191284179688,0
2017,6,24,21,49,5.47783203125,0
2017,6,24,21,49,7.28380712890625,0
2017,6,24,21,49,9.0897470703125,0
2017,6,24,21,49,10.8956740722656,0
2017,6,24,21,49,12.7017268066406,0
2017,6,24,21,49,14.5077009277344,0
2017,6,24,21,49,16.3135949707031,0
2017,6,24,21,49,18.1318317871094,0
2017,6,24,21,49,19.9696989746094,0
2017,6,24,21,49,21.9351530761719,0
2017,6,24,21,49,23.7461108398438,0
2017,6,24,21,49,25.60170703125,0
2017,6,24,21,49,27.5665700683594,0
2017,6,24,21,49,29.5222211914062,0
2017,6,24,21,49,31.328130859375,0
2017,6,24,21,49,33.2349909667969,0
2017,6,24,21,49,35.1923239746094,0
2017,6,24,21,49,37.0776721191406,0
2017,6,24,21,49,39.1140361328125,0
2017,6,24,21,49,40.9615439453125,0
2017,6,24,21,49,42.79216796875,0
2017,6,24,21,49,44.606421875,0
2017,6,24,21,49,46.5348588867188,0
2017,6,24,21,49,48.3407331542969,0
2017,6,24,21,49,50.1827768554688,0
2017,6,24,21,49,52.1988640136719,0
2017,6,24,21,49,54.237125,0
2017,6,24,21,49,56.0603759765625,0
2017,6,24,21,49,58.0994721679687,0
2017,6,24,21,49,59.911744140625,0
2017,6,24,21,50,1.71766796875,0
2017,6,24,21,50,3.73805908203125,0
2017,6,24,21,50,5.56197998046875,0
2017,6,24,21,50,7.75684497070313,0
2017,6,24,21,50,9.63524609375,0
2017,6,24,21,50,11.562048828125,0
2017,6,24,21,50,13.5235939941406,0
2017,6,24,21,50,15.5223449707031,0
2017,6,24,21,50,17.4939880371094,0
2017,6,24,21,50,19.2998071289062,0
2017,6,24,21,50,21.1837529296875,0
2017,6,24,21,50,23.1042622070313,0
2017,6,24,21,50,24.9101701660156,0
2017,6,24,21,50,26.8536999511719,0
2017,6,24,21,50,28.7136469726562,0
2017,6,24,21,50,30.6263449707031,0
2017,6,24,21,50,32.6347199707031,0
2017,6,24,21,50,34.5292080078125,0
2017,6,24,21,50,36.3937180175781,0
2017,6,24,21,50,38.3445959472656,0
2017,6,24,21,50,40.1655668945313,0
2017,6,24,21,50,42.0872600097656,0
2017,6,24,21,50,43.8930261230469,0
2017,6,24,21,50,45.6988579101562,0
2017,6,24,21,50,47.5987990722656,0
2017,6,24,21,50,49.5246970214844,0
2017,6,24,21,50,51.619205078125,0
2017,6,24,21,50,53.5259658203125,0
2017,6,24,21,50,55.524837890625,0
2017,6,24,21,50,57.3307321777344,0
2017,6,24,21,50,59.2216589355469,0
2017,6,24,21,51,1.17494384765625,0
2017,6,24,21,51,3.20145385742188,0
2017,6,24,21,51,5.01760595703125,0
2017,6,24,21,51,6.93762109375,0
2017,6,24,21,51,8.84869091796875,0
2017,6,24,21,51,10.7604028320313,0
2017,6,24,21,51,12.6982231445312,0
2017,6,24,21,51,14.6953540039062,0
2017,6,24,21,51,16.5254650878906,0
2017,6,24,21,51,18.7260939941406,0
2017,6,24,21,51,20.5320571289062,0
2017,6,24,21,51,22.5593779296875,0
2017,6,24,21,51,24.3653500976563,0
2017,6,24,21,51,26.5815229492188,0
2017,6,24,21,51,28.4341979980469,0
2017,6,24,21,51,30.3893051757812,0
2017,6,24,21,51,32.2956879882813,0
2017,6,24,21,51,34.1996918945312,0
2017,6,24,21,51,36.1235400390625,0
2017,6,24,21,51,38.1819328613281,0
2017,6,24,21,51,39.9893020019531,0
2017,6,24,21,51,41.8014790039063,0
2017,6,24,21,51,43.7728937988281,0
2017,6,24,21,51,45.6162219238281,0
2017,6,24,21,51,47.5370080566406,0
2017,6,24,21,51,49.5287758789063,0
2017,6,24,21,51,51.3345759277344,0
2017,6,24,21,51,53.3545610351563,0
2017,6,24,21,51,55.312546875,0
2017,6,24,21,51,57.1952109375,0
2017,6,24,21,51,59.0011479492187,0
2017,6,24,21,52,0.8867919921875,0
2017,6,24,21,52,2.83251000976562,0
2017,6,24,21,52,4.74853100585938,0
2017,6,24,21,52,6.86844213867187,0
2017,6,24,21,52,8.84984301757813,0
2017,6,24,21,52,10.7591330566406,0
2017,6,24,21,52,12.6507980957031,0
2017,6,24,21,52,14.5330251464844,0
2017,6,24,21,52,16.4946201171875,0
2017,6,24,21,52,18.3004560546875,0
2017,6,24,21,52,20.1672001953125,0
2017,6,24,21,52,22.2009938964844,0
2017,6,24,21,52,24.2392658691406,0
2017,6,24,21,52,26.04508984375,0
2017,6,24,21,52,27.9575620117187,0
2017,6,24,21,52,29.9036018066406,0
2017,6,24,21,52,31.7332080078125,0
2017,6,24,21,52,33.6740168457031,0
2017,6,24,21,52,35.5485571289063,0
2017,6,24,21,52,37.5282548828125,0
2017,6,24,21,52,39.5815151367187,0
2017,6,24,21,52,41.5305300292969,0
2017,6,24,21,52,43.7937609863281,0
2017,6,24,21,52,45.6184831542969,0
2017,6,24,21,52,47.6025300292969,0
2017,6,24,21,52,49.5281391601563,0
2017,6,24,21,52,51.5582060546875,0
2017,6,24,21,52,53.4363698730469,0
2017,6,24,21,52,55.2537150878906,0
2017,6,24,21,52,57.2381630859375,0
2017,6,24,21,52,59.2285129394531,0
2017,6,24,21,53,1.26566186523437,0
2017,6,24,21,53,3.26531420898438,0
2017,6,24,21,53,5.14092504882812,0
2017,6,24,21,53,7.01900903320313,0
2017,6,24,21,53,9.17196118164063,0
2017,6,24,21,53,10.9943188476563,0
2017,6,24,21,53,12.8494619140625,0
2017,6,24,21,53,14.7377189941406,0
2017,6,24,21,53,16.6747180175781,0
2017,6,24,21,53,18.5291120605469,0
2017,6,24,21,53,20.5324990234375,0
2017,6,24,21,53,22.7302739257813,0
2017,6,24,21,53,24.5534680175781,0
2017,6,24,21,53,26.7093679199219,0
2017,6,24,21,53,28.5292939453125,0
2017,6,24,21,53,30.3726740722656,0
2017,6,24,21,53,32.2037780761719,0
2017,6,24,21,53,34.2694230957031,0
2017,6,24,21,53,36.1486821289063,0
2017,6,24,21,53,38.2467648925781,0
2017,6,24,21,53,40.2615290527344,0
2017,6,24,21,53,42.27812109375,0
2017,6,24,21,53,44.3127290039062,0
2017,6,24,21,53,46.1939479980469,0
2017,6,24,21,53,48.1342448730469,0
2017,6,24,21,53,50.0109912109375,0
2017,6,24,21,53,51.9723530273438,0
2017,6,24,21,53,53.7780390625,0
2017,6,24,21,53,55.6099528808594,0
2017,6,24,21,53,57.582048828125,0
2017,6,24,21,53,59.5363901367188,0
2017,6,24,21,54,1.49235888671875,0
2017,6,24,21,54,3.53546801757813,0
2017,6,24,21,54,5.36982104492188,0
2017,6,24,21,54,7.2884609375,0
2017,6,24,21,54,9.21133081054687,0
2017,6,24,21,54,11.1989770507813,0
2017,6,24,21,54,13.3839479980469,0
2017,6,24,21,54,15.2139890136719,0
2017,6,24,21,54,17.1183229980469,0
2017,6,24,21,54,18.9422380371094,0
2017,6,24,21,54,20.7480200195312,0
2017,6,24,21,54,22.7379799804688,0
2017,6,24,21,54,24.5553811035156,0
2017,6,24,21,54,26.629498046875,0
2017,6,24,21,54,28.5209750976563,0
2017,6,24,21,54,30.374994140625,0
2017,6,24,21,54,32.2432290039063,0
2017,6,24,21,54,34.1623171386719,0
2017,6,24,21,54,36.095087890625,0
2017,6,24,21,54,38.0919548339844,0
2017,6,24,21,54,39.96775390625,0
2017,6,24,21,54,41.7970200195313,0
2017,6,24,21,54,43.6821879882812,0
2017,6,24,21,54,45.5332529296875,0
2017,6,24,21,54,47.3391989746094,0
2017,6,24,21,54,49.2513479003906,0
2017,6,24,21,54,51.1618791503906,0
2017,6,24,21,54,53.3233508300781,0
2017,6,24,21,54,55.1832529296875,0
2017,6,24,21,54,57.1457099609375,0
2017,6,24,21,54,59.0211640625,0
2017,6,24,21,55,0.9264150390625,0
2017,6,24,21,55,2.83920092773438,0
2017,6,24,21,55,4.72586303710938,0
2017,6,24,21,55,6.55435791015625,0
2017,6,24,21,55,8.52080981445313,0
2017,6,24,21,55,10.32658203125,0
