Year,Month,Day,Hour,Minute,Second,Classification
2019,9,9,0,35,1.44980004882813,0
2019,9,9,0,35,3.2997998046875,0
2019,9,9,0,35,5.19980004882813,0
2019,9,9,0,35,7.0997998046875,0
2019,9,9,0,35,8.94980004882813,0
2019,9,9,0,35,10.8497998046875,0
2019,9,9,0,35,12.6998000488281,0
2019,9,9,0,35,14.5497998046875,0
2019,9,9,0,35,16.4498000488281,0
2019,9,9,0,35,18.2997998046875,0
2019,9,9,0,35,20.1497998046875,0
2019,9,9,0,35,21.9998000488281,0
2019,9,9,0,35,23.8497998046875,0
2019,9,9,0,35,25.7498000488281,0
2019,9,9,0,35,27.5997998046875,0
2019,9,9,0,35,29.4498000488281,0
2019,9,9,0,35,31.2997998046875,0
2019,9,9,0,35,33.1998000488281,0
2019,9,9,0,35,35.0497998046875,0
2019,9,9,0,35,36.8997998046875,0
2019,9,9,0,35,38.7498000488281,0
2019,9,9,0,35,40.5997998046875,0
2019,9,9,0,35,42.4498000488281,0
2019,9,9,0,35,44.2997998046875,0
2019,9,9,0,35,46.1497998046875,0
2019,9,9,0,35,47.9998000488281,0
2019,9,9,0,35,49.8497998046875,0
2019,9,9,0,35,51.6998000488281,0
2019,9,9,0,35,53.5497998046875,0
2019,9,9,0,35,55.3997998046875,0
2019,9,9,0,35,57.2498000488281,0
2019,9,9,0,35,59.0997998046875,0
2019,9,9,0,36,0.949800048828125,0
2019,9,9,0,36,2.7997998046875,0
2019,9,9,0,36,4.6497998046875,0
2019,9,9,0,36,6.49980004882813,0
2019,9,9,0,36,8.3497998046875,0
2019,9,9,0,36,10.1998000488281,0
2019,9,9,0,36,12.0497998046875,0
2019,9,9,0,36,13.8997998046875,0
2019,9,9,0,36,15.6998000488281,0
2019,9,9,0,36,17.5497998046875,0
2019,9,9,0,36,19.3997998046875,0
2019,9,9,0,36,21.2498000488281,0
2019,9,9,0,36,23.0997998046875,0
2019,9,9,0,36,24.9498000488281,0
2019,9,9,0,36,26.7997998046875,0
2019,9,9,0,36,28.6497998046875,0
2019,9,9,0,36,30.4998000488281,0
2019,9,9,0,36,32.3497998046875,0
2019,9,9,0,36,34.1998000488281,0
2019,9,9,0,36,36.0497998046875,0
2019,9,9,0,36,37.8997998046875,0
2019,9,9,0,36,39.7498000488281,0
2019,9,9,0,36,41.5997998046875,0
2019,9,9,0,36,43.4498000488281,0
2019,9,9,0,36,45.2997998046875,0
2019,9,9,0,36,47.1497998046875,0
2019,9,9,0,36,48.9998000488281,0
2019,9,9,0,36,50.8497998046875,0
2019,9,9,0,36,52.6998000488281,0
2019,9,9,0,36,54.5497998046875,0
2019,9,9,0,36,56.3997998046875,0
2019,9,9,0,36,58.2498000488281,0
2019,9,9,0,37,0.0997998046875,0
2019,9,9,0,37,1.94980004882812,0
2019,9,9,0,37,3.7997998046875,0
2019,9,9,0,37,5.6497998046875,0
2019,9,9,0,37,7.49980004882813,0
2019,9,9,0,37,9.3497998046875,0
2019,9,9,0,37,11.1998000488281,0
2019,9,9,0,37,13.0497998046875,0
2019,9,9,0,37,14.8997998046875,0
2019,9,9,0,37,16.7498000488281,0
2019,9,9,0,37,18.5997998046875,0
2019,9,9,0,37,20.4498000488281,0
2019,9,9,0,37,22.2997998046875,0
2019,9,9,0,37,24.1497998046875,0
2019,9,9,0,37,25.9998000488281,0
2019,9,9,0,37,27.8497998046875,0
2019,9,9,0,37,29.6998000488281,0
2019,9,9,0,37,31.5497998046875,0
2019,9,9,0,37,33.3997998046875,0
2019,9,9,0,37,35.2498000488281,0
2019,9,9,0,37,37.0997998046875,0
2019,9,9,0,37,38.9498000488281,0
2019,9,9,0,37,40.7997998046875,0
2019,9,9,0,37,42.6497998046875,0
2019,9,9,0,37,44.4998000488281,0
2019,9,9,0,37,46.3497998046875,0
2019,9,9,0,37,48.1998000488281,0
2019,9,9,0,37,50.0497998046875,0
2019,9,9,0,37,51.8997998046875,0
2019,9,9,0,37,53.7498000488281,0
2019,9,9,0,37,55.5997998046875,0
2019,9,9,0,38,11.9998000488281,0
2019,9,9,0,38,13.8497998046875,0
2019,9,9,0,38,15.6998000488281,0
2019,9,9,0,38,17.5497998046875,0
2019,9,9,0,38,19.3997998046875,0
2019,9,9,0,38,21.2498000488281,0
2019,9,9,0,38,23.0997998046875,0
2019,9,9,0,38,24.9498000488281,0
2019,9,9,0,38,26.7997998046875,0
2019,9,9,0,38,28.6497998046875,0
2019,9,9,0,38,30.4998000488281,0
2019,9,9,0,38,32.3497998046875,0
2019,9,9,0,38,34.1998000488281,0
2019,9,9,0,38,36.0497998046875,0
2019,9,9,0,38,37.8997998046875,0
2019,9,9,0,38,39.7498000488281,0
2019,9,9,0,38,41.5997998046875,0
2019,9,9,0,38,43.4498000488281,0
2019,9,9,0,38,45.2997998046875,0
2019,9,9,0,38,47.1497998046875,0
2019,9,9,0,38,48.9998000488281,0
2019,9,9,0,38,50.8497998046875,0
2019,9,9,0,38,52.6998000488281,0
2019,9,9,0,38,54.5497998046875,0
2019,9,9,0,38,56.3997998046875,0
2019,9,9,0,38,58.2498000488281,0
2019,9,9,0,39,0.0997998046875,0
2019,9,9,0,39,1.94980004882812,0
2019,9,9,0,39,3.7997998046875,0
2019,9,9,0,39,5.6497998046875,0
2019,9,9,0,39,7.49980004882813,0
2019,9,9,0,39,9.3497998046875,0
2019,9,9,0,39,11.1998000488281,0
2019,9,9,0,39,13.0497998046875,0
2019,9,9,0,39,14.8997998046875,0
2019,9,9,0,39,16.7498000488281,0
2019,9,9,0,39,18.5997998046875,0
2019,9,9,0,39,20.4498000488281,0
2019,9,9,0,39,22.2997998046875,0
2019,9,9,0,39,24.1497998046875,0
2019,9,9,0,39,25.9998000488281,0
2019,9,9,0,39,27.8497998046875,0
2019,9,9,0,39,29.6998000488281,0
2019,9,9,0,39,31.5497998046875,0
2019,9,9,0,39,33.3997998046875,0
2019,9,9,0,39,35.2498000488281,0
2019,9,9,0,39,37.0997998046875,0
2019,9,9,0,39,38.9498000488281,0
2019,9,9,0,39,40.7997998046875,0
2019,9,9,0,39,42.6497998046875,0
2019,9,9,0,39,44.4998000488281,0
2019,9,9,0,39,46.3497998046875,0
2019,9,9,0,39,48.1998000488281,0
2019,9,9,0,39,50.0497998046875,0
2019,9,9,0,39,51.8997998046875,0
2019,9,9,0,39,53.7498000488281,0
2019,9,9,0,39,55.5997998046875,0
2019,9,9,0,39,57.4498000488281,0
2019,9,9,0,39,59.2997998046875,0
2019,9,9,0,40,1.1497998046875,0
2019,9,9,0,40,2.99980004882813,0
2019,9,9,0,40,4.8497998046875,0
2019,9,9,0,40,6.69980004882813,0
2019,9,9,0,40,8.5497998046875,0
2019,9,9,0,40,10.3997998046875,0
2019,9,9,0,40,12.2498000488281,0
2019,9,9,0,40,14.0997998046875,0
2019,9,9,0,40,15.9498000488281,0
2019,9,9,0,40,17.7997998046875,0
2019,9,9,0,40,19.6497998046875,0
2019,9,9,0,40,21.4998000488281,0
2019,9,9,0,40,23.3497998046875,0
2019,9,9,0,40,25.1998000488281,0
2019,9,9,0,40,27.0497998046875,0
2019,9,9,0,40,28.8997998046875,0
2019,9,9,0,40,30.7498000488281,0
2019,9,9,0,40,32.5997998046875,0
2019,9,9,0,40,34.4498000488281,0
2019,9,9,0,40,36.2997998046875,0
2019,9,9,0,40,38.1497998046875,0
2019,9,9,0,40,39.9998000488281,0
2019,9,9,0,40,41.8497998046875,0
2019,9,9,0,40,43.6998000488281,0
2019,9,9,0,40,45.5497998046875,0
2019,9,9,0,40,47.3997998046875,0
2019,9,9,0,40,49.2498000488281,0
2019,9,9,0,40,51.0997998046875,0
2019,9,9,0,40,52.9498000488281,0
2019,9,9,0,40,54.7997998046875,0
2019,9,9,0,40,56.6497998046875,0
2019,9,9,0,40,58.4998000488281,0
2019,9,9,0,41,0.3497998046875,0
2019,9,9,0,41,2.19980004882812,0
2019,9,9,0,41,4.0497998046875,0
2019,9,9,0,41,5.8997998046875,0
2019,9,9,0,41,7.74980004882813,0
2019,9,9,0,41,9.5997998046875,0
2019,9,9,0,41,11.4498000488281,0
2019,9,9,0,41,13.2997998046875,0
2019,9,9,0,41,15.1497998046875,0
2019,9,9,0,41,16.9998000488281,0
2019,9,9,0,41,18.8497998046875,0
2019,9,9,0,41,20.6998000488281,0
2019,9,9,0,41,22.5497998046875,0
2019,9,9,0,41,24.3997998046875,0
2019,9,9,0,41,26.2498000488281,0
2019,9,9,0,41,28.0997998046875,0
2019,9,9,0,41,29.9498000488281,0
2019,9,9,0,41,31.7997998046875,0
2019,9,9,0,41,33.6497998046875,0
2019,9,9,0,41,35.4998000488281,0
2019,9,9,0,41,37.3497998046875,0
2019,9,9,0,41,39.1998000488281,0
2019,9,9,0,41,41.0497998046875,0
2019,9,9,0,41,42.8997998046875,0
2019,9,9,0,41,44.7498000488281,0
2019,9,9,0,41,46.5997998046875,0
2019,9,9,0,41,48.4498000488281,0
2019,9,9,0,41,50.2997998046875,0
2019,9,9,0,41,52.1497998046875,0
2019,9,9,0,41,53.9998000488281,0
2019,9,9,0,41,55.8497998046875,0
2019,9,9,0,41,57.6998000488281,0
2019,9,9,0,41,59.5497998046875,0
2019,9,9,0,42,1.3997998046875,0
2019,9,9,0,42,3.24980004882813,0
2019,9,9,0,42,5.0997998046875,0
2019,9,9,0,42,6.94980004882813,0
2019,9,9,0,42,8.7997998046875,0
2019,9,9,0,42,10.6497998046875,0
2019,9,9,0,42,12.4998000488281,0
2019,9,9,0,42,14.3497998046875,0
2019,9,9,0,42,16.1998000488281,0
2019,9,9,0,42,18.0497998046875,0
2019,9,9,0,42,19.8997998046875,0
2019,9,9,0,42,21.7498000488281,0
2019,9,9,0,42,23.5997998046875,0
2019,9,9,0,42,25.4498000488281,0
2019,9,9,0,42,27.2997998046875,0
2019,9,9,0,42,29.1497998046875,0
2019,9,9,0,42,30.9998000488281,0
2019,9,9,0,42,32.8497998046875,0
2019,9,9,0,42,34.6998000488281,0
2019,9,9,0,42,36.5497998046875,0
2019,9,9,0,42,38.3997998046875,0
2019,9,9,0,42,40.2498000488281,0
2019,9,9,0,42,42.0997998046875,0
2019,9,9,0,42,43.9498000488281,0
2019,9,9,0,42,45.7997998046875,0
2019,9,9,0,42,47.6497998046875,0
2019,9,9,0,42,49.4998000488281,0
2019,9,9,0,42,51.3497998046875,0
2019,9,9,0,42,53.1998000488281,0
2019,9,9,0,42,55.0497998046875,0
2019,9,9,0,42,56.8997998046875,0
2019,9,9,0,42,58.7498000488281,0
2019,9,9,0,43,0.5997998046875,0
2019,9,9,0,43,2.44980004882812,0
2019,9,9,0,43,4.2997998046875,0
2019,9,9,0,43,6.1497998046875,0
2019,9,9,0,43,7.99980004882813,0
2019,9,9,0,43,9.8497998046875,0
2019,9,9,0,43,11.6998000488281,0
2019,9,9,0,43,13.5497998046875,0
2019,9,9,0,43,15.3997998046875,0
2019,9,9,0,43,17.2498000488281,0
2019,9,9,0,43,19.0997998046875,0
2019,9,9,0,43,20.9498000488281,0
2019,9,9,0,43,22.7997998046875,0
2019,9,9,0,43,24.6497998046875,0
2019,9,9,0,43,26.4998000488281,0
2019,9,9,0,43,28.3497998046875,0
2019,9,9,0,43,30.1998000488281,0
2019,9,9,0,43,32.0497998046875,0
2019,9,9,0,43,33.8997998046875,0
2019,9,9,0,43,35.7498000488281,0
2019,9,9,0,43,37.5997998046875,0
2019,9,9,0,43,39.4498000488281,0
2019,9,9,0,43,41.2997998046875,0
2019,9,9,0,43,43.1497998046875,0
2019,9,9,0,43,44.9998000488281,0
2019,9,9,0,43,46.8497998046875,0
2019,9,9,0,43,48.6998000488281,0
2019,9,9,0,43,50.5497998046875,0
2019,9,9,0,43,52.3997998046875,0
2019,9,9,0,43,54.2498000488281,0
2019,9,9,0,43,56.0997998046875,0
2019,9,9,0,43,57.9498000488281,0
2019,9,9,0,43,59.7997998046875,0
2019,9,9,0,44,1.6497998046875,0
2019,9,9,0,44,3.49980004882813,0
2019,9,9,0,44,5.3497998046875,0
2019,9,9,0,44,7.19980004882813,0
2019,9,9,0,44,9.0497998046875,0
2019,9,9,0,44,10.8997998046875,0
2019,9,9,0,44,12.7498000488281,0
2019,9,9,0,44,14.5997998046875,0
2019,9,9,0,44,16.4498000488281,0
2019,9,9,0,44,18.2997998046875,0
2019,9,9,0,44,20.1497998046875,0
2019,9,9,0,44,21.9998000488281,0
2019,9,9,0,44,23.8497998046875,0
2019,9,9,0,44,25.6998000488281,0
2019,9,9,0,44,27.5497998046875,0
2019,9,9,0,44,29.3997998046875,0
2019,9,9,0,44,31.2498000488281,0
2019,9,9,0,44,33.0997998046875,0
2019,9,9,0,44,34.9498000488281,0
2019,9,9,0,44,36.7997998046875,0
2019,9,9,0,44,38.6497998046875,0
2019,9,9,0,44,40.4998000488281,0
2019,9,9,0,44,42.3497998046875,0
2019,9,9,0,44,44.1998000488281,0
2019,9,9,0,44,46.0497998046875,0
2019,9,9,0,44,47.8997998046875,0
2019,9,9,0,44,49.7498000488281,0
2019,9,9,0,44,51.5997998046875,0
2019,9,9,0,44,53.4498000488281,0
2019,9,9,0,44,55.2997998046875,0
2019,9,9,0,44,57.1497998046875,0
2019,9,9,0,44,58.9998000488281,0
2019,9,9,0,45,0.8497998046875,0
2019,9,9,0,45,2.69980004882812,0
2019,9,9,0,45,4.5497998046875,0
2019,9,9,0,45,6.3997998046875,0
2019,9,9,0,45,8.24980004882812,0
2019,9,9,0,45,10.0997998046875,0
2019,9,9,0,45,11.9498000488281,0
2019,9,9,0,45,13.7997998046875,0
2019,9,9,0,45,15.6497998046875,0
2019,9,9,0,45,17.4998000488281,0
2019,9,9,0,45,19.3497998046875,0
2019,9,9,0,45,21.1998000488281,0
2019,9,9,0,45,23.0497998046875,0
2019,9,9,0,45,24.8997998046875,0
2019,9,9,0,45,26.7498000488281,0
2019,9,9,0,45,28.5997998046875,0
2019,9,9,0,45,30.4498000488281,0
2019,9,9,0,45,32.2997998046875,0
2019,9,9,0,45,34.1497998046875,0
2019,9,9,0,45,35.9998000488281,0
2019,9,9,0,45,37.8497998046875,0
2019,9,9,0,45,39.6998000488281,0
2019,9,9,0,45,41.5497998046875,0
2019,9,9,0,45,43.3997998046875,0
2019,9,9,0,45,45.2498000488281,0
2019,9,9,0,45,47.0997998046875,0
2019,9,9,0,45,48.9498000488281,0
2019,9,9,0,45,50.7997998046875,0
2019,9,9,0,45,52.6497998046875,0
2019,9,9,0,45,54.4998000488281,0
2019,9,9,0,45,56.3497998046875,0
2019,9,9,0,45,58.1998000488281,0
2019,9,9,0,46,53.4998000488281,0
2019,9,9,0,46,55.3497998046875,0
2019,9,9,0,46,57.1998000488281,0
2019,9,9,0,46,59.0497998046875,0
2019,9,9,0,47,0.8997998046875,0
2019,9,9,0,47,2.74980004882813,0
2019,9,9,0,47,4.5997998046875,0
2019,9,9,0,47,6.44980004882813,0
2019,9,9,0,47,8.2997998046875,0
2019,9,9,0,47,10.1497998046875,0
2019,9,9,0,47,11.9998000488281,0
2019,9,9,0,47,13.8497998046875,0
2019,9,9,0,47,15.6998000488281,0
2019,9,9,0,47,17.5497998046875,0
2019,9,9,0,47,19.3997998046875,0
2019,9,9,0,47,21.2498000488281,0
2019,9,9,0,47,23.0997998046875,0
2019,9,9,0,47,24.9498000488281,0
2019,9,9,0,47,26.7997998046875,0
2019,9,9,0,47,28.6497998046875,0
2019,9,9,0,47,30.4998000488281,0
2019,9,9,0,47,32.3497998046875,0
2019,9,9,0,47,34.1998000488281,0
2019,9,9,0,47,36.0497998046875,0
2019,9,9,0,47,37.8997998046875,0
2019,9,9,0,47,39.7498000488281,0
2019,9,9,0,47,41.5997998046875,0
2019,9,9,0,47,43.4498000488281,0
2019,9,9,0,47,45.2997998046875,0
2019,9,9,0,47,47.1497998046875,0
2019,9,9,0,47,48.9998000488281,0
2019,9,9,0,47,50.8497998046875,0
2019,9,9,0,47,52.6998000488281,0
2019,9,9,0,47,54.5497998046875,0
2019,9,9,0,47,56.3997998046875,0
2019,9,9,0,47,58.2498000488281,0
2019,9,9,0,48,0.0997998046875,0
2019,9,9,0,48,1.94980004882812,0
2019,9,9,0,48,3.7997998046875,0
2019,9,9,0,48,5.6497998046875,0
2019,9,9,0,48,7.49980004882813,0
2019,9,9,0,48,9.3497998046875,0
2019,9,9,0,48,11.1998000488281,0
2019,9,9,0,48,13.0497998046875,0
2019,9,9,0,48,14.8997998046875,0
2019,9,9,0,48,16.7498000488281,0
2019,9,9,0,48,18.5997998046875,0
2019,9,9,0,48,20.4498000488281,0
2019,9,9,0,48,22.2997998046875,0
2019,9,9,0,48,24.1497998046875,0
2019,9,9,0,48,25.9998000488281,0
2019,9,9,0,48,27.8497998046875,0
2019,9,9,0,48,29.6998000488281,0
2019,9,9,0,48,31.5497998046875,0
2019,9,9,0,48,33.3997998046875,0
2019,9,9,0,48,35.2498000488281,0
2019,9,9,0,48,37.0997998046875,1
2019,9,9,0,48,38.9498000488281,1
2019,9,9,0,48,40.7997998046875,1
2019,9,9,0,48,42.6497998046875,1
2019,9,9,0,48,44.4998000488281,1
2019,9,9,0,48,46.3497998046875,1
2019,9,9,0,48,48.1998000488281,1
2019,9,9,0,48,50.0497998046875,1
2019,9,9,0,48,51.8997998046875,1
2019,9,9,0,48,53.7498000488281,1
2019,9,9,0,48,55.5997998046875,1
2019,9,9,0,48,57.4498000488281,1
2019,9,9,0,48,59.2997998046875,1
2019,9,9,0,49,1.1497998046875,1
2019,9,9,0,49,2.99980004882813,1
2019,9,9,0,49,4.8497998046875,1
2019,9,9,0,49,6.69980004882813,1
2019,9,9,0,49,8.5497998046875,1
2019,9,9,0,49,10.3997998046875,1
2019,9,9,0,49,12.2498000488281,1
2019,9,9,0,49,14.0997998046875,1
2019,9,9,0,49,15.9498000488281,1
2019,9,9,0,49,17.7997998046875,1
2019,9,9,0,49,19.6497998046875,1
2019,9,9,0,49,21.4998000488281,1
2019,9,9,0,49,23.3497998046875,1
2019,9,9,0,49,25.1998000488281,1
2019,9,9,0,49,27.0497998046875,1
2019,9,9,0,49,28.8997998046875,1
2019,9,9,0,49,30.7498000488281,1
2019,9,9,0,49,32.5997998046875,0
2019,9,9,0,49,34.4498000488281,0
2019,9,9,0,49,36.2997998046875,0
2019,9,9,0,49,38.1497998046875,0
2019,9,9,0,49,39.9998000488281,0
2019,9,9,0,49,41.8497998046875,0
2019,9,9,0,49,43.6998000488281,0
2019,9,9,0,49,45.5497998046875,0
2019,9,9,0,49,47.3997998046875,0
2019,9,9,0,49,49.2498000488281,0
2019,9,9,0,49,51.0997998046875,0
2019,9,9,0,49,52.9498000488281,0
2019,9,9,0,49,54.7997998046875,0
2019,9,9,0,49,56.6497998046875,0
2019,9,9,0,49,58.4998000488281,0
2019,9,9,0,50,0.3497998046875,0
2019,9,9,0,50,2.19980004882812,0
2019,9,9,0,50,4.0497998046875,0
2019,9,9,0,50,5.8997998046875,0
2019,9,9,0,50,7.74980004882813,0
2019,9,9,0,50,9.5997998046875,0
2019,9,9,0,50,11.4498000488281,0
2019,9,9,0,50,13.2997998046875,0
2019,9,9,0,50,15.1497998046875,0
2019,9,9,0,50,16.9998000488281,0
2019,9,9,0,50,18.8497998046875,0
2019,9,9,0,50,20.6998000488281,0
2019,9,9,0,50,22.5497998046875,0
2019,9,9,0,50,24.3997998046875,0
2019,9,9,0,50,26.2498000488281,0
2019,9,9,0,50,28.0997998046875,0
2019,9,9,0,50,29.9498000488281,0
2019,9,9,0,50,31.7997998046875,0
2019,9,9,0,50,33.6497998046875,0
2019,9,9,0,50,35.4998000488281,0
2019,9,9,0,50,37.3497998046875,0
2019,9,9,0,50,39.1998000488281,0
2019,9,9,0,50,41.0497998046875,0
2019,9,9,0,50,42.8997998046875,0
2019,9,9,0,50,44.7498000488281,0
2019,9,9,0,50,46.5997998046875,0
2019,9,9,0,50,48.4498000488281,0
2019,9,9,0,50,50.2997998046875,0
2019,9,9,0,50,52.1497998046875,0
2019,9,9,0,50,53.9998000488281,0
2019,9,9,0,50,55.8497998046875,0
2019,9,9,0,50,57.6998000488281,0
2019,9,9,0,50,59.5497998046875,0
2019,9,9,0,51,1.3997998046875,0
2019,9,9,0,51,3.24980004882813,0
2019,9,9,0,51,5.0997998046875,0
2019,9,9,0,51,6.94980004882813,0
2019,9,9,0,51,8.7997998046875,0
2019,9,9,0,51,10.6497998046875,0
2019,9,9,0,51,12.4998000488281,0
2019,9,9,0,51,14.3497998046875,0
2019,9,9,0,51,16.1998000488281,0
2019,9,9,0,51,18.0497998046875,0
2019,9,9,0,51,19.8997998046875,0
2019,9,9,0,51,21.7498000488281,0
2019,9,9,0,51,23.5997998046875,0
2019,9,9,0,51,25.4498000488281,0
2019,9,9,0,51,27.2997998046875,0
2019,9,9,0,51,29.1497998046875,0
2019,9,9,0,51,30.9998000488281,0
2019,9,9,0,51,32.8497998046875,0
2019,9,9,0,51,34.6998000488281,0
2019,9,9,0,51,36.5497998046875,0
2019,9,9,0,51,38.3997998046875,0
2019,9,9,0,51,40.2498000488281,0
2019,9,9,0,51,42.0997998046875,0
2019,9,9,0,51,43.9498000488281,0
2019,9,9,0,51,45.7997998046875,0
2019,9,9,0,51,47.6497998046875,0
2019,9,9,0,51,49.4998000488281,0
2019,9,9,0,51,51.3497998046875,0
2019,9,9,0,51,53.1998000488281,0
2019,9,9,0,51,55.0497998046875,0
2019,9,9,0,51,56.8997998046875,0
2019,9,9,0,51,58.7498000488281,0
2019,9,9,0,52,0.5997998046875,0
2019,9,9,0,52,2.44980004882812,0
2019,9,9,0,52,4.2997998046875,0
2019,9,9,0,52,6.1497998046875,0
2019,9,9,0,52,7.99980004882813,0
2019,9,9,0,52,9.8497998046875,0
2019,9,9,0,52,11.6998000488281,0
2019,9,9,0,52,13.5497998046875,0
2019,9,9,0,52,15.3997998046875,0
2019,9,9,0,52,17.2498000488281,0
2019,9,9,0,52,19.0997998046875,0
2019,9,9,0,52,20.9498000488281,0
2019,9,9,0,52,22.7997998046875,0
2019,9,9,0,52,24.6497998046875,0
2019,9,9,0,52,26.4998000488281,0
2019,9,9,0,52,28.3497998046875,0
2019,9,9,0,52,30.1998000488281,0
2019,9,9,0,52,32.0497998046875,0
2019,9,9,0,52,33.8997998046875,0
2019,9,9,0,52,35.7498000488281,0
2019,9,9,0,52,37.5997998046875,0
2019,9,9,0,52,39.4498000488281,0
2019,9,9,0,52,41.2997998046875,0
2019,9,9,0,52,43.1497998046875,0
2019,9,9,0,52,44.9998000488281,0
2019,9,9,0,52,46.8497998046875,0
2019,9,9,0,52,48.6998000488281,0
2019,9,9,0,52,50.5497998046875,0
2019,9,9,0,52,52.3997998046875,0
2019,9,9,0,52,54.2498000488281,0
2019,9,9,0,52,56.0997998046875,0
2019,9,9,0,52,57.9498000488281,0
2019,9,9,0,52,59.7997998046875,0
2019,9,9,0,53,1.6497998046875,0
2019,9,9,0,53,3.49980004882813,0
2019,9,9,0,53,5.3497998046875,0
2019,9,9,0,53,7.19980004882813,0
2019,9,9,0,53,9.0497998046875,0
2019,9,9,0,53,10.8997998046875,0
2019,9,9,0,53,12.7498000488281,0
2019,9,9,0,53,14.5997998046875,0
2019,9,9,0,53,16.4498000488281,0
2019,9,9,0,53,18.2997998046875,0
2019,9,9,0,53,20.1497998046875,0
2019,9,9,0,53,21.9998000488281,0
2019,9,9,0,53,23.8497998046875,0
2019,9,9,0,53,25.6998000488281,0
2019,9,9,0,53,27.5497998046875,0
2019,9,9,0,53,29.3997998046875,0
2019,9,9,0,53,31.2498000488281,0
2019,9,9,0,53,33.0997998046875,0
2019,9,9,0,53,34.9498000488281,0
2019,9,9,0,53,36.7997998046875,0
2019,9,9,0,53,38.6497998046875,0
2019,9,9,0,53,40.4998000488281,0
2019,9,9,0,53,42.3497998046875,0
2019,9,9,0,53,44.1998000488281,0
2019,9,9,0,53,46.0497998046875,0
2019,9,9,0,53,47.8997998046875,0
2019,9,9,0,53,49.7498000488281,0
2019,9,9,0,53,51.5997998046875,0
2019,9,9,0,53,53.4498000488281,0
2019,9,9,0,53,55.2997998046875,0
2019,9,9,0,53,57.1497998046875,0
2019,9,9,0,53,58.9998000488281,0
2019,9,9,0,54,0.8497998046875,0
2019,9,9,0,54,2.69980004882812,0
2019,9,9,0,54,4.5497998046875,0
2019,9,9,0,54,6.3997998046875,0
2019,9,9,0,54,8.24980004882812,0
2019,9,9,0,54,10.0997998046875,0
2019,9,9,0,54,11.9498000488281,0
2019,9,9,0,54,13.7997998046875,0
2019,9,9,0,54,15.6497998046875,0
2019,9,9,0,54,17.4998000488281,0
2019,9,9,0,54,19.3497998046875,0
2019,9,9,0,54,21.1998000488281,0
2019,9,9,0,54,23.0497998046875,0
2019,9,9,0,54,24.8997998046875,0
2019,9,9,0,54,26.7498000488281,0
2019,9,9,0,54,28.5997998046875,0
2019,9,9,0,54,30.4498000488281,0
2019,9,9,0,54,32.2997998046875,0
2019,9,9,0,54,34.1497998046875,0
2019,9,9,0,54,35.9998000488281,0
2019,9,9,0,54,37.8497998046875,0
2019,9,9,0,54,39.6998000488281,0
2019,9,9,0,54,41.5497998046875,0
2019,9,9,0,54,43.3997998046875,0
2019,9,9,0,54,45.2498000488281,0
2019,9,9,0,54,47.0997998046875,0
2019,9,9,0,54,48.9498000488281,0
2019,9,9,0,54,50.7997998046875,0
2019,9,9,0,54,52.6497998046875,0
2019,9,9,0,54,54.4998000488281,0
2019,9,9,0,54,56.3497998046875,0
2019,9,9,0,54,58.1998000488281,0
2019,9,9,0,55,0.0497998046875,0
2019,9,9,0,55,1.8997998046875,0
2019,9,9,0,55,3.74980004882813,0
2019,9,9,0,55,5.5997998046875,0
2019,9,9,0,55,7.44980004882813,0
2019,9,9,0,55,9.2997998046875,0
2019,9,9,0,55,11.1497998046875,0
2019,9,9,0,55,12.9998000488281,0
2019,9,9,0,55,14.8497998046875,0
2019,9,9,0,55,16.6998000488281,0
2019,9,9,0,55,18.5497998046875,0
2019,9,9,0,55,20.3997998046875,0
2019,9,9,0,55,22.2498000488281,0
2019,9,9,0,55,24.0997998046875,0
2019,9,9,0,55,25.9498000488281,0
2019,9,9,0,55,27.7997998046875,0
2019,9,9,0,55,29.6497998046875,0
2019,9,9,0,55,31.4998000488281,0
2019,9,9,0,55,33.3497998046875,0
2019,9,9,0,55,35.1998000488281,0
2019,9,9,0,55,37.0497998046875,0
2019,9,9,0,55,38.8997998046875,0
2019,9,9,0,55,40.7498000488281,0
2019,9,9,0,55,42.5997998046875,0
2019,9,9,0,55,44.4498000488281,0
2019,9,9,0,55,46.2997998046875,0
2019,9,9,0,55,48.1497998046875,0
2019,9,9,0,55,49.9998000488281,0
2019,9,9,0,55,51.8497998046875,0
2019,9,9,0,55,53.6998000488281,0
2019,9,9,0,55,55.5497998046875,0
2019,9,9,0,55,57.3997998046875,0
2019,9,9,0,55,59.2498000488281,0
2019,9,9,0,56,1.0997998046875,0
2019,9,9,0,56,2.94980004882812,0
2019,9,9,0,56,4.7997998046875,0
2019,9,9,0,56,6.6497998046875,0
2019,9,9,0,56,8.49980004882812,0
2019,9,9,0,56,10.3497998046875,0
2019,9,9,0,56,12.1998000488281,0
2019,9,9,0,56,14.0497998046875,0
2019,9,9,0,56,15.8997998046875,0
2019,9,9,0,56,17.7498000488281,0
2019,9,9,0,56,19.5997998046875,0
2019,9,9,0,56,21.4498000488281,0
2019,9,9,0,56,23.2997998046875,0
2019,9,9,0,56,25.1497998046875,0
2019,9,9,0,56,26.9998000488281,0
2019,9,9,0,56,28.8497998046875,0
2019,9,9,0,56,30.6998000488281,0
2019,9,9,0,56,32.5497998046875,0
2019,9,9,0,56,34.3997998046875,0
2019,9,9,0,56,36.2498000488281,0
2019,9,9,0,56,38.0997998046875,0
2019,9,9,0,56,39.9498000488281,0
2019,9,9,0,56,41.7997998046875,0
2019,9,9,0,56,43.6497998046875,0
2019,9,9,0,56,45.4998000488281,0
2019,9,9,0,56,47.3497998046875,0
2019,9,9,0,56,49.1998000488281,0
2019,9,9,0,56,51.0497998046875,0
2019,9,9,0,56,52.8997998046875,0
2019,9,9,0,56,54.7498000488281,0
2019,9,9,0,56,56.5997998046875,0
2019,9,9,0,56,58.4498000488281,0
2019,9,9,1,0,7.7997998046875,0
2019,9,9,1,0,9.5997998046875,0
2019,9,9,1,0,11.4998000488281,0
2019,9,9,1,0,13.3497998046875,0
2019,9,9,1,0,15.1998000488281,0
2019,9,9,1,0,16.9998000488281,0
2019,9,9,1,0,18.8997998046875,0
2019,9,9,1,0,20.7498000488281,0
2019,9,9,1,0,22.5997998046875,0
2019,9,9,1,0,24.4498000488281,0
2019,9,9,1,0,26.2997998046875,0
2019,9,9,1,0,28.1497998046875,0
2019,9,9,1,0,29.9998000488281,0
2019,9,9,1,0,31.7997998046875,0
2019,9,9,1,0,33.6998000488281,0
2019,9,9,1,0,35.5497998046875,0
2019,9,9,1,0,37.3497998046875,0
2019,9,9,1,0,39.1998000488281,0
2019,9,9,1,0,41.0997998046875,0
2019,9,9,1,0,42.9498000488281,0
2019,9,9,1,0,44.7997998046875,0
2019,9,9,1,0,46.6497998046875,0
2019,9,9,1,0,48.4998000488281,0
2019,9,9,1,0,50.3497998046875,0
2019,9,9,1,0,52.1497998046875,0
2019,9,9,1,0,54.0497998046875,0
2019,9,9,1,0,55.8997998046875,0
2019,9,9,1,0,57.7498000488281,0
2019,9,9,1,0,59.5497998046875,0
2019,9,9,1,1,1.3997998046875,0
2019,9,9,1,1,3.24980004882813,0
2019,9,9,1,1,5.0997998046875,0
2019,9,9,1,1,6.94980004882813,0
2019,9,9,1,1,8.8497998046875,0
2019,9,9,1,1,10.7498000488281,0
2019,9,9,1,1,12.5997998046875,0
2019,9,9,1,1,14.4498000488281,0
2019,9,9,1,1,16.2997998046875,0
2019,9,9,1,1,18.1497998046875,0
2019,9,9,1,1,19.9998000488281,0
2019,9,9,1,1,21.8497998046875,0
2019,9,9,1,1,23.6998000488281,0
2019,9,9,1,1,25.5497998046875,0
2019,9,9,1,1,27.3997998046875,0
2019,9,9,1,1,29.2498000488281,0
2019,9,9,1,1,31.0997998046875,0
2019,9,9,1,1,32.9498000488281,0
2019,9,9,1,1,34.7997998046875,0
2019,9,9,1,1,36.6497998046875,0
2019,9,9,1,1,38.4998000488281,0
2019,9,9,1,1,40.3497998046875,0
2019,9,9,1,1,42.1998000488281,0
2019,9,9,1,1,44.0497998046875,0
2019,9,9,1,1,45.7997998046875,0
2019,9,9,1,1,47.4998000488281,0
2019,9,9,1,1,49.1998000488281,0
2019,9,9,1,1,50.8997998046875,0
2019,9,9,1,1,52.6998000488281,0
2019,9,9,1,1,54.5497998046875,0
2019,9,9,1,1,56.4498000488281,0
2019,9,9,1,1,58.2997998046875,0
2019,9,9,1,2,0.1497998046875,0
2019,9,9,1,2,1.99980004882813,0
2019,9,9,1,2,3.7997998046875,0
2019,9,9,1,2,5.6497998046875,0
2019,9,9,1,2,7.49980004882813,0
2019,9,9,1,2,9.3497998046875,0
2019,9,9,1,2,11.1998000488281,0
2019,9,9,1,2,13.0497998046875,0
2019,9,9,1,2,14.8997998046875,0
2019,9,9,1,2,16.7498000488281,0
2019,9,9,1,2,18.5997998046875,0
2019,9,9,1,2,20.4498000488281,0
2019,9,9,1,2,22.2997998046875,0
2019,9,9,1,2,24.1497998046875,0
2019,9,9,1,2,25.9998000488281,0
2019,9,9,1,2,27.8497998046875,0
2019,9,9,1,2,29.6998000488281,0
2019,9,9,1,2,31.5497998046875,0
2019,9,9,1,2,33.3997998046875,0
2019,9,9,1,2,35.2498000488281,0
2019,9,9,1,2,37.0997998046875,0
2019,9,9,1,2,38.9498000488281,0
2019,9,9,1,2,40.7997998046875,0
2019,9,9,1,2,42.6497998046875,0
2019,9,9,1,2,44.4998000488281,0
2019,9,9,1,2,46.3497998046875,0
2019,9,9,1,2,48.1998000488281,0
2019,9,9,1,3,49.7498000488281,0
2019,9,9,1,3,51.5997998046875,0
2019,9,9,1,3,53.4498000488281,0
2019,9,9,1,3,55.2997998046875,0
2019,9,9,1,3,57.1497998046875,0
2019,9,9,1,3,58.9998000488281,0
2019,9,9,1,4,0.8497998046875,0
2019,9,9,1,4,2.69980004882812,0
2019,9,9,1,4,4.5497998046875,0
2019,9,9,1,4,6.3997998046875,0
2019,9,9,1,4,8.24980004882812,0
2019,9,9,1,4,10.0997998046875,0
2019,9,9,1,4,11.9498000488281,0
2019,9,9,1,4,13.7997998046875,0
2019,9,9,1,4,15.6497998046875,0
2019,9,9,1,4,17.4998000488281,0
2019,9,9,1,4,19.3497998046875,0
2019,9,9,1,4,21.1998000488281,0
2019,9,9,1,4,23.0497998046875,0
2019,9,9,1,4,24.8997998046875,0
2019,9,9,1,4,26.7498000488281,0
2019,9,9,1,4,28.5997998046875,0
2019,9,9,1,4,30.4498000488281,0
2019,9,9,1,4,32.2997998046875,0
2019,9,9,1,4,34.1497998046875,0
2019,9,9,1,4,35.9998000488281,0
2019,9,9,1,4,37.8497998046875,0
2019,9,9,1,4,39.6998000488281,0
2019,9,9,1,4,41.5497998046875,0
2019,9,9,1,4,43.3997998046875,0
2019,9,9,1,4,45.2498000488281,0
2019,9,9,1,4,47.0997998046875,0
2019,9,9,1,4,48.9498000488281,0
2019,9,9,1,4,50.7997998046875,0
2019,9,9,1,4,52.6497998046875,0
2019,9,9,1,4,54.4998000488281,0
2019,9,9,1,4,56.3497998046875,0
2019,9,9,1,4,58.1998000488281,0
2019,9,9,1,5,0.0497998046875,0
2019,9,9,1,5,1.8997998046875,0
2019,9,9,1,5,3.74980004882813,0
2019,9,9,1,5,5.5997998046875,0
2019,9,9,1,5,7.44980004882813,0
2019,9,9,1,5,9.2997998046875,0
2019,9,9,1,5,11.1497998046875,0
2019,9,9,1,5,12.9998000488281,0
2019,9,9,1,5,14.8497998046875,0
2019,9,9,1,5,16.6998000488281,0
2019,9,9,1,5,18.5497998046875,0
2019,9,9,1,5,20.3997998046875,0
2019,9,9,1,5,22.2498000488281,0
2019,9,9,1,5,24.0997998046875,0
2019,9,9,1,5,25.9498000488281,0
2019,9,9,1,5,27.7997998046875,0
2019,9,9,1,5,29.6497998046875,0
2019,9,9,1,5,31.4998000488281,0
2019,9,9,1,5,33.3497998046875,0
2019,9,9,1,5,35.1998000488281,0
2019,9,9,1,5,37.0497998046875,0
2019,9,9,1,5,38.8997998046875,0
2019,9,9,1,5,40.7498000488281,0
2019,9,9,1,5,42.5997998046875,0
2019,9,9,1,5,44.4498000488281,1
2019,9,9,1,5,46.2997998046875,1
2019,9,9,1,5,48.1497998046875,1
2019,9,9,1,5,49.9998000488281,1
2019,9,9,1,5,51.8497998046875,1
2019,9,9,1,5,53.6998000488281,1
2019,9,9,1,5,55.5497998046875,1
2019,9,9,1,5,57.3997998046875,1
2019,9,9,1,5,59.2498000488281,1
2019,9,9,1,6,1.0997998046875,1
2019,9,9,1,6,2.94980004882812,1
2019,9,9,1,6,4.7997998046875,1
2019,9,9,1,6,6.6497998046875,0
2019,9,9,1,6,8.49980004882812,0
2019,9,9,1,6,10.3497998046875,0
2019,9,9,1,6,12.1497998046875,0
2019,9,9,1,6,13.8497998046875,0
2019,9,9,1,6,15.5497998046875,0
2019,9,9,1,6,17.2498000488281,0
2019,9,9,1,6,19.0497998046875,0
2019,9,9,1,6,20.8997998046875,0
2019,9,9,1,6,22.7498000488281,0
2019,9,9,1,6,24.5997998046875,0
2019,9,9,1,6,26.4498000488281,0
2019,9,9,1,6,28.2997998046875,0
2019,9,9,1,6,30.0997998046875,0
2019,9,9,1,6,31.9498000488281,0
2019,9,9,1,6,33.7997998046875,0
2019,9,9,1,6,35.6497998046875,0
2019,9,9,1,6,37.4998000488281,0
2019,9,9,1,6,39.3497998046875,0
2019,9,9,1,6,41.1998000488281,0
2019,9,9,1,6,43.0497998046875,0
2019,9,9,1,6,44.8997998046875,0
2019,9,9,1,6,46.7498000488281,0
2019,9,9,1,6,48.5997998046875,0
2019,9,9,1,6,50.4498000488281,0
2019,9,9,1,6,52.2997998046875,0
2019,9,9,1,6,54.1497998046875,0
2019,9,9,1,6,55.9998000488281,0
2019,9,9,1,6,57.8497998046875,0
2019,9,9,1,6,59.6998000488281,0
2019,9,9,1,7,1.5497998046875,0
2019,9,9,1,7,3.3997998046875,0
2019,9,9,1,7,5.24980004882813,0
2019,9,9,1,7,7.0997998046875,0
2019,9,9,1,7,8.94980004882813,0
2019,9,9,1,7,11.0997998046875,0
2019,9,9,1,7,13.3997998046875,0
2019,9,9,1,7,15.1998000488281,0
2019,9,9,1,7,16.9498000488281,0
2019,9,9,1,7,18.7498000488281,0
2019,9,9,1,7,20.5497998046875,0
2019,9,9,1,7,22.4498000488281,0
2019,9,9,1,7,24.2997998046875,0
2019,9,9,1,7,26.1497998046875,0
2019,9,9,1,7,27.9998000488281,0
2019,9,9,1,7,29.8497998046875,0
2019,9,9,1,7,31.6998000488281,0
2019,9,9,1,7,33.5497998046875,0
2019,9,9,1,7,35.4498000488281,0
2019,9,9,1,7,37.2997998046875,0
2019,9,9,1,7,39.1497998046875,0
2019,9,9,1,7,40.9998000488281,0
2019,9,9,1,7,42.8497998046875,0
2019,9,9,1,7,44.6998000488281,0
2019,9,9,1,7,46.5497998046875,0
2019,9,9,1,7,48.3997998046875,0
2019,9,9,1,7,50.2498000488281,0
2019,9,9,1,7,52.0997998046875,0
2019,9,9,1,7,53.9498000488281,0
2019,9,9,1,7,55.7997998046875,0
2019,9,9,1,7,57.6497998046875,0
2019,9,9,1,7,59.4998000488281,0
2019,9,9,1,8,1.3497998046875,0
2019,9,9,1,8,3.19980004882812,0
2019,9,9,1,8,5.0497998046875,0
2019,9,9,1,8,6.8997998046875,0
2019,9,9,1,8,8.74980004882812,0
2019,9,9,1,8,10.5997998046875,0
2019,9,9,1,8,12.4498000488281,0
2019,9,9,1,8,14.2997998046875,0
2019,9,9,1,8,16.1497998046875,0
2019,9,9,1,8,17.9998000488281,0
2019,9,9,1,8,19.8497998046875,0
2019,9,9,1,8,21.6998000488281,0
2019,9,9,1,8,23.5497998046875,0
2019,9,9,1,8,25.3997998046875,0
2019,9,9,1,8,27.2498000488281,0
2019,9,9,1,8,29.0997998046875,0
2019,9,9,1,8,30.9498000488281,0
2019,9,9,1,8,32.7997998046875,0
2019,9,9,1,8,34.6497998046875,0
2019,9,9,1,8,36.4998000488281,0
2019,9,9,1,8,38.3497998046875,0
2019,9,9,1,8,40.1998000488281,0
2019,9,9,1,8,42.0497998046875,0
2019,9,9,1,8,43.8997998046875,0
2019,9,9,1,8,45.7498000488281,0
2019,9,9,1,8,47.5997998046875,0
2019,9,9,1,8,49.4498000488281,0
2019,9,9,1,8,51.2997998046875,0
2019,9,9,1,8,53.1497998046875,0
2019,9,9,1,8,54.9998000488281,0
2019,9,9,1,8,56.8497998046875,0
2019,9,9,1,8,58.6998000488281,0
2019,9,9,1,9,0.5497998046875,0
2019,9,9,1,9,2.3997998046875,0
2019,9,9,1,9,4.24980004882813,0
2019,9,9,1,9,6.0997998046875,0
2019,9,9,1,9,7.94980004882813,0
2019,9,9,1,9,9.7997998046875,0
2019,9,9,1,9,11.6497998046875,0
2019,9,9,1,9,13.4998000488281,0
2019,9,9,1,9,15.3497998046875,0
2019,9,9,1,9,17.1998000488281,0
2019,9,9,1,9,19.0497998046875,0
2019,9,9,1,9,20.8997998046875,0
2019,9,9,1,9,22.7498000488281,0
2019,9,9,1,9,24.5997998046875,0
2019,9,9,1,9,26.4498000488281,0
2019,9,9,1,9,28.2997998046875,0
2019,9,9,1,9,30.1497998046875,0
2019,9,9,1,9,31.9998000488281,0
2019,9,9,1,9,33.8497998046875,0
2019,9,9,1,9,35.6998000488281,0
2019,9,9,1,9,37.5497998046875,0
2019,9,9,1,9,39.3997998046875,0
2019,9,9,1,9,41.2498000488281,0
2019,9,9,1,9,43.0997998046875,0
2019,9,9,1,9,44.9498000488281,0
2019,9,9,1,9,46.7997998046875,0
2019,9,9,1,9,48.6497998046875,0
2019,9,9,1,9,50.4998000488281,0
2019,9,9,1,9,52.3497998046875,0
2019,9,9,1,9,54.1998000488281,0
2019,9,9,1,9,56.0497998046875,0
2019,9,9,1,9,57.8997998046875,0
2019,9,9,1,9,59.7498000488281,0
2019,9,9,1,10,1.5997998046875,0
2019,9,9,1,10,3.44980004882812,0
2019,9,9,1,10,5.2997998046875,0
2019,9,9,1,10,7.1497998046875,0
2019,9,9,1,10,8.99980004882812,0
2019,9,9,1,10,10.8497998046875,0
2019,9,9,1,10,12.6998000488281,0
2019,9,9,1,10,14.5497998046875,0
2019,9,9,1,10,16.3997998046875,0
2019,9,9,1,10,18.2498000488281,0
2019,9,9,1,10,20.0997998046875,0
2019,9,9,1,10,21.9498000488281,0
2019,9,9,1,10,23.7997998046875,0
2019,9,9,1,10,25.6497998046875,0
2019,9,9,1,10,27.4998000488281,0
2019,9,9,1,10,29.2498000488281,0
2019,9,9,1,10,30.9498000488281,0
2019,9,9,1,10,32.6998000488281,0
2019,9,9,1,10,34.3997998046875,0
2019,9,9,1,10,36.1497998046875,0
2019,9,9,1,10,37.9998000488281,0
2019,9,9,1,10,39.8497998046875,0
2019,9,9,1,10,41.6998000488281,0
2019,9,9,1,10,43.5497998046875,0
2019,9,9,1,10,45.3997998046875,0
2019,9,9,1,10,47.2498000488281,0
2019,9,9,1,10,49.0997998046875,0
2019,9,9,1,10,50.9498000488281,0
2019,9,9,1,10,52.7997998046875,0
2019,9,9,1,10,54.6497998046875,0
2019,9,9,1,10,56.4998000488281,0
2019,9,9,1,10,58.3497998046875,0
2019,9,9,1,11,0.199800048828125,0
2019,9,9,1,11,2.0497998046875,0
2019,9,9,1,11,3.8997998046875,0
2019,9,9,1,11,5.74980004882813,0
2019,9,9,1,11,7.5997998046875,0
2019,9,9,1,11,9.44980004882813,0
2019,9,9,1,11,11.2997998046875,0
2019,9,9,1,11,13.1497998046875,0
2019,9,9,1,11,14.9998000488281,0
2019,9,9,1,11,16.8497998046875,0
2019,9,9,1,11,18.6998000488281,0
2019,9,9,1,11,20.5497998046875,0
2019,9,9,1,11,22.3997998046875,0
2019,9,9,1,11,24.2498000488281,0
2019,9,9,1,11,26.0997998046875,0
2019,9,9,1,11,27.9498000488281,0
2019,9,9,1,11,29.7997998046875,0
2019,9,9,1,11,31.6497998046875,0
2019,9,9,1,11,33.4998000488281,0
2019,9,9,1,11,35.3497998046875,0
2019,9,9,1,11,37.1998000488281,0
2019,9,9,1,11,39.0497998046875,0
2019,9,9,1,11,40.8997998046875,0
2019,9,9,1,11,42.7498000488281,0
2019,9,9,1,11,44.5997998046875,0
2019,9,9,1,11,46.4998000488281,0
2019,9,9,1,11,48.5497998046875,0
2019,9,9,1,11,50.6998000488281,0
2019,9,9,1,11,52.6497998046875,0
2019,9,9,1,11,54.4498000488281,0
2019,9,9,1,11,56.2498000488281,0
2019,9,9,1,11,58.0997998046875,0
2019,9,9,1,11,59.9498000488281,0
2019,9,9,1,12,1.8497998046875,0
2019,9,9,1,12,3.69980004882812,0
2019,9,9,1,12,5.5497998046875,0
2019,9,9,1,12,7.3997998046875,0
2019,9,9,1,12,9.24980004882812,0
2019,9,9,1,12,11.0997998046875,0
2019,9,9,1,12,12.9498000488281,0
2019,9,9,1,12,14.7997998046875,0
2019,9,9,1,12,16.6497998046875,0
2019,9,9,1,12,18.4998000488281,0
2019,9,9,1,12,20.3497998046875,0
2019,9,9,1,12,22.1998000488281,0
2019,9,9,1,12,24.0497998046875,0
2019,9,9,1,12,25.8997998046875,0
2019,9,9,1,12,27.7498000488281,0
2019,9,9,1,12,29.5997998046875,0
2019,9,9,1,12,31.4498000488281,0
2019,9,9,1,12,33.2997998046875,1
2019,9,9,1,12,35.1497998046875,1
2019,9,9,1,12,36.9998000488281,1
2019,9,9,1,12,38.8497998046875,1
2019,9,9,1,12,40.6998000488281,1
2019,9,9,1,12,42.5497998046875,1
2019,9,9,1,12,44.3997998046875,1
2019,9,9,1,12,46.2498000488281,2
2019,9,9,1,12,48.0997998046875,2
2019,9,9,1,12,49.9498000488281,2
2019,9,9,1,12,51.7997998046875,2
2019,9,9,1,12,53.6497998046875,2
2019,9,9,1,12,55.4998000488281,2
2019,9,9,1,12,57.3497998046875,2
2019,9,9,1,12,59.1998000488281,2
2019,9,9,1,13,1.0497998046875,2
2019,9,9,1,13,2.8997998046875,2
2019,9,9,1,13,4.74980004882813,2
2019,9,9,1,13,6.5997998046875,2
2019,9,9,1,13,8.44980004882813,2
2019,9,9,1,13,10.2997998046875,2
2019,9,9,1,13,12.1497998046875,2
2019,9,9,1,13,13.9998000488281,2
2019,9,9,1,13,15.8497998046875,2
2019,9,9,1,13,17.6998000488281,2
2019,9,9,1,13,19.5497998046875,2
2019,9,9,1,13,21.3997998046875,2
2019,9,9,1,13,23.2498000488281,2
2019,9,9,1,13,25.0997998046875,2
2019,9,9,1,13,26.9498000488281,2
2019,9,9,1,13,28.7997998046875,2
2019,9,9,1,13,30.6497998046875,2
2019,9,9,1,13,32.4998000488281,2
2019,9,9,1,13,34.3497998046875,2
2019,9,9,1,13,36.1998000488281,1
2019,9,9,1,13,38.0497998046875,1
2019,9,9,1,13,39.8997998046875,0
2019,9,9,1,13,41.7498000488281,0
2019,9,9,1,13,43.5997998046875,0
2019,9,9,1,13,45.4498000488281,0
2019,9,9,1,13,47.2997998046875,0
2019,9,9,1,13,49.1497998046875,0
2019,9,9,1,13,50.9998000488281,0
2019,9,9,1,13,52.8497998046875,0
2019,9,9,1,13,54.6998000488281,0
2019,9,9,1,13,56.5497998046875,0
2019,9,9,1,13,58.3997998046875,0
2019,9,9,1,14,0.249800048828125,0
2019,9,9,1,14,2.0997998046875,1
2019,9,9,1,14,3.94980004882812,2
2019,9,9,1,14,5.7997998046875,2
2019,9,9,1,14,7.6497998046875,2
2019,9,9,1,14,9.49980004882812,2
2019,9,9,1,14,11.3497998046875,2
2019,9,9,1,14,13.1998000488281,2
2019,9,9,1,14,15.0497998046875,2
2019,9,9,1,14,16.8997998046875,2
2019,9,9,1,14,18.7498000488281,2
2019,9,9,1,14,20.5997998046875,2
2019,9,9,1,14,22.4498000488281,2
2019,9,9,1,14,24.2997998046875,2
2019,9,9,1,14,26.1497998046875,2
2019,9,9,1,14,27.9998000488281,2
2019,9,9,1,14,29.8497998046875,2
2019,9,9,1,14,31.6998000488281,2
2019,9,9,1,14,33.5497998046875,2
2019,9,9,1,14,35.3997998046875,2
2019,9,9,1,14,37.2498000488281,2
2019,9,9,1,14,39.0997998046875,2
2019,9,9,1,14,40.9498000488281,2
2019,9,9,1,14,42.7997998046875,2
2019,9,9,1,14,44.6497998046875,2
2019,9,9,1,14,46.4998000488281,2
2019,9,9,1,14,48.3497998046875,2
2019,9,9,1,14,50.1998000488281,2
2019,9,9,1,14,52.0997998046875,2
2019,9,9,1,14,53.9498000488281,2
2019,9,9,1,14,55.7498000488281,2
2019,9,9,1,14,57.5997998046875,2
2019,9,9,1,14,59.4498000488281,2
2019,9,9,1,15,1.2997998046875,2
2019,9,9,1,15,3.1497998046875,2
2019,9,9,1,15,4.99980004882813,2
2019,9,9,1,15,6.8497998046875,0
2019,9,9,1,15,8.69980004882813,0
2019,9,9,1,15,10.5497998046875,0
2019,9,9,1,15,12.3997998046875,0
2019,9,9,1,15,14.2498000488281,0
2019,9,9,1,15,16.0997998046875,0
2019,9,9,1,15,17.9498000488281,0
2019,9,9,1,15,19.7997998046875,0
2019,9,9,1,15,21.6497998046875,0
2019,9,9,1,15,23.4998000488281,0
2019,9,9,1,15,25.3497998046875,0
2019,9,9,1,15,27.1998000488281,0
2019,9,9,1,15,29.0497998046875,0
2019,9,9,1,15,30.8997998046875,0
2019,9,9,1,15,32.7498000488281,0
2019,9,9,1,15,34.5997998046875,0
2019,9,9,1,15,36.4498000488281,0
2019,9,9,1,15,38.2997998046875,0
2019,9,9,1,15,40.1497998046875,0
2019,9,9,1,15,41.9998000488281,0
2019,9,9,1,15,43.8497998046875,0
2019,9,9,1,15,45.6998000488281,0
2019,9,9,1,15,47.5497998046875,0
2019,9,9,1,15,49.3997998046875,0
2019,9,9,1,15,51.2498000488281,0
2019,9,9,1,15,53.0997998046875,0
2019,9,9,1,15,54.9498000488281,0
2019,9,9,1,15,56.7997998046875,0
2019,9,9,1,15,58.6497998046875,0
2019,9,9,1,16,0.499800048828125,0
2019,9,9,1,16,2.3497998046875,0
2019,9,9,1,16,4.19980004882813,0
2019,9,9,1,16,5.94980004882813,0
2019,9,9,1,16,7.6497998046875,0
2019,9,9,1,16,9.3497998046875,0
2019,9,9,1,16,11.0497998046875,0
2019,9,9,1,16,12.8497998046875,0
2019,9,9,1,16,14.6998000488281,0
2019,9,9,1,16,16.5497998046875,0
2019,9,9,1,16,18.3997998046875,0
2019,9,9,1,16,20.2498000488281,0
2019,9,9,1,16,22.0997998046875,0
2019,9,9,1,16,23.9498000488281,0
2019,9,9,1,16,25.7997998046875,0
2019,9,9,1,16,27.6497998046875,0
2019,9,9,1,16,29.4998000488281,0
2019,9,9,1,16,31.3497998046875,0
2019,9,9,1,16,33.1998000488281,0
2019,9,9,1,16,35.0497998046875,0
2019,9,9,1,16,36.8997998046875,0
2019,9,9,1,16,38.7498000488281,0
2019,9,9,1,16,40.5997998046875,0
2019,9,9,1,16,42.4498000488281,0
2019,9,9,1,16,44.2997998046875,0
2019,9,9,1,16,46.1497998046875,0
2019,9,9,1,16,47.9998000488281,0
2019,9,9,1,16,49.8497998046875,0
2019,9,9,1,16,51.6998000488281,0
2019,9,9,1,16,53.5497998046875,0
2019,9,9,1,16,55.3997998046875,0
2019,9,9,1,16,57.2498000488281,0
2019,9,9,1,16,59.0997998046875,0
2019,9,9,1,17,0.949800048828125,0
2019,9,9,1,17,2.7997998046875,0
2019,9,9,1,17,54.9998000488281,0
2019,9,9,1,17,56.8497998046875,0
2019,9,9,1,17,58.6998000488281,0
2019,9,9,1,18,0.5497998046875,0
2019,9,9,1,18,2.3997998046875,0
2019,9,9,1,18,4.24980004882813,0
2019,9,9,1,18,6.0997998046875,0
2019,9,9,1,18,7.94980004882813,0
2019,9,9,1,18,9.7997998046875,0
2019,9,9,1,18,11.6497998046875,0
2019,9,9,1,18,13.4998000488281,0
2019,9,9,1,18,15.3497998046875,0
2019,9,9,1,18,17.1998000488281,0
2019,9,9,1,18,19.0497998046875,0
2019,9,9,1,18,20.8997998046875,0
2019,9,9,1,18,22.7498000488281,1
2019,9,9,1,18,24.5997998046875,2
2019,9,9,1,18,26.4498000488281,2
2019,9,9,1,18,28.2997998046875,2
2019,9,9,1,18,30.1497998046875,2
2019,9,9,1,18,31.9998000488281,2
2019,9,9,1,18,33.8497998046875,2
2019,9,9,1,18,35.6998000488281,2
2019,9,9,1,18,37.5497998046875,2
2019,9,9,1,18,39.3997998046875,2
2019,9,9,1,18,41.2498000488281,2
2019,9,9,1,18,43.0997998046875,2
2019,9,9,1,18,44.9498000488281,2
2019,9,9,1,18,46.7997998046875,2
2019,9,9,1,18,48.6497998046875,0
2019,9,9,1,18,50.4998000488281,0
2019,9,9,1,18,52.3497998046875,0
2019,9,9,1,18,54.1998000488281,0
2019,9,9,1,18,56.0497998046875,0
2019,9,9,1,18,57.8997998046875,0
2019,9,9,1,18,59.7498000488281,0
2019,9,9,1,19,1.5997998046875,0
2019,9,9,1,19,3.44980004882812,0
2019,9,9,1,19,5.2997998046875,0
2019,9,9,1,19,7.1497998046875,0
2019,9,9,1,19,8.99980004882812,0
2019,9,9,1,19,10.8497998046875,0
2019,9,9,1,19,12.6998000488281,0
2019,9,9,1,19,14.5497998046875,0
2019,9,9,1,19,16.3997998046875,0
2019,9,9,1,19,18.2498000488281,0
2019,9,9,1,19,20.0997998046875,0
2019,9,9,1,19,21.9498000488281,0
2019,9,9,1,19,23.7997998046875,0
2019,9,9,1,19,25.6497998046875,0
2019,9,9,1,19,27.4998000488281,0
2019,9,9,1,19,29.3497998046875,0
2019,9,9,1,19,31.1998000488281,0
2019,9,9,1,19,33.0497998046875,0
2019,9,9,1,19,34.8997998046875,0
2019,9,9,1,19,36.7498000488281,0
2019,9,9,1,19,38.5997998046875,0
2019,9,9,1,19,40.4498000488281,0
2019,9,9,1,19,42.2997998046875,0
2019,9,9,1,19,44.1497998046875,0
2019,9,9,1,19,45.9998000488281,0
2019,9,9,1,19,47.8497998046875,0
2019,9,9,1,19,49.6998000488281,0
2019,9,9,1,19,51.5497998046875,0
2019,9,9,1,19,53.3997998046875,0
2019,9,9,1,19,55.2498000488281,0
2019,9,9,1,19,57.0997998046875,0
2019,9,9,1,19,58.9498000488281,0
2019,9,9,1,20,0.7997998046875,0
2019,9,9,1,20,2.6497998046875,0
2019,9,9,1,20,4.49980004882813,0
2019,9,9,1,20,6.3497998046875,0
2019,9,9,1,20,8.19980004882813,0
2019,9,9,1,20,10.0497998046875,0
2019,9,9,1,20,11.8997998046875,0
2019,9,9,1,20,13.7498000488281,0
2019,9,9,1,20,15.5997998046875,0
2019,9,9,1,20,17.4498000488281,0
2019,9,9,1,20,19.2997998046875,0
2019,9,9,1,20,21.1497998046875,0
2019,9,9,1,20,22.9998000488281,0
2019,9,9,1,20,24.8497998046875,0
2019,9,9,1,20,26.6998000488281,0
2019,9,9,1,20,28.5497998046875,0
2019,9,9,1,20,30.3997998046875,0
2019,9,9,1,20,32.2498000488281,0
2019,9,9,1,20,34.0997998046875,0
2019,9,9,1,20,35.9498000488281,0
2019,9,9,1,20,37.7997998046875,0
2019,9,9,1,20,39.6497998046875,0
2019,9,9,1,20,41.4998000488281,0
2019,9,9,1,20,43.3497998046875,0
2019,9,9,1,20,45.1998000488281,0
2019,9,9,1,20,47.0497998046875,0
2019,9,9,1,20,48.8997998046875,0
2019,9,9,1,20,50.7498000488281,0
2019,9,9,1,20,52.5997998046875,0
2019,9,9,1,20,54.4498000488281,0
2019,9,9,1,20,56.2997998046875,0
2019,9,9,1,20,58.1497998046875,0
2019,9,9,1,20,59.9998000488281,0
2019,9,9,1,21,1.8497998046875,0
2019,9,9,1,21,3.69980004882812,0
2019,9,9,1,21,5.5497998046875,0
2019,9,9,1,21,7.3997998046875,0
2019,9,9,1,21,9.24980004882812,0
2019,9,9,1,21,11.0997998046875,0
2019,9,9,1,21,12.9498000488281,0
2019,9,9,1,21,14.7997998046875,0
2019,9,9,1,21,16.6497998046875,0
2019,9,9,1,21,18.4998000488281,0
2019,9,9,1,21,20.3497998046875,0
2019,9,9,1,21,22.1998000488281,0
2019,9,9,1,21,24.0497998046875,0
2019,9,9,1,21,25.8997998046875,0
2019,9,9,1,21,27.7498000488281,0
2019,9,9,1,21,29.5997998046875,0
2019,9,9,1,21,31.4498000488281,0
2019,9,9,1,21,33.2997998046875,0
2019,9,9,1,21,35.1497998046875,0
2019,9,9,1,21,36.9998000488281,0
2019,9,9,1,21,38.8497998046875,0
2019,9,9,1,21,40.6998000488281,0
2019,9,9,1,21,42.5497998046875,0
2019,9,9,1,21,44.3997998046875,0
2019,9,9,1,21,46.2498000488281,0
2019,9,9,1,21,48.0997998046875,0
2019,9,9,1,21,49.9498000488281,0
2019,9,9,1,21,51.7997998046875,0
2019,9,9,1,21,53.6497998046875,0
2019,9,9,1,21,55.4998000488281,0
2019,9,9,1,21,57.3497998046875,0
2019,9,9,1,21,59.1998000488281,0
2019,9,9,1,22,1.0497998046875,0
2019,9,9,1,22,2.8997998046875,0
2019,9,9,1,22,4.74980004882813,0
2019,9,9,1,22,6.5997998046875,0
2019,9,9,1,22,8.44980004882813,0
2019,9,9,1,22,10.2997998046875,0
2019,9,9,1,22,12.1497998046875,0
2019,9,9,1,22,13.9998000488281,0
2019,9,9,1,22,15.8497998046875,0
2019,9,9,1,22,17.6998000488281,0
2019,9,9,1,22,19.5497998046875,0
2019,9,9,1,22,21.3997998046875,0
2019,9,9,1,22,23.2498000488281,0
2019,9,9,1,22,25.0997998046875,0
2019,9,9,1,22,26.9498000488281,0
2019,9,9,1,22,28.7997998046875,0
2019,9,9,1,22,30.6497998046875,0
2019,9,9,1,22,32.4998000488281,0
2019,9,9,1,22,34.3497998046875,0
2019,9,9,1,22,36.1998000488281,0
2019,9,9,1,22,38.0497998046875,0
2019,9,9,1,22,39.8997998046875,0
2019,9,9,1,22,41.7498000488281,0
2019,9,9,1,22,43.5997998046875,0
2019,9,9,1,22,45.4498000488281,0
2019,9,9,1,22,47.2997998046875,0
2019,9,9,1,22,49.1497998046875,0
2019,9,9,1,22,50.9998000488281,0
2019,9,9,1,22,52.8497998046875,0
2019,9,9,1,22,54.6998000488281,0
2019,9,9,1,22,56.5497998046875,0
2019,9,9,1,22,58.3997998046875,0
2019,9,9,1,23,0.249800048828125,0
2019,9,9,1,23,2.0997998046875,0
2019,9,9,1,23,3.94980004882812,0
2019,9,9,1,23,5.7997998046875,0
2019,9,9,1,23,7.6497998046875,0
2019,9,9,1,23,9.49980004882812,0
2019,9,9,1,23,11.3497998046875,0
2019,9,9,1,23,13.1998000488281,0
2019,9,9,1,23,15.0497998046875,0
2019,9,9,1,23,16.8997998046875,0
2019,9,9,1,23,18.7498000488281,0
2019,9,9,1,23,20.4998000488281,0
2019,9,9,1,23,22.2997998046875,0
2019,9,9,1,23,23.9998000488281,0
2019,9,9,1,23,25.7498000488281,0
2019,9,9,1,23,27.4498000488281,0
2019,9,9,1,23,29.2498000488281,0
2019,9,9,1,23,31.0997998046875,0
2019,9,9,1,23,32.9498000488281,0
2019,9,9,1,23,34.7997998046875,0
2019,9,9,1,23,36.6497998046875,0
2019,9,9,1,24,31.6998000488281,0
2019,9,9,1,24,33.5497998046875,0
2019,9,9,1,24,35.3997998046875,0
2019,9,9,1,24,37.2498000488281,0
2019,9,9,1,24,39.0997998046875,0
2019,9,9,1,24,40.9498000488281,0
2019,9,9,1,24,42.7997998046875,0
2019,9,9,1,24,44.6497998046875,0
2019,9,9,1,24,46.4998000488281,0
2019,9,9,1,24,48.2997998046875,0
2019,9,9,1,24,50.1497998046875,0
2019,9,9,1,24,51.9998000488281,0
2019,9,9,1,24,53.8497998046875,0
2019,9,9,1,24,55.6998000488281,0
2019,9,9,1,24,57.5497998046875,0
2019,9,9,1,24,59.3997998046875,0
2019,9,9,1,25,1.24980004882813,0
2019,9,9,1,25,3.0997998046875,0
2019,9,9,1,25,4.99980004882813,0
2019,9,9,1,25,6.94980004882813,0
2019,9,9,1,25,8.94980004882813,0
2019,9,9,1,25,11.0497998046875,0
2019,9,9,1,25,12.9498000488281,0
2019,9,9,1,25,14.7997998046875,0
2019,9,9,1,25,16.5997998046875,0
2019,9,9,1,25,18.4498000488281,0
2019,9,9,1,25,20.2997998046875,0
2019,9,9,1,25,22.1998000488281,0
2019,9,9,1,25,24.0497998046875,0
2019,9,9,1,25,25.8997998046875,0
2019,9,9,1,25,27.7498000488281,0
2019,9,9,1,25,29.5997998046875,0
2019,9,9,1,25,31.4498000488281,0
2019,9,9,1,25,33.2997998046875,0
2019,9,9,1,25,35.1497998046875,0
2019,9,9,1,25,36.9998000488281,0
2019,9,9,1,25,38.8497998046875,0
2019,9,9,1,25,40.6998000488281,0
2019,9,9,1,25,42.4998000488281,0
2019,9,9,1,25,44.2997998046875,0
2019,9,9,1,25,46.0997998046875,0
2019,9,9,1,25,48.0497998046875,0
2019,9,9,1,25,49.9498000488281,0
2019,9,9,1,25,51.7498000488281,0
2019,9,9,1,25,53.6497998046875,0
2019,9,9,1,25,55.4998000488281,0
2019,9,9,1,25,57.3497998046875,0
2019,9,9,1,25,59.1998000488281,0
2019,9,9,1,26,1.0497998046875,0
2019,9,9,1,26,2.8997998046875,0
2019,9,9,1,26,4.74980004882813,0
2019,9,9,1,26,6.5997998046875,0
2019,9,9,1,26,8.44980004882813,0
2019,9,9,1,26,10.2997998046875,0
2019,9,9,1,26,12.1497998046875,0
2019,9,9,1,26,13.9998000488281,0
2019,9,9,1,26,15.8497998046875,0
2019,9,9,1,26,17.6998000488281,0
2019,9,9,1,26,19.5497998046875,0
2019,9,9,1,26,21.3997998046875,0
2019,9,9,1,26,23.2498000488281,0
2019,9,9,1,26,25.0997998046875,0
2019,9,9,1,26,26.9498000488281,0
2019,9,9,1,26,28.7997998046875,0
2019,9,9,1,26,30.6497998046875,0
2019,9,9,1,26,32.4998000488281,0
2019,9,9,1,26,34.3497998046875,0
2019,9,9,1,26,36.1998000488281,0
2019,9,9,1,26,38.0497998046875,0
2019,9,9,1,26,39.8997998046875,0
2019,9,9,1,26,41.7498000488281,0
2019,9,9,1,26,43.5997998046875,0
2019,9,9,1,26,45.4498000488281,0
2019,9,9,1,26,47.2997998046875,0
2019,9,9,1,26,49.1497998046875,0
2019,9,9,1,26,50.9998000488281,0
2019,9,9,1,26,52.8497998046875,0
2019,9,9,1,26,54.6998000488281,1
2019,9,9,1,26,56.5497998046875,1
2019,9,9,1,26,58.3997998046875,1
2019,9,9,1,27,0.249800048828125,1
2019,9,9,1,27,2.0997998046875,2
2019,9,9,1,27,3.94980004882812,2
2019,9,9,1,27,5.7997998046875,2
2019,9,9,1,27,7.6497998046875,2
2019,9,9,1,27,9.49980004882812,2
2019,9,9,1,27,11.3497998046875,2
2019,9,9,1,27,13.1998000488281,2
2019,9,9,1,27,15.0497998046875,2
2019,9,9,1,27,16.8997998046875,2
2019,9,9,1,27,18.7498000488281,2
2019,9,9,1,27,20.5997998046875,2
2019,9,9,1,27,22.3997998046875,2
2019,9,9,1,27,24.2498000488281,2
2019,9,9,1,27,26.0997998046875,2
2019,9,9,1,27,27.9498000488281,2
2019,9,9,1,27,29.7997998046875,2
2019,9,9,1,27,31.6998000488281,2
2019,9,9,1,27,33.5497998046875,2
2019,9,9,1,27,35.3997998046875,2
2019,9,9,1,27,37.2498000488281,2
2019,9,9,1,27,39.0997998046875,2
2019,9,9,1,27,40.8997998046875,2
2019,9,9,1,27,42.7498000488281,2
2019,9,9,1,27,44.5997998046875,2
2019,9,9,1,27,46.4498000488281,2
2019,9,9,1,27,48.3497998046875,2
2019,9,9,1,27,50.2498000488281,2
2019,9,9,1,27,52.0997998046875,2
2019,9,9,1,27,53.8997998046875,2
2019,9,9,1,27,55.7498000488281,2
2019,9,9,1,27,57.5997998046875,2
2019,9,9,1,27,59.4498000488281,2
2019,9,9,1,28,1.2997998046875,2
2019,9,9,1,28,3.1497998046875,2
2019,9,9,1,28,4.99980004882813,2
2019,9,9,1,28,6.8497998046875,1
2019,9,9,1,28,8.69980004882813,1
2019,9,9,1,28,10.5497998046875,1
2019,9,9,1,28,12.3997998046875,1
2019,9,9,1,28,14.2498000488281,1
2019,9,9,1,28,16.0997998046875,1
2019,9,9,1,28,17.9498000488281,1
2019,9,9,1,28,19.7997998046875,1
2019,9,9,1,28,21.6497998046875,1
2019,9,9,1,28,23.4998000488281,1
2019,9,9,1,28,25.3497998046875,1
2019,9,9,1,28,27.1998000488281,1
2019,9,9,1,28,29.0497998046875,1
2019,9,9,1,28,30.8997998046875,1
2019,9,9,1,28,32.7498000488281,1
2019,9,9,1,28,34.5997998046875,1
2019,9,9,1,28,36.4498000488281,1
2019,9,9,1,28,38.2997998046875,1
2019,9,9,1,28,40.1497998046875,1
2019,9,9,1,28,41.9998000488281,1
2019,9,9,1,28,43.8497998046875,1
2019,9,9,1,28,45.6998000488281,1
2019,9,9,1,28,47.5497998046875,1
2019,9,9,1,28,49.3997998046875,1
2019,9,9,1,28,51.2498000488281,1
2019,9,9,1,28,53.0997998046875,1
2019,9,9,1,28,54.9498000488281,1
2019,9,9,1,28,56.7997998046875,1
2019,9,9,1,28,58.6497998046875,1
2019,9,9,1,29,0.499800048828125,1
2019,9,9,1,29,2.3497998046875,2
2019,9,9,1,29,4.19980004882813,2
2019,9,9,1,29,6.0497998046875,2
2019,9,9,1,29,7.8997998046875,2
2019,9,9,1,29,9.74980004882812,2
2019,9,9,1,29,11.5997998046875,2
2019,9,9,1,29,13.4498000488281,2
2019,9,9,1,29,15.2498000488281,2
2019,9,9,1,29,17.0997998046875,2
2019,9,9,1,29,18.9998000488281,2
2019,9,9,1,29,20.8497998046875,2
2019,9,9,1,29,22.6998000488281,1
2019,9,9,1,29,24.5497998046875,1
2019,9,9,1,29,26.3997998046875,1
2019,9,9,1,29,28.2498000488281,1
2019,9,9,1,29,30.0997998046875,1
2019,9,9,1,29,31.9498000488281,1
2019,9,9,1,29,33.7997998046875,1
2019,9,9,1,29,35.6497998046875,1
2019,9,9,1,29,37.4998000488281,1
2019,9,9,1,29,39.3497998046875,1
2019,9,9,1,29,41.1998000488281,1
2019,9,9,1,29,43.0497998046875,1
2019,9,9,1,29,44.8997998046875,0
2019,9,9,1,29,46.7498000488281,0
2019,9,9,1,29,48.5997998046875,0
2019,9,9,1,29,50.4498000488281,0
2019,9,9,1,29,52.2997998046875,0
2019,9,9,1,29,54.1497998046875,0
2019,9,9,1,29,55.9998000488281,0
2019,9,9,1,29,57.8497998046875,0
2019,9,9,1,29,59.6998000488281,0
2019,9,9,1,30,1.5497998046875,0
2019,9,9,1,30,3.3997998046875,0
2019,9,9,1,30,5.24980004882813,0
2019,9,9,1,30,7.0997998046875,0
2019,9,9,1,30,8.94980004882813,0
2019,9,9,1,30,10.7997998046875,0
2019,9,9,1,30,12.6497998046875,0
2019,9,9,1,30,14.4998000488281,0
2019,9,9,1,30,16.3497998046875,0
2019,9,9,1,30,18.1998000488281,0
2019,9,9,1,30,20.0497998046875,0
2019,9,9,1,30,21.8997998046875,0
2019,9,9,1,30,23.7498000488281,0
2019,9,9,1,30,25.5997998046875,0
2019,9,9,1,30,27.4498000488281,0
2019,9,9,1,30,29.2997998046875,0
2019,9,9,1,30,31.1497998046875,0
2019,9,9,1,30,32.9998000488281,0
2019,9,9,1,30,34.8497998046875,0
2019,9,9,1,30,36.6998000488281,0
2019,9,9,1,30,38.5497998046875,0
2019,9,9,1,30,40.3997998046875,0
2019,9,9,1,30,42.2498000488281,0
2019,9,9,1,30,44.0997998046875,0
2019,9,9,1,30,45.9498000488281,0
2019,9,9,1,30,47.7997998046875,0
2019,9,9,1,30,49.6497998046875,0
2019,9,9,1,30,51.4998000488281,0
2019,9,9,1,30,53.3497998046875,0
2019,9,9,1,30,55.1998000488281,0
2019,9,9,1,30,57.0497998046875,0
2019,9,9,1,30,58.8997998046875,0
2019,9,9,1,31,0.749800048828125,0
2019,9,9,1,31,2.5997998046875,0
2019,9,9,1,31,4.44980004882813,0
2019,9,9,1,31,6.24980004882813,0
2019,9,9,1,31,8.0497998046875,0
2019,9,9,1,31,9.7997998046875,0
2019,9,9,1,31,11.4998000488281,0
2019,9,9,1,31,13.2498000488281,0
2019,9,9,1,31,15.0997998046875,0
2019,9,9,1,31,16.8997998046875,0
2019,9,9,1,31,18.6497998046875,0
2019,9,9,1,31,20.4998000488281,0
2019,9,9,1,31,22.3497998046875,0
2019,9,9,1,31,24.1998000488281,0
2019,9,9,1,31,26.0497998046875,0
2019,9,9,1,31,27.8997998046875,0
2019,9,9,1,31,29.7498000488281,0
2019,9,9,1,31,31.5997998046875,0
2019,9,9,1,31,33.4498000488281,0
2019,9,9,1,31,35.2997998046875,0
2019,9,9,1,31,37.1497998046875,0
2019,9,9,1,31,38.9998000488281,0
2019,9,9,1,31,40.8497998046875,0
2019,9,9,1,31,42.6998000488281,0
2019,9,9,1,31,44.5497998046875,0
2019,9,9,1,31,46.3997998046875,0
2019,9,9,1,31,48.2498000488281,0
2019,9,9,1,31,50.0997998046875,0
2019,9,9,1,31,51.9498000488281,0
2019,9,9,1,31,53.7997998046875,0
2019,9,9,1,31,55.6497998046875,0
2019,9,9,1,31,57.4998000488281,0
2019,9,9,1,31,59.3497998046875,0
2019,9,9,1,32,1.19980004882813,0
2019,9,9,1,32,3.0497998046875,0
2019,9,9,1,32,4.8997998046875,0
2019,9,9,1,32,6.74980004882813,0
2019,9,9,1,32,8.5997998046875,0
2019,9,9,1,32,10.4498000488281,0
2019,9,9,1,32,12.2997998046875,0
2019,9,9,1,32,14.1497998046875,0
2019,9,9,1,32,15.9998000488281,0
2019,9,9,1,32,17.8497998046875,0
2019,9,9,1,32,19.6998000488281,0
2019,9,9,1,32,21.5497998046875,0
2019,9,9,1,32,23.3997998046875,0
2019,9,9,1,32,25.2498000488281,0
2019,9,9,1,32,27.0997998046875,0
2019,9,9,1,32,28.9498000488281,0
2019,9,9,1,32,30.7997998046875,0
2019,9,9,1,32,32.6998000488281,0
2019,9,9,1,32,34.5997998046875,0
2019,9,9,1,32,36.3997998046875,0
2019,9,9,1,32,38.2498000488281,0
2019,9,9,1,32,40.0497998046875,0
2019,9,9,1,32,41.9498000488281,0
2019,9,9,1,32,43.9498000488281,0
2019,9,9,1,32,46.1497998046875,0
2019,9,9,1,32,48.0497998046875,0
2019,9,9,1,32,49.8497998046875,0
2019,9,9,1,32,51.6998000488281,0
2019,9,9,1,32,53.5497998046875,0
2019,9,9,1,32,55.3997998046875,0
2019,9,9,1,32,57.2498000488281,0
2019,9,9,1,32,59.0997998046875,0
2019,9,9,1,33,0.949800048828125,0
2019,9,9,1,33,2.7997998046875,0
2019,9,9,1,33,4.69980004882813,0
2019,9,9,1,33,6.5497998046875,0
2019,9,9,1,33,8.3997998046875,0
2019,9,9,1,33,10.2498000488281,0
2019,9,9,1,33,12.0997998046875,0
2019,9,9,1,33,13.9498000488281,0
2019,9,9,1,33,15.7997998046875,0
2019,9,9,1,33,17.6497998046875,0
2019,9,9,1,33,19.4998000488281,0
2019,9,9,1,33,21.3497998046875,0
2019,9,9,1,33,23.1998000488281,0
2019,9,9,1,33,25.0497998046875,0
2019,9,9,1,33,26.8997998046875,0
2019,9,9,1,33,28.7498000488281,0
2019,9,9,1,33,30.5997998046875,0
2019,9,9,1,33,32.4498000488281,0
2019,9,9,1,33,34.2997998046875,0
2019,9,9,1,33,36.1497998046875,0
2019,9,9,1,33,37.9998000488281,0
2019,9,9,1,33,39.8497998046875,0
2019,9,9,1,33,41.6998000488281,0
2019,9,9,1,33,43.5497998046875,0
2019,9,9,1,33,45.3997998046875,0
2019,9,9,1,33,47.2498000488281,0
2019,9,9,1,33,49.0997998046875,0
2019,9,9,1,33,50.9498000488281,0
2019,9,9,1,33,52.7997998046875,0
2019,9,9,1,33,54.6497998046875,0
2019,9,9,1,33,56.4998000488281,0
2019,9,9,1,33,58.3497998046875,0
2019,9,9,1,34,0.199800048828125,0
2019,9,9,1,34,2.0497998046875,0
2019,9,9,1,34,3.8997998046875,0
2019,9,9,1,34,5.74980004882813,0
2019,9,9,1,34,7.5997998046875,0
2019,9,9,1,34,9.3997998046875,1
2019,9,9,1,34,11.2997998046875,1
2019,9,9,1,34,13.1497998046875,1
2019,9,9,1,34,14.9998000488281,1
2019,9,9,1,34,16.8497998046875,1
2019,9,9,1,34,18.6998000488281,2
2019,9,9,1,34,20.5497998046875,2
2019,9,9,1,34,22.3997998046875,2
2019,9,9,1,34,24.2498000488281,2
2019,9,9,1,34,26.0997998046875,2
2019,9,9,1,34,27.9498000488281,2
2019,9,9,1,34,29.7997998046875,2
2019,9,9,1,34,31.6497998046875,2
2019,9,9,1,34,33.4998000488281,2
2019,9,9,1,34,35.3497998046875,2
2019,9,9,1,34,37.1998000488281,2
2019,9,9,1,34,39.0497998046875,2
2019,9,9,1,34,40.8997998046875,2
2019,9,9,1,34,42.7498000488281,2
2019,9,9,1,34,44.5997998046875,2
2019,9,9,1,34,46.4498000488281,2
2019,9,9,1,34,48.2997998046875,2
2019,9,9,1,34,50.1497998046875,2
2019,9,9,1,34,51.9998000488281,1
2019,9,9,1,34,53.8497998046875,0
2019,9,9,1,34,55.6998000488281,0
2019,9,9,1,34,57.5497998046875,0
2019,9,9,1,34,59.3997998046875,0
2019,9,9,1,35,1.24980004882813,1
2019,9,9,1,35,3.0997998046875,2
2019,9,9,1,35,4.94980004882813,2
2019,9,9,1,35,6.7997998046875,2
2019,9,9,1,35,8.6497998046875,2
2019,9,9,1,35,10.4998000488281,2
2019,9,9,1,35,12.3497998046875,2
2019,9,9,1,35,14.1998000488281,2
2019,9,9,1,35,16.0497998046875,2
2019,9,9,1,35,17.8997998046875,2
2019,9,9,1,35,19.7498000488281,2
2019,9,9,1,35,21.5997998046875,2
2019,9,9,1,35,23.4498000488281,2
2019,9,9,1,35,25.2997998046875,2
2019,9,9,1,35,27.1497998046875,2
2019,9,9,1,35,28.9998000488281,2
2019,9,9,1,35,30.8497998046875,1
2019,9,9,1,35,32.6998000488281,1
2019,9,9,1,35,34.5497998046875,0
2019,9,9,1,35,36.3997998046875,0
2019,9,9,1,35,38.2498000488281,0
2019,9,9,1,35,40.0997998046875,0
2019,9,9,1,35,41.9498000488281,0
2019,9,9,1,35,43.7997998046875,0
2019,9,9,1,35,45.6497998046875,0
2019,9,9,1,35,47.4998000488281,0
2019,9,9,1,35,49.3497998046875,0
2019,9,9,1,35,51.1998000488281,0
2019,9,9,1,35,53.0497998046875,0
2019,9,9,1,35,54.8997998046875,0
2019,9,9,1,35,56.7498000488281,0
2019,9,9,1,35,58.5997998046875,0
2019,9,9,1,36,0.449800048828125,0
2019,9,9,1,36,2.2997998046875,1
2019,9,9,1,36,4.1497998046875,1
2019,9,9,1,36,5.99980004882813,2
2019,9,9,1,36,7.8497998046875,2
2019,9,9,1,36,9.69980004882813,2
2019,9,9,1,36,11.5497998046875,2
2019,9,9,1,36,13.3997998046875,2
2019,9,9,1,36,15.2498000488281,2
2019,9,9,1,36,17.0997998046875,2
2019,9,9,1,36,18.9498000488281,2
2019,9,9,1,36,20.7997998046875,2
2019,9,9,1,36,22.6497998046875,2
2019,9,9,1,36,33.2498000488281,2
2019,9,9,1,36,35.0997998046875,2
2019,9,9,1,36,36.9498000488281,2
2019,9,9,1,36,38.7997998046875,2
2019,9,9,1,36,40.6497998046875,2
2019,9,9,1,36,42.4998000488281,2
2019,9,9,1,36,44.3497998046875,2
2019,9,9,1,36,46.1998000488281,2
2019,9,9,1,36,48.0497998046875,2
2019,9,9,1,36,49.8997998046875,2
2019,9,9,1,36,51.7498000488281,2
2019,9,9,1,36,53.5997998046875,1
2019,9,9,1,36,55.4498000488281,1
2019,9,9,1,36,57.2997998046875,1
2019,9,9,1,36,59.1497998046875,1
2019,9,9,1,37,0.999800048828125,1
2019,9,9,1,37,2.8497998046875,1
2019,9,9,1,37,4.69980004882813,1
2019,9,9,1,37,6.5497998046875,0
2019,9,9,1,37,8.3997998046875,0
2019,9,9,1,37,10.2498000488281,0
2019,9,9,1,37,12.0997998046875,0
2019,9,9,1,37,13.9498000488281,0
2019,9,9,1,37,15.7997998046875,0
2019,9,9,1,37,17.6497998046875,0
2019,9,9,1,37,19.4998000488281,0
2019,9,9,1,37,21.3497998046875,0
2019,9,9,1,37,23.1998000488281,0
2019,9,9,1,37,25.0497998046875,0
2019,9,9,1,37,26.8997998046875,0
2019,9,9,1,37,28.7498000488281,0
2019,9,9,1,37,30.5997998046875,0
2019,9,9,1,37,32.4498000488281,0
2019,9,9,1,37,34.2997998046875,0
2019,9,9,1,37,36.1497998046875,0
2019,9,9,1,37,37.9998000488281,0
2019,9,9,1,37,39.8497998046875,0
2019,9,9,1,37,41.6998000488281,0
2019,9,9,1,37,43.5497998046875,0
2019,9,9,1,37,45.3997998046875,0
2019,9,9,1,37,47.2498000488281,0
2019,9,9,1,37,49.2997998046875,0
2019,9,9,1,37,51.2997998046875,0
2019,9,9,1,37,53.2997998046875,0
2019,9,9,1,37,55.2498000488281,0
2019,9,9,1,37,57.0997998046875,0
2019,9,9,1,37,58.9498000488281,0
2019,9,9,1,38,0.7997998046875,0
2019,9,9,1,38,2.6497998046875,0
2019,9,9,1,38,4.49980004882813,0
2019,9,9,1,38,6.3497998046875,0
2019,9,9,1,38,8.19980004882813,0
2019,9,9,1,38,10.0497998046875,0
2019,9,9,1,38,11.8997998046875,0
2019,9,9,1,38,13.7498000488281,0
2019,9,9,1,38,15.5997998046875,0
2019,9,9,1,38,17.4498000488281,0
2019,9,9,1,38,19.2997998046875,0
2019,9,9,1,38,21.1497998046875,0
2019,9,9,1,38,22.9998000488281,0
2019,9,9,1,38,24.8497998046875,0
2019,9,9,1,38,26.6998000488281,0
2019,9,9,1,38,28.5497998046875,0
2019,9,9,1,38,30.3997998046875,0
2019,9,9,1,38,32.2498000488281,0
2019,9,9,1,38,34.0997998046875,0
2019,9,9,1,38,35.9498000488281,0
2019,9,9,1,38,37.7997998046875,0
2019,9,9,1,38,39.6497998046875,0
2019,9,9,1,38,41.4998000488281,0
2019,9,9,1,38,43.3497998046875,0
2019,9,9,1,38,45.1998000488281,0
2019,9,9,1,38,47.0497998046875,0
2019,9,9,1,38,48.8997998046875,0
2019,9,9,1,38,50.7498000488281,0
2019,9,9,1,38,52.5997998046875,0
2019,9,9,1,38,54.4498000488281,0
2019,9,9,1,38,56.2997998046875,0
2019,9,9,1,38,58.1497998046875,0
2019,9,9,1,38,59.9998000488281,0
2019,9,9,1,39,1.8497998046875,0
2019,9,9,1,39,3.69980004882812,0
2019,9,9,1,39,5.5497998046875,0
2019,9,9,1,39,7.2997998046875,0
2019,9,9,1,39,8.99980004882812,0
2019,9,9,1,39,10.6998000488281,0
2019,9,9,1,39,12.4498000488281,0
2019,9,9,1,39,14.1998000488281,0
2019,9,9,1,39,15.9498000488281,0
2019,9,9,1,39,17.7997998046875,0
2019,9,9,1,39,19.6998000488281,0
2019,9,9,1,39,21.5497998046875,0
2019,9,9,1,39,23.3997998046875,0
2019,9,9,1,39,25.2498000488281,0
2019,9,9,1,39,27.0997998046875,0
2019,9,9,1,39,28.9498000488281,0
2019,9,9,1,39,30.7997998046875,0
2019,9,9,1,39,32.6497998046875,0
2019,9,9,1,39,34.4998000488281,0
2019,9,9,1,39,36.3497998046875,0
2019,9,9,1,39,38.1998000488281,0
2019,9,9,1,39,40.0497998046875,0
2019,9,9,1,39,41.9498000488281,0
2019,9,9,1,39,43.7997998046875,0
2019,9,9,1,39,45.6497998046875,0
2019,9,9,1,39,47.4998000488281,0
2019,9,9,1,39,49.3497998046875,0
2019,9,9,1,39,51.1998000488281,0
2019,9,9,1,39,53.0497998046875,0
2019,9,9,1,39,54.8997998046875,0
2019,9,9,1,39,56.7498000488281,0
2019,9,9,1,39,58.5997998046875,0
2019,9,9,1,40,0.449800048828125,0
2019,9,9,1,40,2.2997998046875,0
2019,9,9,1,40,4.1497998046875,0
2019,9,9,1,40,5.99980004882813,0
2019,9,9,1,40,7.8497998046875,0
2019,9,9,1,40,9.69980004882813,0
2019,9,9,1,40,11.5497998046875,0
2019,9,9,1,40,13.3997998046875,0
2019,9,9,1,40,15.2498000488281,0
2019,9,9,1,40,17.0997998046875,0
2019,9,9,1,40,18.9498000488281,0
2019,9,9,1,40,20.7997998046875,0
2019,9,9,1,40,22.6497998046875,0
2019,9,9,1,40,24.4998000488281,0
2019,9,9,1,40,26.3497998046875,0
2019,9,9,1,40,28.1998000488281,0
2019,9,9,1,40,30.0497998046875,0
2019,9,9,1,40,31.8997998046875,0
2019,9,9,1,40,33.7498000488281,0
2019,9,9,1,40,35.5997998046875,0
2019,9,9,1,40,37.4498000488281,0
2019,9,9,1,40,39.2997998046875,0
2019,9,9,1,40,41.1497998046875,0
2019,9,9,1,40,42.9998000488281,0
2019,9,9,1,40,44.8497998046875,0
2019,9,9,1,40,46.6998000488281,0
2019,9,9,1,40,48.5497998046875,0
2019,9,9,1,40,50.3997998046875,0
2019,9,9,1,40,52.2498000488281,0
2019,9,9,1,40,54.0997998046875,0
2019,9,9,1,40,55.9498000488281,0
2019,9,9,1,40,57.7997998046875,0
2019,9,9,1,40,59.6497998046875,0
2019,9,9,1,41,1.49980004882813,0
2019,9,9,1,41,3.3497998046875,0
2019,9,9,1,41,5.19980004882813,0
2019,9,9,1,41,7.0497998046875,0
2019,9,9,1,41,8.8997998046875,0
2019,9,9,1,41,10.7498000488281,0
2019,9,9,1,41,12.5997998046875,0
2019,9,9,1,41,14.4498000488281,0
2019,9,9,1,41,16.2997998046875,0
2019,9,9,1,41,18.1497998046875,0
2019,9,9,1,41,19.9998000488281,0
2019,9,9,1,41,21.8497998046875,0
2019,9,9,1,41,23.6998000488281,0
2019,9,9,1,41,25.5497998046875,0
2019,9,9,1,41,27.3997998046875,0
2019,9,9,1,41,29.2498000488281,0
2019,9,9,1,41,31.0997998046875,0
2019,9,9,1,41,32.9498000488281,0
2019,9,9,1,41,34.7997998046875,0
2019,9,9,1,41,36.6497998046875,0
2019,9,9,1,41,38.4998000488281,0
2019,9,9,1,41,40.3497998046875,0
2019,9,9,1,41,42.1998000488281,0
2019,9,9,1,41,44.0497998046875,0
2019,9,9,1,41,45.8997998046875,0
2019,9,9,1,41,47.7498000488281,0
2019,9,9,1,41,49.5997998046875,0
2019,9,9,1,41,51.4498000488281,0
2019,9,9,1,41,53.2997998046875,0
2019,9,9,1,41,55.1497998046875,0
2019,9,9,1,41,56.9998000488281,0
2019,9,9,1,41,58.8497998046875,0
2019,9,9,1,42,0.699800048828125,0
2019,9,9,1,42,2.5497998046875,0
2019,9,9,1,42,4.3997998046875,0
2019,9,9,1,42,6.24980004882813,0
2019,9,9,1,42,8.0997998046875,0
2019,9,9,1,42,9.94980004882813,0
2019,9,9,1,42,11.7997998046875,0
2019,9,9,1,42,13.6497998046875,0
2019,9,9,1,42,15.4998000488281,0
2019,9,9,1,42,17.3497998046875,0
2019,9,9,1,42,19.1998000488281,0
2019,9,9,1,42,21.0497998046875,0
2019,9,9,1,42,22.8997998046875,0
2019,9,9,1,42,24.7498000488281,0
2019,9,9,1,42,26.5997998046875,0
2019,9,9,1,42,28.4498000488281,0
2019,9,9,1,42,30.2997998046875,0
2019,9,9,1,42,32.1497998046875,0
2019,9,9,1,42,33.9998000488281,0
2019,9,9,1,42,35.8497998046875,0
2019,9,9,1,42,37.6998000488281,0
2019,9,9,1,42,39.5497998046875,0
2019,9,9,1,42,41.3997998046875,0
2019,9,9,1,42,43.2498000488281,0
2019,9,9,1,42,45.0997998046875,0
2019,9,9,1,42,46.9498000488281,0
2019,9,9,1,42,48.7997998046875,0
2019,9,9,1,42,50.6497998046875,0
2019,9,9,1,42,52.4998000488281,0
2019,9,9,1,42,54.3497998046875,0
2019,9,9,1,42,56.1998000488281,0
2019,9,9,1,42,58.0497998046875,0
2019,9,9,1,42,59.8997998046875,0
2019,9,9,1,43,1.74980004882813,0
2019,9,9,1,43,3.5997998046875,0
2019,9,9,1,43,5.44980004882813,0
2019,9,9,1,43,7.2997998046875,0
2019,9,9,1,43,9.1497998046875,0
2019,9,9,1,43,10.9998000488281,0
2019,9,9,1,43,12.8497998046875,0
2019,9,9,1,43,14.6998000488281,0
2019,9,9,1,43,16.5497998046875,0
2019,9,9,1,43,18.3997998046875,0
2019,9,9,1,43,20.2498000488281,0
2019,9,9,1,43,22.0997998046875,0
2019,9,9,1,43,23.9498000488281,0
2019,9,9,1,43,25.7997998046875,0
2019,9,9,1,43,27.6497998046875,0
2019,9,9,1,43,29.4998000488281,0
2019,9,9,1,43,31.3497998046875,0
2019,9,9,1,43,33.1998000488281,0
2019,9,9,1,43,35.0497998046875,0
2019,9,9,1,43,36.8997998046875,0
2019,9,9,1,43,38.7498000488281,0
2019,9,9,1,43,40.5997998046875,0
2019,9,9,1,43,42.4498000488281,0
2019,9,9,1,43,44.2997998046875,0
2019,9,9,1,43,46.1497998046875,0
2019,9,9,1,43,47.9998000488281,0
2019,9,9,1,43,49.8497998046875,0
2019,9,9,1,43,51.6998000488281,0
2019,9,9,1,43,53.5497998046875,0
2019,9,9,1,43,55.3997998046875,0
2019,9,9,1,43,57.2498000488281,0
2019,9,9,1,43,59.0997998046875,0
2019,9,9,1,44,0.949800048828125,0
2019,9,9,1,44,2.7997998046875,0
2019,9,9,1,44,4.6497998046875,0
2019,9,9,1,44,6.49980004882813,0
2019,9,9,1,44,8.3497998046875,0
2019,9,9,1,44,10.1998000488281,0
2019,9,9,1,44,12.0497998046875,0
2019,9,9,1,44,13.8997998046875,0
2019,9,9,1,44,15.7498000488281,0
2019,9,9,1,44,17.5997998046875,0
2019,9,9,1,44,19.4498000488281,0
2019,9,9,1,44,21.1998000488281,0
2019,9,9,1,44,22.9498000488281,0
2019,9,9,1,44,24.6998000488281,0
2019,9,9,1,44,26.4498000488281,0
2019,9,9,1,44,28.1998000488281,0
2019,9,9,1,44,29.9498000488281,0
2019,9,9,1,44,31.7997998046875,0
2019,9,9,1,44,33.6497998046875,0
2019,9,9,1,44,35.4998000488281,0
2019,9,9,1,44,37.3497998046875,0
2019,9,9,1,44,39.1998000488281,0
2019,9,9,1,44,41.0497998046875,0
2019,9,9,1,44,42.8997998046875,0
2019,9,9,1,44,44.7498000488281,0
2019,9,9,1,44,46.5997998046875,0
2019,9,9,1,44,48.4498000488281,0
2019,9,9,1,44,50.2997998046875,0
2019,9,9,1,44,52.1497998046875,0
2019,9,9,1,44,53.9998000488281,0
2019,9,9,1,44,55.8497998046875,0
2019,9,9,1,44,57.6998000488281,0
2019,9,9,1,44,59.5497998046875,0
2019,9,9,1,45,1.3997998046875,0
2019,9,9,1,45,3.24980004882813,0
2019,9,9,1,45,5.0997998046875,0
2019,9,9,1,45,6.94980004882813,0
2019,9,9,1,45,8.7997998046875,0
2019,9,9,1,45,10.6497998046875,0
2019,9,9,1,45,12.4998000488281,0
2019,9,9,1,45,14.3497998046875,0
2019,9,9,1,45,16.1998000488281,0
2019,9,9,1,45,18.0497998046875,0
2019,9,9,1,45,19.8997998046875,0
2019,9,9,1,45,21.7498000488281,0
2019,9,9,1,45,23.5997998046875,0
2019,9,9,1,45,25.4498000488281,0
2019,9,9,1,45,27.2997998046875,0
2019,9,9,1,45,29.1497998046875,0
2019,9,9,1,45,30.9998000488281,0
2019,9,9,1,45,32.9498000488281,0
2019,9,9,1,45,34.7997998046875,0
2019,9,9,1,45,36.7498000488281,0
2019,9,9,1,45,38.5997998046875,0
2019,9,9,1,45,40.4498000488281,0
2019,9,9,1,45,42.2997998046875,0
2019,9,9,1,45,44.1998000488281,0
2019,9,9,1,45,46.1497998046875,0
2019,9,9,1,45,48.1497998046875,0
2019,9,9,1,45,50.0997998046875,0
2019,9,9,1,45,51.9498000488281,0
2019,9,9,1,45,53.8497998046875,0
2019,9,9,1,45,55.6998000488281,0
2019,9,9,1,45,57.5997998046875,0
2019,9,9,1,45,59.4998000488281,0
2019,9,9,1,46,1.3997998046875,0
2019,9,9,1,46,3.3497998046875,0
2019,9,9,1,46,5.24980004882813,0
2019,9,9,1,46,7.0997998046875,0
2019,9,9,1,46,8.94980004882813,0
2019,9,9,1,46,10.7997998046875,0
2019,9,9,1,46,12.5997998046875,0
2019,9,9,1,46,14.3497998046875,0
2019,9,9,1,46,16.1497998046875,0
2019,9,9,1,46,17.8997998046875,0
2019,9,9,1,46,19.6497998046875,0
2019,9,9,1,46,21.4998000488281,0
2019,9,9,1,46,23.2997998046875,0
2019,9,9,1,46,25.0997998046875,0
2019,9,9,1,46,26.9498000488281,0
2019,9,9,1,46,28.6998000488281,0
2019,9,9,1,46,30.4998000488281,0
2019,9,9,1,46,32.2997998046875,0
2019,9,9,1,46,34.0497998046875,0
2019,9,9,1,46,35.8497998046875,0
2019,9,9,1,46,37.7498000488281,0
2019,9,9,1,46,39.5997998046875,0
2019,9,9,1,46,41.4498000488281,0
2019,9,9,1,46,43.2498000488281,0
2019,9,9,1,46,45.0997998046875,0
2019,9,9,1,46,46.9998000488281,0
2019,9,9,1,46,48.8497998046875,0
2019,9,9,1,46,50.8497998046875,0
2019,9,9,1,46,52.7997998046875,0
2019,9,9,1,46,54.7498000488281,0
2019,9,9,1,46,56.6998000488281,0
2019,9,9,1,46,58.5497998046875,0
2019,9,9,1,47,0.3997998046875,0
2019,9,9,1,47,2.24980004882813,0
2019,9,9,1,47,4.0997998046875,0
2019,9,9,1,47,5.94980004882813,0
2019,9,9,1,47,7.7997998046875,0
2019,9,9,1,47,9.6497998046875,0
2019,9,9,1,47,11.4998000488281,0
2019,9,9,1,47,13.3497998046875,0
2019,9,9,1,47,15.1998000488281,0
2019,9,9,1,47,17.0497998046875,0
2019,9,9,1,47,18.8997998046875,0
2019,9,9,1,47,20.7498000488281,0
2019,9,9,1,47,22.5997998046875,0
2019,9,9,1,47,24.4498000488281,0
2019,9,9,1,47,26.2997998046875,0
2019,9,9,1,47,28.1497998046875,0
2019,9,9,1,47,29.9998000488281,0
2019,9,9,1,47,31.8497998046875,0
2019,9,9,1,47,33.6998000488281,0
2019,9,9,1,47,35.5497998046875,0
2019,9,9,1,47,37.3997998046875,0
2019,9,9,1,47,39.2498000488281,0
2019,9,9,1,47,41.0997998046875,0
2019,9,9,1,47,42.9498000488281,0
2019,9,9,1,47,44.7997998046875,0
2019,9,9,1,47,46.6497998046875,0
2019,9,9,1,47,48.4998000488281,0
2019,9,9,1,47,50.3497998046875,0
2019,9,9,1,47,52.1998000488281,0
2019,9,9,1,47,54.0497998046875,0
2019,9,9,1,47,55.8997998046875,0
2019,9,9,1,47,57.7498000488281,0
2019,9,9,1,47,59.5997998046875,0
2019,9,9,1,48,1.44980004882813,0
2019,9,9,1,48,3.2997998046875,0
2019,9,9,1,48,5.1497998046875,0
2019,9,9,1,48,6.99980004882813,0
2019,9,9,1,48,8.8497998046875,0
2019,9,9,1,48,10.6998000488281,0
2019,9,9,1,48,12.5497998046875,0
2019,9,9,1,48,14.3997998046875,0
2019,9,9,1,48,16.2498000488281,0
2019,9,9,1,48,18.0997998046875,0
2019,9,9,1,48,19.9498000488281,0
2019,9,9,1,48,21.7997998046875,0
2019,9,9,1,48,35.7498000488281,0
2019,9,9,1,48,37.5997998046875,0
2019,9,9,1,48,39.4498000488281,0
2019,9,9,1,48,41.2997998046875,0
2019,9,9,1,48,43.1497998046875,0
2019,9,9,1,48,44.9998000488281,0
2019,9,9,1,48,46.8497998046875,0
2019,9,9,1,48,48.6998000488281,0
2019,9,9,1,48,50.5497998046875,0
2019,9,9,1,48,52.3997998046875,0
2019,9,9,1,48,54.2498000488281,0
2019,9,9,1,48,56.0997998046875,0
2019,9,9,1,48,57.9498000488281,0
2019,9,9,1,48,59.7997998046875,0
2019,9,9,1,49,1.6497998046875,0
2019,9,9,1,49,3.49980004882813,0
2019,9,9,1,49,5.3497998046875,0
2019,9,9,1,49,7.19980004882813,0
2019,9,9,1,49,9.0497998046875,0
2019,9,9,1,49,10.8997998046875,0
2019,9,9,1,49,12.7498000488281,0
2019,9,9,1,49,14.5997998046875,0
2019,9,9,1,49,16.4498000488281,0
2019,9,9,1,49,18.2997998046875,0
2019,9,9,1,49,20.1497998046875,0
2019,9,9,1,49,21.9998000488281,0
2019,9,9,1,49,23.8497998046875,0
2019,9,9,1,49,25.6998000488281,0
2019,9,9,1,49,27.5497998046875,0
2019,9,9,1,49,29.3997998046875,0
2019,9,9,1,49,31.2498000488281,0
2019,9,9,1,49,33.0997998046875,0
2019,9,9,1,49,34.9498000488281,0
2019,9,9,1,49,36.7997998046875,0
2019,9,9,1,49,38.6497998046875,0
2019,9,9,1,49,40.4998000488281,0
2019,9,9,1,49,42.3497998046875,0
2019,9,9,1,49,44.1998000488281,0
2019,9,9,1,49,46.0497998046875,0
2019,9,9,1,49,47.8997998046875,0
2019,9,9,1,49,49.7498000488281,0
2019,9,9,1,49,51.5997998046875,0
2019,9,9,1,49,53.4498000488281,0
2019,9,9,1,49,55.2997998046875,0
2019,9,9,1,49,57.1497998046875,0
2019,9,9,1,49,58.9998000488281,0
2019,9,9,1,50,0.8497998046875,0
2019,9,9,1,50,2.69980004882812,0
2019,9,9,1,50,4.5497998046875,0
2019,9,9,1,50,6.3997998046875,0
2019,9,9,1,50,8.24980004882812,0
2019,9,9,1,50,10.0997998046875,0
2019,9,9,1,50,11.9498000488281,0
2019,9,9,1,50,13.7997998046875,0
2019,9,9,1,50,15.6497998046875,0
2019,9,9,1,50,17.4998000488281,0
2019,9,9,1,50,19.3497998046875,0
2019,9,9,1,50,21.1998000488281,0
2019,9,9,1,50,23.0497998046875,0
2019,9,9,1,50,24.8997998046875,0
2019,9,9,1,50,26.7498000488281,0
2019,9,9,1,50,28.5997998046875,0
2019,9,9,1,50,30.4498000488281,0
2019,9,9,1,50,32.2997998046875,0
2019,9,9,1,50,34.1497998046875,0
2019,9,9,1,50,35.9998000488281,0
2019,9,9,1,50,37.8497998046875,0
2019,9,9,1,50,39.6998000488281,0
2019,9,9,1,50,41.5497998046875,0
2019,9,9,1,50,43.3997998046875,0
2019,9,9,1,50,45.2498000488281,0
2019,9,9,1,50,47.0997998046875,0
2019,9,9,1,50,48.9498000488281,0
2019,9,9,1,50,50.7997998046875,0
2019,9,9,1,50,52.6497998046875,0
2019,9,9,1,50,54.4998000488281,0
2019,9,9,1,50,56.3497998046875,0
2019,9,9,1,50,58.1998000488281,0
2019,9,9,1,51,0.0497998046875,0
2019,9,9,1,51,1.8997998046875,0
2019,9,9,1,51,3.74980004882813,0
2019,9,9,1,51,5.5997998046875,0
2019,9,9,1,51,7.44980004882813,0
2019,9,9,1,51,9.2997998046875,0
2019,9,9,1,51,11.1497998046875,0
2019,9,9,1,51,12.9998000488281,0
2019,9,9,1,51,14.8497998046875,0
2019,9,9,1,51,16.6998000488281,0
2019,9,9,1,51,18.5497998046875,0
2019,9,9,1,51,20.3997998046875,0
2019,9,9,1,51,22.2498000488281,0
2019,9,9,1,51,24.0997998046875,0
2019,9,9,1,51,25.9498000488281,0
2019,9,9,1,51,27.7997998046875,0
2019,9,9,1,51,29.6497998046875,0
2019,9,9,1,51,31.4998000488281,0
2019,9,9,1,51,33.3497998046875,0
2019,9,9,1,51,35.1998000488281,0
2019,9,9,1,51,37.0497998046875,0
2019,9,9,1,51,38.8997998046875,0
2019,9,9,1,51,40.7498000488281,0
2019,9,9,1,51,42.5997998046875,0
2019,9,9,1,51,44.4498000488281,0
2019,9,9,1,51,46.2997998046875,0
2019,9,9,1,51,48.1497998046875,0
2019,9,9,1,51,49.9998000488281,0
2019,9,9,1,51,51.8497998046875,0
2019,9,9,1,51,53.6497998046875,0
2019,9,9,1,51,55.3997998046875,0
2019,9,9,1,51,57.1497998046875,0
2019,9,9,1,51,58.8997998046875,0
2019,9,9,1,52,0.699800048828125,0
2019,9,9,1,52,2.49980004882813,0
2019,9,9,1,52,4.3497998046875,0
2019,9,9,1,52,6.1497998046875,0
2019,9,9,1,52,7.94980004882813,0
2019,9,9,1,52,9.74980004882812,0
2019,9,9,1,52,11.5997998046875,0
2019,9,9,1,52,13.4498000488281,0
2019,9,9,1,52,15.2997998046875,0
2019,9,9,1,52,17.1998000488281,0
2019,9,9,1,52,18.9998000488281,0
2019,9,9,1,52,20.8497998046875,0
2019,9,9,1,52,22.6998000488281,0
2019,9,9,1,52,24.5497998046875,0
2019,9,9,1,52,26.3997998046875,0
2019,9,9,1,52,28.2498000488281,0
2019,9,9,1,52,30.0997998046875,0
2019,9,9,1,52,31.9498000488281,0
2019,9,9,1,52,33.7997998046875,0
2019,9,9,1,52,35.6497998046875,0
2019,9,9,1,52,37.4998000488281,0
2019,9,9,1,52,39.3497998046875,0
2019,9,9,1,52,41.1998000488281,0
2019,9,9,1,52,43.0497998046875,0
2019,9,9,1,52,44.8997998046875,0
2019,9,9,1,52,46.7498000488281,0
2019,9,9,1,52,48.5997998046875,0
2019,9,9,1,52,50.4498000488281,0
2019,9,9,1,52,52.2997998046875,0
2019,9,9,1,52,54.1497998046875,0
2019,9,9,1,52,55.9998000488281,0
2019,9,9,1,52,57.8497998046875,0
2019,9,9,1,52,59.6998000488281,0
2019,9,9,1,53,1.5497998046875,0
2019,9,9,1,53,3.3997998046875,0
2019,9,9,1,53,5.24980004882813,0
2019,9,9,1,53,7.0997998046875,0
2019,9,9,1,53,8.94980004882813,0
2019,9,9,1,53,10.7997998046875,0
2019,9,9,1,53,12.6497998046875,0
2019,9,9,1,53,14.4998000488281,0
2019,9,9,1,53,16.3497998046875,0
2019,9,9,1,53,18.1998000488281,0
2019,9,9,1,53,20.0497998046875,0
2019,9,9,1,53,21.8997998046875,0
2019,9,9,1,53,23.7498000488281,0
2019,9,9,1,53,25.5997998046875,0
2019,9,9,1,53,27.4498000488281,0
2019,9,9,1,53,29.2997998046875,0
2019,9,9,1,53,31.1497998046875,0
2019,9,9,1,53,32.9998000488281,0
2019,9,9,1,53,34.8497998046875,0
2019,9,9,1,53,36.7498000488281,0
2019,9,9,1,53,38.6998000488281,0
2019,9,9,1,53,40.6998000488281,0
2019,9,9,1,53,42.7498000488281,0
2019,9,9,1,53,44.6497998046875,0
2019,9,9,1,53,46.5497998046875,0
2019,9,9,1,53,48.3997998046875,0
2019,9,9,1,53,50.2498000488281,0
2019,9,9,1,53,52.0997998046875,0
2019,9,9,1,53,53.9498000488281,0
2019,9,9,1,53,55.7997998046875,0
2019,9,9,1,53,57.6497998046875,0
2019,9,9,1,53,59.4998000488281,0
2019,9,9,1,54,1.3497998046875,0
2019,9,9,1,54,3.19980004882812,0
2019,9,9,1,54,5.0497998046875,0
2019,9,9,1,54,6.8997998046875,0
2019,9,9,1,54,8.74980004882812,0
2019,9,9,1,54,10.5997998046875,0
2019,9,9,1,54,12.4498000488281,0
2019,9,9,1,54,14.2997998046875,0
2019,9,9,1,54,16.1497998046875,0
2019,9,9,1,54,17.9998000488281,0
2019,9,9,1,54,19.8497998046875,0
2019,9,9,1,54,21.6998000488281,0
2019,9,9,1,54,23.5497998046875,0
2019,9,9,1,54,25.3997998046875,0
2019,9,9,1,54,27.2498000488281,0
2019,9,9,1,54,29.0997998046875,0
2019,9,9,1,54,30.9498000488281,0
2019,9,9,1,54,32.7997998046875,0
2019,9,9,1,54,34.6497998046875,0
2019,9,9,1,54,36.4998000488281,0
2019,9,9,1,54,38.3497998046875,0
2019,9,9,1,54,40.1998000488281,0
2019,9,9,1,54,42.0497998046875,0
2019,9,9,1,54,43.8997998046875,0
2019,9,9,1,54,45.7498000488281,0
2019,9,9,1,54,47.5997998046875,0
2019,9,9,1,54,49.4498000488281,0
2019,9,9,1,54,51.2997998046875,0
2019,9,9,1,54,53.1497998046875,0
2019,9,9,1,54,54.9998000488281,0
2019,9,9,1,54,56.8497998046875,0
2019,9,9,1,54,58.6998000488281,0
2019,9,9,1,55,0.5497998046875,0
2019,9,9,1,55,2.3997998046875,0
2019,9,9,1,55,4.24980004882813,0
2019,9,9,1,55,6.0997998046875,0
2019,9,9,1,55,7.94980004882813,0
2019,9,9,1,55,9.7997998046875,1
2019,9,9,1,55,11.6497998046875,1
2019,9,9,1,55,13.4998000488281,1
2019,9,9,1,55,15.3497998046875,1
2019,9,9,1,55,17.1998000488281,1
2019,9,9,1,55,19.0497998046875,2
2019,9,9,1,55,20.8997998046875,2
2019,9,9,1,55,22.7498000488281,2
2019,9,9,1,55,24.5997998046875,2
2019,9,9,1,55,26.4498000488281,2
2019,9,9,1,55,28.2997998046875,2
2019,9,9,1,55,30.1497998046875,2
2019,9,9,1,55,31.9998000488281,2
2019,9,9,1,55,33.8497998046875,2
2019,9,9,1,55,35.6998000488281,2
2019,9,9,1,55,37.5497998046875,2
2019,9,9,1,55,39.3997998046875,2
2019,9,9,1,55,41.2498000488281,2
2019,9,9,1,55,43.0997998046875,2
2019,9,9,1,55,44.9498000488281,1
2019,9,9,1,55,46.7997998046875,0
2019,9,9,1,55,48.6497998046875,0
2019,9,9,1,55,50.4998000488281,0
2019,9,9,1,55,52.3497998046875,0
2019,9,9,1,55,54.1998000488281,0
2019,9,9,1,55,56.0497998046875,0
2019,9,9,1,55,57.8997998046875,0
2019,9,9,1,55,59.7498000488281,0
2019,9,9,1,56,1.5997998046875,0
2019,9,9,1,56,3.44980004882812,0
2019,9,9,1,56,5.2997998046875,0
2019,9,9,1,56,7.1497998046875,0
2019,9,9,1,56,8.99980004882812,0
2019,9,9,1,56,10.8497998046875,0
2019,9,9,1,56,12.6998000488281,0
2019,9,9,1,56,14.5497998046875,0
2019,9,9,1,56,16.3997998046875,0
2019,9,9,1,56,18.2498000488281,0
2019,9,9,1,56,20.0997998046875,0
2019,9,9,1,56,21.9498000488281,0
2019,9,9,1,56,23.7997998046875,0
2019,9,9,1,56,25.6497998046875,0
2019,9,9,1,56,27.4998000488281,0
2019,9,9,1,56,29.3497998046875,0
2019,9,9,1,56,31.1998000488281,0
2019,9,9,1,56,33.0497998046875,0
2019,9,9,1,56,34.8997998046875,0
2019,9,9,1,56,36.7498000488281,0
2019,9,9,1,56,38.5997998046875,0
2019,9,9,1,56,40.4498000488281,0
2019,9,9,1,56,42.2997998046875,0
2019,9,9,1,56,44.1497998046875,0
2019,9,9,1,56,45.9998000488281,0
2019,9,9,1,56,47.8497998046875,0
2019,9,9,1,56,49.6998000488281,0
2019,9,9,1,56,51.5497998046875,0
2019,9,9,1,56,53.3997998046875,0
2019,9,9,1,56,55.2498000488281,0
2019,9,9,1,56,57.0997998046875,0
2019,9,9,1,56,58.9498000488281,0
2019,9,9,1,57,0.7997998046875,0
2019,9,9,1,57,2.6497998046875,0
2019,9,9,1,57,4.49980004882813,0
2019,9,9,1,57,6.3497998046875,0
2019,9,9,1,57,8.19980004882813,0
2019,9,9,1,57,10.0497998046875,0
2019,9,9,1,57,11.8997998046875,0
2019,9,9,1,57,13.7498000488281,0
2019,9,9,1,57,15.5997998046875,0
2019,9,9,1,57,17.4498000488281,0
2019,9,9,1,57,19.2997998046875,0
2019,9,9,1,57,21.1497998046875,0
2019,9,9,1,57,22.9998000488281,0
2019,9,9,1,57,24.8497998046875,0
2019,9,9,1,57,26.6998000488281,0
2019,9,9,1,57,28.5497998046875,0
2019,9,9,1,57,30.3997998046875,0
2019,9,9,1,57,32.2498000488281,0
2019,9,9,1,57,34.0997998046875,0
2019,9,9,1,57,35.9498000488281,0
2019,9,9,1,57,37.7997998046875,0
2019,9,9,1,57,39.6497998046875,0
2019,9,9,1,57,41.4998000488281,0
2019,9,9,1,57,43.3497998046875,0
2019,9,9,1,57,45.1998000488281,0
2019,9,9,1,57,47.0497998046875,0
2019,9,9,1,57,48.8997998046875,0
2019,9,9,1,57,50.7498000488281,0
2019,9,9,1,57,52.5997998046875,0
2019,9,9,1,57,54.4498000488281,0
2019,9,9,1,57,56.2997998046875,0
2019,9,9,1,57,58.1497998046875,0
2019,9,9,1,57,59.9998000488281,0
2019,9,9,1,58,1.8497998046875,0
2019,9,9,1,58,3.69980004882812,0
2019,9,9,1,58,5.5497998046875,0
2019,9,9,1,58,7.3997998046875,0
2019,9,9,1,58,9.24980004882812,0
2019,9,9,1,58,11.0997998046875,0
2019,9,9,1,58,12.9498000488281,0
2019,9,9,1,58,14.7997998046875,0
2019,9,9,1,58,16.6497998046875,0
2019,9,9,1,58,18.4998000488281,0
2019,9,9,1,58,20.3497998046875,0
2019,9,9,1,58,22.1998000488281,0
2019,9,9,1,58,24.0497998046875,0
2019,9,9,1,58,25.8997998046875,0
2019,9,9,1,58,27.8497998046875,0
2019,9,9,1,58,29.9498000488281,0
2019,9,9,1,58,32.0497998046875,0
2019,9,9,1,58,33.8997998046875,0
2019,9,9,1,58,35.7498000488281,0
2019,9,9,1,58,37.5997998046875,0
2019,9,9,1,58,39.4498000488281,0
2019,9,9,1,58,41.2997998046875,0
2019,9,9,1,58,43.1497998046875,0
2019,9,9,1,58,44.9998000488281,0
2019,9,9,1,58,46.8497998046875,0
2019,9,9,1,58,48.6998000488281,0
2019,9,9,1,58,50.5497998046875,0
2019,9,9,1,58,52.3997998046875,0
2019,9,9,1,58,54.2498000488281,0
2019,9,9,1,58,56.0997998046875,0
2019,9,9,1,58,57.9498000488281,0
2019,9,9,1,58,59.7997998046875,0
2019,9,9,1,59,1.6497998046875,0
2019,9,9,1,59,3.49980004882813,0
2019,9,9,1,59,5.3497998046875,0
2019,9,9,1,59,7.19980004882813,0
2019,9,9,1,59,9.0497998046875,0
2019,9,9,1,59,10.8997998046875,0
2019,9,9,1,59,12.7498000488281,0
2019,9,9,1,59,14.5997998046875,0
2019,9,9,1,59,16.4498000488281,0
2019,9,9,1,59,18.2997998046875,0
2019,9,9,1,59,20.1497998046875,0
2019,9,9,1,59,21.9998000488281,0
2019,9,9,1,59,23.8497998046875,0
2019,9,9,1,59,25.6998000488281,0
2019,9,9,1,59,27.5497998046875,0
2019,9,9,1,59,29.3997998046875,0
2019,9,9,1,59,31.2498000488281,0
2019,9,9,1,59,33.0997998046875,0
2019,9,9,1,59,34.9498000488281,0
2019,9,9,1,59,36.7997998046875,0
2019,9,9,1,59,38.5997998046875,0
2019,9,9,1,59,40.3497998046875,0
2019,9,9,1,59,42.0497998046875,0
2019,9,9,1,59,43.8497998046875,0
2019,9,9,1,59,45.6998000488281,0
2019,9,9,1,59,47.4998000488281,0
2019,9,9,1,59,49.2498000488281,0
2019,9,9,1,59,50.9998000488281,0
2019,9,9,1,59,52.8497998046875,0
2019,9,9,1,59,54.6998000488281,0
2019,9,9,1,59,56.4998000488281,0
2019,9,9,1,59,58.3497998046875,0
2019,9,9,2,0,0.199800048828125,0
2019,9,9,2,0,1.99980004882813,0
2019,9,9,2,0,3.8497998046875,0
2019,9,9,2,0,5.69980004882813,0
2019,9,9,2,0,7.49980004882813,0
2019,9,9,2,0,9.2997998046875,0
2019,9,9,2,0,11.1497998046875,0
2019,9,9,2,0,12.9998000488281,0
2019,9,9,2,0,14.8497998046875,0
2019,9,9,2,0,16.7498000488281,0
2019,9,9,2,0,18.5997998046875,0
2019,9,9,2,0,20.4998000488281,0
2019,9,9,2,0,22.3997998046875,0
2019,9,9,2,0,36.7498000488281,0
2019,9,9,2,0,38.5997998046875,0
2019,9,9,2,0,40.4498000488281,0
2019,9,9,2,0,42.2997998046875,0
2019,9,9,2,0,44.1497998046875,0
2019,9,9,2,0,45.9998000488281,0
2019,9,9,2,0,47.8497998046875,0
2019,9,9,2,0,49.6998000488281,0
2019,9,9,2,0,51.5497998046875,0
2019,9,9,2,0,53.3997998046875,0
2019,9,9,2,0,55.2498000488281,0
2019,9,9,2,0,57.0997998046875,0
2019,9,9,2,0,58.9498000488281,0
2019,9,9,2,1,0.7997998046875,0
2019,9,9,2,1,2.6497998046875,0
2019,9,9,2,1,4.49980004882813,0
2019,9,9,2,1,6.3497998046875,0
2019,9,9,2,1,8.19980004882813,0
2019,9,9,2,1,10.0497998046875,0
2019,9,9,2,1,11.8997998046875,0
2019,9,9,2,1,13.7498000488281,0
2019,9,9,2,1,15.5997998046875,0
2019,9,9,2,1,17.4498000488281,0
2019,9,9,2,1,19.2997998046875,0
2019,9,9,2,1,21.1497998046875,0
2019,9,9,2,1,22.9998000488281,0
2019,9,9,2,1,24.8497998046875,0
2019,9,9,2,1,26.6998000488281,0
2019,9,9,2,1,28.5497998046875,0
2019,9,9,2,1,30.3997998046875,0
2019,9,9,2,1,32.2498000488281,0
2019,9,9,2,1,34.0997998046875,0
2019,9,9,2,1,35.9498000488281,0
2019,9,9,2,1,37.7997998046875,0
2019,9,9,2,1,39.6497998046875,0
2019,9,9,2,1,41.4998000488281,0
2019,9,9,2,1,43.3497998046875,0
2019,9,9,2,1,45.1998000488281,0
2019,9,9,2,1,47.0497998046875,0
2019,9,9,2,1,48.8997998046875,0
2019,9,9,2,1,50.7498000488281,0
2019,9,9,2,1,52.5997998046875,0
2019,9,9,2,1,54.4498000488281,0
2019,9,9,2,1,56.2997998046875,0
2019,9,9,2,1,58.1497998046875,0
2019,9,9,2,1,59.9998000488281,0
2019,9,9,2,2,1.8497998046875,0
2019,9,9,2,2,3.69980004882812,0
2019,9,9,2,2,5.5497998046875,0
2019,9,9,2,2,7.3997998046875,0
2019,9,9,2,2,9.24980004882812,0
2019,9,9,2,2,11.0997998046875,0
2019,9,9,2,2,12.9498000488281,0
2019,9,9,2,2,14.7997998046875,0
2019,9,9,2,2,16.6497998046875,0
2019,9,9,2,2,18.4998000488281,0
2019,9,9,2,2,20.3497998046875,1
2019,9,9,2,2,22.1998000488281,1
2019,9,9,2,2,24.0497998046875,1
2019,9,9,2,2,25.8997998046875,1
2019,9,9,2,2,27.7498000488281,1
2019,9,9,2,2,29.5997998046875,2
2019,9,9,2,2,31.4498000488281,2
2019,9,9,2,2,33.2997998046875,2
2019,9,9,2,2,35.1497998046875,2
2019,9,9,2,2,36.9998000488281,2
2019,9,9,2,2,38.8497998046875,2
2019,9,9,2,2,40.6998000488281,2
2019,9,9,2,2,42.5497998046875,2
2019,9,9,2,2,44.3997998046875,2
2019,9,9,2,2,46.2498000488281,2
2019,9,9,2,2,48.0997998046875,2
2019,9,9,2,2,49.9498000488281,2
2019,9,9,2,2,51.7997998046875,2
2019,9,9,2,2,53.6497998046875,2
2019,9,9,2,2,55.4998000488281,2
2019,9,9,2,2,57.3497998046875,2
2019,9,9,2,2,59.1998000488281,2
2019,9,9,2,3,1.0497998046875,2
2019,9,9,2,3,2.8997998046875,2
2019,9,9,2,3,4.74980004882813,2
2019,9,9,2,3,6.5997998046875,2
2019,9,9,2,3,8.44980004882813,2
2019,9,9,2,3,10.2997998046875,2
2019,9,9,2,3,12.1497998046875,2
2019,9,9,2,3,13.9998000488281,2
2019,9,9,2,3,15.8497998046875,1
2019,9,9,2,3,17.6998000488281,1
2019,9,9,2,3,19.5497998046875,1
2019,9,9,2,3,21.3997998046875,1
2019,9,9,2,3,23.2498000488281,0
2019,9,9,2,3,25.0997998046875,0
2019,9,9,2,3,26.9498000488281,0
2019,9,9,2,3,28.7997998046875,0
2019,9,9,2,3,30.6497998046875,0
2019,9,9,2,3,32.4998000488281,0
2019,9,9,2,3,34.3497998046875,0
2019,9,9,2,3,36.1998000488281,0
2019,9,9,2,3,38.0497998046875,0
2019,9,9,2,3,39.8997998046875,0
2019,9,9,2,3,41.7498000488281,0
2019,9,9,2,3,43.5997998046875,0
2019,9,9,2,3,45.4498000488281,0
2019,9,9,2,3,47.2997998046875,0
2019,9,9,2,3,49.1497998046875,0
2019,9,9,2,3,50.9998000488281,0
2019,9,9,2,3,52.8497998046875,0
2019,9,9,2,3,54.6998000488281,0
2019,9,9,2,3,56.5497998046875,0
2019,9,9,2,3,58.3997998046875,0
2019,9,9,2,4,0.249800048828125,0
2019,9,9,2,4,2.0997998046875,0
2019,9,9,2,4,3.94980004882812,0
2019,9,9,2,4,5.7997998046875,0
2019,9,9,2,4,7.6497998046875,0
2019,9,9,2,4,9.49980004882812,0
2019,9,9,2,4,11.3497998046875,0
2019,9,9,2,4,13.1998000488281,0
2019,9,9,2,4,15.0497998046875,0
2019,9,9,2,4,16.8997998046875,0
2019,9,9,2,4,18.7498000488281,0
2019,9,9,2,4,20.5997998046875,0
2019,9,9,2,4,22.4498000488281,0
2019,9,9,2,4,24.2997998046875,0
2019,9,9,2,4,26.1497998046875,0
2019,9,9,2,4,27.9998000488281,0
2019,9,9,2,4,29.8497998046875,0
2019,9,9,2,4,31.6998000488281,0
2019,9,9,2,4,33.5497998046875,0
2019,9,9,2,4,35.3997998046875,0
2019,9,9,2,4,37.2498000488281,0
2019,9,9,2,4,39.0997998046875,0
2019,9,9,2,4,40.9498000488281,0
2019,9,9,2,4,42.7997998046875,0
2019,9,9,2,4,44.6497998046875,0
2019,9,9,2,4,46.4998000488281,0
2019,9,9,2,4,48.3497998046875,0
2019,9,9,2,4,50.1998000488281,0
2019,9,9,2,4,52.0497998046875,0
2019,9,9,2,4,53.8997998046875,0
2019,9,9,2,4,55.7498000488281,0
2019,9,9,2,4,57.5997998046875,0
2019,9,9,2,4,59.4498000488281,0
2019,9,9,2,5,1.2997998046875,0
2019,9,9,2,5,3.1497998046875,0
2019,9,9,2,5,4.99980004882813,0
2019,9,9,2,5,6.8497998046875,0
2019,9,9,2,5,8.69980004882813,0
2019,9,9,2,5,10.4998000488281,0
2019,9,9,2,5,12.3497998046875,0
2019,9,9,2,5,14.0997998046875,0
2019,9,9,2,5,15.8997998046875,0
2019,9,9,2,5,17.6497998046875,0
2019,9,9,2,5,19.4498000488281,0
2019,9,9,2,5,21.2498000488281,0
2019,9,9,2,5,23.0497998046875,0
2019,9,9,2,5,24.8997998046875,0
2019,9,9,2,5,26.6998000488281,0
2019,9,9,2,5,28.5497998046875,0
2019,9,9,2,5,30.3997998046875,0
2019,9,9,2,5,32.2498000488281,0
2019,9,9,2,5,34.0997998046875,0
2019,9,9,2,5,35.9498000488281,0
2019,9,9,2,5,37.7997998046875,0
2019,9,9,2,5,39.6497998046875,0
2019,9,9,2,5,41.4998000488281,0
2019,9,9,2,5,43.2498000488281,0
2019,9,9,2,5,45.0997998046875,0
2019,9,9,2,5,46.9498000488281,0
2019,9,9,2,5,48.7997998046875,0
2019,9,9,2,5,50.6497998046875,0
2019,9,9,2,5,52.4998000488281,0
2019,9,9,2,5,54.3497998046875,0
2019,9,9,2,5,56.1998000488281,0
2019,9,9,2,5,58.0497998046875,0
2019,9,9,2,5,59.8997998046875,0
2019,9,9,2,6,1.74980004882813,0
2019,9,9,2,6,3.5997998046875,0
2019,9,9,2,6,5.44980004882813,0
2019,9,9,2,6,7.2997998046875,0
2019,9,9,2,6,9.1497998046875,0
2019,9,9,2,6,10.9998000488281,0
2019,9,9,2,6,12.8497998046875,0
2019,9,9,2,6,14.6998000488281,0
2019,9,9,2,6,16.5497998046875,0
2019,9,9,2,6,18.3997998046875,0
2019,9,9,2,6,20.2498000488281,0
2019,9,9,2,6,22.0997998046875,0
2019,9,9,2,6,23.9498000488281,0
2019,9,9,2,6,25.7997998046875,0
2019,9,9,2,6,27.6497998046875,0
2019,9,9,2,6,29.4998000488281,0
2019,9,9,2,6,31.3497998046875,0
2019,9,9,2,6,33.1998000488281,0
2019,9,9,2,6,35.0497998046875,0
2019,9,9,2,6,36.8997998046875,0
2019,9,9,2,6,38.7498000488281,0
2019,9,9,2,6,40.5997998046875,0
2019,9,9,2,6,42.4498000488281,0
2019,9,9,2,6,44.2997998046875,0
2019,9,9,2,6,46.1497998046875,0
2019,9,9,2,6,47.9998000488281,0
2019,9,9,2,6,49.8497998046875,0
2019,9,9,2,6,51.6998000488281,0
2019,9,9,2,6,53.5497998046875,0
2019,9,9,2,6,55.3997998046875,0
2019,9,9,2,6,57.2498000488281,0
2019,9,9,2,6,59.0997998046875,0
2019,9,9,2,7,0.949800048828125,0
2019,9,9,2,7,2.7997998046875,0
2019,9,9,2,7,4.6497998046875,0
2019,9,9,2,7,6.49980004882813,0
2019,9,9,2,7,8.3497998046875,0
2019,9,9,2,7,10.1998000488281,0
2019,9,9,2,7,12.1497998046875,0
2019,9,9,2,7,13.9998000488281,0
2019,9,9,2,7,15.8497998046875,0
2019,9,9,2,7,17.7498000488281,0
2019,9,9,2,7,19.6497998046875,0
2019,9,9,2,7,21.5997998046875,0
2019,9,9,2,7,23.4998000488281,0
2019,9,9,2,7,25.3997998046875,0
2019,9,9,2,7,27.2997998046875,0
2019,9,9,2,7,29.1998000488281,0
2019,9,9,2,7,31.0497998046875,0
2019,9,9,2,7,32.9498000488281,0
2019,9,9,2,7,34.7997998046875,0
2019,9,9,2,7,36.6998000488281,0
2019,9,9,2,7,38.5497998046875,0
2019,9,9,2,7,40.3997998046875,0
2019,9,9,2,7,42.2498000488281,0
2019,9,9,2,7,44.0997998046875,0
2019,9,9,2,7,45.9498000488281,0
2019,9,9,2,7,47.7997998046875,0
2019,9,9,2,7,49.6497998046875,0
2019,9,9,2,7,51.4998000488281,0
2019,9,9,2,7,53.3497998046875,0
2019,9,9,2,7,55.1998000488281,0
2019,9,9,2,7,57.0497998046875,0
2019,9,9,2,7,58.8997998046875,0
2019,9,9,2,8,0.749800048828125,0
2019,9,9,2,8,2.5997998046875,0
2019,9,9,2,8,4.44980004882813,0
2019,9,9,2,8,6.2997998046875,0
2019,9,9,2,8,8.1497998046875,0
2019,9,9,2,8,9.99980004882812,0
2019,9,9,2,8,11.8497998046875,0
2019,9,9,2,8,13.6998000488281,0
2019,9,9,2,8,15.5497998046875,0
2019,9,9,2,8,17.3997998046875,0
2019,9,9,2,8,19.2498000488281,0
2019,9,9,2,8,21.0997998046875,0
2019,9,9,2,8,22.9498000488281,0
2019,9,9,2,8,24.7997998046875,0
2019,9,9,2,8,26.6497998046875,0
2019,9,9,2,8,28.4998000488281,0
2019,9,9,2,8,30.3497998046875,0
2019,9,9,2,8,32.1998000488281,0
2019,9,9,2,8,34.0497998046875,0
2019,9,9,2,8,35.8997998046875,0
2019,9,9,2,8,37.7498000488281,0
2019,9,9,2,8,39.5997998046875,0
2019,9,9,2,8,41.4498000488281,0
2019,9,9,2,8,43.2997998046875,0
2019,9,9,2,8,45.1497998046875,0
2019,9,9,2,8,46.9998000488281,0
2019,9,9,2,8,48.8497998046875,0
2019,9,9,2,8,50.6998000488281,0
2019,9,9,2,8,52.5497998046875,0
2019,9,9,2,8,54.3997998046875,0
2019,9,9,2,8,56.2498000488281,0
2019,9,9,2,8,58.0997998046875,0
2019,9,9,2,8,59.9498000488281,0
2019,9,9,2,9,1.7997998046875,0
2019,9,9,2,9,3.6497998046875,0
2019,9,9,2,9,5.49980004882813,0
2019,9,9,2,9,7.3497998046875,1
2019,9,9,2,9,9.19980004882813,1
2019,9,9,2,9,11.0497998046875,1
2019,9,9,2,9,12.8997998046875,1
2019,9,9,2,9,14.7498000488281,1
2019,9,9,2,9,16.5997998046875,1
2019,9,9,2,9,18.4498000488281,1
2019,9,9,2,9,20.2997998046875,1
2019,9,9,2,9,22.1497998046875,1
2019,9,9,2,9,23.9998000488281,1
2019,9,9,2,9,25.8497998046875,2
2019,9,9,2,9,27.6998000488281,2
2019,9,9,2,9,29.5497998046875,2
2019,9,9,2,9,31.3997998046875,2
2019,9,9,2,9,33.2498000488281,2
2019,9,9,2,9,35.0997998046875,2
2019,9,9,2,9,36.9498000488281,2
2019,9,9,2,9,38.7997998046875,2
2019,9,9,2,9,40.6497998046875,2
2019,9,9,2,9,42.4498000488281,2
2019,9,9,2,9,44.2997998046875,2
2019,9,9,2,9,46.1998000488281,2
2019,9,9,2,9,48.0497998046875,2
2019,9,9,2,9,49.8997998046875,2
2019,9,9,2,9,51.7498000488281,2
2019,9,9,2,9,53.5997998046875,2
2019,9,9,2,9,55.4498000488281,2
2019,9,9,2,9,57.2997998046875,2
2019,9,9,2,9,59.1998000488281,2
2019,9,9,2,10,1.0497998046875,2
2019,9,9,2,10,2.8497998046875,2
2019,9,9,2,10,4.69980004882813,2
2019,9,9,2,10,6.5497998046875,2
2019,9,9,2,10,8.3997998046875,2
2019,9,9,2,10,10.2498000488281,2
2019,9,9,2,10,12.0997998046875,2
2019,9,9,2,10,13.9498000488281,1
2019,9,9,2,10,15.7997998046875,1
2019,9,9,2,10,17.6497998046875,1
2019,9,9,2,10,19.4998000488281,1
2019,9,9,2,10,21.3497998046875,1
2019,9,9,2,10,23.1998000488281,1
2019,9,9,2,10,25.0497998046875,1
2019,9,9,2,10,26.8997998046875,1
2019,9,9,2,10,28.7498000488281,1
2019,9,9,2,10,30.5997998046875,1
2019,9,9,2,10,32.4498000488281,1
2019,9,9,2,10,34.2997998046875,0
2019,9,9,2,10,36.1497998046875,0
2019,9,9,2,10,37.9998000488281,0
2019,9,9,2,10,39.8497998046875,0
2019,9,9,2,10,41.6998000488281,0
2019,9,9,2,10,43.5497998046875,0
2019,9,9,2,10,45.3997998046875,0
2019,9,9,2,10,47.2498000488281,0
2019,9,9,2,10,49.0997998046875,0
2019,9,9,2,10,50.9498000488281,0
2019,9,9,2,10,52.7997998046875,0
2019,9,9,2,10,54.6497998046875,0
2019,9,9,2,10,56.4998000488281,0
2019,9,9,2,10,58.3497998046875,0
2019,9,9,2,11,0.199800048828125,0
2019,9,9,2,11,2.0497998046875,0
2019,9,9,2,11,3.8997998046875,0
2019,9,9,2,11,5.74980004882813,0
2019,9,9,2,11,7.5997998046875,0
2019,9,9,2,11,9.44980004882813,0
2019,9,9,2,11,11.2997998046875,0
2019,9,9,2,11,13.1497998046875,0
2019,9,9,2,11,14.9998000488281,0
2019,9,9,2,11,16.8497998046875,0
2019,9,9,2,11,18.6998000488281,0
2019,9,9,2,11,20.5497998046875,0
2019,9,9,2,11,22.3997998046875,0
2019,9,9,2,11,24.2498000488281,0
2019,9,9,2,11,26.0997998046875,0
2019,9,9,2,11,27.9498000488281,0
2019,9,9,2,11,29.7997998046875,0
2019,9,9,2,11,31.6497998046875,0
2019,9,9,2,11,33.4998000488281,0
2019,9,9,2,11,35.3497998046875,0
2019,9,9,2,11,37.1998000488281,0
2019,9,9,2,11,39.0497998046875,0
2019,9,9,2,11,40.8997998046875,0
2019,9,9,2,11,42.7498000488281,0
2019,9,9,2,11,44.5997998046875,0
2019,9,9,2,11,46.4498000488281,0
2019,9,9,2,11,48.2997998046875,0
2019,9,9,2,11,50.1497998046875,0
2019,9,9,2,11,51.9998000488281,0
2019,9,9,2,11,53.8497998046875,0
2019,9,9,2,11,55.6998000488281,0
2019,9,9,2,11,57.5497998046875,0
2019,9,9,2,11,59.3997998046875,0
2019,9,9,2,12,1.24980004882813,0
2019,9,9,2,12,3.0997998046875,0
2019,9,9,2,12,4.94980004882813,0
2019,9,9,2,12,6.7997998046875,0
2019,9,9,2,12,8.6497998046875,0
2019,9,9,2,12,10.4998000488281,0
2019,9,9,2,12,12.3497998046875,0
2019,9,9,2,12,14.1998000488281,0
2019,9,9,2,12,16.0497998046875,0
2019,9,9,2,12,17.8997998046875,0
2019,9,9,2,12,19.7498000488281,0
2019,9,9,2,12,21.5997998046875,0
2019,9,9,2,12,23.4498000488281,0
2019,9,9,2,12,25.2997998046875,0
2019,9,9,2,12,27.1497998046875,0
2019,9,9,2,12,28.9998000488281,0
2019,9,9,2,12,30.8497998046875,0
2019,9,9,2,12,32.6998000488281,0
2019,9,9,2,12,34.5497998046875,0
2019,9,9,2,12,36.3997998046875,0
2019,9,9,2,12,38.2498000488281,0
2019,9,9,2,12,40.0997998046875,0
2019,9,9,2,12,41.9498000488281,0
2019,9,9,2,12,43.7997998046875,0
2019,9,9,2,12,45.6497998046875,0
2019,9,9,2,12,47.4998000488281,0
2019,9,9,2,12,49.3497998046875,0
2019,9,9,2,12,51.1998000488281,0
2019,9,9,2,12,53.0497998046875,0
2019,9,9,2,12,54.8997998046875,0
2019,9,9,2,12,56.7498000488281,0
2019,9,9,2,12,58.5997998046875,0
2019,9,9,2,13,0.449800048828125,0
2019,9,9,2,13,2.2997998046875,0
2019,9,9,2,13,4.1497998046875,0
2019,9,9,2,13,5.99980004882813,0
2019,9,9,2,13,7.8497998046875,0
2019,9,9,2,13,9.69980004882813,0
2019,9,9,2,13,11.5497998046875,0
2019,9,9,2,13,13.3997998046875,0
2019,9,9,2,13,15.2498000488281,0
2019,9,9,2,13,17.0997998046875,0
2019,9,9,2,13,18.9498000488281,0
2019,9,9,2,13,20.7997998046875,0
2019,9,9,2,13,22.6497998046875,0
2019,9,9,2,13,24.4998000488281,0
2019,9,9,2,13,26.3497998046875,0
2019,9,9,2,13,28.1998000488281,0
2019,9,9,2,13,30.0497998046875,0
2019,9,9,2,13,31.8997998046875,0
2019,9,9,2,13,33.7498000488281,0
2019,9,9,2,13,35.5997998046875,0
2019,9,9,2,13,37.4498000488281,0
2019,9,9,2,13,39.2997998046875,0
2019,9,9,2,13,41.1497998046875,0
2019,9,9,2,13,42.9998000488281,0
2019,9,9,2,13,44.8497998046875,0
2019,9,9,2,13,46.6998000488281,0
2019,9,9,2,13,48.5497998046875,0
2019,9,9,2,13,50.3997998046875,0
2019,9,9,2,13,52.2498000488281,0
2019,9,9,2,13,54.0997998046875,0
2019,9,9,2,13,55.9498000488281,0
2019,9,9,2,13,57.7997998046875,0
2019,9,9,2,13,59.6497998046875,0
2019,9,9,2,14,1.49980004882813,0
2019,9,9,2,14,3.3997998046875,0
2019,9,9,2,14,5.44980004882813,0
2019,9,9,2,14,7.49980004882813,0
2019,9,9,2,14,9.44980004882813,0
2019,9,9,2,14,11.2997998046875,0
2019,9,9,2,14,13.1497998046875,0
2019,9,9,2,14,14.9998000488281,0
2019,9,9,2,14,16.8497998046875,0
2019,9,9,2,14,18.7498000488281,0
2019,9,9,2,14,20.5997998046875,0
2019,9,9,2,14,22.4498000488281,0
2019,9,9,2,14,24.2997998046875,0
2019,9,9,2,14,59.3497998046875,0
2019,9,9,2,15,1.19980004882813,0
2019,9,9,2,15,3.0497998046875,0
2019,9,9,2,15,4.8997998046875,0
2019,9,9,2,15,6.74980004882813,0
2019,9,9,2,15,8.5997998046875,0
2019,9,9,2,15,10.4498000488281,0
2019,9,9,2,15,12.2997998046875,0
2019,9,9,2,15,14.1497998046875,0
2019,9,9,2,15,15.9998000488281,0
2019,9,9,2,15,17.8497998046875,0
2019,9,9,2,15,19.6998000488281,0
2019,9,9,2,15,21.5497998046875,0
2019,9,9,2,15,23.3997998046875,0
2019,9,9,2,15,25.2498000488281,0
2019,9,9,2,15,27.0997998046875,0
2019,9,9,2,15,28.9498000488281,0
2019,9,9,2,15,30.7997998046875,0
2019,9,9,2,15,32.6497998046875,0
2019,9,9,2,15,34.4998000488281,0
2019,9,9,2,15,36.3497998046875,0
2019,9,9,2,15,38.1998000488281,0
2019,9,9,2,15,40.0497998046875,0
2019,9,9,2,15,41.8997998046875,0
2019,9,9,2,15,43.7498000488281,0
2019,9,9,2,15,45.5997998046875,0
2019,9,9,2,15,47.4498000488281,0
2019,9,9,2,15,49.2997998046875,0
2019,9,9,2,15,51.1497998046875,0
2019,9,9,2,15,52.9998000488281,0
2019,9,9,2,15,54.8497998046875,0
2019,9,9,2,15,56.6998000488281,0
2019,9,9,2,15,58.5497998046875,0
2019,9,9,2,16,0.3997998046875,0
2019,9,9,2,16,2.24980004882813,0
2019,9,9,2,16,4.0997998046875,0
2019,9,9,2,16,5.8497998046875,0
2019,9,9,2,16,7.5997998046875,0
2019,9,9,2,16,9.44980004882813,0
2019,9,9,2,16,11.2498000488281,0
2019,9,9,2,16,12.9998000488281,0
2019,9,9,2,16,14.7997998046875,0
2019,9,9,2,16,16.5497998046875,0
2019,9,9,2,16,18.3497998046875,0
2019,9,9,2,16,20.1497998046875,0
2019,9,9,2,16,21.9498000488281,0
2019,9,9,2,16,23.7997998046875,0
2019,9,9,2,16,25.6998000488281,0
2019,9,9,2,16,27.5497998046875,0
2019,9,9,2,16,29.3997998046875,0
2019,9,9,2,16,31.1998000488281,0
2019,9,9,2,16,33.0997998046875,0
2019,9,9,2,16,34.9498000488281,0
2019,9,9,2,16,36.7997998046875,0
2019,9,9,2,16,38.6497998046875,0
2019,9,9,2,16,40.4998000488281,0
2019,9,9,2,16,42.3497998046875,0
2019,9,9,2,16,44.1998000488281,0
2019,9,9,2,16,46.0497998046875,0
2019,9,9,2,16,47.8997998046875,0
2019,9,9,2,16,49.7498000488281,0
2019,9,9,2,16,51.6497998046875,0
2019,9,9,2,16,53.4498000488281,0
2019,9,9,2,16,55.2997998046875,0
2019,9,9,2,16,57.1497998046875,0
2019,9,9,2,16,58.9998000488281,0
2019,9,9,2,17,0.8497998046875,0
2019,9,9,2,17,2.69980004882812,0
2019,9,9,2,17,4.5497998046875,0
2019,9,9,2,17,6.3997998046875,0
2019,9,9,2,17,8.24980004882812,0
2019,9,9,2,17,10.0997998046875,0
2019,9,9,2,17,11.9498000488281,0
2019,9,9,2,17,13.7997998046875,0
2019,9,9,2,17,15.6497998046875,0
2019,9,9,2,17,17.5497998046875,0
2019,9,9,2,17,19.3997998046875,0
2019,9,9,2,17,21.2498000488281,0
2019,9,9,2,17,23.0497998046875,0
2019,9,9,2,17,24.8997998046875,0
2019,9,9,2,17,26.6998000488281,0
2019,9,9,2,17,28.5997998046875,0
2019,9,9,2,17,30.4498000488281,0
2019,9,9,2,17,32.2997998046875,0
2019,9,9,2,17,34.1497998046875,0
2019,9,9,2,17,35.9998000488281,0
2019,9,9,2,17,37.8497998046875,0
2019,9,9,2,17,39.6998000488281,0
2019,9,9,2,17,41.5497998046875,0
2019,9,9,2,17,43.3997998046875,0
2019,9,9,2,17,45.2498000488281,0
2019,9,9,2,17,47.0997998046875,0
2019,9,9,2,17,48.9498000488281,0
2019,9,9,2,17,50.7997998046875,0
2019,9,9,2,17,52.6497998046875,0
2019,9,9,2,17,54.4998000488281,0
2019,9,9,2,17,56.3497998046875,0
2019,9,9,2,17,58.1998000488281,0
2019,9,9,2,18,0.0497998046875,0
2019,9,9,2,18,1.8997998046875,0
2019,9,9,2,18,3.74980004882813,0
2019,9,9,2,18,5.5997998046875,0
2019,9,9,2,18,7.44980004882813,0
2019,9,9,2,18,9.2997998046875,0
2019,9,9,2,18,11.1497998046875,0
2019,9,9,2,18,12.9998000488281,0
2019,9,9,2,18,14.8497998046875,0
2019,9,9,2,18,16.6998000488281,0
2019,9,9,2,18,18.5497998046875,0
2019,9,9,2,18,20.3997998046875,0
2019,9,9,2,18,22.2498000488281,0
2019,9,9,2,18,24.0997998046875,0
2019,9,9,2,18,25.9498000488281,0
2019,9,9,2,18,27.7997998046875,0
2019,9,9,2,18,29.6497998046875,0
2019,9,9,2,18,31.5497998046875,0
2019,9,9,2,18,33.3997998046875,0
2019,9,9,2,18,35.1998000488281,0
2019,9,9,2,18,36.9998000488281,0
2019,9,9,2,18,38.8997998046875,0
2019,9,9,2,18,40.7498000488281,0
2019,9,9,2,18,42.5997998046875,0
2019,9,9,2,18,44.4498000488281,0
2019,9,9,2,18,46.2997998046875,0
2019,9,9,2,18,48.1497998046875,0
2019,9,9,2,18,49.9998000488281,0
2019,9,9,2,18,51.8497998046875,0
2019,9,9,2,18,53.6998000488281,0
2019,9,9,2,18,55.5497998046875,0
2019,9,9,2,18,57.3997998046875,0
2019,9,9,2,18,59.2498000488281,0
2019,9,9,2,19,1.0997998046875,0
2019,9,9,2,19,2.94980004882812,0
2019,9,9,2,19,4.7997998046875,0
2019,9,9,2,19,6.6497998046875,0
2019,9,9,2,19,8.49980004882812,0
2019,9,9,2,19,10.3497998046875,0
2019,9,9,2,19,12.1998000488281,0
2019,9,9,2,19,14.0497998046875,0
2019,9,9,2,19,15.8997998046875,0
2019,9,9,2,19,17.7498000488281,0
2019,9,9,2,19,19.5997998046875,0
2019,9,9,2,19,21.4498000488281,0
2019,9,9,2,19,23.2997998046875,0
2019,9,9,2,19,25.1497998046875,0
2019,9,9,2,19,26.9998000488281,0
2019,9,9,2,19,28.8497998046875,0
2019,9,9,2,19,30.6998000488281,0
2019,9,9,2,19,32.5497998046875,0
2019,9,9,2,19,34.3997998046875,0
2019,9,9,2,19,36.2498000488281,0
2019,9,9,2,19,38.0997998046875,0
2019,9,9,2,19,39.9498000488281,0
2019,9,9,2,19,41.7997998046875,0
2019,9,9,2,19,43.6497998046875,0
2019,9,9,2,19,45.4998000488281,0
2019,9,9,2,19,47.3497998046875,0
2019,9,9,2,19,49.1998000488281,0
2019,9,9,2,19,51.0497998046875,0
2019,9,9,2,19,52.8997998046875,0
2019,9,9,2,19,54.7498000488281,0
2019,9,9,2,19,56.5997998046875,0
2019,9,9,2,19,58.4498000488281,0
2019,9,9,2,20,0.2997998046875,0
2019,9,9,2,20,2.1497998046875,0
2019,9,9,2,20,3.99980004882813,0
2019,9,9,2,20,5.8497998046875,0
2019,9,9,2,20,7.69980004882813,0
2019,9,9,2,20,9.5497998046875,0
2019,9,9,2,20,11.3997998046875,0
2019,9,9,2,20,13.2498000488281,0
2019,9,9,2,20,15.0997998046875,0
2019,9,9,2,20,16.9498000488281,0
2019,9,9,2,20,18.7997998046875,0
2019,9,9,2,20,20.6497998046875,0
2019,9,9,2,20,22.4998000488281,0
2019,9,9,2,20,24.3497998046875,0
2019,9,9,2,20,26.1998000488281,0
2019,9,9,2,20,28.0497998046875,0
2019,9,9,2,20,29.8997998046875,0
2019,9,9,2,20,31.7498000488281,0
2019,9,9,2,20,33.5997998046875,0
2019,9,9,2,20,35.4498000488281,0
2019,9,9,2,20,37.2997998046875,0
2019,9,9,2,20,39.1497998046875,0
2019,9,9,2,20,40.9998000488281,0
2019,9,9,2,20,42.8497998046875,0
2019,9,9,2,20,44.6998000488281,0
2019,9,9,2,20,46.5497998046875,0
2019,9,9,2,20,48.3997998046875,0
2019,9,9,2,20,50.2498000488281,0
2019,9,9,2,20,52.0997998046875,0
2019,9,9,2,20,53.9498000488281,0
2019,9,9,2,20,55.7997998046875,0
2019,9,9,2,20,57.6497998046875,0
2019,9,9,2,20,59.4998000488281,0
2019,9,9,2,21,1.3497998046875,0
2019,9,9,2,21,3.19980004882812,0
2019,9,9,2,21,5.0497998046875,0
2019,9,9,2,21,6.8997998046875,0
2019,9,9,2,21,8.74980004882812,0
2019,9,9,2,21,10.5997998046875,0
2019,9,9,2,21,12.4498000488281,0
2019,9,9,2,21,14.2997998046875,0
2019,9,9,2,21,16.1497998046875,0
2019,9,9,2,21,17.9998000488281,0
2019,9,9,2,21,19.8497998046875,0
2019,9,9,2,21,21.6998000488281,0
2019,9,9,2,21,23.5497998046875,0
2019,9,9,2,21,25.3997998046875,0
2019,9,9,2,21,27.2498000488281,0
2019,9,9,2,21,29.0997998046875,0
2019,9,9,2,21,30.9498000488281,0
2019,9,9,2,21,32.7997998046875,0
2019,9,9,2,21,34.6497998046875,0
2019,9,9,2,21,36.4998000488281,0
2019,9,9,2,21,38.3497998046875,0
2019,9,9,2,21,40.1998000488281,0
2019,9,9,2,21,42.0497998046875,0
2019,9,9,2,21,43.8997998046875,0
2019,9,9,2,21,45.7498000488281,0
2019,9,9,2,21,47.5997998046875,0
2019,9,9,2,21,49.4498000488281,0
2019,9,9,2,21,51.2997998046875,0
2019,9,9,2,21,53.1497998046875,0
2019,9,9,2,21,54.9998000488281,0
2019,9,9,2,21,56.8497998046875,0
2019,9,9,2,21,58.6998000488281,0
2019,9,9,2,22,0.5497998046875,0
2019,9,9,2,22,2.3997998046875,0
2019,9,9,2,22,4.24980004882813,0
2019,9,9,2,22,6.0997998046875,0
2019,9,9,2,22,7.94980004882813,0
2019,9,9,2,22,9.7997998046875,0
2019,9,9,2,22,11.6497998046875,0
2019,9,9,2,22,13.4998000488281,0
2019,9,9,2,22,15.3497998046875,0
2019,9,9,2,22,17.1998000488281,0
2019,9,9,2,22,19.0497998046875,0
2019,9,9,2,22,20.8997998046875,0
2019,9,9,2,22,22.7498000488281,0
2019,9,9,2,22,24.5997998046875,0
2019,9,9,2,22,26.4498000488281,0
2019,9,9,2,22,28.2997998046875,0
2019,9,9,2,22,30.1497998046875,0
2019,9,9,2,22,31.9998000488281,0
2019,9,9,2,22,33.8497998046875,0
2019,9,9,2,22,35.6998000488281,0
2019,9,9,2,22,37.5497998046875,0
2019,9,9,2,22,39.3997998046875,0
2019,9,9,2,22,41.2498000488281,0
2019,9,9,2,22,43.0997998046875,0
2019,9,9,2,22,44.9498000488281,0
2019,9,9,2,22,46.7997998046875,0
2019,9,9,2,22,48.6497998046875,0
2019,9,9,2,22,50.4998000488281,0
2019,9,9,2,22,52.3497998046875,0
2019,9,9,2,22,54.1998000488281,0
2019,9,9,2,22,56.0497998046875,0
2019,9,9,2,22,57.8997998046875,0
2019,9,9,2,22,59.7498000488281,0
2019,9,9,2,23,1.5997998046875,0
2019,9,9,2,23,3.44980004882812,0
2019,9,9,2,23,5.2997998046875,0
2019,9,9,2,23,7.1497998046875,0
2019,9,9,2,23,8.99980004882812,0
2019,9,9,2,23,10.8497998046875,0
2019,9,9,2,23,12.6998000488281,0
2019,9,9,2,23,14.5497998046875,0
2019,9,9,2,23,16.3997998046875,0
2019,9,9,2,23,18.2498000488281,0
2019,9,9,2,23,20.0997998046875,0
2019,9,9,2,23,21.9498000488281,0
2019,9,9,2,23,23.7997998046875,0
2019,9,9,2,23,25.6497998046875,0
2019,9,9,2,23,27.4998000488281,0
2019,9,9,2,23,29.3497998046875,0
2019,9,9,2,23,31.1998000488281,0
2019,9,9,2,23,33.0497998046875,0
2019,9,9,2,23,34.8997998046875,0
2019,9,9,2,23,36.7498000488281,0
2019,9,9,2,23,38.5997998046875,0
2019,9,9,2,23,40.4498000488281,0
2019,9,9,2,23,42.2997998046875,0
2019,9,9,2,23,44.1497998046875,0
2019,9,9,2,23,45.9998000488281,0
2019,9,9,2,23,47.8497998046875,0
2019,9,9,2,23,49.6998000488281,0
2019,9,9,2,23,51.5497998046875,0
2019,9,9,2,23,53.3997998046875,0
2019,9,9,2,23,55.2498000488281,0
2019,9,9,2,23,57.0997998046875,0
2019,9,9,2,23,58.9498000488281,0
2019,9,9,2,24,0.7997998046875,0
2019,9,9,2,24,2.6497998046875,0
2019,9,9,2,24,4.49980004882813,0
2019,9,9,2,24,6.3497998046875,0
2019,9,9,2,24,8.19980004882813,0
2019,9,9,2,24,10.0497998046875,0
2019,9,9,2,24,11.8997998046875,0
2019,9,9,2,24,13.7498000488281,0
2019,9,9,2,24,15.5997998046875,0
2019,9,9,2,24,17.4498000488281,0
2019,9,9,2,24,19.2997998046875,0
2019,9,9,2,24,21.3497998046875,0
2019,9,9,2,24,23.3497998046875,0
2019,9,9,2,24,25.3497998046875,0
2019,9,9,2,24,27.2997998046875,0
2019,9,9,2,24,29.1497998046875,0
2019,9,9,2,24,30.9998000488281,0
2019,9,9,2,24,32.8497998046875,0
2019,9,9,2,24,34.6998000488281,0
2019,9,9,2,24,36.5497998046875,0
2019,9,9,2,24,38.3997998046875,0
2019,9,9,2,24,40.2498000488281,0
2019,9,9,2,24,42.0997998046875,0
2019,9,9,2,24,43.9498000488281,0
2019,9,9,2,24,45.7997998046875,0
2019,9,9,2,24,47.6497998046875,0
2019,9,9,2,24,49.4998000488281,0
2019,9,9,2,24,51.3497998046875,0
2019,9,9,2,24,53.1998000488281,0
2019,9,9,2,24,55.0497998046875,0
2019,9,9,2,24,56.8997998046875,0
2019,9,9,2,24,58.7498000488281,0
2019,9,9,2,25,0.5997998046875,0
2019,9,9,2,25,2.44980004882812,0
2019,9,9,2,25,4.2997998046875,0
2019,9,9,2,25,6.0997998046875,0
2019,9,9,2,25,7.7997998046875,0
2019,9,9,2,25,9.44980004882813,0
2019,9,9,2,25,11.1497998046875,0
2019,9,9,2,25,12.9498000488281,0
2019,9,9,2,25,14.7997998046875,0
2019,9,9,2,25,16.6497998046875,0
2019,9,9,2,25,18.4998000488281,0
2019,9,9,2,25,20.3497998046875,0
2019,9,9,2,25,22.1998000488281,0
2019,9,9,2,25,24.0497998046875,0
2019,9,9,2,25,25.8997998046875,0
2019,9,9,2,25,27.7498000488281,0
2019,9,9,2,25,29.5997998046875,0
2019,9,9,2,25,31.4498000488281,0
2019,9,9,2,25,33.2997998046875,0
2019,9,9,2,25,35.1497998046875,0
2019,9,9,2,25,36.9998000488281,0
2019,9,9,2,25,38.8497998046875,0
2019,9,9,2,25,40.6998000488281,0
2019,9,9,2,25,42.5497998046875,0
2019,9,9,2,25,44.3997998046875,0
2019,9,9,2,25,46.2498000488281,0
2019,9,9,2,25,48.0997998046875,0
2019,9,9,2,25,49.9498000488281,0
2019,9,9,2,25,51.7997998046875,0
2019,9,9,2,25,53.6497998046875,0
2019,9,9,2,25,55.4998000488281,0
2019,9,9,2,25,57.3497998046875,0
2019,9,9,2,25,59.1998000488281,0
2019,9,9,2,26,1.0497998046875,0
2019,9,9,2,26,2.8997998046875,0
2019,9,9,2,26,4.74980004882813,0
2019,9,9,2,26,6.5997998046875,0
2019,9,9,2,26,8.44980004882813,0
2019,9,9,2,26,10.2997998046875,0
2019,9,9,2,26,12.1497998046875,0
2019,9,9,2,26,13.9998000488281,0
2019,9,9,2,26,15.8497998046875,0
2019,9,9,2,26,17.6998000488281,0
2019,9,9,2,26,19.5497998046875,0
2019,9,9,2,26,21.3997998046875,0
2019,9,9,2,26,23.2498000488281,0
2019,9,9,2,26,25.0997998046875,0
2019,9,9,2,26,26.9498000488281,0
2019,9,9,2,26,28.7997998046875,0
2019,9,9,2,26,30.6497998046875,0
2019,9,9,2,26,32.4998000488281,0
2019,9,9,2,26,34.3497998046875,0
2019,9,9,2,26,36.1998000488281,0
2019,9,9,2,26,38.0497998046875,0
2019,9,9,2,26,39.8997998046875,0
2019,9,9,2,26,41.7498000488281,0
2019,9,9,2,26,43.5997998046875,0
2019,9,9,2,26,45.4498000488281,0
2019,9,9,2,26,47.2997998046875,0
2019,9,9,2,26,49.1497998046875,0
2019,9,9,2,27,0.6497998046875,0
2019,9,9,2,27,2.49980004882813,0
2019,9,9,2,27,4.3497998046875,0
2019,9,9,2,27,6.19980004882813,0
2019,9,9,2,27,8.0497998046875,0
2019,9,9,2,27,9.8997998046875,0
2019,9,9,2,27,11.7498000488281,0
2019,9,9,2,27,13.5997998046875,0
2019,9,9,2,27,15.4498000488281,0
2019,9,9,2,27,17.2997998046875,0
2019,9,9,2,27,19.1497998046875,0
2019,9,9,2,27,20.9998000488281,0
2019,9,9,2,27,22.8497998046875,0
2019,9,9,2,27,24.6998000488281,0
2019,9,9,2,27,26.5497998046875,0
2019,9,9,2,27,28.3997998046875,0
2019,9,9,2,27,30.2498000488281,0
2019,9,9,2,27,32.0997998046875,0
2019,9,9,2,27,33.9498000488281,0
2019,9,9,2,27,35.7997998046875,0
2019,9,9,2,27,37.6497998046875,0
2019,9,9,2,27,39.4998000488281,0
2019,9,9,2,27,41.3497998046875,0
2019,9,9,2,27,43.1998000488281,0
2019,9,9,2,27,45.0497998046875,0
2019,9,9,2,27,46.8997998046875,0
2019,9,9,2,27,48.7498000488281,0
2019,9,9,2,27,50.5997998046875,0
2019,9,9,2,27,52.4498000488281,0
2019,9,9,2,27,54.2997998046875,0
2019,9,9,2,27,56.1497998046875,0
2019,9,9,2,27,57.9998000488281,0
2019,9,9,2,27,59.8497998046875,0
2019,9,9,2,28,1.69980004882812,0
2019,9,9,2,28,3.5497998046875,0
2019,9,9,2,28,5.3997998046875,0
2019,9,9,2,28,7.24980004882813,0
2019,9,9,2,28,9.0997998046875,0
2019,9,9,2,28,10.9498000488281,0
2019,9,9,2,28,12.7997998046875,0
2019,9,9,2,28,14.6497998046875,0
2019,9,9,2,28,16.4998000488281,0
2019,9,9,2,28,18.3497998046875,0
2019,9,9,2,28,20.1998000488281,0
2019,9,9,2,28,22.0497998046875,0
2019,9,9,2,28,23.8997998046875,0
2019,9,9,2,28,25.7498000488281,0
2019,9,9,2,28,27.5997998046875,0
2019,9,9,2,28,29.4498000488281,0
2019,9,9,2,28,31.2997998046875,0
2019,9,9,2,28,33.1497998046875,0
2019,9,9,2,28,34.9998000488281,0
2019,9,9,2,28,36.8497998046875,0
2019,9,9,2,28,38.6998000488281,0
2019,9,9,2,28,40.5497998046875,0
2019,9,9,2,28,42.3997998046875,0
2019,9,9,2,28,44.2498000488281,0
2019,9,9,2,28,46.0997998046875,0
2019,9,9,2,28,47.9498000488281,0
2019,9,9,2,28,49.7997998046875,0
2019,9,9,2,28,51.6497998046875,0
2019,9,9,2,28,53.4998000488281,0
2019,9,9,2,28,55.3497998046875,0
2019,9,9,2,28,57.1998000488281,0
2019,9,9,2,28,59.0497998046875,0
2019,9,9,2,29,0.8997998046875,0
2019,9,9,2,29,2.74980004882813,0
2019,9,9,2,29,4.5997998046875,0
2019,9,9,2,29,6.44980004882813,0
2019,9,9,2,29,8.2997998046875,0
2019,9,9,2,29,10.1497998046875,0
2019,9,9,2,29,11.9998000488281,0
2019,9,9,2,29,13.8497998046875,0
2019,9,9,2,29,15.6998000488281,0
2019,9,9,2,29,17.5497998046875,0
2019,9,9,2,29,19.3997998046875,0
2019,9,9,2,29,21.2498000488281,0
2019,9,9,2,29,23.0997998046875,0
2019,9,9,2,29,24.9498000488281,0
2019,9,9,2,29,26.7997998046875,0
2019,9,9,2,29,28.6497998046875,0
2019,9,9,2,29,30.4998000488281,0
2019,9,9,2,29,32.3497998046875,0
2019,9,9,2,29,34.1998000488281,0
2019,9,9,2,29,36.0497998046875,0
2019,9,9,2,29,37.8997998046875,0
2019,9,9,2,29,39.7498000488281,0
2019,9,9,2,29,41.5997998046875,0
2019,9,9,2,29,43.4498000488281,0
2019,9,9,2,29,45.2997998046875,0
2019,9,9,2,29,47.1497998046875,0
2019,9,9,2,29,48.9998000488281,0
2019,9,9,2,29,50.8497998046875,0
2019,9,9,2,29,52.6998000488281,0
2019,9,9,2,29,54.5497998046875,0
2019,9,9,2,29,56.3997998046875,0
2019,9,9,2,29,58.2498000488281,0
2019,9,9,2,30,0.0997998046875,0
2019,9,9,2,30,1.94980004882812,0
2019,9,9,2,30,3.7997998046875,0
2019,9,9,2,30,5.6497998046875,0
2019,9,9,2,30,7.49980004882813,0
2019,9,9,2,30,9.3497998046875,0
2019,9,9,2,30,11.1998000488281,0
2019,9,9,2,30,13.0497998046875,0
2019,9,9,2,30,14.8997998046875,0
2019,9,9,2,30,16.7498000488281,0
2019,9,9,2,30,18.5997998046875,0
2019,9,9,2,30,20.4498000488281,0
2019,9,9,2,30,22.2997998046875,0
2019,9,9,2,30,24.1497998046875,0
2019,9,9,2,30,25.9998000488281,0
2019,9,9,2,30,27.8497998046875,0
2019,9,9,2,30,29.6998000488281,0
2019,9,9,2,30,31.5497998046875,0
2019,9,9,2,30,33.3997998046875,0
2019,9,9,2,30,35.2498000488281,0
2019,9,9,2,30,37.0997998046875,0
2019,9,9,2,30,38.9498000488281,0
2019,9,9,2,30,40.7997998046875,0
2019,9,9,2,30,42.6497998046875,0
2019,9,9,2,30,44.4998000488281,0
2019,9,9,2,30,46.3497998046875,0
2019,9,9,2,30,48.1998000488281,0
2019,9,9,2,30,50.0497998046875,0
2019,9,9,2,30,51.8997998046875,0
2019,9,9,2,30,53.7498000488281,0
2019,9,9,2,30,55.5997998046875,0
2019,9,9,2,30,57.4498000488281,0
2019,9,9,2,30,59.2997998046875,0
2019,9,9,2,31,1.1497998046875,0
2019,9,9,2,31,2.99980004882813,0
2019,9,9,2,31,4.8497998046875,0
2019,9,9,2,31,6.69980004882813,0
2019,9,9,2,31,8.5497998046875,0
2019,9,9,2,31,10.3997998046875,0
2019,9,9,2,31,12.2498000488281,0
2019,9,9,2,31,14.0997998046875,0
2019,9,9,2,31,15.9498000488281,0
2019,9,9,2,31,17.7997998046875,0
2019,9,9,2,31,19.6497998046875,0
2019,9,9,2,31,21.4998000488281,0
2019,9,9,2,31,23.3497998046875,0
2019,9,9,2,31,25.1998000488281,0
2019,9,9,2,31,27.0497998046875,0
2019,9,9,2,31,28.8997998046875,0
2019,9,9,2,31,30.7498000488281,0
2019,9,9,2,31,32.5997998046875,0
2019,9,9,2,31,34.4498000488281,0
2019,9,9,2,31,36.2997998046875,0
2019,9,9,2,31,38.1497998046875,0
2019,9,9,2,31,39.9998000488281,0
2019,9,9,2,31,41.8497998046875,0
2019,9,9,2,31,43.5997998046875,0
2019,9,9,2,31,45.3497998046875,0
2019,9,9,2,31,47.1998000488281,0
2019,9,9,2,31,49.0997998046875,0
2019,9,9,2,31,50.9498000488281,0
2019,9,9,2,31,53.0497998046875,0
2019,9,9,2,31,54.9498000488281,0
2019,9,9,2,31,56.7498000488281,0
2019,9,9,2,31,58.5997998046875,0
2019,9,9,2,32,0.449800048828125,0
2019,9,9,2,32,2.2997998046875,0
2019,9,9,2,32,4.1497998046875,0
2019,9,9,2,32,5.99980004882813,0
2019,9,9,2,32,7.8497998046875,0
2019,9,9,2,32,9.69980004882813,0
2019,9,9,2,32,11.5497998046875,0
2019,9,9,2,32,13.4498000488281,0
2019,9,9,2,32,15.2997998046875,0
2019,9,9,2,32,17.0997998046875,0
2019,9,9,2,32,18.9498000488281,0
2019,9,9,2,32,20.7997998046875,0
2019,9,9,2,32,22.6998000488281,0
2019,9,9,2,32,24.4998000488281,0
2019,9,9,2,32,26.3497998046875,0
2019,9,9,2,32,28.1998000488281,0
2019,9,9,2,32,29.9998000488281,0
2019,9,9,2,32,31.7997998046875,0
2019,9,9,2,32,33.6497998046875,0
2019,9,9,2,32,35.4998000488281,0
2019,9,9,2,32,37.3497998046875,0
2019,9,9,2,32,39.1998000488281,0
2019,9,9,2,32,41.0497998046875,0
2019,9,9,2,32,42.8997998046875,0
2019,9,9,2,32,44.7498000488281,0
2019,9,9,2,32,46.5997998046875,0
2019,9,9,2,32,48.4498000488281,0
2019,9,9,2,32,50.2997998046875,0
2019,9,9,2,32,52.1497998046875,0
2019,9,9,2,32,53.9998000488281,0
2019,9,9,2,32,55.8497998046875,0
2019,9,9,2,32,57.6998000488281,0
2019,9,9,2,32,59.5497998046875,0
2019,9,9,2,33,1.3997998046875,0
2019,9,9,2,33,3.24980004882813,0
2019,9,9,2,33,5.0997998046875,0
2019,9,9,2,33,6.94980004882813,0
2019,9,9,2,33,8.7997998046875,0
2019,9,9,2,33,10.6497998046875,0
2019,9,9,2,33,12.4998000488281,0
2019,9,9,2,33,14.3497998046875,0
2019,9,9,2,33,16.1998000488281,0
2019,9,9,2,33,18.0497998046875,0
2019,9,9,2,33,19.8997998046875,0
2019,9,9,2,33,21.7498000488281,0
2019,9,9,2,33,23.5997998046875,0
2019,9,9,2,33,25.4498000488281,0
2019,9,9,2,33,27.2997998046875,0
2019,9,9,2,33,29.1497998046875,0
2019,9,9,2,33,30.9998000488281,0
2019,9,9,2,33,32.8497998046875,0
2019,9,9,2,33,34.6998000488281,0
2019,9,9,2,33,36.5497998046875,0
2019,9,9,2,33,38.3997998046875,0
2019,9,9,2,33,40.2498000488281,0
2019,9,9,2,33,42.0997998046875,0
2019,9,9,2,33,43.9498000488281,0
2019,9,9,2,33,45.7997998046875,0
2019,9,9,2,33,47.6497998046875,0
2019,9,9,2,33,49.4998000488281,0
2019,9,9,2,33,51.3497998046875,0
2019,9,9,2,33,53.1998000488281,0
2019,9,9,2,33,55.0497998046875,0
2019,9,9,2,33,56.8997998046875,0
2019,9,9,2,33,58.7498000488281,0
2019,9,9,2,34,0.5997998046875,0
2019,9,9,2,34,2.44980004882812,0
2019,9,9,2,34,4.2997998046875,0
2019,9,9,2,34,6.1497998046875,0
2019,9,9,2,34,7.99980004882813,0
2019,9,9,2,34,9.8497998046875,0
2019,9,9,2,34,11.6998000488281,0
2019,9,9,2,34,13.5997998046875,0
2019,9,9,2,34,15.5997998046875,0
2019,9,9,2,34,17.5497998046875,0
2019,9,9,2,34,19.4998000488281,0
2019,9,9,2,34,21.4998000488281,0
2019,9,9,2,34,23.3997998046875,0
2019,9,9,2,34,25.2498000488281,0
2019,9,9,2,34,27.0997998046875,0
2019,9,9,2,34,28.9498000488281,0
2019,9,9,2,34,30.7997998046875,0
2019,9,9,2,34,32.6497998046875,0
2019,9,9,2,34,34.4998000488281,0
2019,9,9,2,34,36.3497998046875,0
2019,9,9,2,34,38.1998000488281,0
2019,9,9,2,34,40.0497998046875,0
2019,9,9,2,34,41.8997998046875,0
2019,9,9,2,34,43.7498000488281,0
2019,9,9,2,34,45.5997998046875,0
2019,9,9,2,34,47.4498000488281,0
2019,9,9,2,34,49.2997998046875,0
2019,9,9,2,34,51.1497998046875,0
2019,9,9,2,34,52.9998000488281,0
2019,9,9,2,34,54.8497998046875,0
2019,9,9,2,34,56.6998000488281,0
2019,9,9,2,34,58.5497998046875,0
2019,9,9,2,35,0.3997998046875,0
2019,9,9,2,35,2.24980004882813,0
2019,9,9,2,35,4.0997998046875,0
2019,9,9,2,35,5.94980004882813,0
2019,9,9,2,35,7.7997998046875,0
2019,9,9,2,35,9.6497998046875,0
2019,9,9,2,35,11.4998000488281,0
2019,9,9,2,35,13.3497998046875,0
2019,9,9,2,35,15.1998000488281,0
2019,9,9,2,35,17.0497998046875,0
2019,9,9,2,35,18.8997998046875,0
2019,9,9,2,35,20.7498000488281,0
2019,9,9,2,35,22.5997998046875,0
2019,9,9,2,35,24.4498000488281,0
2019,9,9,2,35,26.2997998046875,0
2019,9,9,2,35,28.1497998046875,0
2019,9,9,2,35,29.9998000488281,0
2019,9,9,2,35,31.7498000488281,0
2019,9,9,2,35,33.4498000488281,0
2019,9,9,2,35,35.1998000488281,0
2019,9,9,2,35,37.0497998046875,0
2019,9,9,2,35,38.8997998046875,0
2019,9,9,2,35,40.6497998046875,0
2019,9,9,2,35,42.3997998046875,0
2019,9,9,2,35,44.1998000488281,0
2019,9,9,2,35,46.0497998046875,0
2019,9,9,2,35,47.8997998046875,0
2019,9,9,2,35,49.7498000488281,0
2019,9,9,2,35,51.5997998046875,0
2019,9,9,2,35,53.4498000488281,0
2019,9,9,2,35,55.2997998046875,0
2019,9,9,2,35,57.1497998046875,0
2019,9,9,2,35,58.9998000488281,0
2019,9,9,2,36,0.8497998046875,0
2019,9,9,2,36,2.69980004882812,0
2019,9,9,2,36,4.5497998046875,0
2019,9,9,2,36,6.3997998046875,0
2019,9,9,2,36,8.24980004882812,0
2019,9,9,2,36,10.0997998046875,0
2019,9,9,2,36,11.9498000488281,0
2019,9,9,2,36,13.7997998046875,0
2019,9,9,2,36,15.6497998046875,0
2019,9,9,2,36,17.4998000488281,0
2019,9,9,2,36,19.3497998046875,0
2019,9,9,2,36,21.1998000488281,0
2019,9,9,2,36,23.0497998046875,0
2019,9,9,2,36,24.8997998046875,0
2019,9,9,2,36,26.7498000488281,0
2019,9,9,2,36,28.5997998046875,0
2019,9,9,2,36,30.4498000488281,0
2019,9,9,2,36,32.2997998046875,0
2019,9,9,2,36,34.1497998046875,0
2019,9,9,2,36,35.9998000488281,0
2019,9,9,2,36,37.8497998046875,0
2019,9,9,2,36,39.6998000488281,0
2019,9,9,2,36,41.5497998046875,0
2019,9,9,2,36,43.3997998046875,0
2019,9,9,2,36,45.2498000488281,0
2019,9,9,2,36,47.0997998046875,0
2019,9,9,2,36,48.9498000488281,0
2019,9,9,2,36,50.7997998046875,0
2019,9,9,2,36,52.6497998046875,0
2019,9,9,2,36,54.4998000488281,0
2019,9,9,2,36,56.3497998046875,0
2019,9,9,2,36,58.1998000488281,0
2019,9,9,2,37,0.0497998046875,0
2019,9,9,2,37,1.8997998046875,0
2019,9,9,2,37,3.74980004882813,0
2019,9,9,2,37,5.5997998046875,0
2019,9,9,2,37,7.44980004882813,0
2019,9,9,2,37,9.2997998046875,0
2019,9,9,2,37,11.1497998046875,0
2019,9,9,2,37,12.9998000488281,0
2019,9,9,2,37,14.8497998046875,0
2019,9,9,2,37,16.6998000488281,0
2019,9,9,2,37,18.5497998046875,0
2019,9,9,2,37,20.3997998046875,0
2019,9,9,2,37,22.2498000488281,0
2019,9,9,2,37,24.0997998046875,0
2019,9,9,2,37,25.9498000488281,0
2019,9,9,2,37,27.7997998046875,0
2019,9,9,2,37,29.6497998046875,0
2019,9,9,2,37,31.4998000488281,0
2019,9,9,2,37,33.3497998046875,0
2019,9,9,2,37,35.1998000488281,0
2019,9,9,2,37,37.0497998046875,0
2019,9,9,2,37,38.8997998046875,0
2019,9,9,2,37,40.7498000488281,0
2019,9,9,2,37,42.5997998046875,0
2019,9,9,2,37,44.4498000488281,0
2019,9,9,2,37,46.2997998046875,0
2019,9,9,2,37,48.1497998046875,0
2019,9,9,2,37,49.9998000488281,0
2019,9,9,2,37,51.8497998046875,0
2019,9,9,2,37,53.6998000488281,0
2019,9,9,2,37,55.5497998046875,0
2019,9,9,2,37,57.3997998046875,0
2019,9,9,2,37,59.2498000488281,0
2019,9,9,2,38,1.0997998046875,0
2019,9,9,2,38,2.94980004882812,0
2019,9,9,2,38,4.7997998046875,0
2019,9,9,2,38,6.6497998046875,0
2019,9,9,2,38,8.49980004882812,0
2019,9,9,2,38,10.3497998046875,0
2019,9,9,2,38,12.1998000488281,0
2019,9,9,2,38,14.0497998046875,0
2019,9,9,2,38,15.8997998046875,0
2019,9,9,2,38,17.7498000488281,0
2019,9,9,2,38,19.5997998046875,0
2019,9,9,2,38,21.4498000488281,0
2019,9,9,2,38,23.2997998046875,0
2019,9,9,2,38,25.1497998046875,0
2019,9,9,2,38,26.9998000488281,0
2019,9,9,2,38,28.8497998046875,0
2019,9,9,2,38,30.6998000488281,0
2019,9,9,2,38,32.5497998046875,0
2019,9,9,2,38,34.3997998046875,0
2019,9,9,2,38,36.2498000488281,0
2019,9,9,2,38,38.0997998046875,0
2019,9,9,2,38,39.9498000488281,0
2019,9,9,2,38,41.7997998046875,0
2019,9,9,2,38,43.6497998046875,0
2019,9,9,2,38,45.4998000488281,0
2019,9,9,2,38,47.3497998046875,0
2019,9,9,2,38,49.1998000488281,0
2019,9,9,2,38,51.0497998046875,0
2019,9,9,2,38,52.8997998046875,0
2019,9,9,2,38,59.0497998046875,0
2019,9,9,2,39,0.8997998046875,0
2019,9,9,2,39,2.74980004882813,0
2019,9,9,2,39,4.5997998046875,0
2019,9,9,2,39,6.44980004882813,0
2019,9,9,2,39,8.2997998046875,0
2019,9,9,2,39,10.1497998046875,0
2019,9,9,2,39,11.9998000488281,0
2019,9,9,2,39,13.8497998046875,0
2019,9,9,2,39,15.6998000488281,0
2019,9,9,2,39,17.5497998046875,0
2019,9,9,2,39,19.3997998046875,0
2019,9,9,2,39,21.2498000488281,0
2019,9,9,2,39,23.0997998046875,0
2019,9,9,2,39,24.9498000488281,0
2019,9,9,2,39,26.7997998046875,0
2019,9,9,2,39,28.6497998046875,0
2019,9,9,2,39,30.5997998046875,0
2019,9,9,2,39,32.6497998046875,0
2019,9,9,2,39,34.6497998046875,0
2019,9,9,2,39,36.5997998046875,0
2019,9,9,2,39,38.4498000488281,0
2019,9,9,2,39,40.2997998046875,0
2019,9,9,2,39,42.1497998046875,0
2019,9,9,2,39,43.9998000488281,0
2019,9,9,2,39,45.8497998046875,0
2019,9,9,2,39,47.6998000488281,0
2019,9,9,2,39,49.5497998046875,0
2019,9,9,2,39,51.3997998046875,0
2019,9,9,2,39,53.2498000488281,0
2019,9,9,2,39,55.0997998046875,0
2019,9,9,2,39,56.8997998046875,0
2019,9,9,2,39,58.7997998046875,0
2019,9,9,2,40,0.5997998046875,0
2019,9,9,2,40,2.44980004882812,0
2019,9,9,2,40,4.2997998046875,0
2019,9,9,2,40,6.0997998046875,0
2019,9,9,2,40,7.8997998046875,0
2019,9,9,2,40,9.6497998046875,0
2019,9,9,2,40,11.3997998046875,0
2019,9,9,2,40,13.0997998046875,0
2019,9,9,2,40,14.9998000488281,0
2019,9,9,2,40,16.9498000488281,0
2019,9,9,2,40,18.7498000488281,0
2019,9,9,2,40,20.5997998046875,0
2019,9,9,2,40,22.4498000488281,0
2019,9,9,2,40,24.3997998046875,0
2019,9,9,2,40,26.2498000488281,0
2019,9,9,2,40,28.0997998046875,0
2019,9,9,2,40,29.8997998046875,0
2019,9,9,2,40,31.7498000488281,0
2019,9,9,2,40,33.5497998046875,0
2019,9,9,2,40,35.3497998046875,0
2019,9,9,2,40,37.1998000488281,0
2019,9,9,2,40,39.0497998046875,0
2019,9,9,2,40,40.8497998046875,0
2019,9,9,2,40,42.6998000488281,0
2019,9,9,2,40,44.5497998046875,0
2019,9,9,2,40,46.3997998046875,0
2019,9,9,2,40,48.2498000488281,0
2019,9,9,2,40,50.0997998046875,0
2019,9,9,2,40,51.9498000488281,0
2019,9,9,2,40,53.7498000488281,0
2019,9,9,2,40,55.5997998046875,0
2019,9,9,2,40,57.4498000488281,0
2019,9,9,2,40,59.2997998046875,0
2019,9,9,2,41,1.1497998046875,0
2019,9,9,2,41,2.99980004882813,0
2019,9,9,2,41,4.7997998046875,0
2019,9,9,2,41,6.6497998046875,0
2019,9,9,2,41,8.49980004882812,0
2019,9,9,2,41,10.3497998046875,0
2019,9,9,2,41,12.1998000488281,0
2019,9,9,2,41,14.0497998046875,0
2019,9,9,2,41,15.8997998046875,0
2019,9,9,2,41,17.7498000488281,0
2019,9,9,2,41,19.5997998046875,0
2019,9,9,2,41,21.4498000488281,0
2019,9,9,2,41,23.2997998046875,0
2019,9,9,2,41,25.1497998046875,0
2019,9,9,2,41,26.9998000488281,0
2019,9,9,2,41,28.8497998046875,0
2019,9,9,2,41,30.6998000488281,0
2019,9,9,2,41,32.5497998046875,0
2019,9,9,2,41,34.3997998046875,0
2019,9,9,2,41,36.2498000488281,0
2019,9,9,2,41,38.0997998046875,0
2019,9,9,2,41,39.9498000488281,0
2019,9,9,2,41,41.7997998046875,0
2019,9,9,2,41,43.6497998046875,0
2019,9,9,2,41,45.5497998046875,0
2019,9,9,2,41,47.3997998046875,0
2019,9,9,2,41,49.2498000488281,0
2019,9,9,2,41,51.0997998046875,0
2019,9,9,2,41,52.9498000488281,0
2019,9,9,2,41,54.7997998046875,0
2019,9,9,2,41,56.6497998046875,0
2019,9,9,2,41,58.4998000488281,0
2019,9,9,2,42,0.3497998046875,0
2019,9,9,2,42,2.19980004882812,0
2019,9,9,2,42,4.0497998046875,0
2019,9,9,2,42,5.8997998046875,0
2019,9,9,2,42,7.74980004882813,0
2019,9,9,2,42,9.5997998046875,0
2019,9,9,2,42,11.4498000488281,0
2019,9,9,2,42,13.2997998046875,0
2019,9,9,2,42,15.1497998046875,0
2019,9,9,2,42,16.9998000488281,0
2019,9,9,2,42,18.8497998046875,0
2019,9,9,2,42,20.6998000488281,0
2019,9,9,2,42,22.5497998046875,0
2019,9,9,2,42,24.3997998046875,0
2019,9,9,2,42,26.2498000488281,0
2019,9,9,2,42,28.0997998046875,0
2019,9,9,2,42,29.9498000488281,0
2019,9,9,2,42,31.7997998046875,0
2019,9,9,2,42,33.6497998046875,0
2019,9,9,2,42,35.4998000488281,0
2019,9,9,2,42,37.3497998046875,0
2019,9,9,2,42,39.1998000488281,0
2019,9,9,2,42,41.0497998046875,0
2019,9,9,2,42,42.8997998046875,0
2019,9,9,2,42,44.7498000488281,0
2019,9,9,2,42,46.5997998046875,0
2019,9,9,2,42,48.4498000488281,0
2019,9,9,2,42,50.2997998046875,0
2019,9,9,2,42,52.1497998046875,0
2019,9,9,2,42,53.9998000488281,0
2019,9,9,2,42,55.8497998046875,0
2019,9,9,2,42,57.6998000488281,0
2019,9,9,2,42,59.5497998046875,0
2019,9,9,2,43,1.3997998046875,0
2019,9,9,2,43,3.24980004882813,0
2019,9,9,2,43,5.0997998046875,0
2019,9,9,2,43,6.94980004882813,0
2019,9,9,2,43,8.7997998046875,0
2019,9,9,2,43,10.6497998046875,0
2019,9,9,2,43,12.4998000488281,0
2019,9,9,2,43,14.3497998046875,0
2019,9,9,2,43,16.1998000488281,0
2019,9,9,2,43,17.9998000488281,0
2019,9,9,2,43,19.7498000488281,0
2019,9,9,2,43,21.3997998046875,0
2019,9,9,2,43,23.1998000488281,0
2019,9,9,2,43,25.0497998046875,0
2019,9,9,2,43,26.8497998046875,0
2019,9,9,2,43,28.6497998046875,0
2019,9,9,2,43,30.4998000488281,0
2019,9,9,2,43,32.4498000488281,0
2019,9,9,2,43,34.3497998046875,0
2019,9,9,2,43,36.2498000488281,0
2019,9,9,2,43,38.1497998046875,0
2019,9,9,2,43,40.0497998046875,0
2019,9,9,2,43,41.8997998046875,0
2019,9,9,2,43,43.7997998046875,0
2019,9,9,2,43,45.6497998046875,0
2019,9,9,2,43,47.5497998046875,0
2019,9,9,2,43,49.3997998046875,0
2019,9,9,2,43,51.2498000488281,0
2019,9,9,2,43,53.0997998046875,0
2019,9,9,2,43,54.9998000488281,0
2019,9,9,2,43,56.8497998046875,0
2019,9,9,2,43,58.6998000488281,0
2019,9,9,2,44,0.5497998046875,0
2019,9,9,2,44,2.3997998046875,0
2019,9,9,2,44,4.24980004882813,0
2019,9,9,2,44,6.0997998046875,0
2019,9,9,2,44,7.99980004882813,0
2019,9,9,2,44,9.8497998046875,0
2019,9,9,2,44,11.6998000488281,0
2019,9,9,2,44,13.5497998046875,0
2019,9,9,2,44,15.3997998046875,0
2019,9,9,2,44,17.2498000488281,0
2019,9,9,2,44,19.0997998046875,0
2019,9,9,2,44,20.9498000488281,0
2019,9,9,2,44,22.7997998046875,0
2019,9,9,2,44,24.6497998046875,0
2019,9,9,2,44,26.4998000488281,0
2019,9,9,2,44,28.3497998046875,0
2019,9,9,2,44,30.1998000488281,0
2019,9,9,2,44,32.0497998046875,0
2019,9,9,2,44,33.8997998046875,0
2019,9,9,2,44,35.7498000488281,0
2019,9,9,2,44,37.5997998046875,0
2019,9,9,2,44,39.4498000488281,0
2019,9,9,2,44,41.2997998046875,0
2019,9,9,2,44,43.1497998046875,0
2019,9,9,2,44,44.9998000488281,0
2019,9,9,2,44,46.8497998046875,0
2019,9,9,2,44,48.6998000488281,0
2019,9,9,2,44,50.5497998046875,0
2019,9,9,2,44,52.3997998046875,0
2019,9,9,2,44,54.2498000488281,0
2019,9,9,2,44,56.0997998046875,0
2019,9,9,2,44,57.9498000488281,0
2019,9,9,2,44,59.7997998046875,0
