Year,Month,Day,Hour,Minute,Second,Classification
2017,6,1,17,58,51.2542600097656,1
2017,6,1,17,58,53.0602131347656,1
2017,6,1,17,58,54.8660239257812,1
2017,6,1,17,58,56.671875,1
2017,6,1,17,58,58.4777419433594,1
2017,6,1,17,59,0.283593017578125,1
2017,6,1,17,59,2.08939599609375,1
2017,6,1,17,59,3.89510205078125,1
2017,6,1,17,59,5.700869140625,1
2017,6,1,17,59,7.50665087890625,1
2017,6,1,17,59,9.3125390625,1
2017,6,1,17,59,11.1184138183594,1
2017,6,1,17,59,12.9241181640625,1
2017,6,1,17,59,14.730005859375,1
2017,6,1,17,59,16.5359311523437,1
2017,6,1,17,59,18.341869140625,1
2017,6,1,17,59,20.1478369140625,1
2017,6,1,17,59,21.9539360351563,1
2017,6,1,17,59,23.7598217773437,1
2017,6,1,17,59,25.5655268554688,1
2017,6,1,17,59,27.3713220214844,1
2017,6,1,17,59,29.1772260742188,1
2017,6,1,17,59,30.9830300292969,1
2017,6,1,17,59,32.78892578125,1
2017,6,1,17,59,34.5949140625,1
2017,6,1,17,59,36.4007609863281,1
2017,6,1,17,59,38.20674609375,1
2017,6,1,17,59,40.0125520019531,1
2017,6,1,17,59,41.8185061035156,1
2017,6,1,17,59,43.6245219726562,1
2017,6,1,17,59,45.4304860839844,1
2017,6,1,17,59,47.2363149414062,1
2017,6,1,17,59,49.0421059570312,1
2017,6,1,17,59,50.848076171875,1
2017,6,1,17,59,52.65587890625,1
2017,6,1,17,59,54.4597829589844,1
2017,6,1,17,59,56.2654860839844,1
2017,6,1,17,59,58.0714279785156,1
2017,6,1,17,59,59.87712109375,1
2017,6,1,18,0,1.68304711914063,1
2017,6,1,18,0,3.48881103515625,1
2017,6,1,18,0,5.29492895507812,1
2017,6,1,18,0,7.10073217773437,1
2017,6,1,18,0,8.90652612304688,1
2017,6,1,18,0,10.7122419433594,1
2017,6,1,18,0,12.5181560058594,1
2017,6,1,18,0,14.3240539550781,1
2017,6,1,18,0,16.1300139160156,1
2017,6,1,18,0,17.9359020996094,1
2017,6,1,18,0,19.7417280273438,1
2017,6,1,18,0,21.5475681152344,1
2017,6,1,18,0,23.3532888183594,1
2017,6,1,18,0,25.1591530761719,1
2017,6,1,18,0,26.9648459472656,1
2017,6,1,18,0,28.7707810058594,1
2017,6,1,18,0,30.5767419433594,1
2017,6,1,18,0,32.3825021972656,1
2017,6,1,18,0,34.1883098144531,1
2017,6,1,18,0,35.9940988769531,1
2017,6,1,18,0,37.79995703125,1
2017,6,1,18,0,39.6058591308594,1
2017,6,1,18,0,41.4117177734375,1
2017,6,1,18,0,43.2175852050781,1
2017,6,1,18,0,45.0234689941406,1
2017,6,1,18,0,46.82941796875,1
2017,6,1,18,0,48.635373046875,1
2017,6,1,18,0,50.4413208007812,1
2017,6,1,18,0,52.24729296875,1
2017,6,1,18,0,54.0530969238281,1
2017,6,1,18,0,55.8588090820313,1
2017,6,1,18,0,57.6645739746094,1
2017,6,1,18,0,59.4703928222656,1
2017,6,1,18,1,1.276251953125,1
2017,6,1,18,1,3.08202099609375,1
2017,6,1,18,1,4.88779907226562,1
2017,6,1,18,1,6.69359887695312,1
2017,6,1,18,1,8.49934301757813,1
2017,6,1,18,1,10.3050620117187,1
2017,6,1,18,1,12.1108120117187,1
2017,6,1,18,1,13.9166960449219,1
2017,6,1,18,1,15.7226870117188,1
2017,6,1,18,1,17.5286669921875,1
2017,6,1,18,1,19.3345329589844,1
2017,6,1,18,1,21.1403220214844,1
2017,6,1,18,1,22.9461721191406,1
2017,6,1,18,1,24.752119140625,1
2017,6,1,18,1,26.5578430175781,1
2017,6,1,18,1,28.3636899414062,1
2017,6,1,18,1,30.1696450195312,1
2017,6,1,18,1,31.9755600585938,1
2017,6,1,18,1,33.7814890136719,1
2017,6,1,18,1,35.5873898925781,1
2017,6,1,18,1,37.3931520996094,1
2017,6,1,18,1,39.1990681152344,1
2017,6,1,18,1,41.0050109863281,1
2017,6,1,18,1,42.8107431640625,1
2017,6,1,18,1,44.6167270507813,1
2017,6,1,18,1,46.4224638671875,1
2017,6,1,18,1,48.2283020019531,1
2017,6,1,18,1,50.0341459960937,1
2017,6,1,18,1,51.8400979003906,1
2017,6,1,18,1,53.646041015625,1
2017,6,1,18,1,55.4517409667969,1
2017,6,1,18,1,57.2576301269531,1
2017,6,1,18,1,59.0634812011719,1
2017,6,1,18,2,0.86923779296875,1
2017,6,1,18,2,2.67515991210937,1
2017,6,1,18,2,4.48098803710938,1
2017,6,1,18,2,6.28685302734375,1
2017,6,1,18,2,8.092623046875,1
2017,6,1,18,2,9.89856494140625,1
2017,6,1,18,2,11.7042590332031,1
2017,6,1,18,2,13.5101889648437,1
2017,6,1,18,2,15.316001953125,1
2017,6,1,18,2,17.1219020996094,1
2017,6,1,18,2,18.9277141113281,1
2017,6,1,18,2,20.7335219726562,1
2017,6,1,18,2,22.5392570800781,1
2017,6,1,18,2,24.3452429199219,1
2017,6,1,18,2,26.1511010742188,1
2017,6,1,18,2,27.9569658203125,1
2017,6,1,18,2,29.7627780761719,1
2017,6,1,18,2,31.5687919921875,1
2017,6,1,18,2,33.3745861816406,1
2017,6,1,18,2,35.1805798339844,1
2017,6,1,18,2,36.9864020996094,1
2017,6,1,18,2,38.7922900390625,1
2017,6,1,18,2,40.5980200195312,1
2017,6,1,18,2,42.4039431152344,1
2017,6,1,18,2,44.2098000488281,1
2017,6,1,18,2,46.0156501464844,1
2017,6,1,18,2,47.8215139160156,1
2017,6,1,18,2,49.6274851074219,1
2017,6,1,18,2,51.4332529296875,1
2017,6,1,18,2,53.2391879882813,1
2017,6,1,18,2,55.0450698242187,1
2017,6,1,18,2,56.851001953125,1
2017,6,1,18,2,58.6568610839844,1
2017,6,1,18,3,0.462765869140625,1
2017,6,1,18,3,2.26848706054687,1
2017,6,1,18,3,4.07443090820312,1
2017,6,1,18,3,5.8802431640625,1
2017,6,1,18,3,7.6859541015625,1
2017,6,1,18,3,9.49189721679688,1
2017,6,1,18,3,11.2977858886719,1
2017,6,1,18,3,13.1037331542969,1
2017,6,1,18,3,14.9099030761719,1
2017,6,1,18,3,16.7156320800781,1
2017,6,1,18,3,18.52154296875,1
2017,6,1,18,3,20.3274069824219,1
2017,6,1,18,3,22.1332299804688,1
2017,6,1,18,3,23.9390510253906,1
2017,6,1,18,3,25.7449008789063,1
2017,6,1,18,3,27.5507451171875,1
2017,6,1,18,3,29.3567121582031,1
2017,6,1,18,3,31.1626550292969,1
2017,6,1,18,3,32.9684428710937,1
2017,6,1,18,3,34.7741647949219,1
2017,6,1,18,3,36.5800930175781,1
2017,6,1,18,3,38.3859780273437,1
2017,6,1,18,3,40.1918950195313,1
2017,6,1,18,3,41.9978588867188,1
2017,6,1,18,3,43.8036650390625,1
2017,6,1,18,3,45.6094838867187,1
2017,6,1,18,3,47.4152651367188,1
2017,6,1,18,3,49.2210319824219,1
2017,6,1,18,3,51.0267761230469,1
2017,6,1,18,3,52.8326779785156,1
2017,6,1,18,3,54.6383969726563,1
2017,6,1,18,3,56.4442790527344,1
2017,6,1,18,3,58.2500610351562,1
2017,6,1,18,4,0.055843017578125,1
2017,6,1,18,4,1.86181811523437,1
2017,6,1,18,4,3.66778198242188,1
2017,6,1,18,4,5.47375805664062,1
2017,6,1,18,4,7.27957788085938,1
2017,6,1,18,4,9.0854521484375,1
2017,6,1,18,4,10.8914541015625,1
2017,6,1,18,4,12.6972290039062,1
2017,6,1,18,4,14.5029489746094,1
2017,6,1,18,4,16.3088530273438,1
2017,6,1,18,4,18.1145610351562,1
2017,6,1,18,4,19.9202919921875,1
2017,6,1,18,4,21.7260380859375,1
2017,6,1,18,4,23.5319519042969,1
2017,6,1,18,4,25.33783203125,1
2017,6,1,18,4,27.1437470703125,1
2017,6,1,18,4,28.9496359863281,1
2017,6,1,18,4,30.7553430175781,1
2017,6,1,18,4,32.5612668457031,1
2017,6,1,18,4,34.3670620117188,1
2017,6,1,18,4,36.1730290527344,1
2017,6,1,18,4,37.9789880371094,1
2017,6,1,18,4,39.7847258300781,1
2017,6,1,18,4,41.5929289550781,1
2017,6,1,18,4,43.3986569824219,1
2017,6,1,18,4,45.2044040527344,1
2017,6,1,18,4,47.0103330078125,1
2017,6,1,18,4,48.8162080078125,1
2017,6,1,18,4,50.6221262207031,1
2017,6,1,18,4,52.4280629882812,1
2017,6,1,18,4,54.2339399414062,1
2017,6,1,18,4,56.0396818847656,1
2017,6,1,18,4,57.8456389160156,1
2017,6,1,18,4,59.6515900878906,1
2017,6,1,18,5,1.4574169921875,1
2017,6,1,18,5,3.263125,1
2017,6,1,18,5,5.0690458984375,1
2017,6,1,18,5,6.87482299804688,1
2017,6,1,18,5,8.6806220703125,1
2017,6,1,18,5,10.4863220214844,1
2017,6,1,18,5,12.292083984375,1
2017,6,1,18,5,14.0980078125,1
2017,6,1,18,5,15.9038020019531,1
2017,6,1,18,5,17.709583984375,1
2017,6,1,18,5,19.5153640136719,1
2017,6,1,18,5,21.3211618652344,1
2017,6,1,18,5,23.126916015625,1
2017,6,1,18,5,24.9327370605469,1
2017,6,1,18,5,26.7385170898438,1
2017,6,1,18,5,28.5442250976562,1
2017,6,1,18,5,30.3501730957031,1
2017,6,1,18,5,32.1559509277344,1
2017,6,1,18,5,33.9616789550781,1
2017,6,1,18,5,35.7673830566406,1
2017,6,1,18,5,37.5734738769531,1
2017,6,1,18,5,39.3794309082031,1
2017,6,1,18,5,41.1852309570313,1
2017,6,1,18,5,42.991041015625,1
2017,6,1,18,5,44.7968010253906,1
2017,6,1,18,5,46.6027131347656,1
2017,6,1,18,5,48.4085480957031,1
2017,6,1,18,5,50.2143430175781,1
2017,6,1,18,5,52.0203198242188,1
2017,6,1,18,5,53.8262849121094,1
2017,6,1,18,5,55.6321179199219,1
2017,6,1,18,5,57.4380729980469,1
2017,6,1,18,5,59.2439338378906,1
2017,6,1,18,6,1.04989794921875,1
2017,6,1,18,6,2.85588598632812,1
2017,6,1,18,6,4.6616279296875,1
2017,6,1,18,6,6.47532104492188,1
2017,6,1,18,6,8.28114013671875,1
2017,6,1,18,6,10.0871240234375,1
2017,6,1,18,6,11.8929060058594,1
2017,6,1,18,6,13.6988930664062,1
2017,6,1,18,6,15.5048540039062,1
2017,6,1,18,6,17.3106130371094,1
2017,6,1,18,6,19.1164899902344,1
2017,6,1,18,6,20.9224270019531,1
2017,6,1,18,6,22.7281379394531,1
2017,6,1,18,6,24.533880859375,1
2017,6,1,18,6,26.3397319335938,1
2017,6,1,18,6,28.1455520019531,1
2017,6,1,18,6,29.95150390625,1
2017,6,1,18,6,31.7572131347656,1
2017,6,1,18,6,33.5631110839844,1
2017,6,1,18,6,35.3689169921875,1
2017,6,1,18,6,37.1748208007812,1
2017,6,1,18,6,38.9805100097656,1
2017,6,1,18,6,40.7862270507812,1
2017,6,1,18,6,42.5919731445313,1
2017,6,1,18,6,44.397751953125,1
2017,6,1,18,6,46.2034741210937,1
2017,6,1,18,6,48.009248046875,1
2017,6,1,18,6,49.8151391601562,1
2017,6,1,18,6,51.6209467773437,1
2017,6,1,18,6,53.4266928710937,1
2017,6,1,18,6,55.2324108886719,1
2017,6,1,18,6,57.0381970214844,1
2017,6,1,18,6,58.8439580078125,1
2017,6,1,18,7,0.649651123046875,1
2017,6,1,18,7,2.45569799804688,1
2017,6,1,18,7,4.26147192382813,1
2017,6,1,18,7,6.0673330078125,1
2017,6,1,18,7,7.87321704101563,1
2017,6,1,18,7,9.67915209960938,1
2017,6,1,18,7,11.4850791015625,1
2017,6,1,18,7,13.2909309082031,1
2017,6,1,18,7,15.0968029785156,1
2017,6,1,18,7,16.9027380371094,1
2017,6,1,18,7,18.708666015625,1
2017,6,1,18,7,20.5146469726563,1
2017,6,1,18,7,22.3203859863281,1
2017,6,1,18,7,24.1263479003906,1
2017,6,1,18,7,25.932126953125,1
2017,6,1,18,7,28.0499060058594,1
2017,6,1,18,7,29.9966030273437,1
2017,6,1,18,7,32.0087570800781,1
2017,6,1,18,7,33.8146850585938,1
2017,6,1,18,7,35.7866899414063,1
2017,6,1,18,7,37.7220310058594,1
2017,6,1,18,7,39.6569890136719,1
2017,6,1,18,7,41.6516149902344,1
2017,6,1,18,7,43.4573459472656,1
2017,6,1,18,7,45.2631298828125,1
2017,6,1,18,7,47.1128798828125,1
2017,6,1,18,7,49.03729296875,1
2017,6,1,18,7,50.8823020019531,1
2017,6,1,18,7,52.7161760253906,1
2017,6,1,18,7,54.68808203125,1
2017,6,1,18,7,56.6807429199219,1
2017,6,1,18,7,58.4865009765625,1
2017,6,1,18,8,0.401276123046875,1
2017,6,1,18,8,2.33995092773438,1
2017,6,1,18,8,4.23447607421875,1
2017,6,1,18,8,6.059580078125,1
2017,6,1,18,8,8.00398486328125,1
2017,6,1,18,8,9.836625,1
2017,6,1,18,8,11.7519040527344,1
2017,6,1,18,8,13.688826171875,1
2017,6,1,18,8,15.5262680664062,1
2017,6,1,18,8,17.3863020019531,1
2017,6,1,18,8,19.29645703125,1
2017,6,1,18,8,21.1284128417969,1
2017,6,1,18,8,23.048576171875,1
2017,6,1,18,8,24.8886970214844,1
2017,6,1,18,8,26.7857138671875,1
2017,6,1,18,8,28.6592741699219,1
2017,6,1,18,8,30.5334699707031,1
2017,6,1,18,8,32.4559208984375,1
2017,6,1,18,8,34.3067888183594,1
2017,6,1,18,8,36.1707810058594,1
2017,6,1,18,8,38.0602009277344,1
2017,6,1,18,8,39.8660129394531,1
2017,6,1,18,8,41.7328391113281,1
2017,6,1,18,8,43.5389609375,1
2017,6,1,18,8,45.4093278808594,1
2017,6,1,18,8,47.3387709960937,1
2017,6,1,18,8,49.2391528320313,1
2017,6,1,18,8,51.1002719726563,1
2017,6,1,18,8,53.0005048828125,1
2017,6,1,18,8,55.0053388671875,1
2017,6,1,18,8,57.2523410644531,1
2017,6,1,18,8,59.242173828125,1
2017,6,1,18,9,1.0509951171875,1
2017,6,1,18,9,2.95046484375,1
2017,6,1,18,9,4.75630004882813,1
2017,6,1,18,9,6.9574150390625,1
2017,6,1,18,9,8.76339111328125,1
2017,6,1,18,9,10.5694831542969,1
2017,6,1,18,9,12.6644631347656,1
2017,6,1,18,9,14.5015,1
2017,6,1,18,9,16.6163659667969,1
2017,6,1,18,9,18.4503190917969,1
2017,6,1,18,9,20.269951171875,1
2017,6,1,18,9,22.1017260742187,1
2017,6,1,18,9,23.9077099609375,1
2017,6,1,18,9,25.7499030761719,1
2017,6,1,18,9,27.7746140136719,1
2017,6,1,18,9,29.8649111328125,1
2017,6,1,18,9,31.9791789550781,1
2017,6,1,18,9,33.7850109863281,1
2017,6,1,18,9,35.7408198242187,1
2017,6,1,18,9,37.7607729492187,1
2017,6,1,18,9,39.6326979980469,1
2017,6,1,18,9,41.503875,1
2017,6,1,18,9,43.3097570800781,1
2017,6,1,18,9,45.1155358886719,1
2017,6,1,18,9,47.1115378417969,1
2017,6,1,18,9,49.0825290527344,1
2017,6,1,18,9,50.897828125,1
2017,6,1,18,9,52.773544921875,1
2017,6,1,18,9,54.7113979492187,1
2017,6,1,18,9,56.90083203125,1
2017,6,1,18,9,58.9754689941406,1
2017,6,1,18,10,0.781458984375,1
2017,6,1,18,10,2.76456201171875,1
2017,6,1,18,10,4.57026904296875,1
2017,6,1,18,10,6.51396704101562,1
2017,6,1,18,10,8.31969604492187,1
2017,6,1,18,10,10.1253879394531,1
2017,6,1,18,10,12.085583984375,1
2017,6,1,18,10,13.8916430664062,1
2017,6,1,18,10,15.7928330078125,1
2017,6,1,18,10,17.7566950683594,1
2017,6,1,18,10,19.5858190917969,1
2017,6,1,18,10,21.5115319824219,1
2017,6,1,18,10,23.3172900390625,1
2017,6,1,18,10,25.1230830078125,1
2017,6,1,18,10,27.1377858886719,1
2017,6,1,18,10,29.1036779785156,1
2017,6,1,18,10,31.0336999511719,1
2017,6,1,18,10,32.9152780761719,1
2017,6,1,18,10,34.7725720214844,1
2017,6,1,18,10,36.9016340332031,1
2017,6,1,18,10,38.7130649414063,1
2017,6,1,18,10,40.5189650878906,1
2017,6,1,18,10,42.659296875,1
2017,6,1,18,10,44.4829641113281,1
2017,6,1,18,10,46.3943469238281,1
2017,6,1,18,10,48.2031491699219,1
2017,6,1,18,10,50.0501550292969,1
2017,6,1,18,10,51.9339709472656,1
2017,6,1,18,10,53.7539438476563,1
2017,6,1,18,10,55.5599150390625,1
2017,6,1,18,10,57.4407619628906,1
2017,6,1,18,10,59.3240610351562,1
2017,6,1,18,11,1.13639208984375,1
2017,6,1,18,11,3.11369799804688,1
2017,6,1,18,11,4.91954809570313,1
2017,6,1,18,11,6.77867602539062,1
2017,6,1,18,11,8.59793603515625,1
2017,6,1,18,11,10.4337512207031,1
2017,6,1,18,11,12.5306069335938,1
2017,6,1,18,11,14.4326931152344,1
2017,6,1,18,11,16.2591701660156,1
2017,6,1,18,11,18.1706259765625,1
2017,6,1,18,11,19.9764450683594,1
2017,6,1,18,11,21.8387041015625,1
2017,6,1,18,11,23.7544418945313,1
2017,6,1,18,11,25.5957451171875,1
2017,6,1,18,11,27.8062739257813,1
2017,6,1,18,11,29.6274899902344,1
2017,6,1,18,11,31.5045759277344,1
2017,6,1,18,11,33.4386921386719,1
2017,6,1,18,11,35.305958984375,1
2017,6,1,18,11,37.319916015625,1
2017,6,1,18,11,39.1351169433594,1
2017,6,1,18,11,40.941046875,1
2017,6,1,18,11,42.7558669433594,1
2017,6,1,18,11,44.5616469726562,1
2017,6,1,18,11,46.3673530273438,1
2017,6,1,18,11,48.1733178710938,1
2017,6,1,18,11,49.9789987792969,1
2017,6,1,18,11,51.7849509277344,1
2017,6,1,18,11,53.5907231445313,1
2017,6,1,18,11,55.3965629882812,1
2017,6,1,18,11,57.2023151855469,1
2017,6,1,18,11,59.01324609375,1
2017,6,1,18,12,0.819072021484375,1
2017,6,1,18,12,2.62513891601562,1
2017,6,1,18,12,4.43111791992188,1
2017,6,1,18,12,6.23710986328125,1
2017,6,1,18,12,8.04280908203125,1
2017,6,1,18,12,9.84864086914063,1
2017,6,1,18,12,11.6546162109375,1
2017,6,1,18,12,13.4605852050781,1
2017,6,1,18,12,15.2663081054688,1
2017,6,1,18,12,17.0722490234375,1
2017,6,1,18,12,18.8782060546875,1
2017,6,1,18,12,20.6840949707031,1
2017,6,1,18,12,22.4899311523438,1
2017,6,1,18,12,24.2959279785156,1
2017,6,1,18,12,26.1018330078125,1
2017,6,1,18,12,27.9077661132813,1
2017,6,1,18,12,29.7137309570312,1
2017,6,1,18,12,31.519666015625,1
2017,6,1,18,12,33.3255200195312,1
2017,6,1,18,12,35.1312749023437,1
2017,6,1,18,12,36.9370551757813,1
2017,6,1,18,12,38.7430029296875,1
2017,6,1,18,12,40.5488059082031,1
2017,6,1,18,12,42.3569990234375,1
2017,6,1,18,12,44.1629099121094,1
2017,6,1,18,12,45.96866796875,1
2017,6,1,18,12,47.7744392089844,1
2017,6,1,18,12,49.5801179199219,1
2017,6,1,18,12,51.3859799804687,1
2017,6,1,18,12,53.1917231445313,1
2017,6,1,18,12,54.99758203125,1
2017,6,1,18,12,56.8033598632813,1
2017,6,1,18,12,58.6091960449219,1
2017,6,1,18,13,0.415159912109375,1
2017,6,1,18,13,2.22084497070313,1
2017,6,1,18,13,4.02686499023438,1
2017,6,1,18,13,5.83274609375,1
2017,6,1,18,13,7.63854418945312,1
2017,6,1,18,13,9.44448803710937,1
2017,6,1,18,13,11.2504138183594,1
2017,6,1,18,13,13.0561389160156,1
2017,6,1,18,13,14.8619758300781,1
2017,6,1,18,13,16.667669921875,1
2017,6,1,18,13,18.4735700683594,1
2017,6,1,18,13,20.2792849121094,1
2017,6,1,18,13,22.085123046875,1
2017,6,1,18,13,23.8909931640625,1
2017,6,1,18,13,25.6969470214844,1
2017,6,1,18,13,27.5026340332031,1
2017,6,1,18,13,29.3084790039062,1
2017,6,1,18,13,31.114212890625,1
2017,6,1,18,13,32.9201770019531,1
2017,6,1,18,13,34.7261450195313,1
2017,6,1,18,13,36.5319440917969,1
2017,6,1,18,13,38.3379321289063,1
2017,6,1,18,13,40.1438000488281,1
2017,6,1,18,13,41.9496901855469,1
2017,6,1,18,13,43.7554108886719,1
2017,6,1,18,13,45.5612080078125,1
2017,6,1,18,13,47.3672438964844,1
2017,6,1,18,13,49.1730590820313,1
2017,6,1,18,13,50.9787648925781,1
2017,6,1,18,13,52.7845717773437,1
2017,6,1,18,13,54.5902861328125,1
2017,6,1,18,13,56.3961379394531,1
2017,6,1,18,13,58.2020009765625,1
2017,6,1,18,14,0.00797900390625,1
2017,6,1,18,14,1.81388989257813,1
2017,6,1,18,14,3.6197529296875,1
2017,6,1,18,14,5.42552587890625,1
2017,6,1,18,14,7.23143701171875,1
2017,6,1,18,14,9.037123046875,1
2017,6,1,18,14,10.8430439453125,1
2017,6,1,18,14,12.6489870605469,1
2017,6,1,18,14,14.4548081054688,1
2017,6,1,18,14,16.2606821289063,1
2017,6,1,18,14,18.0666179199219,1
2017,6,1,18,14,19.8724318847656,1
2017,6,1,18,14,21.678291015625,1
2017,6,1,18,14,23.4839689941406,1
2017,6,1,18,14,25.2899360351562,1
2017,6,1,18,14,27.0957199707031,1
2017,6,1,18,14,28.9015688476563,1
2017,6,1,18,14,30.7074880371094,1
2017,6,1,18,14,32.5133259277344,1
2017,6,1,18,14,34.3192990722656,1
2017,6,1,18,14,36.125080078125,1
2017,6,1,18,14,37.9308850097656,1
2017,6,1,18,14,39.7367600097656,1
2017,6,1,18,14,41.5426359863281,1
2017,6,1,18,14,43.3483737792969,1
2017,6,1,18,14,45.1541540527344,1
2017,6,1,18,14,46.9598889160156,1
2017,6,1,18,14,48.7656618652344,1
2017,6,1,18,14,50.5716108398437,1
2017,6,1,18,14,52.377294921875,1
2017,6,1,18,14,54.1830881347656,1
2017,6,1,18,14,55.9891579589844,1
2017,6,1,18,14,57.7949208984375,1
2017,6,1,18,14,59.60087109375,1
2017,6,1,18,15,1.40682421875,1
2017,6,1,18,15,3.21264111328125,1
2017,6,1,18,15,5.01839086914063,1
2017,6,1,18,15,6.82427490234375,1
2017,6,1,18,15,8.63023583984375,1
2017,6,1,18,15,10.4359428710938,1
2017,6,1,18,15,12.2418920898438,1
2017,6,1,18,15,14.0477141113281,1
2017,6,1,18,15,15.853462890625,1
2017,6,1,18,15,17.6592651367188,1
2017,6,1,18,15,19.4651630859375,1
2017,6,1,18,15,21.2708708496094,1
2017,6,1,18,15,23.0767351074219,1
2017,6,1,18,15,24.8826179199219,1
2017,6,1,18,15,26.6883559570312,1
2017,6,1,18,15,28.4941879882813,1
2017,6,1,18,15,30.300203125,1
2017,6,1,18,15,32.1061821289062,1
2017,6,1,18,15,33.9118601074219,1
2017,6,1,18,15,35.7178298339844,1
2017,6,1,18,15,37.5235268554688,1
2017,6,1,18,15,39.3293850097656,1
2017,6,1,18,15,41.1351062011719,1
2017,6,1,18,15,42.9409521484375,1
2017,6,1,18,15,44.7467390136719,1
2017,6,1,18,15,46.5525229492187,1
2017,6,1,18,15,48.3583291015625,1
2017,6,1,18,15,50.1640710449219,1
2017,6,1,18,15,51.9699799804688,1
2017,6,1,18,15,53.7759340820312,1
2017,6,1,18,15,55.5817758789062,1
2017,6,1,18,15,57.3874650878906,1
2017,6,1,18,15,59.1934379882812,1
2017,6,1,18,16,0.99931396484375,1
2017,6,1,18,16,2.80502880859375,1
2017,6,1,18,16,4.61104809570312,1
2017,6,1,18,16,6.41690991210938,1
2017,6,1,18,16,8.2226201171875,1
2017,6,1,18,16,10.0284987792969,1
2017,6,1,18,16,11.8344431152344,1
2017,6,1,18,16,13.6402690429688,1
2017,6,1,18,16,15.4460148925781,1
2017,6,1,18,16,17.2518940429688,1
2017,6,1,18,16,19.0577719726563,1
2017,6,1,18,16,20.8634750976562,1
2017,6,1,18,16,22.6691799316406,1
2017,6,1,18,16,24.4748881835938,1
2017,6,1,18,16,26.2806059570312,1
2017,6,1,18,16,28.0864228515625,1
2017,6,1,18,16,29.8921630859375,1
2017,6,1,18,16,31.6978818359375,1
2017,6,1,18,16,33.5037600097656,1
2017,6,1,18,16,35.30962890625,1
2017,6,1,18,16,37.1153649902344,1
2017,6,1,18,16,38.9211809082031,1
2017,6,1,18,16,40.7269790039063,1
2017,6,1,18,16,42.5328820800781,1
2017,6,1,18,16,44.338830078125,1
2017,6,1,18,16,46.1445361328125,1
2017,6,1,18,16,47.9504440917969,1
2017,6,1,18,16,49.7561359863281,1
2017,6,1,18,16,51.5621960449219,1
2017,6,1,18,16,53.3679357910156,1
2017,6,1,18,16,55.1737280273437,1
2017,6,1,18,16,56.9794650878906,1
2017,6,1,18,16,58.785419921875,1
2017,6,1,18,17,0.591231201171875,1
2017,6,1,18,17,2.39708081054687,1
2017,6,1,18,17,4.20303515625,1
2017,6,1,18,17,6.00877490234375,1
2017,6,1,18,17,7.8147060546875,1
2017,6,1,18,17,9.62039086914062,1
2017,6,1,18,17,11.4262531738281,1
2017,6,1,18,17,13.2321340332031,1
2017,6,1,18,17,15.0380607910156,1
2017,6,1,18,17,16.8439050292969,1
2017,6,1,18,17,18.64971484375,1
2017,6,1,18,17,20.4554890136719,1
2017,6,1,18,17,22.2641611328125,1
2017,6,1,18,17,24.0698708496094,1
2017,6,1,18,17,25.8758220214844,1
2017,6,1,18,17,27.681587890625,1
2017,6,1,18,17,29.4873681640625,1
2017,6,1,18,17,31.2932797851563,1
2017,6,1,18,17,33.0988779296875,1
2017,6,1,18,17,34.9048239746094,1
2017,6,1,18,17,36.7107619628906,1
2017,6,1,18,17,38.5165520019531,1
2017,6,1,18,17,40.3223669433594,1
2017,6,1,18,17,42.1282429199219,1
2017,6,1,18,17,43.9341530761719,1
2017,6,1,18,17,45.7398510742187,1
2017,6,1,18,17,47.5456369628906,1
2017,6,1,18,17,49.3513540039063,1
2017,6,1,18,17,51.1573049316406,1
2017,6,1,18,17,52.9630261230469,1
2017,6,1,18,17,54.7688269042969,1
2017,6,1,18,17,56.5747458496094,1
2017,6,1,18,17,58.3804951171875,0
2017,6,1,18,18,0.186244873046875,0
2017,6,1,18,18,1.99218383789063,0
2017,6,1,18,18,3.79789501953125,0
2017,6,1,18,18,5.60393603515625,0
2017,6,1,18,18,7.4097978515625,0
2017,6,1,18,18,9.21563598632813,0
2017,6,1,18,18,11.0214389648437,0
2017,6,1,18,18,12.8271589355469,0
2017,6,1,18,18,14.6328608398437,0
2017,6,1,18,18,16.438623046875,0
2017,6,1,18,18,18.2463969726562,0
2017,6,1,18,21,21.2355229492188,1
2017,6,1,18,21,23.2110720214844,1
2017,6,1,18,21,25.2150358886719,1
2017,6,1,18,21,27.3488400878906,1
2017,6,1,18,21,29.212455078125,1
2017,6,1,18,21,31.2112141113281,1
2017,6,1,18,21,33.2076140136719,1
2017,6,1,18,21,35.0133818359375,1
2017,6,1,18,21,36.8922160644531,1
2017,6,1,18,21,38.7265920410156,1
2017,6,1,18,21,40.6418449707031,1
2017,6,1,18,21,42.5353811035156,1
2017,6,1,18,21,44.4015141601563,1
2017,6,1,18,21,46.2216520996094,1
2017,6,1,18,21,48.0624509277344,1
2017,6,1,18,21,49.9203249511719,1
2017,6,1,18,21,51.7477541503906,1
2017,6,1,18,21,53.6118740234375,1
2017,6,1,18,21,55.4176809082031,1
2017,6,1,18,21,57.2383969726562,1
2017,6,1,18,21,59.2485,1
2017,6,1,18,22,1.2223330078125,1
2017,6,1,18,22,3.31215185546875,1
2017,6,1,18,22,5.2323388671875,1
2017,6,1,18,22,7.40282690429687,1
2017,6,1,18,22,9.20873315429687,1
2017,6,1,18,22,11.0733249511719,1
2017,6,1,18,22,12.88545703125,1
2017,6,1,18,22,14.7360529785156,1
2017,6,1,18,22,16.677630859375,1
2017,6,1,18,22,18.4835441894531,1
2017,6,1,18,22,20.3229699707031,1
2017,6,1,18,22,22.2584289550781,1
2017,6,1,18,22,24.2328569335938,1
2017,6,1,18,22,26.2333520507812,1
2017,6,1,18,22,28.3983020019531,1
2017,6,1,18,22,30.2433129882813,1
2017,6,1,18,22,32.4561528320313,1
2017,6,1,18,22,34.2723500976563,1
2017,6,1,18,22,36.0781459960938,1
2017,6,1,18,22,38.0108298339844,1
2017,6,1,18,22,39.97775,1
2017,6,1,18,22,42.1892841796875,1
2017,6,1,18,22,43.9951999511719,1
2017,6,1,18,22,45.8635229492187,1
2017,6,1,18,22,47.7873571777344,1
2017,6,1,18,22,49.5957099609375,1
2017,6,1,18,22,51.6122729492187,1
2017,6,1,18,22,53.4181640625,1
2017,6,1,18,22,55.2916611328125,1
2017,6,1,18,22,57.422041015625,1
2017,6,1,18,22,59.4113801269531,1
2017,6,1,18,23,1.25410009765625,1
2017,6,1,18,23,3.09974194335937,1
2017,6,1,18,23,4.90559106445312,1
2017,6,1,18,23,6.92402197265625,1
2017,6,1,18,23,8.7299599609375,1
2017,6,1,18,23,10.6342729492188,1
2017,6,1,18,23,12.7482290039062,1
2017,6,1,18,23,14.6143249511719,1
2017,6,1,18,23,16.7295400390625,1
2017,6,1,18,23,18.5945041503906,1
2017,6,1,18,23,20.4493120117187,1
2017,6,1,18,23,22.2844240722656,1
2017,6,1,18,23,24.0901369628906,1
2017,6,1,18,23,25.8960791015625,1
2017,6,1,18,23,27.7018088378906,1
2017,6,1,18,23,29.5076220703125,1
2017,6,1,18,23,31.3135690917969,1
2017,6,1,18,23,33.1192729492187,1
2017,6,1,18,23,34.9250180664063,1
2017,6,1,18,23,36.7309838867187,1
2017,6,1,18,23,38.5366630859375,1
2017,6,1,18,23,40.3425578613281,1
2017,6,1,18,23,42.1484389648437,1
2017,6,1,18,23,43.9552209472656,1
2017,6,1,18,23,45.7602329101562,1
2017,6,1,18,23,47.5660600585937,1
2017,6,1,18,23,49.3718840332031,1
2017,6,1,18,23,51.1778569335938,1
2017,6,1,18,23,52.9838271484375,1
2017,6,1,18,23,54.789708984375,1
2017,6,1,18,23,56.5956079101562,1
2017,6,1,18,23,58.4013359375,1
2017,6,1,18,24,0.207214111328125,1
2017,6,1,18,24,2.01313793945313,1
2017,6,1,18,24,3.81882495117187,1
2017,6,1,18,24,5.62476611328125,1
2017,6,1,18,24,7.430576171875,1
2017,6,1,18,24,9.23652099609375,1
2017,6,1,18,24,11.0422109375,1
2017,6,1,18,24,12.8480571289062,1
2017,6,1,18,24,14.6537639160156,1
2017,6,1,18,24,16.4595087890625,1
2017,6,1,18,24,18.2654870605469,1
2017,6,1,18,24,20.0708979492188,1
2017,6,1,18,24,21.8766911621094,1
2017,6,1,18,24,23.682591796875,1
2017,6,1,18,24,25.4885170898438,1
2017,6,1,18,24,27.294333984375,1
2017,6,1,18,24,29.1002331542969,1
2017,6,1,18,24,30.9061220703125,1
2017,6,1,18,24,32.7119890136719,1
2017,6,1,18,24,34.5177668457031,1
2017,6,1,18,24,36.323458984375,1
2017,6,1,18,24,38.129216796875,1
2017,6,1,18,24,39.934951171875,1
2017,6,1,18,24,41.740708984375,1
2017,6,1,18,24,43.54662109375,1
2017,6,1,18,24,45.3523081054688,1
2017,6,1,18,24,47.1580451660156,1
2017,6,1,18,24,48.9639968261719,1
2017,6,1,18,24,50.7698540039062,1
2017,6,1,18,24,52.5758259277344,1
2017,6,1,18,24,54.3815578613281,1
2017,6,1,18,24,56.1873269042969,1
2017,6,1,18,24,57.9931540527344,1
2017,6,1,18,24,59.7990461425781,1
2017,6,1,18,25,1.6048759765625,1
2017,6,1,18,25,3.4105888671875,1
2017,6,1,18,25,5.21626806640625,1
2017,6,1,18,25,7.022173828125,1
2017,6,1,18,25,8.82788598632813,1
2017,6,1,18,25,10.6337309570313,1
2017,6,1,18,25,12.4394169921875,1
2017,6,1,18,25,14.2453078613281,1
2017,6,1,18,25,16.0511000976562,1
2017,6,1,18,25,17.8569580078125,1
2017,6,1,18,25,19.6625891113281,1
2017,6,1,18,25,21.4683071289063,1
2017,6,1,18,25,23.2742331542969,1
2017,6,1,18,25,25.07995703125,1
2017,6,1,18,25,26.8856918945312,1
2017,6,1,18,25,28.69158203125,1
2017,6,1,18,25,30.4976770019531,1
2017,6,1,18,25,32.3035249023438,1
2017,6,1,18,25,34.1092199707031,1
2017,6,1,18,25,35.9150510253906,1
2017,6,1,18,25,37.7208669433594,1
2017,6,1,18,25,39.5266918945312,1
2017,6,1,18,25,41.332369140625,1
2017,6,1,18,25,43.1381330566406,1
2017,6,1,18,25,44.9439050292969,1
2017,6,1,18,25,46.7497570800781,1
2017,6,1,18,25,48.5554558105469,1
2017,6,1,18,25,50.3611960449219,1
2017,6,1,18,25,52.1671418457031,1
2017,6,1,18,25,53.9730549316406,1
2017,6,1,18,25,55.77875,1
2017,6,1,18,25,57.5845239257812,1
2017,6,1,18,25,59.3902819824219,1
2017,6,1,18,26,1.19613598632812,1
2017,6,1,18,26,3.00207006835937,1
2017,6,1,18,26,4.80963793945313,1
2017,6,1,18,26,6.6134990234375,1
2017,6,1,18,26,8.41942504882812,1
2017,6,1,18,26,10.2257800292969,1
2017,6,1,18,26,12.0311579589844,1
2017,6,1,18,26,13.8370690917969,1
2017,6,1,18,26,15.6428649902344,1
2017,6,1,18,26,17.4486611328125,1
2017,6,1,18,26,19.2545310058594,1
2017,6,1,18,26,21.06028515625,1
2017,6,1,18,26,22.86608203125,1
2017,6,1,18,26,24.671875,1
2017,6,1,18,26,26.4775659179688,1
2017,6,1,18,26,28.2833171386719,1
2017,6,1,18,26,30.089205078125,1
2017,6,1,18,26,31.8951098632812,1
2017,6,1,18,26,33.7010788574219,1
2017,6,1,18,26,35.506876953125,1
2017,6,1,18,26,37.3127189941406,1
2017,6,1,18,26,39.1186010742188,1
2017,6,1,18,26,40.9244870605469,1
2017,6,1,18,26,42.7304321289063,1
2017,6,1,18,26,44.5361928710938,1
2017,6,1,18,26,46.3421350097656,1
2017,6,1,18,26,48.1480319824219,1
2017,6,1,18,26,49.9538859863281,1
2017,6,1,18,26,51.7597590332031,1
2017,6,1,18,26,53.5656730957031,1
2017,6,1,18,26,55.371630859375,1
2017,6,1,18,26,57.177419921875,1
2017,6,1,18,26,58.9831760253906,1
2017,6,1,18,27,0.789114990234375,1
2017,6,1,18,27,2.60093994140625,1
2017,6,1,18,27,4.40664184570312,1
2017,6,1,18,27,6.21247094726562,1
2017,6,1,18,27,8.01815283203125,1
2017,6,1,18,27,9.8239169921875,1
2017,6,1,18,27,11.6298688964844,1
2017,6,1,18,27,13.4355549316406,1
2017,6,1,18,27,15.2414328613281,1
2017,6,1,18,27,17.0473859863281,1
2017,6,1,18,27,18.8533349609375,1
2017,6,1,18,27,20.65925,1
2017,6,1,18,27,22.4649680175781,1
2017,6,1,18,27,24.2708559570313,1
2017,6,1,18,27,26.0767451171875,1
2017,6,1,18,27,27.8826979980469,1
2017,6,1,18,27,29.6885568847656,1
2017,6,1,18,27,31.4945119628906,1
2017,6,1,18,27,33.3004538574219,1
2017,6,1,18,27,35.1063898925781,1
2017,6,1,18,27,36.9121950683594,1
2017,6,1,18,27,38.7179528808594,1
2017,6,1,18,27,40.523876953125,1
2017,6,1,18,27,42.3298471679688,1
2017,6,1,18,27,44.1355930175781,1
2017,6,1,18,27,45.9420419921875,1
2017,6,1,18,27,47.7479970703125,1
2017,6,1,18,27,49.5537280273438,1
2017,6,1,18,27,51.359669921875,1
2017,6,1,18,27,53.16554296875,1
2017,6,1,18,27,54.9715500488281,1
2017,6,1,18,27,56.7774108886719,1
2017,6,1,18,27,58.5833408203125,1
2017,6,1,18,28,0.38918994140625,1
2017,6,1,18,28,2.19503686523437,1
2017,6,1,18,28,4.00072290039062,1
2017,6,1,18,28,5.806541015625,1
2017,6,1,18,28,7.61251098632813,1
2017,6,1,18,28,9.418376953125,1
2017,6,1,18,28,11.2240769042969,1
2017,6,1,18,28,13.029828125,1
2017,6,1,18,28,14.8356740722656,1
2017,6,1,18,28,16.6416489257813,1
2017,6,1,18,28,18.4473317871094,1
2017,6,1,18,28,20.2531130371094,1
2017,6,1,18,28,22.0589040527344,1
2017,6,1,18,28,23.8646149902344,1
2017,6,1,18,28,25.6705329589844,1
2017,6,1,18,28,27.4828950195312,1
2017,6,1,18,28,29.2887600097656,1
2017,6,1,18,28,31.094666015625,1
2017,6,1,18,28,32.9005129394531,1
2017,6,1,18,28,34.7063889160156,1
2017,6,1,18,28,36.5124040527344,1
2017,6,1,18,28,38.3182600097656,1
2017,6,1,18,28,40.124,1
2017,6,1,18,28,41.9298540039063,1
2017,6,1,18,28,43.73575390625,1
2017,6,1,18,28,45.5415070800781,1
2017,6,1,18,28,47.3474360351562,1
2017,6,1,18,28,49.1532878417969,1
2017,6,1,18,28,50.9590209960937,1
2017,6,1,18,28,52.7649099121094,1
2017,6,1,18,28,54.5708908691406,1
2017,6,1,18,28,56.3766040039063,1
2017,6,1,18,28,58.1826860351563,1
2017,6,1,18,28,59.9883620605469,1
2017,6,1,18,29,1.7942861328125,1
2017,6,1,18,29,3.60019116210937,1
2017,6,1,18,29,5.40615209960937,1
2017,6,1,18,29,7.21201196289063,1
2017,6,1,18,29,9.01784887695312,1
2017,6,1,18,29,10.8237009277344,1
2017,6,1,18,29,12.6296201171875,1
2017,6,1,18,29,14.4353630371094,1
2017,6,1,18,29,16.2413229980469,1
2017,6,1,18,29,18.0471560058594,1
2017,6,1,18,29,19.8530778808594,1
2017,6,1,18,29,21.6589379882812,1
2017,6,1,18,29,23.4648530273438,1
2017,6,1,18,29,25.2706311035156,1
2017,6,1,18,29,27.0764670410156,1
2017,6,1,18,29,28.88225390625,1
2017,6,1,18,29,30.688169921875,1
2017,6,1,18,29,32.4941169433594,1
2017,6,1,18,29,34.3000090332031,1
2017,6,1,18,29,36.1057529296875,1
2017,6,1,18,29,37.9114689941406,1
2017,6,1,18,29,39.7172470703125,1
2017,6,1,18,29,41.5231608886719,1
2017,6,1,18,29,43.3290258789063,1
2017,6,1,18,29,45.1348801269531,1
2017,6,1,18,29,46.9406970214844,1
2017,6,1,18,29,48.7466062011719,1
2017,6,1,18,29,50.5524541015625,1
2017,6,1,18,29,52.3650319824219,1
2017,6,1,18,29,54.1709230957031,1
2017,6,1,18,29,55.9767858886719,1
2017,6,1,18,29,57.7825788574219,1
2017,6,1,18,29,59.5885100097656,1
2017,6,1,18,30,1.39439111328125,1
2017,6,1,18,30,3.20023901367188,1
2017,6,1,18,30,5.00597192382812,1
2017,6,1,18,30,6.81192993164063,1
2017,6,1,18,30,8.6177490234375,1
2017,6,1,18,30,10.4234978027344,1
2017,6,1,18,30,12.2293559570313,1
2017,6,1,18,30,14.0352312011719,1
2017,6,1,18,30,15.8409899902344,1
2017,6,1,18,30,17.6466970214844,1
2017,6,1,18,30,19.4526340332031,1
2017,6,1,18,30,21.2584650878906,1
2017,6,1,18,30,23.0642038574219,1
2017,6,1,18,30,24.8700480957031,1
2017,6,1,18,30,26.67578515625,1
2017,6,1,18,30,28.4817221679688,1
2017,6,1,18,30,30.2876079101563,1
2017,6,1,18,30,32.0933581542969,1
2017,6,1,18,30,33.899169921875,1
2017,6,1,18,30,35.7051379394531,1
2017,6,1,18,30,37.5109670410156,1
2017,6,1,18,30,39.3172351074219,1
2017,6,1,18,30,41.1229870605469,1
2017,6,1,18,30,42.928666015625,1
2017,6,1,18,30,44.7344289550781,1
2017,6,1,18,30,46.5403781738281,1
2017,6,1,18,30,48.3461879882813,1
2017,6,1,18,30,50.1521511230469,1
2017,6,1,18,30,51.9578259277344,1
2017,6,1,18,30,53.76366796875,1
2017,6,1,18,30,55.5695139160156,1
2017,6,1,18,30,57.3753408203125,1
2017,6,1,18,30,59.1808850097656,1
2017,6,1,18,31,0.986843017578125,1
2017,6,1,18,31,2.792748046875,1
2017,6,1,18,31,4.59842407226563,1
2017,6,1,18,31,6.40419409179688,1
2017,6,1,18,31,8.21001098632813,1
2017,6,1,18,31,10.0158610839844,1
2017,6,1,18,31,11.8214899902344,1
2017,6,1,18,31,13.6272709960938,1
2017,6,1,18,31,15.4332060546875,1
2017,6,1,18,31,17.2390720214844,1
2017,6,1,18,31,19.0449150390625,1
2017,6,1,18,31,20.8506240234375,1
2017,6,1,18,31,22.65655078125,1
2017,6,1,18,31,24.4622290039062,1
2017,6,1,18,31,26.2680791015625,1
2017,6,1,18,31,28.0738640136719,1
2017,6,1,18,31,29.8798000488281,1
2017,6,1,18,31,31.6854780273437,1
2017,6,1,18,31,33.4912600097656,1
2017,6,1,18,31,35.29699609375,1
2017,6,1,18,31,37.102744140625,1
2017,6,1,18,31,38.9085769042969,1
2017,6,1,18,31,40.7144821777344,1
2017,6,1,18,31,42.5204360351563,1
2017,6,1,18,31,44.3262788085937,1
2017,6,1,18,31,46.1321179199219,1
2017,6,1,18,31,47.93779296875,1
2017,6,1,18,31,49.7435100097656,1
2017,6,1,18,31,51.5492709960938,1
2017,6,1,18,31,53.3551040039062,1
2017,6,1,18,31,55.1609389648438,1
2017,6,1,18,31,56.9668720703125,1
2017,6,1,18,31,58.7726840820312,1
2017,6,1,18,32,0.57839111328125,1
2017,6,1,18,32,2.38493994140625,1
2017,6,1,18,32,4.19061401367188,1
2017,6,1,18,32,5.996541015625,1
2017,6,1,18,32,7.80236206054687,1
2017,6,1,18,32,9.60827001953125,1
2017,6,1,18,32,11.4141508789063,1
2017,6,1,18,32,13.2199079589844,1
2017,6,1,18,32,15.0256259765625,1
2017,6,1,18,32,16.8390739746094,1
2017,6,1,18,32,18.6449001464844,1
2017,6,1,18,32,20.4505788574219,1
2017,6,1,18,32,22.2563801269531,1
2017,6,1,18,32,24.0622038574219,1
2017,6,1,18,32,25.8681330566406,1
2017,6,1,18,32,27.6740029296875,1
2017,6,1,18,32,29.4798181152344,1
2017,6,1,18,32,31.2854890136719,1
2017,6,1,18,32,33.0913920898438,1
2017,6,1,18,32,34.8970759277344,1
2017,6,1,18,32,36.7027868652344,1
2017,6,1,18,32,38.5084619140625,1
2017,6,1,18,32,40.3144108886719,1
2017,6,1,18,32,42.1201979980469,1
2017,6,1,18,32,43.9258771972656,1
2017,6,1,18,32,45.7315668945312,1
2017,6,1,18,32,47.5373271484375,1
2017,6,1,18,32,49.3432331542969,1
2017,6,1,18,32,51.1489018554688,1
2017,6,1,18,32,52.9546198730469,1
2017,6,1,18,32,54.760587890625,1
2017,6,1,18,32,56.5663420410156,1
2017,6,1,18,32,58.3722661132812,1
2017,6,1,18,33,0.178054931640625,1
2017,6,1,18,33,1.98379296875,1
2017,6,1,18,33,3.78948681640625,1
2017,6,1,18,33,5.59537280273438,1
2017,6,1,18,33,7.40113305664063,1
2017,6,1,18,33,9.20707885742187,1
2017,6,1,18,33,11.0127619628906,1
2017,6,1,18,33,12.8184370117187,1
2017,6,1,18,33,14.6242360839844,1
2017,6,1,18,33,16.42991796875,1
2017,6,1,18,33,18.2358459472656,1
2017,6,1,18,33,20.0415200195313,1
2017,6,1,18,33,21.8472180175781,1
2017,6,1,18,33,23.6528950195313,1
2017,6,1,18,33,25.4587790527344,1
2017,6,1,18,33,27.2646821289063,1
2017,6,1,18,33,29.0705258789062,1
2017,6,1,18,33,30.8762709960938,1
2017,6,1,18,33,32.6822158203125,1
2017,6,1,18,33,34.4881120605469,1
2017,6,1,18,33,36.2938869628906,1
2017,6,1,18,33,38.0997180175781,1
2017,6,1,18,33,39.9055480957031,1
2017,6,1,18,33,41.7211169433594,1
2017,6,1,18,33,43.5269812011719,1
2017,6,1,18,33,45.3328220214844,1
2017,6,1,18,33,47.1387629394531,1
2017,6,1,18,33,48.9446818847656,1
2017,6,1,18,33,50.7505888671875,1
2017,6,1,18,33,52.5563330078125,1
2017,6,1,18,33,54.3620610351563,1
2017,6,1,18,33,56.1679411621094,1
2017,6,1,18,33,57.9738029785156,1
2017,6,1,18,33,59.7795178222656,1
2017,6,1,18,34,1.58535498046875,1
2017,6,1,18,34,3.39131176757813,1
2017,6,1,18,34,5.1971240234375,1
2017,6,1,18,34,7.0029951171875,1
2017,6,1,18,34,8.80866918945313,1
2017,6,1,18,34,10.614494140625,1
2017,6,1,18,34,12.4204140625,1
2017,6,1,18,34,14.2262380371094,1
2017,6,1,18,34,16.0319250488281,1
2017,6,1,18,34,17.8377221679687,1
2017,6,1,18,34,19.6434150390625,1
2017,6,1,18,34,21.449375,1
2017,6,1,18,34,23.2553129882813,1
2017,6,1,18,34,25.0613168945312,1
2017,6,1,18,34,26.8672690429688,1
2017,6,1,18,34,28.6730361328125,1
2017,6,1,18,34,30.4787590332031,1
2017,6,1,18,34,32.2846979980469,1
2017,6,1,18,34,34.090578125,1
2017,6,1,18,34,35.8964118652344,1
2017,6,1,18,34,37.7021420898437,1
2017,6,1,18,34,39.5080549316406,1
2017,6,1,18,34,41.3139790039062,1
2017,6,1,18,34,43.1196730957031,1
2017,6,1,18,34,44.9255559082031,1
2017,6,1,18,34,46.7314899902344,1
2017,6,1,18,34,48.537458984375,1
2017,6,1,18,34,50.3431311035156,1
2017,6,1,18,34,52.1489069824219,1
2017,6,1,18,34,53.9548271484375,1
2017,6,1,18,34,55.760666015625,1
2017,6,1,18,34,57.5665988769531,1
2017,6,1,18,34,59.3725729980469,1
2017,6,1,18,35,1.17852099609375,1
2017,6,1,18,35,2.984244140625,1
2017,6,1,18,35,4.79016088867187,1
2017,6,1,18,35,6.60293090820312,1
2017,6,1,18,35,8.4087490234375,1
2017,6,1,18,35,10.2144211425781,1
2017,6,1,18,35,12.0201608886719,1
2017,6,1,18,35,13.8258569335937,1
2017,6,1,18,35,15.6315998535156,1
2017,6,1,18,35,17.4373159179687,1
2017,6,1,18,35,19.2431589355469,1
2017,6,1,18,35,21.0490041503906,1
2017,6,1,18,35,22.8546791992188,1
2017,6,1,18,35,24.6604650878906,1
2017,6,1,18,35,26.4662739257812,1
2017,6,1,18,35,28.2721879882812,1
2017,6,1,18,35,30.0777600097656,1
2017,6,1,18,35,31.8835349121094,1
2017,6,1,18,35,33.6931008300781,1
2017,6,1,18,35,35.4953310546875,1
2017,6,1,18,35,37.3012719726563,1
2017,6,1,18,35,39.1069760742187,1
2017,6,1,18,35,40.9129240722656,1
2017,6,1,18,35,42.7187080078125,1
2017,6,1,18,35,44.5245380859375,1
2017,6,1,18,35,46.3304279785156,1
2017,6,1,18,35,48.1363361816406,1
2017,6,1,18,35,49.9422231445312,1
2017,6,1,18,35,51.7479750976563,1
2017,6,1,18,35,53.5538029785156,1
2017,6,1,18,35,55.3595939941406,1
2017,6,1,18,35,57.1653120117187,1
2017,6,1,18,35,58.9710949707031,1
2017,6,1,18,36,0.77680615234375,1
2017,6,1,18,36,2.58260595703125,1
2017,6,1,18,36,4.38842016601563,1
2017,6,1,18,36,6.19431396484375,1
2017,6,1,18,36,8.0001279296875,1
2017,6,1,18,36,9.80590014648437,1
2017,6,1,18,36,11.6116281738281,1
2017,6,1,18,36,13.4174348144531,1
2017,6,1,18,36,15.2235051269531,1
2017,6,1,18,36,17.0292639160156,1
2017,6,1,18,36,18.8358801269531,0
2017,6,1,18,36,20.6417780761719,0
2017,6,1,18,36,22.44758203125,0
2017,6,1,18,36,24.2540009765625,0
2017,6,1,18,36,26.0594399414063,0
2017,6,1,18,36,27.8651928710938,0
2017,6,1,18,36,29.6708901367188,0
2017,6,1,18,36,31.4853000488281,0
2017,6,1,18,36,33.2911369628906,0
2017,6,1,18,36,35.0968679199219,0
2017,6,1,18,36,36.9026811523438,0
2017,6,1,18,36,38.7085380859375,0
2017,6,1,18,36,40.5144990234375,0
2017,6,1,18,36,42.3204509277344,0
2017,6,1,18,36,44.1264040527344,0
2017,6,1,18,36,45.932208984375,0
2017,6,1,18,36,47.7379150390625,0
2017,6,1,18,36,49.5436831054688,0
2017,6,1,18,36,51.3494001464844,0
2017,6,1,18,36,53.1554470214844,0
2017,6,1,18,36,54.9611599121094,0
2017,6,1,18,36,56.7669250488281,0
2017,6,1,18,36,58.5726379394531,0
2017,6,1,18,37,0.378463134765625,1
2017,6,1,18,37,2.18421606445312,1
2017,6,1,18,37,3.9899599609375,1
2017,6,1,18,37,5.79577392578125,1
2017,6,1,18,37,7.60148999023438,1
2017,6,1,18,37,9.40727807617188,1
2017,6,1,18,37,11.2130649414062,1
2017,6,1,18,37,13.0190239257812,1
2017,6,1,18,37,14.825041015625,1
2017,6,1,18,37,16.6309079589844,1
2017,6,1,18,37,18.4366149902344,1
2017,6,1,18,37,20.2423059082031,1
2017,6,1,18,37,22.0481638183594,1
2017,6,1,18,37,23.8538779296875,1
2017,6,1,18,37,25.6596079101563,1
2017,6,1,18,37,27.4656701660156,1
2017,6,1,18,37,29.2714340820312,1
2017,6,1,18,37,31.0772121582031,1
2017,6,1,18,37,32.8831040039062,1
2017,6,1,18,37,34.6888659667969,1
2017,6,1,18,37,36.4945720214844,1
2017,6,1,18,37,38.3002829589844,1
2017,6,1,18,37,40.106216796875,1
2017,6,1,18,37,41.9121279296875,1
2017,6,1,18,37,43.7179091796875,1
2017,6,1,18,37,45.5238581542969,1
2017,6,1,18,37,47.3297490234375,1
2017,6,1,18,37,49.1354438476562,1
2017,6,1,18,37,50.9413681640625,1
2017,6,1,18,37,52.7473249511719,1
2017,6,1,18,37,54.553087890625,1
2017,6,1,18,37,56.3675791015625,1
2017,6,1,18,37,58.173548828125,1
2017,6,1,18,37,59.979330078125,1
2017,6,1,18,38,1.78510083007813,1
2017,6,1,18,38,3.59093310546875,1
2017,6,1,18,38,5.39685107421875,1
2017,6,1,18,38,7.2027138671875,1
2017,6,1,18,38,9.01381494140625,1
2017,6,1,18,38,10.8194931640625,1
2017,6,1,18,38,12.6252629394531,1
2017,6,1,18,38,14.4311398925781,1
2017,6,1,18,38,16.2371530761719,1
2017,6,1,18,38,18.0429658203125,1
2017,6,1,18,38,19.8487019042969,1
2017,6,1,18,38,21.6544599609375,1
2017,6,1,18,38,23.46025390625,1
2017,6,1,18,38,25.2659741210937,1
2017,6,1,18,38,27.0719040527344,1
2017,6,1,18,38,28.877787109375,1
2017,6,1,18,38,30.6836291503906,1
2017,6,1,18,38,32.4893239746094,1
2017,6,1,18,38,34.2951108398438,1
2017,6,1,18,38,36.1009619140625,1
2017,6,1,18,38,37.9068811035156,1
2017,6,1,18,38,39.7126850585937,1
2017,6,1,18,38,41.5184851074219,1
2017,6,1,18,38,43.3242299804688,1
2017,6,1,18,38,45.1301501464844,1
2017,6,1,18,38,46.9360051269531,1
2017,6,1,18,38,48.7417741699219,1
2017,6,1,18,38,50.5477468261719,1
2017,6,1,18,38,52.3536469726563,1
2017,6,1,18,38,54.15962109375,1
2017,6,1,18,38,55.9653288574219,1
2017,6,1,18,38,57.7712568359375,1
2017,6,1,18,38,59.5771240234375,1
2017,6,1,18,39,1.38284399414062,1
2017,6,1,18,39,3.188587890625,1
2017,6,1,18,39,4.99426391601563,1
2017,6,1,18,39,6.800162109375,1
2017,6,1,18,39,8.60599487304687,1
2017,6,1,18,39,10.4119311523437,1
2017,6,1,18,39,12.2176320800781,1
2017,6,1,18,39,14.0236069335938,1
2017,6,1,18,39,15.8293459472656,1
2017,6,1,18,39,17.6352780761719,1
2017,6,1,18,39,19.4410109863281,1
2017,6,1,18,39,21.2469548339844,1
2017,6,1,18,39,23.0528850097656,1
2017,6,1,18,39,24.8594140625,1
2017,6,1,18,39,26.6652429199219,1
2017,6,1,18,39,28.4711088867187,1
2017,6,1,18,39,30.2768449707031,1
2017,6,1,18,39,32.0827270507813,1
2017,6,1,18,39,33.889375,1
2017,6,1,18,39,35.6951120605469,1
2017,6,1,18,39,37.5009812011719,1
2017,6,1,18,39,39.3067219238281,1
2017,6,1,18,39,41.1126330566406,1
2017,6,1,18,39,42.9186860351562,1
2017,6,1,18,39,44.7243901367188,1
2017,6,1,18,39,46.5303581542969,1
2017,6,1,18,39,48.3366320800781,1
2017,6,1,18,39,50.1425510253906,1
2017,6,1,18,39,51.9483359375,1
2017,6,1,18,40,4.15665112304688,1
2017,6,1,18,40,5.96255297851562,1
2017,6,1,18,40,7.7684599609375,1
2017,6,1,18,40,9.5742490234375,1
2017,6,1,18,40,11.3804750976562,1
2017,6,1,18,40,13.2910380859375,1
2017,6,1,18,40,15.0968168945312,1
2017,6,1,18,40,16.9734868164063,1
2017,6,1,18,40,18.90032421875,1
2017,6,1,18,40,20.7102619628906,1
2017,6,1,18,40,22.7272150878906,1
2017,6,1,18,40,24.5329741210938,1
2017,6,1,18,40,26.4032399902344,1
2017,6,1,18,40,28.2905690917969,1
2017,6,1,18,40,30.2909470214844,1
2017,6,1,18,40,32.2459890136719,1
2017,6,1,18,40,34.051783203125,1
2017,6,1,18,40,36.0006540527344,1
2017,6,1,18,40,37.9892521972656,1
2017,6,1,18,40,39.9909311523437,1
2017,6,1,18,40,42.0281030273437,1
2017,6,1,18,40,43.9308381347656,1
2017,6,1,18,40,45.7365268554688,1
2017,6,1,18,40,47.8067861328125,1
2017,6,1,18,40,49.7028349609375,1
2017,6,1,18,40,51.7485290527344,1
2017,6,1,18,40,53.685958984375,1
2017,6,1,18,40,55.4992739257813,1
2017,6,1,18,40,57.3887451171875,1
2017,6,1,18,40,59.2608039550781,1
2017,6,1,18,41,1.066451171875,1
2017,6,1,18,41,2.96648608398437,1
2017,6,1,18,41,4.78310888671875,1
2017,6,1,18,41,6.884708984375,1
2017,6,1,18,41,8.72376000976563,1
2017,6,1,18,41,10.5435200195313,1
2017,6,1,18,41,12.3819428710938,1
2017,6,1,18,41,14.5366779785156,1
2017,6,1,18,41,16.3442099609375,1
2017,6,1,18,41,18.310669921875,1
2017,6,1,18,41,20.2920588378906,1
2017,6,1,18,41,22.3338649902344,1
2017,6,1,18,41,24.2361169433594,1
2017,6,1,18,41,26.043955078125,1
2017,6,1,18,41,28.0406989746094,1
2017,6,1,18,41,30.0088579101563,1
2017,6,1,18,41,31.9536469726563,1
2017,6,1,18,41,33.9158439941406,1
2017,6,1,18,41,35.7578178710937,1
2017,6,1,18,41,38.1198759765625,1
2017,6,1,18,41,39.9765610351563,1
2017,6,1,18,41,42.0382800292969,1
2017,6,1,18,41,43.85628515625,1
2017,6,1,18,41,45.662921875,1
2017,6,1,18,41,47.8353649902344,1
2017,6,1,18,41,49.6638898925781,1
2017,6,1,18,41,51.5448100585937,1
2017,6,1,18,41,53.4349289550781,1
2017,6,1,18,41,55.3331940917969,1
2017,6,1,18,41,57.1388950195312,1
2017,6,1,18,41,59.0270190429688,1
2017,6,1,18,42,1.02334399414063,1
2017,6,1,18,42,2.93359814453125,1
2017,6,1,18,42,4.78398291015625,1
2017,6,1,18,42,6.76971899414063,1
2017,6,1,18,42,8.6841708984375,1
2017,6,1,18,42,10.5060200195313,1
2017,6,1,18,42,12.3436337890625,1
2017,6,1,18,42,14.2311850585938,1
2017,6,1,18,42,16.0369479980469,1
2017,6,1,18,42,18.0437419433594,1
2017,6,1,18,42,20.0896188964844,1
2017,6,1,18,42,21.9946120605469,1
2017,6,1,18,42,23.9063972167969,1
2017,6,1,18,42,25.761169921875,1
2017,6,1,18,42,27.8286909179687,1
2017,6,1,18,42,29.7144858398437,1
2017,6,1,18,42,31.5463991699219,1
2017,6,1,18,42,33.3781950683594,1
2017,6,1,18,42,35.1969011230469,1
2017,6,1,18,42,37.1842199707031,1
2017,6,1,18,42,39.0861000976562,1
2017,6,1,18,42,40.9848488769531,1
2017,6,1,18,42,42.9291020507813,1
2017,6,1,18,42,44.8443679199219,1
2017,6,1,18,42,46.7816101074219,1
2017,6,1,18,42,48.5873669433594,1
2017,6,1,18,42,50.3930910644531,1
2017,6,1,18,42,52.3736921386719,1
2017,6,1,18,42,54.237041015625,1
2017,6,1,18,42,56.0427141113281,1
2017,6,1,18,42,57.9711760253906,1
2017,6,1,18,42,59.8035390625,1
2017,6,1,18,43,1.6734580078125,1
2017,6,1,18,43,3.482619140625,1
2017,6,1,18,43,5.355712890625,1
2017,6,1,18,43,7.56494897460937,1
2017,6,1,18,43,9.51360009765625,1
2017,6,1,18,43,11.7157531738281,1
2017,6,1,18,43,13.5509428710937,1
2017,6,1,18,43,15.356791015625,1
2017,6,1,18,43,17.3433620605469,1
2017,6,1,18,43,19.2438950195313,1
2017,6,1,18,43,21.0498129882812,1
2017,6,1,18,43,22.8557099609375,1
2017,6,1,18,43,24.7918879394531,1
2017,6,1,18,43,26.7115720214844,1
2017,6,1,18,43,28.5492529296875,1
2017,6,1,18,43,30.3664838867188,1
2017,6,1,18,43,32.4242490234375,1
2017,6,1,18,43,34.3667990722656,1
2017,6,1,18,43,36.1726589355469,1
2017,6,1,18,43,38.2520649414063,1
2017,6,1,18,43,40.1262280273437,1
2017,6,1,18,43,41.9678149414063,1
2017,6,1,18,43,43.8009938964844,1
2017,6,1,18,43,45.6178359375,1
2017,6,1,18,43,47.43916015625,1
2017,6,1,18,43,49.378158203125,1
2017,6,1,18,43,51.1932019042969,1
2017,6,1,18,43,53.071958984375,1
2017,6,1,18,43,54.9170749511719,1
2017,6,1,18,43,57.0917360839844,1
2017,6,1,18,43,59.0425729980469,1
2017,6,1,18,44,1.03722607421875,1
2017,6,1,18,44,3.0468359375,1
2017,6,1,18,44,4.993751953125,1
2017,6,1,18,44,6.79955419921875,1
2017,6,1,18,44,8.6161201171875,1
2017,6,1,18,44,10.4219670410156,1
2017,6,1,18,44,12.5287028808594,1
2017,6,1,18,44,14.3877329101563,1
2017,6,1,18,44,16.3797241210938,1
2017,6,1,18,44,18.1854938964844,1
2017,6,1,18,44,20.0282309570313,1
2017,6,1,18,44,22.0386091308594,1
2017,6,1,18,44,23.8527719726562,1
2017,6,1,18,44,25.952794921875,1
2017,6,1,18,44,27.822498046875,1
2017,6,1,18,44,29.6640388183594,1
2017,6,1,18,44,31.6214750976563,1
2017,6,1,18,44,33.5183310546875,1
2017,6,1,18,44,35.3988029785156,1
2017,6,1,18,44,37.2616689453125,1
2017,6,1,18,44,39.167455078125,1
2017,6,1,18,44,41.0692150878906,1
2017,6,1,18,44,42.8751850585938,1
2017,6,1,18,44,44.6810688476562,1
2017,6,1,18,44,46.4870031738281,1
2017,6,1,18,44,48.2927041015625,1
2017,6,1,18,44,50.0987548828125,1
2017,6,1,18,44,51.9045578613281,1
2017,6,1,18,44,53.7105251464844,1
2017,6,1,18,44,55.516251953125,1
2017,6,1,18,44,57.322212890625,1
2017,6,1,18,44,59.12804296875,1
2017,6,1,18,45,0.93397802734375,1
2017,6,1,18,45,2.73968920898437,1
2017,6,1,18,45,4.54547314453125,1
2017,6,1,18,45,6.35122607421875,1
2017,6,1,18,45,8.15696997070313,1
2017,6,1,18,45,9.96290576171875,1
2017,6,1,18,45,11.7688659667969,1
2017,6,1,18,45,13.5746860351562,0
2017,6,1,18,45,15.38058203125,0
2017,6,1,18,45,17.1865270996094,0
2017,6,1,18,45,18.9922758789062,0
2017,6,1,18,45,20.7981311035156,0
2017,6,1,18,45,22.6038120117188,0
2017,6,1,18,45,24.4097390136719,0
2017,6,1,18,45,26.2154680175781,0
2017,6,1,18,45,28.0212651367187,0
2017,6,1,18,45,29.8270180664063,0
2017,6,1,18,45,31.6326989746094,0
2017,6,1,18,45,33.4384799804687,0
2017,6,1,18,45,35.2443540039063,0
2017,6,1,18,45,37.0500339355469,0
2017,6,1,18,45,38.8558500976563,0
2017,6,1,18,45,40.6615190429687,0
2017,6,1,18,45,42.4676052246094,1
2017,6,1,18,45,44.2733549804688,1
2017,6,1,18,45,46.0791130371094,1
2017,6,1,18,45,47.8849321289063,1
2017,6,1,18,45,49.690828125,0
2017,6,1,18,45,51.4965600585938,0
2017,6,1,18,45,53.302248046875,0
2017,6,1,18,45,55.108169921875,0
2017,6,1,18,45,56.9140788574219,0
2017,6,1,18,45,58.7200939941406,1
2017,6,1,18,46,0.525873779296875,1
2017,6,1,18,46,2.33177709960938,1
2017,6,1,18,46,4.13756298828125,1
2017,6,1,18,46,5.94343090820313,1
2017,6,1,18,46,7.74921899414062,1
2017,6,1,18,46,9.55517700195312,1
2017,6,1,18,46,11.3610991210937,1
2017,6,1,18,46,13.1668479003906,1
2017,6,1,18,46,14.9727290039063,1
2017,6,1,18,46,16.7786928710937,1
2017,6,1,18,46,18.5844350585938,1
2017,6,1,18,46,20.3903911132813,1
2017,6,1,18,46,22.19604296875,1
2017,6,1,18,46,24.0102897949219,1
2017,6,1,18,46,25.816251953125,1
2017,6,1,18,46,27.62204296875,1
2017,6,1,18,46,29.4279389648438,1
2017,6,1,18,46,31.233841796875,1
2017,6,1,18,46,33.03975,1
2017,6,1,18,46,34.84566796875,1
2017,6,1,18,46,36.6515859375,1
2017,6,1,18,46,38.457333984375,1
2017,6,1,18,46,40.2630051269531,1
2017,6,1,18,46,42.0687409667969,1
2017,6,1,18,46,43.8745419921875,1
2017,6,1,18,46,45.6805051269531,1
2017,6,1,18,46,47.4861740722656,1
2017,6,1,18,46,49.2920671386719,1
2017,6,1,18,46,51.0979567871094,1
2017,6,1,18,46,52.9036391601563,1
2017,6,1,18,46,54.7093630371094,1
2017,6,1,18,46,56.5152700195313,1
2017,6,1,18,46,58.3210700683594,1
2017,6,1,18,47,0.12697705078125,1
2017,6,1,18,47,1.932921875,1
2017,6,1,18,47,3.73874584960938,1
2017,6,1,18,47,5.54464282226562,1
2017,6,1,18,47,7.3504169921875,1
2017,6,1,18,47,9.15636401367187,1
2017,6,1,18,47,10.9623972167969,1
2017,6,1,18,47,12.7681770019531,1
2017,6,1,18,47,14.5741340332031,1
2017,6,1,18,47,16.3799650878906,1
2017,6,1,18,47,18.1858930664063,1
2017,6,1,18,47,19.991623046875,1
2017,6,1,18,47,21.7975539550781,1
2017,6,1,18,47,23.603373046875,1
2017,6,1,18,47,25.4093151855469,1
2017,6,1,18,47,27.2151379394531,1
2017,6,1,18,47,29.0209770507813,1
2017,6,1,18,47,30.8267451171875,1
2017,6,1,18,47,32.632544921875,1
2017,6,1,18,47,34.4382729492187,1
2017,6,1,18,47,36.2440090332031,1
2017,6,1,18,47,38.04995703125,1
2017,6,1,18,47,39.8557060546875,1
2017,6,1,18,47,41.6613791503906,1
2017,6,1,18,47,43.4672839355469,1
2017,6,1,18,47,45.2739350585938,1
2017,6,1,18,47,47.0797939453125,1
2017,6,1,18,47,48.8856440429687,1
2017,6,1,18,47,50.6913608398438,1
2017,6,1,18,47,52.4970319824219,1
2017,6,1,18,47,54.3029321289062,1
2017,6,1,18,47,56.1085368652344,1
2017,6,1,18,47,57.9143259277344,1
2017,6,1,18,47,59.7201398925781,1
2017,6,1,18,48,1.52603881835938,1
2017,6,1,18,48,3.331748046875,1
2017,6,1,18,48,5.13760302734375,1
2017,6,1,18,48,6.94360205078125,1
2017,6,1,18,48,8.74948999023438,1
2017,6,1,18,48,10.5552399902344,1
2017,6,1,18,48,12.3610087890625,1
2017,6,1,18,48,14.1666828613281,1
2017,6,1,18,48,15.9724309082031,1
2017,6,1,18,48,17.7782619628906,1
2017,6,1,18,48,19.5842080078125,1
2017,6,1,18,48,21.3899409179688,1
2017,6,1,18,48,23.1956369628906,1
2017,6,1,18,48,25.0013798828125,1
2017,6,1,18,48,26.8073420410156,1
2017,6,1,18,48,28.6130590820312,1
2017,6,1,18,48,30.4187800292969,1
2017,6,1,18,48,32.2246599121094,1
2017,6,1,18,48,34.0303891601562,1
2017,6,1,18,48,35.8363181152344,1
2017,6,1,18,48,37.6421469726562,1
2017,6,1,18,48,39.4478740234375,1
2017,6,1,18,48,41.25362890625,1
2017,6,1,18,48,43.0593627929687,1
2017,6,1,18,48,44.8652829589844,1
2017,6,1,18,48,46.6709541015625,1
2017,6,1,18,48,48.4766950683594,1
2017,6,1,18,48,50.2824599609375,1
2017,6,1,18,48,52.0881818847656,1
2017,6,1,18,48,53.8940798339844,1
2017,6,1,18,48,55.7000109863281,1
2017,6,1,18,48,57.5056918945313,1
2017,6,1,18,48,59.3114609375,1
2017,6,1,18,49,1.11736499023437,1
2017,6,1,18,49,2.923166015625,1
2017,6,1,18,49,4.72899291992188,1
2017,6,1,18,49,6.53501806640625,1
2017,6,1,18,49,8.3409677734375,1
2017,6,1,18,49,10.1467680664062,1
2017,6,1,18,49,11.9524851074219,1
2017,6,1,18,49,13.7583488769531,1
2017,6,1,18,49,15.5641291503906,1
2017,6,1,18,49,17.3699780273437,1
2017,6,1,18,49,19.177705078125,1
2017,6,1,18,49,20.9836450195312,1
2017,6,1,18,49,22.7893740234375,1
2017,6,1,18,49,24.5953090820312,1
2017,6,1,18,49,26.4010610351562,1
2017,6,1,18,49,28.2067600097656,1
2017,6,1,18,49,30.0126071777344,1
2017,6,1,18,49,31.8183659667969,1
2017,6,1,18,49,33.6241770019531,1
2017,6,1,18,49,35.4299050292969,1
2017,6,1,18,49,37.2357121582031,1
2017,6,1,18,49,39.0415461425781,1
2017,6,1,18,49,40.8472280273438,1
2017,6,1,18,49,42.6531831054687,1
2017,6,1,18,49,44.4588640136719,1
2017,6,1,18,49,46.2648330078125,1
2017,6,1,18,49,48.0707651367187,1
2017,6,1,18,49,49.8765229492188,1
2017,6,1,18,49,51.6824270019531,1
2017,6,1,18,49,53.4881970214844,1
2017,6,1,18,49,55.2939860839844,1
2017,6,1,18,49,57.0997009277344,1
2017,6,1,18,49,58.9055891113281,1
2017,6,1,18,50,0.711533935546875,1
2017,6,1,18,50,2.51739819335937,1
2017,6,1,18,50,4.323123046875,1
2017,6,1,18,50,6.12882299804687,1
2017,6,1,18,50,7.93472900390625,1
2017,6,1,18,50,9.74069311523438,1
2017,6,1,18,50,11.5467219238281,1
2017,6,1,18,50,13.3525590820313,1
2017,6,1,18,50,15.1583381347656,1
2017,6,1,18,50,16.964126953125,1
2017,6,1,18,50,18.7700578613281,1
2017,6,1,18,50,20.5757680664063,1
2017,6,1,18,50,22.3814599609375,1
2017,6,1,18,50,24.1874020996094,1
2017,6,1,18,50,25.9931398925781,1
2017,6,1,18,50,27.7988469238281,1
2017,6,1,18,50,29.6045771484375,1
2017,6,1,18,50,31.4104567871094,1
2017,6,1,18,50,33.2162800292969,1
2017,6,1,18,50,35.0220849609375,1
2017,6,1,18,50,36.8278452148437,1
2017,6,1,18,50,38.6336411132813,1
2017,6,1,18,50,40.4395380859375,1
2017,6,1,18,50,42.2454829101562,1
2017,6,1,18,50,44.0511721191406,1
2017,6,1,18,50,45.857583984375,1
2017,6,1,18,50,47.6630170898437,1
2017,6,1,18,50,49.4689079589844,1
2017,6,1,18,50,51.2746301269531,1
2017,6,1,18,50,53.0803918457031,1
2017,6,1,18,50,54.8862319335937,1
2017,6,1,18,50,56.691962890625,1
2017,6,1,18,50,58.4980471191406,1
2017,6,1,18,51,0.30393701171875,1
2017,6,1,18,51,2.10976196289062,1
2017,6,1,18,51,3.91552001953125,1
2017,6,1,18,51,5.72136987304687,1
2017,6,1,18,51,7.52709106445313,1
2017,6,1,18,51,9.33282592773437,1
2017,6,1,18,51,11.1385852050781,1
2017,6,1,18,51,12.9443220214844,1
2017,6,1,18,51,14.7502250976562,1
2017,6,1,18,51,16.5561489257813,1
2017,6,1,18,51,18.3618928222656,1
2017,6,1,18,51,20.1676372070313,1
2017,6,1,18,51,21.9735341796875,1
2017,6,1,18,51,23.7794479980469,1
2017,6,1,18,51,25.5852429199219,1
2017,6,1,18,51,27.3911899414062,1
2017,6,1,18,51,29.19687109375,1
2017,6,1,18,51,31.0027338867188,1
2017,6,1,18,51,32.8085141601562,1
2017,6,1,18,51,34.6141818847656,1
2017,6,1,18,51,36.4200671386719,1
2017,6,1,18,51,38.2259841308594,1
2017,6,1,18,51,40.0316579589844,1
2017,6,1,18,51,41.8373940429687,1
2017,6,1,18,51,43.6431589355469,1
2017,6,1,18,51,45.4491560058594,1
2017,6,1,18,51,47.25500390625,1
2017,6,1,18,51,49.0606931152344,1
2017,6,1,18,51,50.8665280761719,1
2017,6,1,18,51,52.6723759765625,1
2017,6,1,18,51,54.4780749511719,1
2017,6,1,18,51,56.2837719726562,1
2017,6,1,18,51,58.0897509765625,1
2017,6,1,18,51,59.8955739746094,1
2017,6,1,18,52,1.70130712890625,1
2017,6,1,18,52,3.50711303710938,1
2017,6,1,18,52,5.31307006835937,1
2017,6,1,18,52,7.11909692382812,1
2017,6,1,18,52,8.92472705078125,1
2017,6,1,18,52,10.7305551757812,1
2017,6,1,18,52,12.5362399902344,1
2017,6,1,18,52,14.3419858398437,1
2017,6,1,18,52,16.1477648925781,1
2017,6,1,18,52,17.9535190429688,1
2017,6,1,18,52,19.7592739257813,1
2017,6,1,18,52,21.5652248535156,1
2017,6,1,18,52,23.3709489746094,1
2017,6,1,18,52,25.17683203125,1
2017,6,1,18,52,26.9827180175781,1
2017,6,1,18,52,28.7885310058594,1
2017,6,1,18,52,30.5942758789062,1
2017,6,1,18,52,32.4003190917969,1
2017,6,1,18,52,34.2060270996094,1
2017,6,1,18,52,36.01187109375,1
2017,6,1,18,52,37.81754296875,1
2017,6,1,18,52,39.6314311523438,1
2017,6,1,18,52,41.4373410644531,1
2017,6,1,18,52,43.2430251464844,1
2017,6,1,18,52,45.0489680175781,1
2017,6,1,18,52,46.8548911132812,1
2017,6,1,18,52,48.6606591796875,1
2017,6,1,18,52,50.4665339355469,1
2017,6,1,18,52,52.2723940429687,1
2017,6,1,18,52,54.0783469238281,1
2017,6,1,18,52,55.8841008300781,1
2017,6,1,18,52,57.6899440917969,1
2017,6,1,18,52,59.4956218261719,1
2017,6,1,18,53,1.30139501953125,1
2017,6,1,18,53,3.10712915039062,1
2017,6,1,18,53,4.91297509765625,1
2017,6,1,18,53,6.71886206054687,1
2017,6,1,18,53,8.52476684570312,1
2017,6,1,18,53,10.3305119628906,1
2017,6,1,18,53,12.1363688964844,1
2017,6,1,18,53,13.9422939453125,1
2017,6,1,18,53,15.7482109375,1
2017,6,1,18,53,17.5541748046875,1
2017,6,1,18,53,19.360126953125,1
2017,6,1,18,53,21.1658798828125,1
2017,6,1,18,53,22.9719270019531,1
2017,6,1,18,53,24.77762890625,1
2017,6,1,18,53,26.58350390625,1
2017,6,1,18,53,28.3892209472656,1
2017,6,1,18,53,30.1949580078125,1
2017,6,1,18,53,32.0006899414063,1
2017,6,1,18,53,33.8065190429688,1
2017,6,1,18,53,35.6122099609375,1
2017,6,1,18,53,37.4181599121094,1
2017,6,1,18,54,0.6126689453125,1
2017,6,1,18,54,2.4242451171875,1
2017,6,1,18,54,4.5630849609375,1
2017,6,1,18,54,6.42298803710938,1
2017,6,1,18,54,8.40271704101563,1
2017,6,1,18,54,10.2204431152344,1
2017,6,1,18,54,12.1183039550781,1
2017,6,1,18,54,14.1031611328125,1
2017,6,1,18,54,15.9737770996094,1
2017,6,1,18,54,18.0033100585938,1
2017,6,1,18,54,19.8090988769531,1
2017,6,1,18,54,21.667083984375,1
2017,6,1,18,54,23.5914741210937,1
2017,6,1,18,54,25.4136059570313,1
2017,6,1,18,54,27.25849609375,1
2017,6,1,18,54,29.1318039550781,1
2017,6,1,18,54,31.0641999511719,1
2017,6,1,18,54,32.9828210449219,1
2017,6,1,18,54,34.8721149902344,1
2017,6,1,18,54,36.7656750488281,1
2017,6,1,18,54,38.6441259765625,1
2017,6,1,18,54,40.4500959472656,1
2017,6,1,18,54,42.5583920898437,1
2017,6,1,18,54,44.4149079589844,1
2017,6,1,18,54,46.4896779785156,1
2017,6,1,18,54,48.4444838867187,1
2017,6,1,18,54,50.4445510253906,1
2017,6,1,18,54,52.250369140625,1
2017,6,1,18,54,54.1453259277344,1
2017,6,1,18,54,56.0305830078125,1
2017,6,1,18,54,57.9852399902344,1
2017,6,1,18,54,59.839626953125,1
2017,6,1,18,55,1.69094897460938,1
2017,6,1,18,55,3.58843408203125,1
2017,6,1,18,55,5.44498388671875,1
2017,6,1,18,55,7.45652514648437,1
2017,6,1,18,55,9.48124780273437,1
2017,6,1,18,55,11.287408203125,1
2017,6,1,18,55,13.1218540039063,1
2017,6,1,18,55,14.9591838378906,1
2017,6,1,18,55,16.8830700683594,1
2017,6,1,18,55,18.6889909667969,1
2017,6,1,18,55,20.5601110839844,1
2017,6,1,18,55,22.4561540527344,1
2017,6,1,18,55,24.2751828613281,1
2017,6,1,18,55,26.2681350097656,1
2017,6,1,18,55,28.1088120117188,1
2017,6,1,18,55,29.9563100585938,1
2017,6,1,18,55,31.8793210449219,1
2017,6,1,18,55,33.6852260742187,1
2017,6,1,18,55,35.490875,1
2017,6,1,18,55,37.5036530761719,1
2017,6,1,18,55,39.469916015625,1
2017,6,1,18,55,41.4646840820312,1
2017,6,1,18,55,43.2705070800781,1
2017,6,1,18,55,45.1261889648437,1
2017,6,1,18,55,47.1747290039063,1
2017,6,1,18,55,49.1963911132813,1
2017,6,1,18,55,51.107330078125,1
2017,6,1,18,55,53.11437890625,1
2017,6,1,18,55,54.9458510742188,1
2017,6,1,18,55,56.9147990722656,1
2017,6,1,18,55,58.7205100097656,1
2017,6,1,18,56,0.598073974609375,1
2017,6,1,18,56,2.47023291015625,1
2017,6,1,18,56,4.28211596679687,1
2017,6,1,18,56,6.32763403320313,1
2017,6,1,18,56,8.13338891601562,1
2017,6,1,18,56,9.93923583984375,1
2017,6,1,18,56,11.9332939453125,1
2017,6,1,18,56,13.8470270996094,1
2017,6,1,18,56,15.6930659179688,1
2017,6,1,18,56,17.4987741699219,1
2017,6,1,18,56,19.3112060546875,1
2017,6,1,18,56,21.1171240234375,1
2017,6,1,18,56,23.0494321289063,1
2017,6,1,18,56,24.8777028808594,1
2017,6,1,18,56,27.0203381347656,1
2017,6,1,18,56,28.8616071777344,1
2017,6,1,18,56,30.6674558105469,1
2017,6,1,18,56,32.5509230957031,1
2017,6,1,18,56,34.4676149902344,1
2017,6,1,18,56,36.4781931152344,1
2017,6,1,18,56,38.2839880371094,1
2017,6,1,18,56,40.1684921875,1
2017,6,1,18,56,42.1721169433594,1
2017,6,1,18,56,44.0979431152344,1
2017,6,1,18,56,45.9418471679688,1
2017,6,1,18,56,48.1698168945313,1
2017,6,1,18,56,50.0980561523438,1
2017,6,1,18,56,52.2013959960938,1
2017,6,1,18,56,54.153330078125,1
2017,6,1,18,56,56.1383659667969,1
2017,6,1,18,56,58.1690012207031,1
2017,6,1,18,57,0.170923828125,1
2017,6,1,18,57,1.97690380859375,1
2017,6,1,18,57,3.78271508789063,1
2017,6,1,18,57,5.58857885742187,1
2017,6,1,18,57,7.39430493164063,1
2017,6,1,18,57,9.20002099609375,1
2017,6,1,18,57,11.0059240722656,1
2017,6,1,18,57,12.8118920898438,1
2017,6,1,18,57,14.6176828613281,1
2017,6,1,18,57,16.4235891113281,1
2017,6,1,18,57,18.2396860351563,1
2017,6,1,18,57,20.0455949707031,1
2017,6,1,18,57,21.8515219726563,1
2017,6,1,18,57,23.65737890625,1
2017,6,1,18,57,25.4633520507812,1
2017,6,1,18,57,27.2690598144531,1
2017,6,1,18,57,29.0747919921875,1
2017,6,1,18,57,30.8805061035156,1
2017,6,1,18,57,32.68629296875,1
2017,6,1,18,57,34.4920891113281,1
2017,6,1,18,57,36.2977868652344,1
2017,6,1,18,57,38.1037419433594,1
2017,6,1,18,57,39.9094289550781,1
2017,6,1,18,57,41.7151870117187,1
2017,6,1,18,57,43.5210710449219,1
2017,6,1,18,57,45.3270380859375,1
2017,6,1,18,57,47.1328481445313,1
2017,6,1,18,57,48.938751953125,1
2017,6,1,18,57,50.7444370117188,1
2017,6,1,18,57,52.550380859375,1
2017,6,1,18,57,54.356291015625,1
2017,6,1,18,57,56.1621459960937,1
2017,6,1,18,57,57.9678239746094,1
2017,6,1,18,57,59.7735568847656,1
2017,6,1,18,58,1.57951000976562,1
2017,6,1,18,58,3.38539013671875,1
2017,6,1,18,58,5.19109106445312,1
2017,6,1,18,58,6.99694995117188,1
2017,6,1,18,58,8.80281909179688,1
2017,6,1,18,58,10.6087109375,1
2017,6,1,18,58,12.4145520019531,1
2017,6,1,18,58,14.2207849121094,1
2017,6,1,18,58,16.0265720214844,1
2017,6,1,18,58,17.8323071289063,1
2017,6,1,18,58,19.6380229492188,1
2017,6,1,18,58,21.4438168945312,1
2017,6,1,18,58,23.2497990722656,1
2017,6,1,18,58,25.0554040527344,1
2017,6,1,18,58,26.8612419433594,1
2017,6,1,18,58,28.6670339355469,1
2017,6,1,18,58,30.4727199707031,1
2017,6,1,18,58,32.27845703125,1
2017,6,1,18,58,34.08433203125,1
2017,6,1,18,58,35.8904030761719,1
2017,6,1,18,58,37.696091796875,1
2017,6,1,18,58,39.5019870605469,1
2017,6,1,18,58,41.3077048339844,1
2017,6,1,18,58,43.12204296875,1
2017,6,1,18,58,44.9278391113281,1
2017,6,1,18,58,46.7335629882812,1
2017,6,1,18,58,48.5394069824219,1
2017,6,1,18,58,50.3451618652344,1
2017,6,1,18,58,52.1511481933594,1
2017,6,1,18,58,53.957083984375,1
2017,6,1,18,58,55.76287109375,1
2017,6,1,18,58,57.5686791992187,1
2017,6,1,18,58,59.3745888671875,1
2017,6,1,18,59,1.180455078125,1
2017,6,1,18,59,2.98624389648438,1
2017,6,1,18,59,4.79205297851562,1
2017,6,1,18,59,6.5980078125,1
2017,6,1,18,59,8.40374291992187,1
2017,6,1,18,59,10.2094987792969,1
2017,6,1,18,59,12.0152290039062,1
2017,6,1,18,59,13.8213178710938,1
2017,6,1,18,59,15.626912109375,1
2017,6,1,18,59,17.4326411132812,1
2017,6,1,18,59,19.2479479980469,1
2017,6,1,18,59,21.0537919921875,1
2017,6,1,18,59,22.8594848632812,1
2017,6,1,18,59,24.6654401855469,1
2017,6,1,18,59,26.4715200195313,1
2017,6,1,18,59,28.2772180175781,1
2017,6,1,18,59,30.0829660644531,1
2017,6,1,18,59,31.8886689453125,1
2017,6,1,18,59,33.6945341796875,1
2017,6,1,18,59,35.5002438964844,1
2017,6,1,18,59,37.3061809082031,1
2017,6,1,18,59,39.1122797851562,1
2017,6,1,18,59,40.9181899414062,1
2017,6,1,18,59,42.7240549316406,1
2017,6,1,18,59,44.529748046875,1
2017,6,1,18,59,46.3355578613281,1
2017,6,1,18,59,48.1414189453125,1
2017,6,1,18,59,49.9473601074219,1
2017,6,1,18,59,51.7533120117187,1
2017,6,1,18,59,53.5592700195312,1
2017,6,1,18,59,55.3649968261719,1
2017,6,1,18,59,57.1706840820313,1
2017,6,1,18,59,58.9763779296875,1
2017,6,1,19,0,0.782305908203125,1
2017,6,1,19,0,2.58794311523438,1
2017,6,1,19,0,4.39389111328125,1
2017,6,1,19,0,6.19969189453125,1
2017,6,1,19,0,8.00546997070312,1
2017,6,1,19,0,9.81128100585937,1
2017,6,1,19,0,11.6170729980469,1
2017,6,1,19,0,13.4229660644531,1
2017,6,1,19,0,15.2287180175781,1
2017,6,1,19,0,17.0346401367187,1
2017,6,1,19,0,18.8403759765625,1
2017,6,1,19,0,20.6463061523438,1
2017,6,1,19,0,22.4520729980469,1
2017,6,1,19,0,24.2579760742187,1
2017,6,1,19,0,26.0655400390625,1
2017,6,1,19,0,27.8714360351563,1
2017,6,1,19,0,29.6773901367187,1
2017,6,1,19,0,31.4841220703125,1
2017,6,1,19,0,33.2898391113281,1
2017,6,1,19,0,35.0955290527344,1
2017,6,1,19,2,25.9960141601562,1
2017,6,1,19,2,27.8017409667969,1
2017,6,1,19,2,29.607619140625,1
2017,6,1,19,2,31.4133129882812,1
2017,6,1,19,2,33.2192028808594,1
2017,6,1,19,2,35.0250397949219,1
2017,6,1,19,2,36.8309509277344,1
2017,6,1,19,2,38.6369689941406,1
2017,6,1,19,2,40.4428620605469,1
2017,6,1,19,2,42.248666015625,1
2017,6,1,19,2,44.0546201171875,1
2017,6,1,19,2,45.8606008300781,1
2017,6,1,19,2,47.6663669433594,1
2017,6,1,19,2,49.4721779785156,1
2017,6,1,19,2,51.2779250488281,1
2017,6,1,19,2,53.0838430175781,1
2017,6,1,19,2,54.8897619628906,1
2017,6,1,19,2,56.6956369628906,1
2017,6,1,19,2,58.5013708496094,1
2017,6,1,19,3,0.30737890625,1
2017,6,1,19,3,2.11312377929687,1
2017,6,1,19,3,3.91898999023438,1
2017,6,1,19,3,5.72472192382812,1
2017,6,1,19,3,7.53069580078125,1
2017,6,1,19,3,9.33641186523437,1
2017,6,1,19,3,11.1421240234375,1
2017,6,1,19,3,12.9482290039062,1
2017,6,1,19,3,14.7541049804687,1
2017,6,1,19,3,16.5600222167969,1
2017,6,1,19,3,18.3659890136719,1
2017,6,1,19,3,20.1718618164062,1
2017,6,1,19,3,21.9779250488281,1
2017,6,1,19,3,23.7836079101562,1
2017,6,1,19,3,25.5895070800781,1
2017,6,1,19,3,27.3953759765625,1
2017,6,1,19,3,29.201287109375,1
2017,6,1,19,3,31.0071899414062,1
2017,6,1,19,3,32.8131279296875,1
2017,6,1,19,3,34.6189958496094,1
2017,6,1,19,3,36.4247810058594,1
2017,6,1,19,3,38.2306789550781,1
2017,6,1,19,3,40.0364770507813,1
2017,6,1,19,3,41.8424470214844,1
2017,6,1,19,3,43.6484621582031,1
2017,6,1,19,3,45.4541530761719,1
2017,6,1,19,3,47.2599968261719,1
2017,6,1,19,3,49.0657739257813,1
2017,6,1,19,3,50.8714841308594,1
2017,6,1,19,3,52.6772019042969,1
2017,6,1,19,3,54.4831809082031,1
2017,6,1,19,3,56.28908203125,1
2017,6,1,19,3,58.0948059082031,1
2017,6,1,19,3,59.9007709960937,1
2017,6,1,19,4,1.70664599609375,1
2017,6,1,19,4,3.51242504882813,1
2017,6,1,19,4,5.31819506835938,1
2017,6,1,19,4,7.1239541015625,1
2017,6,1,19,4,8.92965380859375,1
2017,6,1,19,4,10.7355329589844,1
2017,6,1,19,4,12.5414360351563,1
2017,6,1,19,4,14.3473989257812,1
2017,6,1,19,4,16.1533020019531,1
2017,6,1,19,4,17.9592338867187,1
2017,6,1,19,4,19.7648850097656,1
2017,6,1,19,4,21.5706000976562,1
2017,6,1,19,4,23.3764299316406,1
2017,6,1,19,4,25.1823781738281,1
2017,6,1,19,4,26.9883498535156,1
2017,6,1,19,4,28.7941359863281,1
2017,6,1,19,4,30.6001401367187,1
2017,6,1,19,4,32.4059689941406,1
2017,6,1,19,4,34.2117829589844,1
2017,6,1,19,4,36.0176831054687,1
2017,6,1,19,4,37.8234990234375,1
2017,6,1,19,4,39.6294880371094,1
2017,6,1,19,4,41.4354128417969,1
2017,6,1,19,4,43.2412741699219,1
2017,6,1,19,4,45.0470229492187,1
2017,6,1,19,4,46.8528798828125,1
2017,6,1,19,4,48.6588498535156,1
2017,6,1,19,4,50.4647490234375,1
2017,6,1,19,4,52.2707019042969,1
2017,6,1,19,4,54.0764748535156,1
2017,6,1,19,4,55.8821809082031,1
2017,6,1,19,4,57.6881198730469,1
2017,6,1,19,4,59.493951171875,1
2017,6,1,19,5,1.2999091796875,1
2017,6,1,19,5,3.10577197265625,1
2017,6,1,19,5,4.91284399414062,1
2017,6,1,19,5,6.71858203125,1
2017,6,1,19,5,8.52440991210938,1
2017,6,1,19,5,10.3302729492188,1
2017,6,1,19,5,12.1361547851563,1
2017,6,1,19,5,13.9421469726562,1
2017,6,1,19,5,15.7480200195312,1
2017,6,1,19,5,17.5538530273437,1
2017,6,1,19,5,19.3595458984375,1
2017,6,1,19,5,21.1652861328125,1
2017,6,1,19,5,22.9713591308594,1
2017,6,1,19,5,24.7771650390625,1
2017,6,1,19,5,26.5829880371094,1
2017,6,1,19,5,28.3886799316406,1
2017,6,1,19,5,30.1944111328125,1
2017,6,1,19,5,32.0002180175781,1
2017,6,1,19,5,33.8060251464844,1
2017,6,1,19,5,35.6119748535156,1
2017,6,1,19,5,37.4178891601562,1
2017,6,1,19,5,39.2238449707031,1
2017,6,1,19,5,41.0296489257813,1
2017,6,1,19,5,42.8355529785156,1
2017,6,1,19,5,44.6414338378906,1
2017,6,1,19,5,46.4472590332031,1
2017,6,1,19,5,48.2530100097656,1
2017,6,1,19,5,50.058873046875,1
2017,6,1,19,5,51.8648510742187,1
2017,6,1,19,5,53.6707429199219,1
2017,6,1,19,5,55.4766799316406,1
2017,6,1,19,5,57.2825698242187,1
2017,6,1,19,5,59.0884750976563,1
2017,6,1,19,6,0.89435791015625,1
2017,6,1,19,6,2.70014184570312,1
2017,6,1,19,6,4.506041015625,1
2017,6,1,19,6,6.3119990234375,1
2017,6,1,19,6,8.11784399414062,1
2017,6,1,19,6,9.92359814453125,1
2017,6,1,19,6,11.7293090820312,1
2017,6,1,19,6,13.535248046875,1
2017,6,1,19,6,15.341212890625,1
2017,6,1,19,6,17.1471098632813,1
2017,6,1,19,6,18.9528798828125,1
2017,6,1,19,6,20.7587270507812,1
2017,6,1,19,6,22.5645659179687,1
2017,6,1,19,6,24.3704541015625,1
2017,6,1,19,6,26.1762668457031,1
2017,6,1,19,6,27.9821201171875,1
2017,6,1,19,6,29.7880830078125,1
2017,6,1,19,6,31.5940319824219,1
2017,6,1,19,6,33.3999641113281,1
2017,6,1,19,6,35.2057409667969,1
2017,6,1,19,6,37.0116760253906,1
2017,6,1,19,6,38.8175639648437,1
2017,6,1,19,6,40.6234020996094,1
2017,6,1,19,6,42.4292541503906,1
2017,6,1,19,6,44.2349479980469,1
2017,6,1,19,6,46.040744140625,1
2017,6,1,19,6,47.8465119628906,1
2017,6,1,19,6,49.6522290039062,1
2017,6,1,19,6,51.4581831054687,1
2017,6,1,19,6,53.2641450195312,1
2017,6,1,19,6,55.07012109375,1
2017,6,1,19,6,56.8760100097656,1
2017,6,1,19,6,58.6818881835937,1
2017,6,1,19,7,0.4875859375,1
2017,6,1,19,7,2.29368212890625,1
2017,6,1,19,7,4.09964990234375,1
2017,6,1,19,7,5.90559692382813,1
2017,6,1,19,7,7.71144018554688,1
2017,6,1,19,7,9.51722705078125,1
2017,6,1,19,7,11.3229909667969,1
2017,6,1,19,7,13.1287600097656,1
2017,6,1,19,7,14.9347319335937,1
2017,6,1,19,7,16.7406721191406,1
2017,6,1,19,7,18.5466188964844,1
2017,6,1,19,7,20.3524580078125,1
2017,6,1,19,7,22.1584018554687,1
2017,6,1,19,7,23.9642409667969,1
2017,6,1,19,7,25.7700668945313,1
2017,6,1,19,7,27.575923828125,1
2017,6,1,19,7,29.3817490234375,1
2017,6,1,19,7,31.1875568847656,1
2017,6,1,19,7,32.9935009765625,1
2017,6,1,19,7,34.7992719726562,1
2017,6,1,19,7,36.6050578613281,1
2017,6,1,19,7,38.4108049316406,1
2017,6,1,19,7,40.2165629882812,1
2017,6,1,19,7,42.022376953125,1
2017,6,1,19,7,43.8283520507812,1
2017,6,1,19,7,45.6341259765625,1
2017,6,1,19,7,47.4398200683594,1
2017,6,1,19,7,49.2456579589844,1
2017,6,1,19,7,51.0513879394531,1
2017,6,1,19,7,52.8571928710938,1
2017,6,1,19,7,54.6629809570313,1
2017,6,1,19,7,56.4687568359375,1
2017,6,1,19,7,58.2746411132812,1
2017,6,1,19,8,0.080363037109375,1
2017,6,1,19,8,1.88630297851563,1
2017,6,1,19,8,3.69202392578125,1
2017,6,1,19,8,5.49784887695312,1
2017,6,1,19,8,7.30361499023437,1
2017,6,1,19,8,9.10939282226562,1
2017,6,1,19,8,10.9171979980469,1
2017,6,1,19,8,12.7230178222656,1
2017,6,1,19,8,14.5288000488281,1
2017,6,1,19,8,16.3345939941406,1
2017,6,1,19,8,18.1405170898438,1
2017,6,1,19,8,19.9462421875,1
2017,6,1,19,8,21.7520397949219,1
2017,6,1,19,8,23.5577490234375,1
2017,6,1,19,8,25.3637299804688,1
2017,6,1,19,8,27.169544921875,1
2017,6,1,19,8,28.9754799804688,1
2017,6,1,19,8,30.7867390136719,1
2017,6,1,19,8,32.5924379882812,1
2017,6,1,19,8,34.3983701171875,1
2017,6,1,19,8,36.2043508300781,1
2017,6,1,19,8,38.0101608886719,1
2017,6,1,19,8,39.8161340332031,1
2017,6,1,19,8,41.6218937988281,1
2017,6,1,19,8,43.4276530761719,1
2017,6,1,19,8,45.2334868164062,1
2017,6,1,19,8,47.0392700195313,1
2017,6,1,19,8,48.8449599609375,1
2017,6,1,19,8,50.6508120117187,1
2017,6,1,19,8,52.4567749023438,1
2017,6,1,19,8,54.2627380371094,1
2017,6,1,19,8,56.0685209960938,1
2017,6,1,19,8,57.8744450683594,1
2017,6,1,19,8,59.6801728515625,1
2017,6,1,19,9,1.48599780273437,1
2017,6,1,19,9,3.291953125,1
2017,6,1,19,10,29.5795541992188,1
2017,6,1,19,10,31.3853608398437,1
2017,6,1,19,10,33.5063239746094,1
2017,6,1,19,10,35.3294680175781,1
2017,6,1,19,10,37.2292170410156,1
2017,6,1,19,10,39.2444812011719,1
2017,6,1,19,10,41.050251953125,1
2017,6,1,19,10,43.1064228515625,1
2017,6,1,19,10,45.0013051757812,1
2017,6,1,19,10,47.0638981933594,1
2017,6,1,19,10,48.9293461914063,1
2017,6,1,19,10,50.7729509277344,1
2017,6,1,19,10,52.6139260253906,1
2017,6,1,19,10,54.4196838378906,1
2017,6,1,19,10,56.2549340820312,1
2017,6,1,19,10,58.3933269042969,1
2017,6,1,19,11,0.21973291015625,1
2017,6,1,19,11,2.1767900390625,1
2017,6,1,19,11,4.261337890625,1
2017,6,1,19,11,6.09713012695313,1
2017,6,1,19,11,8.06252905273437,1
2017,6,1,19,11,9.96939111328125,1
2017,6,1,19,11,11.775201171875,1
2017,6,1,19,11,13.5810830078125,1
2017,6,1,19,11,15.3867800292969,1
2017,6,1,19,11,17.194259765625,1
2017,6,1,19,11,19.0000998535156,1
2017,6,1,19,11,20.8059799804687,1
2017,6,1,19,11,22.6119580078125,1
2017,6,1,19,11,24.4178950195313,1
2017,6,1,19,11,26.2238369140625,1
2017,6,1,19,11,28.0296188964844,1
2017,6,1,19,11,29.8354279785156,1
2017,6,1,19,11,31.6411750488281,1
2017,6,1,19,11,33.4471140136719,1
2017,6,1,19,11,35.2528469238281,1
2017,6,1,19,11,37.0586599121094,1
2017,6,1,19,11,38.8646240234375,1
2017,6,1,19,11,40.6706459960937,1
2017,6,1,19,11,42.4765339355469,1
2017,6,1,19,11,44.2824340820313,1
2017,6,1,19,11,46.0882829589844,1
2017,6,1,19,11,47.8942648925781,1
2017,6,1,19,11,49.6999660644531,1
2017,6,1,19,11,51.50587109375,1
2017,6,1,19,11,53.3118659667969,1
2017,6,1,19,11,55.117708984375,1
2017,6,1,19,11,56.9235100097656,1
2017,6,1,19,11,58.7294790039062,1
2017,6,1,19,12,0.535224853515625,1
2017,6,1,19,12,2.34117602539063,1
2017,6,1,19,12,4.14713012695313,1
2017,6,1,19,12,5.95301098632812,1
2017,6,1,19,12,7.75893798828125,1
2017,6,1,19,12,9.56481787109375,1
2017,6,1,19,12,11.3706428222656,1
2017,6,1,19,12,13.176337890625,1
2017,6,1,19,12,14.9834509277344,1
2017,6,1,19,12,16.7893911132813,1
2017,6,1,19,12,18.5952080078125,1
2017,6,1,19,12,20.4009289550781,1
2017,6,1,19,12,22.2068100585937,1
2017,6,1,19,12,24.0126369628906,1
2017,6,1,19,12,25.8184421386719,1
2017,6,1,19,12,27.6242248535156,1
2017,6,1,19,12,29.4301560058594,1
2017,6,1,19,12,31.2359970703125,1
2017,6,1,19,12,33.0418620605469,1
2017,6,1,19,12,34.8526999511719,1
2017,6,1,19,12,36.6584118652344,1
2017,6,1,19,12,38.4641169433594,1
2017,6,1,19,12,40.2699028320312,1
2017,6,1,19,12,42.0757980957031,1
2017,6,1,19,12,43.8818559570312,1
2017,6,1,19,12,45.6877351074219,1
2017,6,1,19,12,47.4935341796875,1
2017,6,1,19,12,49.299330078125,1
2017,6,1,19,12,51.1050639648438,1
2017,6,1,19,12,52.9109709472656,1
2017,6,1,19,12,54.7168029785156,1
2017,6,1,19,12,56.5227858886719,1
2017,6,1,19,12,58.3286340332031,1
2017,6,1,19,13,0.134368896484375,1
2017,6,1,19,13,1.94015600585937,1
2017,6,1,19,13,3.74605810546875,1
2017,6,1,19,13,5.55180688476563,1
2017,6,1,19,13,7.35767797851562,1
2017,6,1,19,13,9.16366918945313,1
2017,6,1,19,13,10.9695051269531,1
2017,6,1,19,13,12.7754040527344,1
2017,6,1,19,13,14.5811391601562,1
2017,6,1,19,13,16.3869020996094,1
2017,6,1,19,13,18.1930100097656,1
2017,6,1,19,13,19.9988168945312,1
2017,6,1,19,13,21.8047739257813,1
2017,6,1,19,13,23.6106359863281,1
2017,6,1,19,13,25.4164340820313,1
2017,6,1,19,13,27.2223869628906,1
2017,6,1,19,13,29.0281459960937,1
2017,6,1,19,13,30.8340681152344,1
2017,6,1,19,13,32.6400129394531,1
2017,6,1,19,13,34.4457180175781,1
2017,6,1,19,13,36.2515129394531,1
2017,6,1,19,13,38.0572978515625,1
2017,6,1,19,13,39.8632719726562,1
2017,6,1,19,13,41.6691970214844,1
2017,6,1,19,13,43.47500390625,1
2017,6,1,19,13,45.28083203125,1
2017,6,1,19,13,47.0867790527344,1
2017,6,1,19,13,48.8925439453125,1
2017,6,1,19,13,50.6982687988281,1
2017,6,1,19,13,52.5042719726562,1
2017,6,1,19,13,54.3101540527344,1
2017,6,1,19,13,56.1161000976563,1
2017,6,1,19,13,57.9219318847656,1
2017,6,1,19,13,59.7358920898438,1
2017,6,1,19,14,1.54187890625,1
2017,6,1,19,14,3.34763403320312,1
2017,6,1,19,14,5.15344897460938,1
2017,6,1,19,14,6.95928588867188,1
2017,6,1,19,14,8.76505908203125,1
2017,6,1,19,14,10.5708078613281,1
2017,6,1,19,14,12.3766450195312,1
2017,6,1,19,14,14.1825749511719,1
2017,6,1,19,14,15.9885048828125,1
2017,6,1,19,14,17.7945080566406,1
2017,6,1,19,14,19.6003120117187,1
2017,6,1,19,14,21.4062951660156,1
2017,6,1,19,14,23.21208203125,1
2017,6,1,19,14,25.0178249511719,1
2017,6,1,19,14,26.8236730957031,1
2017,6,1,19,14,28.629626953125,1
2017,6,1,19,14,30.4355229492188,1
2017,6,1,19,14,32.2413410644531,1
2017,6,1,19,14,34.047166015625,1
2017,6,1,19,14,35.8529870605469,1
2017,6,1,19,14,37.658751953125,1
2017,6,1,19,14,39.464625,1
2017,6,1,19,14,41.2703979492187,1
2017,6,1,19,14,43.0761879882812,1
2017,6,1,19,14,44.8820720214844,1
2017,6,1,19,14,46.6880070800781,1
2017,6,1,19,14,48.4937580566406,1
2017,6,1,19,14,50.2995520019531,1
2017,6,1,19,14,52.1055490722656,1
2017,6,1,19,14,53.9114758300781,1
2017,6,1,19,14,55.7172570800781,1
2017,6,1,19,14,57.5231608886719,1
2017,6,1,19,14,59.3291489257812,1
2017,6,1,19,15,1.13494311523437,1
2017,6,1,19,15,2.94078002929687,1
2017,6,1,19,15,4.74667602539063,1
2017,6,1,19,15,6.55240698242187,1
2017,6,1,19,15,8.3582900390625,1
2017,6,1,19,15,10.1641918945312,1
2017,6,1,19,15,11.9701669921875,1
2017,6,1,19,15,13.7761669921875,1
2017,6,1,19,15,15.5818610839844,1
2017,6,1,19,15,17.3877639160156,1
2017,6,1,19,15,19.1935209960937,1
2017,6,1,19,15,20.9992458496094,1
2017,6,1,19,15,22.8050908203125,1
2017,6,1,19,15,24.6108688964844,1
2017,6,1,19,15,26.4168020019531,1
2017,6,1,19,15,28.22258203125,1
2017,6,1,19,15,30.0284760742188,1
2017,6,1,19,15,31.8343500976563,1
2017,6,1,19,15,33.6401030273437,1
2017,6,1,19,15,35.4461560058594,1
2017,6,1,19,15,37.2519431152344,1
2017,6,1,19,15,39.0577370605469,1
2017,6,1,19,15,40.8634650878906,1
2017,6,1,19,15,42.6692758789062,1
2017,6,1,19,15,44.4749660644531,1
2017,6,1,19,15,46.2808969726563,1
2017,6,1,19,15,48.0867709960937,1
2017,6,1,19,15,49.8925690917969,1
2017,6,1,19,15,51.6982861328125,1
2017,6,1,19,15,53.5042619628906,1
2017,6,1,19,15,55.3102377929687,1
2017,6,1,19,15,57.1161589355469,1
2017,6,1,19,15,58.9220490722656,1
2017,6,1,19,16,0.727823974609375,1
2017,6,1,19,16,2.53352685546875,1
2017,6,1,19,16,4.33935913085937,1
2017,6,1,19,16,6.14527514648437,1
2017,6,1,19,16,7.95122094726563,1
2017,6,1,19,16,9.7570830078125,1
2017,6,1,19,16,11.5627370605469,1
2017,6,1,19,16,13.3686162109375,1
2017,6,1,19,16,15.1745810546875,1
2017,6,1,19,16,16.9802770996094,1
2017,6,1,19,16,18.7861831054688,1
2017,6,1,19,16,20.5919819335938,1
2017,6,1,19,16,22.3978969726562,1
2017,6,1,19,16,24.209,1
2017,6,1,19,16,26.0148068847656,1
2017,6,1,19,16,27.8206110839844,1
2017,6,1,19,16,29.6264150390625,1
2017,6,1,19,16,31.4322641601563,1
2017,6,1,19,16,33.2381569824219,1
2017,6,1,19,16,35.0440310058594,1
2017,6,1,19,16,36.8498659667969,1
2017,6,1,19,16,38.6556240234375,2
2017,6,1,19,16,40.4613359375,2
2017,6,1,19,16,42.2673210449219,2
2017,6,1,19,16,44.0730349121094,2
2017,6,1,19,16,45.8787600097656,2
2017,6,1,19,16,47.68475,2
2017,6,1,19,16,49.4906899414063,2
2017,6,1,19,16,51.2964421386719,2
2017,6,1,19,16,53.1023391113281,2
2017,6,1,19,16,54.9083010253906,2
2017,6,1,19,16,56.7140998535156,2
2017,6,1,19,16,58.52,2
2017,6,1,19,17,0.3257939453125,2
2017,6,1,19,17,2.1317529296875,2
2017,6,1,19,17,3.93761206054687,2
2017,6,1,19,17,5.74347998046875,2
2017,6,1,19,17,7.5493740234375,2
2017,6,1,19,17,9.35536279296875,2
2017,6,1,19,17,11.1610971679687,2
2017,6,1,19,17,12.9668500976563,2
2017,6,1,19,17,14.7727629394531,2
2017,6,1,19,17,16.5785871582031,2
2017,6,1,19,17,18.38433203125,2
2017,6,1,19,17,20.1902370605469,2
2017,6,1,19,17,21.9960319824219,2
2017,6,1,19,17,23.8017248535156,2
2017,6,1,19,17,25.6076618652344,2
2017,6,1,19,17,27.4136201171875,2
2017,6,1,19,17,29.2194919433594,2
2017,6,1,19,17,31.0252358398437,2
2017,6,1,19,17,32.8310290527344,2
2017,6,1,19,17,34.6367810058594,2
2017,6,1,19,17,36.442619140625,2
2017,6,1,19,17,38.2485910644531,2
2017,6,1,19,17,40.0544990234375,2
2017,6,1,19,17,41.8604809570312,2
2017,6,1,19,17,43.6662890625,2
2017,6,1,19,17,45.4722158203125,2
2017,6,1,19,17,47.2779250488281,2
2017,6,1,19,17,49.0905219726562,2
2017,6,1,19,17,50.8964008789062,2
2017,6,1,19,17,52.7023920898437,2
2017,6,1,19,17,54.5083078613281,2
2017,6,1,19,17,56.3142941894531,2
2017,6,1,19,17,58.1200991210938,2
2017,6,1,19,17,59.9258571777344,2
2017,6,1,19,18,1.731796875,2
2017,6,1,19,18,3.53750903320313,2
2017,6,1,19,18,5.34336499023437,2
2017,6,1,19,18,7.14935717773437,2
2017,6,1,19,18,8.95509912109375,2
2017,6,1,19,18,10.7608859863281,2
2017,6,1,19,18,12.566787109375,2
2017,6,1,19,18,14.3726809082031,2
2017,6,1,19,18,16.1784460449219,2
2017,6,1,19,18,17.9842751464844,2
2017,6,1,19,18,19.7902551269531,2
2017,6,1,19,18,21.5961511230469,2
2017,6,1,19,18,23.4018918457031,2
2017,6,1,19,18,25.2076369628906,2
2017,6,1,19,18,27.0135190429687,2
2017,6,1,19,18,28.8192639160156,2
2017,6,1,19,18,30.6252470703125,2
2017,6,1,19,18,32.4313071289062,2
2017,6,1,19,18,34.2371530761719,2
2017,6,1,19,18,36.0430349121094,2
2017,6,1,19,18,37.8488610839844,2
2017,6,1,19,18,39.6546320800781,1
2017,6,1,19,18,41.4606860351563,1
2017,6,1,19,18,43.2662900390625,1
2017,6,1,19,18,45.07219921875,1
2017,6,1,19,18,46.8780539550781,1
2017,6,1,19,18,48.6840278320312,1
2017,6,1,19,18,50.4899240722656,1
2017,6,1,19,18,52.2957260742187,1
2017,6,1,19,18,54.1018000488281,1
2017,6,1,19,18,55.9076918945312,1
2017,6,1,19,18,57.7134357910156,1
2017,6,1,19,18,59.5193110351562,1
2017,6,1,19,19,1.32520190429688,1
2017,6,1,19,19,3.13126391601562,1
2017,6,1,19,19,4.93686010742188,1
2017,6,1,19,19,6.74266015625,1
2017,6,1,19,19,8.54846606445312,1
2017,6,1,19,19,10.3544279785156,1
2017,6,1,19,19,12.1602111816406,1
2017,6,1,19,19,13.9729030761719,1
2017,6,1,19,19,15.7787360839844,1
2017,6,1,19,19,17.5845510253906,1
2017,6,1,19,19,19.3903269042969,1
2017,6,1,19,19,21.1962038574219,1
2017,6,1,19,19,23.0020881347656,1
2017,6,1,19,19,24.8079541015625,1
2017,6,1,19,19,26.6136921386719,1
2017,6,1,19,19,28.419544921875,1
2017,6,1,19,19,30.225541015625,1
2017,6,1,19,19,32.0314729003906,1
2017,6,1,19,19,33.8373100585938,1
2017,6,1,19,19,35.6433178710937,1
2017,6,1,19,19,37.4492890625,1
2017,6,1,19,19,39.2551459960938,1
2017,6,1,19,19,41.0610649414063,1
2017,6,1,19,19,42.8668740234375,1
2017,6,1,19,19,44.6729770507812,1
2017,6,1,19,19,46.4786848144531,1
2017,6,1,19,19,48.2844379882812,1
2017,6,1,19,19,50.090169921875,1
2017,6,1,19,19,51.8958898925781,1
2017,6,1,19,19,53.70174609375,1
2017,6,1,19,19,55.5076857910156,1
2017,6,1,19,19,57.313421875,1
2017,6,1,19,19,59.1194091796875,1
2017,6,1,19,20,0.925260009765625,1
2017,6,1,19,20,2.731162109375,1
2017,6,1,19,20,4.53702099609375,1
2017,6,1,19,20,6.34289282226563,1
2017,6,1,19,20,8.14861889648438,1
2017,6,1,19,20,9.95440502929688,1
2017,6,1,19,20,11.7601359863281,1
2017,6,1,19,20,13.565916015625,1
2017,6,1,19,20,15.3718510742187,1
2017,6,1,19,20,17.1776508789062,1
2017,6,1,19,20,18.9835241699219,1
2017,6,1,19,20,20.7892729492187,1
2017,6,1,19,20,22.5950141601562,1
2017,6,1,19,20,24.4008630371094,1
2017,6,1,19,20,26.2066218261719,1
2017,6,1,19,20,28.0124689941406,1
2017,6,1,19,20,29.8184489746094,1
2017,6,1,19,20,31.6243491210938,1
2017,6,1,19,20,33.4305209960937,1
2017,6,1,19,20,35.2363168945312,1
2017,6,1,19,20,37.042251953125,1
2017,6,1,19,20,38.8479719238281,1
2017,6,1,19,20,40.6539208984375,1
2017,6,1,19,20,42.4595949707031,1
2017,6,1,19,20,44.2654560546875,1
2017,6,1,19,20,46.0712280273438,1
2017,6,1,19,20,47.8769970703125,1
2017,6,1,19,20,49.6829470214844,1
2017,6,1,19,20,51.4886911621094,1
2017,6,1,19,20,53.2944890136719,1
2017,6,1,19,20,55.1003151855469,1
2017,6,1,19,20,56.9060720214844,1
2017,6,1,19,20,58.7120390625,1
2017,6,1,19,21,0.517986083984375,1
2017,6,1,19,21,2.32377783203125,1
2017,6,1,19,21,4.12974096679688,1
2017,6,1,19,21,5.9355810546875,2
2017,6,1,19,21,7.7415791015625,2
2017,6,1,19,21,9.54734619140625,2
2017,6,1,19,21,11.3531799316406,2
2017,6,1,19,21,13.1591530761719,2
2017,6,1,19,21,14.9649860839844,2
2017,6,1,19,21,16.7709528808594,2
2017,6,1,19,21,18.5767468261719,2
2017,6,1,19,21,20.3826821289063,2
2017,6,1,19,21,22.1884228515625,2
2017,6,1,19,21,23.9943581542969,2
2017,6,1,19,21,25.8002739257813,2
2017,6,1,19,21,27.6060300292969,2
2017,6,1,19,21,29.4117290039062,2
2017,6,1,19,21,31.2174599609375,2
2017,6,1,19,21,33.0237919921875,2
2017,6,1,19,21,34.8291572265625,2
2017,6,1,19,21,36.6349020996094,2
2017,6,1,19,21,38.4408090820313,2
2017,6,1,19,21,40.2465798339844,2
2017,6,1,19,21,42.0524931640625,2
2017,6,1,19,21,43.8582849121094,2
2017,6,1,19,21,45.6641918945312,2
2017,6,1,19,21,47.4698930664063,2
2017,6,1,19,21,49.2760009765625,2
2017,6,1,19,21,51.0819858398438,2
2017,6,1,19,21,52.8877890625,2
2017,6,1,19,21,54.6936330566406,2
2017,6,1,19,21,56.4996240234375,2
2017,6,1,19,21,58.3056418457031,2
2017,6,1,19,22,0.1112880859375,2
2017,6,1,19,22,1.91706494140625,2
2017,6,1,19,22,3.72294897460938,2
2017,6,1,19,22,5.52889599609375,2
2017,6,1,19,22,7.33484301757812,2
2017,6,1,19,22,9.14075805664062,1
2017,6,1,19,22,10.9466579589844,1
2017,6,1,19,22,12.752548828125,1
2017,6,1,19,22,14.5584809570313,1
2017,6,1,19,22,16.3643701171875,1
2017,6,1,19,22,18.1701918945312,1
2017,6,1,19,22,19.9759279785156,1
2017,6,1,19,22,21.7817941894531,1
2017,6,1,19,22,23.5876850585937,1
2017,6,1,19,22,25.3935349121094,1
2017,6,1,19,22,27.1995251464844,1
2017,6,1,19,22,29.0178071289062,1
2017,6,1,19,22,30.8237741699219,1
2017,6,1,19,22,32.6296721191406,1
2017,6,1,19,22,34.4355900878906,1
2017,6,1,19,22,36.2413818359375,1
2017,6,1,19,22,38.0473530273438,1
2017,6,1,19,22,39.8533371582031,1
2017,6,1,19,22,41.6591430664063,1
2017,6,1,19,22,43.4650859375,1
2017,6,1,19,22,45.2708671875,1
2017,6,1,19,22,47.076587890625,1
2017,6,1,19,22,48.8823090820312,1
2017,6,1,19,22,50.6882429199219,1
2017,6,1,19,22,52.4942099609375,1
2017,6,1,19,22,54.2999721679687,1
2017,6,1,19,22,56.1057719726562,1
2017,6,1,19,22,57.9117600097656,1
2017,6,1,19,22,59.7180920410156,1
2017,6,1,19,23,1.52394702148437,1
2017,6,1,19,23,3.329791015625,1
2017,6,1,19,23,5.13552490234375,1
2017,6,1,19,23,6.9414140625,1
2017,6,1,19,23,8.74711401367188,1
2017,6,1,19,23,10.5529250488281,1
2017,6,1,19,23,12.3589189453125,1
2017,6,1,19,23,14.1647570800781,1
2017,6,1,19,23,15.9705969238281,1
2017,6,1,19,23,17.7765751953125,1
2017,6,1,19,23,19.5825200195312,1
2017,6,1,19,23,21.3885952148438,1
2017,6,1,19,23,23.1943759765625,1
2017,6,1,19,23,25.000294921875,1
2017,6,1,19,23,26.8060329589844,1
2017,6,1,19,23,28.6120278320312,1
2017,6,1,19,23,30.4177409667969,1
2017,6,1,19,23,32.2235620117187,1
2017,6,1,19,23,34.029453125,1
2017,6,1,19,23,35.8351630859375,1
2017,6,1,19,23,37.6408898925781,1
2017,6,1,19,23,39.4468759765625,1
2017,6,1,19,23,41.2527329101562,1
2017,6,1,19,23,43.0588090820313,1
2017,6,1,19,23,44.8647810058594,1
2017,6,1,19,23,46.6704978027344,1
2017,6,1,19,23,48.4762658691406,1
2017,6,1,19,23,50.282001953125,1
2017,6,1,19,23,52.0878210449219,1
2017,6,1,19,23,53.9001850585937,1
2017,6,1,19,23,55.7061208496094,1
2017,6,1,19,23,57.5119650878906,1
2017,6,1,19,23,59.3178288574219,1
2017,6,1,19,24,1.12369799804688,1
2017,6,1,19,24,2.92943090820313,1
2017,6,1,19,24,4.73514501953125,1
2017,6,1,19,24,6.54110278320312,1
2017,6,1,19,24,8.34701489257812,1
2017,6,1,19,24,10.1529379882813,1
2017,6,1,19,24,11.9586789550781,1
2017,6,1,19,24,13.7645539550781,1
2017,6,1,19,24,15.5705419921875,1
2017,6,1,19,24,17.3764250488281,1
2017,6,1,19,24,19.1823330078125,1
2017,6,1,19,24,20.9880270996094,1
2017,6,1,19,24,22.7939580078125,1
2017,6,1,19,24,24.6000080566406,1
2017,6,1,19,24,26.4057900390625,1
2017,6,1,19,24,28.2115710449219,1
2017,6,1,19,24,30.017498046875,1
2017,6,1,19,24,31.8233959960938,1
2017,6,1,19,24,33.6293840332031,1
2017,6,1,19,24,35.4351579589844,1
2017,6,1,19,24,37.2409289550781,1
2017,6,1,19,24,39.046833984375,1
2017,6,1,19,24,40.8526740722656,1
2017,6,1,19,24,42.6584321289062,1
2017,6,1,19,24,44.4642829589844,1
2017,6,1,19,24,46.2702351074219,1
2017,6,1,19,24,48.0760939941406,1
2017,6,1,19,24,49.8819260253906,1
2017,6,1,19,24,51.6877170410156,1
2017,6,1,19,24,53.4936188964844,1
2017,6,1,19,24,55.2994748535156,1
2017,6,1,19,24,57.1051870117187,1
2017,6,1,19,24,58.9111799316406,1
2017,6,1,19,25,0.7171708984375,1
2017,6,1,19,25,2.52288208007813,1
2017,6,1,19,25,4.32860717773437,1
2017,6,1,19,25,6.1345439453125,1
2017,6,1,19,25,7.94056201171875,1
2017,6,1,19,25,9.74623486328125,1
2017,6,1,19,25,11.5519479980469,1
2017,6,1,19,25,13.35787109375,1
2017,6,1,19,25,15.1637739257812,1
2017,6,1,19,25,16.9697060546875,1
2017,6,1,19,25,18.7819379882812,1
2017,6,1,19,25,20.5878530273438,1
2017,6,1,19,25,22.3937211914063,1
2017,6,1,19,25,24.1996149902344,1
2017,6,1,19,25,26.0053850097656,1
2017,6,1,19,25,27.8114841308594,1
2017,6,1,19,25,29.6173400878906,1
2017,6,1,19,25,31.4232048339844,1
2017,6,1,19,25,33.228962890625,1
2017,6,1,19,25,35.0346899414062,1
2017,6,1,19,25,36.8405070800781,1
2017,6,1,19,25,38.6463688964844,1
2017,6,1,19,25,40.4523388671875,1
2017,6,1,19,25,42.2580739746094,1
2017,6,1,19,25,44.0640520019531,1
2017,6,1,19,25,45.8699990234375,1
2017,6,1,19,25,47.6757961425781,1
2017,6,1,19,25,49.4818972167969,1
2017,6,1,19,25,51.2877431640625,1
2017,6,1,19,25,53.0937021484375,1
2017,6,1,19,25,54.8995959472656,1
2017,6,1,19,25,56.7055319824219,1
2017,6,1,19,25,58.51149609375,1
2017,6,1,19,26,0.317266845703125,1
2017,6,1,19,26,2.12318408203125,1
2017,6,1,19,26,3.9290029296875,1
2017,6,1,19,26,5.73477880859375,1
2017,6,1,19,26,7.540583984375,1
2017,6,1,19,26,9.34640405273437,1
2017,6,1,19,26,11.1524060058594,1
2017,6,1,19,26,12.9581809082031,1
2017,6,1,19,26,14.7640090332031,1
2017,6,1,19,26,16.5698408203125,1
2017,6,1,19,26,18.375546875,1
2017,6,1,19,26,20.1812839355469,1
2017,6,1,19,26,21.98712109375,1
2017,6,1,19,26,23.7929228515625,1
2017,6,1,19,26,25.5987250976562,1
2017,6,1,19,26,27.4044541015625,1
2017,6,1,19,26,29.2104299316406,1
2017,6,1,19,26,31.0162438964844,1
2017,6,1,19,26,32.8221599121094,1
2017,6,1,19,26,34.6279379882813,1
2017,6,1,19,26,36.4338649902344,1
2017,6,1,19,26,38.2397260742188,1
2017,6,1,19,26,40.0456809082031,1
2017,6,1,19,26,41.8515729980469,1
2017,6,1,19,26,43.6642919921875,1
2017,6,1,19,26,45.4701630859375,1
2017,6,1,19,26,47.2759650878906,1
2017,6,1,19,26,49.0818820800781,1
2017,6,1,19,26,50.8877709960937,1
2017,6,1,19,26,52.6936850585938,1
2017,6,1,19,26,54.4995939941406,1
2017,6,1,19,26,56.3055610351563,1
2017,6,1,19,26,58.111458984375,1
2017,6,1,19,26,59.9173400878906,1
2017,6,1,19,27,1.72344702148437,1
2017,6,1,19,27,3.52914819335937,1
2017,6,1,19,27,5.3350439453125,1
2017,6,1,19,27,7.1410068359375,1
2017,6,1,19,27,8.9467548828125,1
2017,6,1,19,27,10.7525439453125,1
2017,6,1,19,27,12.5582670898437,1
2017,6,1,19,27,14.3641901855469,1
2017,6,1,19,27,16.1699340820313,1
2017,6,1,19,27,17.97582421875,1
2017,6,1,19,27,19.7817060546875,1
2017,6,1,19,27,21.587666015625,1
2017,6,1,19,27,23.3935080566406,1
2017,6,1,19,27,25.199296875,1
2017,6,1,19,27,27.0065639648437,1
2017,6,1,19,27,28.8124799804688,1
2017,6,1,19,27,30.6183081054687,1
2017,6,1,19,27,32.4241560058594,1
2017,6,1,19,27,34.2300310058594,1
2017,6,1,19,27,36.0359599609375,1
2017,6,1,19,27,37.8419020996094,1
2017,6,1,19,27,39.6477138671875,1
2017,6,1,19,27,41.4536870117187,1
2017,6,1,19,27,43.2657810058594,1
2017,6,1,19,27,45.0716091308594,1
2017,6,1,19,27,46.8775278320312,1
2017,6,1,19,27,48.6834399414062,1
2017,6,1,19,27,50.4893269042969,1
2017,6,1,19,27,52.2952248535156,1
2017,6,1,19,27,54.1010461425781,1
2017,6,1,19,27,55.9069609375,1
2017,6,1,19,27,57.7128940429687,1
2017,6,1,19,27,59.5186789550781,1
2017,6,1,19,28,1.3244619140625,1
2017,6,1,19,28,3.130283203125,1
2017,6,1,19,28,4.93620483398437,1
2017,6,1,19,28,6.74260815429687,1
2017,6,1,19,28,8.547921875,1
2017,6,1,19,28,10.3536960449219,1
2017,6,1,19,28,12.1596018066406,1
2017,6,1,19,28,13.9656831054688,1
2017,6,1,19,28,15.7715209960938,1
2017,6,1,19,28,17.5774370117188,1
2017,6,1,19,28,19.3831948242188,1
2017,6,1,19,28,21.1891101074219,1
2017,6,1,19,28,22.9949770507813,1
2017,6,1,19,28,24.8009528808594,1
2017,6,1,19,28,26.6069289550781,1
2017,6,1,19,28,28.4128430175781,1
2017,6,1,19,28,30.2188188476563,1
2017,6,1,19,28,32.0246120605469,1
2017,6,1,19,28,33.8304050292969,1
2017,6,1,19,28,35.6362778320312,1
2017,6,1,19,28,37.4420529785156,1
2017,6,1,19,28,39.2480419921875,1
2017,6,1,19,28,41.0539060058594,1
2017,6,1,19,28,42.8598640136719,1
2017,6,1,19,28,44.6659279785156,1
2017,6,1,19,28,46.4717409667969,1
2017,6,1,19,28,48.277708984375,1
2017,6,1,19,28,50.0836401367187,1
2017,6,1,19,28,51.8895458984375,1
2017,6,1,19,28,53.6952961425781,1
2017,6,1,19,28,55.5011611328125,1
2017,6,1,19,28,57.3076860351563,1
2017,6,1,19,28,59.1135400390625,1
2017,6,1,19,29,0.91933984375,1
2017,6,1,19,29,2.72527001953125,1
2017,6,1,19,29,4.53109204101562,1
2017,6,1,19,29,6.3370419921875,1
2017,6,1,19,29,8.14297998046875,1
2017,6,1,19,29,9.94878002929688,1
2017,6,1,19,29,11.7545649414062,1
2017,6,1,19,29,13.5602878417969,1
2017,6,1,19,29,15.3661599121094,1
2017,6,1,19,29,17.1718591308594,1
2017,6,1,19,29,18.9777329101562,1
2017,6,1,19,29,20.7834670410156,1
2017,6,1,19,29,22.5892260742188,1
2017,6,1,19,29,24.3950810546875,1
2017,6,1,19,29,26.2010090332031,1
2017,6,1,19,29,28.0087038574219,1
2017,6,1,19,29,29.812546875,1
2017,6,1,19,29,31.6183410644531,1
2017,6,1,19,29,33.4241489257813,1
2017,6,1,19,29,35.2300561523437,1
2017,6,1,19,29,37.0357919921875,1
2017,6,1,19,29,38.8415539550781,1
2017,6,1,19,29,40.647333984375,1
2017,6,1,19,29,42.4532160644531,1
2017,6,1,19,29,44.2591418457031,1
2017,6,1,19,29,46.065119140625,1
2017,6,1,19,29,47.8708220214844,1
2017,6,1,19,29,49.6765849609375,1
2017,6,1,19,29,51.4824851074219,1
2017,6,1,19,29,53.2883879394531,1
2017,6,1,19,29,55.094373046875,1
2017,6,1,19,29,56.9003588867187,1
2017,6,1,19,29,58.7063269042969,1
2017,6,1,19,30,0.51204296875,1
2017,6,1,19,30,2.31785205078125,1
2017,6,1,19,30,4.1235849609375,1
2017,6,1,19,30,5.9295419921875,1
2017,6,1,19,30,7.73548608398437,1
2017,6,1,19,30,9.54131103515625,1
2017,6,1,19,30,11.347255859375,1
2017,6,1,19,30,13.1530891113281,1
2017,6,1,19,30,14.9588830566406,1
2017,6,1,19,30,16.7646350097656,1
2017,6,1,19,30,18.5704379882812,1
2017,6,1,19,30,20.3764130859375,1
2017,6,1,19,30,22.1821379394531,1
2017,6,1,19,30,23.9879079589844,1
2017,6,1,19,30,25.7936589355469,1
2017,6,1,19,30,27.599580078125,1
2017,6,1,19,30,29.4052939453125,1
2017,6,1,19,30,31.2110441894531,1
2017,6,1,19,30,33.0170290527344,1
2017,6,1,19,32,9.32175903320313,1
2017,6,1,19,32,11.1277248535156,1
2017,6,1,19,32,13.0226540527344,1
2017,6,1,19,32,14.8285930175781,1
2017,6,1,19,32,16.6640798339844,1
2017,6,1,19,32,18.6325090332031,1
2017,6,1,19,32,20.4382619628906,1
2017,6,1,19,32,22.4981921386719,1
2017,6,1,19,32,24.3040280761719,1
2017,6,1,19,32,26.2112629394531,1
2017,6,1,19,32,28.2134230957031,1
2017,6,1,19,32,30.0395080566406,1
2017,6,1,19,32,31.8452280273438,1
2017,6,1,19,32,33.6645,1
2017,6,1,19,32,35.4702648925781,1
2017,6,1,19,32,37.3126149902344,1
2017,6,1,19,32,39.1890339355469,1
2017,6,1,19,32,41.0286911621094,1
2017,6,1,19,32,42.8424780273438,1
2017,6,1,19,32,44.6631091308594,1
2017,6,1,19,32,46.6734431152344,1
2017,6,1,19,32,48.4791950683594,1
2017,6,1,19,32,50.3079260253906,1
2017,6,1,19,32,52.4522758789062,1
2017,6,1,19,32,54.4535,1
2017,6,1,19,32,56.4370388183594,1
2017,6,1,19,32,58.616208984375,1
2017,6,1,19,33,0.422073974609375,1
2017,6,1,19,33,2.260962890625,1
2017,6,1,19,33,4.23297094726562,1
2017,6,1,19,33,6.03875,1
2017,6,1,19,33,7.85179296875,1
2017,6,1,19,33,9.72499389648437,1
2017,6,1,19,33,11.6439230957031,1
2017,6,1,19,33,13.6662109375,1
2017,6,1,19,33,15.4721291503906,1
2017,6,1,19,33,17.4105598144531,1
2017,6,1,19,33,19.2417890625,1
2017,6,1,19,33,21.2908110351562,1
2017,6,1,19,33,23.1152890625,1
2017,6,1,19,33,25.0353090820313,1
2017,6,1,19,33,26.9169970703125,1
2017,6,1,19,33,28.7788359375,1
2017,6,1,19,33,30.832708984375,1
2017,6,1,19,33,32.7581960449219,1
2017,6,1,19,33,34.6455930175781,1
2017,6,1,19,33,36.8756840820312,1
2017,6,1,19,33,38.7089899902344,1
2017,6,1,19,33,40.6849738769531,1
2017,6,1,19,33,42.8530778808594,1
2017,6,1,19,33,44.6852080078125,1
2017,6,1,19,33,46.8461469726562,1
2017,6,1,19,33,48.68562890625,1
2017,6,1,19,33,50.4924609375,1
2017,6,1,19,33,52.3697561035156,1
2017,6,1,19,33,54.1756611328125,1
2017,6,1,19,33,56.0454409179687,1
2017,6,1,19,33,58.0356108398437,1
2017,6,1,19,33,59.8458591308594,1
2017,6,1,19,34,1.6709609375,1
2017,6,1,19,34,3.74129711914062,1
2017,6,1,19,34,5.69698193359375,1
2017,6,1,19,34,7.50282397460937,1
2017,6,1,19,34,9.3859208984375,1
2017,6,1,19,34,11.3952939453125,1
2017,6,1,19,34,13.3259731445313,1
2017,6,1,19,34,15.1907160644531,1
2017,6,1,19,34,17.1075080566406,1
2017,6,1,19,34,18.9134760742187,1
2017,6,1,19,34,20.726466796875,1
2017,6,1,19,34,22.7635241699219,1
2017,6,1,19,34,24.6966040039062,1
2017,6,1,19,34,26.5703198242187,1
2017,6,1,19,34,28.6866691894531,1
2017,6,1,19,34,30.4926008300781,1
2017,6,1,19,34,32.529083984375,1
2017,6,1,19,34,34.4969909667969,1
2017,6,1,19,34,36.34683984375,1
2017,6,1,19,34,38.2491708984375,1
2017,6,1,19,34,40.0975681152344,1
2017,6,1,19,34,42.0304428710937,1
2017,6,1,19,34,43.9364331054688,1
2017,6,1,19,34,45.7421750488281,1
2017,6,1,19,34,47.6882998046875,1
2017,6,1,19,34,49.7074038085938,1
2017,6,1,19,34,51.8027099609375,1
2017,6,1,19,34,53.7215769042969,1
2017,6,1,19,34,55.5274479980469,1
2017,6,1,19,34,57.4432529296875,1
2017,6,1,19,34,59.3983049316406,1
2017,6,1,19,35,1.32276708984375,1
2017,6,1,19,35,3.28005297851562,1
2017,6,1,19,35,5.14826611328125,1
2017,6,1,19,35,7.001001953125,1
2017,6,1,19,35,8.88418798828125,1
2017,6,1,19,35,10.6900439453125,1
2017,6,1,19,35,12.559375,1
2017,6,1,19,35,14.3919050292969,1
2017,6,1,19,35,16.40971484375,1
2017,6,1,19,35,18.338130859375,1
2017,6,1,19,35,20.174,1
2017,6,1,19,35,22.151708984375,1
2017,6,1,19,35,23.9577290039063,1
2017,6,1,19,35,25.8917329101563,1
2017,6,1,19,35,27.9021079101562,1
2017,6,1,19,35,29.7288129882812,1
2017,6,1,19,35,31.9148459472656,1
2017,6,1,19,35,34.1428479003906,1
2017,6,1,19,35,35.9486989746094,1
2017,6,1,19,35,37.8069050292969,2
2017,6,1,19,35,39.7114040527344,2
2017,6,1,19,35,41.7289770507813,2
2017,6,1,19,35,43.5886079101562,2
2017,6,1,19,35,45.3978740234375,2
2017,6,1,19,35,47.5565349121094,2
2017,6,1,19,35,49.3753630371094,2
2017,6,1,19,35,51.1810830078125,2
2017,6,1,19,35,52.9868791503906,2
2017,6,1,19,35,54.7928669433594,2
2017,6,1,19,35,56.5989150390625,2
2017,6,1,19,35,58.4047971191406,2
2017,6,1,19,36,0.21054296875,2
2017,6,1,19,36,2.01630395507813,2
2017,6,1,19,36,3.8220771484375,2
2017,6,1,19,36,5.627953125,2
2017,6,1,19,36,7.43373999023437,2
2017,6,1,19,36,9.23969506835937,2
2017,6,1,19,36,11.0455471191406,2
2017,6,1,19,36,12.8514030761719,2
2017,6,1,19,36,14.6573811035156,2
2017,6,1,19,36,16.4633181152344,1
2017,6,1,19,36,18.2693491210938,1
2017,6,1,19,36,20.07525390625,1
2017,6,1,19,36,21.8812270507812,1
2017,6,1,19,36,23.6873059082031,1
2017,6,1,19,36,25.4931098632813,1
2017,6,1,19,36,27.2990778808594,1
2017,6,1,19,36,29.1050378417969,1
2017,6,1,19,36,30.9107348632812,1
2017,6,1,19,36,32.7164660644531,1
2017,6,1,19,36,34.5223500976563,1
2017,6,1,19,36,36.3281979980469,1
2017,6,1,19,36,38.1341491699219,1
2017,6,1,19,36,39.9401020507812,1
2017,6,1,20,3,37.2714399414062,1
2017,6,1,20,3,39.179876953125,1
2017,6,1,20,3,41.0024641113281,1
2017,6,1,20,3,42.8352302246094,1
2017,6,1,20,3,44.7996162109375,1
2017,6,1,20,3,46.7948000488281,1
2017,6,1,20,3,48.6019270019531,1
2017,6,1,20,3,50.4899211425781,1
2017,6,1,20,3,52.5614860839844,1
2017,6,1,20,3,54.5204289550781,1
2017,6,1,20,3,56.5777370605469,1
2017,6,1,20,3,58.4885090332031,1
2017,6,1,20,4,0.4299140625,1
2017,6,1,20,4,2.457546875,1
2017,6,1,20,4,4.40977319335938,1
2017,6,1,20,4,6.33797509765625,1
2017,6,1,20,4,8.150119140625,1
2017,6,1,20,4,10.0065041503906,1
2017,6,1,20,4,11.8418020019531,1
2017,6,1,20,4,13.8107580566406,1
2017,6,1,20,4,15.7005278320313,1
2017,6,1,20,4,17.7606740722656,1
2017,6,1,20,4,19.5680480957031,1
2017,6,1,20,4,21.5474069824219,1
2017,6,1,20,4,23.4314260253906,1
2017,6,1,20,4,25.5772209472656,1
2017,6,1,20,4,27.5120791015625,1
2017,6,1,20,4,29.3179641113281,1
2017,6,1,20,4,31.2407229003906,1
2017,6,1,20,4,33.0464699707031,1
2017,6,1,20,4,34.8522370605469,1
2017,6,1,20,4,36.8453640136719,1
2017,6,1,20,4,38.8213569335937,1
2017,6,1,20,4,40.6272121582031,1
2017,6,1,20,4,42.5510280761719,1
2017,6,1,20,4,44.4517041015625,1
2017,6,1,20,4,46.421171875,1
2017,6,1,20,4,48.2269248046875,1
2017,6,1,20,4,50.0328979492188,1
2017,6,1,20,4,51.8656850585937,1
2017,6,1,20,4,53.8316459960937,1
2017,6,1,20,4,55.6503410644531,1
2017,6,1,20,4,57.5225981445313,1
2017,6,1,20,4,59.465255859375,1
2017,6,1,20,5,1.41597900390625,1
2017,6,1,20,5,3.40076098632812,1
2017,6,1,20,5,5.2137509765625,1
2017,6,1,20,5,7.01942895507812,1
2017,6,1,20,5,8.86888110351562,1
2017,6,1,20,5,10.7521779785156,1
2017,6,1,20,5,12.8066579589844,1
2017,6,1,20,5,14.6124638671875,1
2017,6,1,20,5,16.5504812011719,1
2017,6,1,20,5,18.4917858886719,1
2017,6,1,20,5,20.2245690917969,1
2017,6,1,20,5,22.2194230957031,1
2017,6,1,20,5,24.0359089355469,1
2017,6,1,20,5,25.95104296875,0
2017,6,1,20,5,27.9957622070312,0
2017,6,1,20,5,29.8429699707031,0
2017,6,1,20,5,31.6486560058594,0
2017,6,1,20,5,33.7890520019531,0
2017,6,1,20,5,35.7515690917969,0
2017,6,1,20,5,37.5573430175781,0
2017,6,1,20,5,39.5431198730469,0
2017,6,1,20,5,41.6584270019531,0
2017,6,1,20,5,43.5311091308594,0
2017,6,1,20,5,45.4875920410156,0
2017,6,1,20,5,47.4913488769531,1
2017,6,1,20,5,49.4179848632812,1
2017,6,1,20,5,51.4277250976562,1
2017,6,1,20,5,53.2801330566406,1
2017,6,1,20,5,55.1248911132813,1
2017,6,1,20,5,57.1608989257812,1
2017,6,1,20,5,58.966876953125,1
2017,6,1,20,6,0.774787841796875,1
2017,6,1,20,6,2.74663500976563,1
2017,6,1,20,6,4.57629296875,1
2017,6,1,20,6,6.44457495117187,1
2017,6,1,20,6,8.3822119140625,1
2017,6,1,20,6,10.2451831054687,1
2017,6,1,20,6,12.0519460449219,1
2017,6,1,20,6,13.8988330078125,1
2017,6,1,20,6,15.8645771484375,1
2017,6,1,20,6,17.9143820800781,1
2017,6,1,20,6,19.8346030273437,1
2017,6,1,20,6,21.6586789550781,1
2017,6,1,20,6,23.5246091308594,1
2017,6,1,20,6,25.5488740234375,1
2017,6,1,20,6,27.5627141113281,1
2017,6,1,20,6,29.4168588867187,1
2017,6,1,20,6,31.298041015625,1
2017,6,1,20,6,33.1924460449219,1
2017,6,1,20,6,35.0589868164062,1
2017,6,1,20,6,37.0025061035156,1
2017,6,1,20,6,38.8752290039062,1
2017,6,1,20,6,40.7009809570312,1
2017,6,1,20,6,42.5910791015625,1
2017,6,1,20,6,44.5353229980469,1
2017,6,1,20,6,46.482630859375,1
2017,6,1,20,6,48.3727619628906,1
2017,6,1,20,6,50.2155070800781,1
2017,6,1,20,6,52.3922819824219,1
2017,6,1,20,6,54.256548828125,1
2017,6,1,20,6,56.0829428710937,1
2017,6,1,20,6,57.8924108886719,1
2017,6,1,20,6,59.6981950683594,1
2017,6,1,20,7,1.54579711914063,1
2017,6,1,20,7,3.555787109375,1
2017,6,1,20,7,5.36172998046875,1
2017,6,1,20,7,7.35605102539062,1
2017,6,1,20,7,9.31315502929687,1
2017,6,1,20,7,11.1369709472656,1
2017,6,1,20,7,13.0354699707031,1
2017,6,1,20,7,14.8842648925781,1
2017,6,1,20,7,16.9087060546875,1
2017,6,1,20,7,18.7332580566406,1
2017,6,1,20,7,20.5573698730469,1
2017,6,1,20,7,22.5617609863281,1
2017,6,1,20,7,24.5064169921875,1
2017,6,1,20,7,26.3539819335938,1
2017,6,1,20,7,28.2221520996094,1
2017,6,1,20,7,30.0733381347656,1
2017,6,1,20,7,31.91262890625,1
2017,6,1,20,7,33.944046875,1
2017,6,1,20,7,35.8970629882812,1
2017,6,1,20,7,37.9487458496094,1
2017,6,1,20,7,39.9896171875,1
2017,6,1,20,7,41.8973132324219,1
2017,6,1,20,7,44.3197729492188,1
2017,6,1,20,7,46.1579431152344,1
2017,6,1,20,7,48.0786599121094,1
2017,6,1,20,7,49.9076499023437,1
2017,6,1,20,7,51.8806469726563,1
2017,6,1,20,7,53.6865380859375,1
2017,6,1,20,7,55.5788039550781,1
2017,6,1,20,7,57.5984279785156,1
2017,6,1,20,7,59.4042028808594,1
2017,6,1,20,8,1.43238598632812,1
2017,6,1,20,8,3.40592602539063,1
2017,6,1,20,8,5.21190698242188,1
2017,6,1,20,8,7.0554951171875,1
2017,6,1,20,8,9.32727197265625,1
2017,6,1,20,8,11.2857009277344,1
2017,6,1,20,8,13.0981291503906,1
2017,6,1,20,8,14.9182587890625,1
2017,6,1,20,8,16.8984169921875,1
2017,6,1,20,8,18.7043659667969,1
2017,6,1,20,8,20.5585810546875,1
2017,6,1,20,8,22.5633198242188,1
2017,6,1,20,8,24.369216796875,1
2017,6,1,20,8,26.1793662109375,1
2017,6,1,20,8,28.0454370117188,1
2017,6,1,20,8,29.9187661132813,1
2017,6,1,20,8,32.098083984375,1
2017,6,1,20,8,34.0428190917969,1
2017,6,1,20,8,35.9295869140625,1
2017,6,1,20,8,38.103166015625,1
2017,6,1,20,8,39.9290568847656,1
2017,6,1,20,8,41.85824609375,1
2017,6,1,20,8,43.7630651855469,1
2017,6,1,20,8,45.5690451660156,1
2017,6,1,20,8,47.5032810058594,1
2017,6,1,20,8,49.3550361328125,1
2017,6,1,20,8,51.2329370117187,1
2017,6,1,20,8,53.0960158691406,1
2017,6,1,20,8,55.0895649414063,1
2017,6,1,20,8,57.0609370117187,1
2017,6,1,20,8,58.9304250488281,1
2017,6,1,20,9,0.943845947265625,1
2017,6,1,20,9,2.76785400390625,1
2017,6,1,20,9,4.57364501953125,1
2017,6,1,20,9,6.379708984375,1
2017,6,1,20,9,8.18540991210937,1
2017,6,1,20,9,9.99125903320313,1
2017,6,1,20,9,11.7971889648438,1
2017,6,1,20,9,13.6031010742188,1
2017,6,1,20,9,15.4089270019531,1
2017,6,1,20,9,17.214744140625,1
2017,6,1,20,9,19.0206499023437,1
2017,6,1,20,9,20.8265432128906,1
2017,6,1,20,9,22.6323149414062,1
2017,6,1,20,9,24.4380478515625,1
2017,6,1,20,9,26.2439880371094,1
2017,6,1,20,9,28.0498391113281,1
2017,6,1,20,9,29.8557797851563,1
2017,6,1,20,9,31.661708984375,1
2017,6,1,20,9,33.4674848632812,1
2017,6,1,20,9,35.2731770019531,1
2017,6,1,20,9,37.0789138183594,1
2017,6,1,20,9,38.884830078125,1
2017,6,1,20,9,40.6905241699219,1
2017,6,1,20,9,42.4962202148438,1
2017,6,1,20,9,44.3021220703125,1
2017,6,1,20,9,46.1081008300781,1
2017,6,1,20,9,47.9140729980469,1
2017,6,1,20,9,49.720130859375,1
2017,6,1,20,9,51.5257900390625,1
2017,6,1,20,9,53.3314909667969,1
2017,6,1,20,9,55.1371760253906,1
2017,6,1,20,9,56.9430920410156,1
2017,6,1,20,9,58.74887109375,1
2017,6,1,20,10,0.55473583984375,1
2017,6,1,20,10,2.36072119140625,1
2017,6,1,20,10,4.16668017578125,1
2017,6,1,20,10,5.97282104492187,1
2017,6,1,20,10,7.778537109375,1
2017,6,1,20,10,9.58447705078125,1
2017,6,1,20,10,11.3901921386719,1
2017,6,1,20,10,13.1961201171875,1
2017,6,1,20,10,15.001912109375,1
2017,6,1,20,10,16.8077258300781,1
2017,6,1,20,10,18.6136091308594,1
2017,6,1,20,10,20.419408203125,1
2017,6,1,20,10,22.2252758789062,1
2017,6,1,20,10,24.0321508789063,1
2017,6,1,20,10,25.8378540039063,1
2017,6,1,20,10,27.6436459960937,1
2017,6,1,20,10,29.4495939941406,1
2017,6,1,20,10,31.255376953125,1
2017,6,1,20,10,33.0613659667969,1
2017,6,1,20,10,34.8670869140625,1
2017,6,1,20,10,36.6729660644531,1
2017,6,1,20,10,38.4789360351563,1
2017,6,1,20,10,40.2848688964844,1
2017,6,1,20,10,42.090783203125,1
2017,6,1,20,10,43.8964890136719,1
2017,6,1,20,10,45.7022080078125,1
2017,6,1,20,10,47.5081240234375,1
2017,6,1,20,10,49.3138471679688,1
2017,6,1,20,10,51.1195849609375,1
2017,6,1,20,10,52.9255100097656,1
2017,6,1,20,10,54.7312419433594,1
2017,6,1,20,10,56.537169921875,1
2017,6,1,20,10,58.3428859863281,1
2017,6,1,20,11,0.148635009765625,1
2017,6,1,20,11,1.95431811523438,1
2017,6,1,20,11,3.76008520507813,1
2017,6,1,20,11,5.56598706054687,1
2017,6,1,20,11,7.37184301757812,1
2017,6,1,20,11,9.17764599609375,1
2017,6,1,20,11,10.9834299316406,1
2017,6,1,20,11,12.7892749023438,1
2017,6,1,20,11,14.5950529785156,1
2017,6,1,20,11,16.4009348144531,1
2017,6,1,20,11,18.2067429199219,1
2017,6,1,20,11,20.0126298828125,1
2017,6,1,20,11,21.8183720703125,1
2017,6,1,20,11,23.6241391601563,1
2017,6,1,20,11,25.4299279785156,1
2017,6,1,20,11,27.2356579589844,1
2017,6,1,20,11,29.0415708007813,1
2017,6,1,20,11,30.8472849121094,1
2017,6,1,20,11,32.6531728515625,1
2017,6,1,20,11,34.4591140136719,1
2017,6,1,20,11,36.26487890625,1
2017,6,1,20,11,38.0706870117188,1
2017,6,1,20,11,39.87650390625,1
2017,6,1,20,11,41.6822719726563,1
2017,6,1,20,11,43.4882541503906,1
2017,6,1,20,11,45.2939809570313,1
2017,6,1,20,11,47.0998608398437,1
2017,6,1,20,11,48.9058288574219,1
2017,6,1,20,11,50.7115830078125,1
2017,6,1,20,11,52.5175070800781,1
2017,6,1,20,11,54.3234580078125,1
2017,6,1,20,11,56.1293588867187,1
2017,6,1,20,11,57.9353120117188,1
2017,6,1,20,11,59.7412661132812,1
2017,6,1,20,12,1.54709692382812,1
2017,6,1,20,12,3.35293505859375,1
2017,6,1,20,12,5.158787109375,1
2017,6,1,20,12,6.96448583984375,1
2017,6,1,20,12,8.77042602539063,1
2017,6,1,20,12,10.5762939453125,1
2017,6,1,20,12,12.3822490234375,1
2017,6,1,20,12,14.1880100097656,1
2017,6,1,20,12,15.9940520019531,1
2017,6,1,20,12,17.7999670410156,1
2017,6,1,20,12,19.6057729492187,1
2017,6,1,20,12,21.4116931152344,1
2017,6,1,20,12,23.2175979003906,1
2017,6,1,20,12,25.0234638671875,1
2017,6,1,20,12,26.8291530761719,1
2017,6,1,20,12,28.6348349609375,1
2017,6,1,20,12,30.4406010742188,1
2017,6,1,20,12,32.2463410644531,1
2017,6,1,20,12,34.0520930175781,1
2017,6,1,20,12,35.8577670898437,1
2017,6,1,20,12,37.6636479492187,1
2017,6,1,20,12,39.4693679199219,1
2017,6,1,20,12,41.2751701660156,1
2017,6,1,20,12,43.0808530273437,1
2017,6,1,20,12,44.8867331542969,1
2017,6,1,20,12,46.6924619140625,1
2017,6,1,20,12,48.4984050292969,1
2017,6,1,20,12,50.3043078613281,1
2017,6,1,20,12,52.1100949707031,1
2017,6,1,20,12,53.9158430175781,1
2017,6,1,20,12,55.7222858886719,1
2017,6,1,20,12,57.5274689941406,1
2017,6,1,20,12,59.333244140625,1
2017,6,1,20,13,1.13910302734375,1
2017,6,1,20,13,2.94507299804688,1
2017,6,1,20,13,4.75074194335938,1
2017,6,1,20,13,6.5564599609375,1
2017,6,1,20,13,8.36236401367188,1
2017,6,1,20,13,10.16829296875,1
2017,6,1,20,13,11.9742600097656,1
2017,6,1,20,13,13.7800952148437,1
2017,6,1,20,13,15.5858369140625,1
2017,6,1,20,13,17.3916779785156,1
2017,6,1,20,13,19.19753515625,1
2017,6,1,20,13,21.0032700195313,1
2017,6,1,20,13,22.8090588378906,1
2017,6,1,20,13,24.6147629394531,1
2017,6,1,20,13,26.4205100097656,1
2017,6,1,20,13,28.226337890625,1
2017,6,1,20,13,30.0322338867187,1
2017,6,1,20,13,31.8381970214844,1
2017,6,1,20,13,33.6440788574219,1
2017,6,1,20,13,35.4498049316406,1
2017,6,1,20,13,37.2558020019531,1
2017,6,1,20,13,39.0614060058594,1
2017,6,1,20,13,40.8671359863281,1
2017,6,1,20,13,42.6729050292969,1
2017,6,1,20,13,44.4787648925781,1
2017,6,1,20,13,46.2846669921875,1
2017,6,1,20,13,48.0904938964844,1
2017,6,1,20,13,49.8963229980469,1
2017,6,1,20,13,51.7020029296875,1
2017,6,1,20,13,53.5077219238281,1
2017,6,1,20,13,55.3136909179687,1
2017,6,1,20,13,57.1194118652344,1
2017,6,1,20,13,58.925287109375,1
2017,6,1,20,14,0.731010986328125,1
2017,6,1,20,14,2.53721606445312,1
2017,6,1,20,14,4.34318408203125,1
2017,6,1,20,14,6.14896997070313,1
2017,6,1,20,14,7.95491015625,1
2017,6,1,20,14,9.76059106445313,1
2017,6,1,20,14,11.5666489257812,1
2017,6,1,20,14,13.3723500976563,1
2017,6,1,20,14,15.1780649414062,1
2017,6,1,20,14,16.98375390625,1
2017,6,1,20,14,18.7895869140625,1
2017,6,1,20,14,20.5954470214844,1
2017,6,1,20,14,22.4012690429687,1
2017,6,1,20,14,24.2073618164063,1
2017,6,1,20,14,26.0132260742187,1
2017,6,1,20,14,27.8191899414063,1
2017,6,1,20,14,29.6251179199219,1
2017,6,1,20,14,31.4310651855469,1
2017,6,1,20,14,33.23712109375,1
2017,6,1,20,14,35.0426979980469,1
2017,6,1,20,14,36.8484968261719,1
2017,6,1,20,14,38.6544111328125,1
2017,6,1,20,14,40.4601271972656,1
2017,6,1,20,14,42.2661059570313,1
2017,6,1,20,14,44.0719357910156,1
2017,6,1,20,14,45.8779558105469,1
2017,6,1,20,14,47.6836459960938,1
2017,6,1,20,14,49.4894868164062,1
2017,6,1,20,14,51.2952260742188,1
2017,6,1,20,14,53.1010971679688,1
2017,6,1,20,14,54.9069230957031,1
2017,6,1,20,14,56.71275390625,1
2017,6,1,20,14,58.5186728515625,1
2017,6,1,20,15,0.324650146484375,1
2017,6,1,20,15,2.13039086914063,1
2017,6,1,20,15,3.9363369140625,1
2017,6,1,20,15,5.74227905273438,1
2017,6,1,20,15,7.54834301757812,1
2017,6,1,20,15,9.35424584960938,1
2017,6,1,20,15,11.1601970214844,1
2017,6,1,20,15,12.9660590820313,1
2017,6,1,20,15,14.7718588867187,1
2017,6,1,20,15,16.5777309570312,1
2017,6,1,20,15,18.3836821289063,1
2017,6,1,20,15,20.1895170898438,1
2017,6,1,20,15,21.9953420410156,1
2017,6,1,20,15,23.8012790527344,1
2017,6,1,20,15,25.6069851074219,1
2017,6,1,20,15,27.412791015625,1
2017,6,1,20,15,29.2187810058594,1
2017,6,1,20,15,31.0245319824219,1
2017,6,1,20,15,32.8302199707031,1
2017,6,1,20,15,34.6361479492188,1
2017,6,1,20,15,36.4420061035156,1
2017,6,1,20,15,38.2477810058594,1
2017,6,1,20,15,40.053705078125,1
2017,6,1,20,15,41.8596101074219,1
2017,6,1,20,15,43.6654140625,1
2017,6,1,20,15,45.4711240234375,1
2017,6,1,20,15,47.2768530273437,1
2017,6,1,20,15,49.0828020019531,1
2017,6,1,20,15,50.8884831542969,1
2017,6,1,20,15,52.6942119140625,1
2017,6,1,20,15,54.4999899902344,1
2017,6,1,20,15,56.3057419433594,1
2017,6,1,20,15,58.1114809570312,1
2017,6,1,20,15,59.9171860351562,1
2017,6,1,20,16,1.72303002929687,1
2017,6,1,20,16,3.5289609375,1
2017,6,1,20,16,5.33475219726563,1
2017,6,1,20,16,7.14049291992187,1
2017,6,1,20,16,8.94639208984375,1
2017,6,1,20,16,10.7521901855469,1
2017,6,1,20,16,12.5579870605469,1
2017,6,1,20,16,14.3639270019531,1
2017,6,1,20,16,16.1698430175781,1
2017,6,1,20,16,17.9754938964844,1
2017,6,1,20,16,19.7814750976563,1
2017,6,1,20,16,21.5872490234375,1
2017,6,1,20,16,23.3929309082031,1
2017,6,1,20,16,25.198837890625,1
2017,6,1,20,16,27.0046311035156,1
2017,6,1,20,16,28.8104750976563,1
2017,6,1,20,16,30.6162231445313,1
2017,6,1,20,16,32.42216796875,1
2017,6,1,20,16,34.228,1
2017,6,1,20,16,36.0339108886719,1
2017,6,1,20,16,37.8396340332031,1
2017,6,1,20,16,39.6454189453125,1
2017,6,1,20,16,41.4513039550781,1
2017,6,1,20,16,43.2571149902344,1
2017,6,1,20,16,45.0630458984375,1
2017,6,1,20,16,46.8688918457031,1
2017,6,1,20,16,48.6746640625,1
2017,6,1,20,16,50.4823720703125,1
2017,6,1,20,16,52.2865500488281,1
2017,6,1,20,16,54.0923928222656,1
2017,6,1,20,16,55.8981179199219,1
2017,6,1,20,16,57.7039460449219,1
2017,6,1,20,16,59.5098979492187,1
2017,6,1,20,17,1.31568701171875,1
2017,6,1,20,17,3.1217060546875,1
2017,6,1,20,17,4.92742797851562,1
2017,6,1,20,17,6.73331811523437,1
2017,6,1,20,17,8.53921899414063,1
2017,6,1,20,17,10.3450151367188,1
2017,6,1,20,17,12.1507880859375,1
2017,6,1,20,17,13.9565788574219,1
2017,6,1,20,17,15.7622768554688,1
2017,6,1,20,17,17.572423828125,1
2017,6,1,20,17,19.3782429199219,1
2017,6,1,20,17,21.1841928710937,1
2017,6,1,20,17,22.9901450195313,1
2017,6,1,20,17,24.7958920898438,1
2017,6,1,20,17,26.6017919921875,1
2017,6,1,20,17,28.4076530761719,1
2017,6,1,20,17,30.2135788574219,1
2017,6,1,20,17,32.0195129394531,1
2017,6,1,20,17,33.8252680664063,1
2017,6,1,20,17,35.6311909179688,1
2017,6,1,20,17,37.4371008300781,1
2017,6,1,20,17,39.2430478515625,1
2017,6,1,20,17,41.0487900390625,1
2017,6,1,20,17,42.8546059570312,1
2017,6,1,20,17,44.6605300292969,1
2017,6,1,20,17,46.4663720703125,1
2017,6,1,20,17,48.272201171875,1
2017,6,1,20,17,50.0779489746094,1
2017,6,1,20,17,51.8839240722656,1
2017,6,1,20,17,53.6897548828125,1
2017,6,1,20,17,55.4956811523437,1
2017,6,1,20,17,57.3016328125,1
2017,6,1,20,17,59.1076040039063,1
2017,6,1,20,18,0.913335205078125,1
2017,6,1,20,18,2.71923706054687,1
2017,6,1,20,18,4.52506298828125,1
2017,6,1,20,18,6.33084619140625,1
2017,6,1,20,18,8.13682592773437,1
2017,6,1,20,18,9.9427919921875,1
2017,6,1,20,18,11.7486359863281,1
2017,6,1,20,18,13.5543620605469,1
2017,6,1,20,18,15.3602829589844,1
2017,6,1,20,18,17.1659990234375,1
2017,6,1,20,18,18.971791015625,1
2017,6,1,20,18,20.7776879882813,1
2017,6,1,20,18,22.5834489746094,1
2017,6,1,20,18,24.3891440429687,1
2017,6,1,20,18,26.1949318847656,1
2017,6,1,20,18,28.0006979980469,1
2017,6,1,20,18,29.8066179199219,1
2017,6,1,20,18,31.6123979492187,1
2017,6,1,20,18,33.4182260742188,1
2017,6,1,20,18,35.2241330566406,1
2017,6,1,20,18,37.0300969238281,1
2017,6,1,20,18,38.8358530273438,1
2017,6,1,20,18,40.6416450195313,1
2017,6,1,20,18,42.4546020507812,1
2017,6,1,20,18,44.2611149902344,1
2017,6,1,20,18,46.0665400390625,1
2017,6,1,20,18,47.87241796875,1
2017,6,1,20,18,49.6783491210938,1
2017,6,1,20,18,51.4859260253906,1
2017,6,1,20,18,53.2917170410156,1
2017,6,1,20,18,55.0974760742187,1
2017,6,1,20,18,56.903162109375,1
2017,6,1,20,18,58.709126953125,1
2017,6,1,20,19,0.51493310546875,1
2017,6,1,20,19,2.3209072265625,1
2017,6,1,20,19,4.12664111328125,1
2017,6,1,20,19,5.93250708007812,1
2017,6,1,20,19,7.73840698242187,1
2017,6,1,20,19,9.54439794921875,1
2017,6,1,20,19,11.3503178710938,1
2017,6,1,20,19,13.1560910644531,1
2017,6,1,20,19,14.9618388671875,1
2017,6,1,20,19,16.7678198242188,1
2017,6,1,20,19,18.5735549316406,1
2017,6,1,20,19,20.379333984375,1
2017,6,1,20,19,22.1852041015625,1
2017,6,1,20,19,23.9909201660156,1
2017,6,1,20,19,25.7968330078125,1
2017,6,1,20,19,27.6027729492187,1
2017,6,1,20,19,29.408623046875,1
2017,6,1,20,19,31.2144660644531,1
2017,6,1,20,19,33.0200500488281,1
2017,6,1,20,19,34.8260310058594,1
2017,6,1,20,19,36.6320100097656,1
2017,6,1,20,19,38.4379660644531,1
2017,6,1,20,19,40.2437551269531,1
2017,6,1,20,19,42.0497351074219,1
2017,6,1,20,19,43.855498046875,1
2017,6,1,20,19,45.6614790039063,1
2017,6,1,20,19,47.4671730957031,1
2017,6,1,20,19,49.2730419921875,1
2017,6,1,20,19,51.0789689941406,1
2017,6,1,20,19,52.88470703125,1
2017,6,1,20,19,54.6906389160156,1
2017,6,1,20,19,56.4963400878906,1
2017,6,1,20,19,58.3021640625,1
2017,6,1,20,20,0.108118896484375,1
2017,6,1,20,20,1.91388403320313,1
2017,6,1,20,20,3.71958984375,1
2017,6,1,20,20,5.52538696289063,1
2017,6,1,20,20,7.33674609375,1
2017,6,1,20,20,9.14247485351562,1
2017,6,1,20,20,10.948455078125,1
2017,6,1,20,20,12.7542729492188,1
2017,6,1,20,20,14.5601789550781,1
2017,6,1,20,20,16.366216796875,1
2017,6,1,20,20,18.1721560058594,1
2017,6,1,20,20,19.9779848632813,1
2017,6,1,20,20,21.7838349609375,1
2017,6,1,20,20,23.5895358886719,1
2017,6,1,20,20,25.39546484375,1
2017,6,1,20,20,27.2011730957031,1
2017,6,1,20,20,29.0139191894531,1
2017,6,1,20,20,30.8198110351562,1
2017,6,1,20,20,32.6256909179687,1
2017,6,1,20,20,34.432,1
2017,6,1,20,20,36.2379470214844,1
2017,6,1,20,20,38.0439108886719,1
2017,6,1,20,20,39.8497160644531,1
2017,6,1,20,20,41.6555090332031,1
2017,6,1,20,20,43.4612719726562,1
2017,6,1,20,20,45.26716796875,1
2017,6,1,20,20,47.0729128417969,1
2017,6,1,20,20,48.8787060546875,1
2017,6,1,20,20,50.6844460449219,1
2017,6,1,20,20,52.4903549804688,1
2017,6,1,20,20,54.2961049804687,1
2017,6,1,20,20,56.1018669433594,1
2017,6,1,20,20,57.907751953125,1
2017,6,1,20,20,59.7134799804687,1
2017,6,1,20,21,1.51935009765625,1
2017,6,1,20,21,3.32507983398438,1
2017,6,1,20,21,5.13085791015625,1
2017,6,1,20,21,6.93680688476563,1
2017,6,1,20,21,8.74249096679688,1
2017,6,1,20,21,10.5484689941406,1
2017,6,1,20,21,12.3544279785156,1
2017,6,1,20,21,14.1603569335938,1
2017,6,1,20,21,15.9660561523438,1
2017,6,1,20,21,17.7717680664062,1
2017,6,1,20,21,19.5779350585937,1
2017,6,1,20,21,21.3837080078125,1
2017,6,1,20,21,23.1894829101563,1
2017,6,1,20,21,24.9952900390625,1
2017,6,1,20,21,26.8010981445312,1
2017,6,1,20,21,28.6069860839844,1
2017,6,1,20,21,30.4127270507812,1
2017,6,1,20,21,32.2191501464844,1
2017,6,1,20,21,34.0259111328125,1
2017,6,1,20,21,35.8317561035156,1
2017,6,1,20,21,37.637833984375,1
2017,6,1,20,21,39.4435178222656,1
2017,6,1,20,21,41.2493200683594,1
2017,6,1,20,21,43.0551198730469,1
2017,6,1,20,21,44.8608349609375,1
2017,6,1,20,21,46.6665759277344,1
2017,6,1,20,21,48.4724260253906,1
2017,6,1,20,21,50.2784360351562,1
2017,6,1,20,21,52.084203125,1
2017,6,1,20,21,53.889958984375,1
2017,6,1,20,21,55.6958610839844,1
2017,6,1,20,21,57.5017731933594,1
2017,6,1,20,21,59.307544921875,1
2017,6,1,20,22,1.11336889648438,1
2017,6,1,20,22,2.91921899414062,1
2017,6,1,20,22,4.72504296875,1
2017,6,1,20,22,6.53089501953125,1
2017,6,1,20,22,8.33668408203125,1
2017,6,1,20,22,10.1425458984375,1
2017,6,1,20,22,11.9482299804687,1
2017,6,1,20,22,13.7539580078125,1
2017,6,1,20,22,15.5597819824219,1
2017,6,1,20,22,17.3655319824219,1
2017,6,1,20,22,19.1714990234375,1
2017,6,1,20,22,20.9772980957031,1
2017,6,1,20,22,22.7831650390625,1
2017,6,1,20,22,24.5895390625,1
2017,6,1,20,22,26.3953991699219,1
2017,6,1,20,22,28.2013608398438,1
2017,6,1,20,22,30.0072260742187,1
2017,6,1,20,22,31.8129289550781,1
2017,6,1,20,22,33.6186149902344,1
2017,6,1,20,22,35.4244470214844,1
2017,6,1,20,22,37.2303659667969,1
2017,6,1,20,22,39.0363317871094,1
2017,6,1,20,22,40.8420500488281,1
2017,6,1,20,22,42.647748046875,1
2017,6,1,20,22,44.4535339355469,1
2017,6,1,20,22,46.2593637695312,1
2017,6,1,20,22,48.0650981445312,1
2017,6,1,20,22,49.8707980957031,1
2017,6,1,20,22,51.6767211914063,1
2017,6,1,20,22,53.4825361328125,1
2017,6,1,20,22,55.2882299804687,1
2017,6,1,20,22,57.1011628417969,1
2017,6,1,20,22,58.906916015625,1
2017,6,1,20,23,0.712711181640625,1
2017,6,1,20,23,2.51842602539062,1
2017,6,1,20,23,4.32435205078125,1
2017,6,1,20,23,6.13032690429687,1
2017,6,1,20,23,7.93622998046875,1
2017,6,1,20,23,9.74202197265625,1
2017,6,1,20,23,11.5477141113281,1
2017,6,1,20,23,13.3534650878906,1
2017,6,1,20,23,15.15920703125,1
2017,6,1,20,23,16.96516796875,1
2017,6,1,20,23,18.7710249023438,1
2017,6,1,20,23,20.5768249511719,1
2017,6,1,20,23,22.3827709960938,1
2017,6,1,20,23,24.188505859375,1
2017,6,1,20,23,25.9944660644531,1
2017,6,1,20,23,27.8006379394531,1
2017,6,1,20,23,29.6063659667969,1
2017,6,1,20,23,31.4123288574219,1
2017,6,1,20,23,33.2180900878906,1
2017,6,1,20,23,35.0239501953125,1
2017,6,1,20,23,36.8296599121094,1
2017,6,1,20,23,38.6353811035156,1
2017,6,1,20,23,40.442044921875,1
2017,6,1,20,23,42.24795703125,1
2017,6,1,20,23,44.0539479980469,1
2017,6,1,20,23,45.8596799316406,1
2017,6,1,20,23,47.6653669433594,1
2017,6,1,20,23,49.4712150878906,1
2017,6,1,20,23,51.2770158691406,1
2017,6,1,20,23,53.0829279785156,1
2017,6,1,20,23,54.8886311035156,1
2017,6,1,20,23,56.6943779296875,1
2017,6,1,20,23,58.5001809082031,1
2017,6,1,20,24,0.306025146484375,1
2017,6,1,20,24,2.112041015625,1
2017,6,1,20,24,3.917958984375,1
2017,6,1,20,24,5.72393286132812,1
2017,6,1,20,24,7.52984497070312,1
2017,6,1,20,24,9.33563793945313,1
2017,6,1,20,24,11.1415341796875,1
2017,6,1,20,24,12.9472260742188,1
2017,6,1,20,24,14.7530290527344,1
2017,6,1,20,24,16.5589890136719,1
2017,6,1,20,24,18.3646940917969,1
2017,6,1,20,24,20.1705109863281,1
2017,6,1,20,24,21.9763879394531,1
2017,6,1,20,24,23.7822780761719,1
2017,6,1,20,24,25.5882512207031,1
2017,6,1,20,24,27.3941818847656,1
2017,6,1,20,24,29.1999829101563,1
2017,6,1,20,24,31.0057211914062,1
2017,6,1,20,24,36.5391591796875,1
2017,6,1,20,24,38.3450971679688,1
2017,6,1,20,24,40.1508291015625,1
2017,6,1,20,24,41.9567709960938,1
2017,6,1,20,24,43.7628259277344,1
2017,6,1,20,24,45.5685209960938,1
2017,6,1,20,24,47.3743068847656,1
2017,6,1,20,24,49.1801281738281,1
2017,6,1,20,24,50.985919921875,1
2017,6,1,20,24,52.7918798828125,1
2017,6,1,20,24,54.597578125,1
2017,6,1,20,24,56.4036408691406,1
2017,6,1,20,24,58.210291015625,1
2017,6,1,20,25,0.0154580078125,1
2017,6,1,20,25,1.821166015625,1
2017,6,1,20,25,3.62697509765625,1
2017,6,1,20,25,5.4329599609375,1
2017,6,1,20,25,7.2387158203125,1
2017,6,1,20,25,9.04444409179687,1
2017,6,1,20,25,10.8503520507813,1
2017,6,1,20,25,12.65604296875,1
2017,6,1,20,25,14.4617839355469,1
2017,6,1,20,25,16.26758203125,1
2017,6,1,20,25,18.0736000976563,1
2017,6,1,20,25,19.8793571777344,1
2017,6,1,20,25,21.6850581054688,1
2017,6,1,20,25,23.4908598632813,1
2017,6,1,20,25,25.2965541992188,1
2017,6,1,20,25,27.1022880859375,1
2017,6,1,20,25,28.9081162109375,1
2017,6,1,20,25,30.7142041015625,1
2017,6,1,20,25,32.5199460449219,1
2017,6,1,20,25,34.3258618164063,1
2017,6,1,20,25,36.1316330566406,1
2017,6,1,20,25,37.9374038085937,1
2017,6,1,20,25,39.7432270507813,1
2017,6,1,20,25,41.5491149902344,1
2017,6,1,20,25,43.3550190429687,1
2017,6,1,20,25,45.1609621582031,1
2017,6,1,20,25,46.966828125,1
2017,6,1,20,25,48.7725168457031,1
2017,6,1,20,25,50.5783469238281,1
2017,6,1,20,25,52.3841960449219,1
2017,6,1,20,25,54.1899279785156,1
2017,6,1,20,25,55.9959020996094,1
2017,6,1,20,25,57.8023310546875,1
2017,6,1,20,25,59.6082670898437,1
2017,6,1,20,26,1.41395581054688,1
2017,6,1,20,26,3.21983203125,1
2017,6,1,20,26,5.02577001953125,1
2017,6,1,20,26,6.83170092773438,1
2017,6,1,20,26,8.63764086914063,1
2017,6,1,20,26,10.4435261230469,1
2017,6,1,20,26,12.2492990722656,1
2017,6,1,20,26,14.0552238769531,1
2017,6,1,20,26,15.8609809570313,1
2017,6,1,20,26,17.6669418945312,1
2017,6,1,20,26,19.4728330078125,1
2017,6,1,20,26,21.2786540527344,1
2017,6,1,20,26,23.0845161132812,1
2017,6,1,20,26,24.8902238769531,1
2017,6,1,20,26,26.6961169433594,1
2017,6,1,20,26,28.5019519042969,1
2017,6,1,20,26,30.3163879394531,1
2017,6,1,20,26,32.1223120117187,1
2017,6,1,20,26,33.9282629394531,1
2017,6,1,20,26,35.7340778808594,1
2017,6,1,20,26,37.5398759765625,1
2017,6,1,20,26,39.3458669433594,1
2017,6,1,20,26,41.1515568847656,1
2017,6,1,20,26,42.9573820800781,1
2017,6,1,20,26,44.7632709960938,1
2017,6,1,20,26,46.5689809570313,1
2017,6,1,20,26,48.37466796875,1
2017,6,1,20,26,50.1803649902344,1
2017,6,1,20,26,51.9861059570312,1
2017,6,1,20,26,53.7918410644531,1
2017,6,1,20,26,55.5976879882813,1
2017,6,1,20,26,57.4034331054687,1
2017,6,1,20,26,59.2093530273438,1
2017,6,1,20,27,1.01505078125,1
2017,6,1,20,27,2.82083520507812,1
2017,6,1,20,27,4.62655908203125,1
2017,6,1,20,27,6.43234399414063,1
2017,6,1,20,27,8.238255859375,1
2017,6,1,20,27,10.0442280273438,1
2017,6,1,20,27,11.850044921875,1
2017,6,1,20,27,13.655962890625,1
2017,6,1,20,27,15.4616188964844,1
2017,6,1,20,27,17.2674291992187,1
2017,6,1,20,27,19.0733581542969,1
2017,6,1,20,27,20.879328125,1
2017,6,1,20,27,22.6851279296875,1
2017,6,1,20,27,24.4908371582031,1
2017,6,1,20,27,26.2971020507812,1
2017,6,1,20,27,28.1030620117188,1
2017,6,1,20,27,29.9089790039062,1
2017,6,1,20,27,31.7149401855469,1
2017,6,1,20,27,33.5206857910156,1
2017,6,1,20,27,35.3267368164063,1
2017,6,1,20,27,37.1325668945313,1
2017,6,1,20,27,38.9382687988281,1
2017,6,1,20,27,40.7439970703125,1
2017,6,1,20,27,42.5496960449219,1
2017,6,1,20,27,44.3554360351563,1
2017,6,1,20,27,46.1613920898438,1
2017,6,1,20,27,47.9674279785156,1
2017,6,1,20,27,49.7732861328125,1
2017,6,1,20,27,51.5790900878906,1
2017,6,1,20,27,53.3847780761719,1
2017,6,1,20,27,55.198623046875,1
2017,6,1,20,27,57.0044560546875,1
2017,6,1,20,27,58.8101979980469,1
2017,6,1,20,28,0.61606103515625,1
2017,6,1,20,28,2.42201489257813,1
2017,6,1,20,28,4.22780297851562,1
2017,6,1,20,28,6.03368701171875,1
2017,6,1,20,28,7.8394970703125,1
2017,6,1,20,28,9.6452109375,1
2017,6,1,20,28,11.4510190429688,1
2017,6,1,20,28,13.2569421386719,1
2017,6,1,20,28,15.0628791503906,1
2017,6,1,20,28,16.8687041015625,1
2017,6,1,20,28,18.6745131835937,1
2017,6,1,20,28,20.4803928222656,1
2017,6,1,20,28,22.2863701171875,1
2017,6,1,20,28,24.0920949707031,1
2017,6,1,20,28,25.8979899902344,1
2017,6,1,20,28,27.7037758789062,1
2017,6,1,20,28,29.51046484375,1
2017,6,1,20,28,31.31624609375,1
2017,6,1,20,28,33.1219970703125,1
2017,6,1,20,28,34.9279838867187,1
2017,6,1,20,28,36.7338469238281,1
2017,6,1,20,28,38.5398029785156,1
2017,6,1,20,28,40.3455190429688,1
2017,6,1,20,28,42.1513728027344,1
2017,6,1,20,28,43.9572280273438,1
2017,6,1,20,28,45.7631569824219,1
2017,6,1,20,28,47.56908203125,1
2017,6,1,20,28,49.3747680664062,1
2017,6,1,20,28,51.1807229003906,1
2017,6,1,20,28,52.9865871582031,1
2017,6,1,20,28,54.7925261230469,1
2017,6,1,20,28,56.5983090820312,1
2017,6,1,20,28,58.4041628417969,1
2017,6,1,20,29,0.210031005859375,1
2017,6,1,20,29,2.01601293945312,1
2017,6,1,20,29,3.82193408203125,1
2017,6,1,20,29,5.62767407226563,1
2017,6,1,20,29,7.4333740234375,1
2017,6,1,20,29,9.23927807617187,1
2017,6,1,20,29,11.0451701660156,1
2017,6,1,20,29,12.8511359863281,1
2017,6,1,20,29,14.657123046875,1
2017,6,1,20,29,16.4630808105469,1
2017,6,1,20,29,18.2688330078125,1
2017,6,1,20,29,20.0805571289062,1
2017,6,1,20,29,21.8864541015625,1
2017,6,1,20,29,23.6923000488281,1
2017,6,1,20,29,25.4980148925781,1
2017,6,1,20,29,27.3038720703125,1
2017,6,1,20,29,29.1097150878906,1
2017,6,1,20,29,30.9156921386719,1
2017,6,1,20,29,32.7216020507813,1
2017,6,1,20,29,34.5274060058594,1
2017,6,1,20,29,36.3330969238281,1
2017,6,1,20,29,38.1389938964844,1
2017,6,1,20,29,39.9449799804688,1
2017,6,1,20,29,41.7508420410156,1
2017,6,1,20,29,43.5565979003906,1
2017,6,1,20,29,45.3623601074219,1
2017,6,1,20,29,47.1681960449219,1
2017,6,1,20,29,48.9739138183594,1
2017,6,1,20,29,50.7797639160156,1
2017,6,1,20,29,52.5856149902344,1
2017,6,1,20,29,54.3913400878906,1
2017,6,1,20,29,56.1972270507813,1
2017,6,1,20,29,58.0031159667969,1
2017,6,1,20,29,59.8088220214844,1
2017,6,1,20,30,1.61464306640625,1
2017,6,1,20,30,3.42064184570313,1
2017,6,1,20,30,5.22653881835937,1
2017,6,1,20,30,7.03234008789063,1
2017,6,1,20,30,8.83817504882813,1
2017,6,1,20,30,10.64404296875,1
2017,6,1,20,30,12.4499409179687,1
2017,6,1,20,30,14.2556938476563,1
2017,6,1,20,30,16.0614350585938,1
2017,6,1,20,30,17.8672170410156,1
2017,6,1,20,30,19.6729489746094,1
2017,6,1,20,30,21.4787951660156,1
2017,6,1,20,30,23.2846989746094,1
2017,6,1,20,30,25.0907331542969,1
2017,6,1,20,30,26.8963479003906,1
2017,6,1,20,30,28.702251953125,1
2017,6,1,20,30,30.5080559082031,1
2017,6,1,20,30,32.3138530273437,1
2017,6,1,20,30,34.1196989746094,1
2017,6,1,20,30,35.9254689941406,1
2017,6,1,20,30,37.7315158691406,1
2017,6,1,20,30,39.5374460449219,1
2017,6,1,20,30,41.3432751464844,1
2017,6,1,20,30,43.1491010742187,1
2017,6,1,20,30,44.95499609375,1
2017,6,1,20,30,46.7607778320313,1
2017,6,1,20,30,48.5665610351562,1
2017,6,1,20,30,50.3725258789063,1
2017,6,1,20,30,52.1784870605469,1
2017,6,1,20,30,53.9843540039062,1
2017,6,1,20,30,55.7901630859375,1
2017,6,1,20,30,57.5960849609375,1
2017,6,1,20,30,59.4020280761719,1
2017,6,1,20,31,1.20779711914062,1
2017,6,1,20,31,3.01431787109375,1
2017,6,1,20,31,4.8201650390625,1
2017,6,1,20,31,6.62592016601563,1
2017,6,1,20,31,8.43191088867188,1
2017,6,1,20,31,10.2376359863281,1
2017,6,1,20,31,12.0434411621094,1
2017,6,1,20,31,13.8491779785156,1
2017,6,1,20,31,15.655166015625,1
2017,6,1,20,31,17.4609780273437,1
2017,6,1,20,31,19.2668359375,1
2017,6,1,20,31,21.0729091796875,1
2017,6,1,20,31,22.8787961425781,1
2017,6,1,20,31,24.6846589355469,1
2017,6,1,20,31,26.4903481445313,1
2017,6,1,20,31,28.2963039550781,1
2017,6,1,20,31,30.1021840820313,1
2017,6,1,20,31,31.9080751953125,1
2017,6,1,20,31,33.7140651855469,1
2017,6,1,20,31,35.5197700195313,1
2017,6,1,20,31,37.3257438964844,1
2017,6,1,20,31,39.1316589355469,1
2017,6,1,20,31,40.9375629882813,1
2017,6,1,20,31,42.7433979492188,1
2017,6,1,20,31,44.554458984375,1
2017,6,1,20,31,46.3601770019531,1
2017,6,1,20,31,48.1661528320313,1
2017,6,1,20,31,49.971919921875,1
2017,6,1,20,31,51.77762890625,1
2017,6,1,20,31,53.5837058105469,1
2017,6,1,20,31,55.3895927734375,1
2017,6,1,20,31,57.195333984375,1
2017,6,1,20,31,59.0011870117187,1
2017,6,1,20,32,0.807005859375,1
2017,6,1,20,32,2.61286596679687,1
2017,6,1,20,32,4.41860693359375,1
2017,6,1,20,32,6.22446899414062,1
2017,6,1,20,32,8.03023193359375,1
2017,6,1,20,32,9.83593212890625,1
2017,6,1,20,32,11.6418879394531,1
2017,6,1,20,32,13.447671875,1
2017,6,1,20,32,15.2537260742188,1
2017,6,1,20,32,17.0595290527344,1
2017,6,1,20,32,18.8653811035156,1
2017,6,1,20,32,20.6713618164063,1
2017,6,1,20,32,22.4773159179687,1
2017,6,1,20,32,24.2832270507812,1
2017,6,1,20,32,26.0890590820312,1
2017,6,1,20,32,27.8950119628906,1
2017,6,1,20,32,29.7009150390625,1
2017,6,1,20,32,31.5067438964844,1
2017,6,1,20,32,33.3124448242188,1
2017,6,1,20,32,35.1183449707031,1
2017,6,1,20,32,36.924251953125,1
2017,6,1,20,32,38.7299558105469,1
2017,6,1,20,32,40.535830078125,1
2017,6,1,20,32,42.341576171875,1
2017,6,1,20,32,44.1473220214844,1
2017,6,1,20,32,45.9532749023438,1
2017,6,1,20,32,47.7591381835937,1
2017,6,1,20,32,49.5650739746094,1
2017,6,1,20,32,51.3709567871094,1
2017,6,1,20,32,53.1769409179688,1
2017,6,1,20,32,54.9827780761719,1
2017,6,1,20,32,56.7886391601563,1
2017,6,1,20,32,58.5943259277344,1
2017,6,1,20,33,0.40016796875,1
2017,6,1,20,33,2.20597094726562,1
2017,6,1,20,33,4.01178295898437,1
2017,6,1,20,33,5.81765380859375,1
2017,6,1,20,33,7.62344091796875,1
2017,6,1,20,33,9.43657983398437,1
2017,6,1,20,33,11.2424079589844,1
2017,6,1,20,33,13.0482509765625,1
2017,6,1,20,33,14.8542238769531,1
2017,6,1,20,33,16.6599650878906,1
2017,6,1,20,33,18.4656569824219,1
2017,6,1,20,33,20.2714460449219,1
2017,6,1,20,33,22.0773979492187,1
2017,6,1,20,33,23.8832800292969,1
2017,6,1,20,33,25.6890129394531,1
2017,6,1,20,33,27.4949709472656,1
2017,6,1,20,33,29.3008510742187,1
2017,6,1,20,33,31.10671484375,1
2017,6,1,20,33,32.9126401367187,1
2017,6,1,20,33,34.7186000976562,1
2017,6,1,20,33,36.5243288574219,1
2017,6,1,20,33,38.3300979003906,1
2017,6,1,20,33,40.1359328613281,1
2017,6,1,20,33,41.9417160644531,1
2017,6,1,20,33,43.7474169921875,1
2017,6,1,20,33,45.5533471679688,1
2017,6,1,20,33,47.359033203125,1
2017,6,1,20,33,49.1649040527344,1
2017,6,1,20,33,50.970630859375,1
2017,6,1,20,33,52.776546875,1
2017,6,1,20,33,54.5823659667969,1
2017,6,1,20,33,56.3883491210938,1
2017,6,1,20,33,58.1942861328125,1
2017,6,1,20,34,0.000181884765625,1
2017,6,1,20,34,1.80619897460937,1
2017,6,1,20,34,3.61194799804688,1
2017,6,1,20,34,5.41790209960937,1
2017,6,1,20,34,7.22381396484375,1
2017,6,1,20,34,9.02978491210938,1
2017,6,1,20,34,10.8354758300781,1
2017,6,1,20,34,12.6413979492187,1
2017,6,1,20,34,14.4473969726563,1
2017,6,1,20,34,16.2532160644531,1
2017,6,1,20,34,18.0589851074219,1
2017,6,1,20,34,19.8647409667969,1
2017,6,1,20,34,21.6706899414062,1
2017,6,1,20,34,23.4766389160156,1
2017,6,1,20,34,25.2823850097656,1
2017,6,1,20,34,27.0881281738281,1
2017,6,1,20,34,28.8939709472656,1
2017,6,1,20,34,30.6997099609375,1
2017,6,1,20,34,32.5055100097656,1
2017,6,1,20,34,34.3185749511719,1
2017,6,1,20,34,36.1242958984375,1
2017,6,1,20,34,37.930037109375,1
2017,6,1,20,34,39.7360041503906,1
2017,6,1,20,34,41.5418500976563,1
2017,6,1,20,34,43.3477868652344,1
2017,6,1,20,34,45.1537160644531,1
2017,6,1,20,34,46.9595939941406,1
2017,6,1,20,34,48.7655649414062,1
2017,6,1,20,34,50.5714460449219,1
2017,6,1,20,34,52.3771960449219,1
2017,6,1,20,34,54.1829379882813,1
2017,6,1,20,34,55.9888439941406,1
2017,6,1,20,34,57.7946848144531,1
2017,6,1,20,34,59.6006110839844,1
2017,6,1,20,35,1.40652709960938,1
2017,6,1,20,35,3.2123798828125,1
2017,6,1,20,35,5.02042114257813,1
2017,6,1,20,35,6.82638916015625,1
2017,6,1,20,35,8.63227612304687,1
2017,6,1,20,35,10.4382839355469,1
2017,6,1,20,35,12.2442067871094,1
2017,6,1,20,35,14.049921875,1
2017,6,1,20,35,15.8557019042969,1
2017,6,1,20,35,17.6614709472656,1
2017,6,1,20,35,19.4674389648438,1
2017,6,1,20,35,21.2733549804687,1
2017,6,1,20,35,23.0790500488281,1
2017,6,1,20,35,24.8849758300781,1
2017,6,1,20,35,26.6908811035156,1
2017,6,1,20,35,28.4968229980469,1
2017,6,1,20,35,30.3025810546875,1
2017,6,1,20,35,32.1086689453125,1
2017,6,1,20,35,33.9144631347656,1
2017,6,1,20,35,35.7204079589844,1
2017,6,1,20,35,37.5262749023438,1
2017,6,1,20,35,39.3320849609375,1
2017,6,1,20,35,41.1380651855469,1
2017,6,1,20,35,42.9438937988281,1
2017,6,1,20,35,44.7498837890625,1
2017,6,1,20,35,46.8208740234375,1
2017,6,1,20,35,48.6623708496094,1
2017,6,1,20,35,50.4682119140625,1
2017,6,1,20,35,52.3105510253906,1
2017,6,1,20,35,54.1689418945313,1
2017,6,1,20,35,55.9746889648438,1
2017,6,1,20,35,57.7805358886719,1
2017,6,1,20,35,59.6400339355469,1
2017,6,1,20,36,1.44576416015625,1
2017,6,1,20,36,3.34010913085937,1
2017,6,1,20,36,5.16036889648437,1
2017,6,1,20,36,6.98142504882813,1
2017,6,1,20,36,8.980458984375,1
2017,6,1,20,36,10.9904631347656,1
2017,6,1,20,36,12.9805180664062,1
2017,6,1,20,36,14.7864050292969,1
2017,6,1,20,36,16.6307338867188,1
2017,6,1,20,36,18.550546875,1
2017,6,1,20,36,20.3599719238281,1
2017,6,1,20,36,22.2378139648437,1
2017,6,1,20,36,24.0799929199219,1
2017,6,1,20,36,25.9909091796875,1
2017,6,1,20,36,27.9909770507813,1
2017,6,1,20,36,29.9910380859375,1
2017,6,1,20,36,31.990328125,1
2017,6,1,20,36,33.7958168945312,1
2017,6,1,20,36,35.6015268554687,1
2017,6,1,20,36,37.4073850097656,1
2017,6,1,20,36,39.2236208496094,1
2017,6,1,20,36,41.0295051269531,1
2017,6,1,20,36,43.0014890136719,1
2017,6,1,20,36,44.8297651367187,1
2017,6,1,20,36,46.7434399414063,1
2017,6,1,20,36,48.6830891113281,1
2017,6,1,20,36,50.5032590332031,1
2017,6,1,20,36,52.4054848632813,1
2017,6,1,20,36,54.2114079589844,1
2017,6,1,20,36,56.2131791992188,1
2017,6,1,20,36,58.0189519042969,1
2017,6,1,20,36,59.8475170898437,1
2017,6,1,20,37,1.73973706054687,1
2017,6,1,20,37,3.6115439453125,1
2017,6,1,20,37,5.4710048828125,1
2017,6,1,20,37,7.37202001953125,1
2017,6,1,20,37,9.23147021484375,1
2017,6,1,20,37,11.0485991210937,1
2017,6,1,20,37,12.9329599609375,1
2017,6,1,20,37,14.7387741699219,1
2017,6,1,20,37,16.6136401367188,1
2017,6,1,20,37,18.4530520019531,1
2017,6,1,20,37,20.412462890625,1
2017,6,1,20,37,22.2197749023438,1
2017,6,1,20,37,24.0279470214844,1
2017,6,1,20,37,26.0127980957031,1
2017,6,1,20,37,27.9928479003906,1
2017,6,1,20,37,29.7987670898438,1
2017,6,1,20,37,31.7329050292969,1
2017,6,1,20,37,33.7191291503906,1
2017,6,1,20,37,35.6528908691406,1
2017,6,1,20,37,37.4587868652344,1
2017,6,1,20,37,39.2646437988281,1
2017,6,1,20,37,41.1268950195312,1
2017,6,1,20,37,43.0236599121094,1
2017,6,1,20,37,45.1260239257812,1
2017,6,1,20,37,47.4131728515625,1
2017,6,1,20,37,49.2276179199219,1
2017,6,1,20,37,51.03941015625,1
2017,6,1,20,37,53.0235988769531,1
2017,6,1,20,37,54.8295310058594,1
2017,6,1,20,37,56.6448510742187,1
2017,6,1,20,37,58.590123046875,1
2017,6,1,20,38,0.424913818359375,1
2017,6,1,20,38,2.23081713867187,1
2017,6,1,20,38,4.03655297851563,1
2017,6,1,20,38,5.946119140625,1
2017,6,1,20,38,7.75815600585937,1
2017,6,1,20,38,9.57315991210938,1
2017,6,1,20,38,11.4524899902344,1
2017,6,1,20,38,13.2582741699219,1
2017,6,1,20,38,15.0888520507813,1
2017,6,1,20,38,17.0344470214844,1
2017,6,1,20,38,18.8401821289062,1
2017,6,1,20,38,20.6644460449219,1
2017,6,1,20,38,22.4997150878906,1
2017,6,1,20,38,24.3055151367187,1
2017,6,1,20,38,26.1954240722656,1
2017,6,1,20,38,28.0402131347656,1
2017,6,1,20,38,29.8461569824219,1
2017,6,1,20,38,31.6749790039063,1
2017,6,1,20,38,33.5031062011719,1
2017,6,1,20,38,35.4253071289062,1
2017,6,1,20,38,37.2606589355469,1
2017,6,1,20,38,39.067962890625,1
2017,6,1,20,38,40.8961450195312,1
2017,6,1,20,38,42.7511630859375,1
2017,6,1,20,38,44.7336040039063,1
2017,6,1,20,38,46.5288259277344,1
2017,6,1,20,38,48.3461760253906,1
2017,6,1,20,38,50.1894399414062,1
2017,6,1,20,38,52.0654680175781,1
2017,6,1,20,38,53.8746281738281,1
2017,6,1,20,38,55.693384765625,1
2017,6,1,20,38,57.4940280761719,1
2017,6,1,20,38,59.4017619628906,1
2017,6,1,20,39,1.2660361328125,1
2017,6,1,20,39,3.074419921875,1
2017,6,1,20,39,4.90209399414062,1
2017,6,1,20,39,6.82056909179687,1
2017,6,1,20,39,8.74325805664063,1
2017,6,1,20,39,10.5956049804687,1
2017,6,1,20,39,12.401451171875,1
2017,6,1,20,39,14.2770639648437,1
2017,6,1,20,39,16.0829660644531,1
2017,6,1,20,39,17.9053208007813,1
2017,6,1,20,39,19.8943229980469,1
2017,6,1,20,39,21.7147429199219,1
2017,6,1,20,39,23.5621560058594,1
2017,6,1,20,39,25.5194509277344,1
2017,6,1,20,39,27.336662109375,1
2017,6,1,20,39,29.2567770996094,1
2017,6,1,20,39,31.0710771484375,1
2017,6,1,20,39,33.2830949707031,1
2017,6,1,20,39,35.1699030761719,1
2017,6,1,20,39,37.2212639160156,1
2017,6,1,20,39,39.2284428710937,1
2017,6,1,20,39,41.0463149414063,1
2017,6,1,20,39,42.8517490234375,1
2017,6,1,20,39,44.6575520019531,1
2017,6,1,20,39,46.4642219238281,1
2017,6,1,20,39,48.2700888671875,1
2017,6,1,20,39,50.0758171386719,1
2017,6,1,20,39,51.88170703125,1
2017,6,1,20,39,53.6875961914063,1
2017,6,1,20,39,55.4933239746094,1
2017,6,1,20,39,57.2991340332031,1
2017,6,1,20,39,59.105,1
2017,6,1,20,40,0.91085693359375,1
2017,6,1,20,40,2.71690600585938,1
2017,6,1,20,40,4.52262890625,1
2017,6,1,20,40,6.32843896484375,1
2017,6,1,20,40,8.13422802734375,1
2017,6,1,20,40,9.9401669921875,1
2017,6,1,20,40,11.7459978027344,1
2017,6,1,20,40,13.5518200683594,1
2017,6,1,20,40,15.3576879882812,1
2017,6,1,20,40,17.1636059570313,1
2017,6,1,20,40,18.9694299316406,1
2017,6,1,20,40,20.7751340332031,1
2017,6,1,20,40,22.5808640136719,1
2017,6,1,20,40,24.3865817871094,1
2017,6,1,20,40,26.19233984375,1
2017,6,1,20,40,27.9982800292969,1
2017,6,1,20,40,29.804173828125,1
2017,6,1,20,40,31.6100900878906,1
2017,6,1,20,40,33.4160139160156,1
2017,6,1,20,40,35.2219919433594,1
2017,6,1,20,40,37.0279130859375,1
2017,6,1,20,40,38.8336940917969,1
2017,6,1,20,40,40.6394689941406,1
2017,6,1,20,40,42.4451821289062,1
2017,6,1,20,40,44.2511831054687,1
2017,6,1,20,40,46.0571369628906,1
2017,6,1,20,40,47.8630139160156,1
2017,6,1,20,40,49.6688640136719,1
2017,6,1,20,40,51.4746689453125,1
2017,6,1,20,40,53.2806447753906,1
2017,6,1,20,40,55.0863471679688,1
2017,6,1,20,40,56.8922800292969,1
2017,6,1,20,40,58.6983930664062,1
2017,6,1,20,41,0.5090439453125,1
2017,6,1,20,41,2.314873046875,1
2017,6,1,20,41,4.120625,1
2017,6,1,20,41,5.92652709960938,1
2017,6,1,20,41,7.73252197265625,1
2017,6,1,20,41,9.5384677734375,1
2017,6,1,20,41,11.344458984375,1
2017,6,1,20,41,13.1507060546875,1
2017,6,1,20,41,14.9564379882812,1
2017,6,1,20,41,16.7622038574219,1
2017,6,1,20,41,18.5681408691406,1
2017,6,1,20,41,20.373958984375,1
2017,6,1,20,41,22.1797668457031,1
2017,6,1,20,41,23.9856579589844,1
2017,6,1,20,41,25.791580078125,1
2017,6,1,20,41,27.5974860839844,1
2017,6,1,20,41,29.4032680664062,1
2017,6,1,20,41,31.2093251953125,1
2017,6,1,20,41,33.0152568359375,1
2017,6,1,20,41,34.82112109375,1
2017,6,1,20,41,36.6270510253906,1
2017,6,1,20,41,38.4327990722656,1
2017,6,1,20,41,40.2385490722656,1
2017,6,1,20,41,42.0444809570312,1
2017,6,1,20,41,43.85045703125,1
2017,6,1,20,41,45.6562158203125,1
2017,6,1,20,41,47.4619450683594,1
2017,6,1,20,41,49.2676711425781,1
2017,6,1,20,41,51.0735219726563,1
2017,6,1,20,41,52.8794619140625,1
2017,6,1,20,41,54.68516796875,1
2017,6,1,20,41,56.4911650390625,1
2017,6,1,20,41,58.297046875,1
2017,6,1,20,42,0.1027939453125,1
2017,6,1,20,42,1.90857592773438,1
2017,6,1,20,42,3.71443896484375,1
2017,6,1,20,42,5.52017602539062,1
2017,6,1,20,42,7.32598217773437,1
2017,6,1,20,42,9.13180590820313,1
2017,6,1,20,42,10.9377529296875,1
2017,6,1,20,42,12.7435151367188,1
2017,6,1,20,42,14.549369140625,1
2017,6,1,20,42,16.3552099609375,1
2017,6,1,20,42,18.1609521484375,1
2017,6,1,20,42,19.9668569335937,1
2017,6,1,20,42,21.7726181640625,1
2017,6,1,20,42,23.5783630371094,1
2017,6,1,20,42,25.3915910644531,1
2017,6,1,20,42,27.1973349609375,1
2017,6,1,20,42,29.0032980957031,1
2017,6,1,20,42,30.8146040039063,1
2017,6,1,20,42,32.6204599609375,1
2017,6,1,20,42,34.4262111816406,1
2017,6,1,20,42,36.23220703125,1
2017,6,1,20,42,38.0379790039063,1
2017,6,1,20,42,39.8437678222656,1
2017,6,1,20,42,41.6495290527344,1
2017,6,1,20,42,43.4553540039063,1
2017,6,1,20,42,45.2612951660156,1
2017,6,1,20,42,47.0672241210938,1
2017,6,1,20,42,48.8729670410156,1
2017,6,1,20,42,50.6788999023438,1
2017,6,1,20,42,52.4846850585937,1
2017,6,1,20,42,54.2907419433594,1
2017,6,1,20,42,56.0965100097656,1
2017,6,1,20,42,57.9022600097656,1
2017,6,1,20,42,59.7081298828125,1
2017,6,1,20,43,1.51396997070312,1
2017,6,1,20,43,3.31985815429687,1
2017,6,1,20,43,5.12572412109375,1
2017,6,1,20,43,6.9316630859375,1
2017,6,1,20,43,8.73758203125,1
2017,6,1,20,43,10.5434670410156,1
2017,6,1,20,43,12.3494250488281,1
2017,6,1,20,43,14.1552150878906,1
2017,6,1,20,43,15.9610979003906,1
2017,6,1,20,43,17.767033203125,1
2017,6,1,20,43,19.572748046875,1
2017,6,1,20,43,21.3786560058594,1
2017,6,1,20,43,23.1845419921875,1
2017,6,1,20,43,24.9902690429687,1
2017,6,1,20,43,26.7961098632812,1
2017,6,1,20,43,28.602005859375,1
2017,6,1,20,43,30.4079311523437,1
2017,6,1,20,43,32.2136828613281,1
2017,6,1,20,43,34.0195141601562,1
2017,6,1,20,43,35.8254931640625,1
2017,6,1,20,43,37.6314858398437,1
2017,6,1,20,43,39.4372739257812,1
2017,6,1,20,43,41.2430798339844,1
2017,6,1,20,43,43.0489919433594,1
2017,6,1,20,43,44.8549768066406,1
2017,6,1,20,43,46.6608701171875,1
2017,6,1,20,43,48.466626953125,1
2017,6,1,20,43,50.2733391113281,1
2017,6,1,20,43,52.0793330078125,1
2017,6,1,20,43,53.885126953125,1
2017,6,1,20,43,55.69112890625,1
2017,6,1,20,43,57.4968618164063,1
2017,6,1,20,43,59.3031650390625,1
2017,6,1,20,44,1.10892602539063,1
2017,6,1,20,44,2.91467309570313,1
2017,6,1,20,44,4.72063403320313,1
2017,6,1,20,44,6.52653588867187,1
2017,6,1,20,44,8.33239013671875,1
2017,6,1,20,44,10.1382700195312,1
2017,6,1,20,44,11.943998046875,1
2017,6,1,20,44,13.7499470214844,1
2017,6,1,20,44,15.555708984375,1
2017,6,1,20,44,17.3616850585937,1
2017,6,1,20,44,19.1676708984375,1
2017,6,1,20,44,20.9735979003906,1
2017,6,1,20,44,22.7793801269531,1
2017,6,1,20,44,24.5852302246094,1
2017,6,1,20,44,26.3911188964844,1
2017,6,1,20,44,28.1969421386719,1
2017,6,1,20,44,30.0027238769531,2
2017,6,1,20,44,31.808712890625,2
2017,6,1,20,44,33.6144340820313,2
2017,6,1,20,44,35.4203120117187,2
2017,6,1,20,44,37.22625390625,2
2017,6,1,20,44,39.0321208496094,2
2017,6,1,20,44,40.8380461425781,2
2017,6,1,20,44,42.6439660644531,2
2017,6,1,20,44,44.4498239746094,2
2017,6,1,20,44,46.2558039550781,2
2017,6,1,20,44,48.0616628417969,2
2017,6,1,20,44,49.8675151367188,2
2017,6,1,20,44,51.6732839355469,2
2017,6,1,20,44,53.4789841308594,2
2017,6,1,20,44,55.2848352050781,2
2017,6,1,20,44,57.09075,2
2017,6,1,20,44,58.8966921386719,2
2017,6,1,20,45,0.702662841796875,2
2017,6,1,20,45,2.50863012695313,2
2017,6,1,20,45,4.3145830078125,2
2017,6,1,20,45,6.12038403320313,2
2017,6,1,20,45,7.92626318359375,2
2017,6,1,20,45,9.7321669921875,2
2017,6,1,20,45,11.5381018066406,2
2017,6,1,20,45,13.3440590820313,2
2017,6,1,20,45,15.1497990722656,2
2017,6,1,20,45,16.9556970214844,2
2017,6,1,20,45,18.76144921875,2
2017,6,1,20,45,20.5673889160156,2
2017,6,1,20,45,22.3733549804688,2
2017,6,1,20,45,24.1790639648437,2
2017,6,1,20,45,25.985126953125,2
2017,6,1,20,45,27.7908510742188,2
2017,6,1,20,45,29.5967900390625,2
2017,6,1,20,45,31.4025139160156,2
2017,6,1,20,45,33.2083918457031,2
2017,6,1,20,45,35.0142978515625,2
2017,6,1,20,45,36.8200610351563,2
2017,6,1,20,45,38.62578515625,2
2017,6,1,20,45,40.4314890136719,2
2017,6,1,20,45,42.2372028808594,2
2017,6,1,20,45,44.0429189453125,2
2017,6,1,20,45,45.8486770019531,2
2017,6,1,20,45,47.6544699707031,2
2017,6,1,20,45,49.4603439941406,1
2017,6,1,20,45,51.2662839355469,1
2017,6,1,20,45,53.0722080078125,1
2017,6,1,20,45,54.8779431152344,1
2017,6,1,20,45,56.68375,1
2017,6,1,20,45,58.4894978027344,1
2017,6,1,20,46,0.29542578125,1
2017,6,1,20,46,2.10127294921875,1
2017,6,1,20,46,3.90718090820313,1
2017,6,1,20,46,5.71293603515625,1
2017,6,1,20,46,7.51865502929688,1
2017,6,1,20,46,9.3245361328125,1
2017,6,1,20,46,11.130337890625,1
2017,6,1,20,46,12.9363159179688,1
2017,6,1,20,46,14.7421018066406,1
2017,6,1,20,46,16.5479489746094,1
2017,6,1,20,46,18.3537490234375,1
2017,6,1,20,46,20.1594819335937,1
2017,6,1,20,46,21.96529296875,1
2017,6,1,20,46,23.7712778320312,1
2017,6,1,20,46,25.5769829101563,1
2017,6,1,20,46,27.3828930664063,1
2017,6,1,20,46,29.1887258300781,1
2017,6,1,20,46,30.9945329589844,1
2017,6,1,20,46,32.8002719726562,1
2017,6,1,20,46,34.606,1
2017,6,1,20,46,36.4118879394531,1
2017,6,1,20,46,38.2178061523437,1
2017,6,1,20,46,40.0236520996094,1
2017,6,1,20,46,41.8293828125,1
2017,6,1,20,46,43.6352839355469,1
2017,6,1,20,46,45.4410639648437,1
2017,6,1,20,46,47.2470119628906,1
2017,6,1,20,46,49.0528840332031,1
2017,6,1,20,46,50.8586489257813,1
2017,6,1,20,46,52.6644331054688,1
2017,6,1,20,46,54.4702739257812,1
2017,6,1,20,46,56.276048828125,1
2017,6,1,20,46,58.08204296875,1
2017,6,1,20,46,59.887748046875,1
2017,6,1,20,47,1.6935888671875,1
2017,6,1,20,47,3.49947509765625,1
2017,6,1,20,47,5.30538305664062,1
2017,6,1,20,47,7.11115014648438,1
2017,6,1,20,47,8.9172080078125,1
2017,6,1,20,47,10.7229580078125,1
2017,6,1,20,47,12.5287622070312,1
2017,6,1,20,47,14.3346201171875,1
2017,6,1,20,47,16.1404331054688,1
2017,6,1,20,47,17.9462270507812,1
2017,6,1,20,47,19.7521801757812,1
2017,6,1,20,47,21.5581789550781,1
2017,6,1,20,47,23.3639829101562,1
2017,6,1,20,47,25.1699409179687,1
2017,6,1,20,47,26.975673828125,1
2017,6,1,20,47,28.7815190429687,1
2017,6,1,20,47,30.5873520507812,1
2017,6,1,20,47,32.3931259765625,1
2017,6,1,20,47,34.1990280761719,1
2017,6,1,20,47,36.00487890625,1
2017,6,1,20,47,37.8108430175781,1
2017,6,1,20,47,39.6167380371094,1
2017,6,1,20,47,41.42266015625,1
2017,6,1,20,47,43.2285419921875,1
2017,6,1,20,47,45.0343220214844,1
2017,6,1,20,47,46.8402531738281,1
2017,6,1,20,47,48.6460190429688,1
2017,6,1,20,47,50.4517800292969,1
2017,6,1,20,47,52.2575148925781,1
2017,6,1,20,47,54.0633708496094,1
2017,6,1,20,47,55.8691479492187,1
2017,6,1,20,47,57.6748928222656,1
2017,6,1,20,47,59.4806589355469,1
2017,6,1,20,48,1.28639013671875,1
2017,6,1,20,48,3.09231079101562,1
2017,6,1,20,48,4.89823095703125,1
2017,6,1,20,48,6.70410107421875,1
2017,6,1,20,48,8.50991381835938,1
2017,6,1,20,48,10.3156240234375,1
2017,6,1,20,48,21.2221059570312,1
2017,6,1,20,48,23.0280270996094,1
2017,6,1,20,48,24.8339470214844,1
2017,6,1,20,48,26.6396760253906,1
2017,6,1,20,48,28.4454738769531,1
2017,6,1,20,48,30.2512351074219,1
2017,6,1,20,48,32.0569650878906,1
2017,6,1,20,48,33.8626979980469,1
2017,6,1,20,48,35.6684638671875,1
2017,6,1,20,48,37.4744379882813,1
2017,6,1,20,48,39.2801640625,1
2017,6,1,20,48,41.0860541992188,1
2017,6,1,20,48,42.8919748535156,1
2017,6,1,20,48,44.69774609375,1
2017,6,1,20,48,46.5037370605469,1
2017,6,1,20,48,48.3097219238281,1
2017,6,1,20,48,50.115451171875,1
2017,6,1,20,48,51.9448901367187,1
2017,6,1,20,48,53.8609260253906,1
2017,6,1,20,48,55.784791015625,1
2017,6,1,20,48,57.7661181640625,1
2017,6,1,20,48,59.9355339355469,1
2017,6,1,20,49,1.80454614257813,1
2017,6,1,20,49,3.6767119140625,1
2017,6,1,20,49,5.5131259765625,1
2017,6,1,20,49,7.58892993164063,1
2017,6,1,20,49,9.46085107421875,1
2017,6,1,20,49,11.2694958496094,1
2017,6,1,20,49,13.1034250488281,1
2017,6,1,20,49,14.9093100585937,1
2017,6,1,20,49,16.7639050292969,1
2017,6,1,20,49,18.9370961914063,1
2017,6,1,20,49,20.7484340820312,1
2017,6,1,20,49,22.7655690917969,1
2017,6,1,20,49,24.5715109863281,1
2017,6,1,20,49,26.4838869628906,1
2017,6,1,20,49,28.4074731445312,1
2017,6,1,20,49,30.2721059570313,1
2017,6,1,20,49,32.1038229980469,1
2017,6,1,20,49,34.1267731933594,1
2017,6,1,20,49,36.1020910644531,1
2017,6,1,20,49,38.013748046875,1
2017,6,1,20,49,39.9336408691406,1
2017,6,1,20,49,41.7519680175781,1
2017,6,1,20,49,43.8794460449219,1
2017,6,1,20,49,45.8897331542969,1
2017,6,1,20,49,47.7120717773438,1
2017,6,1,20,49,49.5605549316406,1
2017,6,1,20,49,51.5152390136719,1
2017,6,1,20,49,53.3488129882813,1
2017,6,1,20,49,55.2464851074219,1
2017,6,1,20,49,57.0744318847656,1
2017,6,1,20,49,58.921875,1
2017,6,1,20,50,0.743197998046875,1
2017,6,1,20,50,2.76923706054688,1
2017,6,1,20,50,4.57519091796875,1
2017,6,1,20,50,6.52844702148438,1
2017,6,1,20,50,8.34567993164062,1
2017,6,1,20,50,10.3848901367188,1
2017,6,1,20,50,12.3051369628906,1
2017,6,1,20,50,14.1232209472656,1
2017,6,1,20,50,15.9992548828125,1
2017,6,1,20,50,17.8626259765625,1
2017,6,1,20,50,19.7539880371094,1
2017,6,1,20,50,21.7845029296875,1
2017,6,1,20,50,23.6087399902344,1
2017,6,1,20,50,25.6387651367187,1
2017,6,1,20,50,27.6050109863281,1
2017,6,1,20,50,29.4975769042969,1
2017,6,1,20,50,31.3596840820313,1
2017,6,1,20,50,33.2476640625,1
2017,6,1,20,50,35.1339321289063,1
2017,6,1,20,50,36.9398588867188,1
2017,6,1,20,50,38.77875390625,1
2017,6,1,20,50,40.6121831054688,1
2017,6,1,20,50,42.5244838867187,1
2017,6,1,20,50,44.3459069824219,1
2017,6,1,20,50,46.2964499511719,1
2017,6,1,20,50,48.2358889160156,1
2017,6,1,20,50,50.124453125,1
2017,6,1,20,50,52.0131171875,1
2017,6,1,20,50,53.9290329589844,1
2017,6,1,20,50,55.7544360351563,1
2017,6,1,20,50,57.8648210449219,1
2017,6,1,20,50,59.8019680175781,1
2017,6,1,20,51,1.67110791015625,1
2017,6,1,20,51,3.53699487304687,1
2017,6,1,20,51,5.3903720703125,1
2017,6,1,20,51,7.27077880859375,1
2017,6,1,20,51,9.14547387695312,1
2017,6,1,20,51,10.9513181152344,1
2017,6,1,20,51,12.8961799316406,1
2017,6,1,20,51,14.8051528320313,1
2017,6,1,20,51,16.7117351074219,1
2017,6,1,20,51,18.7323620605469,1
2017,6,1,20,51,20.7197990722656,1
2017,6,1,20,51,22.6818649902344,1
2017,6,1,20,51,24.8193828125,1
2017,6,1,20,51,26.6253400878906,1
2017,6,1,20,51,28.5297629394531,1
2017,6,1,20,51,30.4578601074219,1
2017,6,1,20,51,32.2637561035156,1
2017,6,1,20,51,34.1502438964844,1
2017,6,1,20,51,36.16846484375,1
2017,6,1,20,51,37.9742961425781,1
2017,6,1,20,51,39.8458759765625,1
2017,6,1,20,51,41.9136440429687,1
2017,6,1,20,51,43.8659829101562,1
2017,6,1,20,51,45.8598698730469,1
2017,6,1,20,51,47.8217219238281,1
2017,6,1,20,51,49.6284460449219,1
2017,6,1,20,51,51.4805258789062,1
2017,6,1,20,51,53.3483549804687,1
2017,6,1,20,51,55.1665498046875,1
2017,6,1,20,51,57.1534489746094,1
2017,6,1,20,51,59.0639130859375,1
2017,6,1,20,52,0.8697861328125,1
2017,6,1,20,52,2.82322509765625,1
2017,6,1,20,52,4.62893017578125,1
2017,6,1,20,52,6.67738891601562,1
2017,6,1,20,52,8.5086181640625,1
2017,6,1,20,52,10.3938999023437,1
2017,6,1,20,52,12.2666508789062,1
2017,6,1,20,52,14.1370129394531,1
2017,6,1,20,52,15.9570141601563,1
2017,6,1,20,52,17.8746408691406,1
2017,6,1,20,52,19.8272531738281,1
2017,6,1,20,52,22.0250349121094,1
2017,6,1,20,52,23.8310397949219,1
2017,6,1,20,52,25.8931831054688,1
2017,6,1,20,52,27.9076840820312,1
2017,6,1,20,52,29.7881728515625,1
2017,6,1,20,52,31.9106801757812,1
2017,6,1,20,52,33.8743400878906,1
2017,6,1,20,52,35.8076870117187,1
2017,6,1,20,52,37.8178879394531,1
2017,6,1,20,52,39.66271484375,1
2017,6,1,20,52,41.6115629882812,1
2017,6,1,20,52,43.417658203125,1
2017,6,1,20,52,45.2485070800781,1
2017,6,1,20,52,47.2116350097656,1
2017,6,1,20,52,49.1882651367187,1
2017,6,1,20,52,51.1583010253906,1
2017,6,1,20,52,53.2148359375,1
2017,6,1,20,52,55.1887690429688,1
2017,6,1,20,52,57.0439602050781,1
2017,6,1,20,52,58.90545703125,1
2017,6,1,20,53,0.8285888671875,1
2017,6,1,20,53,2.7657001953125,1
2017,6,1,20,53,4.65287890625,1
2017,6,1,20,53,6.6209169921875,1
2017,6,1,20,53,8.42677294921875,1
2017,6,1,20,53,10.2980959472656,1
2017,6,1,20,53,12.3466149902344,1
2017,6,1,20,53,14.1990891113281,1
2017,6,1,20,53,16.1954719238281,1
2017,6,1,20,53,18.3686770019531,1
2017,6,1,20,53,20.1992021484375,1
2017,6,1,20,53,22.0265041503906,1
2017,6,1,20,53,23.9074890136719,1
2017,6,1,20,53,25.7133679199219,1
2017,6,1,20,53,27.6767099609375,1
2017,6,1,20,53,29.6899250488281,1
2017,6,1,20,53,31.5024851074219,1
2017,6,1,20,53,33.3848317871094,1
2017,6,1,20,53,35.1978840332031,1
2017,6,1,20,53,37.1785939941406,1
2017,6,1,20,53,38.9844108886719,1
2017,6,1,20,53,40.8202678222656,1
2017,6,1,20,53,42.8095642089844,1
2017,6,1,20,53,44.704421875,1
2017,6,1,20,53,46.6373479003906,1
2017,6,1,20,53,48.620419921875,1
2017,6,1,20,53,50.426201171875,1
2017,6,1,20,53,52.2603408203125,1
2017,6,1,20,53,54.066212890625,1
2017,6,1,20,53,55.8719470214844,1
2017,6,1,20,53,57.6777719726563,1
2017,6,1,20,53,59.4836940917969,1
2017,6,1,20,54,1.28956591796875,1
2017,6,1,20,54,3.0951728515625,1
2017,6,1,20,54,4.90093701171875,1
2017,6,1,20,54,6.7135771484375,1
2017,6,1,20,54,8.59043505859375,1
2017,6,1,20,54,10.4131760253906,1
2017,6,1,20,54,12.4795419921875,1
2017,6,1,20,54,14.3487670898438,1
2017,6,1,20,54,16.2458869628906,1
2017,6,1,20,54,18.2109438476562,1
2017,6,1,20,54,20.0169350585937,1
2017,6,1,20,54,21.9035920410156,1
2017,6,1,20,54,23.7708681640625,1
2017,6,1,20,54,25.7521789550781,1
2017,6,1,20,54,27.6153649902344,1
2017,6,1,20,54,29.4211499023437,1
2017,6,1,20,54,31.4168869628906,1
2017,6,1,20,54,33.2627080078125,1
2017,6,1,20,54,35.1654328613281,1
2017,6,1,20,54,37.0376599121094,1
2017,6,1,20,54,38.9216340332031,1
2017,6,1,20,54,40.8823198242187,1
2017,6,1,20,54,42.9417570800781,1
2017,6,1,20,54,44.9272600097656,1
2017,6,1,20,54,46.8140480957031,1
2017,6,1,20,54,48.7589799804688,1
2017,6,1,20,54,50.6022180175781,1
2017,6,1,20,54,52.4138840332031,1
2017,6,1,20,54,54.2220891113281,1
2017,6,1,20,54,56.1754650878906,1
2017,6,1,20,54,58.6905739746094,1
2017,6,1,20,55,0.562133056640625,1
2017,6,1,20,55,2.5168291015625,1
2017,6,1,20,55,4.43688891601562,1
2017,6,1,20,55,6.67811108398438,1
2017,6,1,20,55,8.61496704101562,1
2017,6,1,20,55,10.4797360839844,1
2017,6,1,20,55,12.3650151367187,1
2017,6,1,20,55,14.2193820800781,1
2017,6,1,20,55,16.0268759765625,0
2017,6,1,20,55,17.9535888671875,0
2017,6,1,20,55,19.9060649414062,0
2017,6,1,20,55,21.8839660644531,0
2017,6,1,20,55,23.73475,0
2017,6,1,20,55,25.6560310058594,0
2017,6,1,20,55,27.5541020507812,0
2017,6,1,20,55,29.4911049804688,0
2017,6,1,20,55,31.5383220214844,0
2017,6,1,20,55,33.4278391113281,0
2017,6,1,20,55,35.2434670410156,0
2017,6,1,20,57,45.0382180175781,1
2017,6,1,20,57,46.9682351074219,1
2017,6,1,20,57,49.0373559570313,1
2017,6,1,20,57,50.978416015625,1
2017,6,1,20,57,52.9582409667969,1
2017,6,1,20,57,55.0055361328125,1
2017,6,1,20,57,57.0169350585938,1
2017,6,1,20,57,58.94866796875,1
2017,6,1,20,58,0.773632080078125,1
2017,6,1,20,58,2.90352392578125,1
2017,6,1,20,58,4.78330493164063,1
2017,6,1,20,58,6.81158715820312,1
2017,6,1,20,58,8.67892700195313,1
2017,6,1,20,58,10.508875,1
2017,6,1,20,58,12.3390688476563,1
2017,6,1,20,58,14.29908203125,1
2017,6,1,20,58,16.1073488769531,1
2017,6,1,20,58,17.9855190429688,1
2017,6,1,20,58,19.9392868652344,1
2017,6,1,20,58,21.8734309082031,1
2017,6,1,20,58,23.7928728027344,1
2017,6,1,20,58,25.6995620117188,1
2017,6,1,20,58,27.7028640136719,1
2017,6,1,20,58,29.5566809082031,1
2017,6,1,20,58,31.4577890625,1
2017,6,1,20,58,33.31978515625,1
2017,6,1,20,58,35.1256979980469,1
2017,6,1,20,58,37.0102890625,1
2017,6,1,20,58,38.8160231933594,1
2017,6,1,20,58,40.6798630371094,1
2017,6,1,20,58,42.6440419921875,1
2017,6,1,20,58,44.5375590820313,1
2017,6,1,20,58,46.3435170898438,1
2017,6,1,20,58,48.3054868164063,1
2017,6,1,20,58,50.1112890625,1
2017,6,1,20,58,51.9187788085937,1
2017,6,1,20,58,53.8699089355469,1
2017,6,1,20,58,55.7510659179688,1
2017,6,1,20,58,57.7258500976562,1
2017,6,1,20,58,59.53375,1
2017,6,1,20,59,1.402369140625,1
2017,6,1,20,59,3.33107495117188,1
2017,6,1,20,59,5.13688403320312,1
2017,6,1,20,59,7.16439013671875,1
2017,6,1,20,59,8.97027099609375,1
2017,6,1,20,59,10.8820810546875,1
2017,6,1,20,59,12.8400559082031,1
2017,6,1,20,59,14.679919921875,1
2017,6,1,20,59,16.521708984375,1
2017,6,1,20,59,18.5493359375,1
2017,6,1,20,59,20.3557939453125,1
2017,6,1,20,59,22.3978950195313,1
2017,6,1,20,59,24.4880639648438,1
2017,6,1,20,59,26.4037111816406,1
2017,6,1,20,59,28.3413959960937,1
2017,6,1,20,59,30.1534331054687,1
2017,6,1,20,59,32.0294890136719,1
2017,6,1,20,59,33.8856721191406,1
2017,6,1,20,59,35.7619399414062,1
2017,6,1,20,59,37.7688149414062,1
2017,6,1,20,59,39.5746669921875,1
2017,6,1,20,59,41.3994909667969,1
2017,6,1,20,59,43.3419111328125,1
2017,6,1,20,59,45.2250720214844,1
2017,6,1,20,59,47.1808479003906,1
2017,6,1,20,59,48.9920390625,1
2017,6,1,20,59,50.7979750976562,1
2017,6,1,20,59,52.7065888671875,1
2017,6,1,20,59,54.5755688476562,1
2017,6,1,20,59,56.5089851074219,1
2017,6,1,20,59,58.34291015625,1
2017,6,1,21,0,0.1487041015625,1
2017,6,1,21,0,1.9546240234375,1
2017,6,1,21,0,3.76059887695313,1
2017,6,1,21,0,5.566375,1
2017,6,1,21,0,7.37230102539062,1
2017,6,1,21,0,9.17828198242188,1
2017,6,1,21,0,10.9842788085937,1
2017,6,1,21,0,12.7902141113281,1
2017,6,1,21,0,14.5959599609375,1
2017,6,1,21,0,16.4020349121094,1
2017,6,1,21,0,18.2076450195312,1
2017,6,1,21,0,20.013623046875,1
2017,6,1,21,0,21.8195478515625,1
2017,6,1,21,0,23.6252990722656,1
2017,6,1,21,0,25.4312260742187,0
2017,6,1,21,0,27.2370620117187,0
2017,6,1,21,0,29.0429020996094,0
2017,6,1,21,0,30.8486208496094,0
2017,6,1,21,0,32.6545988769531,0
2017,6,1,21,0,34.4604848632813,0
2017,6,1,21,0,36.26629296875,0
2017,6,1,21,0,38.0720261230469,0
2017,6,1,21,0,39.8779951171875,0
2017,6,1,21,0,41.6837150878906,0
2017,6,1,21,0,43.4896791992187,0
2017,6,1,21,0,45.29558203125,0
2017,6,1,21,0,47.1015329589844,0
2017,6,1,21,0,48.9072709960938,0
2017,6,1,21,0,50.713294921875,0
2017,6,1,21,0,52.5192299804688,0
2017,6,1,21,0,54.3250261230469,0
2017,6,1,21,0,56.1310109863281,0
2017,6,1,21,0,57.9369521484375,0
2017,6,1,21,0,59.7429169921875,0
2017,6,1,21,1,1.54871606445313,0
2017,6,1,21,1,3.3544951171875,0
2017,6,1,21,1,5.16023120117188,0
2017,6,1,21,1,6.96615185546875,0
2017,6,1,21,1,8.77207299804688,0
2017,6,1,21,1,10.5779309082031,0
2017,6,1,21,1,12.3837619628906,0
2017,6,1,21,1,14.1897211914062,0
2017,6,1,21,1,15.9956291503906,0
2017,6,1,21,1,17.8016218261719,0
2017,6,1,21,1,19.6075461425781,0
2017,6,1,21,1,21.4134108886719,0
2017,6,1,21,1,23.21912109375,0
2017,6,1,21,1,25.0250908203125,0
2017,6,1,21,1,26.8308430175781,0
2017,6,1,21,1,28.6367858886719,0
2017,6,1,21,1,30.4426960449219,1
2017,6,1,21,1,32.2485170898438,1
2017,6,1,21,1,34.054455078125,1
2017,6,1,21,1,35.8604150390625,1
2017,6,1,21,1,37.666330078125,1
2017,6,1,21,1,39.4721127929688,1
2017,6,1,21,1,41.2778200683594,1
2017,6,1,21,1,43.0836779785156,1
2017,6,1,21,1,44.889419921875,1
2017,6,1,21,1,46.6951669921875,1
2017,6,1,21,1,48.5008759765625,1
2017,6,1,21,1,50.3067160644531,1
2017,6,1,21,1,52.1126130371094,1
2017,6,1,21,1,53.9185390625,1
2017,6,1,21,1,55.724251953125,1
2017,6,1,21,1,57.5299721679688,1
2017,6,1,21,1,59.3357109375,1
2017,6,1,21,2,1.14165991210937,1
2017,6,1,21,2,2.9474599609375,1
2017,6,1,21,2,4.75344799804687,1
2017,6,1,21,2,6.5592900390625,1
2017,6,1,21,2,8.36501782226562,1
2017,6,1,21,2,10.1709848632812,1
2017,6,1,21,2,11.9768811035156,1
2017,6,1,21,2,13.7828059082031,1
2017,6,1,21,2,15.5886088867188,1
2017,6,1,21,2,17.3945290527344,1
2017,6,1,21,2,19.2003701171875,1
2017,6,1,21,2,21.0062619628906,1
2017,6,1,21,2,22.8120319824219,1
2017,6,1,21,2,24.6179741210937,1
2017,6,1,21,2,26.4236901855469,1
2017,6,1,21,2,28.2296318359375,1
2017,6,1,21,2,30.0355078125,1
2017,6,1,21,2,31.8412639160156,1
2017,6,1,21,2,33.6470859375,1
2017,6,1,21,2,35.4529150390625,1
2017,6,1,21,2,37.2587749023438,1
2017,6,1,21,2,39.0647280273437,1
2017,6,1,21,2,40.8706401367187,1
2017,6,1,21,2,42.6765949707031,1
2017,6,1,21,2,44.4824440917969,1
2017,6,1,21,2,46.2882490234375,1
2017,6,1,21,2,48.094212890625,1
2017,6,1,21,2,49.8999460449219,1
2017,6,1,21,2,51.7060590820313,1
2017,6,1,21,2,53.5117731933594,1
2017,6,1,21,2,55.317626953125,1
2017,6,1,21,2,57.123337890625,1
2017,6,1,21,2,58.9293161621094,1
2017,6,1,21,3,0.735266845703125,1
2017,6,1,21,3,2.54121484375,1
2017,6,1,21,3,4.347162109375,1
2017,6,1,21,3,6.15298803710937,1
2017,6,1,21,3,7.95877514648438,1
2017,6,1,21,3,9.76460205078125,1
2017,6,1,21,3,11.5702971191406,1
2017,6,1,21,3,13.3760480957031,1
2017,6,1,21,3,15.1819938964844,1
2017,6,1,21,3,16.9877670898438,1
2017,6,1,21,3,18.7935920410156,1
2017,6,1,21,3,20.5995910644531,1
2017,6,1,21,3,22.4053308105469,1
2017,6,1,21,3,24.2112419433594,1
2017,6,1,21,3,26.0173110351563,1
2017,6,1,21,3,27.8231931152344,1
2017,6,1,21,3,29.6290778808594,1
2017,6,1,21,3,31.4349599609375,1
2017,6,1,21,3,33.2409260253906,1
2017,6,1,21,3,35.04670703125,1
2017,6,1,21,3,36.8524560546875,1
2017,6,1,21,3,38.65833203125,1
2017,6,1,21,3,40.4643330078125,1
2017,6,1,21,3,42.270291015625,1
2017,6,1,21,3,44.0759970703125,1
2017,6,1,21,3,45.8818071289063,1
2017,6,1,21,3,47.6879001464844,1
2017,6,1,21,3,49.4936279296875,1
2017,6,1,21,3,51.2994479980469,1
2017,6,1,21,3,53.1052819824219,1
2017,6,1,21,3,54.9111750488281,1
2017,6,1,21,3,56.7169279785156,1
2017,6,1,21,3,58.522794921875,1
2017,6,1,21,4,0.328717041015625,1
2017,6,1,21,4,2.134587890625,1
2017,6,1,21,4,3.9403759765625,1
2017,6,1,21,4,5.74634106445312,1
2017,6,1,21,4,7.5522490234375,1
2017,6,1,21,4,9.35838891601563,1
2017,6,1,21,4,11.1643759765625,1
2017,6,1,21,4,12.9703469238281,1
2017,6,1,21,4,14.7796120605469,1
2017,6,1,21,4,16.5853427734375,1
2017,6,1,21,4,18.3911918945313,1
2017,6,1,21,4,20.1970329589844,1
2017,6,1,21,4,22.0029211425781,1
2017,6,1,21,4,23.8088869628906,1
2017,6,1,21,4,25.6147038574219,1
2017,6,1,21,4,27.4204079589844,1
2017,6,1,21,4,29.2263400878906,1
2017,6,1,21,4,31.0322919921875,1
2017,6,1,21,4,32.8380229492187,1
2017,6,1,21,4,34.6440229492188,1
2017,6,1,21,4,36.4498090820313,1
2017,6,1,21,4,38.2557229003906,1
2017,6,1,21,4,40.0614318847656,1
2017,6,1,21,4,41.8673950195313,1
2017,6,1,21,4,43.6732229003906,1
2017,6,1,21,4,45.4791081542969,1
2017,6,1,21,4,47.284837890625,1
2017,6,1,21,4,49.0905769042969,1
2017,6,1,21,4,50.8965129394531,1
2017,6,1,21,4,52.7022258300781,1
2017,6,1,21,4,54.5082231445313,1
2017,6,1,21,4,56.31399609375,1
2017,6,1,21,4,58.1198930664062,1
2017,6,1,21,4,59.9256770019531,1
2017,6,1,21,5,1.73154907226563,1
2017,6,1,21,5,3.53742504882812,1
2017,6,1,21,5,5.3431689453125,1
2017,6,1,21,5,7.14888500976562,1
2017,6,1,21,5,8.95473706054688,1
2017,6,1,21,5,10.7605610351563,1
2017,6,1,21,5,12.5663818359375,1
2017,6,1,21,5,14.3723029785156,1
2017,6,1,21,5,16.1780231933594,1
2017,6,1,21,5,17.9837639160156,1
2017,6,1,21,5,19.7898259277344,1
2017,6,1,21,5,21.5955620117188,1
2017,6,1,21,5,23.4012880859375,1
2017,6,1,21,5,25.2070461425781,1
2017,6,1,21,5,27.0128459472656,1
2017,6,1,21,5,28.8187080078125,1
2017,6,1,21,5,30.6246450195313,1
2017,6,1,21,5,32.4307280273437,1
2017,6,1,21,5,34.2365261230469,1
2017,6,1,21,5,36.0424880371094,1
2017,6,1,21,5,37.8484841308594,1
2017,6,1,21,5,39.6614709472656,1
2017,6,1,21,5,41.467876953125,1
2017,6,1,21,5,43.2737780761719,1
2017,6,1,21,5,45.0796030273438,1
2017,6,1,21,5,46.8855009765625,1
2017,6,1,21,5,48.6914858398438,1
2017,6,1,21,5,50.4974050292969,1
2017,6,1,21,5,52.3032170410156,1
2017,6,1,21,5,54.10912109375,1
2017,6,1,21,5,55.9150749511719,1
2017,6,1,21,5,57.7211770019531,1
2017,6,1,21,5,59.5270390625,1
2017,6,1,21,6,1.33290185546875,1
2017,6,1,21,6,3.13864111328125,1
2017,6,1,21,6,4.94444213867188,1
2017,6,1,21,6,6.75039501953125,1
2017,6,1,21,6,8.556162109375,1
2017,6,1,21,6,10.3620668945312,1
2017,6,1,21,6,12.1679421386719,1
2017,6,1,21,6,13.9736989746094,1
2017,6,1,21,6,15.779548828125,1
2017,6,1,21,6,17.58553515625,1
2017,6,1,21,6,19.391501953125,1
2017,6,1,21,6,21.1972299804688,1
2017,6,1,21,6,23.0031809082031,1
2017,6,1,21,6,24.8090100097656,1
2017,6,1,21,6,26.6148229980469,1
2017,6,1,21,6,28.4205439453125,1
2017,6,1,21,6,30.2265310058594,1
2017,6,1,21,6,32.0323520507812,1
2017,6,1,21,6,33.838205078125,1
2017,6,1,21,6,35.6440078125,1
2017,6,1,21,6,37.4497170410156,1
2017,6,1,21,6,39.2555539550781,1
2017,6,1,21,6,41.0616779785156,1
2017,6,1,21,6,42.8673688964844,1
2017,6,1,21,6,44.6731049804688,1
2017,6,1,21,6,46.4790180664062,1
2017,6,1,21,6,48.2848430175781,1
2017,6,1,21,6,50.0907380371094,1
2017,6,1,21,6,51.8967321777344,1
2017,6,1,21,6,53.7027868652344,1
2017,6,1,21,6,55.5085029296875,1
2017,6,1,21,6,57.3142321777344,1
2017,6,1,21,6,59.1199609375,1
2017,6,1,21,7,0.926010986328125,1
2017,6,1,21,7,2.731916015625,1
2017,6,1,21,7,4.53762377929687,1
2017,6,1,21,7,6.34338403320313,1
2017,6,1,21,7,8.14915893554688,1
2017,6,1,21,7,9.95514013671875,1
2017,6,1,21,7,11.761037109375,1
2017,6,1,21,7,13.5668798828125,1
2017,6,1,21,7,15.3726330566406,1
2017,6,1,21,7,17.1785368652344,1
2017,6,1,21,7,18.9842399902344,1
2017,6,1,21,7,20.7900478515625,1
2017,6,1,21,7,22.5958601074219,1
2017,6,1,21,7,24.4016809082031,1
2017,6,1,21,7,26.207623046875,1
2017,6,1,21,7,28.0136520996094,1
2017,6,1,21,7,29.8194050292969,1
2017,6,1,21,7,31.6252189941406,1
2017,6,1,21,7,33.4309799804687,1
2017,6,1,21,7,35.2367509765625,1
2017,6,1,21,7,37.0424768066406,1
2017,6,1,21,7,38.8483059082031,1
2017,6,1,21,7,40.6542890625,1
2017,6,1,21,7,42.4600688476563,1
2017,6,1,21,7,44.2658898925781,1
2017,6,1,21,7,46.0718669433594,1
2017,6,1,21,7,47.8777900390625,1
2017,6,1,21,7,49.6838610839844,1
2017,6,1,21,7,51.4896840820313,1
2017,6,1,21,7,53.2956208496094,1
2017,6,1,21,7,55.1014990234375,1
2017,6,1,21,7,56.9072790527344,1
2017,6,1,21,7,58.7132109375,1
2017,6,1,21,8,0.51893310546875,1
2017,6,1,21,8,2.32484692382813,1
2017,6,1,21,8,4.13059912109375,0
2017,6,1,21,8,5.93654614257813,0
2017,6,1,21,8,7.74240991210938,0
2017,6,1,21,8,9.54814599609375,0
2017,6,1,21,8,11.3539580078125,0
2017,6,1,21,8,13.1597180175781,0
2017,6,1,21,8,14.9655520019531,0
2017,6,1,21,8,16.771498046875,0
2017,6,1,21,8,18.5774641113281,0
2017,6,1,21,8,20.3833430175781,0
2017,6,1,21,8,22.1892348632812,0
2017,6,1,21,8,23.9949580078125,0
2017,6,1,21,8,25.8008671875,0
2017,6,1,21,8,27.6070190429688,0
2017,6,1,21,8,29.412873046875,0
2017,6,1,21,8,31.2187058105469,0
2017,6,1,21,8,33.0247290039063,0
2017,6,1,21,8,34.8304279785156,0
2017,6,1,21,8,36.6362900390625,0
2017,6,1,21,8,38.4421188964844,0
2017,6,1,21,8,40.2480600585938,0
2017,6,1,21,8,42.0537778320313,0
2017,6,1,21,8,43.859705078125,0
2017,6,1,21,8,45.6654309082031,0
2017,6,1,21,8,47.4711369628906,0
2017,6,1,21,8,49.2770668945313,0
2017,6,1,21,8,51.0828718261719,0
2017,6,1,21,8,52.8886530761719,0
2017,6,1,21,8,54.6964970703125,0
2017,6,1,21,8,56.50237109375,0
2017,6,1,21,8,58.308125,0
2017,6,1,21,9,0.113922119140625,0
2017,6,1,21,9,1.91967504882812,0
2017,6,1,21,9,3.72565893554687,0
2017,6,1,21,9,5.53153198242187,0
2017,6,1,21,9,7.337291015625,0
2017,6,1,21,9,9.14322802734375,0
2017,6,1,21,9,10.94894921875,0
2017,6,1,21,9,12.7547729492188,0
2017,6,1,21,9,14.5605710449219,0
2017,6,1,21,9,16.3666027832031,0
2017,6,1,21,9,18.1725910644531,0
2017,6,1,21,9,19.9783930664063,0
2017,6,1,21,9,21.7843479003906,0
2017,6,1,21,9,23.5903388671875,0
2017,6,1,21,9,25.3963188476563,0
2017,6,1,21,9,27.2020590820313,0
2017,6,1,21,9,29.0151921386719,0
2017,6,1,21,9,30.8208898925781,1
2017,6,1,21,9,32.626796875,1
2017,6,1,21,9,34.4325900878906,1
2017,6,1,21,9,36.2383371582031,1
2017,6,1,21,9,38.0441330566406,1
2017,6,1,21,9,39.8499489746094,1
2017,6,1,21,9,41.6559018554687,1
2017,6,1,21,9,43.4616000976563,1
2017,6,1,21,9,45.2674489746094,1
2017,6,1,21,9,47.0733571777344,1
2017,6,1,21,9,48.8791020507812,1
2017,6,1,21,9,50.6850859375,1
2017,6,1,21,9,52.491041015625,1
2017,6,1,21,9,54.2969711914063,1
2017,6,1,21,9,56.1028859863281,1
2017,6,1,21,9,57.9088759765625,1
2017,6,1,21,9,59.7146120605469,1
2017,6,1,21,10,1.52048803710937,1
2017,6,1,21,10,3.3262880859375,1
2017,6,1,21,10,5.13219409179688,1
2017,6,1,21,10,6.93814404296875,1
2017,6,1,21,10,8.7439931640625,1
2017,6,1,21,10,10.5499711914063,1
2017,6,1,21,10,12.3558110351563,1
2017,6,1,21,10,14.1617199707031,1
2017,6,1,21,10,15.967662109375,1
2017,6,1,21,10,17.7733740234375,1
2017,6,1,21,10,19.5791220703125,1
2017,6,1,21,10,21.5000451660156,1
2017,6,1,21,10,23.3681518554687,1
2017,6,1,21,10,25.1741979980469,1
2017,6,1,21,10,27.0528500976563,1
2017,6,1,21,10,29.0165278320313,1
2017,6,1,21,10,30.8224331054688,1
2017,6,1,21,10,32.9900510253906,1
2017,6,1,21,10,34.8376118164063,1
2017,6,1,21,10,36.9584702148438,1
2017,6,1,21,10,38.784380859375,1
2017,6,1,21,10,40.6170629882812,1
2017,6,1,21,10,42.5270979003906,1
2017,6,1,21,10,44.3787229003906,1
2017,6,1,21,10,46.213630859375,1
2017,6,1,21,10,48.1016120605469,1
2017,6,1,21,10,50.0487470703125,1
2017,6,1,21,10,51.9930949707031,1
2017,6,1,21,10,54.0459311523437,1
2017,6,1,21,10,55.8631359863281,1
2017,6,1,21,10,57.8031059570312,1
2017,6,1,21,10,59.7864389648437,1
2017,6,1,21,11,1.5924150390625,1
2017,6,1,21,11,3.41390307617187,1
2017,6,1,21,11,5.3392099609375,1
2017,6,1,21,11,7.19430590820313,1
2017,6,1,21,11,9.06932592773438,1
2017,6,1,21,11,10.8751450195312,1
2017,6,1,21,11,12.9700678710938,1
2017,6,1,21,11,14.7768740234375,1
2017,6,1,21,11,16.5827060546875,1
2017,6,1,21,11,18.4179658203125,1
2017,6,1,21,11,20.389837890625,1
2017,6,1,21,11,22.5519340820312,1
2017,6,1,21,11,24.3999270019531,1
2017,6,1,21,11,26.352998046875,1
2017,6,1,21,11,28.1588669433594,1
2017,6,1,21,11,30.0915710449219,1
2017,6,1,21,11,31.978326171875,1
2017,6,1,21,11,33.8550129394531,1
2017,6,1,21,11,35.6610078125,1
2017,6,1,21,11,37.5777170410156,1
2017,6,1,21,11,39.4006340332031,1
2017,6,1,21,11,41.3858530273437,1
2017,6,1,21,11,43.1918239746094,1
2017,6,1,21,11,45.2384750976562,1
2017,6,1,21,11,47.0528928222656,1
2017,6,1,21,11,48.9707690429687,1
2017,6,1,21,11,50.8330979003906,1
2017,6,1,21,11,52.7321069335937,1
2017,6,1,21,11,54.6141401367188,1
2017,6,1,21,11,56.6228798828125,1
2017,6,1,21,11,58.4604990234375,1
2017,6,1,21,12,0.266135986328125,1
2017,6,1,21,12,2.07188012695313,1
2017,6,1,21,12,3.87760595703125,1
2017,6,1,21,12,5.68354516601562,1
2017,6,1,21,12,7.48939794921875,1
2017,6,1,21,12,9.295205078125,1
2017,6,1,21,12,11.1011740722656,1
2017,6,1,21,12,12.9071208496094,1
2017,6,1,21,12,14.7130161132813,1
2017,6,1,21,12,16.5189660644531,1
2017,6,1,21,12,18.32470703125,1
2017,6,1,21,12,20.1305690917969,1
2017,6,1,21,12,21.93637109375,1
2017,6,1,21,12,23.7420991210938,1
2017,6,1,21,12,25.547998046875,1
2017,6,1,21,12,27.3539770507812,1
2017,6,1,21,12,29.1599541015625,1
2017,6,1,21,12,30.9657648925781,1
2017,6,1,21,12,32.7716848144531,1
2017,6,1,21,12,34.5774609375,1
2017,6,1,21,12,36.3834360351563,1
2017,6,1,21,12,38.1894250488281,1
2017,6,1,21,12,39.9951999511719,1
2017,6,1,21,12,41.8010559082031,1
2017,6,1,21,12,43.6068771972656,1
2017,6,1,21,12,45.4126921386719,1
2017,6,1,21,12,47.2185700683594,1
2017,6,1,21,12,49.0243410644531,1
2017,6,1,21,12,50.8301169433594,1
2017,6,1,21,12,52.6359270019531,1
2017,6,1,21,12,54.4419069824219,1
2017,6,1,21,12,56.2477451171875,1
2017,6,1,21,12,58.0535769042969,1
2017,6,1,21,12,59.8593149414062,1
2017,6,1,21,13,1.66529614257812,1
2017,6,1,21,13,3.47119799804688,1
2017,6,1,21,13,5.27703198242187,1
2017,6,1,21,13,7.08276196289062,1
2017,6,1,21,13,8.8886708984375,1
2017,6,1,21,13,10.6945869140625,1
2017,6,1,21,13,12.5003879394531,1
2017,6,1,21,13,14.306294921875,1
2017,6,1,21,13,16.1123791503906,1
2017,6,1,21,13,17.9181750488281,1
2017,6,1,21,13,19.7239128417969,1
2017,6,1,21,13,21.5304418945313,1
2017,6,1,21,13,23.3363630371094,1
2017,6,1,21,13,25.1421359863281,1
2017,6,1,21,13,26.9480131835938,1
2017,6,1,21,13,28.7537370605469,1
2017,6,1,21,13,30.5594831542969,1
2017,6,1,21,13,32.3652209472656,1
2017,6,1,21,13,34.1711140136719,1
2017,6,1,21,13,35.976923828125,1
2017,6,1,21,13,37.7829709472656,1
2017,6,1,21,13,39.5887609863281,1
2017,6,1,21,13,41.3946020507813,1
2017,6,1,21,13,43.204544921875,1
2017,6,1,21,13,45.0102551269531,1
2017,6,1,21,13,46.8161440429688,1
2017,6,1,21,13,48.6219370117187,1
2017,6,1,21,13,50.427875,1
2017,6,1,21,13,52.2336850585937,1
2017,6,1,21,13,54.0396809082031,1
2017,6,1,21,13,55.8456450195312,1
2017,6,1,21,13,57.6515668945312,1
2017,6,1,21,13,59.457341796875,1
2017,6,1,21,14,1.263041015625,1
2017,6,1,21,14,3.069001953125,1
2017,6,1,21,14,4.87497998046875,1
2017,6,1,21,14,6.68093310546875,1
2017,6,1,21,14,8.49476416015625,1
2017,6,1,21,14,10.3004848632813,1
2017,6,1,21,14,12.106419921875,1
2017,6,1,21,14,13.9123740234375,1
2017,6,1,21,14,15.7181130371094,1
2017,6,1,21,14,17.52412890625,1
2017,6,1,21,14,19.3298918457031,1
2017,6,1,21,14,21.1358061523438,1
2017,6,1,21,14,22.9417541503906,0
2017,6,1,21,14,24.7476398925781,1
2017,6,1,21,14,26.553376953125,1
2017,6,1,21,14,28.3592419433594,1
2017,6,1,21,14,30.1650021972656,1
2017,6,1,21,14,31.9706989746094,1
2017,6,1,21,14,33.7766489257813,1
2017,6,1,21,14,35.5823728027344,1
2017,6,1,21,14,37.3882548828125,1
2017,6,1,21,14,39.1941379394531,1
2017,6,1,21,14,40.9999968261719,1
2017,6,1,21,14,42.8056999511719,1
2017,6,1,21,14,44.6116418457031,1
2017,6,1,21,14,46.4173591308594,1
2017,6,1,21,14,48.2232309570312,1
2017,6,1,21,14,50.0290439453125,1
2017,6,1,21,14,51.83512890625,1
2017,6,1,21,14,53.6410949707031,1
2017,6,1,21,14,55.4470268554687,1
2017,6,1,21,14,57.2528801269531,1
2017,6,1,21,14,59.0586149902344,1
2017,6,1,21,18,54.9348850097656,1
2017,6,1,21,18,56.7406760253906,1
2017,6,1,21,18,58.5492709960938,1
2017,6,1,21,19,0.494455078125,1
2017,6,1,21,19,2.46237622070313,1
2017,6,1,21,19,4.268203125,1
2017,6,1,21,19,6.17480297851562,1
2017,6,1,21,19,7.98065698242188,1
2017,6,1,21,19,9.90414819335938,1
2017,6,1,21,19,11.9172038574219,1
2017,6,1,21,19,13.7410419921875,1
2017,6,1,21,19,15.5843820800781,1
2017,6,1,21,19,17.6916369628906,1
2017,6,1,21,19,19.5048898925781,1
2017,6,1,21,19,21.4901708984375,1
2017,6,1,21,19,23.3240900878906,1
2017,6,1,21,19,25.1750048828125,1
2017,6,1,21,19,27.2059309082031,1
2017,6,1,21,19,29.0132370605469,1
2017,6,1,21,19,30.8189440917969,1
2017,6,1,21,19,32.6247509765625,1
2017,6,1,21,19,34.4304650878906,1
2017,6,1,21,19,36.2362919921875,1
2017,6,1,21,19,38.0420251464844,1
2017,6,1,21,19,39.847794921875,1
2017,6,1,21,19,41.6537211914062,1
2017,6,1,21,19,43.4593889160156,1
2017,6,1,21,19,45.2653679199219,1
2017,6,1,21,19,47.0712858886719,1
2017,6,1,21,19,48.8771850585938,1
2017,6,1,21,19,50.6829650878906,1
2017,6,1,21,19,52.4888889160156,1
2017,6,1,21,19,54.2952180175781,1
2017,6,1,21,19,56.1012102050781,1
2017,6,1,21,19,57.907078125,1
2017,6,1,21,19,59.71303515625,1
2017,6,1,21,20,1.51881005859375,1
2017,6,1,21,20,3.32460498046875,1
2017,6,1,21,20,5.13032104492187,1
2017,6,1,21,20,6.93615893554688,1
2017,6,1,21,20,8.74190405273437,1
2017,6,1,21,20,10.5477990722656,1
2017,6,1,21,20,12.3535100097656,1
2017,6,1,21,20,14.1593840332031,1
2017,6,1,21,20,15.9653188476562,1
2017,6,1,21,20,17.771125,1
2017,6,1,21,20,19.5771179199219,1
2017,6,1,21,20,21.38283984375,1
2017,6,1,21,20,23.1885991210937,1
2017,6,1,21,20,24.9943110351563,1
2017,6,1,21,20,26.8001831054688,1
2017,6,1,21,20,28.6062250976562,1
2017,6,1,21,20,30.4120810546875,1
2017,6,1,21,20,32.21783984375,1
2017,6,1,21,20,34.1281682128906,1
2017,6,1,21,20,35.9339658203125,1
2017,6,1,21,20,37.7845949707031,1
2017,6,1,21,20,39.5904069824219,1
2017,6,1,21,20,41.3964318847656,1
2017,6,1,21,20,43.2022768554688,1
2017,6,1,21,20,45.0079860839844,1
2017,6,1,21,20,46.8138688964844,1
2017,6,1,21,20,48.6196049804688,1
2017,6,1,21,20,50.4255158691406,1
2017,6,1,21,20,52.2314150390625,1
2017,6,1,21,20,54.0371359863281,1
2017,6,1,21,20,55.842916015625,1
2017,6,1,21,20,57.6487319335938,1
2017,6,1,21,20,59.5173498535156,1
2017,6,1,21,21,1.37847485351563,1
2017,6,1,21,21,3.45746899414062,1
2017,6,1,21,21,5.26343115234375,1
2017,6,1,21,21,7.0692880859375,1
2017,6,1,21,21,8.87517700195312,1
2017,6,1,21,21,10.6810419921875,1
2017,6,1,21,21,12.4871240234375,1
2017,6,1,21,21,14.2929421386719,1
2017,6,1,21,21,16.0988481445312,1
2017,6,1,21,21,17.9047790527344,1
2017,6,1,21,21,19.7105390625,1
2017,6,1,21,21,21.5163811035156,1
2017,6,1,21,21,23.3221979980469,1
2017,6,1,21,21,25.128158203125,1
2017,6,1,21,21,26.9341279296875,1
2017,6,1,21,21,28.7400310058594,1
2017,6,1,21,21,30.5458259277344,1
2017,6,1,21,21,32.3518117675781,1
2017,6,1,21,21,34.1578269042969,1
2017,6,1,21,21,35.9636999511719,1
2017,6,1,21,21,37.7694069824219,1
2017,6,1,21,21,39.575333984375,1
2017,6,1,21,21,41.3891240234375,1
2017,6,1,21,21,43.1949401855469,1
2017,6,1,21,21,45.0007478027344,1
2017,6,1,21,21,46.8065959472656,1
2017,6,1,21,21,48.6125969238281,1
2017,6,1,21,21,50.4183559570313,1
2017,6,1,21,21,52.2242370605469,1
2017,6,1,21,21,54.0301430664062,1
2017,6,1,21,21,55.835962890625,1
2017,6,1,21,21,57.6416899414062,1
2017,6,1,21,21,59.4476440429687,1
2017,6,1,21,22,1.25355102539063,1
2017,6,1,21,22,3.05952319335938,1
2017,6,1,21,22,4.8652490234375,1
2017,6,1,21,22,6.67968115234375,1
2017,6,1,21,22,8.48544506835938,1
2017,6,1,21,22,10.29133203125,1
2017,6,1,21,22,12.0970717773437,1
2017,6,1,21,22,13.9029040527344,1
2017,6,1,21,22,15.709,1
2017,6,1,21,22,17.5149020996094,1
2017,6,1,21,22,19.3207509765625,1
2017,6,1,21,22,21.126490234375,1
2017,6,1,21,22,22.932380859375,1
2017,6,1,21,22,24.7384670410156,1
2017,6,1,21,22,26.5441909179687,1
2017,6,1,21,22,28.3499870605469,1
2017,6,1,21,22,30.1558740234375,1
2017,6,1,21,22,31.9615849609375,1
2017,6,1,21,22,33.7674318847656,1
2017,6,1,21,22,35.5731879882812,1
2017,6,1,21,22,37.3792250976563,1
2017,6,1,21,22,39.1850419921875,1
2017,6,1,21,22,40.9909829101562,1
2017,6,1,21,22,42.7968408203125,1
2017,6,1,21,22,44.6025419921875,1
2017,6,1,21,22,46.408421875,1
2017,6,1,21,22,48.2143991699219,1
2017,6,1,21,22,50.0203239746094,1
2017,6,1,21,22,51.8261950683594,1
2017,6,1,21,22,53.6321479492187,1
2017,6,1,21,22,55.4380549316406,1
2017,6,1,21,22,57.2437661132812,1
2017,6,1,21,22,59.0498891601562,1
2017,6,1,21,23,0.855652099609375,1
2017,6,1,21,23,2.66153100585937,1
2017,6,1,21,23,4.46725805664062,1
2017,6,1,21,23,6.27303515625,1
2017,6,1,21,23,8.0787880859375,1
2017,6,1,21,23,9.88455615234375,1
2017,6,1,21,23,11.6905078125,1
2017,6,1,21,23,13.4963349609375,1
2017,6,1,21,23,15.3021569824219,1
2017,6,1,21,23,17.1080610351563,1
2017,6,1,21,23,18.9139760742187,1
2017,6,1,21,23,20.7198149414062,1
2017,6,1,21,23,22.5255529785156,1
2017,6,1,21,23,24.3314851074219,1
2017,6,1,21,23,26.1373630371094,1
2017,6,1,21,23,27.9431728515625,1
2017,6,1,21,23,29.7490139160156,1
2017,6,1,21,23,31.5548798828125,1
2017,6,1,21,23,33.3607260742188,1
2017,6,1,21,23,35.1664699707031,1
2017,6,1,21,23,36.9722631835938,1
2017,6,1,21,23,38.7782021484375,1
2017,6,1,21,23,40.5840290527344,1
2017,6,1,21,23,42.3898120117188,1
2017,6,1,21,23,44.1957819824219,1
2017,6,1,21,23,46.0017431640625,1
2017,6,1,21,23,47.8075681152344,1
2017,6,1,21,23,49.6133688964844,1
2017,6,1,21,23,51.4191979980469,1
2017,6,1,21,23,53.2249270019531,1
2017,6,1,21,23,55.0308461914062,1
2017,6,1,21,23,56.8364848632812,1
2017,6,1,21,23,58.6424638671875,1
2017,6,1,21,24,0.448451904296875,0
2017,6,1,21,24,2.25440405273438,0
2017,6,1,21,24,4.06017211914063,0
2017,6,1,21,24,5.86601098632813,0
2017,6,1,21,24,7.67185815429688,0
2017,6,1,21,24,9.4778349609375,0
2017,6,1,21,24,11.2837150878906,0
2017,6,1,21,24,13.0896469726563,0
2017,6,1,21,24,14.8954379882812,0
2017,6,1,21,24,16.701328125,0
2017,6,1,21,24,18.5071870117187,0
2017,6,1,21,24,20.3129389648437,0
2017,6,1,21,24,22.1188449707031,0
2017,6,1,21,24,23.9245478515625,0
2017,6,1,21,24,25.7304069824219,0
2017,6,1,21,24,27.5363540039063,0
2017,6,1,21,24,29.3424538574219,0
2017,6,1,21,24,31.152955078125,0
2017,6,1,21,24,32.95883984375,0
2017,6,1,21,24,34.7646020507812,1
2017,6,1,21,24,36.5705500488281,1
2017,6,1,21,24,38.3765029296875,1
2017,6,1,21,24,40.1824150390625,1
2017,6,1,21,24,41.9881779785156,1
2017,6,1,21,24,43.7940639648438,1
2017,6,1,21,24,45.599998046875,1
2017,6,1,21,24,47.4059091796875,1
2017,6,1,21,24,49.2116870117188,1
2017,6,1,21,24,51.0174799804687,1
2017,6,1,21,24,52.8234729003906,1
2017,6,1,21,24,54.6294702148437,1
2017,6,1,21,24,56.435205078125,1
2017,6,1,21,24,58.241044921875,1
2017,6,1,21,25,0.046864990234375,1
2017,6,1,21,25,1.85278393554688,1
2017,6,1,21,25,3.65862890625,1
2017,6,1,21,25,5.46451220703125,1
2017,6,1,21,25,7.27048291015625,1
2017,6,1,21,25,9.0762041015625,1
2017,6,1,21,25,10.8819921875,1
2017,6,1,21,25,12.6877810058594,1
2017,6,1,21,25,14.4935729980469,1
2017,6,1,21,25,16.2994990234375,1
2017,6,1,21,25,18.10529296875,1
2017,6,1,21,25,19.9110830078125,1
2017,6,1,21,25,21.7169890136719,1
2017,6,1,21,25,23.5230190429687,1
2017,6,1,21,25,25.3287590332031,1
2017,6,1,21,25,27.1346979980469,1
2017,6,1,21,25,28.9405588378906,1
2017,6,1,21,25,30.7465229492188,1
2017,6,1,21,25,32.5525051269531,1
2017,6,1,21,25,34.3584709472656,1
2017,6,1,21,25,36.164328125,1
2017,6,1,21,25,37.9702438964844,1
2017,6,1,21,25,39.7761188964844,1
2017,6,1,21,25,41.581873046875,1
2017,6,1,21,25,43.3878291015625,1
2017,6,1,21,25,45.1936540527344,1
2017,6,1,21,25,46.9993020019531,1
2017,6,1,21,25,48.8061550292969,1
2017,6,1,21,25,50.6119028320312,1
2017,6,1,21,25,52.4178317871094,1
2017,6,1,21,25,54.223951171875,1
2017,6,1,21,25,56.0352299804687,1
2017,6,1,21,25,57.8411889648438,1
2017,6,1,21,25,59.6468999023437,1
2017,6,1,21,26,1.45265600585937,1
2017,6,1,21,26,3.25850512695312,1
2017,6,1,21,26,5.064498046875,1
2017,6,1,21,26,6.87049609375,1
2017,6,1,21,26,8.6762958984375,1
2017,6,1,21,26,10.4821611328125,1
2017,6,1,21,26,12.2880471191406,1
2017,6,1,21,26,14.0941569824219,1
2017,6,1,21,26,15.8997958984375,1
2017,6,1,21,26,17.705619140625,1
2017,6,1,21,26,19.5115900878906,1
2017,6,1,21,26,21.3175549316406,1
2017,6,1,21,26,23.1234951171875,1
2017,6,1,21,26,24.9292958984375,1
2017,6,1,21,26,26.7353461914063,1
2017,6,1,21,26,28.541044921875,1
2017,6,1,21,26,30.3468859863281,1
2017,6,1,21,26,32.1526931152344,1
2017,6,1,21,26,33.9584609375,1
2017,6,1,21,26,35.7641940917969,1
2017,6,1,21,26,37.5701020507813,1
2017,6,1,21,26,39.375955078125,1
2017,6,1,21,26,41.1817141113281,1
2017,6,1,21,26,42.9875268554688,1
2017,6,1,21,26,44.79341015625,1
2017,6,1,21,26,46.5993381347656,1
2017,6,1,21,26,48.40533984375,1
2017,6,1,21,26,50.21112109375,1
2017,6,1,21,26,52.0170642089844,1
2017,6,1,21,26,53.8230031738281,1
2017,6,1,21,26,55.6287810058594,1
2017,6,1,21,26,57.4345141601562,1
2017,6,1,21,26,59.2403940429688,1
2017,6,1,21,27,1.04628491210937,1
2017,6,1,21,27,2.8520009765625,1
2017,6,1,21,27,4.65797412109375,1
2017,6,1,21,27,6.4638359375,1
2017,6,1,21,27,8.26967700195313,1
2017,6,1,21,27,10.0756098632812,1
2017,6,1,21,27,11.8815080566406,1
2017,6,1,21,27,13.6872639160156,1
2017,6,1,21,27,15.4931298828125,1
2017,6,1,21,27,17.2989309082031,1
2017,6,1,21,27,19.1047170410156,1
2017,6,1,21,27,20.9174509277344,1
2017,6,1,21,27,22.7233020019531,1
2017,6,1,21,27,24.5290561523437,1
2017,6,1,21,27,26.3347690429688,1
2017,6,1,21,27,28.1404899902344,1
2017,6,1,21,27,29.9465798339844,1
2017,6,1,21,27,31.7522868652344,1
2017,6,1,21,27,33.5579970703125,1
2017,6,1,21,27,35.3638588867188,1
2017,6,1,21,27,37.1698588867187,1
2017,6,1,21,27,38.9757021484375,1
2017,6,1,21,27,40.7816801757812,1
2017,6,1,21,27,42.5874431152344,1
2017,6,1,21,27,44.393412109375,1
2017,6,1,21,27,46.1992600097656,1
2017,6,1,21,27,48.0049919433594,1
2017,6,1,21,27,49.81078515625,1
2017,6,1,21,27,51.6168200683594,1
2017,6,1,21,27,53.4226860351562,1
2017,6,1,21,27,55.2286811523438,1
2017,6,1,21,27,57.0346811523438,1
2017,6,1,21,27,58.8405559082031,1
2017,6,1,21,28,0.64631005859375,1
2017,6,1,21,28,2.45203100585938,1
2017,6,1,21,28,4.25774291992188,1
2017,6,1,21,28,6.06351586914063,1
2017,6,1,21,28,7.86943017578125,1
2017,6,1,21,28,9.67522314453125,1
2017,6,1,21,28,11.4812019042969,1
2017,6,1,21,28,13.2872829589844,1
2017,6,1,21,28,15.0931689453125,1
2017,6,1,21,28,16.8991259765625,1
2017,6,1,21,28,18.7048698730469,1
2017,6,1,21,28,20.5106650390625,1
2017,6,1,21,28,22.3166657714844,1
2017,6,1,21,28,24.122587890625,1
2017,6,1,21,28,25.9285021972656,1
2017,6,1,21,28,27.7344338378906,1
2017,6,1,21,28,29.5402390136719,1
2017,6,1,21,28,31.3461030273438,1
2017,6,1,21,28,33.1518139648437,1
2017,6,1,21,28,34.9577241210937,1
2017,6,1,21,28,36.7634958496094,1
2017,6,1,21,28,38.5694020996094,1
2017,6,1,21,28,40.3752438964844,1
2017,6,1,21,28,42.1811350097656,1
2017,6,1,21,28,43.9868989257812,1
2017,6,1,21,28,45.7993129882813,1
2017,6,1,21,28,47.6051062011719,1
2017,6,1,21,28,49.4109609375,1
2017,6,1,21,28,51.2168029785156,1
2017,6,1,21,28,53.0227250976562,1
2017,6,1,21,28,54.8285241699219,1
2017,6,1,21,28,56.6344951171875,1
2017,6,1,21,28,58.4402001953125,1
2017,6,1,21,29,0.246001953125,1
2017,6,1,21,29,2.05173901367188,1
2017,6,1,21,29,3.85769506835938,1
2017,6,1,21,29,5.66347094726563,1
2017,6,1,21,29,7.469296875,1
2017,6,1,21,29,9.275044921875,1
2017,6,1,21,29,11.0807858886719,1
2017,6,1,21,29,12.8866501464844,1
2017,6,1,21,29,14.6926479492188,1
2017,6,1,21,29,16.498796875,1
2017,6,1,21,29,18.3044382324219,1
2017,6,1,21,29,20.1102199707031,1
2017,6,1,21,29,21.9159948730469,1
2017,6,1,21,29,23.7219150390625,1
2017,6,1,21,29,25.5278078613281,1
2017,6,1,21,29,27.3336860351563,1
2017,6,1,21,29,29.1396501464844,1
2017,6,1,21,29,30.9455319824219,1
2017,6,1,21,29,32.7513278808594,1
2017,6,1,21,29,34.5573039550781,1
2017,6,1,21,29,36.363044921875,1
2017,6,1,21,29,38.1689128417969,1
2017,6,1,21,29,39.9746279296875,1
2017,6,1,21,29,41.7806240234375,1
2017,6,1,21,29,43.5865778808594,1
2017,6,1,21,29,45.3923371582031,1
2017,6,1,21,29,47.1981530761719,1
2017,6,1,21,29,49.0040368652344,1
2017,6,1,21,29,50.8117639160156,1
2017,6,1,21,29,52.6177490234375,1
2017,6,1,21,29,54.4236879882813,1
2017,6,1,21,29,56.2293879394531,1
2017,6,1,21,29,58.0351440429688,1
2017,6,1,21,29,59.8408820800781,1
2017,6,1,21,30,1.64665014648438,1
2017,6,1,21,30,3.45248706054688,1
2017,6,1,21,30,5.25830102539063,1
2017,6,1,21,30,7.06422583007812,1
2017,6,1,21,30,8.870083984375,1
2017,6,1,21,30,10.6810520019531,1
2017,6,1,21,30,12.4869079589844,1
2017,6,1,21,30,14.292669921875,1
2017,6,1,21,30,16.0984421386719,1
2017,6,1,21,30,17.90425390625,1
2017,6,1,21,30,19.7101298828125,1
2017,6,1,21,30,21.5158740234375,1
2017,6,1,21,30,23.3217780761719,1
2017,6,1,21,30,25.127751953125,1
2017,6,1,21,30,26.9334731445312,1
2017,6,1,21,30,28.7393569335938,1
2017,6,1,21,30,30.545212890625,1
2017,6,1,21,30,32.3518269042969,1
2017,6,1,21,30,34.1577900390625,1
2017,6,1,21,30,35.9636220703125,1
2017,6,1,21,30,37.7694211425781,1
2017,6,1,21,30,39.5753000488281,1
2017,6,1,21,30,41.3813068847656,1
2017,6,1,21,30,43.18725,1
2017,6,1,21,30,44.9930639648437,1
2017,6,1,21,30,46.7988200683594,1
2017,6,1,21,30,48.6046171875,1
2017,6,1,21,30,50.4105998535156,1
2017,6,1,21,30,52.2164421386719,1
2017,6,1,21,30,54.0221650390625,1
2017,6,1,21,30,55.8287490234375,1
2017,6,1,21,30,57.6339819335938,1
2017,6,1,21,30,59.4399189453125,1
2017,6,1,21,31,1.2457919921875,1
2017,6,1,21,31,3.051873046875,1
2017,6,1,21,31,4.8575849609375,1
2017,6,1,21,31,6.66343603515625,1
2017,6,1,21,31,8.469208984375,1
2017,6,1,21,31,10.2749790039062,1
2017,6,1,21,31,12.0807241210938,1
2017,6,1,21,31,13.8864650878906,1
2017,6,1,21,31,15.69245703125,1
2017,6,1,21,31,17.4981911621094,1
2017,6,1,21,31,19.3041870117187,1
2017,6,1,21,31,21.1100510253906,1
2017,6,1,21,31,22.9158830566406,1
2017,6,1,21,31,24.7219440917969,1
2017,6,1,21,31,26.5277099609375,1
2017,6,1,21,31,28.3335180664062,1
2017,6,1,21,31,30.1392419433594,1
2017,6,1,21,31,31.9450620117188,1
2017,6,1,21,31,33.750798828125,1
2017,6,1,21,31,35.5565549316406,1
2017,6,1,21,31,37.3626020507812,1
2017,6,1,21,31,39.1685009765625,1
2017,6,1,21,31,40.9742961425781,1
2017,6,1,21,31,42.7800920410156,1
2017,6,1,21,31,44.5858701171875,1
2017,6,1,21,31,46.39158203125,1
2017,6,1,21,31,48.1975141601563,1
2017,6,1,21,31,50.0032590332031,1
2017,6,1,21,31,51.8090668945312,1
2017,6,1,21,31,53.6149221191406,1
2017,6,1,21,31,55.4207170410156,1
2017,6,1,21,31,57.2264680175781,1
2017,6,1,21,31,59.0324299316406,1
2017,6,1,21,32,0.838385986328125,1
2017,6,1,21,32,2.64418798828125,1
2017,6,1,21,32,4.45006616210938,1
2017,6,1,21,32,6.25580004882813,1
2017,6,1,21,32,8.06161694335938,1
2017,6,1,21,32,9.8674189453125,1
2017,6,1,21,32,11.6732329101562,1
2017,6,1,21,32,13.479091796875,1
2017,6,1,21,32,15.2849460449219,1
2017,6,1,21,32,17.0908151855469,1
2017,6,1,21,32,18.8966411132812,1
2017,6,1,21,32,20.7023840332031,1
2017,6,1,21,32,22.5081748046875,1
2017,6,1,21,32,24.3158920898438,1
2017,6,1,21,32,26.1217109375,1
2017,6,1,21,32,27.9275478515625,1
2017,6,1,21,32,29.7336560058594,1
2017,6,1,21,32,31.5394680175781,1
2017,6,1,21,32,33.3452438964844,1
2017,6,1,21,32,35.1549611816406,1
2017,6,1,21,32,36.9608308105469,1
2017,6,1,21,32,38.7665639648437,1
2017,6,1,21,32,40.5722829589844,1
2017,6,1,21,32,42.3780939941406,1
2017,6,1,21,32,44.1840561523438,1
2017,6,1,21,32,45.9898249511719,1
2017,6,1,21,32,47.7955229492187,1
2017,6,1,21,32,49.6012260742188,1
2017,6,1,21,32,51.4069409179687,1
2017,6,1,21,32,53.2127021484375,1
2017,6,1,21,32,55.0184350585938,1
2017,6,1,21,32,56.8242741699219,1
2017,6,1,21,32,58.6300981445313,1
2017,6,1,21,33,0.43581005859375,1
2017,6,1,21,33,2.24170092773437,1
2017,6,1,21,33,4.047662109375,1
2017,6,1,21,33,5.85363891601563,1
2017,6,1,21,33,7.65935986328125,1
2017,6,1,21,33,9.46507592773438,1
2017,6,1,21,33,11.2709309082031,1
2017,6,1,21,33,13.0767160644531,1
2017,6,1,21,33,14.8826311035156,1
2017,6,1,21,33,16.6883618164062,1
2017,6,1,21,33,18.4941809082031,1
2017,6,1,21,33,20.3001320800781,1
2017,6,1,21,33,22.1060900878906,1
2017,6,1,21,33,23.9118559570312,1
2017,6,1,21,33,25.7177961425781,1
2017,6,1,21,33,27.5236979980469,1
2017,6,1,21,33,29.3294990234375,1
2017,6,1,21,33,31.135451171875,1
2017,6,1,21,33,32.9411950683594,1
2017,6,1,21,33,34.7470219726562,1
2017,6,1,21,33,36.5528049316406,1
2017,6,1,21,33,38.3587761230469,1
2017,6,1,21,33,40.1646918945313,1
2017,6,1,21,33,41.9706689453125,1
2017,6,1,21,33,43.7766640625,1
2017,6,1,21,33,45.5824448242187,1
2017,6,1,21,33,47.3882119140625,1
2017,6,1,21,33,49.1941960449219,1
2017,6,1,21,33,51.0001650390625,1
2017,6,1,21,33,52.8064680175781,1
2017,6,1,21,33,54.612205078125,1
2017,6,1,21,33,56.4181169433594,1
2017,6,1,21,33,58.2239321289062,1
2017,6,1,21,34,0.03706591796875,1
2017,6,1,21,34,1.84301098632812,1
2017,6,1,21,34,3.64877001953125,1
2017,6,1,21,34,5.45460595703125,1
2017,6,1,21,34,7.2605791015625,1
2017,6,1,21,34,9.06661791992187,1
2017,6,1,21,34,10.87245703125,1
2017,6,1,21,34,12.6784228515625,1
2017,6,1,21,34,14.4844948730469,1
2017,6,1,21,34,16.2903591308594,1
2017,6,1,21,34,18.0963898925781,1
2017,6,1,21,34,19.9021010742187,1
2017,6,1,21,34,21.7079909667969,1
2017,6,1,21,34,23.5138979492188,1
2017,6,1,21,34,25.3197219238281,1
2017,6,1,21,34,27.1256489257812,1
2017,6,1,21,34,28.9313991699219,1
2017,6,1,21,34,30.7371479492188,1
2017,6,1,21,34,32.5429809570312,1
2017,6,1,21,34,34.3489089355469,1
2017,6,1,21,34,36.1548500976563,1
2017,6,1,21,34,37.96083203125,1
2017,6,1,21,34,39.7668669433594,1
2017,6,1,21,34,41.5727709960938,1
2017,6,1,21,34,43.3787199707031,1
2017,6,1,21,34,45.1844270019531,1
2017,6,1,21,34,46.99041796875,1
2017,6,1,21,34,48.7963540039063,1
2017,6,1,21,34,50.6021530761719,1
2017,6,1,21,34,52.407958984375,1
2017,6,1,21,34,54.2151501464844,1
2017,6,1,21,34,56.0197590332031,1
2017,6,1,21,34,57.8257429199219,1
2017,6,1,21,34,59.6314831542969,1
2017,6,1,21,35,1.4374111328125,1
2017,6,1,21,35,3.24327490234375,1
2017,6,1,21,35,5.0491640625,1
2017,6,1,21,35,6.85502514648438,1
2017,6,1,21,35,8.66092797851563,1
2017,6,1,21,35,10.4667270507812,1
2017,6,1,21,35,12.2726618652344,1
2017,6,1,21,35,14.0783911132812,1
2017,6,1,21,35,15.884248046875,1
2017,6,1,21,35,17.690041015625,1
2017,6,1,21,35,19.4958369140625,1
2017,6,1,21,35,21.30166796875,1
2017,6,1,21,35,23.1084248046875,1
2017,6,1,21,35,24.91916796875,1
2017,6,1,21,35,26.72499609375,1
2017,6,1,21,35,28.5307529296875,1
2017,6,1,21,35,30.3366020507812,1
2017,6,1,21,35,32.1423161621094,1
2017,6,1,21,35,33.9501459960938,1
2017,6,1,21,35,35.7559560546875,1
2017,6,1,21,35,37.56166796875,1
2017,6,1,21,35,39.3674108886719,1
2017,6,1,21,35,41.17316796875,1
2017,6,1,21,35,42.9791550292969,1
2017,6,1,21,35,44.7849709472656,1
2017,6,1,21,35,46.5909499511719,1
2017,6,1,21,35,48.3968388671875,1
2017,6,1,21,35,50.2027248535156,1
2017,6,1,21,35,52.0088420410156,1
2017,6,1,21,35,53.8148129882812,1
2017,6,1,21,35,55.6206359863281,1
2017,6,1,21,35,57.426583984375,1
2017,6,1,21,35,59.2324790039062,1
2017,6,1,21,36,1.03820703125,1
2017,6,1,21,36,2.84394995117187,1
2017,6,1,21,36,4.64991088867187,1
2017,6,1,21,36,6.4557900390625,1
2017,6,1,21,36,8.26169604492187,1
2017,6,1,21,36,10.0676579589844,1
2017,6,1,21,36,11.8735319824219,1
2017,6,1,21,36,13.6796311035156,1
2017,6,1,21,36,15.4853972167969,1
2017,6,1,21,36,17.2911389160156,1
2017,6,1,21,36,19.0970061035156,1
2017,6,1,21,36,20.9029750976562,1
2017,6,1,21,36,22.7088188476563,1
2017,6,1,21,36,24.5145380859375,1
2017,6,1,21,36,26.3218510742187,1
2017,6,1,21,36,28.127666015625,1
2017,6,1,21,36,29.9333950195313,1
2017,6,1,21,36,31.7391611328125,1
2017,6,1,21,36,33.5450891113281,1
2017,6,1,21,36,35.3509819335938,1
2017,6,1,21,36,37.1568291015625,1
2017,6,1,21,36,38.9626789550781,1
2017,6,1,21,36,40.7686259765625,1
2017,6,1,21,36,42.5746059570313,1
2017,6,1,21,36,44.3804709472656,1
2017,6,1,21,36,46.1863041992188,1
2017,6,1,21,36,47.9922380371094,1
2017,6,1,21,36,49.8014409179687,1
2017,6,1,21,36,51.6072080078125,1
2017,6,1,21,36,53.4129650878906,1
2017,6,1,21,36,55.2189370117188,1
2017,6,1,21,36,57.0248088378906,1
2017,6,1,21,36,58.8306838378906,1
2017,6,1,21,37,0.63643798828125,1
2017,6,1,21,37,2.44236791992188,1
2017,6,1,21,37,4.2483369140625,1
2017,6,1,21,37,6.05422998046875,1
2017,6,1,21,37,7.86032397460937,1
2017,6,1,21,37,9.66607006835937,1
2017,6,1,21,37,11.4718120117188,1
2017,6,1,21,37,13.2777541503906,1
2017,6,1,21,37,15.083669921875,1
2017,6,1,21,37,16.8895900878906,1
2017,6,1,21,37,18.6954890136719,1
2017,6,1,21,37,20.5015600585937,1
2017,6,1,21,37,22.3074851074219,1
2017,6,1,21,37,24.1132768554688,1
2017,6,1,21,37,25.9191120605469,1
2017,6,1,21,37,27.7250280761719,1
2017,6,1,21,37,29.5311101074219,1
2017,6,1,21,37,31.3368249511719,1
2017,6,1,21,37,33.1427641601562,1
2017,6,1,21,37,34.9486188964844,1
2017,6,1,21,37,36.754501953125,1
2017,6,1,21,37,38.5604890136719,1
2017,6,1,21,37,40.3662800292969,1
2017,6,1,21,37,42.1722219238281,1
2017,6,1,21,37,43.9780270996094,1
2017,6,1,21,37,45.7838830566406,1
2017,6,1,21,37,47.5898210449219,1
2017,6,1,21,37,49.3956000976562,1
2017,6,1,21,37,51.2016311035156,1
2017,6,1,21,37,53.0075300292969,1
2017,6,1,21,37,54.8133540039062,1
2017,6,1,21,37,56.6190900878906,1
2017,6,1,21,37,58.42508203125,1
2017,6,1,21,38,0.23089794921875,1
2017,6,1,21,38,2.03684594726563,1
2017,6,1,21,38,3.8426298828125,1
2017,6,1,21,38,5.64840698242188,1
2017,6,1,21,38,7.45426000976563,1
2017,6,1,21,38,9.26025903320313,1
2017,6,1,21,38,11.06596484375,1
2017,6,1,21,38,12.87191796875,1
2017,6,1,21,38,14.6833889160156,1
2017,6,1,21,38,16.4893010253906,1
2017,6,1,21,38,18.2950859375,1
2017,6,1,21,38,20.1010620117187,1
2017,6,1,21,38,21.906830078125,1
2017,6,1,21,38,23.7128579101562,1
2017,6,1,21,38,25.5186591796875,1
2017,6,1,21,38,27.3248601074219,1
2017,6,1,21,38,29.130796875,1
2017,6,1,21,38,30.9365280761719,1
2017,6,1,21,40,11.6964519042969,1
2017,6,1,21,40,13.577994140625,1
2017,6,1,21,40,15.3838989257812,1
2017,6,1,21,40,17.2791318359375,1
2017,6,1,21,40,19.4047990722656,1
2017,6,1,21,40,21.2706450195313,1
2017,6,1,21,40,23.1256740722656,1
2017,6,1,21,40,25.2401550292969,1
2017,6,1,21,40,27.0459089355469,1
2017,6,1,21,40,28.9429108886719,1
2017,6,1,21,40,31.0492099609375,1
2017,6,1,21,40,32.8550378417969,1
2017,6,1,21,40,34.6973139648438,1
2017,6,1,21,40,36.5484580078125,1
2017,6,1,21,40,38.41196484375,1
2017,6,1,21,40,40.2177600097656,1
2017,6,1,21,40,42.2655649414062,1
2017,6,1,21,40,44.2603811035156,1
2017,6,1,21,40,46.0662351074219,1
2017,6,1,21,40,48.1125419921875,1
2017,6,1,21,40,50.0757548828125,1
2017,6,1,21,40,51.9589838867187,1
2017,6,1,21,40,53.7740070800781,1
2017,6,1,21,40,55.5797160644531,1
2017,6,1,21,40,57.4025681152344,1
2017,6,1,21,40,59.6194519042969,1
2017,6,1,21,41,1.76310791015625,1
2017,6,1,21,41,3.60265795898438,1
2017,6,1,21,41,5.40839599609375,1
2017,6,1,21,41,7.29295385742187,1
2017,6,1,21,41,9.25257202148438,1
2017,6,1,21,41,11.0904770507812,1
2017,6,1,21,41,13.0805659179687,1
2017,6,1,21,41,14.9886811523437,1
2017,6,1,21,41,16.9626369628906,1
2017,6,1,21,41,18.8568161621094,1
2017,6,1,21,41,20.6921120605469,1
2017,6,1,21,41,22.7232319335938,1
2017,6,1,21,41,24.5991389160156,1
2017,6,1,21,41,26.6207229003906,1
2017,6,1,21,41,28.7508271484375,1
2017,6,1,21,41,30.6096669921875,1
2017,6,1,21,41,32.4361110839844,1
2017,6,1,21,41,34.3095900878906,1
2017,6,1,21,41,36.2807280273437,1
2017,6,1,21,41,38.0865,1
2017,6,1,21,41,40.0488830566406,1
2017,6,1,21,41,42.1096130371094,1
2017,6,1,21,41,43.9606220703125,1
2017,6,1,21,41,45.7983068847656,1
2017,6,1,21,41,47.6405009765625,1
2017,6,1,21,41,49.6098471679688,1
2017,6,1,21,41,51.6606008300781,1
2017,6,1,21,41,53.60995703125,1
2017,6,1,21,41,55.4158371582031,1
2017,6,1,21,41,57.2987619628906,1
2017,6,1,21,41,59.3708359375,1
2017,6,1,21,42,1.36996508789063,1
2017,6,1,21,42,3.30097290039062,1
2017,6,1,21,42,5.10694287109375,1
2017,6,1,21,42,7.222,1
2017,6,1,21,42,9.24277709960938,1
2017,6,1,21,42,11.2452800292969,1
2017,6,1,21,42,13.1320490722656,1
2017,6,1,21,42,14.9487700195312,1
2017,6,1,21,42,16.8011201171875,1
2017,6,1,21,42,18.6242648925781,1
2017,6,1,21,42,20.4302219238281,1
2017,6,1,21,42,22.2892709960938,1
2017,6,1,21,42,24.2681450195313,1
2017,6,1,21,42,26.0739328613281,1
2017,6,1,21,42,27.8819738769531,1
2017,6,1,21,42,29.7438049316406,1
2017,6,1,21,42,31.6317199707031,1
2017,6,1,21,42,33.4433701171875,1
2017,6,1,21,42,35.294291015625,1
2017,6,1,21,42,37.1001569824219,1
2017,6,1,21,42,39.2356240234375,1
2017,6,1,21,42,41.0864848632812,1
2017,6,1,21,42,42.9577761230469,1
2017,6,1,21,42,44.8243649902344,1
2017,6,1,21,42,46.6590400390625,1
2017,6,1,21,42,48.4725310058594,1
2017,6,1,21,42,50.2789660644531,1
2017,6,1,21,42,52.3049919433594,1
2017,6,1,21,42,54.2327849121094,1
2017,6,1,21,42,56.1506508789062,1
2017,6,1,21,42,58.0121818847656,1
2017,6,1,21,42,59.8180009765625,1
2017,6,1,21,43,1.66629516601563,1
2017,6,1,21,43,3.49880908203125,1
2017,6,1,21,43,5.34637182617188,1
2017,6,1,21,43,7.3654169921875,1
2017,6,1,21,43,9.23115112304687,1
2017,6,1,21,43,11.0532939453125,1
2017,6,1,21,43,12.9475278320313,1
2017,6,1,21,43,14.8012431640625,1
2017,6,1,21,43,16.807455078125,1
2017,6,1,21,43,18.6524990234375,1
2017,6,1,21,43,20.4582099609375,1
2017,6,1,21,43,22.3708559570312,1
2017,6,1,21,43,24.2566630859375,1
2017,6,1,21,43,26.1757978515625,1
2017,6,1,21,43,27.9815380859375,1
2017,6,1,21,43,29.7874279785156,1
2017,6,1,21,43,31.5932009277344,1
2017,6,1,21,43,33.3989128417969,1
2017,6,1,21,43,35.2046511230469,1
2017,6,1,21,43,37.010626953125,1
2017,6,1,21,43,38.8164521484375,1
2017,6,1,21,43,40.6223149414063,1
2017,6,1,21,43,42.42808203125,1
2017,6,1,21,43,44.2339931640625,1
2017,6,1,21,43,46.0399721679687,1
2017,6,1,21,43,47.8458400878906,1
2017,6,1,21,43,49.6516408691406,1
2017,6,1,21,43,51.4576098632812,1
2017,6,1,21,43,53.263412109375,1
2017,6,1,21,43,55.0692629394531,1
2017,6,1,21,43,56.87520703125,1
2017,6,1,21,43,58.6809631347656,1
2017,6,1,21,44,0.48684912109375,1
2017,6,1,21,44,2.29258618164063,1
2017,6,1,21,44,4.0983310546875,1
2017,6,1,21,44,5.90530810546875,1
2017,6,1,21,44,7.71113696289062,1
2017,6,1,21,44,9.51690283203125,1
2017,6,1,21,44,11.3228391113281,1
2017,6,1,21,44,13.1286770019531,1
2017,6,1,21,44,14.9344948730469,1
2017,6,1,21,44,16.7404870605469,1
2017,6,1,21,44,18.54641015625,1
2017,6,1,21,44,20.3523308105469,1
2017,6,1,21,44,22.1583049316406,1
2017,6,1,21,44,23.9641389160156,1
2017,6,1,21,44,25.7698439941406,1
2017,6,1,21,44,27.5757819824219,1
2017,6,1,21,44,29.3814848632813,1
2017,6,1,21,44,31.1872170410156,1
2017,6,1,21,44,32.9929899902344,1
2017,6,1,21,44,34.79891796875,1
2017,6,1,21,44,36.6048679199219,1
2017,6,1,21,44,38.4107639160156,1
2017,6,1,21,44,40.2166728515625,1
2017,6,1,21,44,42.0225871582031,1
2017,6,1,21,44,43.8284450683594,1
2017,6,1,21,44,45.6346760253906,1
2017,6,1,21,44,47.4406420898437,1
2017,6,1,21,44,49.2466298828125,1
2017,6,1,21,44,51.0525090332031,1
2017,6,1,21,44,52.8583591308594,1
2017,6,1,21,44,54.6641540527344,1
2017,6,1,21,44,56.4700388183594,1
2017,6,1,21,44,58.2757570800781,1
2017,6,1,21,45,0.081465087890625,1
2017,6,1,21,45,1.88739501953125,1
2017,6,1,21,45,3.69328393554687,1
2017,6,1,21,45,5.49924584960938,1
2017,6,1,21,45,7.30527001953125,1
2017,6,1,21,45,9.11117016601563,1
2017,6,1,21,45,10.9169689941406,1
2017,6,1,21,45,12.7227880859375,1
2017,6,1,21,45,14.5286518554688,1
2017,6,1,21,45,16.3347329101563,1
2017,6,1,21,45,18.1405671386719,1
2017,6,1,21,45,19.94654296875,1
2017,6,1,21,45,21.7524089355469,1
2017,6,1,21,45,23.5583649902344,1
2017,6,1,21,45,25.3641828613281,1
2017,6,1,21,45,27.1701640625,1
2017,6,1,21,45,28.9760170898438,1
2017,6,1,21,45,30.7818610839844,1
2017,6,1,21,45,32.5877548828125,1
2017,6,1,21,45,34.3935629882813,1
2017,6,1,21,45,36.1994020996094,1
2017,6,1,21,45,38.0054431152344,1
2017,6,1,21,45,39.8111999511719,1
2017,6,1,21,45,41.61700390625,1
2017,6,1,21,45,43.4228620605469,1
2017,6,1,21,45,45.2286159667969,1
2017,6,1,21,45,47.0343771972656,1
2017,6,1,21,45,48.8403200683594,1
2017,6,1,21,45,50.64633984375,1
2017,6,1,21,45,52.4522600097656,1
2017,6,1,21,45,54.2580400390625,1
2017,6,1,21,45,56.0637668457031,1
2017,6,1,21,45,57.8694699707031,1
2017,6,1,21,45,59.6753999023437,1
2017,6,1,21,46,1.48122314453125,1
2017,6,1,21,46,3.28703393554688,1
2017,6,1,21,46,5.0928759765625,1
2017,6,1,21,46,6.89872778320312,1
2017,6,1,21,46,8.70447387695313,1
2017,6,1,21,46,10.5104548339844,1
2017,6,1,21,46,12.3165280761719,1
2017,6,1,21,46,14.12225,1
2017,6,1,21,46,15.9279780273437,1
2017,6,1,21,46,17.7337438964844,1
2017,6,1,21,46,19.5396398925781,1
2017,6,1,21,46,21.3455241699219,1
2017,6,1,21,46,23.1513149414062,1
2017,6,1,21,46,24.9571782226562,1
2017,6,1,21,46,26.7629931640625,1
2017,6,1,21,46,28.5688610839844,1
2017,6,1,21,46,30.3748369140625,1
2017,6,1,21,46,32.180705078125,1
2017,6,1,21,46,33.9865910644531,1
2017,6,1,21,46,35.7923359375,1
2017,6,1,21,46,37.5981059570313,1
2017,6,1,21,46,39.403875,1
2017,6,1,21,46,41.2096760253906,1
2017,6,1,21,46,43.0153940429688,1
2017,6,1,21,46,44.82116796875,1
2017,6,1,21,46,46.6271689453125,1
2017,6,1,21,46,48.432955078125,1
2017,6,1,21,46,50.2386721191406,1
2017,6,1,21,46,52.0443720703125,1
2017,6,1,21,46,53.850330078125,1
2017,6,1,21,46,55.6562189941406,1
2017,6,1,21,46,57.4621889648437,1
2017,6,1,21,46,59.2680139160156,1
2017,6,1,21,47,1.07380517578125,1
2017,6,1,21,47,2.879580078125,1
2017,6,1,21,47,4.68543188476562,1
2017,6,1,21,47,6.49138500976562,1
2017,6,1,21,47,8.29713110351562,1
2017,6,1,21,47,10.1030280761719,1
2017,6,1,21,47,11.9100380859375,1
2017,6,1,21,47,13.7157509765625,1
2017,6,1,21,47,15.5216259765625,1
2017,6,1,21,47,17.3274069824219,1
2017,6,1,21,47,19.1333930664062,1
2017,6,1,21,47,20.9391989746094,1
2017,6,1,21,47,22.7451450195313,1
2017,6,1,21,47,24.5509030761719,1
2017,6,1,21,47,26.3567121582031,1
2017,6,1,21,47,28.1624580078125,1
2017,6,1,21,47,29.96966015625,1
2017,6,1,21,47,31.7755339355469,1
2017,6,1,21,47,33.5814230957031,1
2017,6,1,21,47,35.3873449707031,1
2017,6,1,21,47,37.1932448730469,1
2017,6,1,21,47,38.9996220703125,1
2017,6,1,21,47,40.80542578125,1
2017,6,1,21,47,42.6112548828125,1
2017,6,1,21,47,44.416955078125,1
2017,6,1,21,47,46.2228159179688,1
2017,6,1,21,47,48.0288010253906,1
2017,6,1,21,47,49.8346240234375,1
2017,6,1,21,47,51.6404641113281,1
2017,6,1,21,47,53.4462880859375,1
2017,6,1,21,47,55.2521328125,1
2017,6,1,21,47,57.0580290527344,1
2017,6,1,21,47,58.8638640136719,1
2017,6,1,21,48,0.669760009765625,1
2017,6,1,21,48,2.47565893554687,1
2017,6,1,21,48,4.28158813476562,1
2017,6,1,21,48,6.0872841796875,1
2017,6,1,21,48,7.8932568359375,1
2017,6,1,21,48,9.699125,1
2017,6,1,21,48,11.5047468261719,1
2017,6,1,21,48,13.3106279296875,1
2017,6,1,21,48,15.1165249023438,1
2017,6,1,21,48,16.9224040527344,1
2017,6,1,21,48,18.7283471679687,1
2017,6,1,21,48,20.5343188476563,1
2017,6,1,21,48,22.3401450195312,1
2017,6,1,21,48,24.1458681640625,1
2017,6,1,21,48,25.9515900878906,1
2017,6,1,21,48,27.7574260253906,1
2017,6,1,21,48,29.5632150878906,1
2017,6,1,21,48,31.3690910644531,1
2017,6,1,21,48,33.174923828125,1
2017,6,1,21,48,34.9807180175781,1
2017,6,1,21,48,36.7866640625,1
2017,6,1,21,48,38.5925720214844,1
2017,6,1,21,48,40.3983381347656,1
2017,6,1,21,48,42.2040520019531,1
2017,6,1,21,48,44.0170520019531,1
2017,6,1,21,48,45.8155798339844,1
2017,6,1,21,48,47.6214001464844,1
2017,6,1,21,48,49.4273129882813,1
2017,6,1,21,48,51.2330520019531,1
2017,6,1,21,48,53.0389440917969,1
2017,6,1,21,48,54.8517319335937,1
2017,6,1,21,48,56.6575610351562,1
2017,6,1,21,48,58.4634899902344,1
2017,6,1,21,49,0.26939794921875,1
2017,6,1,21,49,2.07515087890625,1
2017,6,1,21,49,3.8809990234375,1
2017,6,1,21,49,5.68669116210937,0
2017,6,1,21,49,7.49258984375,0
2017,6,1,21,49,9.29847705078125,0
2017,6,1,21,49,11.1041850585937,0
2017,6,1,21,49,12.9100659179687,0
2017,6,1,21,49,14.7159060058594,0
2017,6,1,21,49,16.5218479003906,0
2017,6,1,21,49,18.3277958984375,0
2017,6,1,21,49,20.1337448730469,0
2017,6,1,21,49,21.9394860839844,0
2017,6,1,21,49,23.7453520507812,0
2017,6,1,21,49,25.5512531738281,0
2017,6,1,21,49,27.3571291503906,0
2017,6,1,21,49,29.1630329589844,0
2017,6,1,21,49,30.9689130859375,0
2017,6,1,21,49,32.7746989746094,0
2017,6,1,21,49,34.5805668945313,0
2017,6,1,21,49,36.3864282226562,0
2017,6,1,21,49,38.1922651367188,0
2017,6,1,21,49,39.9981179199219,0
2017,6,1,21,49,41.803919921875,0
2017,6,1,21,49,43.6096689453125,0
2017,6,1,21,49,45.4154079589844,0
2017,6,1,21,49,47.2214870605469,0
2017,6,1,21,49,49.027205078125,0
2017,6,1,21,49,50.833083984375,0
2017,6,1,21,49,52.6390610351563,0
2017,6,1,21,49,54.4450280761719,0
2017,6,1,21,49,56.2509040527344,0
2017,6,1,21,49,58.0566960449219,0
2017,6,1,21,49,59.8626188964844,0
2017,6,1,21,50,1.66847119140625,0
2017,6,1,21,50,3.474416015625,0
2017,6,1,21,50,5.2802529296875,0
2017,6,1,21,50,7.08609521484375,0
2017,6,1,21,50,8.89205908203125,0
2017,6,1,21,50,10.6978701171875,0
2017,6,1,21,50,12.5038469238281,0
2017,6,1,21,50,14.3097370605469,0
2017,6,1,21,50,16.1154370117188,0
2017,6,1,21,50,17.9212829589844,0
2017,6,1,21,50,19.7338518066406,0
2017,6,1,21,50,21.5398071289063,0
2017,6,1,21,50,23.3456472167969,0
2017,6,1,21,50,25.1516020507812,0
2017,6,1,21,50,26.9574128417969,0
2017,6,1,21,50,28.7631928710938,0
2017,6,1,21,50,30.5690930175781,0
2017,6,1,21,50,32.3748920898437,0
2017,6,1,21,50,34.180833984375,0
2017,6,1,21,50,35.9868039550781,0
2017,6,1,21,50,37.7928391113281,0
2017,6,1,21,50,39.5986408691406,0
2017,6,1,21,50,41.4046320800781,0
2017,6,1,21,50,43.2105451660156,0
2017,6,1,21,50,45.01633203125,0
2017,6,1,21,50,46.8221030273438,0
2017,6,1,21,50,48.6279489746094,0
2017,6,1,21,50,50.4339548339844,0
2017,6,1,21,50,52.2399020996094,0
2017,6,1,21,50,54.0456188964844,0
2017,6,1,21,50,55.8517819824219,0
2017,6,1,21,50,57.6576450195313,0
2017,6,1,21,50,59.46370703125,0
2017,6,1,21,51,1.26961083984375,0
2017,6,1,21,51,3.07559399414062,0
2017,6,1,21,51,4.881330078125,0
2017,6,1,21,51,6.68717700195312,0
2017,6,1,21,51,8.49290991210938,0
2017,6,1,21,51,10.2987890625,0
2017,6,1,21,51,12.1045178222656,0
2017,6,1,21,51,13.9105029296875,0
2017,6,1,21,51,15.7163220214844,0
2017,6,1,21,51,17.5222219238281,0
2017,6,1,21,51,19.32808203125,0
2017,6,1,21,51,21.1340361328125,0
2017,6,1,21,51,22.9396049804688,0
2017,6,1,21,51,24.7454418945313,0
2017,6,1,21,51,26.5512189941406,0
2017,6,1,21,51,28.3569938964844,0
2017,6,1,21,51,30.1628068847656,0
2017,6,1,21,51,31.9687709960937,0
2017,6,1,21,51,33.7746711425781,0
2017,6,1,21,51,35.5806459960938,0
2017,6,1,21,51,37.3865180664063,0
2017,6,1,21,51,39.1922629394531,0
2017,6,1,21,51,40.9980139160156,0
2017,6,1,21,51,42.8039460449219,0
2017,6,1,21,51,44.6098220214844,0
2017,6,1,21,51,46.4168349609375,0
2017,6,1,21,51,48.2226838378906,0
2017,6,1,21,51,50.0284108886719,0
2017,6,1,21,51,51.8342768554688,0
2017,6,1,21,51,53.6401721191406,0
2017,6,1,21,51,55.4459619140625,0
2017,6,1,21,51,57.2517858886719,0
2017,6,1,21,51,59.057537109375,0
2017,6,1,21,52,0.863281005859375,0
2017,6,1,21,52,2.66922094726563,0
2017,6,1,21,52,4.47540698242187,0
2017,6,1,21,52,6.281125,0
2017,6,1,21,52,8.08702709960938,0
2017,6,1,21,52,9.8929169921875,1
2017,6,1,21,52,11.6986770019531,1
2017,6,1,21,52,13.5046569824219,1
2017,6,1,21,52,15.3105939941406,1
2017,6,1,21,52,17.1164809570312,1
2017,6,1,21,52,18.9223720703125,1
2017,6,1,21,52,20.7282419433594,1
2017,6,1,21,52,22.533958984375,1
2017,6,1,21,52,24.3397709960938,1
2017,6,1,21,52,26.1457770996094,1
2017,6,1,21,52,27.9516450195312,1
2017,6,1,21,52,29.7574260253906,1
2017,6,1,21,52,31.5637209472656,1
2017,6,1,21,52,33.3696311035156,1
2017,6,1,21,52,35.1753791503906,1
2017,6,1,21,52,36.9812951660156,1
2017,6,1,21,52,38.787208984375,1
2017,6,1,21,52,40.5931669921875,1
2017,6,1,21,52,42.3989128417969,1
2017,6,1,21,52,44.2075090332031,1
2017,6,1,21,52,46.0133469238281,1
2017,6,1,21,52,47.8192250976563,1
2017,6,1,21,52,49.6251420898437,1
2017,6,1,21,52,51.4310551757813,1
2017,6,1,21,52,53.2369758300781,1
2017,6,1,21,52,55.0427709960938,1
2017,6,1,21,52,56.8487399902344,1
2017,6,1,21,52,58.6545080566406,1
2017,6,1,21,53,0.460376953125,1
2017,6,1,21,53,2.26618408203125,1
2017,6,1,21,53,4.0720029296875,1
2017,6,1,21,53,5.87771899414062,1
2017,6,1,21,53,7.68351513671875,1
2017,6,1,21,53,9.48951098632812,1
2017,6,1,21,53,11.2954150390625,1
2017,6,1,21,53,13.1012119140625,1
2017,6,1,21,53,14.9073479003906,1
2017,6,1,21,53,16.7130688476562,1
2017,6,1,21,53,18.5188830566406,1
2017,6,1,21,53,20.3247709960938,1
2017,6,1,21,53,22.1305510253906,1
2017,6,1,21,53,23.9364790039062,1
2017,6,1,21,53,25.7422211914063,1
2017,6,1,21,53,27.5480080566406,0
2017,6,1,21,53,29.353748046875,0
2017,6,1,21,53,31.1594760742188,0
2017,6,1,21,53,32.9654428710937,0
2017,6,1,21,53,34.7713100585937,0
2017,6,1,21,53,36.5771489257813,0
2017,6,1,21,53,38.3828120117187,0
2017,6,1,21,53,40.1886640625,0
2017,6,1,21,53,41.9946459960938,0
2017,6,1,21,53,43.8005629882812,0
2017,6,1,21,53,45.6063388671875,0
2017,6,1,21,53,47.4122670898438,0
2017,6,1,21,53,49.2185148925781,0
2017,6,1,21,53,51.0244938964844,0
2017,6,1,21,53,52.8303981933594,0
2017,6,1,21,53,54.636208984375,0
2017,6,1,21,53,56.4421770019531,0
2017,6,1,21,53,58.2480729980469,0
2017,6,1,21,54,0.05376611328125,0
2017,6,1,21,54,1.85953686523438,0
2017,6,1,21,54,3.6652578125,0
2017,6,1,21,54,5.47105200195313,0
2017,6,1,21,54,7.27702807617187,0
2017,6,1,21,54,9.08957690429687,0
2017,6,1,21,54,10.8952810058594,0
2017,6,1,21,54,12.7010349121094,0
2017,6,1,21,54,14.5069931640625,0
2017,6,1,21,54,16.3127551269531,0
2017,6,1,21,54,18.1192009277344,0
2017,6,1,21,54,19.9250180664062,0
2017,6,1,21,54,21.7307299804688,0
2017,6,1,21,54,23.5366789550781,0
2017,6,1,21,54,25.3426689453125,0
2017,6,1,21,54,27.1484821777344,0
2017,6,1,21,54,28.9541340332031,0
2017,6,1,21,54,30.7599731445313,0
2017,6,1,21,54,32.5659638671875,0
2017,6,1,21,54,34.3719011230469,0
2017,6,1,21,54,36.1777780761719,0
2017,6,1,21,54,37.9837150878906,0
2017,6,1,21,54,39.7894709472656,0
2017,6,1,21,54,41.5954499511719,0
2017,6,1,21,54,43.4012280273437,0
2017,6,1,21,54,45.2070278320313,0
2017,6,1,21,54,47.0128349609375,0
2017,6,1,21,54,48.8187001953125,0
2017,6,1,21,54,50.6246208496094,0
2017,6,1,21,54,52.4304860839844,0
2017,6,1,21,54,54.2362028808594,0
2017,6,1,21,54,56.0420588378906,0
2017,6,1,21,54,57.8480329589844,0
2017,6,1,21,54,59.6540141601563,0
2017,6,1,21,55,1.45996997070313,0
2017,6,1,21,55,3.26578295898438,0
2017,6,1,21,55,5.07171118164062,0
2017,6,1,21,55,6.87762182617188,0
2017,6,1,21,55,8.68346508789062,0
2017,6,1,21,55,10.489466796875,0
2017,6,1,21,55,12.2951550292969,0
2017,6,1,21,55,14.1010959472656,0
2017,6,1,21,55,15.9068669433594,0
2017,6,1,21,55,17.7127080078125,0
2017,6,1,21,55,19.5186591796875,0
2017,6,1,21,55,21.3244951171875,0
2017,6,1,21,55,23.1306879882812,0
2017,6,1,21,55,24.9364299316406,0
2017,6,1,21,55,26.7421369628906,0
2017,6,1,21,55,28.5480190429688,0
2017,6,1,21,55,30.3538549804687,0
2017,6,1,21,55,32.159830078125,0
2017,6,1,21,55,33.9715559082031,0
2017,6,1,21,55,35.777421875,0
2017,6,1,21,55,37.5833239746094,0
2017,6,1,21,55,39.3890600585937,1
2017,6,1,21,55,41.1949602050781,1
2017,6,1,21,55,43.0011889648437,1
2017,6,1,21,55,44.8068908691406,1
2017,6,1,21,55,46.6127800292969,1
2017,6,1,21,55,48.4184890136719,1
2017,6,1,21,55,50.2243830566406,1
2017,6,1,21,55,52.0303669433594,1
2017,6,1,21,55,53.8362810058594,1
2017,6,1,21,55,55.6420610351563,0
2017,6,1,21,55,57.4477719726562,0
2017,6,1,21,55,59.2537360839844,0
2017,6,1,21,56,1.05954418945313,1
2017,6,1,21,56,2.86539013671875,1
2017,6,1,21,56,4.67142797851563,1
2017,6,1,21,56,6.47711987304687,1
2017,6,1,21,56,8.28284594726562,1
2017,6,1,21,56,10.0887219238281,1
2017,6,1,21,56,11.8946818847656,1
2017,6,1,21,56,13.7006372070312,1
2017,6,1,21,56,15.5066020507813,1
2017,6,1,21,56,17.3125300292969,1
2017,6,1,21,56,19.1183701171875,1
2017,6,1,21,56,20.9241760253906,1
2017,6,1,21,56,22.7301049804687,1
2017,6,1,21,56,24.5358779296875,1
2017,6,1,21,56,26.3416989746094,1
2017,6,1,21,56,28.1474660644531,1
2017,6,1,21,56,29.9532470703125,1
2017,6,1,21,56,31.758955078125,1
2017,6,1,21,56,33.5647758789062,1
2017,6,1,21,56,35.3706950683594,1
2017,6,1,21,56,37.1766318359375,1
2017,6,1,21,56,38.9825661621094,1
2017,6,1,21,56,40.7883029785156,1
2017,6,1,21,56,42.5942438964844,1
2017,6,1,21,56,44.4000939941406,1
2017,6,1,21,56,46.2058820800781,1
2017,6,1,21,56,48.0116391601562,1
2017,6,1,21,56,49.8175500488281,1
2017,6,1,21,56,51.6234560546875,1
2017,6,1,21,56,53.4292399902344,1
2017,6,1,21,56,55.2350061035156,1
2017,6,1,21,56,57.0407351074219,1
2017,6,1,21,56,58.8536501464844,1
2017,6,1,21,57,0.659578125,1
2017,6,1,21,57,2.46548095703125,1
2017,6,1,21,57,4.27122509765625,1
2017,6,1,21,57,6.07711108398438,1
2017,6,1,21,57,7.88314599609375,1
2017,6,1,21,57,9.68902612304688,1
2017,6,1,21,57,11.4949328613281,1
2017,6,1,21,57,13.3008779296875,1
2017,6,1,21,57,15.1065869140625,1
2017,6,1,21,57,16.9125927734375,1
2017,6,1,21,57,18.718326171875,1
2017,6,1,21,57,20.5240610351563,1
2017,6,1,21,57,22.3298881835937,1
2017,6,1,21,57,24.1358471679687,1
2017,6,1,21,57,25.9416511230469,1
2017,6,1,21,57,27.7474870605469,1
2017,6,1,21,57,29.5535500488281,1
2017,6,1,21,57,31.3593359375,1
2017,6,1,21,57,33.1651430664063,1
2017,6,1,21,57,34.9708408203125,1
2017,6,1,21,57,36.7766188964844,1
2017,6,1,21,57,38.5825378417969,1
2017,6,1,21,57,40.3882819824219,1
2017,6,1,21,57,42.1941030273438,1
2017,6,1,21,57,44.0000200195312,1
2017,6,1,21,57,45.8059348144531,1
2017,6,1,21,57,47.6117019042969,1
2017,6,1,21,57,49.4176298828125,1
2017,6,1,21,57,51.223923828125,1
2017,6,1,21,57,53.0291918945313,1
2017,6,1,21,57,54.8351159667969,1
2017,6,1,21,57,56.6408620605469,1
2017,6,1,21,57,58.4465720214844,1
2017,6,1,21,58,0.252450927734375,1
2017,6,1,21,58,2.05840893554688,1
2017,6,1,21,58,3.86434594726563,1
2017,6,1,21,58,5.6701591796875,1
2017,6,1,21,58,7.47588403320313,1
2017,6,1,21,58,9.28176586914062,1
2017,6,1,21,58,11.0876201171875,1
2017,6,1,21,58,12.893498046875,1
2017,6,1,21,58,14.6992780761719,1
2017,6,1,21,58,16.5051479492187,1
2017,6,1,21,58,18.3110119628906,1
2017,6,1,21,58,20.116796875,1
2017,6,1,21,58,21.9226301269531,1
2017,6,1,21,58,23.7355908203125,1
2017,6,1,21,58,25.5413588867188,1
2017,6,1,21,58,27.347248046875,1
2017,6,1,21,58,29.1530629882812,1
2017,6,1,21,58,30.9587658691406,1
2017,6,1,21,58,32.7646010742188,1
2017,6,1,21,58,34.5703020019531,1
2017,6,1,21,58,36.3760900878906,1
2017,6,1,21,58,38.1819028320312,1
2017,6,1,21,58,39.9875930175781,1
2017,6,1,21,58,41.7935778808594,1
2017,6,1,21,58,43.5994150390625,1
2017,6,1,21,58,45.4054780273437,1
2017,6,1,21,58,47.2111359863281,1
2017,6,1,21,58,49.0168400878906,1
2017,6,1,21,58,50.8225451660156,1
2017,6,1,21,58,52.6282819824219,1
2017,6,1,21,58,54.4340739746094,1
2017,6,1,21,58,56.2399011230469,1
2017,6,1,21,58,58.0457038574219,1
2017,6,1,21,58,59.8514780273438,1
2017,6,1,21,59,1.657373046875,1
2017,6,1,21,59,3.46324609375,1
2017,6,1,21,59,5.26902197265625,1
2017,6,1,21,59,7.074783203125,1
2017,6,1,21,59,8.88076806640625,1
2017,6,1,21,59,10.6865791015625,1
2017,6,1,21,59,12.4924970703125,1
2017,6,1,21,59,14.2984030761719,1
2017,6,1,21,59,16.1041579589844,1
2017,6,1,21,59,17.9100070800781,1
2017,6,1,21,59,19.7159819335937,1
2017,6,1,21,59,21.5218310546875,1
2017,6,1,21,59,23.3275581054687,1
2017,6,1,21,59,25.1335090332031,1
2017,6,1,21,59,26.9394599609375,1
2017,6,1,21,59,28.7454360351562,1
2017,6,1,21,59,30.5514030761719,1
2017,6,1,21,59,32.357294921875,1
2017,6,1,21,59,34.1632409667969,1
2017,6,1,21,59,35.9691928710938,1
2017,6,1,21,59,37.7751701660156,1
2017,6,1,21,59,39.58087109375,1
2017,6,1,21,59,41.3868142089844,1
2017,6,1,21,59,43.1925407714844,1
2017,6,1,21,59,44.9984409179688,1
2017,6,1,21,59,46.8041469726562,1
2017,6,1,21,59,48.6098981933594,1
2017,6,1,21,59,50.4157861328125,1
2017,6,1,21,59,52.2216320800781,1
2017,6,1,21,59,54.0277219238281,1
2017,6,1,21,59,55.8334509277344,1
2017,6,1,21,59,57.6393120117188,1
2017,6,1,21,59,59.4452041015625,1
2017,6,1,22,0,1.25096118164062,1
2017,6,1,22,0,3.05763500976563,1
2017,6,1,22,0,4.86272607421875,1
2017,6,1,22,0,6.66848999023438,1
2017,6,1,22,0,8.47437915039063,1
2017,6,1,22,0,10.2802700195312,1
2017,6,1,22,0,12.0861889648437,1
2017,6,1,22,0,13.8919948730469,1
2017,6,1,22,0,15.6979638671875,1
2017,6,1,22,0,17.5036879882812,1
2017,6,1,22,0,19.3094470214844,1
2017,6,1,22,0,21.1154020996094,1
2017,6,1,22,0,22.9212080078125,1
2017,6,1,22,0,24.7270300292969,1
2017,6,1,22,0,26.5328269042969,1
2017,6,1,22,0,28.3387761230469,1
2017,6,1,22,0,30.1445568847656,1
2017,6,1,22,0,31.9503579101562,1
2017,6,1,22,0,33.7561870117188,1
2017,6,1,22,0,35.5619609375,1
2017,6,1,22,0,37.3678369140625,1
2017,6,1,22,0,39.17370703125,1
2017,6,1,22,0,40.9796318359375,1
2017,6,1,22,0,42.7856259765625,1
2017,6,1,22,0,44.59142578125,1
2017,6,1,22,0,46.397291015625,1
2017,6,1,22,0,48.2095661621094,1
2017,6,1,22,0,50.0153898925781,1
2017,6,1,22,0,51.8212438964844,1
2017,6,1,22,0,53.6271811523438,1
2017,6,1,22,0,55.4329240722656,1
2017,6,1,22,0,57.2387700195313,1
2017,6,1,22,0,59.0447209472656,1
2017,6,1,22,1,0.850511962890625,1
2017,6,1,22,1,2.6564208984375,1
2017,6,1,22,1,4.46218481445313,1
2017,6,1,22,1,6.2681669921875,1
2017,6,1,22,1,8.0740859375,1
2017,6,1,22,1,9.879791015625,1
2017,6,1,22,1,11.6855090332031,1
2017,6,1,22,1,13.4912409667969,1
2017,6,1,22,1,15.2970659179687,1
2017,6,1,22,1,17.10291015625,1
2017,6,1,22,1,18.9089890136719,1
2017,6,1,22,1,20.7148881835938,1
2017,6,1,22,1,22.5207099609375,1
2017,6,1,22,1,24.3266330566406,1
2017,6,1,22,1,26.1325368652344,1
2017,6,1,22,1,27.9382729492187,1
2017,6,1,22,1,29.7441840820312,1
2017,6,1,22,1,31.5499599609375,1
2017,6,1,22,1,33.3556970214844,1
2017,6,1,22,1,35.1615209960937,1
2017,6,1,22,1,36.9674548339844,1
2017,6,1,22,1,38.7733718261719,1
2017,6,1,22,1,40.5790769042969,1
2017,6,1,22,1,42.3850659179688,1
2017,6,1,22,1,44.1910651855469,1
2017,6,1,22,1,45.9967619628906,1
2017,6,1,22,1,47.8025441894531,1
2017,6,1,22,1,49.6084089355469,1
2017,6,1,22,1,51.4142209472656,1
2017,6,1,22,1,53.2201418457031,1
2017,6,1,22,1,55.0259851074219,1
2017,6,1,22,1,56.8318737792969,1
2017,6,1,22,1,58.6377419433594,1
2017,6,1,22,2,0.443595947265625,1
2017,6,1,22,2,2.24942309570313,1
2017,6,1,22,2,4.05519897460938,1
2017,6,1,22,2,5.86115014648438,1
2017,6,1,22,2,7.66711499023438,1
2017,6,1,22,2,9.47290893554688,1
2017,6,1,22,2,11.2787409667969,1
2017,6,1,22,2,13.0918159179688,1
2017,6,1,22,2,14.8977810058594,1
2017,6,1,22,2,16.703658203125,1
2017,6,1,22,2,18.5094169921875,1
2017,6,1,22,2,20.3153669433594,1
2017,6,1,22,2,22.121083984375,1
2017,6,1,22,2,23.926783203125,1
2017,6,1,22,2,25.7325549316406,1
2017,6,1,22,2,27.5384431152344,1
2017,6,1,22,2,29.3442258300781,1
2017,6,1,22,2,31.1500529785156,1
2017,6,1,22,2,32.9558090820313,1
2017,6,1,22,2,34.7616411132813,1
2017,6,1,22,2,36.5675310058594,1
2017,6,1,22,2,38.3735239257812,1
2017,6,1,22,2,40.1793620605469,1
2017,6,1,22,2,41.9850891113281,1
2017,6,1,22,2,43.7912121582031,1
2017,6,1,22,2,45.5969660644531,1
2017,6,1,22,2,47.4028520507812,1
2017,6,1,22,2,49.2088051757813,1
2017,6,1,22,2,51.0147858886719,1
2017,6,1,22,2,52.8206630859375,1
2017,6,1,22,2,54.6265539550781,1
2017,6,1,22,2,56.4343791503906,1
2017,6,1,22,2,58.2402419433594,1
2017,6,1,22,3,0.04614990234375,1
2017,6,1,22,3,1.85197094726562,1
2017,6,1,22,3,3.65778002929687,1
2017,6,1,22,3,5.46356005859375,1
2017,6,1,22,3,7.26946899414062,1
2017,6,1,22,3,9.07529907226563,1
2017,6,1,22,3,10.8811530761719,1
2017,6,1,22,3,12.686875,1
2017,6,1,22,3,14.4929868164062,1
2017,6,1,22,3,16.2987858886719,1
2017,6,1,22,3,18.1045061035156,1
2017,6,1,22,3,19.9104970703125,1
2017,6,1,22,3,21.7164409179688,1
2017,6,1,22,3,23.5226518554688,1
2017,6,1,22,3,25.3285639648437,1
2017,6,1,22,3,27.1342839355469,1
2017,6,1,22,3,28.9401440429688,1
2017,6,1,22,3,30.7460510253906,1
2017,6,1,22,3,32.5518210449219,1
2017,6,1,22,3,34.3575539550781,1
2017,6,1,22,3,36.163498046875,1
2017,6,1,22,3,37.9737180175781,1
2017,6,1,22,3,39.7794831542969,1
2017,6,1,22,3,41.5851840820312,1
2017,6,1,22,3,43.3909899902344,1
2017,6,1,22,3,45.1966960449219,1
2017,6,1,22,3,47.0025930175781,1
2017,6,1,22,3,48.8082338867188,1
2017,6,1,22,3,50.6139841308594,1
2017,6,1,22,3,52.4197060546875,1
2017,6,1,22,3,54.225626953125,1
2017,6,1,22,3,56.0315349121094,1
2017,6,1,22,3,57.8374919433594,1
2017,6,1,22,3,59.6435290527344,1
2017,6,1,22,4,1.4494541015625,1
2017,6,1,22,4,3.25522387695313,1
2017,6,1,22,4,5.06118896484375,1
2017,6,1,22,4,6.86692993164062,1
2017,6,1,22,4,8.6729150390625,1
2017,6,1,22,4,10.4785307617187,1
2017,6,1,22,4,12.2843999023438,1
2017,6,1,22,4,14.0901589355469,1
2017,6,1,22,4,15.8959091796875,1
2017,6,1,22,4,17.7017578125,1
2017,6,1,22,4,19.5075949707031,1
2017,6,1,22,4,21.3135239257813,1
2017,6,1,22,4,23.1193120117188,1
2017,6,1,22,4,24.9252578125,1
2017,6,1,22,4,26.731,1
2017,6,1,22,4,28.53674609375,1
2017,6,1,22,4,30.3426110839844,1
2017,6,1,22,4,32.1484858398438,1
2017,6,1,22,4,33.9544018554688,1
2017,6,1,22,4,35.7602041015625,1
2017,6,1,22,4,37.5661560058594,1
2017,6,1,22,4,39.3721530761719,1
2017,6,1,22,4,41.1781140136719,1
2017,6,1,22,4,42.9842390136719,1
2017,6,1,22,4,44.7899748535156,1
2017,6,1,22,4,46.5958391113281,1
2017,6,1,22,4,48.4016689453125,1
2017,6,1,22,4,50.2074260253906,1
2017,6,1,22,4,52.0133120117188,1
2017,6,1,22,4,53.8191508789062,1
2017,6,1,22,4,55.6251149902344,1
2017,6,1,22,4,57.4310180664063,1
2017,6,1,22,4,59.2369731445312,1
2017,6,1,22,5,1.04276000976563,1
2017,6,1,22,5,2.85564501953125,1
2017,6,1,22,5,4.66147485351562,1
2017,6,1,22,5,6.467458984375,1
2017,6,1,22,5,8.273287109375,1
2017,6,1,22,5,10.0790639648437,1
2017,6,1,22,5,11.8850629882813,1
2017,6,1,22,5,13.6908679199219,1
2017,6,1,22,5,15.4966530761719,1
2017,6,1,22,5,17.302453125,1
2017,6,1,22,5,19.108208984375,1
2017,6,1,22,5,20.9139150390625,1
2017,6,1,22,5,22.7196298828125,1
2017,6,1,22,5,24.5255119628906,1
2017,6,1,22,5,26.3314250488281,1
2017,6,1,22,5,28.1374208984375,1
2017,6,1,22,5,29.9433330078125,1
2017,6,1,22,5,31.7492211914062,1
2017,6,1,22,5,33.5552260742188,1
2017,6,1,22,5,35.3610200195313,1
2017,6,1,22,5,37.1667280273438,1
2017,6,1,22,5,38.9724541015625,1
2017,6,1,22,5,40.7781831054687,1
2017,6,1,22,5,42.5839130859375,1
2017,6,1,22,5,44.3897751464844,1
2017,6,1,22,5,46.1958679199219,1
2017,6,1,22,5,48.001626953125,1
2017,6,1,22,5,49.8073520507812,1
2017,6,1,22,5,51.6132021484375,1
2017,6,1,22,5,53.4190590820312,1
2017,6,1,22,5,55.2247578125,1
2017,6,1,22,5,57.030626953125,1
2017,6,1,22,5,58.8364409179688,1
2017,6,1,22,6,0.642406005859375,1
2017,6,1,22,6,2.44876782226563,1
2017,6,1,22,6,4.2547041015625,1
2017,6,1,22,6,6.06052490234375,1
2017,6,1,22,6,7.86639086914063,1
2017,6,1,22,6,9.67234814453125,1
2017,6,1,22,6,11.4781120605469,1
2017,6,1,22,6,13.2838698730469,1
2017,6,1,22,6,15.0896398925781,1
2017,6,1,22,6,16.8954990234375,1
2017,6,1,22,6,18.7012651367187,1
2017,6,1,22,6,20.5070380859375,1
2017,6,1,22,6,22.31275390625,1
2017,6,1,22,6,24.1187470703125,1
2017,6,1,22,6,25.9245168457031,1
2017,6,1,22,6,27.7377231445313,1
2017,6,1,22,6,29.5436398925781,1
2017,6,1,22,6,31.3495100097656,1
2017,6,1,22,6,33.1552861328125,0
