Year,Month,Day,Hour,Minute,Second,Classification
2019,8,29,23,45,0.8997998046875,0
2019,8,29,23,45,2.74980004882813,0
2019,8,29,23,45,4.5997998046875,0
2019,8,29,23,45,6.44980004882813,0
2019,8,29,23,45,8.2997998046875,0
2019,8,29,23,45,10.1497998046875,0
2019,8,29,23,45,11.9998000488281,0
2019,8,29,23,45,13.8497998046875,0
2019,8,29,23,45,15.6998000488281,0
2019,8,29,23,45,17.5497998046875,0
2019,8,29,23,45,19.3997998046875,0
2019,8,29,23,45,21.2498000488281,0
2019,8,29,23,45,19.3997998046875,0
2019,8,29,23,45,21.2498000488281,0
2019,8,29,23,45,23.0997998046875,0
2019,8,29,23,45,24.9498000488281,0
2019,8,29,23,45,26.7997998046875,0
2019,8,29,23,45,28.6497998046875,0
2019,8,29,23,45,30.4998000488281,0
2019,8,29,23,45,32.3497998046875,0
2019,8,29,23,45,34.1998000488281,0
2019,8,29,23,45,36.0497998046875,0
2019,8,29,23,45,37.8997998046875,0
2019,8,29,23,45,39.7498000488281,0
2019,8,29,23,45,41.5997998046875,0
2019,8,29,23,45,43.4498000488281,0
2019,8,29,23,45,45.2997998046875,0
2019,8,29,23,45,47.1497998046875,0
2019,8,29,23,45,48.9998000488281,0
2019,8,29,23,45,50.8497998046875,0
2019,8,29,23,45,52.6998000488281,0
2019,8,29,23,45,54.5497998046875,0
2019,8,29,23,45,56.3997998046875,0
2019,8,29,23,45,58.2498000488281,0
2019,8,29,23,46,0.0997998046875,0
2019,8,29,23,46,1.94980004882812,0
2019,8,29,23,46,3.7997998046875,0
2019,8,29,23,46,5.6497998046875,0
2019,8,29,23,46,7.49980004882813,0
2019,8,29,23,46,9.3497998046875,0
2019,8,29,23,46,11.1998000488281,0
2019,8,29,23,46,13.0497998046875,0
2019,8,29,23,46,14.8997998046875,0
2019,8,29,23,46,16.7498000488281,0
2019,8,29,23,46,18.5997998046875,0
2019,8,29,23,46,20.4498000488281,0
2019,8,29,23,46,22.2997998046875,0
2019,8,29,23,46,24.1497998046875,0
2019,8,29,23,46,25.9998000488281,0
2019,8,29,23,46,27.8497998046875,0
2019,8,29,23,46,29.6998000488281,0
2019,8,29,23,46,31.5497998046875,0
2019,8,29,23,46,33.3997998046875,0
2019,8,29,23,46,35.2498000488281,0
2019,8,29,23,46,37.0997998046875,0
2019,8,29,23,46,38.9498000488281,0
2019,8,29,23,46,40.7498000488281,0
2019,8,29,23,46,42.4998000488281,0
2019,8,29,23,46,44.2498000488281,0
2019,8,29,23,46,45.9998000488281,0
2019,8,29,23,46,47.8997998046875,0
2019,8,29,23,46,49.7498000488281,1
2019,8,29,23,46,51.4998000488281,1
2019,8,29,23,46,53.3497998046875,1
2019,8,29,23,46,55.2498000488281,1
2019,8,29,23,46,57.1497998046875,1
2019,8,29,23,46,58.9998000488281,1
2019,8,29,23,47,0.749800048828125,1
2019,8,29,23,47,2.5497998046875,1
2019,8,29,23,47,4.3497998046875,1
2019,8,29,23,47,6.24980004882813,1
2019,8,29,23,47,8.19980004882813,2
2019,8,29,23,47,10.1998000488281,2
2019,8,29,23,47,12.1497998046875,2
2019,8,29,23,47,13.9498000488281,2
2019,8,29,23,47,15.7997998046875,2
2019,8,29,23,47,17.6497998046875,2
2019,8,29,23,47,19.5497998046875,2
2019,8,29,23,47,21.3997998046875,2
2019,8,29,23,47,23.2997998046875,2
2019,8,29,23,47,25.1998000488281,2
2019,8,29,23,47,27.0497998046875,2
2019,8,29,23,47,28.8997998046875,2
2019,8,29,23,47,30.7498000488281,2
2019,8,29,23,47,32.5997998046875,2
2019,8,29,23,47,34.4498000488281,2
2019,8,29,23,47,36.2997998046875,2
2019,8,29,23,47,38.1497998046875,2
2019,8,29,23,47,39.9998000488281,2
2019,8,29,23,47,41.8497998046875,2
2019,8,29,23,47,43.6998000488281,2
2019,8,29,23,47,45.5497998046875,2
2019,8,29,23,47,47.3997998046875,2
2019,8,29,23,47,49.2498000488281,2
2019,8,29,23,47,51.0997998046875,2
2019,8,29,23,47,52.9498000488281,2
2019,8,29,23,47,54.7997998046875,2
2019,8,29,23,47,56.6497998046875,2
2019,8,29,23,47,58.4998000488281,2
2019,8,29,23,48,0.3497998046875,2
2019,8,29,23,48,2.19980004882812,2
2019,8,29,23,48,4.0497998046875,2
2019,8,29,23,48,5.8997998046875,2
2019,8,29,23,48,7.74980004882813,2
2019,8,29,23,48,9.5997998046875,2
2019,8,29,23,48,11.4498000488281,2
2019,8,29,23,48,13.2997998046875,2
2019,8,29,23,48,15.1497998046875,2
2019,8,29,23,48,16.9998000488281,2
2019,8,29,23,48,18.8497998046875,2
2019,8,29,23,48,20.6998000488281,2
2019,8,29,23,48,22.5497998046875,2
2019,8,29,23,48,24.3997998046875,2
2019,8,29,23,48,26.2498000488281,2
2019,8,29,23,48,28.0997998046875,2
2019,8,29,23,48,29.9498000488281,2
2019,8,29,23,48,31.7997998046875,2
2019,8,29,23,48,33.6497998046875,2
2019,8,29,23,48,35.4998000488281,2
2019,8,29,23,48,37.3497998046875,2
2019,8,29,23,48,39.1998000488281,2
2019,8,29,23,48,41.0997998046875,2
2019,8,29,23,48,42.8997998046875,2
2019,8,29,23,48,44.6998000488281,2
2019,8,29,23,48,46.5497998046875,2
2019,8,29,23,48,48.3497998046875,2
2019,8,29,23,48,50.1998000488281,2
2019,8,29,23,48,52.1497998046875,2
2019,8,29,23,48,53.9498000488281,2
2019,8,29,23,48,55.7997998046875,2
2019,8,29,23,48,57.6497998046875,2
2019,8,29,23,48,59.4998000488281,2
2019,8,29,23,49,1.3497998046875,2
2019,8,29,23,49,3.2997998046875,2
2019,8,29,23,49,5.1497998046875,2
2019,8,29,23,49,6.94980004882813,2
2019,8,29,23,49,8.7997998046875,2
2019,8,29,23,49,10.6497998046875,2
2019,8,29,23,49,12.5497998046875,2
2019,8,29,23,49,14.3997998046875,2
2019,8,29,23,49,16.2498000488281,2
2019,8,29,23,49,18.0997998046875,2
2019,8,29,23,49,19.9498000488281,2
2019,8,29,23,49,21.7997998046875,2
2019,8,29,23,49,23.5997998046875,2
2019,8,29,23,49,25.4498000488281,2
2019,8,29,23,49,27.2997998046875,2
2019,8,29,23,49,29.1497998046875,2
2019,8,29,23,49,31.0497998046875,2
2019,8,29,23,49,32.8997998046875,2
2019,8,29,23,49,34.6497998046875,2
2019,8,29,23,49,36.4998000488281,2
2019,8,29,23,49,38.3997998046875,2
2019,8,29,23,49,40.2997998046875,2
2019,8,29,23,49,42.1497998046875,2
2019,8,29,23,49,43.9498000488281,2
2019,8,29,23,49,45.7997998046875,2
2019,8,29,23,49,47.6497998046875,2
2019,8,29,23,49,49.4998000488281,2
2019,8,29,23,49,51.3497998046875,2
2019,8,29,23,49,53.1998000488281,2
2019,8,29,23,49,55.0497998046875,2
2019,8,29,23,49,56.9498000488281,2
2019,8,29,23,49,58.7498000488281,2
2019,8,29,23,50,0.5997998046875,2
2019,8,29,23,50,2.44980004882812,2
2019,8,29,23,50,4.2997998046875,2
2019,8,29,23,50,6.1497998046875,2
2019,8,29,23,50,7.99980004882813,2
2019,8,29,23,50,9.8497998046875,2
2019,8,29,23,50,11.6998000488281,2
2019,8,29,23,50,13.5497998046875,2
2019,8,29,23,50,15.3997998046875,2
2019,8,29,23,50,17.2498000488281,2
2019,8,29,23,50,19.0997998046875,2
2019,8,29,23,50,20.9498000488281,2
2019,8,29,23,50,22.7997998046875,2
2019,8,29,23,50,24.6497998046875,2
2019,8,29,23,50,26.4998000488281,2
2019,8,29,23,50,28.3497998046875,2
2019,8,29,23,50,30.1998000488281,2
2019,8,29,23,50,31.9998000488281,2
2019,8,29,23,50,33.8997998046875,2
2019,8,29,23,50,35.7498000488281,2
2019,8,29,23,50,37.5497998046875,2
2019,8,29,23,50,39.3497998046875,2
2019,8,29,23,50,41.1998000488281,2
2019,8,29,23,50,43.1497998046875,2
2019,8,29,23,50,45.0497998046875,2
2019,8,29,23,50,46.8997998046875,2
2019,8,29,23,50,48.7498000488281,2
2019,8,29,23,50,50.5997998046875,2
2019,8,29,23,50,52.4498000488281,2
2019,8,29,23,50,54.2997998046875,2
2019,8,29,23,50,56.1497998046875,2
2019,8,29,23,50,57.9998000488281,2
2019,8,29,23,50,59.8497998046875,2
2019,8,29,23,51,1.69980004882812,2
2019,8,29,23,51,3.5497998046875,2
2019,8,29,23,51,5.3497998046875,2
2019,8,29,23,51,7.1497998046875,2
2019,8,29,23,51,8.8997998046875,2
2019,8,29,23,51,10.6998000488281,2
2019,8,29,23,51,12.5997998046875,2
2019,8,29,23,51,14.4998000488281,2
2019,8,29,23,51,16.3497998046875,2
2019,8,29,23,51,18.1998000488281,2
2019,8,29,23,51,20.0497998046875,2
2019,8,29,23,51,21.8997998046875,2
2019,8,29,23,51,23.7498000488281,2
2019,8,29,23,51,25.6497998046875,2
2019,8,29,23,51,27.4498000488281,2
2019,8,29,23,51,29.2997998046875,2
2019,8,29,23,51,31.1998000488281,2
2019,8,29,23,51,33.0497998046875,2
2019,8,29,23,51,34.8997998046875,2
2019,8,29,23,51,36.7498000488281,2
2019,8,29,23,51,38.6998000488281,2
2019,8,29,23,51,40.6497998046875,2
2019,8,29,23,51,42.4998000488281,2
2019,8,29,23,51,44.3497998046875,2
2019,8,29,23,51,46.1998000488281,2
2019,8,29,23,51,48.0497998046875,2
2019,8,29,23,51,49.8997998046875,2
2019,8,29,23,51,51.6998000488281,2
2019,8,29,23,51,53.5497998046875,2
2019,8,29,23,51,55.3997998046875,2
2019,8,29,23,51,57.2498000488281,2
2019,8,29,23,51,59.0497998046875,2
2019,8,29,23,52,0.8997998046875,2
2019,8,29,23,52,2.74980004882813,1
2019,8,29,23,52,4.6497998046875,1
2019,8,29,23,52,6.49980004882813,1
2019,8,29,23,52,8.2997998046875,1
2019,8,29,23,52,10.1497998046875,1
2019,8,29,23,52,11.9998000488281,2
2019,8,29,23,52,13.8497998046875,2
2019,8,29,23,52,15.6497998046875,2
2019,8,29,23,52,17.4998000488281,2
2019,8,29,23,52,19.3497998046875,2
2019,8,29,23,52,21.1998000488281,2
2019,8,29,23,52,23.0497998046875,2
2019,8,29,23,52,24.8997998046875,2
2019,8,29,23,52,26.7498000488281,2
2019,8,29,23,52,28.5997998046875,2
2019,8,29,23,52,30.4498000488281,2
2019,8,29,23,52,32.2997998046875,2
2019,8,29,23,52,34.1497998046875,2
2019,8,29,23,52,35.8997998046875,2
2019,8,29,23,52,37.6497998046875,2
2019,8,29,23,52,39.3997998046875,1
2019,8,29,23,52,41.2997998046875,0
2019,8,29,23,52,43.1998000488281,0
2019,8,29,23,52,45.0997998046875,0
2019,8,29,23,52,46.9998000488281,0
2019,8,29,23,52,48.8497998046875,0
2019,8,29,23,52,50.6998000488281,0
2019,8,29,23,52,52.5497998046875,0
2019,8,29,23,52,54.3997998046875,0
2019,8,29,23,52,56.2997998046875,0
2019,8,29,23,52,58.1497998046875,0
2019,8,29,23,52,59.9998000488281,0
2019,8,29,23,53,1.8497998046875,0
2019,8,29,23,53,3.69980004882812,0
2019,8,29,23,53,5.44980004882813,0
2019,8,29,23,53,7.2997998046875,1
2019,8,29,23,53,9.19980004882813,2
2019,8,29,23,53,11.0497998046875,2
2019,8,29,23,53,12.9498000488281,2
2019,8,29,23,53,14.7997998046875,2
2019,8,29,23,53,16.6497998046875,2
2019,8,29,23,53,18.4998000488281,2
2019,8,29,23,53,20.3497998046875,2
2019,8,29,23,53,22.2498000488281,2
2019,8,29,23,53,24.0997998046875,2
2019,8,29,23,53,25.9498000488281,2
2019,8,29,23,53,27.7498000488281,2
2019,8,29,23,53,29.6497998046875,2
2019,8,29,23,53,31.4998000488281,2
2019,8,29,23,53,33.3497998046875,1
2019,8,29,23,53,35.1998000488281,1
2019,8,29,23,53,37.0497998046875,1
2019,8,29,23,53,38.8997998046875,1
2019,8,29,23,53,40.7498000488281,1
2019,8,29,23,53,42.5997998046875,2
2019,8,29,23,53,44.4498000488281,2
2019,8,29,23,53,46.3497998046875,2
2019,8,29,23,53,48.2498000488281,2
2019,8,29,23,53,50.0997998046875,2
2019,8,29,23,53,51.9498000488281,2
2019,8,29,23,53,53.7498000488281,2
2019,8,29,23,53,55.5997998046875,2
2019,8,29,23,53,57.4498000488281,2
2019,8,29,23,53,59.2997998046875,1
2019,8,29,23,54,1.1497998046875,1
2019,8,29,23,54,2.99980004882813,1
2019,8,29,23,54,4.8497998046875,1
2019,8,29,23,54,6.69980004882813,1
2019,8,29,23,54,8.5497998046875,1
2019,8,29,23,54,10.3997998046875,1
2019,8,29,23,54,12.2498000488281,1
2019,8,29,23,54,14.0497998046875,1
2019,8,29,23,54,15.8997998046875,1
2019,8,29,23,54,17.7997998046875,1
2019,8,29,23,54,19.6497998046875,1
2019,8,29,23,54,21.4498000488281,1
2019,8,29,23,54,23.2997998046875,1
2019,8,29,23,54,25.1497998046875,1
2019,8,29,23,54,26.9998000488281,1
2019,8,29,23,54,28.8497998046875,1
2019,8,29,23,54,30.6998000488281,1
2019,8,29,23,54,32.5497998046875,1
2019,8,29,23,54,34.3997998046875,1
2019,8,29,23,54,36.2498000488281,2
2019,8,29,23,54,38.0997998046875,2
2019,8,29,23,54,39.9498000488281,2
2019,8,29,23,54,41.7997998046875,2
2019,8,29,23,54,43.6497998046875,2
2019,8,29,23,54,45.4998000488281,1
2019,8,29,23,54,47.3497998046875,1
2019,8,29,23,54,49.1998000488281,2
2019,8,29,23,54,51.0497998046875,2
2019,8,29,23,54,52.8997998046875,2
2019,8,29,23,54,54.7498000488281,2
2019,8,29,23,54,56.5997998046875,2
2019,8,29,23,54,58.4498000488281,2
2019,8,29,23,55,0.249800048828125,1
2019,8,29,23,55,2.0997998046875,1
2019,8,29,23,55,4.19980004882813,2
2019,8,29,23,55,6.0497998046875,2
2019,8,29,23,55,7.94980004882813,2
2019,8,29,23,55,9.7997998046875,2
2019,8,29,23,55,11.6497998046875,2
2019,8,29,23,55,13.5497998046875,2
2019,8,29,23,55,15.3997998046875,2
2019,8,29,23,55,17.2498000488281,2
2019,8,29,23,55,19.0497998046875,2
2019,8,29,23,55,20.8997998046875,2
2019,8,29,23,55,22.7498000488281,2
2019,8,29,23,55,24.5997998046875,2
2019,8,29,23,55,26.4498000488281,2
2019,8,29,23,55,28.2997998046875,2
2019,8,29,23,55,30.1497998046875,2
2019,8,29,23,55,31.9998000488281,1
2019,8,29,23,55,33.8497998046875,1
2019,8,29,23,55,35.7498000488281,1
2019,8,29,23,55,37.5497998046875,2
2019,8,29,23,55,39.3997998046875,2
2019,8,29,23,55,41.2498000488281,2
2019,8,29,23,55,43.0997998046875,2
2019,8,29,23,55,44.9498000488281,2
2019,8,29,23,55,46.7997998046875,2
2019,8,29,23,55,48.6998000488281,1
2019,8,29,23,55,50.5497998046875,1
2019,8,29,23,55,52.3497998046875,1
2019,8,29,23,55,54.1497998046875,2
2019,8,29,23,55,56.0497998046875,2
2019,8,29,23,55,57.8997998046875,2
2019,8,29,23,55,59.7498000488281,2
2019,8,29,23,56,1.49980004882813,2
2019,8,29,23,56,3.3997998046875,2
2019,8,29,23,56,5.24980004882813,2
2019,8,29,23,56,7.0997998046875,2
2019,8,29,23,56,8.94980004882813,2
2019,8,29,23,56,10.8497998046875,2
2019,8,29,23,56,12.6998000488281,2
2019,8,29,23,56,14.5497998046875,2
2019,8,29,23,56,16.3997998046875,2
2019,8,29,23,56,18.2498000488281,2
2019,8,29,23,56,20.0997998046875,2
2019,8,29,23,56,21.9498000488281,2
2019,8,29,23,56,23.7997998046875,2
2019,8,29,23,56,25.6497998046875,2
2019,8,29,23,56,27.4498000488281,2
2019,8,29,23,56,29.2997998046875,2
2019,8,29,23,56,31.1497998046875,2
2019,8,29,23,56,33.0997998046875,2
2019,8,29,23,56,34.9498000488281,2
2019,8,29,23,56,36.7498000488281,2
2019,8,29,23,56,38.5997998046875,2
2019,8,29,23,56,40.4498000488281,2
2019,8,29,23,56,42.3497998046875,2
2019,8,29,23,56,44.1497998046875,2
2019,8,29,23,56,45.9998000488281,2
2019,8,29,23,56,47.9498000488281,2
2019,8,29,23,56,49.7498000488281,2
2019,8,29,23,56,51.4498000488281,2
2019,8,29,23,56,53.2498000488281,2
2019,8,29,23,56,55.1497998046875,2
2019,8,29,23,56,57.0997998046875,2
2019,8,29,23,56,58.9998000488281,2
2019,8,29,23,57,0.7997998046875,2
2019,8,29,23,57,2.5997998046875,2
2019,8,29,23,57,4.44980004882813,2
2019,8,29,23,57,6.3497998046875,2
2019,8,29,23,57,8.24980004882812,2
2019,8,29,23,57,10.0997998046875,2
2019,8,29,23,57,11.8997998046875,2
2019,8,29,23,57,13.7498000488281,2
2019,8,29,23,57,15.6497998046875,2
2019,8,29,23,57,17.4998000488281,1
2019,8,29,23,57,19.3497998046875,1
2019,8,29,23,57,21.1998000488281,1
2019,8,29,23,57,21.1998000488281,1
2019,8,29,23,57,22.9998000488281,1
2019,8,29,23,57,24.7498000488281,1
2019,8,29,23,57,26.5497998046875,1
2019,8,29,23,57,28.3997998046875,1
2019,8,29,23,57,30.2997998046875,1
2019,8,29,23,57,32.1497998046875,1
2019,8,29,23,57,33.9498000488281,1
2019,8,29,23,57,35.7498000488281,1
2019,8,29,23,57,37.5997998046875,1
2019,8,29,23,57,39.4998000488281,1
2019,8,29,23,57,41.3997998046875,1
2019,8,29,23,57,43.2498000488281,1
2019,8,29,23,57,45.0997998046875,1
2019,8,29,23,57,46.9998000488281,1
2019,8,29,23,57,48.8497998046875,1
2019,8,29,23,57,50.6998000488281,1
2019,8,29,23,57,52.5497998046875,1
2019,8,29,23,57,54.4498000488281,1
2019,8,29,23,57,56.2997998046875,1
2019,8,29,23,57,58.0997998046875,1
2019,8,29,23,57,59.9998000488281,1
2019,8,29,23,58,1.8497998046875,1
2019,8,29,23,58,3.69980004882812,1
2019,8,29,23,58,5.5497998046875,1
2019,8,29,23,58,7.3997998046875,1
2019,8,29,23,58,9.2997998046875,2
2019,8,29,23,58,11.1497998046875,2
2019,8,29,23,58,12.9498000488281,2
2019,8,29,23,58,14.8497998046875,2
2019,8,29,23,58,16.6998000488281,2
2019,8,29,23,58,18.5497998046875,2
2019,8,29,23,58,20.3997998046875,2
2019,8,29,23,58,22.2498000488281,2
2019,8,29,23,58,24.0497998046875,2
2019,8,29,23,58,25.8997998046875,2
2019,8,29,23,58,27.7498000488281,2
2019,8,29,23,58,29.5997998046875,2
2019,8,29,23,58,31.4498000488281,2
2019,8,29,23,58,33.2997998046875,2
2019,8,29,23,58,35.1497998046875,2
2019,8,29,23,58,36.9998000488281,2
2019,8,29,23,58,38.8497998046875,2
2019,8,29,23,58,40.6998000488281,2
2019,8,29,23,58,42.5997998046875,2
2019,8,29,23,58,44.4498000488281,2
2019,8,29,23,58,46.2997998046875,2
2019,8,29,23,58,48.1497998046875,2
2019,8,29,23,58,49.9498000488281,2
2019,8,29,23,58,51.7997998046875,2
2019,8,29,23,58,53.6497998046875,2
2019,8,29,23,58,55.4998000488281,2
2019,8,29,23,58,57.3497998046875,2
2019,8,29,23,58,59.2498000488281,2
2019,8,29,23,59,1.0997998046875,2
2019,8,29,23,59,2.8997998046875,2
2019,8,29,23,59,4.74980004882813,2
2019,8,29,23,59,6.5997998046875,2
2019,8,29,23,59,8.44980004882813,2
2019,8,29,23,59,10.2997998046875,2
2019,8,29,23,59,12.0997998046875,2
2019,8,29,23,59,13.9498000488281,2
2019,8,29,23,59,15.7997998046875,2
2019,8,29,23,59,17.5997998046875,1
2019,8,29,23,59,19.4998000488281,1
2019,8,29,23,59,21.3497998046875,2
2019,8,29,23,59,23.1998000488281,2
2019,8,29,23,59,25.0497998046875,2
2019,8,29,23,59,26.8997998046875,2
2019,8,29,23,59,28.7498000488281,2
2019,8,29,23,59,30.5997998046875,2
2019,8,29,23,59,32.4498000488281,2
2019,8,29,23,59,34.2997998046875,2
2019,8,29,23,59,36.1497998046875,2
2019,8,29,23,59,37.9998000488281,2
2019,8,29,23,59,39.8497998046875,2
2019,8,29,23,59,41.6998000488281,2
2019,8,29,23,59,43.5497998046875,2
2019,8,29,23,59,45.4498000488281,2
2019,8,29,23,59,47.2997998046875,2
2019,8,29,23,59,49.1497998046875,2
2019,8,29,23,59,50.9998000488281,2
2019,8,29,23,59,52.8497998046875,2
2019,8,29,23,59,54.6998000488281,2
2019,8,29,23,59,56.5497998046875,2
2019,8,29,23,59,58.3997998046875,2
2019,8,30,0,0,0.249800048828125,2
2019,8,30,0,0,2.0997998046875,2
2019,8,30,0,0,3.94980004882812,2
2019,8,30,0,0,5.7997998046875,2
2019,8,30,0,0,7.6497998046875,2
2019,8,30,0,0,9.49980004882812,2
2019,8,30,0,0,11.3497998046875,2
2019,8,30,0,0,13.1998000488281,2
2019,8,30,0,0,15.0497998046875,2
2019,8,30,0,0,16.8997998046875,2
2019,8,30,0,0,18.7498000488281,2
2019,8,30,0,0,20.5997998046875,2
2019,8,30,0,0,22.4498000488281,2
2019,8,30,0,0,24.2997998046875,2
2019,8,30,0,0,26.1497998046875,2
2019,8,30,0,0,27.9998000488281,2
2019,8,30,0,0,29.8497998046875,2
2019,8,30,0,0,31.6998000488281,2
2019,8,30,0,0,33.5497998046875,2
2019,8,30,0,0,35.4498000488281,2
2019,8,30,0,0,37.2498000488281,2
2019,8,30,0,0,39.0997998046875,2
2019,8,30,0,0,40.9498000488281,2
2019,8,30,0,0,42.7997998046875,2
2019,8,30,0,0,44.6998000488281,2
2019,8,30,0,0,46.5497998046875,1
2019,8,30,0,0,48.3497998046875,1
2019,8,30,0,0,50.2498000488281,1
2019,8,30,0,0,52.0997998046875,1
2019,8,30,0,0,53.8997998046875,1
2019,8,30,0,0,55.7498000488281,1
2019,8,30,0,0,57.6497998046875,1
2019,8,30,0,0,59.4998000488281,1
2019,8,30,0,1,1.2997998046875,1
2019,8,30,0,1,3.1497998046875,1
2019,8,30,0,1,4.99980004882813,1
2019,8,30,0,1,6.8497998046875,1
2019,8,30,0,1,8.69980004882813,1
2019,8,30,0,1,10.5497998046875,1
2019,8,30,0,1,12.3997998046875,1
2019,8,30,0,1,14.2498000488281,1
2019,8,30,0,1,16.0997998046875,1
2019,8,30,0,1,17.9498000488281,1
2019,8,30,0,1,19.7997998046875,1
2019,8,30,0,1,21.5997998046875,1
2019,8,30,0,1,23.4998000488281,1
2019,8,30,0,1,25.3497998046875,1
2019,8,30,0,1,27.1998000488281,1
2019,8,30,0,1,29.0497998046875,1
2019,8,30,0,1,30.8997998046875,1
2019,8,30,0,1,32.7498000488281,1
2019,8,30,0,1,34.5997998046875,1
2019,8,30,0,1,36.4498000488281,1
2019,8,30,0,1,38.2997998046875,1
2019,8,30,0,1,40.1497998046875,1
2019,8,30,0,1,41.9498000488281,1
2019,8,30,0,1,43.8497998046875,1
2019,8,30,0,1,45.6998000488281,1
2019,8,30,0,1,47.5497998046875,1
2019,8,30,0,1,49.3997998046875,1
2019,8,30,0,1,51.2498000488281,1
2019,8,30,0,1,53.0997998046875,0
2019,8,30,0,1,54.9498000488281,0
2019,8,30,0,1,56.7997998046875,0
2019,8,30,0,1,58.6497998046875,0
2019,8,30,0,2,0.499800048828125,0
2019,8,30,0,2,2.3497998046875,0
2019,8,30,0,2,4.19980004882813,0
2019,8,30,0,2,6.0497998046875,0
2019,8,30,0,2,7.8997998046875,0
2019,8,30,0,2,9.74980004882812,0
2019,8,30,0,2,11.5997998046875,0
2019,8,30,0,2,13.4498000488281,0
2019,8,30,0,2,15.4498000488281,0
2019,8,30,0,2,17.5497998046875,0
2019,8,30,0,2,19.4998000488281,0
2019,8,30,0,2,21.3497998046875,0
2019,8,30,0,2,23.2498000488281,0
2019,8,30,0,2,25.0997998046875,0
2019,8,30,0,2,26.9498000488281,0
2019,8,30,0,2,28.7997998046875,0
2019,8,30,0,2,30.6497998046875,0
2019,8,30,0,2,32.4998000488281,0
2019,8,30,0,2,34.3497998046875,0
2019,8,30,0,2,36.1998000488281,0
2019,8,30,0,2,38.0497998046875,0
2019,8,30,0,2,39.8997998046875,0
2019,8,30,0,2,41.7498000488281,0
2019,8,30,0,2,43.5997998046875,0
2019,8,30,0,2,45.4498000488281,0
2019,8,30,0,2,47.2997998046875,0
2019,8,30,0,2,49.0997998046875,0
2019,8,30,0,2,50.9998000488281,0
2019,8,30,0,2,52.8497998046875,0
2019,8,30,0,2,54.6998000488281,0
2019,8,30,0,2,56.5497998046875,0
2019,8,30,0,2,58.3997998046875,0
2019,8,30,0,3,0.249800048828125,0
2019,8,30,0,3,2.0997998046875,0
2019,8,30,0,3,3.94980004882812,0
2019,8,30,0,3,5.7997998046875,0
2019,8,30,0,3,7.6497998046875,0
2019,8,30,0,3,9.49980004882812,0
2019,8,30,0,3,11.3497998046875,0
2019,8,30,0,3,13.1998000488281,0
2019,8,30,0,3,15.0497998046875,0
2019,8,30,0,3,16.8997998046875,0
2019,8,30,0,3,18.7498000488281,0
2019,8,30,0,3,20.5997998046875,0
2019,8,30,0,3,22.4498000488281,0
2019,8,30,0,3,24.2997998046875,0
2019,8,30,0,3,26.1497998046875,0
2019,8,30,0,3,27.9998000488281,0
2019,8,30,0,3,29.8497998046875,0
2019,8,30,0,3,31.6998000488281,0
2019,8,30,0,3,33.5497998046875,0
2019,8,30,0,3,35.3997998046875,0
2019,8,30,0,3,37.2498000488281,0
2019,8,30,0,3,39.0997998046875,0
2019,8,30,0,3,40.9498000488281,0
2019,8,30,0,3,42.7997998046875,0
2019,8,30,0,3,44.6497998046875,0
2019,8,30,0,3,46.4998000488281,0
2019,8,30,0,3,48.3497998046875,0
2019,8,30,0,3,50.1998000488281,0
2019,8,30,0,3,52.0497998046875,0
2019,8,30,0,3,53.8997998046875,0
2019,8,30,0,3,55.7498000488281,0
2019,8,30,0,3,57.5997998046875,0
2019,8,30,0,3,59.3997998046875,0
2019,8,30,0,4,1.19980004882813,0
2019,8,30,0,4,2.8997998046875,0
2019,8,30,0,4,4.5997998046875,0
2019,8,30,0,4,6.3497998046875,0
2019,8,30,0,4,8.19980004882813,0
2019,8,30,0,4,10.0497998046875,0
2019,8,30,0,4,11.9498000488281,0
2019,8,30,0,4,13.7997998046875,0
2019,8,30,0,4,15.5997998046875,0
2019,8,30,0,4,17.4498000488281,0
2019,8,30,0,4,19.2997998046875,0
2019,8,30,0,4,21.1497998046875,0
2019,8,30,0,4,22.9998000488281,0
2019,8,30,0,4,24.8497998046875,0
2019,8,30,0,4,26.6497998046875,0
2019,8,30,0,4,28.4998000488281,0
2019,8,30,0,4,30.3497998046875,0
2019,8,30,0,4,32.0997998046875,0
2019,8,30,0,4,33.8497998046875,0
2019,8,30,0,4,35.6998000488281,0
2019,8,30,0,4,37.5997998046875,0
2019,8,30,0,4,39.3997998046875,0
2019,8,30,0,4,41.1998000488281,0
2019,8,30,0,4,43.0997998046875,0
2019,8,30,0,4,45.0497998046875,0
2019,8,30,0,4,46.8997998046875,0
2019,8,30,0,4,48.7997998046875,0
2019,8,30,0,4,50.6497998046875,0
2019,8,30,0,4,52.4998000488281,0
2019,8,30,0,4,54.3497998046875,0
2019,8,30,0,4,56.1998000488281,0
2019,8,30,0,4,58.0497998046875,0
2019,8,30,0,4,59.8997998046875,0
2019,8,30,0,5,1.7997998046875,0
2019,8,30,0,5,3.6497998046875,0
2019,8,30,0,5,5.49980004882813,0
2019,8,30,0,5,7.3497998046875,0
2019,8,30,0,5,9.19980004882813,0
2019,8,30,0,5,11.0497998046875,0
2019,8,30,0,5,12.8997998046875,0
2019,8,30,0,5,14.7498000488281,0
2019,8,30,0,5,16.5997998046875,0
2019,8,30,0,5,18.5497998046875,0
2019,8,30,0,5,20.4498000488281,0
2019,8,30,0,5,22.3497998046875,0
2019,8,30,0,5,24.1497998046875,0
2019,8,30,0,5,25.9498000488281,0
2019,8,30,0,5,27.9498000488281,0
2019,8,30,0,5,29.7997998046875,0
2019,8,30,0,5,31.5997998046875,0
2019,8,30,0,5,33.3997998046875,0
2019,8,30,0,5,35.1998000488281,0
2019,8,30,0,5,37.0497998046875,0
2019,8,30,0,5,38.8997998046875,0
2019,8,30,0,5,40.7498000488281,0
2019,8,30,0,5,42.5497998046875,0
2019,8,30,0,5,44.3997998046875,0
2019,8,30,0,5,46.2498000488281,0
2019,8,30,0,5,48.0997998046875,0
2019,8,30,0,5,49.9498000488281,0
2019,8,30,0,5,51.7997998046875,0
2019,8,30,0,5,53.5997998046875,0
2019,8,30,0,5,55.4498000488281,0
2019,8,30,0,5,57.2997998046875,0
2019,8,30,0,5,59.1497998046875,0
2019,8,30,0,6,0.999800048828125,0
2019,8,30,0,6,2.8497998046875,0
2019,8,30,0,6,4.69980004882813,0
2019,8,30,0,6,6.5497998046875,0
2019,8,30,0,6,8.3997998046875,0
2019,8,30,0,6,10.2498000488281,0
2019,8,30,0,6,12.0997998046875,0
2019,8,30,0,6,13.9498000488281,0
2019,8,30,0,6,15.7997998046875,0
2019,8,30,0,6,17.6497998046875,0
2019,8,30,0,6,19.4998000488281,0
2019,8,30,0,6,21.3497998046875,0
2019,8,30,0,6,23.1998000488281,0
2019,8,30,0,6,25.0497998046875,0
2019,8,30,0,6,26.8997998046875,0
2019,8,30,0,6,28.7498000488281,0
2019,8,30,0,6,30.5997998046875,0
2019,8,30,0,6,32.4498000488281,0
2019,8,30,0,6,34.2997998046875,0
2019,8,30,0,6,36.1497998046875,0
2019,8,30,0,6,37.9998000488281,0
2019,8,30,0,6,39.8497998046875,0
2019,8,30,0,6,41.6998000488281,0
2019,8,30,0,6,43.5497998046875,0
2019,8,30,0,6,45.3997998046875,0
2019,8,30,0,6,47.2498000488281,0
2019,8,30,0,6,49.0997998046875,0
2019,8,30,0,6,50.9498000488281,0
2019,8,30,0,6,52.7997998046875,0
2019,8,30,0,6,54.6497998046875,0
2019,8,30,0,6,56.4998000488281,0
2019,8,30,0,6,58.3497998046875,0
2019,8,30,0,7,0.199800048828125,0
2019,8,30,0,7,2.0497998046875,0
2019,8,30,0,7,3.8997998046875,0
2019,8,30,0,7,5.74980004882813,0
2019,8,30,0,7,7.5997998046875,0
2019,8,30,0,7,9.44980004882813,0
2019,8,30,0,7,11.2997998046875,0
2019,8,30,0,7,13.1497998046875,0
2019,8,30,0,7,14.9998000488281,0
2019,8,30,0,7,16.8497998046875,0
2019,8,30,0,7,18.6998000488281,0
2019,8,30,0,7,20.5497998046875,0
2019,8,30,0,7,22.3997998046875,0
2019,8,30,0,7,24.2498000488281,0
2019,8,30,0,7,26.0997998046875,0
2019,8,30,0,7,27.9498000488281,0
2019,8,30,0,7,29.7997998046875,0
2019,8,30,0,7,31.6497998046875,0
2019,8,30,0,7,33.4998000488281,0
2019,8,30,0,7,35.3497998046875,0
2019,8,30,0,7,37.1998000488281,0
2019,8,30,0,7,39.0497998046875,0
2019,8,30,0,7,40.8997998046875,0
2019,8,30,0,7,42.7498000488281,0
2019,8,30,0,7,44.5997998046875,0
2019,8,30,0,7,46.4498000488281,0
2019,8,30,0,7,48.2997998046875,0
2019,8,30,0,7,50.1497998046875,0
2019,8,30,0,7,51.9998000488281,0
2019,8,30,0,7,53.8497998046875,0
2019,8,30,0,7,55.6998000488281,0
2019,8,30,0,7,57.5497998046875,0
2019,8,30,0,7,59.3997998046875,0
2019,8,30,0,8,1.24980004882813,0
2019,8,30,0,8,3.0997998046875,0
2019,8,30,0,8,4.94980004882813,0
2019,8,30,0,15,21.4998000488281,0
2019,8,30,0,15,23.3497998046875,0
2019,8,30,0,15,25.1998000488281,0
2019,8,30,0,15,27.0497998046875,0
2019,8,30,0,15,28.8997998046875,0
2019,8,30,0,15,30.7498000488281,0
2019,8,30,0,15,32.5997998046875,0
2019,8,30,0,15,34.4498000488281,0
2019,8,30,0,15,36.2997998046875,0
2019,8,30,0,15,38.1497998046875,0
2019,8,30,0,15,39.9998000488281,0
2019,8,30,0,15,41.8497998046875,0
2019,8,30,0,15,43.6998000488281,0
2019,8,30,0,15,45.5497998046875,0
2019,8,30,0,15,47.3997998046875,0
2019,8,30,0,15,49.2498000488281,0
2019,8,30,0,15,51.0997998046875,0
2019,8,30,0,15,52.9498000488281,0
2019,8,30,0,15,54.7997998046875,0
2019,8,30,0,15,56.6497998046875,0
2019,8,30,0,15,58.4998000488281,0
2019,8,30,0,16,0.3497998046875,0
2019,8,30,0,16,2.19980004882812,0
2019,8,30,0,16,4.0497998046875,0
2019,8,30,0,16,5.8997998046875,0
2019,8,30,0,16,7.74980004882813,0
2019,8,30,0,16,9.5997998046875,0
2019,8,30,0,16,11.4498000488281,0
2019,8,30,0,16,13.2997998046875,0
2019,8,30,0,16,15.1497998046875,0
2019,8,30,0,16,16.9998000488281,0
2019,8,30,0,16,18.8497998046875,0
2019,8,30,0,16,20.6998000488281,0
2019,8,30,0,16,22.5497998046875,0
2019,8,30,0,16,24.3997998046875,0
2019,8,30,0,16,26.2498000488281,0
2019,8,30,0,16,28.0997998046875,0
2019,8,30,0,16,29.9498000488281,0
2019,8,30,0,16,31.7997998046875,0
2019,8,30,0,16,33.6497998046875,0
2019,8,30,0,16,35.4998000488281,0
2019,8,30,0,16,37.3497998046875,0
2019,8,30,0,16,39.1998000488281,0
2019,8,30,0,16,41.0497998046875,0
2019,8,30,0,16,42.8997998046875,0
2019,8,30,0,16,44.7498000488281,0
2019,8,30,0,16,46.5997998046875,0
2019,8,30,0,16,48.4498000488281,0
2019,8,30,0,16,50.2997998046875,0
2019,8,30,0,16,52.1497998046875,0
2019,8,30,0,16,53.9998000488281,0
2019,8,30,0,16,55.8497998046875,0
2019,8,30,0,16,57.6998000488281,0
2019,8,30,0,16,59.5497998046875,0
2019,8,30,0,17,1.3997998046875,0
2019,8,30,0,17,3.24980004882813,0
2019,8,30,0,17,5.0997998046875,0
2019,8,30,0,17,6.94980004882813,0
2019,8,30,0,17,8.7997998046875,0
2019,8,30,0,17,10.6497998046875,0
2019,8,30,0,17,12.4998000488281,0
2019,8,30,0,17,14.2997998046875,0
2019,8,30,0,17,16.1998000488281,0
2019,8,30,0,17,18.0497998046875,0
2019,8,30,0,17,19.8497998046875,0
2019,8,30,0,17,21.7498000488281,0
2019,8,30,0,17,23.5997998046875,0
2019,8,30,0,17,25.4498000488281,0
2019,8,30,0,17,27.2997998046875,0
2019,8,30,0,17,29.1497998046875,0
2019,8,30,0,17,30.9998000488281,0
2019,8,30,0,17,32.8497998046875,0
2019,8,30,0,17,34.6998000488281,0
2019,8,30,0,17,36.5497998046875,0
2019,8,30,0,17,38.3997998046875,0
2019,8,30,0,17,40.2498000488281,0
2019,8,30,0,17,42.0997998046875,0
2019,8,30,0,17,43.9498000488281,0
2019,8,30,0,17,45.7997998046875,0
2019,8,30,0,17,47.6497998046875,0
2019,8,30,0,17,49.4998000488281,0
2019,8,30,0,17,51.3497998046875,0
2019,8,30,0,17,53.1998000488281,0
2019,8,30,0,17,55.0497998046875,0
2019,8,30,0,17,56.8997998046875,0
2019,8,30,0,17,58.7498000488281,0
2019,8,30,0,18,0.5997998046875,0
2019,8,30,0,18,2.44980004882812,0
2019,8,30,0,18,4.2997998046875,0
2019,8,30,0,18,6.1497998046875,0
2019,8,30,0,18,7.99980004882813,0
2019,8,30,0,18,9.8497998046875,0
2019,8,30,0,18,11.6998000488281,0
2019,8,30,0,18,13.5497998046875,0
2019,8,30,0,18,15.3997998046875,0
2019,8,30,0,18,17.2498000488281,0
2019,8,30,0,18,19.0997998046875,0
2019,8,30,0,18,20.9498000488281,0
2019,8,30,0,18,22.7997998046875,0
2019,8,30,0,18,24.6497998046875,0
2019,8,30,0,18,26.4998000488281,0
2019,8,30,0,18,28.3497998046875,0
2019,8,30,0,18,30.1998000488281,0
2019,8,30,0,18,32.0497998046875,0
2019,8,30,0,18,33.8997998046875,0
2019,8,30,0,18,35.7498000488281,0
2019,8,30,0,18,37.5997998046875,0
2019,8,30,0,18,39.4498000488281,0
2019,8,30,0,18,41.2997998046875,0
2019,8,30,0,18,43.1497998046875,0
2019,8,30,0,18,44.9998000488281,0
2019,8,30,0,18,46.8497998046875,0
2019,8,30,0,18,48.6998000488281,0
2019,8,30,0,18,50.5497998046875,0
2019,8,30,0,18,52.3997998046875,0
2019,8,30,0,18,54.2498000488281,0
2019,8,30,0,18,56.0997998046875,0
2019,8,30,0,18,57.9498000488281,0
2019,8,30,0,18,59.7997998046875,0
2019,8,30,0,19,1.6497998046875,0
2019,8,30,0,19,3.49980004882813,0
2019,8,30,0,19,5.3497998046875,0
2019,8,30,0,19,7.19980004882813,0
2019,8,30,0,19,9.0497998046875,0
2019,8,30,0,19,10.8997998046875,0
2019,8,30,0,19,12.7498000488281,0
2019,8,30,0,19,14.5997998046875,0
2019,8,30,0,19,16.4498000488281,0
2019,8,30,0,19,18.2997998046875,0
2019,8,30,0,19,20.1497998046875,0
2019,8,30,0,19,21.9998000488281,0
2019,8,30,0,19,23.8497998046875,0
2019,8,30,0,19,25.6998000488281,0
2019,8,30,0,19,27.5497998046875,0
2019,8,30,0,19,29.3997998046875,0
2019,8,30,0,19,31.2498000488281,0
2019,8,30,0,19,33.0997998046875,0
2019,8,30,0,19,34.9498000488281,0
2019,8,30,0,19,36.7997998046875,0
2019,8,30,0,19,38.6497998046875,0
2019,8,30,0,19,40.4998000488281,0
2019,8,30,0,19,42.3497998046875,0
2019,8,30,0,19,44.1998000488281,0
2019,8,30,0,19,46.0497998046875,0
2019,8,30,0,19,47.8997998046875,0
2019,8,30,0,19,49.7498000488281,0
2019,8,30,0,19,51.5997998046875,0
2019,8,30,0,19,53.4498000488281,0
2019,8,30,0,19,55.2997998046875,0
2019,8,30,0,19,57.1497998046875,0
2019,8,30,0,19,58.9998000488281,0
2019,8,30,0,20,0.8497998046875,0
2019,8,30,0,20,2.69980004882812,0
2019,8,30,0,20,4.5497998046875,0
2019,8,30,0,20,6.3997998046875,0
2019,8,30,0,20,8.24980004882812,0
2019,8,30,0,20,10.0997998046875,0
2019,8,30,0,20,11.9498000488281,0
2019,8,30,0,20,13.7997998046875,0
2019,8,30,0,20,15.6497998046875,0
2019,8,30,0,20,17.4998000488281,0
2019,8,30,0,20,19.3497998046875,0
2019,8,30,0,20,21.1998000488281,0
2019,8,30,0,20,23.0497998046875,0
2019,8,30,0,20,24.8997998046875,0
2019,8,30,0,20,26.7498000488281,0
2019,8,30,0,20,28.5997998046875,0
2019,8,30,0,20,30.4498000488281,0
2019,8,30,0,20,32.2997998046875,0
2019,8,30,0,20,34.1497998046875,0
2019,8,30,0,20,36.0497998046875,0
2019,8,30,0,20,38.0497998046875,0
2019,8,30,0,20,40.0997998046875,0
2019,8,30,0,20,42.0997998046875,0
2019,8,30,0,20,43.9498000488281,0
2019,8,30,0,20,45.7997998046875,0
2019,8,30,0,20,47.6497998046875,0
2019,8,30,0,23,30.9998000488281,0
2019,8,30,0,23,32.7498000488281,0
2019,8,30,0,23,34.4998000488281,1
2019,8,30,0,23,36.2997998046875,1
2019,8,30,0,23,38.0497998046875,2
2019,8,30,0,23,39.8997998046875,2
2019,8,30,0,23,41.7997998046875,2
2019,8,30,0,23,43.5997998046875,2
2019,8,30,0,23,45.4498000488281,2
2019,8,30,0,23,47.2997998046875,2
2019,8,30,0,23,49.2997998046875,2
2019,8,30,0,23,51.2997998046875,2
2019,8,30,0,23,53.1497998046875,2
2019,8,30,0,23,54.8997998046875,2
2019,8,30,0,23,56.6497998046875,2
2019,8,30,0,23,58.4498000488281,2
2019,8,30,0,24,0.249800048828125,2
2019,8,30,0,24,2.0997998046875,2
2019,8,30,0,24,3.94980004882812,2
2019,8,30,0,24,5.7997998046875,2
2019,8,30,0,24,7.5997998046875,2
2019,8,30,0,24,9.3997998046875,2
2019,8,30,0,24,11.2498000488281,2
2019,8,30,0,24,13.0997998046875,2
2019,8,30,0,24,14.9498000488281,2
2019,8,30,0,24,16.7997998046875,2
2019,8,30,0,24,18.6497998046875,2
2019,8,30,0,24,20.4998000488281,2
2019,8,30,0,24,22.3497998046875,2
2019,8,30,0,24,24.1497998046875,2
2019,8,30,0,24,25.9998000488281,2
2019,8,30,0,24,27.8497998046875,2
2019,8,30,0,24,29.6998000488281,2
2019,8,30,0,24,31.5497998046875,2
2019,8,30,0,24,33.3997998046875,2
2019,8,30,0,24,35.2498000488281,2
2019,8,30,0,24,37.0997998046875,2
2019,8,30,0,24,38.9498000488281,2
2019,8,30,0,24,40.7997998046875,2
2019,8,30,0,24,42.6497998046875,2
2019,8,30,0,24,44.4998000488281,2
2019,8,30,0,24,46.3997998046875,2
2019,8,30,0,24,48.2498000488281,2
2019,8,30,0,24,50.0497998046875,2
2019,8,30,0,24,51.8997998046875,2
2019,8,30,0,24,53.7498000488281,2
2019,8,30,0,24,55.5997998046875,2
2019,8,30,0,24,57.3997998046875,2
2019,8,30,0,24,59.2997998046875,2
2019,8,30,0,25,1.0497998046875,2
2019,8,30,0,25,2.8997998046875,2
2019,8,30,0,25,4.7997998046875,2
2019,8,30,0,25,6.6497998046875,2
2019,8,30,0,25,8.49980004882812,2
2019,8,30,0,25,10.2997998046875,2
2019,8,30,0,25,12.1497998046875,2
2019,8,30,0,25,14.0497998046875,2
2019,8,30,0,25,15.9498000488281,2
2019,8,30,0,25,17.7498000488281,2
2019,8,30,0,25,19.6497998046875,2
2019,8,30,0,25,21.5497998046875,2
2019,8,30,0,25,23.3997998046875,2
2019,8,30,0,25,25.1998000488281,2
2019,8,30,0,25,27.0997998046875,2
2019,8,30,0,25,28.9498000488281,2
2019,8,30,0,25,30.7997998046875,2
2019,8,30,0,25,32.6497998046875,2
2019,8,30,0,25,34.4998000488281,2
2019,8,30,0,25,36.3497998046875,2
2019,8,30,0,25,38.1998000488281,2
2019,8,30,0,25,39.9998000488281,2
2019,8,30,0,25,41.8997998046875,2
2019,8,30,0,25,43.7997998046875,2
2019,8,30,0,25,45.5997998046875,2
2019,8,30,0,25,47.3997998046875,2
2019,8,30,0,25,49.2498000488281,2
2019,8,30,0,25,51.0497998046875,2
2019,8,30,0,25,52.8997998046875,2
2019,8,30,0,25,54.7997998046875,2
2019,8,30,0,25,56.6497998046875,2
2019,8,30,0,25,58.4498000488281,2
2019,8,30,0,26,0.2997998046875,2
2019,8,30,0,26,2.19980004882812,2
2019,8,30,0,26,4.1497998046875,2
2019,8,30,0,26,6.0997998046875,2
2019,8,30,0,26,7.8997998046875,2
2019,8,30,0,26,9.69980004882813,2
2019,8,30,0,26,11.4998000488281,2
2019,8,30,0,26,13.3997998046875,2
2019,8,30,0,26,15.2997998046875,2
2019,8,30,0,26,17.1497998046875,2
2019,8,30,0,26,18.9498000488281,2
2019,8,30,0,26,20.7997998046875,2
2019,8,30,0,26,22.6497998046875,2
2019,8,30,0,26,24.4998000488281,2
2019,8,30,0,26,26.3497998046875,2
2019,8,30,0,26,28.1998000488281,2
2019,8,30,0,26,29.9998000488281,2
2019,8,30,0,26,31.7997998046875,2
2019,8,30,0,26,33.6998000488281,2
2019,8,30,0,26,35.4998000488281,2
2019,8,30,0,26,37.3497998046875,2
2019,8,30,0,26,39.1998000488281,2
2019,8,30,0,26,41.0497998046875,2
2019,8,30,0,26,42.8997998046875,2
2019,8,30,0,26,44.6998000488281,2
2019,8,30,0,26,46.5497998046875,2
2019,8,30,0,26,48.3997998046875,2
2019,8,30,0,26,50.2997998046875,2
2019,8,30,0,26,52.1497998046875,2
2019,8,30,0,26,53.9998000488281,2
2019,8,30,0,26,55.8497998046875,2
2019,8,30,0,26,57.6998000488281,2
2019,8,30,0,26,59.4998000488281,2
2019,8,30,0,27,1.3997998046875,2
2019,8,30,0,27,3.24980004882813,1
2019,8,30,0,27,5.0997998046875,0
2019,8,30,0,27,6.94980004882813,0
2019,8,30,0,27,8.7997998046875,0
2019,8,30,0,27,10.6497998046875,0
2019,8,30,0,27,12.4998000488281,0
2019,8,30,0,27,14.3497998046875,1
2019,8,30,0,27,16.0997998046875,1
2019,8,30,0,27,17.9498000488281,1
2019,8,30,0,27,19.7498000488281,1
2019,8,30,0,27,21.5497998046875,2
2019,8,30,0,27,23.3997998046875,2
2019,8,30,0,27,25.2498000488281,2
2019,8,30,0,27,27.1497998046875,2
2019,8,30,0,27,29.0497998046875,2
2019,8,30,0,27,30.8997998046875,2
2019,8,30,0,27,32.7498000488281,2
2019,8,30,0,27,34.5997998046875,2
2019,8,30,0,27,36.4498000488281,2
2019,8,30,0,27,38.3497998046875,2
2019,8,30,0,27,40.1998000488281,2
2019,8,30,0,27,42.0497998046875,2
2019,8,30,0,27,43.8997998046875,2
2019,8,30,0,27,45.7498000488281,2
2019,8,30,0,27,47.5997998046875,2
2019,8,30,0,27,49.4498000488281,2
2019,8,30,0,27,51.2997998046875,2
2019,8,30,0,27,53.1497998046875,2
2019,8,30,0,27,54.9998000488281,2
2019,8,30,0,27,56.8497998046875,2
2019,8,30,0,27,58.6998000488281,2
2019,8,30,0,28,0.5497998046875,2
2019,8,30,0,28,2.3997998046875,2
2019,8,30,0,28,4.2997998046875,2
2019,8,30,0,28,6.1497998046875,2
2019,8,30,0,28,7.99980004882813,2
2019,8,30,0,28,9.8497998046875,2
2019,8,30,0,28,11.6998000488281,2
2019,8,30,0,28,13.5497998046875,1
2019,8,30,0,28,15.3997998046875,1
2019,8,30,0,28,17.2498000488281,1
2019,8,30,0,28,19.0997998046875,1
2019,8,30,0,28,20.9498000488281,1
2019,8,30,0,28,22.7997998046875,1
2019,8,30,0,28,24.6497998046875,1
2019,8,30,0,28,26.4998000488281,1
2019,8,30,0,28,28.3497998046875,1
2019,8,30,0,28,30.1998000488281,1
2019,8,30,0,28,32.0497998046875,1
2019,8,30,0,28,33.8997998046875,1
2019,8,30,0,28,35.7498000488281,1
2019,8,30,0,28,37.5997998046875,1
2019,8,30,0,28,39.4498000488281,1
2019,8,30,0,28,41.2997998046875,1
2019,8,30,0,28,43.1497998046875,1
2019,8,30,0,28,44.9998000488281,1
2019,8,30,0,28,46.8497998046875,1
2019,8,30,0,28,48.6998000488281,1
2019,8,30,0,28,50.5497998046875,1
2019,8,30,0,28,52.3997998046875,1
2019,8,30,0,28,54.2498000488281,1
2019,8,30,0,28,56.0997998046875,1
2019,8,30,0,28,57.9498000488281,1
2019,8,30,0,28,59.7997998046875,1
2019,8,30,0,29,1.6497998046875,1
2019,8,30,0,29,3.49980004882813,1
2019,8,30,0,29,5.3497998046875,1
2019,8,30,0,29,7.19980004882813,1
2019,8,30,0,29,9.0497998046875,1
2019,8,30,0,29,10.8997998046875,1
2019,8,30,0,29,12.7498000488281,1
2019,8,30,0,29,14.5997998046875,1
2019,8,30,0,29,16.4498000488281,1
2019,8,30,0,29,18.2997998046875,1
2019,8,30,0,29,20.1497998046875,1
2019,8,30,0,29,22.0497998046875,1
2019,8,30,0,29,23.8997998046875,1
2019,8,30,0,29,25.6998000488281,1
2019,8,30,0,29,27.5497998046875,1
2019,8,30,0,29,29.3997998046875,1
2019,8,30,0,29,31.2498000488281,1
2019,8,30,0,29,33.0997998046875,1
2019,8,30,0,29,34.9498000488281,1
2019,8,30,0,29,36.7997998046875,1
2019,8,30,0,29,38.6497998046875,1
2019,8,30,0,29,40.4998000488281,1
2019,8,30,0,29,42.3497998046875,1
2019,8,30,0,29,44.1998000488281,1
2019,8,30,0,29,46.0497998046875,1
2019,8,30,0,29,47.8997998046875,1
2019,8,30,0,29,49.7498000488281,1
2019,8,30,0,29,51.6497998046875,1
2019,8,30,0,29,53.4998000488281,1
2019,8,30,0,29,55.2997998046875,1
2019,8,30,0,29,57.1497998046875,1
2019,8,30,0,29,58.9998000488281,1
2019,8,30,0,30,0.8497998046875,1
2019,8,30,0,30,2.69980004882812,1
2019,8,30,0,30,4.5997998046875,0
2019,8,30,0,30,6.49980004882813,0
2019,8,30,0,30,8.3497998046875,0
2019,8,30,0,30,10.1998000488281,0
2019,8,30,0,30,12.0497998046875,0
2019,8,30,0,30,13.9998000488281,0
2019,8,30,0,30,15.9498000488281,0
2019,8,30,0,30,17.8497998046875,0
2019,8,30,0,30,19.7498000488281,0
2019,8,30,0,30,21.5997998046875,0
2019,8,30,0,30,23.4498000488281,0
2019,8,30,0,30,25.2498000488281,0
2019,8,30,0,30,27.0997998046875,0
2019,8,30,0,30,28.8997998046875,0
2019,8,30,0,30,30.6998000488281,0
2019,8,30,0,30,32.4998000488281,0
2019,8,30,0,30,34.2997998046875,0
2019,8,30,0,30,36.1497998046875,0
2019,8,30,0,30,38.0497998046875,0
2019,8,30,0,30,39.9998000488281,0
2019,8,30,0,30,41.7997998046875,0
2019,8,30,0,30,43.5497998046875,0
2019,8,30,0,30,45.3497998046875,0
2019,8,30,0,30,47.1998000488281,0
2019,8,30,0,30,49.0497998046875,0
2019,8,30,0,30,50.8997998046875,0
2019,8,30,0,30,52.7498000488281,0
2019,8,30,0,30,54.5497998046875,0
2019,8,30,0,30,56.3997998046875,0
2019,8,30,0,30,58.2498000488281,0
2019,8,30,0,31,0.0997998046875,1
2019,8,30,0,31,1.94980004882812,1
2019,8,30,0,31,3.7997998046875,1
2019,8,30,0,31,5.6497998046875,1
2019,8,30,0,31,7.49980004882813,1
2019,8,30,0,31,9.2997998046875,1
2019,8,30,0,31,11.1497998046875,1
2019,8,30,0,31,12.9998000488281,1
2019,8,30,0,31,14.8497998046875,1
2019,8,30,0,31,16.6998000488281,1
2019,8,30,0,31,18.5497998046875,1
2019,8,30,0,31,20.3997998046875,1
2019,8,30,0,31,22.2498000488281,1
2019,8,30,0,31,24.0997998046875,1
2019,8,30,0,31,25.9498000488281,1
2019,8,30,0,31,27.7997998046875,1
2019,8,30,0,31,29.6497998046875,2
2019,8,30,0,31,31.5497998046875,2
2019,8,30,0,31,33.4498000488281,2
2019,8,30,0,31,35.3497998046875,2
2019,8,30,0,31,37.1497998046875,2
2019,8,30,0,31,38.9998000488281,2
2019,8,30,0,31,40.7997998046875,2
2019,8,30,0,31,42.6497998046875,2
2019,8,30,0,31,44.4998000488281,2
2019,8,30,0,31,46.3497998046875,2
2019,8,30,0,31,48.1998000488281,2
2019,8,30,0,31,50.0497998046875,2
2019,8,30,0,31,51.8997998046875,2
2019,8,30,0,31,53.7498000488281,2
2019,8,30,0,31,55.5997998046875,2
2019,8,30,0,31,57.4498000488281,2
2019,8,30,0,31,59.2498000488281,2
2019,8,30,0,32,1.0997998046875,2
2019,8,30,0,32,2.94980004882812,2
2019,8,30,0,32,4.7997998046875,2
2019,8,30,0,32,6.6497998046875,2
2019,8,30,0,32,8.49980004882812,2
2019,8,30,0,32,10.3497998046875,2
2019,8,30,0,32,12.1998000488281,2
2019,8,30,0,32,14.0497998046875,2
2019,8,30,0,32,15.8997998046875,2
2019,8,30,0,32,17.7498000488281,2
2019,8,30,0,32,19.5997998046875,2
2019,8,30,0,32,21.4498000488281,2
2019,8,30,0,32,23.2997998046875,2
2019,8,30,0,32,25.1497998046875,2
2019,8,30,0,32,26.9998000488281,2
2019,8,30,0,32,28.8497998046875,2
2019,8,30,0,32,30.6998000488281,2
2019,8,30,0,32,32.5497998046875,2
2019,8,30,0,32,34.3997998046875,2
2019,8,30,0,32,36.2498000488281,2
2019,8,30,0,32,38.0997998046875,2
2019,8,30,0,32,39.9498000488281,2
2019,8,30,0,32,41.7997998046875,2
2019,8,30,0,32,43.6497998046875,2
2019,8,30,0,32,45.4998000488281,2
2019,8,30,0,32,47.3497998046875,2
2019,8,30,0,32,49.1998000488281,2
2019,8,30,0,32,51.0497998046875,2
2019,8,30,0,32,52.8997998046875,2
2019,8,30,0,32,54.7498000488281,2
2019,8,30,0,32,56.5997998046875,2
2019,8,30,0,32,58.4498000488281,2
2019,8,30,0,33,0.2997998046875,2
2019,8,30,0,33,2.1497998046875,2
2019,8,30,0,33,3.99980004882813,2
2019,8,30,0,33,5.8497998046875,2
2019,8,30,0,33,7.69980004882813,2
2019,8,30,0,33,9.5497998046875,2
2019,8,30,0,33,11.3997998046875,2
2019,8,30,0,33,13.2997998046875,2
2019,8,30,0,33,15.0497998046875,2
2019,8,30,0,33,16.8997998046875,2
2019,8,30,0,33,18.7997998046875,2
2019,8,30,0,33,20.5997998046875,2
2019,8,30,0,33,22.4498000488281,2
2019,8,30,0,33,24.2498000488281,2
2019,8,30,0,33,26.1497998046875,2
2019,8,30,0,33,27.9998000488281,2
2019,8,30,0,33,29.8497998046875,2
2019,8,30,0,33,31.6998000488281,2
2019,8,30,0,33,33.4998000488281,2
2019,8,30,0,33,35.4498000488281,2
2019,8,30,0,33,37.2997998046875,2
2019,8,30,0,33,39.0997998046875,2
2019,8,30,0,33,40.9498000488281,2
2019,8,30,0,33,42.8497998046875,2
2019,8,30,0,33,44.6998000488281,2
2019,8,30,0,33,46.5497998046875,2
2019,8,30,0,33,48.3997998046875,2
2019,8,30,0,33,50.2498000488281,2
2019,8,30,0,33,52.0997998046875,2
2019,8,30,0,33,53.9498000488281,2
2019,8,30,0,33,55.7498000488281,2
2019,8,30,0,33,57.6497998046875,2
2019,8,30,0,33,59.5497998046875,2
2019,8,30,0,34,1.44980004882813,2
2019,8,30,0,34,3.2997998046875,2
2019,8,30,0,34,5.1497998046875,1
2019,8,30,0,34,6.99980004882813,1
2019,8,30,0,34,8.74980004882812,1
2019,8,30,0,34,10.4998000488281,1
2019,8,30,0,34,12.2498000488281,1
2019,8,30,0,34,13.8997998046875,1
2019,8,30,0,34,15.6497998046875,1
2019,8,30,0,34,17.4998000488281,1
2019,8,30,0,34,19.4498000488281,1
2019,8,30,0,34,21.2997998046875,1
2019,8,30,0,34,23.1998000488281,1
2019,8,30,0,34,25.1497998046875,1
2019,8,30,0,34,27.0497998046875,1
2019,8,30,0,34,28.9498000488281,1
2019,8,30,0,34,30.7997998046875,1
2019,8,30,0,34,32.5497998046875,1
2019,8,30,0,34,34.3497998046875,1
2019,8,30,0,34,36.1998000488281,1
2019,8,30,0,34,38.1497998046875,1
2019,8,30,0,34,40.0497998046875,1
2019,8,30,0,34,41.8997998046875,1
2019,8,30,1,11,18.7498000488281,0
2019,8,30,1,11,20.5997998046875,0
2019,8,30,1,11,22.4498000488281,0
2019,8,30,1,11,24.2997998046875,0
2019,8,30,1,11,26.1497998046875,0
2019,8,30,1,11,27.9998000488281,0
2019,8,30,1,11,29.8497998046875,0
2019,8,30,1,11,31.6998000488281,0
2019,8,30,1,11,33.5497998046875,0
2019,8,30,1,11,35.3997998046875,0
2019,8,30,1,11,37.2498000488281,0
2019,8,30,1,11,39.0997998046875,0
2019,8,30,1,11,40.9498000488281,0
2019,8,30,1,11,42.7997998046875,0
2019,8,30,1,11,44.6497998046875,0
2019,8,30,1,11,46.4998000488281,0
2019,8,30,1,11,48.3497998046875,0
2019,8,30,1,11,50.1998000488281,0
2019,8,30,1,11,52.0497998046875,0
2019,8,30,1,11,53.8997998046875,0
2019,8,30,1,11,55.7498000488281,0
2019,8,30,1,11,57.5997998046875,0
2019,8,30,1,11,59.4498000488281,0
2019,8,30,1,12,1.2997998046875,0
2019,8,30,1,12,3.1497998046875,0
2019,8,30,1,12,4.99980004882813,0
2019,8,30,1,12,6.8497998046875,0
2019,8,30,1,12,8.69980004882813,0
2019,8,30,1,12,10.5497998046875,0
2019,8,30,1,12,12.3997998046875,0
2019,8,30,1,12,14.2498000488281,0
2019,8,30,1,12,16.0997998046875,0
2019,8,30,1,12,17.9498000488281,0
2019,8,30,1,12,19.7997998046875,0
2019,8,30,1,12,21.6497998046875,0
2019,8,30,1,12,23.4998000488281,0
2019,8,30,1,12,25.3497998046875,0
2019,8,30,1,12,27.1998000488281,0
2019,8,30,1,12,29.0497998046875,0
2019,8,30,1,12,30.8997998046875,0
2019,8,30,1,12,32.7498000488281,0
2019,8,30,1,12,34.5997998046875,0
2019,8,30,1,12,36.4498000488281,0
2019,8,30,1,12,38.2997998046875,0
2019,8,30,1,12,40.1497998046875,0
2019,8,30,1,12,41.9998000488281,0
2019,8,30,1,12,43.8497998046875,0
2019,8,30,1,12,45.6998000488281,0
2019,8,30,1,12,47.5497998046875,0
2019,8,30,1,12,49.3997998046875,0
2019,8,30,1,12,51.2498000488281,0
2019,8,30,1,12,53.0997998046875,0
2019,8,30,1,12,54.9498000488281,0
2019,8,30,1,12,56.7997998046875,0
2019,8,30,1,12,58.6497998046875,0
2019,8,30,1,13,0.499800048828125,0
2019,8,30,1,13,2.3497998046875,0
2019,8,30,1,13,4.19980004882813,0
2019,8,30,1,13,6.0497998046875,0
2019,8,30,1,13,7.8997998046875,0
2019,8,30,1,13,9.74980004882812,0
2019,8,30,1,13,11.5997998046875,0
2019,8,30,1,13,13.4498000488281,0
2019,8,30,1,13,15.2997998046875,0
2019,8,30,1,13,17.1497998046875,0
2019,8,30,1,13,18.9998000488281,0
2019,8,30,1,13,20.8497998046875,0
2019,8,30,1,13,22.6998000488281,0
2019,8,30,1,13,24.5497998046875,0
2019,8,30,1,13,26.3997998046875,0
2019,8,30,1,13,28.2498000488281,0
2019,8,30,1,13,30.0997998046875,0
2019,8,30,1,13,31.9498000488281,0
2019,8,30,1,13,33.7997998046875,0
2019,8,30,1,13,35.6497998046875,0
2019,8,30,1,13,37.4998000488281,0
2019,8,30,1,13,39.3497998046875,0
2019,8,30,1,13,41.1998000488281,0
2019,8,30,1,13,43.0497998046875,0
2019,8,30,1,13,44.8997998046875,0
2019,8,30,1,13,46.7498000488281,0
2019,8,30,1,13,48.5997998046875,0
2019,8,30,1,13,50.4498000488281,0
2019,8,30,1,13,52.2997998046875,0
2019,8,30,1,13,54.1497998046875,0
2019,8,30,1,13,55.9998000488281,0
2019,8,30,1,13,57.8497998046875,0
2019,8,30,1,13,59.6998000488281,0
2019,8,30,1,14,1.5497998046875,0
2019,8,30,1,14,3.3997998046875,0
2019,8,30,1,14,5.24980004882813,0
2019,8,30,1,14,7.0997998046875,0
2019,8,30,1,14,8.94980004882813,0
2019,8,30,1,14,10.7997998046875,0
2019,8,30,1,14,12.6497998046875,0
2019,8,30,1,14,14.4998000488281,0
2019,8,30,1,14,16.3497998046875,0
2019,8,30,1,14,18.1998000488281,0
2019,8,30,1,14,20.0497998046875,0
2019,8,30,1,14,21.8997998046875,0
2019,8,30,1,14,23.7498000488281,0
2019,8,30,1,14,25.5997998046875,0
2019,8,30,1,14,27.4498000488281,0
2019,8,30,1,14,29.2997998046875,0
2019,8,30,1,14,31.1497998046875,0
2019,8,30,1,14,32.9998000488281,0
2019,8,30,1,14,34.8497998046875,0
2019,8,30,1,14,36.6998000488281,0
2019,8,30,1,14,38.5497998046875,0
2019,8,30,1,14,40.3997998046875,0
2019,8,30,1,14,42.2498000488281,0
2019,8,30,1,14,44.0997998046875,0
2019,8,30,1,14,45.9498000488281,0
2019,8,30,1,14,47.7997998046875,0
2019,8,30,1,14,49.6497998046875,0
2019,8,30,1,14,51.4998000488281,0
2019,8,30,1,14,53.3497998046875,0
2019,8,30,1,14,55.1998000488281,0
2019,8,30,1,14,57.0497998046875,0
2019,8,30,1,14,58.8997998046875,0
2019,8,30,1,15,0.749800048828125,0
2019,8,30,1,15,2.5997998046875,0
2019,8,30,1,15,4.44980004882813,0
2019,8,30,1,15,6.2997998046875,0
2019,8,30,1,15,8.1497998046875,0
2019,8,30,1,15,9.99980004882812,0
2019,8,30,1,15,11.8497998046875,0
2019,8,30,1,15,13.6998000488281,0
2019,8,30,1,15,15.5497998046875,0
2019,8,30,1,15,17.3997998046875,0
2019,8,30,1,15,19.2498000488281,0
2019,8,30,1,15,21.0997998046875,0
2019,8,30,1,15,22.9498000488281,0
2019,8,30,1,15,24.7997998046875,0
2019,8,30,1,15,26.6497998046875,0
2019,8,30,1,15,28.4998000488281,0
2019,8,30,1,15,30.3497998046875,0
2019,8,30,1,15,32.1998000488281,0
2019,8,30,1,15,34.0497998046875,0
2019,8,30,1,15,35.8997998046875,0
2019,8,30,1,15,37.7498000488281,0
2019,8,30,1,15,39.5997998046875,0
2019,8,30,1,15,41.4498000488281,0
2019,8,30,1,15,43.2997998046875,0
2019,8,30,1,15,45.1497998046875,0
2019,8,30,1,15,46.9998000488281,0
2019,8,30,1,15,48.8497998046875,0
2019,8,30,1,15,50.6998000488281,0
2019,8,30,1,15,52.5497998046875,0
2019,8,30,1,15,54.3997998046875,0
2019,8,30,1,15,56.2498000488281,0
2019,8,30,1,15,58.0997998046875,0
2019,8,30,1,15,59.9498000488281,0
2019,8,30,1,16,1.7997998046875,0
2019,8,30,1,16,3.6497998046875,0
2019,8,30,1,16,5.49980004882813,0
2019,8,30,1,16,7.3497998046875,0
2019,8,30,1,16,9.19980004882813,0
2019,8,30,1,16,11.0497998046875,0
2019,8,30,1,16,12.8997998046875,0
2019,8,30,1,16,14.7498000488281,0
2019,8,30,1,16,16.5997998046875,0
2019,8,30,1,16,18.4498000488281,0
2019,8,30,1,16,20.2997998046875,0
2019,8,30,1,16,22.1497998046875,0
2019,8,30,1,16,23.9998000488281,0
2019,8,30,1,16,25.8497998046875,0
2019,8,30,1,16,27.6998000488281,0
2019,8,30,1,16,29.5497998046875,0
2019,8,30,1,16,31.3997998046875,1
2019,8,30,1,16,33.2498000488281,1
2019,8,30,1,16,35.0997998046875,1
2019,8,30,1,16,36.8997998046875,1
2019,8,30,1,16,38.7997998046875,1
2019,8,30,1,16,40.6998000488281,1
2019,8,30,1,16,42.5497998046875,1
2019,8,30,1,16,44.3997998046875,1
2019,8,30,1,16,46.1998000488281,1
2019,8,30,1,16,48.0497998046875,1
2019,8,30,1,16,49.8997998046875,1
2019,8,30,1,16,51.7498000488281,1
2019,8,30,1,16,53.5497998046875,1
2019,8,30,1,16,55.4498000488281,1
2019,8,30,1,16,57.2997998046875,1
2019,8,30,1,16,59.1497998046875,1
2019,8,30,1,17,0.999800048828125,1
2019,8,30,1,17,2.8497998046875,1
2019,8,30,1,17,4.69980004882813,1
2019,8,30,1,17,6.5497998046875,1
2019,8,30,1,17,8.3997998046875,1
2019,8,30,1,17,10.2498000488281,1
2019,8,30,1,17,12.0997998046875,1
2019,8,30,1,17,13.7997998046875,1
2019,8,30,1,17,15.3997998046875,1
2019,8,30,1,17,17.0997998046875,1
2019,8,30,1,17,18.9498000488281,1
2019,8,30,1,17,20.7997998046875,1
2019,8,30,1,17,22.6497998046875,1
2019,8,30,1,17,24.4998000488281,1
2019,8,30,1,17,26.3997998046875,1
2019,8,30,1,17,28.2498000488281,1
2019,8,30,1,17,30.0497998046875,1
2019,8,30,1,17,31.9498000488281,1
2019,8,30,1,17,33.7997998046875,1
2019,8,30,1,17,35.5997998046875,1
2019,8,30,1,17,37.4498000488281,1
2019,8,30,1,17,39.3497998046875,1
2019,8,30,1,17,41.1998000488281,1
2019,8,30,1,17,43.0497998046875,1
2019,8,30,1,17,44.8997998046875,1
2019,8,30,1,17,46.7498000488281,1
2019,8,30,1,17,48.5997998046875,1
2019,8,30,1,17,50.4498000488281,1
2019,8,30,1,17,52.2997998046875,0
2019,8,30,1,17,54.1497998046875,0
2019,8,30,1,17,55.9998000488281,0
2019,8,30,1,17,57.8497998046875,1
2019,8,30,1,17,59.6998000488281,1
2019,8,30,1,18,1.5497998046875,1
2019,8,30,1,18,3.3997998046875,1
2019,8,30,1,18,5.24980004882813,1
2019,8,30,1,18,7.0997998046875,1
2019,8,30,1,18,8.94980004882813,1
2019,8,30,1,18,10.7997998046875,2
2019,8,30,1,18,12.6497998046875,2
2019,8,30,1,18,14.4998000488281,2
2019,8,30,1,18,16.3497998046875,2
2019,8,30,1,18,18.1998000488281,2
2019,8,30,1,18,20.0497998046875,2
2019,8,30,1,18,21.8997998046875,2
2019,8,30,1,18,23.7498000488281,2
2019,8,30,1,18,25.5497998046875,2
2019,8,30,1,18,27.4498000488281,2
2019,8,30,1,18,29.2997998046875,2
2019,8,30,1,18,31.0997998046875,2
2019,8,30,1,18,32.9998000488281,2
2019,8,30,1,18,34.8497998046875,2
2019,8,30,1,18,36.6998000488281,2
2019,8,30,1,18,38.5497998046875,2
2019,8,30,1,18,40.3997998046875,2
2019,8,30,1,18,42.2498000488281,2
2019,8,30,1,18,44.0997998046875,2
2019,8,30,1,18,45.9498000488281,2
2019,8,30,1,18,47.7498000488281,2
2019,8,30,1,18,49.5997998046875,2
2019,8,30,1,18,51.4998000488281,2
2019,8,30,1,18,53.3497998046875,2
2019,8,30,1,18,55.1998000488281,2
2019,8,30,1,18,57.0497998046875,0
2019,8,30,1,18,58.8997998046875,0
2019,8,30,1,19,0.749800048828125,0
2019,8,30,1,19,2.5997998046875,0
2019,8,30,1,19,4.44980004882813,0
2019,8,30,1,19,6.2997998046875,0
2019,8,30,1,19,8.1497998046875,0
2019,8,30,1,19,9.99980004882812,0
2019,8,30,1,19,11.8497998046875,0
2019,8,30,1,19,13.7498000488281,0
2019,8,30,1,19,15.6497998046875,0
2019,8,30,1,19,17.5997998046875,0
2019,8,30,1,19,19.4998000488281,0
2019,8,30,1,19,21.3997998046875,0
2019,8,30,1,19,23.1497998046875,0
2019,8,30,1,19,24.9498000488281,0
2019,8,30,1,19,26.8497998046875,0
2019,8,30,1,19,28.7498000488281,0
2019,8,30,1,19,30.5997998046875,0
2019,8,30,1,19,32.3997998046875,0
2019,8,30,1,19,34.1998000488281,0
2019,8,30,1,19,36.0497998046875,0
2019,8,30,1,19,37.9498000488281,0
2019,8,30,1,19,39.8997998046875,0
2019,8,30,1,19,41.7498000488281,0
2019,8,30,1,19,43.6497998046875,0
2019,8,30,1,19,45.4998000488281,0
2019,8,30,1,19,47.3997998046875,0
2019,8,30,1,19,49.2498000488281,0
2019,8,30,1,19,51.0997998046875,1
2019,8,30,1,19,52.9498000488281,1
2019,8,30,1,19,54.7997998046875,1
2019,8,30,1,19,56.6998000488281,1
2019,8,30,1,19,58.5497998046875,1
2019,8,30,1,20,0.3997998046875,1
2019,8,30,1,20,2.24980004882813,1
2019,8,30,1,20,4.0997998046875,1
2019,8,30,1,20,5.94980004882813,1
2019,8,30,1,20,7.7997998046875,1
2019,8,30,1,20,9.69980004882813,1
2019,8,30,1,20,11.4998000488281,1
2019,8,30,1,20,13.3997998046875,1
2019,8,30,1,20,15.2498000488281,1
2019,8,30,1,20,17.0997998046875,1
2019,8,30,1,20,18.9498000488281,1
2019,8,30,1,20,20.7997998046875,1
2019,8,30,1,20,22.6497998046875,1
2019,8,30,1,20,24.4498000488281,1
2019,8,30,1,20,26.3497998046875,1
2019,8,30,1,20,28.1998000488281,1
2019,8,30,1,20,30.0497998046875,1
2019,8,30,1,20,31.8497998046875,1
2019,8,30,1,20,33.6998000488281,1
2019,8,30,1,20,35.5997998046875,1
2019,8,30,1,20,37.4498000488281,1
2019,8,30,1,20,39.2498000488281,1
2019,8,30,1,20,41.1497998046875,1
2019,8,30,1,20,42.9998000488281,1
2019,8,30,1,20,44.8497998046875,1
2019,8,30,1,20,46.6497998046875,1
2019,8,30,1,20,48.5497998046875,1
2019,8,30,1,20,50.3997998046875,1
2019,8,30,1,20,52.2498000488281,1
2019,8,30,1,20,54.0997998046875,1
2019,8,30,1,20,55.9498000488281,1
2019,8,30,1,20,57.7997998046875,1
2019,8,30,1,20,59.6998000488281,1
2019,8,30,1,21,1.5497998046875,1
2019,8,30,1,21,3.3997998046875,1
2019,8,30,1,21,5.19980004882813,1
2019,8,30,1,21,7.0497998046875,1
2019,8,30,1,21,8.8997998046875,1
2019,8,30,1,21,10.7498000488281,1
2019,8,30,1,21,12.5997998046875,1
2019,8,30,1,21,14.4498000488281,1
2019,8,30,1,21,16.2997998046875,1
2019,8,30,1,21,18.1497998046875,1
2019,8,30,1,21,19.9998000488281,1
2019,8,30,1,21,21.8497998046875,1
2019,8,30,1,21,23.6998000488281,1
2019,8,30,1,21,25.5497998046875,1
2019,8,30,1,21,27.3997998046875,1
2019,8,30,1,21,29.2498000488281,1
2019,8,30,1,21,31.0997998046875,1
2019,8,30,1,21,32.9498000488281,1
2019,8,30,1,21,34.7997998046875,1
2019,8,30,1,21,36.6497998046875,1
2019,8,30,1,21,38.4998000488281,1
2019,8,30,1,21,40.3497998046875,1
2019,8,30,1,21,42.1998000488281,1
2019,8,30,1,21,44.0497998046875,1
2019,8,30,1,21,45.8997998046875,1
2019,8,30,1,21,47.7498000488281,1
2019,8,30,1,21,49.5997998046875,1
2019,8,30,1,21,51.4498000488281,1
2019,8,30,1,21,53.2997998046875,1
2019,8,30,1,21,55.1497998046875,1
2019,8,30,1,21,56.9998000488281,1
2019,8,30,1,21,58.8497998046875,1
2019,8,30,1,22,0.699800048828125,1
2019,8,30,1,22,2.5497998046875,1
2019,8,30,1,22,4.3997998046875,1
2019,8,30,1,22,6.24980004882813,1
2019,8,30,1,22,8.0497998046875,1
2019,8,30,1,22,9.94980004882813,1
2019,8,30,1,22,11.7498000488281,1
2019,8,30,1,22,13.5997998046875,1
2019,8,30,1,22,15.4498000488281,1
2019,8,30,1,22,17.2997998046875,1
2019,8,30,1,22,19.1497998046875,1
2019,8,30,1,22,21.0497998046875,1
2019,8,30,1,22,22.8997998046875,1
2019,8,30,1,22,24.6998000488281,1
2019,8,30,1,22,26.5497998046875,1
2019,8,30,1,22,28.3997998046875,1
2019,8,30,1,22,30.2997998046875,1
2019,8,30,1,22,32.1497998046875,1
2019,8,30,1,22,33.9998000488281,1
2019,8,30,1,22,35.8497998046875,1
2019,8,30,1,22,37.6998000488281,1
2019,8,30,1,22,39.5497998046875,1
2019,8,30,1,22,41.3997998046875,1
2019,8,30,1,22,43.2498000488281,1
2019,8,30,1,23,19.9998000488281,1
2019,8,30,1,23,21.8497998046875,1
2019,8,30,1,23,23.7498000488281,1
2019,8,30,1,23,25.5997998046875,1
2019,8,30,1,23,27.4498000488281,1
2019,8,30,1,23,29.2997998046875,1
2019,8,30,1,23,31.1497998046875,1
2019,8,30,1,23,32.9998000488281,1
2019,8,30,1,23,34.8497998046875,1
2019,8,30,1,23,36.6998000488281,1
2019,8,30,1,23,38.4998000488281,1
2019,8,30,1,23,40.3497998046875,1
2019,8,30,1,23,42.1998000488281,1
2019,8,30,1,23,44.0497998046875,1
2019,8,30,1,23,45.8997998046875,1
2019,8,30,1,23,47.7498000488281,1
2019,8,30,1,23,49.5997998046875,1
2019,8,30,1,23,51.4498000488281,1
2019,8,30,1,23,53.2997998046875,1
2019,8,30,1,23,55.1497998046875,1
2019,8,30,1,23,56.9998000488281,1
2019,8,30,1,23,58.8497998046875,1
2019,8,30,1,24,0.699800048828125,1
2019,8,30,1,24,2.5497998046875,1
2019,8,30,1,24,4.3997998046875,1
2019,8,30,1,24,6.24980004882813,1
2019,8,30,1,24,8.0497998046875,1
2019,8,30,1,24,9.94980004882813,1
2019,8,30,1,24,11.7997998046875,1
2019,8,30,1,24,13.6497998046875,1
2019,8,30,1,24,15.4998000488281,1
2019,8,30,1,24,17.3497998046875,1
2019,8,30,1,24,19.1998000488281,1
2019,8,30,1,24,21.0497998046875,1
2019,8,30,1,24,22.8997998046875,1
2019,8,30,1,24,24.7498000488281,1
2019,8,30,1,24,26.5997998046875,1
2019,8,30,1,24,28.4498000488281,1
2019,8,30,1,24,30.2997998046875,1
2019,8,30,1,24,32.1497998046875,1
2019,8,30,1,24,33.9998000488281,1
2019,8,30,1,24,35.8497998046875,1
2019,8,30,1,24,37.6998000488281,0
2019,8,30,1,24,39.5497998046875,0
2019,8,30,1,24,41.3997998046875,0
2019,8,30,1,24,43.2498000488281,0
2019,8,30,1,24,45.0997998046875,0
2019,8,30,1,24,46.9498000488281,0
2019,8,30,1,24,48.7997998046875,0
2019,8,30,1,24,50.6497998046875,0
2019,8,30,1,24,52.4998000488281,0
2019,8,30,1,24,54.3497998046875,0
2019,8,30,1,24,56.1998000488281,0
2019,8,30,1,24,58.0497998046875,0
2019,8,30,1,24,59.8997998046875,0
2019,8,30,1,25,1.74980004882813,0
2019,8,30,1,25,3.5997998046875,0
2019,8,30,1,25,5.44980004882813,0
2019,8,30,1,25,7.2997998046875,0
2019,8,30,1,25,9.1497998046875,0
2019,8,30,1,25,10.9998000488281,0
2019,8,30,1,25,12.8497998046875,0
2019,8,30,1,25,14.6998000488281,0
2019,8,30,1,25,16.5497998046875,0
2019,8,30,1,25,18.3997998046875,0
2019,8,30,1,25,20.2498000488281,0
2019,8,30,1,25,22.0997998046875,0
2019,8,30,1,25,23.9498000488281,0
2019,8,30,1,25,25.7997998046875,0
2019,8,30,1,25,27.6497998046875,0
2019,8,30,1,25,29.4998000488281,0
2019,8,30,1,25,31.3497998046875,0
2019,8,30,1,25,33.1998000488281,0
2019,8,30,1,25,35.0497998046875,0
2019,8,30,1,25,36.8997998046875,0
2019,8,30,1,25,38.7498000488281,0
2019,8,30,1,25,40.5997998046875,0
2019,8,30,1,25,42.4498000488281,0
2019,8,30,1,25,44.2997998046875,0
2019,8,30,1,25,46.1497998046875,0
2019,8,30,1,25,47.9998000488281,0
2019,8,30,1,25,49.8497998046875,0
2019,8,30,1,25,51.6998000488281,0
2019,8,30,1,25,53.5497998046875,0
2019,8,30,1,25,55.3997998046875,0
2019,8,30,1,25,57.2498000488281,0
2019,8,30,1,25,59.0997998046875,0
2019,8,30,1,26,0.949800048828125,0
2019,8,30,1,26,2.7997998046875,0
2019,8,30,1,26,4.6497998046875,0
2019,8,30,1,26,6.49980004882813,0
2019,8,30,1,26,8.3497998046875,0
2019,8,30,1,26,10.1998000488281,0
2019,8,30,1,26,12.0497998046875,0
2019,8,30,1,26,13.8997998046875,0
2019,8,30,1,26,15.7498000488281,0
2019,8,30,1,26,17.5997998046875,0
2019,8,30,1,26,19.4498000488281,0
2019,8,30,1,26,21.2997998046875,0
2019,8,30,1,26,23.1497998046875,0
2019,8,30,1,26,24.9998000488281,0
2019,8,30,1,26,26.8497998046875,0
2019,8,30,1,26,28.6998000488281,0
2019,8,30,1,26,30.5497998046875,0
2019,8,30,1,26,32.3997998046875,0
2019,8,30,1,26,34.2498000488281,0
2019,8,30,1,26,36.0997998046875,0
2019,8,30,1,26,37.9498000488281,0
2019,8,30,1,26,39.7997998046875,0
2019,8,30,1,26,41.6497998046875,0
2019,8,30,1,26,43.4998000488281,0
2019,8,30,1,26,45.3497998046875,0
2019,8,30,1,26,47.1998000488281,0
2019,8,30,1,26,49.0497998046875,0
2019,8,30,1,26,50.8997998046875,0
2019,8,30,1,26,52.7498000488281,0
2019,8,30,1,26,54.5997998046875,0
2019,8,30,1,26,56.4498000488281,0
2019,8,30,1,26,58.2997998046875,0
2019,8,30,1,27,0.1497998046875,0
2019,8,30,1,27,1.99980004882813,0
2019,8,30,1,27,3.8497998046875,0
2019,8,30,1,27,5.69980004882813,0
2019,8,30,1,27,7.5497998046875,0
2019,8,30,1,27,9.3997998046875,0
2019,8,30,1,27,11.2498000488281,0
2019,8,30,1,27,13.0997998046875,0
2019,8,30,1,27,14.9498000488281,0
2019,8,30,1,27,16.7997998046875,0
2019,8,30,1,27,18.6497998046875,0
2019,8,30,1,27,20.4998000488281,0
2019,8,30,1,27,22.3497998046875,0
2019,8,30,1,27,24.1998000488281,0
2019,8,30,1,27,26.0497998046875,0
2019,8,30,1,27,27.8997998046875,0
2019,8,30,1,27,29.7498000488281,0
2019,8,30,1,27,31.5997998046875,0
2019,8,30,1,27,33.4498000488281,0
2019,8,30,1,27,35.2997998046875,0
2019,8,30,1,27,37.1497998046875,0
2019,8,30,1,27,38.9998000488281,0
2019,8,30,1,27,40.8497998046875,0
2019,8,30,1,27,42.6998000488281,0
2019,8,30,1,27,44.5497998046875,0
2019,8,30,1,27,46.3997998046875,0
2019,8,30,1,27,48.2498000488281,0
2019,8,30,1,27,50.0997998046875,0
2019,8,30,1,27,51.9498000488281,0
2019,8,30,1,27,53.7997998046875,0
2019,8,30,1,27,55.6497998046875,0
2019,8,30,1,27,57.4998000488281,0
2019,8,30,1,27,59.3497998046875,0
2019,8,30,1,28,1.19980004882813,0
2019,8,30,1,28,3.0497998046875,0
2019,8,30,1,28,4.8997998046875,0
2019,8,30,1,28,6.74980004882813,0
2019,8,30,1,28,8.5997998046875,0
2019,8,30,1,28,10.4498000488281,0
2019,8,30,1,28,12.2997998046875,0
2019,8,30,1,28,14.1497998046875,0
2019,8,30,1,28,15.9998000488281,0
2019,8,30,1,28,17.8497998046875,0
2019,8,30,1,28,19.6998000488281,0
2019,8,30,1,28,21.5497998046875,0
2019,8,30,1,28,23.3997998046875,0
2019,8,30,1,28,25.2498000488281,0
2019,8,30,1,28,27.0997998046875,0
2019,8,30,1,28,28.9498000488281,0
2019,8,30,1,28,30.7997998046875,0
2019,8,30,1,28,32.6497998046875,0
2019,8,30,1,28,34.4998000488281,0
2019,8,30,1,28,36.3497998046875,0
2019,8,30,1,28,38.1998000488281,0
2019,8,30,1,28,40.0497998046875,0
2019,8,30,1,28,41.8997998046875,0
2019,8,30,1,28,43.7498000488281,1
2019,8,30,1,28,45.5997998046875,2
2019,8,30,1,28,47.4498000488281,2
2019,8,30,1,28,49.2997998046875,2
2019,8,30,1,28,51.1497998046875,2
2019,8,30,1,28,52.9998000488281,2
2019,8,30,1,28,54.8497998046875,2
2019,8,30,1,28,56.6998000488281,2
2019,8,30,1,28,58.5497998046875,2
2019,8,30,1,29,0.3997998046875,2
2019,8,30,1,29,2.24980004882813,2
2019,8,30,1,29,4.0997998046875,2
2019,8,30,1,29,5.94980004882813,2
2019,8,30,1,29,7.7997998046875,2
2019,8,30,1,29,9.6497998046875,2
2019,8,30,1,29,11.4498000488281,2
2019,8,30,1,29,13.3497998046875,2
2019,8,30,1,29,15.1998000488281,2
2019,8,30,1,29,17.0497998046875,2
2019,8,30,1,29,18.8997998046875,2
2019,8,30,1,29,20.7498000488281,2
2019,8,30,1,29,22.5997998046875,2
2019,8,30,1,29,24.4498000488281,2
2019,8,30,1,29,26.2498000488281,2
2019,8,30,1,29,28.0997998046875,2
2019,8,30,1,29,29.9998000488281,2
2019,8,30,1,29,31.8997998046875,2
2019,8,30,1,29,33.6497998046875,2
2019,8,30,1,29,35.4998000488281,2
2019,8,30,1,29,37.3997998046875,2
2019,8,30,1,29,39.1497998046875,2
2019,8,30,1,29,41.0497998046875,2
2019,8,30,1,29,42.9998000488281,2
2019,8,30,1,29,44.8497998046875,2
2019,8,30,1,29,46.6497998046875,2
2019,8,30,1,29,48.4998000488281,2
2019,8,30,1,29,50.3497998046875,2
2019,8,30,1,29,52.2498000488281,2
2019,8,30,1,29,54.0497998046875,2
2019,8,30,1,29,55.8997998046875,2
2019,8,30,1,29,57.7997998046875,2
2019,8,30,1,29,59.6497998046875,2
2019,8,30,1,30,1.49980004882813,0
2019,8,30,1,30,3.3497998046875,0
2019,8,30,1,30,5.1497998046875,0
2019,8,30,1,30,6.99980004882813,0
2019,8,30,1,30,8.8497998046875,0
2019,8,30,1,30,10.6998000488281,0
2019,8,30,1,30,12.5497998046875,0
2019,8,30,1,30,14.3997998046875,0
2019,8,30,1,30,16.2498000488281,0
2019,8,30,1,30,18.0997998046875,0
2019,8,30,1,30,19.9498000488281,0
2019,8,30,1,30,21.7997998046875,0
2019,8,30,1,30,23.6497998046875,0
2019,8,30,1,30,25.4998000488281,0
2019,8,30,1,30,27.3497998046875,0
2019,8,30,1,30,29.1998000488281,0
2019,8,30,1,30,31.0497998046875,0
2019,8,30,1,30,32.8997998046875,0
2019,8,30,1,30,34.7498000488281,0
2019,8,30,1,30,36.5997998046875,0
2019,8,30,1,30,38.4498000488281,0
2019,8,30,1,30,40.2997998046875,0
2019,8,30,1,30,42.1497998046875,0
2019,8,30,1,30,43.9998000488281,0
2019,8,30,1,30,45.8497998046875,0
2019,8,30,1,30,47.6998000488281,0
2019,8,30,1,30,49.5497998046875,0
2019,8,30,1,30,51.3997998046875,0
2019,8,30,1,30,53.2498000488281,0
2019,8,30,1,30,55.0997998046875,0
2019,8,30,1,30,56.9498000488281,0
2019,8,30,1,30,58.7997998046875,0
2019,8,30,1,31,0.6497998046875,0
2019,8,30,1,31,2.49980004882813,0
2019,8,30,1,31,4.3497998046875,0
2019,8,30,1,31,6.19980004882813,0
2019,8,30,1,31,8.0497998046875,0
2019,8,30,1,31,9.8997998046875,0
2019,8,30,1,31,11.7498000488281,0
2019,8,30,1,31,13.5997998046875,0
2019,8,30,1,31,15.4498000488281,0
2019,8,30,1,31,17.2997998046875,0
2019,8,30,1,31,19.1497998046875,0
2019,8,30,1,31,21.1998000488281,0
2019,8,30,1,31,23.1998000488281,0
2019,8,30,1,31,24.9498000488281,0
2019,8,30,1,31,26.7498000488281,0
2019,8,30,1,31,28.6497998046875,0
2019,8,30,1,31,30.5497998046875,0
2019,8,30,1,31,32.3997998046875,0
2019,8,30,1,31,34.2498000488281,0
2019,8,30,1,31,36.1497998046875,0
2019,8,30,1,31,37.9998000488281,0
2019,8,30,1,31,39.7997998046875,0
2019,8,30,1,31,41.6497998046875,0
2019,8,30,1,31,43.5997998046875,1
2019,8,30,1,31,45.4498000488281,1
2019,8,30,1,31,47.2997998046875,1
2019,8,30,1,31,49.1497998046875,1
2019,8,30,1,31,50.9998000488281,1
2019,8,30,1,31,52.8497998046875,1
2019,8,30,1,31,54.6998000488281,1
2019,8,30,1,31,56.5497998046875,1
2019,8,30,1,31,58.3997998046875,1
2019,8,30,1,32,0.249800048828125,1
2019,8,30,1,32,2.0997998046875,1
2019,8,30,1,32,3.94980004882812,1
2019,8,30,1,32,5.7997998046875,1
2019,8,30,1,32,7.6497998046875,1
2019,8,30,1,32,9.49980004882812,1
2019,8,30,1,32,11.3497998046875,1
2019,8,30,1,32,13.1998000488281,0
2019,8,30,1,32,15.0497998046875,0
2019,8,30,1,32,16.8497998046875,0
2019,8,30,1,32,18.5997998046875,0
2019,8,30,1,32,20.2997998046875,0
2019,8,30,1,32,21.9998000488281,0
2019,8,30,1,32,23.7997998046875,0
2019,8,30,1,32,25.6998000488281,0
2019,8,30,1,32,27.5997998046875,0
2019,8,30,1,32,29.4498000488281,0
2019,8,30,1,32,31.2498000488281,0
2019,8,30,1,32,33.0997998046875,0
2019,8,30,1,32,34.9998000488281,0
2019,8,30,1,32,36.8497998046875,0
2019,8,30,1,32,38.6497998046875,0
2019,8,30,1,32,40.4998000488281,0
2019,8,30,1,32,42.3497998046875,0
2019,8,30,1,32,44.1998000488281,0
2019,8,30,1,32,46.0997998046875,0
2019,8,30,1,32,47.9498000488281,0
2019,8,30,1,32,49.7997998046875,0
2019,8,30,1,32,51.5997998046875,0
2019,8,30,1,32,53.4998000488281,0
2019,8,30,1,32,55.3497998046875,0
2019,8,30,1,32,57.1998000488281,0
2019,8,30,1,32,59.0497998046875,0
2019,8,30,1,33,0.8997998046875,0
2019,8,30,1,33,2.74980004882813,0
2019,8,30,1,33,4.5997998046875,0
2019,8,30,1,33,6.44980004882813,0
2019,8,30,1,33,8.2997998046875,0
2019,8,30,1,33,10.1497998046875,0
2019,8,30,1,33,11.9998000488281,0
2019,8,30,1,33,13.8497998046875,0
2019,8,30,1,33,15.6998000488281,0
2019,8,30,1,33,17.5497998046875,0
2019,8,30,1,33,19.3997998046875,0
2019,8,30,1,33,21.2498000488281,0
2019,8,30,1,33,23.0997998046875,0
2019,8,30,1,33,24.9498000488281,0
2019,8,30,1,33,26.7997998046875,0
2019,8,30,1,33,28.6497998046875,0
2019,8,30,1,33,30.4998000488281,0
2019,8,30,1,33,32.3497998046875,0
2019,8,30,1,33,34.1998000488281,0
2019,8,30,1,33,36.0497998046875,0
2019,8,30,1,33,37.8997998046875,0
2019,8,30,1,33,39.6998000488281,0
2019,8,30,1,33,41.5997998046875,0
2019,8,30,1,33,43.4498000488281,0
2019,8,30,1,33,45.2997998046875,0
2019,8,30,1,33,47.1497998046875,0
2019,8,30,1,33,48.9998000488281,0
2019,8,30,1,33,50.8497998046875,0
2019,8,30,1,33,52.6998000488281,0
2019,8,30,1,33,54.5497998046875,0
2019,8,30,1,33,56.3997998046875,0
2019,8,30,1,33,58.2498000488281,0
2019,8,30,1,34,0.0997998046875,0
2019,8,30,1,34,1.99980004882813,0
2019,8,30,1,34,3.8497998046875,0
2019,8,30,1,34,5.69980004882813,0
2019,8,30,1,34,7.5497998046875,0
2019,8,30,1,34,9.3997998046875,0
2019,8,30,1,34,11.1998000488281,0
2019,8,30,1,34,13.0497998046875,0
2019,8,30,1,34,14.8997998046875,0
2019,8,30,1,34,16.7498000488281,0
2019,8,30,1,34,18.5997998046875,0
2019,8,30,1,34,20.4498000488281,0
2019,8,30,1,34,22.2997998046875,0
2019,8,30,1,34,24.1497998046875,0
2019,8,30,1,34,25.9998000488281,0
2019,8,30,1,34,27.8497998046875,0
2019,8,30,1,34,29.6998000488281,0
2019,8,30,1,34,31.5497998046875,0
2019,8,30,1,34,33.3997998046875,0
2019,8,30,1,34,35.2498000488281,0
2019,8,30,1,34,37.0997998046875,0
2019,8,30,1,34,38.9498000488281,0
2019,8,30,1,34,40.7997998046875,0
2019,8,30,4,32,32.2498000488281,1
2019,8,30,4,32,34.0997998046875,1
2019,8,30,4,32,35.9498000488281,1
2019,8,30,4,32,37.7997998046875,1
2019,8,30,4,32,39.6497998046875,1
2019,8,30,4,32,41.4998000488281,1
2019,8,30,4,32,43.3497998046875,1
2019,8,30,4,32,45.1998000488281,1
2019,8,30,4,32,47.0497998046875,1
2019,8,30,4,32,48.8997998046875,1
2019,8,30,4,32,50.7498000488281,1
2019,8,30,4,32,52.5997998046875,1
2019,8,30,4,32,54.4498000488281,1
2019,8,30,4,32,56.2997998046875,1
2019,8,30,4,32,58.1497998046875,1
2019,8,30,4,32,59.9998000488281,1
2019,8,30,4,33,1.8497998046875,1
2019,8,30,4,33,3.69980004882812,1
2019,8,30,4,33,5.5497998046875,1
2019,8,30,4,33,7.3997998046875,1
2019,8,30,4,33,9.24980004882812,1
2019,8,30,4,33,11.0997998046875,1
2019,8,30,4,33,12.9498000488281,1
2019,8,30,4,33,14.7997998046875,1
2019,8,30,4,33,16.6497998046875,1
2019,8,30,4,33,18.4998000488281,1
2019,8,30,4,33,20.3497998046875,1
2019,8,30,4,33,22.1998000488281,1
2019,8,30,4,33,24.0497998046875,1
2019,8,30,4,33,25.8997998046875,1
2019,8,30,4,33,27.7498000488281,1
2019,8,30,4,33,29.5997998046875,1
2019,8,30,4,33,31.4498000488281,1
2019,8,30,4,33,33.2997998046875,1
2019,8,30,4,33,35.1497998046875,1
2019,8,30,4,33,36.9998000488281,1
2019,8,30,4,33,38.8497998046875,1
2019,8,30,4,33,40.6998000488281,1
2019,8,30,4,33,42.5497998046875,1
2019,8,30,4,33,44.3997998046875,1
2019,8,30,4,33,46.2498000488281,1
2019,8,30,4,33,48.0997998046875,1
2019,8,30,4,33,49.9498000488281,1
2019,8,30,4,33,51.7997998046875,1
2019,8,30,4,33,53.6497998046875,1
2019,8,30,4,33,55.4998000488281,1
2019,8,30,4,33,57.3497998046875,1
2019,8,30,4,33,59.1998000488281,1
2019,8,30,4,34,1.0497998046875,1
2019,8,30,4,34,2.8997998046875,2
2019,8,30,4,34,4.74980004882813,2
2019,8,30,4,34,6.5997998046875,2
2019,8,30,4,34,8.44980004882813,2
2019,8,30,4,34,10.2997998046875,2
2019,8,30,4,34,12.1497998046875,2
2019,8,30,4,34,13.9998000488281,2
2019,8,30,4,34,15.8497998046875,1
2019,8,30,4,34,17.6998000488281,1
2019,8,30,4,34,19.5497998046875,1
2019,8,30,4,34,21.3997998046875,1
2019,8,30,4,34,23.2498000488281,0
2019,8,30,4,34,25.0997998046875,0
2019,8,30,4,34,26.9498000488281,0
2019,8,30,4,34,28.7997998046875,0
2019,8,30,4,34,30.6497998046875,0
2019,8,30,4,34,32.4998000488281,0
2019,8,30,4,34,34.3497998046875,0
2019,8,30,4,34,36.1998000488281,0
2019,8,30,4,34,38.0497998046875,0
2019,8,30,4,34,39.8997998046875,0
2019,8,30,4,34,41.7498000488281,0
2019,8,30,4,34,43.5997998046875,0
2019,8,30,4,34,45.4498000488281,0
2019,8,30,4,34,47.2997998046875,0
2019,8,30,4,34,49.1497998046875,0
2019,8,30,4,34,50.9998000488281,0
2019,8,30,4,34,52.8497998046875,0
2019,8,30,4,34,54.6998000488281,0
2019,8,30,4,34,56.5497998046875,0
2019,8,30,4,34,58.3997998046875,0
2019,8,30,4,35,0.249800048828125,0
2019,8,30,4,35,2.0997998046875,0
2019,8,30,4,35,3.94980004882812,0
2019,8,30,4,35,5.7997998046875,0
2019,8,30,4,35,7.6497998046875,0
2019,8,30,4,35,9.49980004882812,0
2019,8,30,4,35,11.3497998046875,0
2019,8,30,4,35,13.1998000488281,0
2019,8,30,4,35,15.0497998046875,0
2019,8,30,4,35,16.8997998046875,0
2019,8,30,4,35,18.7498000488281,0
2019,8,30,4,35,20.5997998046875,0
2019,8,30,4,35,22.4498000488281,0
2019,8,30,4,35,24.2997998046875,0
2019,8,30,4,35,26.1497998046875,0
2019,8,30,4,35,27.9998000488281,0
2019,8,30,4,35,29.8497998046875,0
2019,8,30,4,35,31.6998000488281,0
2019,8,30,4,35,33.5497998046875,0
2019,8,30,4,35,35.3997998046875,0
2019,8,30,4,35,37.2498000488281,0
2019,8,30,4,35,39.0997998046875,0
2019,8,30,4,35,40.9498000488281,0
2019,8,30,4,35,42.7997998046875,0
2019,8,30,4,35,44.6497998046875,0
2019,8,30,4,35,46.4998000488281,0
2019,8,30,4,35,48.3497998046875,0
2019,8,30,4,35,50.1998000488281,0
2019,8,30,4,35,52.0497998046875,0
2019,8,30,4,35,53.8997998046875,0
2019,8,30,4,35,55.7498000488281,0
2019,8,30,4,35,57.5997998046875,0
2019,8,30,4,35,59.4498000488281,0
2019,8,30,4,36,1.2997998046875,0
2019,8,30,4,36,3.1497998046875,0
2019,8,30,4,36,4.99980004882813,0
2019,8,30,4,36,6.8497998046875,0
2019,8,30,4,36,8.69980004882813,0
2019,8,30,4,36,10.5497998046875,0
2019,8,30,4,36,12.3997998046875,0
2019,8,30,4,36,14.2498000488281,0
2019,8,30,4,36,16.0997998046875,0
2019,8,30,4,36,17.9498000488281,0
2019,8,30,4,36,19.7997998046875,0
2019,8,30,4,36,21.6497998046875,0
2019,8,30,4,36,23.4998000488281,0
2019,8,30,4,36,25.3497998046875,0
2019,8,30,4,36,27.1998000488281,0
2019,8,30,4,36,29.0497998046875,0
2019,8,30,4,36,30.8997998046875,0
2019,8,30,4,36,32.7498000488281,0
2019,8,30,4,36,34.5997998046875,0
2019,8,30,4,36,36.4498000488281,0
2019,8,30,4,36,38.2997998046875,0
2019,8,30,4,36,40.1497998046875,0
2019,8,30,4,36,41.9998000488281,0
2019,8,30,4,36,43.8497998046875,0
2019,8,30,4,36,45.6998000488281,0
2019,8,30,4,36,47.5497998046875,0
2019,8,30,4,36,49.3997998046875,0
2019,8,30,4,36,51.2498000488281,0
2019,8,30,4,36,53.0997998046875,0
2019,8,30,4,36,54.9498000488281,0
2019,8,30,4,36,56.7997998046875,0
2019,8,30,4,36,58.6497998046875,0
2019,8,30,4,37,0.499800048828125,0
2019,8,30,4,37,2.3497998046875,0
2019,8,30,4,37,4.19980004882813,0
2019,8,30,4,37,6.0497998046875,0
2019,8,30,4,37,7.8997998046875,0
2019,8,30,4,37,9.74980004882812,0
2019,8,30,4,37,11.5997998046875,0
2019,8,30,4,37,13.4498000488281,0
2019,8,30,4,37,15.2997998046875,0
2019,8,30,4,37,17.1998000488281,0
2019,8,30,4,37,19.0497998046875,0
2019,8,30,4,37,20.8997998046875,0
2019,8,30,4,37,22.7997998046875,0
2019,8,30,4,37,24.6998000488281,0
2019,8,30,4,37,26.5997998046875,0
2019,8,30,4,37,28.4998000488281,1
2019,8,30,4,37,30.3497998046875,1
2019,8,30,4,37,32.1998000488281,1
2019,8,30,4,37,34.0497998046875,1
2019,8,30,4,37,35.9498000488281,1
2019,8,30,4,37,37.7997998046875,1
2019,8,30,4,37,39.6497998046875,1
2019,8,30,4,37,41.4998000488281,1
2019,8,30,4,37,43.2997998046875,1
2019,8,30,4,37,44.9998000488281,1
2019,8,30,4,37,46.8997998046875,1
2019,8,30,4,37,48.7498000488281,1
2019,8,30,4,37,50.5497998046875,1
2019,8,30,4,37,52.3497998046875,1
2019,8,30,4,37,54.1497998046875,1
2019,8,30,4,37,55.9998000488281,1
2019,8,30,4,37,57.8497998046875,1
2019,8,30,4,37,59.6998000488281,1
2019,8,30,4,38,1.5497998046875,1
2019,8,30,4,38,3.3997998046875,1
2019,8,30,4,38,5.24980004882813,1
2019,8,30,4,38,7.0997998046875,1
2019,8,30,4,38,8.94980004882813,1
2019,8,30,4,38,10.7997998046875,1
2019,8,30,4,38,12.6497998046875,1
2019,8,30,4,38,14.4998000488281,1
2019,8,30,4,38,16.3497998046875,1
2019,8,30,4,38,18.1998000488281,1
2019,8,30,4,38,20.0497998046875,1
2019,8,30,4,38,21.8997998046875,1
2019,8,30,4,38,23.7498000488281,1
2019,8,30,4,38,25.5997998046875,1
2019,8,30,4,38,27.4498000488281,1
2019,8,30,4,38,29.2997998046875,1
2019,8,30,4,38,31.1497998046875,1
2019,8,30,4,38,32.9998000488281,1
2019,8,30,4,38,34.8497998046875,1
2019,8,30,4,38,36.6998000488281,1
2019,8,30,4,38,38.5497998046875,1
2019,8,30,4,38,40.3997998046875,1
2019,8,30,4,38,42.2498000488281,0
2019,8,30,4,38,44.0997998046875,0
2019,8,30,4,38,45.9498000488281,0
2019,8,30,4,38,47.7997998046875,0
2019,8,30,4,38,49.6998000488281,0
2019,8,30,4,38,51.4998000488281,0
2019,8,30,4,38,53.3497998046875,0
2019,8,30,4,38,55.1998000488281,0
2019,8,30,4,38,57.0497998046875,0
2019,8,30,4,38,58.8997998046875,0
2019,8,30,4,39,0.749800048828125,0
2019,8,30,4,39,2.5997998046875,0
2019,8,30,4,39,4.49980004882813,0
2019,8,30,4,39,6.3497998046875,0
2019,8,30,4,39,8.19980004882813,0
2019,8,30,4,39,10.0497998046875,0
2019,8,30,4,39,11.8997998046875,0
2019,8,30,4,39,13.7498000488281,0
2019,8,30,4,39,15.5997998046875,0
2019,8,30,4,39,17.4498000488281,0
2019,8,30,4,39,19.2997998046875,0
2019,8,30,4,39,21.1497998046875,0
2019,8,30,4,39,21.1497998046875,0
2019,8,30,4,39,22.9998000488281,0
2019,8,30,4,39,24.8497998046875,0
2019,8,30,4,39,26.6998000488281,0
2019,8,30,4,39,28.5497998046875,0
2019,8,30,4,39,30.3997998046875,0
2019,8,30,4,39,32.2498000488281,0
2019,8,30,4,39,34.0997998046875,0
2019,8,30,4,39,35.9498000488281,0
2019,8,30,4,39,37.7997998046875,0
2019,8,30,4,39,39.6497998046875,0
2019,8,30,4,39,41.4998000488281,0
2019,8,30,4,39,43.3497998046875,0
2019,8,30,4,39,45.1998000488281,0
2019,8,30,4,39,47.0497998046875,0
2019,8,30,4,39,48.8997998046875,0
2019,8,30,4,39,50.7498000488281,0
2019,8,30,4,39,52.5997998046875,0
2019,8,30,4,39,54.4498000488281,0
2019,8,30,4,39,56.2997998046875,0
2019,8,30,4,39,58.1497998046875,0
2019,8,30,4,39,59.9998000488281,0
2019,8,30,4,40,1.8497998046875,0
2019,8,30,4,40,3.69980004882812,0
2019,8,30,4,40,5.5497998046875,0
2019,8,30,4,40,7.3997998046875,0
2019,8,30,4,40,9.24980004882812,0
2019,8,30,4,40,11.0997998046875,0
2019,8,30,4,40,12.9498000488281,0
2019,8,30,4,40,14.7997998046875,0
2019,8,30,4,40,16.6497998046875,0
2019,8,30,4,40,18.4998000488281,0
2019,8,30,4,40,20.3497998046875,0
2019,8,30,4,40,22.1998000488281,0
2019,8,30,4,40,24.0497998046875,0
2019,8,30,4,40,25.8997998046875,0
2019,8,30,4,40,27.7498000488281,0
2019,8,30,4,40,29.5997998046875,0
2019,8,30,4,40,31.4498000488281,0
2019,8,30,4,40,33.2997998046875,0
2019,8,30,4,40,35.1497998046875,0
2019,8,30,4,40,36.9998000488281,0
2019,8,30,4,40,38.8497998046875,0
2019,8,30,4,40,40.6998000488281,0
2019,8,30,4,40,42.5497998046875,0
2019,8,30,4,40,44.3997998046875,0
2019,8,30,4,40,46.2498000488281,0
2019,8,30,4,40,47.9998000488281,0
2019,8,30,4,40,49.7997998046875,0
2019,8,30,4,40,51.5497998046875,0
2019,8,30,4,40,53.3997998046875,0
2019,8,30,4,40,55.1998000488281,0
2019,8,30,4,40,57.0497998046875,0
2019,8,30,4,40,58.8497998046875,0
2019,8,30,4,41,0.699800048828125,0
2019,8,30,4,41,2.5497998046875,0
2019,8,30,4,41,4.3497998046875,0
2019,8,30,4,41,6.19980004882813,0
2019,8,30,4,41,8.0497998046875,0
2019,8,30,4,41,9.8997998046875,0
2019,8,30,4,41,11.6998000488281,0
2019,8,30,4,41,13.4998000488281,0
2019,8,30,4,41,15.1998000488281,0
2019,8,30,4,41,17.0497998046875,0
2019,8,30,4,41,18.8997998046875,0
2019,8,30,4,41,20.7498000488281,0
2019,8,30,4,41,22.5997998046875,0
2019,8,30,4,41,24.4498000488281,0
2019,8,30,4,41,26.2997998046875,0
2019,8,30,4,41,28.1497998046875,0
2019,8,30,4,41,29.9998000488281,0
2019,8,30,4,41,31.8497998046875,0
2019,8,30,4,41,33.6998000488281,0
2019,8,30,4,41,35.5497998046875,0
2019,8,30,4,41,37.3997998046875,0
2019,8,30,4,41,39.2498000488281,0
2019,8,30,4,41,41.0997998046875,0
2019,8,30,4,41,42.9498000488281,0
2019,8,30,4,41,44.7997998046875,0
2019,8,30,4,41,46.6497998046875,0
2019,8,30,4,41,48.4998000488281,0
2019,8,30,4,41,50.3497998046875,0
2019,8,30,4,41,52.1998000488281,0
2019,8,30,4,41,54.0497998046875,0
2019,8,30,4,41,55.8997998046875,0
2019,8,30,4,41,57.7498000488281,0
2019,8,30,4,41,59.5997998046875,0
2019,8,30,4,42,1.44980004882813,0
2019,8,30,4,42,3.2997998046875,0
2019,8,30,4,42,5.1497998046875,0
2019,8,30,4,42,6.99980004882813,0
2019,8,30,4,42,8.8497998046875,0
2019,8,30,4,42,10.7997998046875,0
2019,8,30,4,42,12.6497998046875,0
2019,8,30,4,42,14.5497998046875,0
2019,8,30,4,42,16.5497998046875,0
2019,8,30,4,42,18.4998000488281,0
2019,8,30,4,42,20.3497998046875,0
2019,8,30,4,42,22.1998000488281,0
2019,8,30,4,42,24.0997998046875,0
2019,8,30,4,42,25.9498000488281,0
2019,8,30,4,42,27.8497998046875,0
2019,8,30,4,42,29.7498000488281,0
2019,8,30,4,42,31.5997998046875,0
2019,8,30,4,42,33.4998000488281,0
2019,8,30,4,42,35.3497998046875,0
2019,8,30,4,42,37.1998000488281,0
2019,8,30,4,42,39.0497998046875,0
2019,8,30,4,42,40.8997998046875,0
2019,8,30,4,42,42.7498000488281,0
2019,8,30,4,42,44.5997998046875,0
2019,8,30,4,42,46.4498000488281,0
2019,8,30,4,42,48.2997998046875,0
2019,8,30,4,42,50.0997998046875,0
2019,8,30,4,42,51.9498000488281,0
2019,8,30,4,42,53.7997998046875,0
2019,8,30,4,42,55.6497998046875,0
2019,8,30,4,42,57.5497998046875,0
2019,8,30,4,42,59.3997998046875,0
2019,8,30,4,43,1.24980004882813,0
2019,8,30,4,43,3.0997998046875,0
2019,8,30,4,43,4.94980004882813,0
2019,8,30,4,43,6.7997998046875,0
2019,8,30,4,43,8.6497998046875,0
2019,8,30,4,43,10.4998000488281,0
2019,8,30,4,43,12.3497998046875,0
2019,8,30,4,43,14.1998000488281,0
2019,8,30,4,43,16.0497998046875,0
2019,8,30,4,43,17.8997998046875,0
2019,8,30,4,43,19.7498000488281,0
2019,8,30,4,43,21.5997998046875,0
2019,8,30,4,43,23.4498000488281,0
2019,8,30,4,43,25.2997998046875,0
2019,8,30,4,43,27.1497998046875,0
2019,8,30,4,43,28.9998000488281,0
2019,8,30,4,43,30.8497998046875,0
2019,8,30,4,43,32.6998000488281,0
2019,8,30,4,43,34.5497998046875,0
2019,8,30,4,43,36.3997998046875,0
2019,8,30,4,43,38.2498000488281,0
2019,8,30,4,43,40.0997998046875,0
2019,8,30,4,43,41.9498000488281,0
2019,8,30,4,43,43.7997998046875,0
2019,8,30,4,43,45.6497998046875,0
2019,8,30,4,43,47.4998000488281,0
2019,8,30,4,43,49.3497998046875,0
2019,8,30,4,43,51.1998000488281,0
2019,8,30,4,43,53.0497998046875,0
2019,8,30,4,43,54.8997998046875,0
2019,8,30,4,43,56.7498000488281,0
2019,8,30,4,43,58.5997998046875,0
2019,8,30,4,44,0.449800048828125,0
2019,8,30,4,44,2.2997998046875,0
2019,8,30,4,44,4.1497998046875,0
2019,8,30,4,44,5.99980004882813,0
2019,8,30,4,44,7.8497998046875,0
2019,8,30,4,44,9.69980004882813,0
2019,8,30,4,44,11.5497998046875,0
2019,8,30,4,44,13.3997998046875,0
2019,8,30,4,44,15.2498000488281,0
2019,8,30,4,44,17.0997998046875,0
2019,8,30,4,44,18.9498000488281,0
2019,8,30,4,44,20.7997998046875,0
2019,8,30,4,44,22.6497998046875,0
2019,8,30,4,44,24.4998000488281,0
2019,8,30,4,44,26.3497998046875,0
2019,8,30,4,44,28.1998000488281,0
2019,8,30,4,44,30.0497998046875,0
2019,8,30,4,44,31.8997998046875,0
2019,8,30,4,44,34.9998000488281,0
2019,8,30,4,44,36.8497998046875,0
2019,8,30,4,44,38.6998000488281,0
2019,8,30,4,44,40.5497998046875,0
2019,8,30,4,44,42.3997998046875,0
2019,8,30,4,44,44.2498000488281,0
2019,8,30,4,44,46.0997998046875,0
2019,8,30,4,44,47.9498000488281,0
2019,8,30,4,44,49.7997998046875,0
2019,8,30,4,44,51.6497998046875,0
2019,8,30,4,44,53.4998000488281,0
2019,8,30,4,44,55.3497998046875,0
2019,8,30,4,44,57.1998000488281,0
2019,8,30,4,44,59.0497998046875,0
2019,8,30,4,45,0.8997998046875,0
2019,8,30,4,45,2.74980004882813,0
2019,8,30,4,45,4.5997998046875,0
2019,8,30,4,45,6.44980004882813,0
2019,8,30,4,45,8.2997998046875,0
2019,8,30,4,45,10.1497998046875,0
2019,8,30,4,45,11.9998000488281,0
2019,8,30,4,45,13.8497998046875,0
2019,8,30,4,45,15.6998000488281,0
2019,8,30,4,45,17.5497998046875,0
2019,8,30,4,45,19.3997998046875,0
2019,8,30,4,45,21.2498000488281,0
2019,8,30,4,45,23.0997998046875,0
2019,8,30,4,45,24.9498000488281,0
2019,8,30,4,45,26.7997998046875,0
2019,8,30,4,45,28.6497998046875,0
2019,8,30,4,45,30.4998000488281,0
2019,8,30,4,45,32.3497998046875,0
2019,8,30,4,45,34.1998000488281,0
2019,8,30,4,45,36.0497998046875,0
2019,8,30,4,45,37.8997998046875,0
2019,8,30,4,45,39.7498000488281,0
2019,8,30,4,45,41.5997998046875,0
2019,8,30,4,45,43.4498000488281,0
2019,8,30,4,45,45.2997998046875,0
2019,8,30,4,45,47.1497998046875,0
2019,8,30,4,45,48.9998000488281,0
2019,8,30,4,45,50.8497998046875,0
2019,8,30,4,45,52.6998000488281,0
2019,8,30,4,45,54.5497998046875,0
2019,8,30,4,45,56.3997998046875,0
2019,8,30,4,45,58.2498000488281,0
2019,8,30,4,46,0.0997998046875,0
2019,8,30,4,46,1.94980004882812,0
2019,8,30,4,46,3.7997998046875,0
2019,8,30,4,46,5.6497998046875,0
2019,8,30,4,46,7.49980004882813,0
2019,8,30,4,46,9.3497998046875,0
2019,8,30,4,46,11.1998000488281,0
2019,8,30,4,46,13.0497998046875,0
2019,8,30,4,46,14.8997998046875,0
2019,8,30,4,46,16.7498000488281,0
2019,8,30,4,46,18.5997998046875,0
2019,8,30,4,46,20.4498000488281,0
2019,8,30,4,46,22.2997998046875,0
2019,8,30,4,46,24.1497998046875,0
2019,8,30,4,46,25.9998000488281,0
2019,8,30,4,46,27.8497998046875,0
2019,8,30,4,46,29.6998000488281,0
2019,8,30,4,46,31.5497998046875,0
2019,8,30,4,46,33.3997998046875,0
2019,8,30,4,46,35.2498000488281,0
2019,8,30,4,46,37.0997998046875,0
2019,8,30,4,46,38.9498000488281,0
2019,8,30,4,46,40.7997998046875,0
2019,8,30,4,46,42.6497998046875,0
2019,8,30,4,46,44.4998000488281,0
2019,8,30,4,46,46.3497998046875,0
2019,8,30,4,46,48.1998000488281,0
2019,8,30,4,46,50.0497998046875,0
2019,8,30,4,46,51.8997998046875,0
2019,8,30,4,46,53.7498000488281,0
2019,8,30,4,46,55.5997998046875,0
2019,8,30,4,46,57.4498000488281,0
2019,8,30,4,46,59.2997998046875,0
2019,8,30,4,47,1.1497998046875,0
2019,8,30,4,47,2.99980004882813,0
2019,8,30,4,47,4.8497998046875,0
2019,8,30,4,47,6.69980004882813,0
2019,8,30,4,47,8.5497998046875,0
2019,8,30,4,47,10.3997998046875,0
2019,8,30,4,47,12.2498000488281,0
2019,8,30,4,47,14.0997998046875,0
2019,8,30,4,47,15.9498000488281,0
2019,8,30,4,47,17.7997998046875,0
2019,8,30,4,47,19.6497998046875,0
2019,8,30,4,47,21.4998000488281,0
2019,8,30,4,47,23.3497998046875,0
2019,8,30,4,47,25.1998000488281,0
2019,8,30,4,47,27.0497998046875,0
2019,8,30,4,47,28.8997998046875,0
2019,8,30,4,47,30.7498000488281,0
2019,8,30,4,47,32.5997998046875,0
2019,8,30,4,47,34.4498000488281,0
2019,8,30,4,47,36.2997998046875,0
2019,8,30,4,47,38.1497998046875,0
2019,8,30,4,47,39.9998000488281,0
2019,8,30,4,47,41.8497998046875,0
2019,8,30,4,47,43.6998000488281,0
2019,8,30,4,47,45.5497998046875,0
2019,8,30,4,47,47.3997998046875,0
2019,8,30,4,47,49.2498000488281,0
2019,8,30,4,47,51.0997998046875,0
2019,8,30,4,47,52.9498000488281,0
2019,8,30,4,47,54.7997998046875,0
2019,8,30,4,47,56.6497998046875,0
2019,8,30,4,47,58.4998000488281,0
2019,8,30,4,48,0.3497998046875,0
2019,8,30,4,48,2.19980004882812,0
2019,8,30,4,48,4.0497998046875,0
2019,8,30,4,48,5.8997998046875,0
2019,8,30,4,48,7.74980004882813,0
2019,8,30,4,48,9.5997998046875,0
2019,8,30,4,48,11.4498000488281,0
2019,8,30,4,48,13.2997998046875,0
2019,8,30,4,48,15.1497998046875,0
2019,8,30,4,48,16.9998000488281,0
2019,8,30,4,48,18.8497998046875,0
2019,8,30,4,48,20.6998000488281,0
2019,8,30,4,48,22.5497998046875,0
2019,8,30,4,48,24.3997998046875,0
2019,8,30,4,48,26.2498000488281,0
2019,8,30,4,48,28.0997998046875,0
2019,8,30,4,48,29.9498000488281,0
2019,8,30,4,48,31.7997998046875,0
2019,8,30,4,48,33.6497998046875,0
2019,8,30,4,48,35.4998000488281,0
2019,8,30,4,48,37.3497998046875,0
2019,8,30,4,48,39.1998000488281,0
2019,8,30,4,48,41.0497998046875,0
2019,8,30,4,48,42.8997998046875,0
2019,8,30,4,48,44.7498000488281,0
2019,8,30,4,48,46.5997998046875,0
2019,8,30,4,48,48.4498000488281,0
2019,8,30,4,48,50.2997998046875,0
2019,8,30,4,48,52.1497998046875,0
2019,8,30,4,48,53.9998000488281,0
2019,8,30,4,48,55.8497998046875,0
2019,8,30,4,48,57.6998000488281,0
2019,8,30,4,48,59.5497998046875,0
2019,8,30,4,49,1.3997998046875,0
2019,8,30,4,49,3.24980004882813,0
2019,8,30,4,49,5.0997998046875,0
2019,8,30,4,49,6.94980004882813,0
2019,8,30,4,49,8.7997998046875,0
2019,8,30,4,49,10.6497998046875,0
2019,8,30,4,49,12.4998000488281,0
2019,8,30,4,49,14.3497998046875,0
2019,8,30,4,49,16.1998000488281,0
2019,8,30,4,49,18.0497998046875,0
2019,8,30,4,49,19.8997998046875,0
2019,8,30,4,49,21.7498000488281,0
2019,8,30,4,49,23.5997998046875,0
2019,8,30,4,49,25.4498000488281,0
2019,8,30,4,49,27.2997998046875,0
2019,8,30,4,49,29.1497998046875,0
2019,8,30,4,49,30.9998000488281,0
2019,8,30,4,49,32.8497998046875,0
2019,8,30,4,49,34.6998000488281,0
2019,8,30,4,49,36.5497998046875,0
2019,8,30,4,49,38.3997998046875,0
2019,8,30,4,49,40.2498000488281,0
2019,8,30,4,49,42.0997998046875,0
2019,8,30,4,49,43.9998000488281,0
2019,8,30,4,49,45.7997998046875,0
2019,8,30,4,49,47.6497998046875,0
2019,8,30,4,49,49.4998000488281,0
2019,8,30,4,49,51.3497998046875,0
2019,8,30,4,49,53.1998000488281,0
2019,8,30,4,49,55.0497998046875,0
2019,8,30,4,49,56.8997998046875,0
2019,8,30,4,49,58.7498000488281,0
2019,8,30,4,50,0.5997998046875,0
2019,8,30,4,50,2.44980004882812,0
2019,8,30,4,50,4.2997998046875,0
2019,8,30,4,50,6.1497998046875,0
2019,8,30,4,50,7.99980004882813,0
2019,8,30,4,50,9.8497998046875,0
2019,8,30,4,50,11.6998000488281,0
2019,8,30,4,50,13.5497998046875,0
2019,8,30,4,50,15.3997998046875,0
2019,8,30,4,50,17.2498000488281,0
2019,8,30,4,50,19.0997998046875,0
2019,8,30,4,50,20.9498000488281,0
2019,8,30,4,50,22.7997998046875,0
2019,8,30,4,50,24.6497998046875,0
2019,8,30,4,50,26.4998000488281,0
2019,8,30,4,50,28.3497998046875,0
2019,8,30,4,50,30.1998000488281,0
2019,8,30,4,50,32.0497998046875,0
2019,8,30,4,50,33.8997998046875,0
2019,8,30,4,50,35.7498000488281,0
2019,8,30,4,50,37.5997998046875,0
2019,8,30,4,50,39.4498000488281,0
2019,8,30,4,50,41.2997998046875,0
2019,8,30,4,50,43.1497998046875,0
2019,8,30,4,50,44.9998000488281,0
2019,8,30,4,50,46.8497998046875,0
2019,8,30,4,50,48.6998000488281,0
2019,8,30,4,50,50.5497998046875,0
2019,8,30,4,50,52.3997998046875,0
2019,8,30,4,50,54.2498000488281,0
2019,8,30,4,50,56.0997998046875,0
2019,8,30,4,50,57.9498000488281,0
2019,8,30,4,50,59.7997998046875,0
2019,8,30,4,51,1.6497998046875,0
2019,8,30,4,51,3.49980004882813,0
2019,8,30,4,51,5.3497998046875,0
2019,8,30,4,51,7.19980004882813,0
2019,8,30,4,51,9.0497998046875,0
2019,8,30,4,51,10.8997998046875,0
2019,8,30,4,51,12.7498000488281,0
2019,8,30,4,51,14.5997998046875,0
2019,8,30,4,51,16.4498000488281,0
2019,8,30,4,51,18.2997998046875,0
2019,8,30,4,51,20.1497998046875,0
2019,8,30,4,51,21.9998000488281,0
2019,8,30,4,51,23.8497998046875,0
2019,8,30,4,51,25.6998000488281,0
2019,8,30,4,51,27.5497998046875,0
2019,8,30,4,51,29.3997998046875,0
2019,8,30,4,51,31.2498000488281,0
2019,8,30,4,51,33.0997998046875,0
2019,8,30,4,51,34.9498000488281,0
2019,8,30,4,51,36.7997998046875,0
2019,8,30,4,51,38.6497998046875,0
2019,8,30,4,51,40.4998000488281,0
2019,8,30,4,51,42.3497998046875,0
2019,8,30,4,51,44.1998000488281,0
2019,8,30,4,51,46.0497998046875,0
2019,8,30,4,51,47.8997998046875,0
2019,8,30,4,51,49.7498000488281,0
2019,8,30,4,51,51.5997998046875,0
2019,8,30,4,51,53.4498000488281,0
2019,8,30,4,51,55.2997998046875,0
2019,8,30,4,51,57.1497998046875,0
2019,8,30,4,51,58.9998000488281,0
2019,8,30,4,52,0.8497998046875,0
2019,8,30,4,52,2.69980004882812,0
2019,8,30,4,52,4.5497998046875,0
2019,8,30,4,52,6.3997998046875,0
2019,8,30,4,52,8.24980004882812,0
2019,8,30,4,52,10.0997998046875,0
2019,8,30,4,52,11.9498000488281,0
2019,8,30,4,52,13.7997998046875,0
2019,8,30,4,52,15.6497998046875,0
2019,8,30,4,52,17.4998000488281,0
2019,8,30,4,52,19.3497998046875,0
2019,8,30,4,52,21.1998000488281,0
2019,8,30,4,52,23.0497998046875,0
2019,8,30,4,52,24.8997998046875,0
2019,8,30,4,52,26.7498000488281,0
2019,8,30,4,52,28.5997998046875,0
2019,8,30,4,52,30.4498000488281,0
2019,8,30,4,52,32.2997998046875,0
2019,8,30,4,52,34.1497998046875,1
2019,8,30,4,52,35.9998000488281,1
2019,8,30,4,52,37.8497998046875,1
2019,8,30,4,52,39.6998000488281,1
2019,8,30,4,52,41.5497998046875,1
2019,8,30,4,52,43.3997998046875,1
2019,8,30,4,52,45.2498000488281,1
2019,8,30,4,52,47.0997998046875,1
2019,8,30,4,52,48.9498000488281,1
2019,8,30,4,52,50.7997998046875,1
2019,8,30,4,52,52.6497998046875,1
2019,8,30,4,52,54.4998000488281,1
2019,8,30,4,52,56.3497998046875,1
2019,8,30,4,52,58.1998000488281,1
2019,8,30,4,53,0.0497998046875,1
2019,8,30,4,53,1.8997998046875,1
2019,8,30,4,53,3.74980004882813,1
2019,8,30,4,53,5.5997998046875,1
2019,8,30,4,53,7.44980004882813,1
2019,8,30,4,53,9.2997998046875,1
2019,8,30,4,53,11.1497998046875,1
2019,8,30,4,53,12.9998000488281,1
2019,8,30,4,53,14.8497998046875,1
2019,8,30,4,53,16.6998000488281,1
2019,8,30,4,53,18.5497998046875,1
2019,8,30,4,53,20.3997998046875,1
2019,8,30,4,53,22.2498000488281,1
2019,8,30,4,53,24.0997998046875,1
2019,8,30,4,53,25.9498000488281,1
2019,8,30,4,53,27.7997998046875,1
2019,8,30,4,53,29.6497998046875,1
2019,8,30,4,53,31.4998000488281,1
2019,8,30,4,53,33.3497998046875,1
2019,8,30,4,53,35.1998000488281,1
2019,8,30,4,53,37.0497998046875,1
2019,8,30,4,53,38.8997998046875,1
2019,8,30,4,53,40.7498000488281,1
2019,8,30,4,53,42.5997998046875,1
2019,8,30,4,53,44.4498000488281,1
2019,8,30,4,53,46.2997998046875,1
2019,8,30,4,53,48.1497998046875,1
2019,8,30,4,53,49.9998000488281,1
2019,8,30,4,53,51.8497998046875,1
2019,8,30,4,53,53.6998000488281,1
2019,8,30,4,53,55.5497998046875,1
2019,8,30,4,53,57.3997998046875,1
2019,8,30,4,53,59.2498000488281,1
2019,8,30,4,54,1.0997998046875,1
2019,8,30,4,54,2.94980004882812,1
2019,8,30,0,15,21.4998000488281,0
2019,8,30,0,15,23.3497998046875,0
2019,8,30,0,15,25.1998000488281,0
2019,8,30,0,15,27.0497998046875,0
2019,8,30,0,15,28.8997998046875,0
2019,8,30,0,15,30.7498000488281,0
2019,8,30,0,15,32.5997998046875,0
2019,8,30,0,15,34.4498000488281,0
2019,8,30,0,15,36.2997998046875,0
2019,8,30,0,15,38.1497998046875,0
2019,8,30,0,15,39.9998000488281,0
2019,8,30,0,15,41.8497998046875,0
2019,8,30,0,15,43.6998000488281,0
2019,8,30,0,15,45.5497998046875,0
2019,8,30,0,15,47.3997998046875,0
2019,8,30,0,15,49.2498000488281,0
2019,8,30,0,15,51.0997998046875,0
2019,8,30,0,15,52.9498000488281,0
2019,8,30,0,15,54.7997998046875,0
2019,8,30,0,15,56.6497998046875,0
2019,8,30,0,15,58.4998000488281,0
2019,8,30,0,16,0.3497998046875,0
2019,8,30,0,16,2.19980004882812,0
2019,8,30,0,16,4.0497998046875,0
2019,8,30,0,16,5.8997998046875,0
2019,8,30,0,16,7.74980004882813,0
2019,8,30,0,16,9.5997998046875,0
2019,8,30,0,16,11.4498000488281,0
2019,8,30,0,16,13.2997998046875,0
2019,8,30,0,16,15.1497998046875,0
2019,8,30,0,16,16.9998000488281,0
2019,8,30,0,16,18.8497998046875,0
2019,8,30,0,16,20.6998000488281,0
2019,8,30,0,16,22.5497998046875,0
2019,8,30,0,16,24.3997998046875,0
2019,8,30,0,16,26.2498000488281,0
2019,8,30,0,16,28.0997998046875,0
2019,8,30,0,16,29.9498000488281,0
2019,8,30,0,16,31.7997998046875,0
2019,8,30,0,16,33.6497998046875,0
2019,8,30,0,16,35.4998000488281,0
2019,8,30,0,16,37.3497998046875,0
2019,8,30,0,16,39.1998000488281,0
2019,8,30,0,16,41.0497998046875,0
2019,8,30,0,16,42.8997998046875,0
2019,8,30,0,16,44.7498000488281,0
2019,8,30,0,16,46.5997998046875,0
2019,8,30,0,16,48.4498000488281,0
2019,8,30,0,16,50.2997998046875,0
2019,8,30,0,16,52.1497998046875,0
2019,8,30,0,16,53.9998000488281,0
2019,8,30,0,16,55.8497998046875,0
2019,8,30,0,16,57.6998000488281,0
2019,8,30,0,16,59.5497998046875,0
2019,8,30,0,17,1.3997998046875,0
2019,8,30,0,17,3.24980004882813,0
2019,8,30,0,17,5.0997998046875,0
2019,8,30,0,17,6.94980004882813,0
2019,8,30,0,17,8.7997998046875,0
2019,8,30,0,17,10.6497998046875,0
2019,8,30,0,17,12.4998000488281,0
2019,8,30,0,17,14.2997998046875,0
2019,8,30,0,17,16.1998000488281,0
2019,8,30,0,17,18.0497998046875,0
2019,8,30,0,17,19.8497998046875,0
2019,8,30,0,17,21.7498000488281,0
2019,8,30,0,17,23.5997998046875,0
2019,8,30,0,17,25.4498000488281,0
2019,8,30,0,17,27.2997998046875,0
2019,8,30,0,17,29.1497998046875,0
2019,8,30,0,17,30.9998000488281,0
2019,8,30,0,17,32.8497998046875,0
2019,8,30,0,17,34.6998000488281,0
2019,8,30,0,17,36.5497998046875,0
2019,8,30,0,17,38.3997998046875,0
2019,8,30,0,17,40.2498000488281,0
2019,8,30,0,17,42.0997998046875,0
2019,8,30,0,17,43.9498000488281,0
2019,8,30,0,17,45.7997998046875,0
2019,8,30,0,17,47.6497998046875,0
2019,8,30,0,17,49.4998000488281,0
2019,8,30,0,17,51.3497998046875,0
2019,8,30,0,17,53.1998000488281,0
2019,8,30,0,17,55.0497998046875,0
2019,8,30,0,17,56.8997998046875,0
2019,8,30,0,17,58.7498000488281,0
2019,8,30,0,18,0.5997998046875,0
2019,8,30,0,18,2.44980004882812,0
2019,8,30,0,18,4.2997998046875,0
2019,8,30,0,18,6.1497998046875,0
2019,8,30,0,18,7.99980004882813,0
2019,8,30,0,18,9.8497998046875,0
2019,8,30,0,18,11.6998000488281,0
2019,8,30,0,18,13.5497998046875,0
2019,8,30,0,18,15.3997998046875,0
2019,8,30,0,18,17.2498000488281,0
2019,8,30,0,18,19.0997998046875,0
2019,8,30,0,18,20.9498000488281,0
2019,8,30,0,18,22.7997998046875,0
2019,8,30,0,18,24.6497998046875,0
2019,8,30,0,18,26.4998000488281,0
2019,8,30,0,18,28.3497998046875,0
2019,8,30,0,18,30.1998000488281,0
2019,8,30,0,18,32.0497998046875,0
2019,8,30,0,18,33.8997998046875,0
2019,8,30,0,18,35.7498000488281,0
2019,8,30,0,18,37.5997998046875,0
2019,8,30,0,18,39.4498000488281,0
2019,8,30,0,18,41.2997998046875,0
2019,8,30,0,18,43.1497998046875,0
2019,8,30,0,18,44.9998000488281,0
2019,8,30,0,18,46.8497998046875,0
2019,8,30,0,18,48.6998000488281,0
2019,8,30,0,18,50.5497998046875,0
2019,8,30,0,18,52.3997998046875,0
2019,8,30,0,18,54.2498000488281,0
2019,8,30,0,18,56.0997998046875,0
2019,8,30,0,18,57.9498000488281,0
2019,8,30,0,18,59.7997998046875,0
2019,8,30,0,19,1.6497998046875,0
2019,8,30,0,19,3.49980004882813,0
2019,8,30,0,19,5.3497998046875,0
2019,8,30,0,19,7.19980004882813,0
2019,8,30,0,19,9.0497998046875,0
2019,8,30,0,19,10.8997998046875,0
2019,8,30,0,19,12.7498000488281,0
2019,8,30,0,19,14.5997998046875,0
2019,8,30,0,19,16.4498000488281,0
2019,8,30,0,19,18.2997998046875,0
2019,8,30,0,19,20.1497998046875,0
2019,8,30,0,19,21.9998000488281,0
2019,8,30,0,19,23.8497998046875,0
2019,8,30,0,19,25.6998000488281,0
2019,8,30,0,19,27.5497998046875,0
2019,8,30,0,19,29.3997998046875,0
2019,8,30,0,19,31.2498000488281,0
2019,8,30,0,19,33.0997998046875,0
2019,8,30,0,19,34.9498000488281,0
2019,8,30,0,19,36.7997998046875,0
2019,8,30,0,19,38.6497998046875,0
2019,8,30,0,19,40.4998000488281,0
2019,8,30,0,19,42.3497998046875,0
2019,8,30,0,19,44.1998000488281,0
2019,8,30,0,19,46.0497998046875,0
2019,8,30,0,19,47.8997998046875,0
2019,8,30,0,19,49.7498000488281,0
2019,8,30,0,19,51.5997998046875,0
2019,8,30,0,19,53.4498000488281,0
2019,8,30,0,19,55.2997998046875,0
2019,8,30,0,19,57.1497998046875,0
2019,8,30,0,19,58.9998000488281,0
2019,8,30,0,20,0.8497998046875,0
2019,8,30,0,20,2.69980004882812,0
2019,8,30,0,20,4.5497998046875,0
2019,8,30,0,20,6.3997998046875,0
2019,8,30,0,20,8.24980004882812,0
2019,8,30,0,20,10.0997998046875,0
2019,8,30,0,20,11.9498000488281,0
2019,8,30,0,20,13.7997998046875,0
2019,8,30,0,20,15.6497998046875,0
2019,8,30,0,20,17.4998000488281,0
2019,8,30,0,20,19.3497998046875,0
2019,8,30,0,20,21.1998000488281,0
2019,8,30,0,20,23.0497998046875,0
2019,8,30,0,20,24.8997998046875,0
2019,8,30,0,20,26.7498000488281,0
2019,8,30,0,20,28.5997998046875,0
2019,8,30,0,20,30.4498000488281,0
2019,8,30,0,20,32.2997998046875,0
2019,8,30,0,20,34.1497998046875,0
2019,8,30,0,20,36.0497998046875,0
2019,8,30,0,20,38.0497998046875,0
2019,8,30,0,20,40.0997998046875,0
2019,8,30,0,20,42.0997998046875,0
2019,8,30,0,20,43.9498000488281,0
2019,8,30,0,20,45.7997998046875,0
2019,8,30,0,20,47.6497998046875,0
2019,8,30,0,23,30.9998000488281,0
2019,8,30,0,23,32.7498000488281,0
2019,8,30,0,23,34.4998000488281,1
2019,8,30,0,23,36.2997998046875,1
2019,8,30,0,23,38.0497998046875,2
2019,8,30,0,23,39.8997998046875,2
2019,8,30,0,23,41.7997998046875,2
2019,8,30,0,23,43.5997998046875,2
2019,8,30,0,23,45.4498000488281,2
2019,8,30,0,23,47.2997998046875,2
2019,8,30,0,23,49.2997998046875,2
2019,8,30,0,23,51.2997998046875,2
2019,8,30,0,23,53.1497998046875,2
2019,8,30,0,23,54.8997998046875,2
2019,8,30,0,23,56.6497998046875,2
2019,8,30,0,23,58.4498000488281,2
2019,8,30,0,24,0.249800048828125,2
2019,8,30,0,24,2.0997998046875,2
2019,8,30,0,24,3.94980004882812,2
2019,8,30,0,24,5.7997998046875,2
2019,8,30,0,24,7.5997998046875,2
2019,8,30,0,24,9.3997998046875,2
2019,8,30,0,24,11.2498000488281,2
2019,8,30,0,24,13.0997998046875,2
2019,8,30,0,24,14.9498000488281,2
2019,8,30,0,24,16.7997998046875,2
2019,8,30,0,24,18.6497998046875,2
2019,8,30,0,24,20.4998000488281,2
2019,8,30,0,24,22.3497998046875,2
2019,8,30,0,24,24.1497998046875,2
2019,8,30,0,24,25.9998000488281,2
2019,8,30,0,24,27.8497998046875,2
2019,8,30,0,24,29.6998000488281,2
2019,8,30,0,24,31.5497998046875,2
2019,8,30,0,24,33.3997998046875,2
2019,8,30,0,24,35.2498000488281,2
2019,8,30,0,24,37.0997998046875,2
2019,8,30,0,24,38.9498000488281,2
2019,8,30,0,24,40.7997998046875,2
2019,8,30,0,24,42.6497998046875,2
2019,8,30,0,24,44.4998000488281,2
2019,8,30,0,24,46.3997998046875,2
2019,8,30,0,24,48.2498000488281,2
2019,8,30,0,24,50.0497998046875,2
2019,8,30,0,24,51.8997998046875,2
2019,8,30,0,24,53.7498000488281,2
2019,8,30,0,24,55.5997998046875,2
2019,8,30,0,24,57.3997998046875,2
2019,8,30,0,24,59.2997998046875,2
2019,8,30,0,25,1.0497998046875,2
2019,8,30,0,25,2.8997998046875,2
2019,8,30,0,25,4.7997998046875,2
2019,8,30,0,25,6.6497998046875,2
2019,8,30,0,25,8.49980004882812,2
2019,8,30,0,25,10.2997998046875,2
2019,8,30,0,25,12.1497998046875,2
2019,8,30,0,25,14.0497998046875,2
2019,8,30,0,25,15.9498000488281,2
2019,8,30,0,25,17.7498000488281,2
2019,8,30,0,25,19.6497998046875,2
2019,8,30,0,25,21.5497998046875,2
2019,8,30,0,25,23.3997998046875,2
2019,8,30,0,25,25.1998000488281,2
2019,8,30,0,25,27.0997998046875,2
2019,8,30,0,25,28.9498000488281,2
2019,8,30,0,25,30.7997998046875,2
2019,8,30,0,25,32.6497998046875,2
2019,8,30,0,25,34.4998000488281,2
2019,8,30,0,25,36.3497998046875,2
2019,8,30,0,25,38.1998000488281,2
2019,8,30,0,25,39.9998000488281,2
2019,8,30,0,25,41.8997998046875,2
2019,8,30,0,25,43.7997998046875,2
2019,8,30,0,25,45.5997998046875,2
2019,8,30,0,25,47.3997998046875,2
2019,8,30,0,25,49.2498000488281,2
2019,8,30,0,25,51.0497998046875,2
2019,8,30,0,25,52.8997998046875,2
2019,8,30,0,25,54.7997998046875,2
2019,8,30,0,25,56.6497998046875,2
2019,8,30,0,25,58.4498000488281,2
2019,8,30,0,26,0.2997998046875,2
2019,8,30,0,26,2.19980004882812,2
2019,8,30,0,26,4.1497998046875,2
2019,8,30,0,26,6.0997998046875,2
2019,8,30,0,26,7.8997998046875,2
2019,8,30,0,26,9.69980004882813,2
2019,8,30,0,26,11.4998000488281,2
2019,8,30,0,26,13.3997998046875,2
2019,8,30,0,26,15.2997998046875,2
2019,8,30,0,26,17.1497998046875,2
2019,8,30,0,26,18.9498000488281,2
2019,8,30,0,26,20.7997998046875,2
2019,8,30,0,26,22.6497998046875,2
2019,8,30,0,26,24.4998000488281,2
2019,8,30,0,26,26.3497998046875,2
2019,8,30,0,26,28.1998000488281,2
2019,8,30,0,26,29.9998000488281,2
2019,8,30,0,26,31.7997998046875,2
2019,8,30,0,26,33.6998000488281,2
2019,8,30,0,26,35.4998000488281,2
2019,8,30,0,26,37.3497998046875,2
2019,8,30,0,26,39.1998000488281,2
2019,8,30,0,26,41.0497998046875,2
2019,8,30,0,26,42.8997998046875,2
2019,8,30,0,26,44.6998000488281,2
2019,8,30,0,26,46.5497998046875,2
2019,8,30,0,26,48.3997998046875,2
2019,8,30,0,26,50.2997998046875,2
2019,8,30,0,26,52.1497998046875,2
2019,8,30,0,26,53.9998000488281,2
2019,8,30,0,26,55.8497998046875,2
2019,8,30,0,26,57.6998000488281,2
2019,8,30,0,26,59.4998000488281,2
2019,8,30,0,27,1.3997998046875,2
2019,8,30,0,27,3.24980004882813,1
2019,8,30,0,27,5.0997998046875,0
2019,8,30,0,27,6.94980004882813,0
2019,8,30,0,27,8.7997998046875,0
2019,8,30,0,27,10.6497998046875,0
2019,8,30,0,27,12.4998000488281,0
2019,8,30,0,27,14.3497998046875,1
2019,8,30,0,27,16.0997998046875,1
2019,8,30,0,27,17.9498000488281,1
2019,8,30,0,27,19.7498000488281,1
2019,8,30,0,27,21.5497998046875,2
2019,8,30,0,27,23.3997998046875,2
2019,8,30,0,27,25.2498000488281,2
2019,8,30,0,27,27.1497998046875,2
2019,8,30,0,27,29.0497998046875,2
2019,8,30,0,27,30.8997998046875,2
2019,8,30,0,27,32.7498000488281,2
2019,8,30,0,27,34.5997998046875,2
2019,8,30,0,27,36.4498000488281,2
2019,8,30,0,27,38.3497998046875,2
2019,8,30,0,27,40.1998000488281,2
2019,8,30,0,27,42.0497998046875,2
2019,8,30,0,27,43.8997998046875,2
2019,8,30,0,27,45.7498000488281,2
2019,8,30,0,27,47.5997998046875,2
2019,8,30,0,27,49.4498000488281,2
2019,8,30,0,27,51.2997998046875,2
2019,8,30,0,27,53.1497998046875,2
2019,8,30,0,27,54.9998000488281,2
2019,8,30,0,27,56.8497998046875,2
2019,8,30,0,27,58.6998000488281,2
2019,8,30,0,28,0.5497998046875,2
2019,8,30,0,28,2.3997998046875,2
2019,8,30,0,28,4.2997998046875,2
2019,8,30,0,28,6.1497998046875,2
2019,8,30,0,28,7.99980004882813,2
2019,8,30,0,28,9.8497998046875,2
2019,8,30,0,28,11.6998000488281,2
2019,8,30,0,28,13.5497998046875,1
2019,8,30,0,28,15.3997998046875,1
2019,8,30,0,28,17.2498000488281,1
2019,8,30,0,28,19.0997998046875,1
2019,8,30,0,28,20.9498000488281,1
2019,8,30,0,28,22.7997998046875,1
2019,8,30,0,28,24.6497998046875,1
2019,8,30,0,28,26.4998000488281,1
2019,8,30,0,28,28.3497998046875,1
2019,8,30,0,28,30.1998000488281,1
2019,8,30,0,28,32.0497998046875,1
2019,8,30,0,28,33.8997998046875,1
2019,8,30,0,28,35.7498000488281,1
2019,8,30,0,28,37.5997998046875,1
2019,8,30,0,28,39.4498000488281,1
2019,8,30,0,28,41.2997998046875,1
2019,8,30,0,28,43.1497998046875,1
2019,8,30,0,28,44.9998000488281,1
2019,8,30,0,28,46.8497998046875,1
2019,8,30,0,28,48.6998000488281,1
2019,8,30,0,28,50.5497998046875,1
2019,8,30,0,28,52.3997998046875,1
2019,8,30,0,28,54.2498000488281,1
2019,8,30,0,28,56.0997998046875,1
2019,8,30,0,28,57.9498000488281,1
2019,8,30,0,28,59.7997998046875,1
2019,8,30,0,29,1.6497998046875,1
2019,8,30,0,29,3.49980004882813,1
2019,8,30,0,29,5.3497998046875,1
2019,8,30,0,29,7.19980004882813,1
2019,8,30,0,29,9.0497998046875,1
2019,8,30,0,29,10.8997998046875,1
2019,8,30,0,29,12.7498000488281,1
2019,8,30,0,29,14.5997998046875,1
2019,8,30,0,29,16.4498000488281,1
2019,8,30,0,29,18.2997998046875,1
2019,8,30,0,29,20.1497998046875,1
2019,8,30,0,29,22.0497998046875,1
2019,8,30,0,29,23.8997998046875,1
2019,8,30,0,29,25.6998000488281,1
2019,8,30,0,29,27.5497998046875,1
2019,8,30,0,29,29.3997998046875,1
2019,8,30,0,29,31.2498000488281,1
2019,8,30,0,29,33.0997998046875,1
2019,8,30,0,29,34.9498000488281,1
2019,8,30,0,29,36.7997998046875,1
2019,8,30,0,29,38.6497998046875,1
2019,8,30,0,29,40.4998000488281,1
2019,8,30,0,29,42.3497998046875,1
2019,8,30,0,29,44.1998000488281,1
2019,8,30,0,29,46.0497998046875,1
2019,8,30,0,29,47.8997998046875,1
2019,8,30,0,29,49.7498000488281,1
2019,8,30,0,29,51.6497998046875,1
2019,8,30,0,29,53.4998000488281,1
2019,8,30,0,29,55.2997998046875,1
2019,8,30,0,29,57.1497998046875,1
2019,8,30,0,29,58.9998000488281,1
2019,8,30,0,30,0.8497998046875,1
2019,8,30,0,30,2.69980004882812,1
2019,8,30,0,30,4.5997998046875,0
2019,8,30,0,30,6.49980004882813,0
2019,8,30,0,30,8.3497998046875,0
2019,8,30,0,30,10.1998000488281,0
2019,8,30,0,30,12.0497998046875,0
2019,8,30,0,30,13.9998000488281,0
2019,8,30,0,30,15.9498000488281,0
2019,8,30,0,30,17.8497998046875,0
2019,8,30,0,30,19.7498000488281,0
2019,8,30,0,30,21.5997998046875,0
2019,8,30,0,30,23.4498000488281,0
2019,8,30,0,30,25.2498000488281,0
2019,8,30,0,30,27.0997998046875,0
2019,8,30,0,30,28.8997998046875,0
2019,8,30,0,30,30.6998000488281,0
2019,8,30,0,30,32.4998000488281,0
2019,8,30,0,30,34.2997998046875,0
2019,8,30,0,30,36.1497998046875,0
2019,8,30,0,30,38.0497998046875,0
2019,8,30,0,30,39.9998000488281,0
2019,8,30,0,30,41.7997998046875,0
2019,8,30,0,30,43.5497998046875,0
2019,8,30,0,30,45.3497998046875,0
2019,8,30,0,30,47.1998000488281,0
2019,8,30,0,30,49.0497998046875,0
2019,8,30,0,30,50.8997998046875,0
2019,8,30,0,30,52.7498000488281,0
2019,8,30,0,30,54.5497998046875,0
2019,8,30,0,30,56.3997998046875,0
2019,8,30,0,30,58.2498000488281,0
2019,8,30,0,31,0.0997998046875,1
2019,8,30,0,31,1.94980004882812,1
2019,8,30,0,31,3.7997998046875,1
2019,8,30,0,31,5.6497998046875,1
2019,8,30,0,31,7.49980004882813,1
2019,8,30,0,31,9.2997998046875,1
2019,8,30,0,31,11.1497998046875,1
2019,8,30,0,31,12.9998000488281,1
2019,8,30,0,31,14.8497998046875,1
2019,8,30,0,31,16.6998000488281,1
2019,8,30,0,31,18.5497998046875,1
2019,8,30,0,31,20.3997998046875,1
2019,8,30,0,31,22.2498000488281,1
2019,8,30,0,31,24.0997998046875,1
2019,8,30,0,31,25.9498000488281,1
2019,8,30,0,31,27.7997998046875,1
2019,8,30,0,31,29.6497998046875,2
2019,8,30,0,31,31.5497998046875,2
2019,8,30,0,31,33.4498000488281,2
2019,8,30,0,31,35.3497998046875,2
2019,8,30,0,31,37.1497998046875,2
2019,8,30,0,31,38.9998000488281,2
2019,8,30,0,31,40.7997998046875,2
2019,8,30,0,31,42.6497998046875,2
2019,8,30,0,31,44.4998000488281,2
2019,8,30,0,31,46.3497998046875,2
2019,8,30,0,31,48.1998000488281,2
2019,8,30,0,31,50.0497998046875,2
2019,8,30,0,31,51.8997998046875,2
2019,8,30,0,31,53.7498000488281,2
2019,8,30,0,31,55.5997998046875,2
2019,8,30,0,31,57.4498000488281,2
2019,8,30,0,31,59.2498000488281,2
2019,8,30,0,32,1.0997998046875,2
2019,8,30,0,32,2.94980004882812,2
2019,8,30,0,32,4.7997998046875,2
2019,8,30,0,32,6.6497998046875,2
2019,8,30,0,32,8.49980004882812,2
2019,8,30,0,32,10.3497998046875,2
2019,8,30,0,32,12.1998000488281,2
2019,8,30,0,32,14.0497998046875,2
2019,8,30,0,32,15.8997998046875,2
2019,8,30,0,32,17.7498000488281,2
2019,8,30,0,32,19.5997998046875,2
2019,8,30,0,32,21.4498000488281,2
2019,8,30,0,32,23.2997998046875,2
2019,8,30,0,32,25.1497998046875,2
2019,8,30,0,32,26.9998000488281,2
2019,8,30,0,32,28.8497998046875,2
2019,8,30,0,32,30.6998000488281,2
2019,8,30,0,32,32.5497998046875,2
2019,8,30,0,32,34.3997998046875,2
2019,8,30,0,32,36.2498000488281,2
2019,8,30,0,32,38.0997998046875,2
2019,8,30,0,32,39.9498000488281,2
2019,8,30,0,32,41.7997998046875,2
2019,8,30,0,32,43.6497998046875,2
2019,8,30,0,32,45.4998000488281,2
2019,8,30,0,32,47.3497998046875,2
2019,8,30,0,32,49.1998000488281,2
2019,8,30,0,32,51.0497998046875,2
2019,8,30,0,32,52.8997998046875,2
2019,8,30,0,32,54.7498000488281,2
2019,8,30,0,32,56.5997998046875,2
2019,8,30,0,32,58.4498000488281,2
2019,8,30,0,33,0.2997998046875,2
2019,8,30,0,33,2.1497998046875,2
2019,8,30,0,33,3.99980004882813,2
2019,8,30,0,33,5.8497998046875,2
2019,8,30,0,33,7.69980004882813,2
2019,8,30,0,33,9.5497998046875,2
2019,8,30,0,33,11.3997998046875,2
2019,8,30,0,33,13.2997998046875,2
2019,8,30,0,33,15.0497998046875,2
2019,8,30,0,33,16.8997998046875,2
2019,8,30,0,33,18.7997998046875,2
2019,8,30,0,33,20.5997998046875,2
2019,8,30,0,33,22.4498000488281,2
2019,8,30,0,33,24.2498000488281,2
2019,8,30,0,33,26.1497998046875,2
2019,8,30,0,33,27.9998000488281,2
2019,8,30,0,33,29.8497998046875,2
2019,8,30,0,33,31.6998000488281,2
2019,8,30,0,33,33.4998000488281,2
2019,8,30,0,33,35.4498000488281,2
2019,8,30,0,33,37.2997998046875,2
2019,8,30,0,33,39.0997998046875,2
2019,8,30,0,33,40.9498000488281,2
2019,8,30,0,33,42.8497998046875,2
2019,8,30,0,33,44.6998000488281,2
2019,8,30,0,33,46.5497998046875,2
2019,8,30,0,33,48.3997998046875,2
2019,8,30,0,33,50.2498000488281,2
2019,8,30,0,33,52.0997998046875,2
2019,8,30,0,33,53.9498000488281,2
2019,8,30,0,33,55.7498000488281,2
2019,8,30,0,33,57.6497998046875,2
2019,8,30,0,33,59.5497998046875,2
2019,8,30,0,34,1.44980004882813,2
2019,8,30,0,34,3.2997998046875,2
2019,8,30,0,34,5.1497998046875,1
2019,8,30,0,34,6.99980004882813,1
2019,8,30,0,34,8.74980004882812,1
2019,8,30,0,34,10.4998000488281,1
2019,8,30,0,34,12.2498000488281,1
2019,8,30,0,34,13.8997998046875,1
2019,8,30,0,34,15.6497998046875,1
2019,8,30,0,34,17.4998000488281,1
2019,8,30,0,34,19.4498000488281,1
2019,8,30,0,34,21.2997998046875,1
2019,8,30,0,34,23.1998000488281,1
2019,8,30,0,34,25.1497998046875,1
2019,8,30,0,34,27.0497998046875,1
2019,8,30,0,34,28.9498000488281,1
2019,8,30,0,34,30.7997998046875,1
2019,8,30,0,34,32.5497998046875,1
2019,8,30,0,34,34.3497998046875,1
2019,8,30,0,34,36.1998000488281,1
2019,8,30,0,34,38.1497998046875,1
2019,8,30,0,34,40.0497998046875,1
2019,8,30,0,34,41.8997998046875,1
2019,8,30,1,11,18.7498000488281,0
2019,8,30,1,11,20.5997998046875,0
2019,8,30,1,11,22.4498000488281,0
2019,8,30,1,11,24.2997998046875,0
2019,8,30,1,11,26.1497998046875,0
2019,8,30,1,11,27.9998000488281,0
2019,8,30,1,11,29.8497998046875,0
2019,8,30,1,11,31.6998000488281,0
2019,8,30,1,11,33.5497998046875,0
2019,8,30,1,11,35.3997998046875,0
2019,8,30,1,11,37.2498000488281,0
2019,8,30,1,11,39.0997998046875,0
2019,8,30,1,11,40.9498000488281,0
2019,8,30,1,11,42.7997998046875,0
2019,8,30,1,11,44.6497998046875,0
2019,8,30,1,11,46.4998000488281,0
2019,8,30,1,11,48.3497998046875,0
2019,8,30,1,11,50.1998000488281,0
2019,8,30,1,11,52.0497998046875,0
2019,8,30,1,11,53.8997998046875,0
2019,8,30,1,11,55.7498000488281,0
2019,8,30,1,11,57.5997998046875,0
2019,8,30,1,11,59.4498000488281,0
2019,8,30,1,12,1.2997998046875,0
2019,8,30,1,12,3.1497998046875,0
2019,8,30,1,12,4.99980004882813,0
2019,8,30,1,12,6.8497998046875,0
2019,8,30,1,12,8.69980004882813,0
2019,8,30,1,12,10.5497998046875,0
2019,8,30,1,12,12.3997998046875,0
2019,8,30,1,12,14.2498000488281,0
2019,8,30,1,12,16.0997998046875,0
2019,8,30,1,12,17.9498000488281,0
2019,8,30,1,12,19.7997998046875,0
2019,8,30,1,12,21.6497998046875,0
2019,8,30,1,12,23.4998000488281,0
2019,8,30,1,12,25.3497998046875,0
2019,8,30,1,12,27.1998000488281,0
2019,8,30,1,12,29.0497998046875,0
2019,8,30,1,12,30.8997998046875,0
2019,8,30,1,12,32.7498000488281,0
2019,8,30,1,12,34.5997998046875,0
2019,8,30,1,12,36.4498000488281,0
2019,8,30,1,12,38.2997998046875,0
2019,8,30,1,12,40.1497998046875,0
2019,8,30,1,12,41.9998000488281,0
2019,8,30,1,12,43.8497998046875,0
2019,8,30,1,12,45.6998000488281,0
2019,8,30,1,12,47.5497998046875,0
2019,8,30,1,12,49.3997998046875,0
2019,8,30,1,12,51.2498000488281,0
2019,8,30,1,12,53.0997998046875,0
2019,8,30,1,12,54.9498000488281,0
2019,8,30,1,12,56.7997998046875,0
2019,8,30,1,12,58.6497998046875,0
2019,8,30,1,13,0.499800048828125,0
2019,8,30,1,13,2.3497998046875,0
2019,8,30,1,13,4.19980004882813,0
2019,8,30,1,13,6.0497998046875,0
2019,8,30,1,13,7.8997998046875,0
2019,8,30,1,13,9.74980004882812,0
2019,8,30,1,13,11.5997998046875,0
2019,8,30,1,13,13.4498000488281,0
2019,8,30,1,13,15.2997998046875,0
2019,8,30,1,13,17.1497998046875,0
2019,8,30,1,13,18.9998000488281,0
2019,8,30,1,13,20.8497998046875,0
2019,8,30,1,13,22.6998000488281,0
2019,8,30,1,13,24.5497998046875,0
2019,8,30,1,13,26.3997998046875,0
2019,8,30,1,13,28.2498000488281,0
2019,8,30,1,13,30.0997998046875,0
2019,8,30,1,13,31.9498000488281,0
2019,8,30,1,13,33.7997998046875,0
2019,8,30,1,13,35.6497998046875,0
2019,8,30,1,13,37.4998000488281,0
2019,8,30,1,13,39.3497998046875,0
2019,8,30,1,13,41.1998000488281,0
2019,8,30,1,13,43.0497998046875,0
2019,8,30,1,13,44.8997998046875,0
2019,8,30,1,13,46.7498000488281,0
2019,8,30,1,13,48.5997998046875,0
2019,8,30,1,13,50.4498000488281,0
2019,8,30,1,13,52.2997998046875,0
2019,8,30,1,13,54.1497998046875,0
2019,8,30,1,13,55.9998000488281,0
2019,8,30,1,13,57.8497998046875,0
2019,8,30,1,13,59.6998000488281,0
2019,8,30,1,14,1.5497998046875,0
2019,8,30,1,14,3.3997998046875,0
2019,8,30,1,14,5.24980004882813,0
2019,8,30,1,14,7.0997998046875,0
2019,8,30,1,14,8.94980004882813,0
2019,8,30,1,14,10.7997998046875,0
2019,8,30,1,14,12.6497998046875,0
2019,8,30,1,14,14.4998000488281,0
2019,8,30,1,14,16.3497998046875,0
2019,8,30,1,14,18.1998000488281,0
2019,8,30,1,14,20.0497998046875,0
2019,8,30,1,14,21.8997998046875,0
2019,8,30,1,14,23.7498000488281,0
2019,8,30,1,14,25.5997998046875,0
2019,8,30,1,14,27.4498000488281,0
2019,8,30,1,14,29.2997998046875,0
2019,8,30,1,14,31.1497998046875,0
2019,8,30,1,14,32.9998000488281,0
2019,8,30,1,14,34.8497998046875,0
2019,8,30,1,14,36.6998000488281,0
2019,8,30,1,14,38.5497998046875,0
2019,8,30,1,14,40.3997998046875,0
2019,8,30,1,14,42.2498000488281,0
2019,8,30,1,14,44.0997998046875,0
2019,8,30,1,14,45.9498000488281,0
2019,8,30,1,14,47.7997998046875,0
2019,8,30,1,14,49.6497998046875,0
2019,8,30,1,14,51.4998000488281,0
2019,8,30,1,14,53.3497998046875,0
2019,8,30,1,14,55.1998000488281,0
2019,8,30,1,14,57.0497998046875,0
2019,8,30,1,14,58.8997998046875,0
2019,8,30,1,15,0.749800048828125,0
2019,8,30,1,15,2.5997998046875,0
2019,8,30,1,15,4.44980004882813,0
2019,8,30,1,15,6.2997998046875,0
2019,8,30,1,15,8.1497998046875,0
2019,8,30,1,15,9.99980004882812,0
2019,8,30,1,15,11.8497998046875,0
2019,8,30,1,15,13.6998000488281,0
2019,8,30,1,15,15.5497998046875,0
2019,8,30,1,15,17.3997998046875,0
2019,8,30,1,15,19.2498000488281,0
2019,8,30,1,15,21.0997998046875,0
2019,8,30,1,15,22.9498000488281,0
2019,8,30,1,15,24.7997998046875,0
2019,8,30,1,15,26.6497998046875,0
2019,8,30,1,15,28.4998000488281,0
2019,8,30,1,15,30.3497998046875,0
2019,8,30,1,15,32.1998000488281,0
2019,8,30,1,15,34.0497998046875,0
2019,8,30,1,15,35.8997998046875,0
2019,8,30,1,15,37.7498000488281,0
2019,8,30,1,15,39.5997998046875,0
2019,8,30,1,15,41.4498000488281,0
2019,8,30,1,15,43.2997998046875,0
2019,8,30,1,15,45.1497998046875,0
2019,8,30,1,15,46.9998000488281,0
2019,8,30,1,15,48.8497998046875,0
2019,8,30,1,15,50.6998000488281,0
2019,8,30,1,15,52.5497998046875,0
2019,8,30,1,15,54.3997998046875,0
2019,8,30,1,15,56.2498000488281,0
2019,8,30,1,15,58.0997998046875,0
2019,8,30,1,15,59.9498000488281,0
2019,8,30,1,16,1.7997998046875,0
2019,8,30,1,16,3.6497998046875,0
2019,8,30,1,16,5.49980004882813,0
2019,8,30,1,16,7.3497998046875,0
2019,8,30,1,16,9.19980004882813,0
2019,8,30,1,16,11.0497998046875,0
2019,8,30,1,16,12.8997998046875,0
2019,8,30,1,16,14.7498000488281,0
2019,8,30,1,16,16.5997998046875,0
2019,8,30,1,16,18.4498000488281,0
2019,8,30,1,16,20.2997998046875,0
2019,8,30,1,16,22.1497998046875,0
2019,8,30,1,16,23.9998000488281,0
2019,8,30,1,16,25.8497998046875,0
2019,8,30,1,16,27.6998000488281,0
2019,8,30,1,16,29.5497998046875,0
2019,8,30,1,16,31.3997998046875,1
2019,8,30,1,16,33.2498000488281,1
2019,8,30,1,16,35.0997998046875,1
2019,8,30,1,16,36.8997998046875,1
2019,8,30,1,16,38.7997998046875,1
2019,8,30,1,16,40.6998000488281,1
2019,8,30,1,16,42.5497998046875,1
2019,8,30,1,16,44.3997998046875,1
2019,8,30,1,16,46.1998000488281,1
2019,8,30,1,16,48.0497998046875,1
2019,8,30,1,16,49.8997998046875,1
2019,8,30,1,16,51.7498000488281,1
2019,8,30,1,16,53.5497998046875,1
2019,8,30,1,16,55.4498000488281,1
2019,8,30,1,16,57.2997998046875,1
2019,8,30,1,16,59.1497998046875,1
2019,8,30,1,17,0.999800048828125,1
2019,8,30,1,17,2.8497998046875,1
2019,8,30,1,17,4.69980004882813,1
2019,8,30,1,17,6.5497998046875,1
2019,8,30,1,17,8.3997998046875,1
2019,8,30,1,17,10.2498000488281,1
2019,8,30,1,17,12.0997998046875,1
2019,8,30,1,17,13.7997998046875,1
2019,8,30,1,17,15.3997998046875,1
2019,8,30,1,17,17.0997998046875,1
2019,8,30,1,17,18.9498000488281,1
2019,8,30,1,17,20.7997998046875,1
2019,8,30,1,17,22.6497998046875,1
2019,8,30,1,17,24.4998000488281,1
2019,8,30,1,17,26.3997998046875,1
2019,8,30,1,17,28.2498000488281,1
2019,8,30,1,17,30.0497998046875,1
2019,8,30,1,17,31.9498000488281,1
2019,8,30,1,17,33.7997998046875,1
2019,8,30,1,17,35.5997998046875,1
2019,8,30,1,17,37.4498000488281,1
2019,8,30,1,17,39.3497998046875,1
2019,8,30,1,17,41.1998000488281,1
2019,8,30,1,17,43.0497998046875,1
2019,8,30,1,17,44.8997998046875,1
2019,8,30,1,17,46.7498000488281,1
2019,8,30,1,17,48.5997998046875,1
2019,8,30,1,17,50.4498000488281,1
2019,8,30,1,17,52.2997998046875,0
2019,8,30,1,17,54.1497998046875,0
2019,8,30,1,17,55.9998000488281,0
2019,8,30,1,17,57.8497998046875,1
2019,8,30,1,17,59.6998000488281,1
2019,8,30,1,18,1.5497998046875,1
2019,8,30,1,18,3.3997998046875,1
2019,8,30,1,18,5.24980004882813,1
2019,8,30,1,18,7.0997998046875,1
2019,8,30,1,18,8.94980004882813,1
2019,8,30,1,18,10.7997998046875,2
2019,8,30,1,18,12.6497998046875,2
2019,8,30,1,18,14.4998000488281,2
2019,8,30,1,18,16.3497998046875,2
2019,8,30,1,18,18.1998000488281,2
2019,8,30,1,18,20.0497998046875,2
2019,8,30,1,18,21.8997998046875,2
2019,8,30,1,18,23.7498000488281,2
2019,8,30,1,18,25.5497998046875,2
2019,8,30,1,18,27.4498000488281,2
2019,8,30,1,18,29.2997998046875,2
2019,8,30,1,18,31.0997998046875,2
2019,8,30,1,18,32.9998000488281,2
2019,8,30,1,18,34.8497998046875,2
2019,8,30,1,18,36.6998000488281,2
2019,8,30,1,18,38.5497998046875,2
2019,8,30,1,18,40.3997998046875,2
2019,8,30,1,18,42.2498000488281,2
2019,8,30,1,18,44.0997998046875,2
2019,8,30,1,18,45.9498000488281,2
2019,8,30,1,18,47.7498000488281,2
2019,8,30,1,18,49.5997998046875,2
2019,8,30,1,18,51.4998000488281,2
2019,8,30,1,18,53.3497998046875,2
2019,8,30,1,18,55.1998000488281,2
2019,8,30,1,18,57.0497998046875,0
2019,8,30,1,18,58.8997998046875,0
2019,8,30,1,19,0.749800048828125,0
2019,8,30,1,19,2.5997998046875,0
2019,8,30,1,19,4.44980004882813,0
2019,8,30,1,19,6.2997998046875,0
2019,8,30,1,19,8.1497998046875,0
2019,8,30,1,19,9.99980004882812,0
2019,8,30,1,19,11.8497998046875,0
2019,8,30,1,19,13.7498000488281,0
2019,8,30,1,19,15.6497998046875,0
2019,8,30,1,19,17.5997998046875,0
2019,8,30,1,19,19.4998000488281,0
2019,8,30,1,19,21.3997998046875,0
2019,8,30,1,19,23.1497998046875,0
2019,8,30,1,19,24.9498000488281,0
2019,8,30,1,19,26.8497998046875,0
2019,8,30,1,19,28.7498000488281,0
2019,8,30,1,19,30.5997998046875,0
2019,8,30,1,19,32.3997998046875,0
2019,8,30,1,19,34.1998000488281,0
2019,8,30,1,19,36.0497998046875,0
2019,8,30,1,19,37.9498000488281,0
2019,8,30,1,19,39.8997998046875,0
2019,8,30,1,19,41.7498000488281,0
2019,8,30,1,19,43.6497998046875,0
2019,8,30,1,19,45.4998000488281,0
2019,8,30,1,19,47.3997998046875,0
2019,8,30,1,19,49.2498000488281,0
2019,8,30,1,19,51.0997998046875,1
2019,8,30,1,19,52.9498000488281,1
2019,8,30,1,19,54.7997998046875,1
2019,8,30,1,19,56.6998000488281,1
2019,8,30,1,19,58.5497998046875,1
2019,8,30,1,20,0.3997998046875,1
2019,8,30,1,20,2.24980004882813,1
2019,8,30,1,20,4.0997998046875,1
2019,8,30,1,20,5.94980004882813,1
2019,8,30,1,20,7.7997998046875,1
2019,8,30,1,20,9.69980004882813,1
2019,8,30,1,20,11.4998000488281,1
2019,8,30,1,20,13.3997998046875,1
2019,8,30,1,20,15.2498000488281,1
2019,8,30,1,20,17.0997998046875,1
2019,8,30,1,20,18.9498000488281,1
2019,8,30,1,20,20.7997998046875,1
2019,8,30,1,20,22.6497998046875,1
2019,8,30,1,20,24.4498000488281,1
2019,8,30,1,20,26.3497998046875,1
2019,8,30,1,20,28.1998000488281,1
2019,8,30,1,20,30.0497998046875,1
2019,8,30,1,20,31.8497998046875,1
2019,8,30,1,20,33.6998000488281,1
2019,8,30,1,20,35.5997998046875,1
2019,8,30,1,20,37.4498000488281,1
2019,8,30,1,20,39.2498000488281,1
2019,8,30,1,20,41.1497998046875,1
2019,8,30,1,20,42.9998000488281,1
2019,8,30,1,20,44.8497998046875,1
2019,8,30,1,20,46.6497998046875,1
2019,8,30,1,20,48.5497998046875,1
2019,8,30,1,20,50.3997998046875,1
2019,8,30,1,20,52.2498000488281,1
2019,8,30,1,20,54.0997998046875,1
2019,8,30,1,20,55.9498000488281,1
2019,8,30,1,20,57.7997998046875,1
2019,8,30,1,20,59.6998000488281,1
2019,8,30,1,21,1.5497998046875,1
2019,8,30,1,21,3.3997998046875,1
2019,8,30,1,21,5.19980004882813,1
2019,8,30,1,21,7.0497998046875,1
2019,8,30,1,21,8.8997998046875,1
2019,8,30,1,21,10.7498000488281,1
2019,8,30,1,21,12.5997998046875,1
2019,8,30,1,21,14.4498000488281,1
2019,8,30,1,21,16.2997998046875,1
2019,8,30,1,21,18.1497998046875,1
2019,8,30,1,21,19.9998000488281,1
2019,8,30,1,21,21.8497998046875,1
2019,8,30,1,21,23.6998000488281,1
2019,8,30,1,21,25.5497998046875,1
2019,8,30,1,21,27.3997998046875,1
2019,8,30,1,21,29.2498000488281,1
2019,8,30,1,21,31.0997998046875,1
2019,8,30,1,21,32.9498000488281,1
2019,8,30,1,21,34.7997998046875,1
2019,8,30,1,21,36.6497998046875,1
2019,8,30,1,21,38.4998000488281,1
2019,8,30,1,21,40.3497998046875,1
2019,8,30,1,21,42.1998000488281,1
2019,8,30,1,21,44.0497998046875,1
2019,8,30,1,21,45.8997998046875,1
2019,8,30,1,21,47.7498000488281,1
2019,8,30,1,21,49.5997998046875,1
2019,8,30,1,21,51.4498000488281,1
2019,8,30,1,21,53.2997998046875,1
2019,8,30,1,21,55.1497998046875,1
2019,8,30,1,21,56.9998000488281,1
2019,8,30,1,21,58.8497998046875,1
2019,8,30,1,22,0.699800048828125,1
2019,8,30,1,22,2.5497998046875,1
2019,8,30,1,22,4.3997998046875,1
2019,8,30,1,22,6.24980004882813,1
2019,8,30,1,22,8.0497998046875,1
2019,8,30,1,22,9.94980004882813,1
2019,8,30,1,22,11.7498000488281,1
2019,8,30,1,22,13.5997998046875,1
2019,8,30,1,22,15.4498000488281,1
2019,8,30,1,22,17.2997998046875,1
2019,8,30,1,22,19.1497998046875,1
2019,8,30,1,22,21.0497998046875,1
2019,8,30,1,22,22.8997998046875,1
2019,8,30,1,22,24.6998000488281,1
2019,8,30,1,22,26.5497998046875,1
2019,8,30,1,22,28.3997998046875,1
2019,8,30,1,22,30.2997998046875,1
2019,8,30,1,22,32.1497998046875,1
2019,8,30,1,22,33.9998000488281,1
2019,8,30,1,22,35.8497998046875,1
2019,8,30,1,22,37.6998000488281,1
2019,8,30,1,22,39.5497998046875,1
2019,8,30,1,22,41.3997998046875,1
2019,8,30,1,22,43.2498000488281,1
2019,8,30,1,23,19.9998000488281,1
2019,8,30,1,23,21.8497998046875,1
2019,8,30,1,23,23.7498000488281,1
2019,8,30,1,23,25.5997998046875,1
2019,8,30,1,23,27.4498000488281,1
2019,8,30,1,23,29.2997998046875,1
2019,8,30,1,23,31.1497998046875,1
2019,8,30,1,23,32.9998000488281,1
2019,8,30,1,23,34.8497998046875,1
2019,8,30,1,23,36.6998000488281,1
2019,8,30,1,23,38.4998000488281,1
2019,8,30,1,23,40.3497998046875,1
2019,8,30,1,23,42.1998000488281,1
2019,8,30,1,23,44.0497998046875,1
2019,8,30,1,23,45.8997998046875,1
2019,8,30,1,23,47.7498000488281,1
2019,8,30,1,23,49.5997998046875,1
2019,8,30,1,23,51.4498000488281,1
2019,8,30,1,23,53.2997998046875,1
2019,8,30,1,23,55.1497998046875,1
2019,8,30,1,23,56.9998000488281,1
2019,8,30,1,23,58.8497998046875,1
2019,8,30,1,24,0.699800048828125,1
2019,8,30,1,24,2.5497998046875,1
2019,8,30,1,24,4.3997998046875,1
2019,8,30,1,24,6.24980004882813,1
2019,8,30,1,24,8.0497998046875,1
2019,8,30,1,24,9.94980004882813,1
2019,8,30,1,24,11.7997998046875,1
2019,8,30,1,24,13.6497998046875,1
2019,8,30,1,24,15.4998000488281,1
2019,8,30,1,24,17.3497998046875,1
2019,8,30,1,24,19.1998000488281,1
2019,8,30,1,24,21.0497998046875,1
2019,8,30,1,24,22.8997998046875,1
2019,8,30,1,24,24.7498000488281,1
2019,8,30,1,24,26.5997998046875,1
2019,8,30,1,24,28.4498000488281,1
2019,8,30,1,24,30.2997998046875,1
2019,8,30,1,24,32.1497998046875,1
2019,8,30,1,24,33.9998000488281,1
2019,8,30,1,24,35.8497998046875,1
2019,8,30,1,24,37.6998000488281,0
2019,8,30,1,24,39.5497998046875,0
2019,8,30,1,24,41.3997998046875,0
2019,8,30,1,24,43.2498000488281,0
2019,8,30,1,24,45.0997998046875,0
2019,8,30,1,24,46.9498000488281,0
2019,8,30,1,24,48.7997998046875,0
2019,8,30,1,24,50.6497998046875,0
2019,8,30,1,24,52.4998000488281,0
2019,8,30,1,24,54.3497998046875,0
2019,8,30,1,24,56.1998000488281,0
2019,8,30,1,24,58.0497998046875,0
2019,8,30,1,24,59.8997998046875,0
2019,8,30,1,25,1.74980004882813,0
2019,8,30,1,25,3.5997998046875,0
2019,8,30,1,25,5.44980004882813,0
2019,8,30,1,25,7.2997998046875,0
2019,8,30,1,25,9.1497998046875,0
2019,8,30,1,25,10.9998000488281,0
2019,8,30,1,25,12.8497998046875,0
2019,8,30,1,25,14.6998000488281,0
2019,8,30,1,25,16.5497998046875,0
2019,8,30,1,25,18.3997998046875,0
2019,8,30,1,25,20.2498000488281,0
2019,8,30,1,25,22.0997998046875,0
2019,8,30,1,25,23.9498000488281,0
2019,8,30,1,25,25.7997998046875,0
2019,8,30,1,25,27.6497998046875,0
2019,8,30,1,25,29.4998000488281,0
2019,8,30,1,25,31.3497998046875,0
2019,8,30,1,25,33.1998000488281,0
2019,8,30,1,25,35.0497998046875,0
2019,8,30,1,25,36.8997998046875,0
2019,8,30,1,25,38.7498000488281,0
2019,8,30,1,25,40.5997998046875,0
2019,8,30,1,25,42.4498000488281,0
2019,8,30,1,25,44.2997998046875,0
2019,8,30,1,25,46.1497998046875,0
2019,8,30,1,25,47.9998000488281,0
2019,8,30,1,25,49.8497998046875,0
2019,8,30,1,25,51.6998000488281,0
2019,8,30,1,25,53.5497998046875,0
2019,8,30,1,25,55.3997998046875,0
2019,8,30,1,25,57.2498000488281,0
2019,8,30,1,25,59.0997998046875,0
2019,8,30,1,26,0.949800048828125,0
2019,8,30,1,26,2.7997998046875,0
2019,8,30,1,26,4.6497998046875,0
2019,8,30,1,26,6.49980004882813,0
2019,8,30,1,26,8.3497998046875,0
2019,8,30,1,26,10.1998000488281,0
2019,8,30,1,26,12.0497998046875,0
2019,8,30,1,26,13.8997998046875,0
2019,8,30,1,26,15.7498000488281,0
2019,8,30,1,26,17.5997998046875,0
2019,8,30,1,26,19.4498000488281,0
2019,8,30,1,26,21.2997998046875,0
2019,8,30,1,26,23.1497998046875,0
2019,8,30,1,26,24.9998000488281,0
2019,8,30,1,26,26.8497998046875,0
2019,8,30,1,26,28.6998000488281,0
2019,8,30,1,26,30.5497998046875,0
2019,8,30,1,26,32.3997998046875,0
2019,8,30,1,26,34.2498000488281,0
2019,8,30,1,26,36.0997998046875,0
2019,8,30,1,26,37.9498000488281,0
2019,8,30,1,26,39.7997998046875,0
2019,8,30,1,26,41.6497998046875,0
2019,8,30,1,26,43.4998000488281,0
2019,8,30,1,26,45.3497998046875,0
2019,8,30,1,26,47.1998000488281,0
2019,8,30,1,26,49.0497998046875,0
2019,8,30,1,26,50.8997998046875,0
2019,8,30,1,26,52.7498000488281,0
2019,8,30,1,26,54.5997998046875,0
2019,8,30,1,26,56.4498000488281,0
2019,8,30,1,26,58.2997998046875,0
2019,8,30,1,27,0.1497998046875,0
2019,8,30,1,27,1.99980004882813,0
2019,8,30,1,27,3.8497998046875,0
2019,8,30,1,27,5.69980004882813,0
2019,8,30,1,27,7.5497998046875,0
2019,8,30,1,27,9.3997998046875,0
2019,8,30,1,27,11.2498000488281,0
2019,8,30,1,27,13.0997998046875,0
2019,8,30,1,27,14.9498000488281,0
2019,8,30,1,27,16.7997998046875,0
2019,8,30,1,27,18.6497998046875,0
2019,8,30,1,27,20.4998000488281,0
2019,8,30,1,27,22.3497998046875,0
2019,8,30,1,27,24.1998000488281,0
2019,8,30,1,27,26.0497998046875,0
2019,8,30,1,27,27.8997998046875,0
2019,8,30,1,27,29.7498000488281,0
2019,8,30,1,27,31.5997998046875,0
2019,8,30,1,27,33.4498000488281,0
2019,8,30,1,27,35.2997998046875,0
2019,8,30,1,27,37.1497998046875,0
2019,8,30,1,27,38.9998000488281,0
2019,8,30,1,27,40.8497998046875,0
2019,8,30,1,27,42.6998000488281,0
2019,8,30,1,27,44.5497998046875,0
2019,8,30,1,27,46.3997998046875,0
2019,8,30,1,27,48.2498000488281,0
2019,8,30,1,27,50.0997998046875,0
2019,8,30,1,27,51.9498000488281,0
2019,8,30,1,27,53.7997998046875,0
2019,8,30,1,27,55.6497998046875,0
2019,8,30,1,27,57.4998000488281,0
2019,8,30,1,27,59.3497998046875,0
2019,8,30,1,28,1.19980004882813,0
2019,8,30,1,28,3.0497998046875,0
2019,8,30,1,28,4.8997998046875,0
2019,8,30,1,28,6.74980004882813,0
2019,8,30,1,28,8.5997998046875,0
2019,8,30,1,28,10.4498000488281,0
2019,8,30,1,28,12.2997998046875,0
2019,8,30,1,28,14.1497998046875,0
2019,8,30,1,28,15.9998000488281,0
2019,8,30,1,28,17.8497998046875,0
2019,8,30,1,28,19.6998000488281,0
2019,8,30,1,28,21.5497998046875,0
2019,8,30,1,28,23.3997998046875,0
2019,8,30,1,28,25.2498000488281,0
2019,8,30,1,28,27.0997998046875,0
2019,8,30,1,28,28.9498000488281,0
2019,8,30,1,28,30.7997998046875,0
2019,8,30,1,28,32.6497998046875,0
2019,8,30,1,28,34.4998000488281,0
2019,8,30,1,28,36.3497998046875,0
2019,8,30,1,28,38.1998000488281,0
2019,8,30,1,28,40.0497998046875,0
2019,8,30,1,28,41.8997998046875,0
2019,8,30,1,28,43.7498000488281,1
2019,8,30,1,28,45.5997998046875,2
2019,8,30,1,28,47.4498000488281,2
2019,8,30,1,28,49.2997998046875,2
2019,8,30,1,28,51.1497998046875,2
2019,8,30,1,28,52.9998000488281,2
2019,8,30,1,28,54.8497998046875,2
2019,8,30,1,28,56.6998000488281,2
2019,8,30,1,28,58.5497998046875,2
2019,8,30,1,29,0.3997998046875,2
2019,8,30,1,29,2.24980004882813,2
2019,8,30,1,29,4.0997998046875,2
2019,8,30,1,29,5.94980004882813,2
2019,8,30,1,29,7.7997998046875,2
2019,8,30,1,29,9.6497998046875,2
2019,8,30,1,29,11.4498000488281,2
2019,8,30,1,29,13.3497998046875,2
2019,8,30,1,29,15.1998000488281,2
2019,8,30,1,29,17.0497998046875,2
2019,8,30,1,29,18.8997998046875,2
2019,8,30,1,29,20.7498000488281,2
2019,8,30,1,29,22.5997998046875,2
2019,8,30,1,29,24.4498000488281,2
2019,8,30,1,29,26.2498000488281,2
2019,8,30,1,29,28.0997998046875,2
2019,8,30,1,29,29.9998000488281,2
2019,8,30,1,29,31.8997998046875,2
2019,8,30,1,29,33.6497998046875,2
2019,8,30,1,29,35.4998000488281,2
2019,8,30,1,29,37.3997998046875,2
2019,8,30,1,29,39.1497998046875,2
2019,8,30,1,29,41.0497998046875,2
2019,8,30,1,29,42.9998000488281,2
2019,8,30,1,29,44.8497998046875,2
2019,8,30,1,29,46.6497998046875,2
2019,8,30,1,29,48.4998000488281,2
2019,8,30,1,29,50.3497998046875,2
2019,8,30,1,29,52.2498000488281,2
2019,8,30,1,29,54.0497998046875,2
2019,8,30,1,29,55.8997998046875,2
2019,8,30,1,29,57.7997998046875,2
2019,8,30,1,29,59.6497998046875,2
2019,8,30,1,30,1.49980004882813,0
2019,8,30,1,30,3.3497998046875,0
2019,8,30,1,30,5.1497998046875,0
2019,8,30,1,30,6.99980004882813,0
2019,8,30,1,30,8.8497998046875,0
2019,8,30,1,30,10.6998000488281,0
2019,8,30,1,30,12.5497998046875,0
2019,8,30,1,30,14.3997998046875,0
2019,8,30,1,30,16.2498000488281,0
2019,8,30,1,30,18.0997998046875,0
2019,8,30,1,30,19.9498000488281,0
2019,8,30,1,30,21.7997998046875,0
2019,8,30,1,30,23.6497998046875,0
2019,8,30,1,30,25.4998000488281,0
2019,8,30,1,30,27.3497998046875,0
2019,8,30,1,30,29.1998000488281,0
2019,8,30,1,30,31.0497998046875,0
2019,8,30,1,30,32.8997998046875,0
2019,8,30,1,30,34.7498000488281,0
2019,8,30,1,30,36.5997998046875,0
2019,8,30,1,30,38.4498000488281,0
2019,8,30,1,30,40.2997998046875,0
2019,8,30,1,30,42.1497998046875,0
2019,8,30,1,30,43.9998000488281,0
2019,8,30,1,30,45.8497998046875,0
2019,8,30,1,30,47.6998000488281,0
2019,8,30,1,30,49.5497998046875,0
2019,8,30,1,30,51.3997998046875,0
2019,8,30,1,30,53.2498000488281,0
2019,8,30,1,30,55.0997998046875,0
2019,8,30,1,30,56.9498000488281,0
2019,8,30,1,30,58.7997998046875,0
2019,8,30,1,31,0.6497998046875,0
2019,8,30,1,31,2.49980004882813,0
2019,8,30,1,31,4.3497998046875,0
2019,8,30,1,31,6.19980004882813,0
2019,8,30,1,31,8.0497998046875,0
2019,8,30,1,31,9.8997998046875,0
2019,8,30,1,31,11.7498000488281,0
2019,8,30,1,31,13.5997998046875,0
2019,8,30,1,31,15.4498000488281,0
2019,8,30,1,31,17.2997998046875,0
2019,8,30,1,31,19.1497998046875,0
2019,8,30,1,31,21.1998000488281,0
2019,8,30,1,31,23.1998000488281,0
2019,8,30,1,31,24.9498000488281,0
2019,8,30,1,31,26.7498000488281,0
2019,8,30,1,31,28.6497998046875,0
2019,8,30,1,31,30.5497998046875,0
2019,8,30,1,31,32.3997998046875,0
2019,8,30,1,31,34.2498000488281,0
2019,8,30,1,31,36.1497998046875,0
2019,8,30,1,31,37.9998000488281,0
2019,8,30,1,31,39.7997998046875,0
2019,8,30,1,31,41.6497998046875,0
2019,8,30,1,31,43.5997998046875,1
2019,8,30,1,31,45.4498000488281,1
2019,8,30,1,31,47.2997998046875,1
2019,8,30,1,31,49.1497998046875,1
2019,8,30,1,31,50.9998000488281,1
2019,8,30,1,31,52.8497998046875,1
2019,8,30,1,31,54.6998000488281,1
2019,8,30,1,31,56.5497998046875,1
2019,8,30,1,31,58.3997998046875,1
2019,8,30,1,32,0.249800048828125,1
2019,8,30,1,32,2.0997998046875,1
2019,8,30,1,32,3.94980004882812,1
2019,8,30,1,32,5.7997998046875,1
2019,8,30,1,32,7.6497998046875,1
2019,8,30,1,32,9.49980004882812,1
2019,8,30,1,32,11.3497998046875,1
2019,8,30,1,32,13.1998000488281,0
2019,8,30,1,32,15.0497998046875,0
2019,8,30,1,32,16.8497998046875,0
2019,8,30,1,32,18.5997998046875,0
2019,8,30,1,32,20.2997998046875,0
2019,8,30,1,32,21.9998000488281,0
2019,8,30,1,32,23.7997998046875,0
2019,8,30,1,32,25.6998000488281,0
2019,8,30,1,32,27.5997998046875,0
2019,8,30,1,32,29.4498000488281,0
2019,8,30,1,32,31.2498000488281,0
2019,8,30,1,32,33.0997998046875,0
2019,8,30,1,32,34.9998000488281,0
2019,8,30,1,32,36.8497998046875,0
2019,8,30,1,32,38.6497998046875,0
2019,8,30,1,32,40.4998000488281,0
2019,8,30,1,32,42.3497998046875,0
2019,8,30,1,32,44.1998000488281,0
2019,8,30,1,32,46.0997998046875,0
2019,8,30,1,32,47.9498000488281,0
2019,8,30,1,32,49.7997998046875,0
2019,8,30,1,32,51.5997998046875,0
2019,8,30,1,32,53.4998000488281,0
2019,8,30,1,32,55.3497998046875,0
2019,8,30,1,32,57.1998000488281,0
2019,8,30,1,32,59.0497998046875,0
2019,8,30,1,33,0.8997998046875,0
2019,8,30,1,33,2.74980004882813,0
2019,8,30,1,33,4.5997998046875,0
2019,8,30,1,33,6.44980004882813,0
2019,8,30,1,33,8.2997998046875,0
2019,8,30,1,33,10.1497998046875,0
2019,8,30,1,33,11.9998000488281,0
2019,8,30,1,33,13.8497998046875,0
2019,8,30,1,33,15.6998000488281,0
2019,8,30,1,33,17.5497998046875,0
2019,8,30,1,33,19.3997998046875,0
2019,8,30,1,33,21.2498000488281,0
2019,8,30,1,33,23.0997998046875,0
2019,8,30,1,33,24.9498000488281,0
2019,8,30,1,33,26.7997998046875,0
2019,8,30,1,33,28.6497998046875,0
2019,8,30,1,33,30.4998000488281,0
2019,8,30,1,33,32.3497998046875,0
2019,8,30,1,33,34.1998000488281,0
2019,8,30,1,33,36.0497998046875,0
2019,8,30,1,33,37.8997998046875,0
2019,8,30,1,33,39.6998000488281,0
2019,8,30,1,33,41.5997998046875,0
2019,8,30,1,33,43.4498000488281,0
2019,8,30,1,33,45.2997998046875,0
2019,8,30,1,33,47.1497998046875,0
2019,8,30,1,33,48.9998000488281,0
2019,8,30,1,33,50.8497998046875,0
2019,8,30,1,33,52.6998000488281,0
2019,8,30,1,33,54.5497998046875,0
2019,8,30,1,33,56.3997998046875,0
2019,8,30,1,33,58.2498000488281,0
2019,8,30,1,34,0.0997998046875,0
2019,8,30,1,34,1.99980004882813,0
2019,8,30,1,34,3.8497998046875,0
2019,8,30,1,34,5.69980004882813,0
2019,8,30,1,34,7.5497998046875,0
2019,8,30,1,34,9.3997998046875,0
2019,8,30,1,34,11.1998000488281,0
2019,8,30,1,34,13.0497998046875,0
2019,8,30,1,34,14.8997998046875,0
2019,8,30,1,34,16.7498000488281,0
2019,8,30,1,34,18.5997998046875,0
2019,8,30,1,34,20.4498000488281,0
2019,8,30,1,34,22.2997998046875,0
2019,8,30,1,34,24.1497998046875,0
2019,8,30,1,34,25.9998000488281,0
2019,8,30,1,34,27.8497998046875,0
2019,8,30,1,34,29.6998000488281,0
2019,8,30,1,34,31.5497998046875,0
2019,8,30,1,34,33.3997998046875,0
2019,8,30,1,34,35.2498000488281,0
2019,8,30,1,34,37.0997998046875,0
2019,8,30,1,34,38.9498000488281,0
2019,8,30,1,34,40.7997998046875,0
2019,8,30,4,32,32.2498000488281,1
2019,8,30,4,32,34.0997998046875,1
2019,8,30,4,32,35.9498000488281,1
2019,8,30,4,32,37.7997998046875,1
2019,8,30,4,32,39.6497998046875,1
2019,8,30,4,32,41.4998000488281,1
2019,8,30,4,32,43.3497998046875,1
2019,8,30,4,32,45.1998000488281,1
2019,8,30,4,32,47.0497998046875,1
2019,8,30,4,32,48.8997998046875,1
2019,8,30,4,32,50.7498000488281,1
2019,8,30,4,32,52.5997998046875,1
2019,8,30,4,32,54.4498000488281,1
2019,8,30,4,32,56.2997998046875,1
2019,8,30,4,32,58.1497998046875,1
2019,8,30,4,32,59.9998000488281,1
2019,8,30,4,33,1.8497998046875,1
2019,8,30,4,33,3.69980004882812,1
2019,8,30,4,33,5.5497998046875,1
2019,8,30,4,33,7.3997998046875,1
2019,8,30,4,33,9.24980004882812,1
2019,8,30,4,33,11.0997998046875,1
2019,8,30,4,33,12.9498000488281,1
2019,8,30,4,33,14.7997998046875,1
2019,8,30,4,33,16.6497998046875,1
2019,8,30,4,33,18.4998000488281,1
2019,8,30,4,33,20.3497998046875,1
2019,8,30,4,33,22.1998000488281,1
2019,8,30,4,33,24.0497998046875,1
2019,8,30,4,33,25.8997998046875,1
2019,8,30,4,33,27.7498000488281,1
2019,8,30,4,33,29.5997998046875,1
2019,8,30,4,33,31.4498000488281,1
2019,8,30,4,33,33.2997998046875,1
2019,8,30,4,33,35.1497998046875,1
2019,8,30,4,33,36.9998000488281,1
2019,8,30,4,33,38.8497998046875,1
2019,8,30,4,33,40.6998000488281,1
2019,8,30,4,33,42.5497998046875,1
2019,8,30,4,33,44.3997998046875,1
2019,8,30,4,33,46.2498000488281,1
2019,8,30,4,33,48.0997998046875,1
2019,8,30,4,33,49.9498000488281,1
2019,8,30,4,33,51.7997998046875,1
2019,8,30,4,33,53.6497998046875,1
2019,8,30,4,33,55.4998000488281,1
2019,8,30,4,33,57.3497998046875,1
2019,8,30,4,33,59.1998000488281,1
2019,8,30,4,34,1.0497998046875,1
2019,8,30,4,34,2.8997998046875,2
2019,8,30,4,34,4.74980004882813,2
2019,8,30,4,34,6.5997998046875,2
2019,8,30,4,34,8.44980004882813,2
2019,8,30,4,34,10.2997998046875,2
2019,8,30,4,34,12.1497998046875,2
2019,8,30,4,34,13.9998000488281,2
2019,8,30,4,34,15.8497998046875,1
2019,8,30,4,34,17.6998000488281,1
2019,8,30,4,34,19.5497998046875,1
2019,8,30,4,34,21.3997998046875,1
2019,8,30,4,34,23.2498000488281,0
2019,8,30,4,34,25.0997998046875,0
2019,8,30,4,34,26.9498000488281,0
2019,8,30,4,34,28.7997998046875,0
2019,8,30,4,34,30.6497998046875,0
2019,8,30,4,34,32.4998000488281,0
2019,8,30,4,34,34.3497998046875,0
2019,8,30,4,34,36.1998000488281,0
2019,8,30,4,34,38.0497998046875,0
2019,8,30,4,34,39.8997998046875,0
2019,8,30,4,34,41.7498000488281,0
2019,8,30,4,34,43.5997998046875,0
2019,8,30,4,34,45.4498000488281,0
2019,8,30,4,34,47.2997998046875,0
2019,8,30,4,34,49.1497998046875,0
2019,8,30,4,34,50.9998000488281,0
2019,8,30,4,34,52.8497998046875,0
2019,8,30,4,34,54.6998000488281,0
2019,8,30,4,34,56.5497998046875,0
2019,8,30,4,34,58.3997998046875,0
2019,8,30,4,35,0.249800048828125,0
2019,8,30,4,35,2.0997998046875,0
2019,8,30,4,35,3.94980004882812,0
2019,8,30,4,35,5.7997998046875,0
2019,8,30,4,35,7.6497998046875,0
2019,8,30,4,35,9.49980004882812,0
2019,8,30,4,35,11.3497998046875,0
2019,8,30,4,35,13.1998000488281,0
2019,8,30,4,35,15.0497998046875,0
2019,8,30,4,35,16.8997998046875,0
2019,8,30,4,35,18.7498000488281,0
2019,8,30,4,35,20.5997998046875,0
2019,8,30,4,35,22.4498000488281,0
2019,8,30,4,35,24.2997998046875,0
2019,8,30,4,35,26.1497998046875,0
2019,8,30,4,35,27.9998000488281,0
2019,8,30,4,35,29.8497998046875,0
2019,8,30,4,35,31.6998000488281,0
2019,8,30,4,35,33.5497998046875,0
2019,8,30,4,35,35.3997998046875,0
2019,8,30,4,35,37.2498000488281,0
2019,8,30,4,35,39.0997998046875,0
2019,8,30,4,35,40.9498000488281,0
2019,8,30,4,35,42.7997998046875,0
2019,8,30,4,35,44.6497998046875,0
2019,8,30,4,35,46.4998000488281,0
2019,8,30,4,35,48.3497998046875,0
2019,8,30,4,35,50.1998000488281,0
2019,8,30,4,35,52.0497998046875,0
2019,8,30,4,35,53.8997998046875,0
2019,8,30,4,35,55.7498000488281,0
2019,8,30,4,35,57.5997998046875,0
2019,8,30,4,35,59.4498000488281,0
2019,8,30,4,36,1.2997998046875,0
2019,8,30,4,36,3.1497998046875,0
2019,8,30,4,36,4.99980004882813,0
2019,8,30,4,36,6.8497998046875,0
2019,8,30,4,36,8.69980004882813,0
2019,8,30,4,36,10.5497998046875,0
2019,8,30,4,36,12.3997998046875,0
2019,8,30,4,36,14.2498000488281,0
2019,8,30,4,36,16.0997998046875,0
2019,8,30,4,36,17.9498000488281,0
2019,8,30,4,36,19.7997998046875,0
2019,8,30,4,36,21.6497998046875,0
2019,8,30,4,36,23.4998000488281,0
2019,8,30,4,36,25.3497998046875,0
2019,8,30,4,36,27.1998000488281,0
2019,8,30,4,36,29.0497998046875,0
2019,8,30,4,36,30.8997998046875,0
2019,8,30,4,36,32.7498000488281,0
2019,8,30,4,36,34.5997998046875,0
2019,8,30,4,36,36.4498000488281,0
2019,8,30,4,36,38.2997998046875,0
2019,8,30,4,36,40.1497998046875,0
2019,8,30,4,36,41.9998000488281,0
2019,8,30,4,36,43.8497998046875,0
2019,8,30,4,36,45.6998000488281,0
2019,8,30,4,36,47.5497998046875,0
2019,8,30,4,36,49.3997998046875,0
2019,8,30,4,36,51.2498000488281,0
2019,8,30,4,36,53.0997998046875,0
2019,8,30,4,36,54.9498000488281,0
2019,8,30,4,36,56.7997998046875,0
2019,8,30,4,36,58.6497998046875,0
2019,8,30,4,37,0.499800048828125,0
2019,8,30,4,37,2.3497998046875,0
2019,8,30,4,37,4.19980004882813,0
2019,8,30,4,37,6.0497998046875,0
2019,8,30,4,37,7.8997998046875,0
2019,8,30,4,37,9.74980004882812,0
2019,8,30,4,37,11.5997998046875,0
2019,8,30,4,37,13.4498000488281,0
2019,8,30,4,37,15.2997998046875,0
2019,8,30,4,37,17.1998000488281,0
2019,8,30,4,37,19.0497998046875,0
2019,8,30,4,37,20.8997998046875,0
2019,8,30,4,37,22.7997998046875,0
2019,8,30,4,37,24.6998000488281,0
2019,8,30,4,37,26.5997998046875,0
2019,8,30,4,37,28.4998000488281,1
2019,8,30,4,37,30.3497998046875,1
2019,8,30,4,37,32.1998000488281,1
2019,8,30,4,37,34.0497998046875,1
2019,8,30,4,37,35.9498000488281,1
2019,8,30,4,37,37.7997998046875,1
2019,8,30,4,37,39.6497998046875,1
2019,8,30,4,37,41.4998000488281,1
2019,8,30,4,37,43.2997998046875,1
2019,8,30,4,37,44.9998000488281,1
2019,8,30,4,37,46.8997998046875,1
2019,8,30,4,37,48.7498000488281,1
2019,8,30,4,37,50.5497998046875,1
2019,8,30,4,37,52.3497998046875,1
2019,8,30,4,37,54.1497998046875,1
2019,8,30,4,37,55.9998000488281,1
2019,8,30,4,37,57.8497998046875,1
2019,8,30,4,37,59.6998000488281,1
2019,8,30,4,38,1.5497998046875,1
2019,8,30,4,38,3.3997998046875,1
2019,8,30,4,38,5.24980004882813,1
2019,8,30,4,38,7.0997998046875,1
2019,8,30,4,38,8.94980004882813,1
2019,8,30,4,38,10.7997998046875,1
2019,8,30,4,38,12.6497998046875,1
2019,8,30,4,38,14.4998000488281,1
2019,8,30,4,38,16.3497998046875,1
2019,8,30,4,38,18.1998000488281,1
2019,8,30,4,38,20.0497998046875,1
2019,8,30,4,38,21.8997998046875,1
2019,8,30,4,38,23.7498000488281,1
2019,8,30,4,38,25.5997998046875,1
2019,8,30,4,38,27.4498000488281,1
2019,8,30,4,38,29.2997998046875,1
2019,8,30,4,38,31.1497998046875,1
2019,8,30,4,38,32.9998000488281,1
2019,8,30,4,38,34.8497998046875,1
2019,8,30,4,38,36.6998000488281,1
2019,8,30,4,38,38.5497998046875,1
2019,8,30,4,38,40.3997998046875,1
2019,8,30,4,38,42.2498000488281,0
2019,8,30,4,38,44.0997998046875,0
2019,8,30,4,38,45.9498000488281,0
2019,8,30,4,38,47.7997998046875,0
2019,8,30,4,38,49.6998000488281,0
2019,8,30,4,38,51.4998000488281,0
2019,8,30,4,38,53.3497998046875,0
2019,8,30,4,38,55.1998000488281,0
2019,8,30,4,38,57.0497998046875,0
2019,8,30,4,38,58.8997998046875,0
2019,8,30,4,39,0.749800048828125,0
2019,8,30,4,39,2.5997998046875,0
2019,8,30,4,39,4.49980004882813,0
2019,8,30,4,39,6.3497998046875,0
2019,8,30,4,39,8.19980004882813,0
2019,8,30,4,39,10.0497998046875,0
2019,8,30,4,39,11.8997998046875,0
2019,8,30,4,39,13.7498000488281,0
2019,8,30,4,39,15.5997998046875,0
2019,8,30,4,39,17.4498000488281,0
2019,8,30,4,39,19.2997998046875,0
2019,8,30,4,39,21.1497998046875,0
2019,8,30,4,39,21.1497998046875,0
2019,8,30,4,39,22.9998000488281,0
2019,8,30,4,39,24.8497998046875,0
2019,8,30,4,39,26.6998000488281,0
2019,8,30,4,39,28.5497998046875,0
2019,8,30,4,39,30.3997998046875,0
2019,8,30,4,39,32.2498000488281,0
2019,8,30,4,39,34.0997998046875,0
2019,8,30,4,39,35.9498000488281,0
2019,8,30,4,39,37.7997998046875,0
2019,8,30,4,39,39.6497998046875,0
2019,8,30,4,39,41.4998000488281,0
2019,8,30,4,39,43.3497998046875,0
2019,8,30,4,39,45.1998000488281,0
2019,8,30,4,39,47.0497998046875,0
2019,8,30,4,39,48.8997998046875,0
2019,8,30,4,39,50.7498000488281,0
2019,8,30,4,39,52.5997998046875,0
2019,8,30,4,39,54.4498000488281,0
2019,8,30,4,39,56.2997998046875,0
2019,8,30,4,39,58.1497998046875,0
2019,8,30,4,39,59.9998000488281,0
2019,8,30,4,40,1.8497998046875,0
2019,8,30,4,40,3.69980004882812,0
2019,8,30,4,40,5.5497998046875,0
2019,8,30,4,40,7.3997998046875,0
2019,8,30,4,40,9.24980004882812,0
2019,8,30,4,40,11.0997998046875,0
2019,8,30,4,40,12.9498000488281,0
2019,8,30,4,40,14.7997998046875,0
2019,8,30,4,40,16.6497998046875,0
2019,8,30,4,40,18.4998000488281,0
2019,8,30,4,40,20.3497998046875,0
2019,8,30,4,40,22.1998000488281,0
2019,8,30,4,40,24.0497998046875,0
2019,8,30,4,40,25.8997998046875,0
2019,8,30,4,40,27.7498000488281,0
2019,8,30,4,40,29.5997998046875,0
2019,8,30,4,40,31.4498000488281,0
2019,8,30,4,40,33.2997998046875,0
2019,8,30,4,40,35.1497998046875,0
2019,8,30,4,40,36.9998000488281,0
2019,8,30,4,40,38.8497998046875,0
2019,8,30,4,40,40.6998000488281,0
2019,8,30,4,40,42.5497998046875,0
2019,8,30,4,40,44.3997998046875,0
2019,8,30,4,40,46.2498000488281,0
2019,8,30,4,40,47.9998000488281,0
2019,8,30,4,40,49.7997998046875,0
2019,8,30,4,40,51.5497998046875,0
2019,8,30,4,40,53.3997998046875,0
2019,8,30,4,40,55.1998000488281,0
2019,8,30,4,40,57.0497998046875,0
2019,8,30,4,40,58.8497998046875,0
2019,8,30,4,41,0.699800048828125,0
2019,8,30,4,41,2.5497998046875,0
2019,8,30,4,41,4.3497998046875,0
2019,8,30,4,41,6.19980004882813,0
2019,8,30,4,41,8.0497998046875,0
2019,8,30,4,41,9.8997998046875,0
2019,8,30,4,41,11.6998000488281,0
2019,8,30,4,41,13.4998000488281,0
2019,8,30,4,41,15.1998000488281,0
2019,8,30,4,41,17.0497998046875,0
2019,8,30,4,41,18.8997998046875,0
2019,8,30,4,41,20.7498000488281,0
2019,8,30,4,41,22.5997998046875,0
2019,8,30,4,41,24.4498000488281,0
2019,8,30,4,41,26.2997998046875,0
2019,8,30,4,41,28.1497998046875,0
2019,8,30,4,41,29.9998000488281,0
2019,8,30,4,41,31.8497998046875,0
2019,8,30,4,41,33.6998000488281,0
2019,8,30,4,41,35.5497998046875,0
2019,8,30,4,41,37.3997998046875,0
2019,8,30,4,41,39.2498000488281,0
2019,8,30,4,41,41.0997998046875,0
2019,8,30,4,41,42.9498000488281,0
2019,8,30,4,41,44.7997998046875,0
2019,8,30,4,41,46.6497998046875,0
2019,8,30,4,41,48.4998000488281,0
2019,8,30,4,41,50.3497998046875,0
2019,8,30,4,41,52.1998000488281,0
2019,8,30,4,41,54.0497998046875,0
2019,8,30,4,41,55.8997998046875,0
2019,8,30,4,41,57.7498000488281,0
2019,8,30,4,41,59.5997998046875,0
2019,8,30,4,42,1.44980004882813,0
2019,8,30,4,42,3.2997998046875,0
2019,8,30,4,42,5.1497998046875,0
2019,8,30,4,42,6.99980004882813,0
2019,8,30,4,42,8.8497998046875,0
2019,8,30,4,42,10.7997998046875,0
2019,8,30,4,42,12.6497998046875,0
2019,8,30,4,42,14.5497998046875,0
2019,8,30,4,42,16.5497998046875,0
2019,8,30,4,42,18.4998000488281,0
2019,8,30,4,42,20.3497998046875,0
2019,8,30,4,42,22.1998000488281,0
2019,8,30,4,42,24.0997998046875,0
2019,8,30,4,42,25.9498000488281,0
2019,8,30,4,42,27.8497998046875,0
2019,8,30,4,42,29.7498000488281,0
2019,8,30,4,42,31.5997998046875,0
2019,8,30,4,42,33.4998000488281,0
2019,8,30,4,42,35.3497998046875,0
2019,8,30,4,42,37.1998000488281,0
2019,8,30,4,42,39.0497998046875,0
2019,8,30,4,42,40.8997998046875,0
2019,8,30,4,42,42.7498000488281,0
2019,8,30,4,42,44.5997998046875,0
2019,8,30,4,42,46.4498000488281,0
2019,8,30,4,42,48.2997998046875,0
2019,8,30,4,42,50.0997998046875,0
2019,8,30,4,42,51.9498000488281,0
2019,8,30,4,42,53.7997998046875,0
2019,8,30,4,42,55.6497998046875,0
2019,8,30,4,42,57.5497998046875,0
2019,8,30,4,42,59.3997998046875,0
2019,8,30,4,43,1.24980004882813,0
2019,8,30,4,43,3.0997998046875,0
2019,8,30,4,43,4.94980004882813,0
2019,8,30,4,43,6.7997998046875,0
2019,8,30,4,43,8.6497998046875,0
2019,8,30,4,43,10.4998000488281,0
2019,8,30,4,43,12.3497998046875,0
2019,8,30,4,43,14.1998000488281,0
2019,8,30,4,43,16.0497998046875,0
2019,8,30,4,43,17.8997998046875,0
2019,8,30,4,43,19.7498000488281,0
2019,8,30,4,43,21.5997998046875,0
2019,8,30,4,43,23.4498000488281,0
2019,8,30,4,43,25.2997998046875,0
2019,8,30,4,43,27.1497998046875,0
2019,8,30,4,43,28.9998000488281,0
2019,8,30,4,43,30.8497998046875,0
2019,8,30,4,43,32.6998000488281,0
2019,8,30,4,43,34.5497998046875,0
2019,8,30,4,43,36.3997998046875,0
2019,8,30,4,43,38.2498000488281,0
2019,8,30,4,43,40.0997998046875,0
2019,8,30,4,43,41.9498000488281,0
2019,8,30,4,43,43.7997998046875,0
2019,8,30,4,43,45.6497998046875,0
2019,8,30,4,43,47.4998000488281,0
2019,8,30,4,43,49.3497998046875,0
2019,8,30,4,43,51.1998000488281,0
2019,8,30,4,43,53.0497998046875,0
2019,8,30,4,43,54.8997998046875,0
2019,8,30,4,43,56.7498000488281,0
2019,8,30,4,43,58.5997998046875,0
2019,8,30,4,44,0.449800048828125,0
2019,8,30,4,44,2.2997998046875,0
2019,8,30,4,44,4.1497998046875,0
2019,8,30,4,44,5.99980004882813,0
2019,8,30,4,44,7.8497998046875,0
2019,8,30,4,44,9.69980004882813,0
2019,8,30,4,44,11.5497998046875,0
2019,8,30,4,44,13.3997998046875,0
2019,8,30,4,44,15.2498000488281,0
2019,8,30,4,44,17.0997998046875,0
2019,8,30,4,44,18.9498000488281,0
2019,8,30,4,44,20.7997998046875,0
2019,8,30,4,44,22.6497998046875,0
2019,8,30,4,44,24.4998000488281,0
2019,8,30,4,44,26.3497998046875,0
2019,8,30,4,44,28.1998000488281,0
2019,8,30,4,44,30.0497998046875,0
2019,8,30,4,44,31.8997998046875,0
2019,8,30,4,44,34.9998000488281,0
2019,8,30,4,44,36.8497998046875,0
2019,8,30,4,44,38.6998000488281,0
2019,8,30,4,44,40.5497998046875,0
2019,8,30,4,44,42.3997998046875,0
2019,8,30,4,44,44.2498000488281,0
2019,8,30,4,44,46.0997998046875,0
2019,8,30,4,44,47.9498000488281,0
2019,8,30,4,44,49.7997998046875,0
2019,8,30,4,44,51.6497998046875,0
2019,8,30,4,44,53.4998000488281,0
2019,8,30,4,44,55.3497998046875,0
2019,8,30,4,44,57.1998000488281,0
2019,8,30,4,44,59.0497998046875,0
2019,8,30,4,45,0.8997998046875,0
2019,8,30,4,45,2.74980004882813,0
2019,8,30,4,45,4.5997998046875,0
2019,8,30,4,45,6.44980004882813,0
2019,8,30,4,45,8.2997998046875,0
2019,8,30,4,45,10.1497998046875,0
2019,8,30,4,45,11.9998000488281,0
2019,8,30,4,45,13.8497998046875,0
2019,8,30,4,45,15.6998000488281,0
2019,8,30,4,45,17.5497998046875,0
2019,8,30,4,45,19.3997998046875,0
2019,8,30,4,45,21.2498000488281,0
2019,8,30,4,45,23.0997998046875,0
2019,8,30,4,45,24.9498000488281,0
2019,8,30,4,45,26.7997998046875,0
2019,8,30,4,45,28.6497998046875,0
2019,8,30,4,45,30.4998000488281,0
2019,8,30,4,45,32.3497998046875,0
2019,8,30,4,45,34.1998000488281,0
2019,8,30,4,45,36.0497998046875,0
2019,8,30,4,45,37.8997998046875,0
2019,8,30,4,45,39.7498000488281,0
2019,8,30,4,45,41.5997998046875,0
2019,8,30,4,45,43.4498000488281,0
2019,8,30,4,45,45.2997998046875,0
2019,8,30,4,45,47.1497998046875,0
2019,8,30,4,45,48.9998000488281,0
2019,8,30,4,45,50.8497998046875,0
2019,8,30,4,45,52.6998000488281,0
2019,8,30,4,45,54.5497998046875,0
2019,8,30,4,45,56.3997998046875,0
2019,8,30,4,45,58.2498000488281,0
2019,8,30,4,46,0.0997998046875,0
2019,8,30,4,46,1.94980004882812,0
2019,8,30,4,46,3.7997998046875,0
2019,8,30,4,46,5.6497998046875,0
2019,8,30,4,46,7.49980004882813,0
2019,8,30,4,46,9.3497998046875,0
2019,8,30,4,46,11.1998000488281,0
2019,8,30,4,46,13.0497998046875,0
2019,8,30,4,46,14.8997998046875,0
2019,8,30,4,46,16.7498000488281,0
2019,8,30,4,46,18.5997998046875,0
2019,8,30,4,46,20.4498000488281,0
2019,8,30,4,46,22.2997998046875,0
2019,8,30,4,46,24.1497998046875,0
2019,8,30,4,46,25.9998000488281,0
2019,8,30,4,46,27.8497998046875,0
2019,8,30,4,46,29.6998000488281,0
2019,8,30,4,46,31.5497998046875,0
2019,8,30,4,46,33.3997998046875,0
2019,8,30,4,46,35.2498000488281,0
2019,8,30,4,46,37.0997998046875,0
2019,8,30,4,46,38.9498000488281,0
2019,8,30,4,46,40.7997998046875,0
2019,8,30,4,46,42.6497998046875,0
2019,8,30,4,46,44.4998000488281,0
2019,8,30,4,46,46.3497998046875,0
2019,8,30,4,46,48.1998000488281,0
2019,8,30,4,46,50.0497998046875,0
2019,8,30,4,46,51.8997998046875,0
2019,8,30,4,46,53.7498000488281,0
2019,8,30,4,46,55.5997998046875,0
2019,8,30,4,46,57.4498000488281,0
2019,8,30,4,46,59.2997998046875,0
2019,8,30,4,47,1.1497998046875,0
2019,8,30,4,47,2.99980004882813,0
2019,8,30,4,47,4.8497998046875,0
2019,8,30,4,47,6.69980004882813,0
2019,8,30,4,47,8.5497998046875,0
2019,8,30,4,47,10.3997998046875,0
2019,8,30,4,47,12.2498000488281,0
2019,8,30,4,47,14.0997998046875,0
2019,8,30,4,47,15.9498000488281,0
2019,8,30,4,47,17.7997998046875,0
2019,8,30,4,47,19.6497998046875,0
2019,8,30,4,47,21.4998000488281,0
2019,8,30,4,47,23.3497998046875,0
2019,8,30,4,47,25.1998000488281,0
2019,8,30,4,47,27.0497998046875,0
2019,8,30,4,47,28.8997998046875,0
2019,8,30,4,47,30.7498000488281,0
2019,8,30,4,47,32.5997998046875,0
2019,8,30,4,47,34.4498000488281,0
2019,8,30,4,47,36.2997998046875,0
2019,8,30,4,47,38.1497998046875,0
2019,8,30,4,47,39.9998000488281,0
2019,8,30,4,47,41.8497998046875,0
2019,8,30,4,47,43.6998000488281,0
2019,8,30,4,47,45.5497998046875,0
2019,8,30,4,47,47.3997998046875,0
2019,8,30,4,47,49.2498000488281,0
2019,8,30,4,47,51.0997998046875,0
2019,8,30,4,47,52.9498000488281,0
2019,8,30,4,47,54.7997998046875,0
2019,8,30,4,47,56.6497998046875,0
2019,8,30,4,47,58.4998000488281,0
2019,8,30,4,48,0.3497998046875,0
2019,8,30,4,48,2.19980004882812,0
2019,8,30,4,48,4.0497998046875,0
2019,8,30,4,48,5.8997998046875,0
2019,8,30,4,48,7.74980004882813,0
2019,8,30,4,48,9.5997998046875,0
2019,8,30,4,48,11.4498000488281,0
2019,8,30,4,48,13.2997998046875,0
2019,8,30,4,48,15.1497998046875,0
2019,8,30,4,48,16.9998000488281,0
2019,8,30,4,48,18.8497998046875,0
2019,8,30,4,48,20.6998000488281,0
2019,8,30,4,48,22.5497998046875,0
2019,8,30,4,48,24.3997998046875,0
2019,8,30,4,48,26.2498000488281,0
2019,8,30,4,48,28.0997998046875,0
2019,8,30,4,48,29.9498000488281,0
2019,8,30,4,48,31.7997998046875,0
2019,8,30,4,48,33.6497998046875,0
2019,8,30,4,48,35.4998000488281,0
2019,8,30,4,48,37.3497998046875,0
2019,8,30,4,48,39.1998000488281,0
2019,8,30,4,48,41.0497998046875,0
2019,8,30,4,48,42.8997998046875,0
2019,8,30,4,48,44.7498000488281,0
2019,8,30,4,48,46.5997998046875,0
2019,8,30,4,48,48.4498000488281,0
2019,8,30,4,48,50.2997998046875,0
2019,8,30,4,48,52.1497998046875,0
2019,8,30,4,48,53.9998000488281,0
2019,8,30,4,48,55.8497998046875,0
2019,8,30,4,48,57.6998000488281,0
2019,8,30,4,48,59.5497998046875,0
2019,8,30,4,49,1.3997998046875,0
2019,8,30,4,49,3.24980004882813,0
2019,8,30,4,49,5.0997998046875,0
2019,8,30,4,49,6.94980004882813,0
2019,8,30,4,49,8.7997998046875,0
2019,8,30,4,49,10.6497998046875,0
2019,8,30,4,49,12.4998000488281,0
2019,8,30,4,49,14.3497998046875,0
2019,8,30,4,49,16.1998000488281,0
2019,8,30,4,49,18.0497998046875,0
2019,8,30,4,49,19.8997998046875,0
2019,8,30,4,49,21.7498000488281,0
2019,8,30,4,49,23.5997998046875,0
2019,8,30,4,49,25.4498000488281,0
2019,8,30,4,49,27.2997998046875,0
2019,8,30,4,49,29.1497998046875,0
2019,8,30,4,49,30.9998000488281,0
2019,8,30,4,49,32.8497998046875,0
2019,8,30,4,49,34.6998000488281,0
2019,8,30,4,49,36.5497998046875,0
2019,8,30,4,49,38.3997998046875,0
2019,8,30,4,49,40.2498000488281,0
2019,8,30,4,49,42.0997998046875,0
2019,8,30,4,49,43.9998000488281,0
2019,8,30,4,49,45.7997998046875,0
2019,8,30,4,49,47.6497998046875,0
2019,8,30,4,49,49.4998000488281,0
2019,8,30,4,49,51.3497998046875,0
2019,8,30,4,49,53.1998000488281,0
2019,8,30,4,49,55.0497998046875,0
2019,8,30,4,49,56.8997998046875,0
2019,8,30,4,49,58.7498000488281,0
2019,8,30,4,50,0.5997998046875,0
2019,8,30,4,50,2.44980004882812,0
2019,8,30,4,50,4.2997998046875,0
2019,8,30,4,50,6.1497998046875,0
2019,8,30,4,50,7.99980004882813,0
2019,8,30,4,50,9.8497998046875,0
2019,8,30,4,50,11.6998000488281,0
2019,8,30,4,50,13.5497998046875,0
2019,8,30,4,50,15.3997998046875,0
2019,8,30,4,50,17.2498000488281,0
2019,8,30,4,50,19.0997998046875,0
2019,8,30,4,50,20.9498000488281,0
2019,8,30,4,50,22.7997998046875,0
2019,8,30,4,50,24.6497998046875,0
2019,8,30,4,50,26.4998000488281,0
2019,8,30,4,50,28.3497998046875,0
2019,8,30,4,50,30.1998000488281,0
2019,8,30,4,50,32.0497998046875,0
2019,8,30,4,50,33.8997998046875,0
2019,8,30,4,50,35.7498000488281,0
2019,8,30,4,50,37.5997998046875,0
2019,8,30,4,50,39.4498000488281,0
2019,8,30,4,50,41.2997998046875,0
2019,8,30,4,50,43.1497998046875,0
2019,8,30,4,50,44.9998000488281,0
2019,8,30,4,50,46.8497998046875,0
2019,8,30,4,50,48.6998000488281,0
2019,8,30,4,50,50.5497998046875,0
2019,8,30,4,50,52.3997998046875,0
2019,8,30,4,50,54.2498000488281,0
2019,8,30,4,50,56.0997998046875,0
2019,8,30,4,50,57.9498000488281,0
2019,8,30,4,50,59.7997998046875,0
2019,8,30,4,51,1.6497998046875,0
2019,8,30,4,51,3.49980004882813,0
2019,8,30,4,51,5.3497998046875,0
2019,8,30,4,51,7.19980004882813,0
2019,8,30,4,51,9.0497998046875,0
2019,8,30,4,51,10.8997998046875,0
2019,8,30,4,51,12.7498000488281,0
2019,8,30,4,51,14.5997998046875,0
2019,8,30,4,51,16.4498000488281,0
2019,8,30,4,51,18.2997998046875,0
2019,8,30,4,51,20.1497998046875,0
2019,8,30,4,51,21.9998000488281,0
2019,8,30,4,51,23.8497998046875,0
2019,8,30,4,51,25.6998000488281,0
2019,8,30,4,51,27.5497998046875,0
2019,8,30,4,51,29.3997998046875,0
2019,8,30,4,51,31.2498000488281,0
2019,8,30,4,51,33.0997998046875,0
2019,8,30,4,51,34.9498000488281,0
2019,8,30,4,51,36.7997998046875,0
2019,8,30,4,51,38.6497998046875,0
2019,8,30,4,51,40.4998000488281,0
2019,8,30,4,51,42.3497998046875,0
2019,8,30,4,51,44.1998000488281,0
2019,8,30,4,51,46.0497998046875,0
2019,8,30,4,51,47.8997998046875,0
2019,8,30,4,51,49.7498000488281,0
2019,8,30,4,51,51.5997998046875,0
2019,8,30,4,51,53.4498000488281,0
2019,8,30,4,51,55.2997998046875,0
2019,8,30,4,51,57.1497998046875,0
2019,8,30,4,51,58.9998000488281,0
2019,8,30,4,52,0.8497998046875,0
2019,8,30,4,52,2.69980004882812,0
2019,8,30,4,52,4.5497998046875,0
2019,8,30,4,52,6.3997998046875,0
2019,8,30,4,52,8.24980004882812,0
2019,8,30,4,52,10.0997998046875,0
2019,8,30,4,52,11.9498000488281,0
2019,8,30,4,52,13.7997998046875,0
2019,8,30,4,52,15.6497998046875,0
2019,8,30,4,52,17.4998000488281,0
2019,8,30,4,52,19.3497998046875,0
2019,8,30,4,52,21.1998000488281,0
2019,8,30,4,52,23.0497998046875,0
2019,8,30,4,52,24.8997998046875,0
2019,8,30,4,52,26.7498000488281,0
2019,8,30,4,52,28.5997998046875,0
2019,8,30,4,52,30.4498000488281,0
2019,8,30,4,52,32.2997998046875,0
2019,8,30,4,52,34.1497998046875,1
2019,8,30,4,52,35.9998000488281,1
2019,8,30,4,52,37.8497998046875,1
2019,8,30,4,52,39.6998000488281,1
2019,8,30,4,52,41.5497998046875,1
2019,8,30,4,52,43.3997998046875,1
2019,8,30,4,52,45.2498000488281,1
2019,8,30,4,52,47.0997998046875,1
2019,8,30,4,52,48.9498000488281,1
2019,8,30,4,52,50.7997998046875,1
2019,8,30,4,52,52.6497998046875,1
2019,8,30,4,52,54.4998000488281,1
2019,8,30,4,52,56.3497998046875,1
2019,8,30,4,52,58.1998000488281,1
2019,8,30,4,53,0.0497998046875,1
2019,8,30,4,53,1.8997998046875,1
2019,8,30,4,53,3.74980004882813,1
2019,8,30,4,53,5.5997998046875,1
2019,8,30,4,53,7.44980004882813,1
2019,8,30,4,53,9.2997998046875,1
2019,8,30,4,53,11.1497998046875,1
2019,8,30,4,53,12.9998000488281,1
2019,8,30,4,53,14.8497998046875,1
2019,8,30,4,53,16.6998000488281,1
2019,8,30,4,53,18.5497998046875,1
2019,8,30,4,53,20.3997998046875,1
2019,8,30,4,53,22.2498000488281,1
2019,8,30,4,53,24.0997998046875,1
2019,8,30,4,53,25.9498000488281,1
2019,8,30,4,53,27.7997998046875,1
2019,8,30,4,53,29.6497998046875,1
2019,8,30,4,53,31.4998000488281,1
2019,8,30,4,53,33.3497998046875,1
2019,8,30,4,53,35.1998000488281,1
2019,8,30,4,53,37.0497998046875,1
2019,8,30,4,53,38.8997998046875,1
2019,8,30,4,53,40.7498000488281,1
2019,8,30,4,53,42.5997998046875,1
2019,8,30,4,53,44.4498000488281,1
2019,8,30,4,53,46.2997998046875,1
2019,8,30,4,53,48.1497998046875,1
2019,8,30,4,53,49.9998000488281,1
2019,8,30,4,53,51.8497998046875,1
2019,8,30,4,53,53.6998000488281,1
2019,8,30,4,53,55.5497998046875,1
2019,8,30,4,53,57.3997998046875,1
2019,8,30,4,53,59.2498000488281,1
2019,8,30,4,54,1.0997998046875,1
2019,8,30,4,54,2.94980004882812,0
