Year,Month,Day,Hour,Minute,Second,Classification
2017,6,17,18,46,52.8012158203125,0
2017,6,17,18,46,54.6070629882812,0
2017,6,17,18,46,56.4128930664062,0
2017,6,17,18,46,58.2187990722656,0
2017,6,17,18,47,0.024708984375,0
2017,6,17,18,47,1.83079907226562,0
2017,6,17,18,47,3.63654296875,0
2017,6,17,18,47,5.442375,0
2017,6,17,18,47,7.24831689453125,0
2017,6,17,18,47,9.05409790039062,0
2017,6,17,18,47,10.859798828125,0
2017,6,17,18,47,12.6656030273437,0
2017,6,17,18,47,14.4722841796875,0
2017,6,17,18,47,16.2780471191406,0
2017,6,17,18,47,18.0839282226563,0
2017,6,17,18,47,19.8895991210937,0
2017,6,17,18,47,21.6952939453125,0
2017,6,17,18,47,23.5012241210937,0
2017,6,17,18,47,25.3069790039062,0
2017,6,17,18,47,27.1128381347656,0
2017,6,17,18,47,28.9185590820313,0
2017,6,17,18,47,30.733376953125,0
2017,6,17,18,47,32.5392729492187,0
2017,6,17,18,47,34.3449880371094,0
2017,6,17,18,47,36.1506840820312,0
2017,6,17,18,47,37.9564421386719,0
2017,6,17,18,47,39.7622221679688,0
2017,6,17,18,47,41.5680749511719,0
2017,6,17,18,47,43.3739440917969,0
2017,6,17,18,47,45.1796379394531,0
2017,6,17,18,47,46.9856030273437,0
2017,6,17,18,47,48.7915891113281,0
2017,6,17,18,47,50.5971721191406,0
2017,6,17,18,47,52.4031450195313,0
2017,6,17,18,47,54.2089560546875,0
2017,6,17,18,47,56.0238308105469,0
2017,6,17,18,47,57.8296560058594,0
2017,6,17,18,47,59.6355209960938,0
2017,6,17,18,48,1.44144604492188,0
2017,6,17,18,48,3.24745483398438,0
2017,6,17,18,48,5.0534208984375,0
2017,6,17,18,48,6.85917504882813,0
2017,6,17,18,48,8.6648828125,0
2017,6,17,18,48,10.4706169433594,0
2017,6,17,18,48,12.2763579101562,0
2017,6,17,18,48,14.0823959960937,0
2017,6,17,18,48,15.8882192382813,0
2017,6,17,18,48,17.6941298828125,0
2017,6,17,18,48,19.5001049804687,0
2017,6,17,18,48,21.3060290527344,0
2017,6,17,18,48,23.1120520019531,0
2017,6,17,18,48,24.9178410644531,0
2017,6,17,18,48,26.7236188964844,0
2017,6,17,18,48,28.5295861816406,0
2017,6,17,18,48,30.3355119628906,0
2017,6,17,18,48,32.1413391113281,0
2017,6,17,18,48,33.9470241699219,0
2017,6,17,18,48,35.7530319824219,0
2017,6,17,18,48,37.5587412109375,0
2017,6,17,18,48,39.3647019042969,0
2017,6,17,18,48,41.1704221191406,0
2017,6,17,18,48,42.9762448730469,0
2017,6,17,18,48,44.7821030273438,0
2017,6,17,18,48,46.5877880859375,0
2017,6,17,18,48,48.3938100585938,0
2017,6,17,18,48,50.1997099609375,0
2017,6,17,18,48,52.0073630371094,0
2017,6,17,18,48,53.8134780273437,0
2017,6,17,18,48,55.6191967773438,0
2017,6,17,18,48,57.424875,0
2017,6,17,18,48,59.2308259277344,0
2017,6,17,18,49,1.03655493164063,0
2017,6,17,18,49,2.84251806640625,0
2017,6,17,18,49,4.64848803710937,0
2017,6,17,18,49,6.45444213867188,0
2017,6,17,18,49,8.26016796875,0
2017,6,17,18,49,10.0661440429687,0
2017,6,17,18,49,11.8719689941406,0
2017,6,17,18,49,13.6778510742188,0
2017,6,17,18,49,15.4836799316406,0
2017,6,17,18,49,17.2895090332031,0
2017,6,17,18,49,19.0952238769531,0
2017,6,17,18,49,20.9010209960937,0
2017,6,17,18,49,22.7069868164062,0
2017,6,17,18,49,24.51283203125,0
2017,6,17,18,49,26.3186540527344,0
2017,6,17,18,49,28.1246071777344,0
2017,6,17,18,49,29.9303969726563,0
2017,6,17,18,49,31.7360971679688,0
2017,6,17,18,49,33.5419560546875,0
2017,6,17,18,49,35.3478659667969,0
2017,6,17,18,49,37.1536650390625,0
2017,6,17,18,49,38.959625,0
2017,6,17,18,49,40.7653950195312,0
2017,6,17,18,49,42.5711569824219,0
2017,6,17,18,49,44.3769450683594,0
2017,6,17,18,49,46.1828908691406,0
2017,6,17,18,49,47.9888142089844,0
2017,6,17,18,49,49.794701171875,0
2017,6,17,18,49,51.6005620117188,0
2017,6,17,18,49,53.4064270019531,0
2017,6,17,18,49,55.2122680664063,0
2017,6,17,18,49,57.0180539550781,0
2017,6,17,18,49,58.8240219726562,0
2017,6,17,18,50,0.62977294921875,0
2017,6,17,18,50,2.43568896484375,0
2017,6,17,18,50,4.24159008789062,0
2017,6,17,18,50,6.04742993164063,0
2017,6,17,18,50,7.85310498046875,0
2017,6,17,18,50,9.65897705078125,0
2017,6,17,18,50,11.4649260253906,0
2017,6,17,18,50,13.2706821289062,0
2017,6,17,18,50,15.0765649414063,0
2017,6,17,18,50,16.882451171875,0
2017,6,17,18,50,18.6883308105469,0
2017,6,17,18,50,20.4973740234375,0
2017,6,17,18,50,22.3031950683594,0
2017,6,17,18,50,24.1090710449219,0
2017,6,17,18,50,25.9148430175781,0
2017,6,17,18,50,27.7207270507812,0
2017,6,17,18,50,29.5264699707031,0
2017,6,17,18,50,31.3323669433594,0
2017,6,17,18,50,33.1380461425781,0
2017,6,17,18,50,34.9437971191406,0
2017,6,17,18,50,36.7496220703125,0
2017,6,17,18,50,38.5556088867188,0
2017,6,17,18,50,40.3611828613281,0
2017,6,17,18,50,42.1670139160156,0
2017,6,17,18,50,43.9727800292969,0
2017,6,17,18,50,45.7784809570312,0
2017,6,17,18,50,47.5844140625,0
2017,6,17,18,50,49.3902880859375,0
2017,6,17,18,50,51.1961049804688,0
2017,6,17,18,50,53.0019360351562,0
2017,6,17,18,50,54.8077458496094,0
2017,6,17,18,50,56.6134680175781,0
2017,6,17,18,50,58.419244140625,0
2017,6,17,18,51,0.22495703125,0
2017,6,17,18,51,2.03066796875,0
2017,6,17,18,51,3.83676416015625,0
2017,6,17,18,51,5.642708984375,0
2017,6,17,18,51,7.44860595703125,0
2017,6,17,18,51,9.25442919921875,0
2017,6,17,18,51,11.0604460449219,0
2017,6,17,18,51,12.8666301269531,0
2017,6,17,18,51,14.6720649414062,0
2017,6,17,18,51,16.4778349609375,0
2017,6,17,18,51,18.3309140625,0
2017,6,17,18,51,20.1804270019531,0
2017,6,17,18,51,22.4587189941406,0
2017,6,17,18,51,24.4300671386719,0
2017,6,17,18,51,26.2359660644531,0
2017,6,17,18,51,28.0417211914062,0
2017,6,17,18,51,29.9213918457031,0
2017,6,17,18,51,31.7274660644531,0
2017,6,17,18,51,33.5488100585938,0
2017,6,17,18,51,35.3523039550781,0
2017,6,17,18,51,37.1582429199219,0
2017,6,17,18,51,39.0180559082031,0
2017,6,17,18,51,40.852087890625,0
2017,6,17,18,51,43.1655539550781,0
2017,6,17,18,51,47.1268200683594,0
2017,6,17,18,51,50.2002299804687,0
2017,6,17,18,51,53.0439509277344,0
2017,6,17,18,51,55.9133579101563,0
2017,6,17,18,51,57.7192739257813,0
2017,6,17,18,51,59.5251979980469,0
2017,6,17,18,52,1.3310849609375,0
2017,6,17,18,52,3.13703491210938,0
2017,6,17,18,52,4.94297412109375,0
2017,6,17,18,52,6.74871704101562,0
2017,6,17,18,52,8.554498046875,0
2017,6,17,18,52,10.3628498535156,0
2017,6,17,18,52,12.2383278808594,0
2017,6,17,18,52,14.0711130371094,0
2017,6,17,18,52,15.8768520507813,0
2017,6,17,18,52,17.682751953125,0
2017,6,17,18,52,19.4884770507812,0
2017,6,17,18,52,21.2941689453125,0
2017,6,17,18,52,23.0999580078125,0
2017,6,17,18,52,24.9057309570312,0
2017,6,17,18,52,26.71150390625,0
2017,6,17,18,52,28.517375,0
2017,6,17,18,52,30.4067639160156,0
2017,6,17,18,52,32.2124418945313,0
2017,6,17,18,52,34.0181899414062,0
2017,6,17,18,52,35.8239182128906,0
2017,6,17,18,52,37.6298740234375,0
2017,6,17,18,52,39.4356179199219,0
2017,6,17,18,52,41.2414880371094,0
2017,6,17,18,52,43.0473110351562,0
2017,6,17,18,52,44.8530249023437,0
2017,6,17,18,52,46.6588581542969,0
2017,6,17,18,52,48.4646159667969,0
2017,6,17,18,52,50.2809228515625,0
2017,6,17,18,52,52.0868830566406,0
2017,6,17,18,52,53.8928571777344,0
2017,6,17,18,52,55.6987009277344,0
2017,6,17,18,52,57.5045939941406,0
2017,6,17,18,52,59.3105581054688,0
2017,6,17,18,53,1.11650805664062,0
2017,6,17,18,53,2.92235302734375,0
2017,6,17,18,53,4.72830712890625,0
2017,6,17,18,53,6.58419384765625,0
2017,6,17,18,53,8.51787817382812,0
2017,6,17,18,53,10.5752338867188,0
2017,6,17,18,53,12.4004240722656,0
2017,6,17,18,53,14.3014331054687,0
2017,6,17,18,53,16.1531000976562,0
2017,6,17,18,53,17.9742587890625,0
2017,6,17,18,53,19.9595080566406,0
2017,6,17,18,53,21.7652590332031,0
2017,6,17,18,53,23.63029296875,0
2017,6,17,18,53,25.6538999023437,0
2017,6,17,18,53,27.4598959960937,0
2017,6,17,18,53,29.3890659179688,0
2017,6,17,18,53,31.1949489746094,0
2017,6,17,18,53,33.0713488769531,0
2017,6,17,18,53,35.1539079589844,0
2017,6,17,18,53,36.9708591308594,0
2017,6,17,18,53,38.7970258789062,0
2017,6,17,18,53,40.647255859375,0
2017,6,17,18,53,42.4530397949219,0
2017,6,17,18,53,44.3850700683594,0
2017,6,17,18,53,46.1910700683594,0
2017,6,17,18,53,47.9969089355469,0
2017,6,17,18,53,49.9760180664062,0
2017,6,17,18,53,51.9712041015625,0
2017,6,17,18,53,53.800921875,0
2017,6,17,18,53,55.6709548339844,0
2017,6,17,18,53,57.6018381347656,0
2017,6,17,18,53,59.6700649414063,0
2017,6,17,18,54,1.47576684570312,0
2017,6,17,18,54,3.36148999023438,0
2017,6,17,18,54,5.27058911132812,0
2017,6,17,18,54,7.29314892578125,0
2017,6,17,18,54,9.11215991210937,0
2017,6,17,18,54,11.1023828125,0
2017,6,17,18,54,12.9789350585938,0
2017,6,17,18,54,14.9025649414063,0
2017,6,17,18,54,16.708373046875,0
2017,6,17,18,54,18.5919270019531,0
2017,6,17,18,54,20.5358410644531,0
2017,6,17,18,54,22.4205270996094,0
2017,6,17,18,54,24.273212890625,0
2017,6,17,18,54,26.3749758300781,0
2017,6,17,18,54,28.1806828613281,0
2017,6,17,18,54,29.9878198242188,0
2017,6,17,18,54,31.9729819335938,0
2017,6,17,18,54,33.7788640136719,0
2017,6,17,18,54,35.6699440917969,0
2017,6,17,18,54,37.4953020019531,0
2017,6,17,18,54,39.3892709960937,0
2017,6,17,18,54,41.1951120605469,0
2017,6,17,18,54,43.0759748535156,0
2017,6,17,18,54,44.9880209960938,0
2017,6,17,18,54,46.9757509765625,0
2017,6,17,18,54,48.7814479980469,0
2017,6,17,18,54,50.7157858886719,0
2017,6,17,18,54,52.6129509277344,0
2017,6,17,18,54,54.6770571289062,0
2017,6,17,18,54,56.5930290527344,0
2017,6,17,18,54,58.4747641601562,0
2017,6,17,18,55,0.3890400390625,0
2017,6,17,18,55,2.23526000976562,0
2017,6,17,18,55,4.04115112304688,0
2017,6,17,18,55,5.98868383789063,0
2017,6,17,18,55,7.794619140625,0
2017,6,17,18,55,9.6844638671875,0
2017,6,17,18,55,11.4924399414062,0
2017,6,17,18,55,13.3338220214844,0
2017,6,17,18,55,15.2702990722656,0
2017,6,17,18,55,17.0842958984375,0
2017,6,17,18,55,18.9737980957031,0
2017,6,17,18,55,20.7797189941406,0
2017,6,17,18,55,22.6648129882812,0
2017,6,17,18,55,24.668587890625,0
2017,6,17,18,55,26.6038479003906,0
2017,6,17,18,55,28.4468559570313,0
2017,6,17,18,55,30.3717290039062,0
2017,6,17,18,55,32.2674050292969,0
2017,6,17,18,55,34.084376953125,0
2017,6,17,18,55,36.1800280761719,0
2017,6,17,18,55,37.9857329101563,0
2017,6,17,18,55,39.9476809082031,0
2017,6,17,18,55,41.7536350097656,0
2017,6,17,18,55,43.7043049316406,0
2017,6,17,18,55,45.6531501464844,0
2017,6,17,18,55,47.5894128417969,0
2017,6,17,18,55,49.62629296875,0
2017,6,17,18,55,51.5102680664062,0
2017,6,17,18,55,53.394078125,0
2017,6,17,18,55,55.5102380371094,0
2017,6,17,18,55,57.3559870605469,0
2017,6,17,18,55,59.3224299316406,0
2017,6,17,18,56,1.15924584960937,0
2017,6,17,18,56,2.97497290039062,0
2017,6,17,18,56,4.780751953125,0
2017,6,17,18,56,6.65559692382813,0
2017,6,17,18,56,8.46151708984375,0
2017,6,17,18,56,10.3585341796875,0
2017,6,17,18,56,12.2571970214844,0
2017,6,17,18,56,14.0571547851562,1
2017,6,17,18,56,15.8630930175781,1
2017,6,17,18,56,17.680330078125,1
2017,6,17,18,56,19.6180361328125,1
2017,6,17,18,56,21.4296779785156,1
2017,6,17,18,56,23.2420419921875,1
2017,6,17,18,56,25.2061240234375,1
2017,6,17,18,56,27.011962890625,1
2017,6,17,18,56,28.9657270507813,1
2017,6,17,18,56,31.1268361816406,1
2017,6,17,18,56,32.9758930664063,1
2017,6,17,18,56,34.996296875,1
2017,6,17,18,56,36.9759760742187,1
2017,6,17,18,56,38.7961970214844,1
2017,6,17,18,56,40.8601799316406,1
2017,6,17,18,56,42.6785969238281,1
2017,6,17,18,56,44.6820290527344,1
2017,6,17,18,56,46.6767260742187,1
2017,6,17,18,56,48.606962890625,1
2017,6,17,18,56,50.6704140625,1
2017,6,17,18,56,52.5015700683594,1
2017,6,17,18,56,54.4352067871094,1
2017,6,17,18,56,56.3468139648437,1
2017,6,17,18,56,58.1681469726563,1
2017,6,17,18,57,0.06639697265625,1
2017,6,17,18,57,1.97695483398437,1
2017,6,17,18,57,3.78279809570313,1
2017,6,17,18,57,5.67861401367187,1
2017,6,17,18,57,7.6542119140625,1
2017,6,17,18,57,9.82224609375,1
2017,6,17,18,57,11.6571459960937,1
2017,6,17,18,57,13.4628879394531,1
2017,6,17,18,57,15.4884240722656,1
2017,6,17,18,57,17.4033151855469,1
2017,6,17,18,57,19.4631430664062,0
2017,6,17,18,57,21.3182939453125,0
2017,6,17,18,57,23.1930708007812,0
2017,6,17,18,57,25.1376398925781,0
2017,6,17,18,57,26.9522041015625,0
2017,6,17,18,57,28.7580629882812,0
2017,6,17,18,57,30.6806791992188,0
2017,6,17,18,57,32.6283459472656,0
2017,6,17,18,57,34.4341408691406,0
2017,6,17,18,57,36.297748046875,0
2017,6,17,18,57,38.2054951171875,0
2017,6,17,18,57,40.1002290039063,0
2017,6,17,18,57,41.9780791015625,0
2017,6,17,18,57,43.7839460449219,0
2017,6,17,18,57,45.8118811035156,0
2017,6,17,18,57,47.6620209960938,0
2017,6,17,18,57,49.8658701171875,0
2017,6,17,18,57,51.6716430664062,0
2017,6,17,18,57,53.5881970214844,0
2017,6,17,18,57,55.5262580566406,0
2017,6,17,18,57,57.4041408691406,0
2017,6,17,18,57,59.318576171875,0
2017,6,17,18,58,1.14871997070313,0
2017,6,17,18,58,2.97869799804687,0
2017,6,17,18,58,5.03050390625,0
2017,6,17,18,58,6.97010791015625,0
2017,6,17,18,58,8.775791015625,0
2017,6,17,18,58,10.6185300292969,0
2017,6,17,18,58,12.4740390625,0
2017,6,17,18,58,14.5740300292969,0
2017,6,17,18,58,16.4389619140625,0
2017,6,17,18,58,18.2448850097656,0
2017,6,17,18,58,20.1929499511719,0
2017,6,17,18,58,21.9989340820313,0
2017,6,17,18,58,23.9798649902344,0
2017,6,17,18,58,26.0244660644531,0
2017,6,17,18,58,27.9810458984375,0
2017,6,17,18,58,30.1543420410156,0
2017,6,17,18,58,31.9793640136719,0
2017,6,17,18,58,33.7851979980469,0
2017,6,17,18,58,35.8641418457031,0
2017,6,17,18,58,37.6736950683594,0
2017,6,17,18,58,39.5629831542969,0
2017,6,17,18,58,41.5173669433594,0
2017,6,17,18,58,43.3401389160156,0
2017,6,17,18,58,45.2352399902344,0
2017,6,17,18,58,47.1701259765625,0
2017,6,17,18,58,48.9799230957031,0
2017,6,17,18,58,50.8798068847656,0
2017,6,17,18,58,52.7174069824219,0
2017,6,17,18,58,54.6309731445312,0
2017,6,17,18,58,56.4367880859375,0
2017,6,17,18,58,58.37104296875,0
2017,6,17,18,59,0.3807119140625,0
2017,6,17,18,59,2.3154189453125,0
2017,6,17,18,59,4.15932397460938,0
2017,6,17,18,59,6.00770703125,0
2017,6,17,18,59,7.9852958984375,0
2017,6,17,18,59,9.81106909179688,0
2017,6,17,18,59,11.6740310058594,0
2017,6,17,18,59,13.47987890625,0
2017,6,17,18,59,15.4886018066406,0
2017,6,17,18,59,17.3506301269531,0
2017,6,17,18,59,19.3400339355469,0
2017,6,17,18,59,21.2603608398437,0
2017,6,17,18,59,23.1155888671875,0
2017,6,17,18,59,25.0026728515625,0
2017,6,17,18,59,26.9708508300781,0
2017,6,17,18,59,28.7767897949219,0
2017,6,17,18,59,30.646298828125,0
2017,6,17,18,59,32.6411259765625,0
2017,6,17,18,59,34.5735490722656,0
2017,6,17,18,59,36.3806101074219,0
2017,6,17,18,59,38.1912619628906,0
2017,6,17,18,59,40.2011579589844,0
2017,6,17,18,59,42.0085161132813,0
2017,6,17,18,59,43.8144130859375,0
2017,6,17,18,59,45.663671875,0
2017,6,17,18,59,47.5715720214844,0
2017,6,17,18,59,49.4713540039062,0
2017,6,17,18,59,51.3433349609375,0
2017,6,17,18,59,53.193708984375,0
2017,6,17,18,59,55.0959909667969,0
2017,6,17,18,59,56.9824020996094,0
2017,6,17,18,59,58.7883439941406,0
2017,6,17,19,0,0.842781005859375,0
2017,6,17,19,0,2.72065087890625,0
2017,6,17,19,0,4.729,0
2017,6,17,19,0,6.60214990234375,0
2017,6,17,19,0,8.754541015625,0
2017,6,17,19,0,10.7869770507812,0
2017,6,17,19,0,12.6525959472656,0
2017,6,17,19,0,14.5322219238281,0
2017,6,17,19,0,16.3605339355469,0
2017,6,17,19,0,18.180583984375,0
2017,6,17,19,0,19.9983369140625,0
2017,6,17,19,0,21.8065969238281,0
2017,6,17,19,0,23.702326171875,0
2017,6,17,19,0,25.6698049316406,0
2017,6,17,19,0,27.6624680175781,0
2017,6,17,19,0,29.7084938964844,0
2017,6,17,19,0,31.6846262207031,0
2017,6,17,19,0,33.6126750488281,0
2017,6,17,19,0,35.5493640136719,0
2017,6,17,19,0,37.355287109375,0
2017,6,17,19,0,39.1927790527344,0
2017,6,17,19,0,41.1430959472656,0
2017,6,17,19,0,42.9830561523437,0
2017,6,17,19,0,44.8829909667969,0
2017,6,17,19,0,46.7432810058594,0
2017,6,17,19,0,48.704333984375,0
2017,6,17,19,0,50.6255490722656,0
2017,6,17,19,0,52.417916015625,0
2017,6,17,19,0,54.2962770996094,0
2017,6,17,19,0,56.10208203125,0
2017,6,17,19,0,57.9923159179688,0
2017,6,17,19,1,0.13768505859375,0
2017,6,17,19,1,1.98359399414062,1
2017,6,17,19,1,3.789328125,1
2017,6,17,19,1,5.69231201171875,1
2017,6,17,19,1,7.67464990234375,1
2017,6,17,19,1,9.82739501953125,1
2017,6,17,19,1,11.6361821289063,1
2017,6,17,19,1,13.4420158691406,1
2017,6,17,19,1,15.3871118164063,1
2017,6,17,19,1,17.2668120117187,1
2017,6,17,19,1,19.1238129882813,1
2017,6,17,19,1,21.0223039550781,1
2017,6,17,19,1,22.828001953125,1
2017,6,17,19,1,24.8601831054687,1
2017,6,17,19,1,26.6660100097656,1
2017,6,17,19,1,28.4791911621094,1
2017,6,17,19,1,30.39679296875,1
2017,6,17,19,1,32.2322731933594,1
2017,6,17,19,1,34.0861159667969,1
2017,6,17,19,1,36.1779790039063,1
2017,6,17,19,1,38.1239260253906,1
2017,6,17,19,1,39.9846201171875,1
2017,6,17,19,1,41.790455078125,2
2017,6,17,19,1,43.6547380371094,2
2017,6,17,19,1,45.8870397949219,2
2017,6,17,19,1,47.6928259277344,2
2017,6,17,19,1,49.6615888671875,2
2017,6,17,19,1,51.4854860839844,2
2017,6,17,19,1,53.3148100585937,2
2017,6,17,19,1,55.504873046875,2
2017,6,17,19,1,57.3859279785156,2
2017,6,17,19,1,59.4665610351563,2
2017,6,17,19,2,1.34507885742188,2
2017,6,17,19,2,3.16511401367188,2
2017,6,17,19,2,5.12955810546875,2
2017,6,17,19,2,6.95636401367187,2
2017,6,17,19,2,8.79960620117187,2
2017,6,17,19,2,10.7748562011719,1
2017,6,17,19,2,12.6589929199219,1
2017,6,17,19,2,14.7609091796875,1
2017,6,17,19,2,16.6790559082031,1
2017,6,17,19,2,18.6348659667969,0
2017,6,17,19,2,20.3513269042969,0
2017,6,17,19,2,22.2930349121094,0
2017,6,17,19,2,24.1149489746094,0
2017,6,17,19,2,26.2153671875,0
2017,6,17,19,2,28.0211220703125,0
2017,6,17,19,2,30.1361979980469,0
2017,6,17,19,2,31.9860461425781,0
2017,6,17,19,2,33.9759599609375,0
2017,6,17,19,2,35.9563210449219,0
2017,6,17,19,2,37.7621401367187,0
2017,6,17,19,2,39.5960629882812,0
2017,6,17,19,2,41.4018991699219,0
2017,6,17,19,2,43.2076899414063,0
2017,6,17,19,2,45.0186301269531,0
2017,6,17,19,2,47.1661638183594,0
2017,6,17,19,2,48.9866909179688,0
2017,6,17,19,2,50.7925510253906,0
2017,6,17,19,2,52.6766459960937,0
2017,6,17,19,2,54.6662619628906,0
2017,6,17,19,2,56.4847119140625,0
2017,6,17,19,2,58.3568110351562,0
2017,6,17,19,3,0.16277587890625,0
2017,6,17,19,3,1.97688891601562,0
2017,6,17,19,3,3.78260498046875,0
2017,6,17,19,3,5.7036728515625,0
2017,6,17,19,3,7.64707495117188,0
2017,6,17,19,3,9.55955102539063,0
2017,6,17,19,3,11.5243298339844,0
2017,6,17,19,3,13.3558591308594,0
2017,6,17,19,3,15.1804431152344,0
2017,6,17,19,3,17.0350830078125,0
2017,6,17,19,3,18.9874848632812,0
2017,6,17,19,3,21.1400419921875,0
2017,6,17,19,3,22.9876040039062,0
2017,6,17,19,3,25.1662180175781,0
2017,6,17,19,3,26.9948271484375,0
2017,6,17,19,3,28.8126130371094,0
2017,6,17,19,3,30.8727209472656,0
2017,6,17,19,3,32.6786750488281,0
2017,6,17,19,3,34.6644230957031,0
2017,6,17,19,3,36.4703601074219,1
2017,6,17,19,3,38.5724138183594,1
2017,6,17,19,3,40.5615471191406,1
2017,6,17,19,3,42.37808203125,1
2017,6,17,19,3,44.2579838867187,1
2017,6,17,19,3,46.1616049804688,1
2017,6,17,19,3,48.0022028808594,1
2017,6,17,19,3,50.2047961425781,1
2017,6,17,19,3,52.2191501464844,1
2017,6,17,19,3,54.1030290527344,1
2017,6,17,19,3,56.0585739746094,1
2017,6,17,19,3,57.9888869628906,1
2017,6,17,19,3,59.8296831054688,1
2017,6,17,19,4,1.681669921875,1
2017,6,17,19,4,3.48737084960938,1
2017,6,17,19,4,5.38930981445313,1
2017,6,17,19,4,7.22932421875,1
2017,6,17,19,4,9.20606079101563,2
2017,6,17,19,4,11.2014389648437,2
2017,6,17,19,4,13.0072980957031,2
2017,6,17,19,4,15.0440061035156,2
2017,6,17,19,4,17.120416015625,2
2017,6,17,19,4,18.9907277832031,2
2017,6,17,19,4,21.2260939941406,2
2017,6,17,19,4,23.0690319824219,2
2017,6,17,19,4,25.1386550292969,2
2017,6,17,19,4,26.9893210449219,1
2017,6,17,19,4,28.8128190917969,1
2017,6,17,19,4,30.6904621582031,1
2017,6,17,19,4,32.6093439941406,1
2017,6,17,19,4,34.6792941894531,1
2017,6,17,19,4,36.5004638671875,1
2017,6,17,19,4,38.3697041015625,1
2017,6,17,19,4,40.39399609375,1
2017,6,17,19,4,42.2000881347656,0
2017,6,17,19,4,44.1575068359375,0
2017,6,17,19,4,46.0634611816406,0
2017,6,17,19,4,47.990041015625,0
2017,6,17,19,4,50.2421179199219,0
2017,6,17,19,4,52.2231950683594,0
2017,6,17,19,4,54.0941760253906,0
2017,6,17,19,4,56.0696240234375,0
2017,6,17,19,5,18.7916818847656,2
2017,6,17,19,5,20.599033203125,2
2017,6,17,19,5,22.4852568359375,2
2017,6,17,19,5,24.4227609863281,2
2017,6,17,19,5,26.2285930175781,2
2017,6,17,19,5,28.0911611328125,2
2017,6,17,19,5,29.9737451171875,2
2017,6,17,19,5,31.7929228515625,2
2017,6,17,19,5,33.6907680664062,2
2017,6,17,19,5,35.6448549804688,2
2017,6,17,19,5,37.4657810058594,2
2017,6,17,19,5,39.2954978027344,2
2017,6,17,19,5,41.4332749023437,2
2017,6,17,19,5,43.2392160644531,2
2017,6,17,19,5,45.0874909667969,2
2017,6,17,19,5,47.0849509277344,1
2017,6,17,19,5,48.9913471679687,1
2017,6,17,19,5,50.8306838378906,1
2017,6,17,19,5,52.7154208984375,1
2017,6,17,19,5,54.77225,1
2017,6,17,19,5,56.6220090332031,1
2017,6,17,19,5,58.4528610839844,1
2017,6,17,19,6,0.423365966796875,1
2017,6,17,19,6,2.25717895507813,1
2017,6,17,19,6,4.25909594726563,1
2017,6,17,19,6,6.08155810546875,1
2017,6,17,19,6,7.99180517578125,1
2017,6,17,19,6,10.1316359863281,1
2017,6,17,19,6,11.9919609375,1
2017,6,17,19,6,13.8860939941406,1
2017,6,17,19,6,15.7288879394531,1
2017,6,17,19,6,17.6919528808594,1
2017,6,17,19,6,19.6613139648437,1
2017,6,17,19,6,21.6635581054687,1
2017,6,17,19,6,23.469494140625,1
2017,6,17,19,6,25.4879919433594,1
2017,6,17,19,6,27.4457199707031,1
2017,6,17,19,6,29.461033203125,1
2017,6,17,19,6,31.2942258300781,1
2017,6,17,19,6,33.1098210449219,1
2017,6,17,19,6,34.9940480957031,1
2017,6,17,19,6,36.7998291015625,1
2017,6,17,19,6,38.7894658203125,1
2017,6,17,19,6,40.9236081542969,1
2017,6,17,19,6,42.7294040527344,1
2017,6,17,19,6,44.6181630859375,1
2017,6,17,19,6,46.6300629882813,2
2017,6,17,19,6,48.5137939453125,2
2017,6,17,19,6,50.5032099609375,2
2017,6,17,19,6,52.3430158691406,2
2017,6,17,19,6,54.2854208984375,2
2017,6,17,19,6,56.0912780761719,2
2017,6,17,19,6,57.8972080078125,2
2017,6,17,19,6,59.7031479492188,2
2017,6,17,19,7,1.50888500976563,2
2017,6,17,19,7,3.31481909179687,2
2017,6,17,19,7,5.12073120117187,2
2017,6,17,19,7,6.92644311523437,2
2017,6,17,19,7,8.73212280273438,2
2017,6,17,19,7,10.5379418945313,2
2017,6,17,19,7,12.3438439941406,2
2017,6,17,19,7,14.1497209472656,2
2017,6,17,19,7,15.9556579589844,2
2017,6,17,19,7,17.7615520019531,2
2017,6,17,19,7,19.5673908691406,2
2017,6,17,19,7,21.3732768554687,2
2017,6,17,19,7,23.1789519042969,2
2017,6,17,19,7,24.9848989257812,2
2017,6,17,19,7,26.7906401367187,2
2017,6,17,19,7,28.5964702148437,2
2017,6,17,19,7,30.4022399902344,2
2017,6,17,19,7,32.2081850585937,2
2017,6,17,19,7,34.0140439453125,2
2017,6,17,19,7,35.8198530273437,2
2017,6,17,19,7,37.6360659179688,2
2017,6,17,19,7,39.4419528808594,2
2017,6,17,19,7,41.2477309570313,2
2017,6,17,19,7,43.0534418945312,2
2017,6,17,19,7,44.8593239746094,2
2017,6,17,19,7,46.6650642089844,2
2017,6,17,19,7,48.4709848632813,2
2017,6,17,19,7,50.2768979492187,2
2017,6,17,19,7,52.0825969238281,2
2017,6,17,19,7,53.8884421386719,2
2017,6,17,19,7,55.6944748535156,2
2017,6,17,19,7,57.5003408203125,2
2017,6,17,19,7,59.3061088867187,2
2017,6,17,19,8,1.11185205078125,2
2017,6,17,19,8,2.91771997070312,2
2017,6,17,19,8,4.72343212890625,2
2017,6,17,19,8,6.5292900390625,2
2017,6,17,19,8,8.33526196289063,2
2017,6,17,19,8,10.141166015625,2
2017,6,17,19,8,11.9468569335938,2
2017,6,17,19,8,13.7527890625,2
2017,6,17,19,8,15.5587319335937,2
2017,6,17,19,8,17.3648081054688,2
2017,6,17,19,8,19.1706330566406,2
2017,6,17,19,8,20.9763391113281,2
2017,6,17,19,8,22.7821540527344,2
2017,6,17,19,8,24.5878759765625,2
2017,6,17,19,8,26.3938068847656,2
2017,6,17,19,8,28.1994841308594,2
2017,6,17,19,8,30.0052978515625,2
2017,6,17,19,8,31.8111110839844,2
2017,6,17,19,8,33.6169350585937,2
2017,6,17,19,8,35.42287109375,2
2017,6,17,19,8,37.2285849609375,2
2017,6,17,19,8,39.0345209960937,2
2017,6,17,19,8,40.84028515625,2
2017,6,17,19,8,42.6466018066406,2
2017,6,17,19,8,44.4523649902344,2
2017,6,17,19,8,46.2582358398437,2
2017,6,17,19,8,48.0640170898438,2
2017,6,17,19,8,49.8697978515625,2
2017,6,17,19,8,51.6757199707031,2
2017,6,17,19,8,53.4815969238281,2
2017,6,17,19,8,55.2873869628906,1
2017,6,17,19,8,57.0931979980469,1
2017,6,17,19,8,58.8989201660156,1
2017,6,17,19,9,0.70478515625,1
2017,6,17,19,9,2.5175859375,1
2017,6,17,19,9,4.323380859375,1
2017,6,17,19,9,6.12934497070312,1
2017,6,17,19,9,7.93505322265625,1
2017,6,17,19,9,9.74073193359375,1
2017,6,17,19,9,11.5466867675781,1
2017,6,17,19,9,13.3526120605469,1
2017,6,17,19,9,15.1584060058594,1
2017,6,17,19,9,16.9643229980469,1
2017,6,17,19,9,18.7700620117187,1
2017,6,17,19,9,20.5759799804688,1
2017,6,17,19,9,22.3816220703125,1
2017,6,17,19,9,24.1874631347656,1
2017,6,17,19,9,25.9931481933594,1
2017,6,17,19,9,27.7989609375,1
2017,6,17,19,9,29.6048059082031,1
2017,6,17,19,9,31.4106970214844,1
2017,6,17,19,9,33.2166950683594,1
2017,6,17,19,9,35.0223820800781,1
2017,6,17,19,9,36.8281779785156,1
2017,6,17,19,9,38.6339389648438,1
2017,6,17,19,9,40.4397138671875,1
2017,6,17,19,9,42.2454230957031,1
2017,6,17,19,9,44.0511279296875,1
2017,6,17,19,9,45.8570290527344,1
2017,6,17,19,9,47.6628549804688,1
2017,6,17,19,9,49.4687170410156,1
2017,6,17,19,9,51.2746770019531,1
2017,6,17,19,9,53.0803781738281,1
2017,6,17,19,9,54.886255859375,1
2017,6,17,19,9,56.6922041015625,1
2017,6,17,19,9,58.4979291992188,1
2017,6,17,19,10,0.30369580078125,1
2017,6,17,19,10,2.10944384765625,1
2017,6,17,19,10,3.9151689453125,1
2017,6,17,19,10,5.72098388671875,1
2017,6,17,19,10,7.52678393554687,1
2017,6,17,19,10,9.33259521484375,1
2017,6,17,19,10,11.1385642089844,1
2017,6,17,19,10,12.9442580566406,1
2017,6,17,19,10,14.7501618652344,1
2017,6,17,19,10,16.5561110839844,1
2017,6,17,19,10,18.3620341796875,1
2017,6,17,19,10,20.1680759277344,1
2017,6,17,19,10,21.9739370117187,1
2017,6,17,19,10,23.7797209472656,1
2017,6,17,19,10,25.585423828125,1
2017,6,17,19,10,27.3997878417969,1
2017,6,17,19,10,29.2056550292969,1
2017,6,17,19,10,31.0115180664062,1
2017,6,17,19,10,32.8174489746094,1
2017,6,17,19,10,34.6232651367188,1
2017,6,17,19,10,36.4289479980469,1
2017,6,17,19,10,38.2346730957031,1
2017,6,17,19,10,40.0406389160156,1
2017,6,17,19,10,41.846462890625,1
2017,6,17,19,10,43.6522629394531,1
2017,6,17,19,10,45.4582919921875,1
2017,6,17,19,10,47.2640080566406,1
2017,6,17,19,10,49.069880859375,1
2017,6,17,19,10,50.8756259765625,1
2017,6,17,19,10,52.6815300292969,1
2017,6,17,19,10,54.4873330078125,1
2017,6,17,19,10,56.2932189941406,1
2017,6,17,19,10,58.099291015625,1
2017,6,17,19,10,59.9051220703125,1
2017,6,17,19,11,1.71089794921875,1
2017,6,17,19,11,3.51675,1
2017,6,17,19,11,5.32269506835937,1
2017,6,17,19,11,7.12861499023438,1
2017,6,17,19,11,8.93424609375,1
2017,6,17,19,11,10.7399458007812,1
2017,6,17,19,11,12.5458059082031,1
2017,6,17,19,11,14.3517529296875,1
2017,6,17,19,11,16.157658203125,1
2017,6,17,19,11,17.9635041503906,1
2017,6,17,19,11,19.7695720214844,1
2017,6,17,19,11,21.5753359375,1
2017,6,17,19,11,23.3810400390625,1
2017,6,17,19,11,25.1868588867187,1
2017,6,17,19,11,26.9927680664062,1
2017,6,17,19,11,28.7987229003906,1
2017,6,17,19,11,30.6046760253906,1
2017,6,17,19,11,32.4103669433594,1
2017,6,17,19,11,34.2162138671875,1
2017,6,17,19,11,36.0221591796875,1
2017,6,17,19,11,37.8278798828125,1
2017,6,17,19,11,39.6337399902344,1
2017,6,17,19,11,41.4396518554688,1
2017,6,17,19,11,43.2453469238281,1
2017,6,17,19,11,45.0511010742187,1
2017,6,17,19,11,46.8569130859375,1
2017,6,17,19,11,48.6627790527344,1
2017,6,17,19,11,50.4685969238281,1
2017,6,17,19,11,52.2818078613281,1
2017,6,17,19,11,54.0876479492187,1
2017,6,17,19,11,55.89354296875,1
2017,6,17,19,11,57.6994050292969,1
2017,6,17,19,11,59.5051948242187,1
2017,6,17,19,12,1.3108759765625,1
2017,6,17,19,12,3.1168388671875,1
2017,6,17,19,12,4.92257006835938,1
2017,6,17,19,12,6.72830297851563,1
2017,6,17,19,12,8.53417895507813,1
2017,6,17,19,12,10.3401870117188,1
2017,6,17,19,12,12.1459689941406,1
2017,6,17,19,12,13.9518581542969,1
2017,6,17,19,12,15.7575859375,1
2017,6,17,19,12,17.563328125,1
2017,6,17,19,12,19.3691979980469,1
2017,6,17,19,12,21.1751088867187,1
2017,6,17,19,12,22.9810949707031,1
2017,6,17,19,12,24.7869479980469,1
2017,6,17,19,12,26.5928950195313,1
2017,6,17,19,12,28.3986140136719,1
2017,6,17,19,12,30.2043129882812,1
2017,6,17,19,12,32.0102739257812,1
2017,6,17,19,12,33.8161179199219,1
2017,6,17,19,12,35.6218400878906,1
2017,6,17,19,12,37.4277370605469,1
2017,6,17,19,12,39.2334931640625,1
2017,6,17,19,12,41.0392138671875,1
2017,6,17,19,12,42.8450078125,1
2017,6,17,19,12,44.65074609375,1
2017,6,17,19,12,46.4565710449219,1
2017,6,17,19,12,48.262541015625,1
2017,6,17,19,12,50.0683200683594,1
2017,6,17,19,12,51.8741989746094,1
2017,6,17,19,12,53.6800971679688,1
2017,6,17,19,12,55.4860251464844,1
2017,6,17,19,12,57.2920688476563,1
2017,6,17,19,12,59.0979189453125,1
2017,6,17,19,13,0.903844970703125,1
2017,6,17,19,13,2.70952392578125,1
2017,6,17,19,13,4.51547412109375,1
2017,6,17,19,13,6.3212919921875,1
2017,6,17,19,13,8.12698095703125,1
2017,6,17,19,13,9.932791015625,1
2017,6,17,19,13,11.7385029296875,1
2017,6,17,19,13,13.5441789550781,1
2017,6,17,19,13,15.3504680175781,1
2017,6,17,19,13,17.1639409179687,1
2017,6,17,19,13,18.9696901855469,1
2017,6,17,19,13,20.77558984375,1
2017,6,17,19,13,22.5813259277344,1
2017,6,17,19,13,24.3871728515625,1
2017,6,17,19,13,26.1929289550781,1
2017,6,17,19,13,27.99875390625,1
2017,6,17,19,13,29.8047270507812,1
2017,6,17,19,13,31.6104331054688,1
2017,6,17,19,13,33.4163830566406,1
2017,6,17,19,13,35.2221650390625,1
2017,6,17,19,13,37.02800390625,1
2017,6,17,19,13,38.833962890625,1
2017,6,17,19,13,40.6397590332031,1
2017,6,17,19,13,42.4456049804688,1
2017,6,17,19,13,44.2515190429688,1
2017,6,17,19,13,46.0573850097656,1
2017,6,17,19,13,47.8641550292969,1
2017,6,17,19,13,49.6699208984375,1
2017,6,17,19,13,51.4758068847656,1
2017,6,17,19,13,53.2816018066406,1
2017,6,17,19,13,55.0873110351562,1
2017,6,17,19,13,56.8934050292969,1
2017,6,17,19,13,58.6993151855469,1
2017,6,17,19,14,0.50511181640625,1
2017,6,17,19,14,2.31088989257813,1
2017,6,17,19,14,4.1167041015625,1
2017,6,17,19,14,5.9223798828125,1
2017,6,17,19,14,7.72817602539063,1
2017,6,17,19,14,9.53387817382812,1
2017,6,17,19,14,11.3396120605469,1
2017,6,17,19,14,13.1452880859375,1
2017,6,17,19,14,14.9511721191406,1
2017,6,17,19,14,16.7569948730469,1
2017,6,17,19,14,18.5629721679687,1
2017,6,17,19,14,20.3686708984375,1
2017,6,17,19,14,22.1743928222656,1
2017,6,17,19,14,23.9803381347656,1
2017,6,17,19,14,25.7861999511719,1
2017,6,17,19,14,27.5921098632813,1
2017,6,17,19,14,29.3978801269531,1
2017,6,17,19,14,31.2035478515625,1
2017,6,17,19,14,33.0094450683594,1
2017,6,17,19,14,34.815416015625,1
2017,6,17,19,14,36.6211918945313,1
2017,6,17,19,14,38.4269140625,1
2017,6,17,19,14,40.2326528320312,1
2017,6,17,19,14,42.0385798339844,1
2017,6,17,19,14,43.8446208496094,1
2017,6,17,19,14,45.6505598144531,1
2017,6,17,19,14,47.45649609375,1
2017,6,17,19,14,49.2622160644531,1
2017,6,17,19,14,51.0681818847656,1
2017,6,17,19,14,52.8740419921875,1
2017,6,17,19,14,54.6797768554688,1
2017,6,17,19,14,56.4856018066406,1
2017,6,17,19,14,58.2915510253906,1
2017,6,17,19,15,0.097361083984375,1
2017,6,17,19,15,1.903283203125,1
2017,6,17,19,15,3.709080078125,1
2017,6,17,19,15,5.51498291015625,1
2017,6,17,19,15,7.32076904296875,1
2017,6,17,19,15,9.12665893554687,1
2017,6,17,19,15,10.9324230957031,1
2017,6,17,19,15,12.7383100585938,1
2017,6,17,19,15,14.54399609375,1
2017,6,17,19,15,16.3498581542969,1
2017,6,17,19,15,18.1558198242187,1
2017,6,17,19,15,19.9617180175781,1
2017,6,17,19,15,21.7673940429687,1
2017,6,17,19,15,23.5731059570312,1
2017,6,17,19,15,25.3790131835937,1
2017,6,17,19,15,27.1847509765625,1
2017,6,17,19,15,28.9905490722656,1
2017,6,17,19,15,30.7964028320313,1
2017,6,17,19,15,32.6020949707031,1
2017,6,17,19,15,34.4078459472656,1
2017,6,17,19,15,36.2135810546875,1
2017,6,17,19,15,38.0194780273438,1
2017,6,17,19,15,39.8251540527344,1
2017,6,17,19,15,41.6310061035156,1
2017,6,17,19,15,43.4369841308594,0
2017,6,17,19,15,45.2427529296875,0
2017,6,17,19,15,47.0486809082031,0
2017,6,17,19,15,48.8545998535156,0
2017,6,17,19,15,54.2613068847656,0
2017,6,17,19,15,56.0672509765625,0
2017,6,17,19,15,57.87312109375,0
2017,6,17,19,15,59.6788520507813,0
2017,6,17,19,16,1.48467895507812,0
2017,6,17,19,16,3.2903681640625,0
2017,6,17,19,16,5.09614892578125,0
2017,6,17,19,16,6.90185083007812,0
2017,6,17,19,16,8.70777880859375,0
2017,6,17,19,16,10.513751953125,0
2017,6,17,19,16,12.3195720214844,0
2017,6,17,19,16,14.1254799804688,0
2017,6,17,19,16,15.9312250976563,0
2017,6,17,19,16,17.7372980957031,0
2017,6,17,19,16,19.5432299804688,0
2017,6,17,19,16,21.3491110839844,0
2017,6,17,19,16,23.1550100097656,0
2017,6,17,19,16,24.9608208007812,0
2017,6,17,19,16,26.7666931152344,0
2017,6,17,19,16,28.5726608886719,0
2017,6,17,19,16,30.3786350097656,0
2017,6,17,19,16,32.184330078125,0
2017,6,17,19,16,33.9900441894531,0
2017,6,17,19,16,35.7959758300781,0
2017,6,17,19,16,37.6016870117188,1
2017,6,17,19,16,39.4075500488281,1
2017,6,17,19,16,41.2133930664062,1
2017,6,17,19,16,43.0192680664062,1
2017,6,17,19,16,44.8250261230469,1
2017,6,17,19,16,46.6309079589844,1
2017,6,17,19,16,48.4368479003906,1
2017,6,17,19,16,50.2426970214844,1
2017,6,17,19,16,52.0504709472656,1
2017,6,17,19,16,53.8562529296875,1
2017,6,17,19,16,55.6619479980469,1
2017,6,17,19,16,57.4676931152344,1
2017,6,17,19,16,59.2735830078125,1
2017,6,17,19,17,1.07945483398438,1
2017,6,17,19,17,2.88522412109375,1
2017,6,17,19,17,4.69109106445312,1
2017,6,17,19,17,6.49697485351563,1
2017,6,17,19,17,8.30294384765625,1
2017,6,17,19,17,10.1088349609375,1
2017,6,17,19,17,11.9146779785156,1
2017,6,17,19,17,13.7205988769531,1
2017,6,17,19,17,15.5263701171875,1
2017,6,17,19,17,17.3323000488281,1
2017,6,17,19,17,19.1380729980469,1
2017,6,17,19,17,20.9439440917969,1
2017,6,17,19,17,22.7496298828125,1
2017,6,17,19,17,24.5555861816406,1
2017,6,17,19,17,26.361458984375,1
2017,6,17,19,17,28.1672690429688,1
2017,6,17,19,17,29.9731159667969,1
2017,6,17,19,17,31.7906350097656,1
2017,6,17,19,17,33.5848830566406,1
2017,6,17,19,17,35.3905998535156,1
2017,6,17,19,17,37.196455078125,1
2017,6,17,19,17,39.002201171875,1
2017,6,17,19,17,40.8080461425781,1
2017,6,17,19,17,42.6137849121094,1
2017,6,17,19,17,44.4196520996094,1
2017,6,17,19,17,46.2253549804688,1
2017,6,17,19,17,48.03108203125,1
2017,6,17,19,17,49.8369970703125,1
2017,6,17,19,17,51.6427309570312,1
2017,6,17,19,17,53.4484470214844,1
2017,6,17,19,17,55.2543950195313,1
2017,6,17,19,17,57.0601779785156,1
2017,6,17,19,17,58.8658928222656,1
2017,6,17,19,18,0.671736083984375,1
2017,6,17,19,18,2.47741015625,1
2017,6,17,19,18,4.2832109375,1
2017,6,17,19,18,6.08915893554687,1
2017,6,17,19,18,7.89502197265625,1
2017,6,17,19,18,9.7009111328125,1
2017,6,17,19,18,11.5068649902344,1
2017,6,17,19,18,13.31280078125,1
2017,6,17,19,18,15.1185068359375,1
2017,6,17,19,18,16.9244050292969,1
2017,6,17,19,18,18.7301970214844,1
2017,6,17,19,18,20.5359851074219,1
2017,6,17,19,18,22.3418820800781,1
2017,6,17,19,18,24.1477790527344,1
2017,6,17,19,18,25.9537238769531,1
2017,6,17,19,18,27.759412109375,1
2017,6,17,19,18,29.5653559570313,1
2017,6,17,19,18,31.3711208496094,1
2017,6,17,19,18,33.1770278320312,1
2017,6,17,19,18,34.9827749023437,1
2017,6,17,19,18,36.7887390136719,1
2017,6,17,19,18,38.5946569824219,1
2017,6,17,19,18,40.4006391601563,1
2017,6,17,19,18,42.206455078125,1
2017,6,17,19,18,44.0124011230469,1
2017,6,17,19,18,45.8182690429688,1
2017,6,17,19,18,47.6242229003906,1
2017,6,17,19,18,49.4300598144531,1
2017,6,17,19,18,51.2360319824219,1
2017,6,17,19,18,53.0417380371094,1
2017,6,17,19,18,54.8476938476563,1
2017,6,17,19,18,56.6535549316406,1
2017,6,17,19,18,58.4593862304688,1
2017,6,17,19,19,0.265101806640625,1
2017,6,17,19,19,2.0709599609375,1
2017,6,17,19,19,3.8769150390625,1
2017,6,17,19,19,5.68277685546875,1
2017,6,17,19,19,7.48867895507813,1
2017,6,17,19,19,9.29449194335938,1
2017,6,17,19,19,11.100251953125,1
2017,6,17,19,19,12.9062141113281,1
2017,6,17,19,19,14.7121560058594,1
2017,6,17,19,19,16.5178740234375,1
2017,6,17,19,19,18.3237751464844,1
2017,6,17,19,19,20.1295939941406,1
2017,6,17,19,19,21.9354689941406,1
2017,6,17,19,19,23.7411950683594,1
2017,6,17,19,19,25.5471020507812,1
2017,6,17,19,19,27.3529870605469,1
2017,6,17,19,19,29.158833984375,1
2017,6,17,19,19,30.9645939941406,1
2017,6,17,19,19,32.7703229980469,1
2017,6,17,19,19,34.5760769042969,1
2017,6,17,19,19,36.3817800292969,1
2017,6,17,19,19,38.1875852050781,1
2017,6,17,19,19,39.9934060058594,1
2017,6,17,19,19,41.7991508789062,1
2017,6,17,19,19,43.6049399414063,1
2017,6,17,19,19,45.4108869628906,1
2017,6,17,19,19,47.21683203125,1
2017,6,17,19,19,49.0227858886719,1
2017,6,17,19,19,50.82858203125,1
2017,6,17,19,19,52.6343410644531,1
2017,6,17,19,19,54.4401608886719,1
2017,6,17,19,19,56.2459841308594,1
2017,6,17,19,19,58.0519499511719,1
2017,6,17,19,19,59.8576418457031,0
2017,6,17,19,20,1.6635791015625,0
2017,6,17,19,20,3.46950415039062,0
2017,6,17,19,20,5.27543408203125,0
2017,6,17,19,20,7.0811728515625,0
2017,6,17,19,20,8.88685107421875,0
2017,6,17,19,20,10.692748046875,0
2017,6,17,19,20,12.4985620117188,0
2017,6,17,19,20,14.3043161621094,0
2017,6,17,19,20,16.1100070800781,0
2017,6,17,19,20,17.9159709472656,0
2017,6,17,19,20,19.7218649902344,0
2017,6,17,19,20,21.5275668945313,0
2017,6,17,19,20,23.3336589355469,0
2017,6,17,19,20,25.13962109375,0
2017,6,17,19,20,26.9455759277344,0
2017,6,17,19,20,28.7514208984375,0
2017,6,17,19,20,30.5571499023437,0
2017,6,17,19,20,32.3629602050781,0
2017,6,17,19,20,34.1686298828125,0
2017,6,17,19,20,35.9743559570312,0
2017,6,17,19,20,37.7801809082031,1
2017,6,17,19,20,39.5859899902344,1
2017,6,17,19,20,41.39191015625,1
2017,6,17,19,20,43.19762109375,1
2017,6,17,19,20,45.0033779296875,1
2017,6,17,19,20,46.8092019042969,1
2017,6,17,19,20,48.6151708984375,1
2017,6,17,19,20,50.4208640136719,1
2017,6,17,19,20,52.2265698242187,1
2017,6,17,19,20,54.0325319824219,1
2017,6,17,19,20,55.8382658691406,1
2017,6,17,19,20,57.6441828613281,1
2017,6,17,19,20,59.450076171875,1
2017,6,17,19,21,1.255796875,1
2017,6,17,19,21,3.06151196289062,1
2017,6,17,19,21,4.86732592773437,1
2017,6,17,19,21,6.67319116210937,1
2017,6,17,19,21,8.47911010742187,1
2017,6,17,19,21,10.2849741210938,1
2017,6,17,19,21,12.0907189941406,1
2017,6,17,19,21,13.89649609375,1
2017,6,17,19,21,15.7023110351562,1
2017,6,17,19,21,17.5080600585937,1
2017,6,17,19,21,19.31375,1
2017,6,17,19,21,21.1195390625,1
2017,6,17,19,21,22.9253488769531,1
2017,6,17,19,21,24.7310458984375,1
2017,6,17,19,21,26.5369929199219,1
2017,6,17,19,21,28.3428029785156,1
2017,6,17,19,21,30.1485642089844,1
2017,6,17,19,21,31.9542370605469,1
2017,6,17,19,21,33.7601970214844,1
2017,6,17,19,21,35.5659360351562,1
2017,6,17,19,21,37.3768159179687,1
2017,6,17,19,21,39.1825170898437,1
2017,6,17,19,21,40.9882978515625,1
2017,6,17,19,21,42.7942189941406,1
2017,6,17,19,21,44.5999538574219,1
2017,6,17,19,21,46.4061459960937,1
2017,6,17,19,21,48.21166796875,1
2017,6,17,19,21,50.0175158691406,1
2017,6,17,19,21,51.8233671875,1
2017,6,17,19,21,53.6291059570312,1
2017,6,17,19,21,55.4349079589844,1
2017,6,17,19,21,57.240623046875,1
2017,6,17,19,21,59.0464780273438,1
2017,6,17,19,22,0.85243798828125,1
2017,6,17,19,22,2.65840283203125,1
2017,6,17,19,22,4.4643330078125,1
2017,6,17,19,22,6.27017602539062,1
2017,6,17,19,22,8.07618603515625,1
2017,6,17,19,22,9.88185302734375,1
2017,6,17,19,22,11.6875441894531,1
2017,6,17,19,22,13.4934289550781,1
2017,6,17,19,22,15.2992092285156,1
2017,6,17,19,22,17.1050920410156,1
2017,6,17,19,22,18.9109030761719,1
2017,6,17,19,22,20.7167971191406,1
2017,6,17,19,22,22.5225571289063,1
2017,6,17,19,22,24.3284140625,1
2017,6,17,19,22,26.1343259277344,1
2017,6,17,19,22,27.9401169433594,1
2017,6,17,19,22,29.7459750976562,1
2017,6,17,19,22,31.5517529296875,2
2017,6,17,19,22,33.3575187988281,2
2017,6,17,19,22,35.1634489746094,2
2017,6,17,19,22,36.9691999511719,2
2017,6,17,19,22,38.7751101074219,2
2017,6,17,19,22,40.5808889160156,2
2017,6,17,19,22,42.386912109375,2
2017,6,17,19,22,44.1927731933594,2
2017,6,17,19,22,45.9986779785156,2
2017,6,17,19,22,47.8045129394531,2
2017,6,17,19,22,49.6101879882812,2
2017,6,17,19,22,51.4160249023438,2
2017,6,17,19,22,53.2218488769531,2
2017,6,17,19,22,55.0277951660156,2
2017,6,17,19,22,56.8336860351562,1
2017,6,17,19,22,58.63949609375,1
2017,6,17,19,23,0.445405029296875,1
2017,6,17,19,23,2.25109497070313,1
2017,6,17,19,23,4.05853393554688,1
2017,6,17,19,23,5.8626201171875,1
2017,6,17,19,23,7.66846215820313,1
2017,6,17,19,23,9.47421606445313,1
2017,6,17,19,23,11.28000390625,1
2017,6,17,19,23,13.0859599609375,1
2017,6,17,19,23,14.8917629394531,1
2017,6,17,19,23,16.6976379394531,1
2017,6,17,19,23,18.5035888671875,0
2017,6,17,19,23,20.3094580078125,0
2017,6,17,19,23,22.1153269042969,0
2017,6,17,19,23,23.9212219238281,0
2017,6,17,19,23,25.7271479492188,0
2017,6,17,19,23,27.5329248046875,0
2017,6,17,19,23,29.3386760253906,0
2017,6,17,19,23,31.1445529785156,0
2017,6,17,19,23,32.9502348632813,0
2017,6,17,19,23,34.7561779785156,0
2017,6,17,19,23,36.5620500488281,0
2017,6,17,19,23,38.3680861816406,0
2017,6,17,19,23,40.1740009765625,0
2017,6,17,19,23,41.9798688964844,0
2017,6,17,19,23,43.7856391601563,0
2017,6,17,19,23,45.5915888671875,0
2017,6,17,19,23,47.3973549804687,0
2017,6,17,19,23,49.2032390136719,0
2017,6,17,19,23,51.0089099121094,0
2017,6,17,19,23,52.8146411132812,0
2017,6,17,19,23,54.6205981445313,0
2017,6,17,19,23,56.4263762207031,0
2017,6,17,19,23,58.2321638183594,0
2017,6,17,19,24,0.03814501953125,0
2017,6,17,19,24,1.84390893554687,0
2017,6,17,19,24,3.64960205078125,0
2017,6,17,19,24,5.45540698242188,0
2017,6,17,19,24,7.26129614257813,0
2017,6,17,19,24,9.067126953125,0
2017,6,17,19,24,10.8728481445313,0
2017,6,17,19,24,12.6786389160156,0
2017,6,17,19,24,14.4845100097656,0
2017,6,17,19,24,16.2903640136719,0
2017,6,17,19,24,18.0961440429687,0
2017,6,17,19,24,19.9019079589844,0
2017,6,17,19,24,21.7076789550781,0
2017,6,17,19,24,23.5133728027344,0
2017,6,17,19,24,25.319416015625,0
2017,6,17,19,24,27.1252409667969,0
2017,6,17,19,24,28.9311640625,0
2017,6,17,19,24,30.7370100097656,0
2017,6,17,19,24,32.5427800292969,0
2017,6,17,19,24,34.348705078125,0
2017,6,17,19,24,36.1546489257813,0
2017,6,17,19,24,37.9605258789063,0
2017,6,17,19,24,39.7662971191406,0
2017,6,17,19,24,41.5720551757813,0
2017,6,17,19,24,43.3778029785156,0
2017,6,17,19,24,45.1837419433594,0
2017,6,17,19,24,46.9896901855469,0
2017,6,17,19,24,48.7953840332031,0
2017,6,17,19,24,50.6012360839844,0
2017,6,17,19,24,52.4070388183594,0
2017,6,17,19,24,54.2128020019531,0
2017,6,17,19,24,56.0184970703125,0
2017,6,17,19,24,57.8243640136719,0
2017,6,17,19,24,59.6301911621094,0
2017,6,17,19,25,1.43590087890625,0
2017,6,17,19,25,3.24183984375,0
2017,6,17,19,25,5.0475390625,0
2017,6,17,19,25,6.85323681640625,0
2017,6,17,19,25,8.65914501953125,0
2017,6,17,19,25,10.4649030761719,0
2017,6,17,19,25,12.2707778320312,0
2017,6,17,19,25,14.0764821777344,0
2017,6,17,19,25,15.8822009277344,0
2017,6,17,19,25,17.6880529785156,0
2017,6,17,19,25,19.493869140625,0
2017,6,17,19,25,21.29954296875,0
2017,6,17,19,25,23.1052189941406,0
2017,6,17,19,25,24.9109680175781,0
2017,6,17,19,25,26.7166691894531,0
2017,6,17,19,25,28.5225520019531,0
2017,6,17,19,25,30.3284047851562,0
2017,6,17,19,25,32.1343510742187,0
2017,6,17,19,25,33.9404240722656,0
2017,6,17,19,25,35.746208984375,0
2017,6,17,19,25,37.5519370117187,0
2017,6,17,19,25,39.3578640136719,0
2017,6,17,19,25,41.1636608886719,0
2017,6,17,19,25,42.9695520019531,0
2017,6,17,19,25,44.7752321777344,0
2017,6,17,19,25,46.5810639648438,0
2017,6,17,19,25,48.3868662109375,0
2017,6,17,19,25,50.1926379394531,0
2017,6,17,19,25,51.9985339355469,0
2017,6,17,19,25,53.8045090332031,0
2017,6,17,19,25,55.6103569335937,0
2017,6,17,19,25,57.4163151855469,0
2017,6,17,19,25,59.22221484375,0
2017,6,17,19,26,1.02806591796875,0
2017,6,17,19,26,2.83388720703125,0
2017,6,17,19,26,4.63973999023438,0
2017,6,17,19,26,6.445578125,0
2017,6,17,19,26,8.2515,0
2017,6,17,19,26,10.0574350585938,0
2017,6,17,19,26,11.8633388671875,0
2017,6,17,19,26,15.7593100585937,0
2017,6,17,19,26,17.5650498046875,0
2017,6,17,19,26,19.3707622070313,0
2017,6,17,19,26,21.1764519042969,0
2017,6,17,19,26,22.9821860351562,0
2017,6,17,19,26,24.7879938964844,0
2017,6,17,19,26,26.5938469238281,0
2017,6,17,19,26,28.3997099609375,0
2017,6,17,19,26,30.2055791015625,0
2017,6,17,19,26,32.0114328613281,0
2017,6,17,19,26,33.8173889160156,0
2017,6,17,19,26,35.6233549804687,0
2017,6,17,19,26,37.4291027832031,0
2017,6,17,19,26,39.2348840332031,0
2017,6,17,19,26,41.0407109375,0
2017,6,17,19,26,42.8465109863281,0
2017,6,17,19,26,44.6523869628906,0
2017,6,17,19,26,46.4582280273438,0
2017,6,17,19,26,48.2640659179688,0
2017,6,17,19,26,50.0699780273438,0
2017,6,17,19,26,51.8758991699219,0
2017,6,17,19,26,53.6818029785156,0
2017,6,17,19,26,55.4875190429687,0
2017,6,17,19,26,57.2934780273438,0
2017,6,17,19,26,59.0994150390625,0
2017,6,17,19,27,0.9051640625,0
2017,6,17,19,27,2.71107104492188,0
2017,6,17,19,27,4.51701098632812,0
2017,6,17,19,27,6.32302905273438,0
2017,6,17,19,27,8.12894287109375,0
2017,6,17,19,27,9.93462890625,0
2017,6,17,19,27,11.7404328613281,0
2017,6,17,19,27,13.5463901367188,0
2017,6,17,19,27,15.3522719726563,0
2017,6,17,19,27,17.1579848632812,0
2017,6,17,19,27,18.9637990722656,0
2017,6,17,19,27,20.7696870117188,0
2017,6,17,19,27,22.5754509277344,0
2017,6,17,19,27,24.3813129882812,0
2017,6,17,19,27,26.187248046875,0
2017,6,17,19,27,27.9932438964844,0
2017,6,17,19,27,29.7989389648437,0
2017,6,17,19,27,31.6046750488281,0
2017,6,17,19,27,33.4105329589844,0
2017,6,17,19,27,35.2162060546875,0
2017,6,17,19,27,37.0220061035156,0
2017,6,17,19,27,38.8276750488281,0
2017,6,17,19,27,40.6345629882813,0
2017,6,17,19,27,42.4404609375,0
2017,6,17,19,27,44.2463801269531,0
2017,6,17,19,27,46.0523100585937,0
2017,6,17,19,27,47.85804296875,0
2017,6,17,19,27,49.6641198730469,0
2017,6,17,19,27,51.4700319824219,0
2017,6,17,19,27,53.2758688964844,0
2017,6,17,19,27,55.0816181640625,0
2017,6,17,19,27,56.8873549804687,0
2017,6,17,19,27,58.6933239746094,0
2017,6,17,19,28,0.49927587890625,0
2017,6,17,19,28,2.30515185546875,0
2017,6,17,19,28,4.11083203125,0
2017,6,17,19,28,5.91656909179687,0
2017,6,17,19,28,7.72227685546875,0
2017,6,17,19,28,11.6167631835938,0
2017,6,17,19,28,13.4226760253906,0
2017,6,17,19,28,15.228455078125,0
2017,6,17,19,28,17.0343129882813,0
2017,6,17,19,28,18.840162109375,0
2017,6,17,19,28,20.6458991699219,0
2017,6,17,19,28,22.4516789550781,0
2017,6,17,19,28,24.2574860839844,0
2017,6,17,19,28,26.0633471679688,0
2017,6,17,19,28,27.8692209472656,0
2017,6,17,19,28,29.6750458984375,0
2017,6,17,19,28,31.4809890136719,0
2017,6,17,19,28,33.2867060546875,0
2017,6,17,19,28,35.0924931640625,0
2017,6,17,19,28,36.8982939453125,0
2017,6,17,19,28,38.7039770507812,0
2017,6,17,19,28,40.5097429199219,0
2017,6,17,19,28,42.3156850585938,0
2017,6,17,19,28,44.1215678710938,0
2017,6,17,19,28,45.9273330078125,0
2017,6,17,19,28,47.7330588378906,0
2017,6,17,19,28,49.5388649902344,0
2017,6,17,19,28,51.3445471191406,0
2017,6,17,19,28,53.1504580078125,0
2017,6,17,19,28,54.9561379394531,0
2017,6,17,19,28,56.7619619140625,0
2017,6,17,19,28,58.5678100585938,0
2017,6,17,19,29,0.373712158203125,0
2017,6,17,19,29,2.17966284179687,0
2017,6,17,19,29,3.9855390625,0
2017,6,17,19,29,5.7911669921875,0
2017,6,17,19,29,7.59693286132813,0
2017,6,17,19,29,9.40281616210937,0
2017,6,17,19,29,11.2086889648438,0
2017,6,17,19,29,13.0146201171875,0
2017,6,17,19,29,14.8204499511719,0
2017,6,17,19,29,16.6264340820312,0
2017,6,17,19,29,18.4323051757812,0
2017,6,17,19,29,20.2382150878906,0
2017,6,17,19,29,22.0441459960938,0
2017,6,17,19,29,23.8498220214844,0
2017,6,17,19,29,25.6556020507813,0
2017,6,17,19,29,27.4614301757812,0
2017,6,17,19,29,29.2681538085937,0
2017,6,17,19,29,31.0739650878906,0
2017,6,17,19,29,32.8798588867188,0
2017,6,17,19,29,34.6857109375,0
2017,6,17,19,29,36.4914260253906,0
2017,6,17,19,29,38.2971889648437,0
2017,6,17,19,29,40.1028908691406,0
2017,6,17,19,29,41.9085690917969,0
2017,6,17,19,29,43.7145200195312,0
2017,6,17,19,29,45.5204301757813,0
2017,6,17,19,29,47.3263229980469,0
2017,6,17,19,29,49.1321140136719,0
2017,6,17,19,29,50.9380070800781,0
2017,6,17,19,29,52.7438608398437,0
2017,6,17,19,29,54.5496040039063,0
2017,6,17,19,29,56.3555349121094,0
2017,6,17,19,29,58.1613969726562,0
2017,6,17,19,29,59.9674660644531,0
2017,6,17,19,30,1.77327709960937,0
2017,6,17,19,30,3.5791298828125,0
2017,6,17,19,30,5.38490014648437,0
2017,6,17,19,30,7.1907919921875,0
2017,6,17,19,30,8.99651293945312,0
2017,6,17,19,30,10.8024548339844,0
2017,6,17,19,30,12.6081909179688,0
2017,6,17,19,30,14.4139089355469,0
2017,6,17,19,30,16.2197412109375,0
2017,6,17,19,30,18.0257028808594,0
2017,6,17,19,30,19.8314870605469,0
2017,6,17,19,30,21.6373720703125,0
2017,6,17,19,30,23.4431259765625,0
2017,6,17,19,30,25.24900390625,0
2017,6,17,19,30,27.0547780761719,0
2017,6,17,19,30,28.8606540527344,0
2017,6,17,19,30,30.6664140625,0
2017,6,17,19,30,32.4723740234375,0
2017,6,17,19,30,34.278248046875,0
2017,6,17,19,30,36.0841091308594,0
2017,6,17,19,30,37.8899528808594,1
2017,6,17,19,30,39.6956420898438,1
2017,6,17,19,30,41.5015329589844,1
2017,6,17,19,30,43.3072961425781,2
2017,6,17,19,30,45.1131020507813,2
2017,6,17,19,30,46.9188249511719,2
2017,6,17,19,30,48.7246750488281,2
2017,6,17,19,30,50.5304050292969,2
2017,6,17,19,30,52.3360830078125,2
2017,6,17,19,30,54.1503798828125,2
2017,6,17,19,30,55.9560849609375,2
2017,6,17,19,30,57.7619741210938,2
2017,6,17,19,30,59.5678251953125,1
2017,6,17,19,31,1.37360107421875,1
2017,6,17,19,31,3.17946801757813,1
2017,6,17,19,31,4.98531884765625,1
2017,6,17,19,31,6.79098901367187,0
2017,6,17,19,31,8.59668798828125,0
2017,6,17,19,31,10.4026130371094,0
2017,6,17,19,31,12.2085439453125,0
2017,6,17,19,31,14.0143439941406,0
2017,6,17,19,31,15.8200390625,0
2017,6,17,19,31,17.6257971191406,0
2017,6,17,19,31,19.4315729980469,0
2017,6,17,19,31,21.2372770996094,0
2017,6,17,19,31,23.0430048828125,0
2017,6,17,19,31,24.8488210449219,0
2017,6,17,19,31,31.1054470214844,0
2017,6,17,19,31,32.9112189941406,0
2017,6,17,19,31,34.716919921875,0
2017,6,17,19,31,36.5226149902344,0
2017,6,17,19,31,38.328416015625,0
2017,6,17,19,31,40.1343139648437,0
2017,6,17,19,31,41.9402561035156,0
2017,6,17,19,31,43.7461030273438,0
2017,6,17,19,31,45.5520388183594,0
2017,6,17,19,31,47.3578110351563,0
2017,6,17,19,31,49.1635581054688,0
2017,6,17,19,31,50.9694660644531,0
2017,6,17,19,31,52.7752800292969,0
2017,6,17,19,31,54.5811650390625,0
2017,6,17,19,31,56.3870119628906,0
2017,6,17,19,31,58.1928999023437,0
2017,6,17,19,31,59.9988059082031,0
2017,6,17,19,32,1.8046279296875,0
2017,6,17,19,32,3.61043798828125,0
2017,6,17,19,32,5.41628784179688,0
2017,6,17,19,32,7.22211010742187,0
2017,6,17,19,32,9.02798510742188,0
2017,6,17,19,32,10.8337080078125,0
2017,6,17,19,32,12.6397490234375,0
2017,6,17,19,32,14.4454069824219,0
2017,6,17,19,32,16.2513361816406,0
2017,6,17,19,32,18.057248046875,0
2017,6,17,19,32,19.8630791015625,0
2017,6,17,19,32,21.6689780273438,0
2017,6,17,19,32,23.47474609375,0
2017,6,17,19,32,25.2805568847656,1
2017,6,17,19,32,27.0863891601563,1
2017,6,17,19,32,28.8921708984375,1
2017,6,17,19,32,30.6979748535156,2
2017,6,17,19,32,32.5039279785156,2
2017,6,17,19,32,34.3097829589844,2
2017,6,17,19,32,36.1155241699219,2
2017,6,17,19,32,37.9214821777344,2
2017,6,17,19,32,39.7273640136719,2
2017,6,17,19,32,41.5330759277344,2
2017,6,17,19,32,43.3388010253906,2
2017,6,17,19,32,45.1447160644531,2
2017,6,17,19,32,46.950419921875,2
2017,6,17,19,32,48.7562819824219,2
2017,6,17,19,32,50.5620810546875,2
2017,6,17,19,32,52.3679689941406,1
2017,6,17,19,32,54.1737419433594,1
2017,6,17,19,32,55.9797138671875,1
2017,6,17,19,32,57.7854741210937,0
2017,6,17,19,32,59.5915849609375,0
2017,6,17,19,33,1.39742993164062,0
2017,6,17,19,33,3.20330493164062,0
2017,6,17,19,33,5.00909399414062,0
2017,6,17,19,33,6.81496899414063,0
2017,6,17,19,33,8.62090795898438,0
2017,6,17,19,33,10.426873046875,0
2017,6,17,19,33,12.2327770996094,0
2017,6,17,19,33,14.0386459960938,0
2017,6,17,19,33,15.8443388671875,0
2017,6,17,19,33,17.6502048339844,0
2017,6,17,19,33,19.4559851074219,0
2017,6,17,19,33,21.2617858886719,0
2017,6,17,19,33,23.0676948242188,0
2017,6,17,19,33,24.8735981445313,0
2017,6,17,19,33,26.6795109863281,0
2017,6,17,19,33,28.4852709960937,0
2017,6,17,19,33,30.2909948730469,0
2017,6,17,19,33,32.0969089355469,0
2017,6,17,19,33,33.9027629394531,0
2017,6,17,19,33,35.7086330566406,0
2017,6,17,19,33,37.5143110351562,0
2017,6,17,19,33,39.320044921875,0
2017,6,17,19,33,41.1258481445312,0
2017,6,17,19,33,42.9317131347656,0
2017,6,17,19,33,44.7374799804687,0
2017,6,17,19,33,46.543294921875,0
2017,6,17,19,33,48.349248046875,0
2017,6,17,19,33,50.1551420898437,0
2017,6,17,19,33,51.9608618164063,0
2017,6,17,19,33,53.7665478515625,0
2017,6,17,19,33,55.5741938476562,0
2017,6,17,19,33,57.3782419433594,0
2017,6,17,19,33,59.1841071777344,0
2017,6,17,19,34,0.9899189453125,0
2017,6,17,19,34,2.79581909179687,0
2017,6,17,19,34,4.60161987304688,0
2017,6,17,19,34,6.40742407226563,0
2017,6,17,19,34,8.213412109375,0
2017,6,17,19,34,10.0191928710938,0
2017,6,17,19,34,11.8249130859375,0
2017,6,17,19,34,13.6308049316406,0
2017,6,17,19,34,15.436494140625,0
2017,6,17,19,34,17.2450310058594,0
2017,6,17,19,34,19.0508388671875,0
2017,6,17,19,34,20.8566530761719,0
2017,6,17,19,34,22.6626201171875,0
2017,6,17,19,34,24.4685349121094,0
2017,6,17,19,34,26.2742578125,0
2017,6,17,19,34,28.0800791015625,0
2017,6,17,19,34,29.8860029296875,0
2017,6,17,19,34,31.6919790039063,0
2017,6,17,19,34,33.4979091796875,0
2017,6,17,19,34,35.3037299804688,0
2017,6,17,19,34,37.1094638671875,0
2017,6,17,19,34,38.9152209472656,0
2017,6,17,19,34,40.7211499023437,0
2017,6,17,19,34,42.5269711914062,0
2017,6,17,19,34,44.3326831054688,0
2017,6,17,19,34,46.1386298828125,0
2017,6,17,19,34,47.9445290527344,0
2017,6,17,19,34,49.7503728027344,0
2017,6,17,19,34,51.5561579589844,0
2017,6,17,19,34,53.3621262207031,0
2017,6,17,19,34,55.1679421386719,0
2017,6,17,19,34,56.9736530761719,0
2017,6,17,19,34,58.7794470214844,0
2017,6,17,19,35,0.585222900390625,0
2017,6,17,19,35,2.39099194335938,0
2017,6,17,19,35,4.19690209960937,0
2017,6,17,19,35,6.00284008789063,0
2017,6,17,19,35,7.80863500976563,0
2017,6,17,19,35,9.61472802734375,0
2017,6,17,19,35,11.4204780273437,0
2017,6,17,19,35,13.2262580566406,0
2017,6,17,19,35,15.0319560546875,0
2017,6,17,19,35,16.8378220214844,0
2017,6,17,19,35,18.6435270996094,0
2017,6,17,19,35,20.449458984375,0
2017,6,17,19,35,22.2554299316406,0
2017,6,17,19,35,24.0612978515625,0
2017,6,17,19,35,25.8672199707031,0
2017,6,17,19,35,27.673080078125,0
2017,6,17,19,35,29.4787878417969,0
2017,6,17,19,35,31.2844770507812,0
2017,6,17,19,35,33.09028515625,0
2017,6,17,19,35,34.8960949707031,0
2017,6,17,19,35,36.7020090332031,0
2017,6,17,19,35,38.5077839355469,0
2017,6,17,19,35,40.3136950683594,0
2017,6,17,19,35,42.1275871582031,0
2017,6,17,19,35,43.9334189453125,0
2017,6,17,19,35,45.7392380371094,0
2017,6,17,19,35,47.5449189453125,0
2017,6,17,19,35,49.3505991210938,0
2017,6,17,19,35,51.1562790527344,0
2017,6,17,19,35,52.9621879882813,0
2017,6,17,19,35,54.7680891113281,0
2017,6,17,19,35,56.5739880371094,0
2017,6,17,19,35,58.3796879882812,0
2017,6,17,19,36,0.185531005859375,0
2017,6,17,19,36,1.99128515625,0
2017,6,17,19,36,3.79697607421875,0
2017,6,17,19,36,5.6027080078125,0
2017,6,17,19,36,7.40863500976563,0
2017,6,17,19,36,9.21433813476562,0
2017,6,17,19,36,11.02012890625,0
2017,6,17,19,36,12.8260378417969,0
2017,6,17,19,36,14.6318659667969,0
2017,6,17,19,36,16.4376020507813,0
2017,6,17,19,36,18.2434379882813,0
2017,6,17,19,36,20.0492119140625,0
2017,6,17,19,36,21.8550109863281,0
2017,6,17,19,36,23.6609147949219,0
2017,6,17,19,36,25.4667819824219,0
2017,6,17,19,36,27.272466796875,0
2017,6,17,19,36,29.0787370605469,0
2017,6,17,19,36,30.8846159667969,0
2017,6,17,19,36,32.6904311523437,0
2017,6,17,19,36,34.4964968261719,0
2017,6,17,19,36,36.3022329101562,0
2017,6,17,19,36,38.1080671386719,0
2017,6,17,19,36,39.9139978027344,0
2017,6,17,19,36,41.7198540039062,0
2017,6,17,19,36,43.5257609863281,0
2017,6,17,19,36,45.331541015625,0
2017,6,17,19,36,47.1374289550781,0
2017,6,17,19,36,48.9432529296875,0
2017,6,17,19,36,50.7489951171875,0
2017,6,17,19,36,52.5548078613281,0
2017,6,17,19,36,54.3606201171875,0
2017,6,17,19,36,56.1663151855469,1
2017,6,17,19,36,57.9720219726563,1
2017,6,17,19,36,59.7778610839844,1
2017,6,17,19,37,1.58381103515625,1
2017,6,17,19,37,3.38952197265625,1
2017,6,17,19,37,5.19523095703125,1
2017,6,17,19,37,7.0009150390625,1
2017,6,17,19,37,8.806705078125,1
2017,6,17,19,37,10.6123828125,1
2017,6,17,19,37,12.4181059570312,1
2017,6,17,19,37,14.22391796875,1
2017,6,17,19,37,16.0296740722656,1
2017,6,17,19,37,17.8354020996094,1
2017,6,17,19,37,19.6412709960937,1
2017,6,17,19,37,21.4470009765625,1
2017,6,17,19,37,23.2527648925781,1
2017,6,17,19,37,25.0587309570313,1
2017,6,17,19,37,26.8646928710938,1
2017,6,17,19,37,28.6704509277344,1
2017,6,17,19,37,30.47616796875,1
2017,6,17,19,37,32.2818889160156,1
2017,6,17,19,37,34.0875659179688,1
2017,6,17,19,37,35.8934887695313,1
2017,6,17,19,37,37.6993640136719,1
2017,6,17,19,37,39.5051127929688,1
2017,6,17,19,37,41.3108498535156,1
2017,6,17,19,37,43.1166840820312,1
2017,6,17,19,37,44.92254296875,1
2017,6,17,19,37,46.728462890625,1
2017,6,17,19,37,48.5342109375,1
2017,6,17,19,37,50.3401101074219,1
2017,6,17,19,37,52.1458039550781,1
2017,6,17,19,37,53.9516359863281,1
2017,6,17,19,37,55.7573659667969,1
2017,6,17,19,37,57.5631411132812,1
2017,6,17,19,37,59.3689838867188,1
2017,6,17,19,38,1.17493701171875,1
2017,6,17,19,38,2.98067309570312,1
2017,6,17,19,38,4.78647583007812,1
2017,6,17,19,38,6.60090893554688,1
2017,6,17,19,38,8.40684594726562,1
2017,6,17,19,38,10.2125380859375,1
2017,6,17,19,38,12.0182390136719,1
2017,6,17,19,38,13.824080078125,1
2017,6,17,19,38,15.629958984375,1
2017,6,17,19,38,17.4358488769531,1
2017,6,17,19,38,19.2417180175781,1
2017,6,17,19,38,21.0474140625,1
2017,6,17,19,38,22.853125,1
2017,6,17,19,38,24.6590720214844,2
2017,6,17,19,38,26.4647399902344,2
2017,6,17,19,38,28.2706520996094,2
2017,6,17,19,38,30.0766020507813,2
2017,6,17,19,38,31.8825778808594,2
2017,6,17,19,38,33.688498046875,2
2017,6,17,19,38,35.4943081054687,2
2017,6,17,19,38,37.3001411132812,2
2017,6,17,19,38,39.1059838867187,2
2017,6,17,19,38,40.9116721191406,1
2017,6,17,19,38,42.7174731445312,1
2017,6,17,19,38,44.52325390625,1
2017,6,17,19,38,46.3290341796875,1
2017,6,17,19,38,48.1348110351562,1
2017,6,17,19,38,49.9405178222656,1
2017,6,17,19,38,51.7463850097656,1
2017,6,17,19,38,53.5522390136719,1
2017,6,17,19,38,55.3579799804687,1
2017,6,17,19,38,57.1639421386719,1
2017,6,17,19,38,58.969916015625,1
2017,6,17,19,39,0.775710205078125,1
2017,6,17,19,39,2.58247485351562,1
2017,6,17,19,39,4.38869702148437,1
2017,6,17,19,39,6.19449389648438,1
2017,6,17,19,39,8.00028295898437,1
2017,6,17,19,39,9.80598901367187,1
2017,6,17,19,39,11.6119150390625,0
2017,6,17,19,39,13.4177429199219,0
2017,6,17,19,39,18.1802709960937,0
2017,6,17,19,39,19.985833984375,0
2017,6,17,19,39,21.7916921386719,0
2017,6,17,19,39,23.5974418945313,0
2017,6,17,19,39,25.4033530273438,0
2017,6,17,19,39,27.2097958984375,0
2017,6,17,19,39,29.0156169433594,0
2017,6,17,19,39,30.8213698730469,0
2017,6,17,19,39,32.6270859375,0
2017,6,17,19,39,34.4329208984375,0
2017,6,17,19,39,36.2386550292969,0
2017,6,17,19,39,38.0444829101562,0
2017,6,17,19,39,39.8502241210938,0
2017,6,17,19,39,41.6559729003906,0
2017,6,17,19,39,43.4617119140625,0
2017,6,17,19,39,45.2674660644531,0
2017,6,17,19,39,47.0734140625,0
2017,6,17,19,39,48.8792609863281,0
2017,6,17,19,39,50.6851840820312,0
2017,6,17,19,39,52.4908649902344,0
2017,6,17,19,39,54.2966020507813,0
2017,6,17,19,39,56.1023950195313,0
2017,6,17,19,39,57.9083549804688,0
2017,6,17,19,39,59.7141379394531,1
2017,6,17,19,40,1.52009008789063,1
2017,6,17,19,40,3.325833984375,1
2017,6,17,19,40,5.13194116210938,1
2017,6,17,19,40,6.9378779296875,1
2017,6,17,19,40,8.74382495117188,1
2017,6,17,19,40,10.549705078125,1
2017,6,17,19,40,12.3554880371094,1
2017,6,17,19,40,14.161294921875,1
2017,6,17,19,40,15.9671489257813,1
2017,6,17,19,40,17.7730910644531,1
2017,6,17,19,40,19.5788901367188,1
2017,6,17,19,40,21.384740234375,1
2017,6,17,19,40,23.1904580078125,1
2017,6,17,19,40,24.9962419433594,1
2017,6,17,19,40,26.8022729492188,1
2017,6,17,19,40,28.6081081542969,1
2017,6,17,19,40,30.4137810058594,1
2017,6,17,19,40,32.2201171875,1
2017,6,17,19,40,34.0259409179687,1
2017,6,17,19,40,35.8317319335938,1
2017,6,17,19,40,37.637576171875,1
2017,6,17,19,40,39.4432780761719,1
2017,6,17,19,40,41.2490949707031,1
2017,6,17,19,40,43.054796875,1
2017,6,17,19,40,44.8606418457031,1
2017,6,17,19,40,46.666330078125,1
2017,6,17,19,40,48.4720180664062,1
2017,6,17,19,40,50.2779270019531,1
2017,6,17,19,40,52.0850090332031,1
2017,6,17,19,40,53.8907028808594,1
2017,6,17,19,40,55.6965629882813,1
2017,6,17,19,40,57.5022548828125,1
2017,6,17,19,40,59.308126953125,1
2017,6,17,19,41,1.114,1
2017,6,17,19,41,2.91984204101562,1
2017,6,17,19,41,4.72571215820312,1
2017,6,17,19,41,6.53140209960937,1
2017,6,17,19,41,8.33735400390625,1
2017,6,17,19,41,10.1432600097656,1
2017,6,17,19,41,11.9491359863281,1
2017,6,17,19,41,13.7551069335937,1
2017,6,17,19,41,15.5608310546875,1
2017,6,17,19,41,17.3666411132813,1
2017,6,17,19,41,19.1725769042969,1
2017,6,17,19,41,20.9783410644531,1
2017,6,17,19,41,22.7842231445312,1
2017,6,17,19,41,24.5900791015625,1
2017,6,17,19,41,26.3960339355469,1
2017,6,17,19,41,28.2017231445313,1
2017,6,17,19,41,30.00766796875,1
2017,6,17,19,41,31.8134929199219,1
2017,6,17,19,41,33.6190859375,1
2017,6,17,19,41,35.4247819824219,1
2017,6,17,19,41,37.2307360839844,1
2017,6,17,19,41,39.0365200195313,1
2017,6,17,19,41,40.8423139648437,1
2017,6,17,19,41,42.648166015625,1
2017,6,17,19,41,44.4541950683594,1
2017,6,17,19,41,46.2598701171875,1
2017,6,17,19,41,48.0656608886719,1
2017,6,17,19,41,49.871373046875,1
2017,6,17,19,41,51.6771130371094,1
2017,6,17,19,41,53.4828139648437,1
2017,6,17,19,41,55.2884899902344,1
2017,6,17,19,41,57.0942819824219,1
2017,6,17,19,41,58.9000261230469,1
2017,6,17,19,42,0.705949951171875,1
2017,6,17,19,42,2.51231591796875,1
2017,6,17,19,42,4.31771704101562,1
2017,6,17,19,42,6.1235361328125,1
2017,6,17,19,42,7.9293369140625,1
2017,6,17,19,42,9.73505004882812,1
2017,6,17,19,42,11.5408908691406,1
2017,6,17,19,42,13.346705078125,1
2017,6,17,19,42,15.1524838867188,1
2017,6,17,19,42,16.958251953125,1
2017,6,17,19,42,18.76396484375,1
2017,6,17,19,42,20.5698439941406,1
2017,6,17,19,42,22.3756010742187,1
2017,6,17,19,42,24.1813049316406,1
2017,6,17,19,42,25.9872561035156,1
2017,6,17,19,42,27.7931379394531,1
2017,6,17,19,42,29.5988569335938,1
2017,6,17,19,42,31.4056611328125,1
2017,6,17,19,42,33.2106960449219,1
2017,6,17,19,42,35.0165900878906,1
2017,6,17,19,42,36.8225490722656,1
2017,6,17,19,42,38.6284111328125,1
2017,6,17,19,42,40.4373579101563,1
2017,6,17,19,42,42.2431149902344,1
2017,6,17,19,42,44.0488830566406,1
2017,6,17,19,42,45.8546440429688,1
2017,6,17,19,42,47.6605239257812,1
2017,6,17,19,42,49.466294921875,1
2017,6,17,19,42,51.2720881347656,1
2017,6,17,19,42,53.0779970703125,1
2017,6,17,19,42,54.883712890625,1
2017,6,17,19,42,56.6896018066406,1
2017,6,17,19,42,58.4955520019531,1
2017,6,17,19,43,0.30130517578125,1
2017,6,17,19,43,2.10715795898437,1
2017,6,17,19,43,3.9128798828125,1
2017,6,17,19,43,5.71875317382812,1
2017,6,17,19,43,7.52472412109375,1
2017,6,17,19,43,9.33069116210937,1
2017,6,17,19,43,11.1367758789062,1
2017,6,17,19,43,12.9426010742188,1
2017,6,17,19,43,14.7484060058594,1
2017,6,17,19,43,16.5541511230469,1
2017,6,17,19,43,18.3599130859375,1
2017,6,17,19,43,20.1656921386719,1
2017,6,17,19,43,21.9716330566406,1
2017,6,17,19,43,23.7774140625,1
2017,6,17,19,43,25.5833149414063,1
2017,6,17,19,43,27.38925,1
2017,6,17,19,43,29.1950400390625,1
2017,6,17,19,43,31.0008608398437,1
2017,6,17,19,43,32.806716796875,1
2017,6,17,19,43,34.6126770019531,1
2017,6,17,19,43,36.4184958496094,1
2017,6,17,19,43,38.2243618164063,1
2017,6,17,19,43,40.030080078125,1
2017,6,17,19,43,41.8360400390625,1
2017,6,17,19,43,43.6419228515625,1
2017,6,17,19,43,45.44783203125,1
2017,6,17,19,43,47.2536599121094,1
2017,6,17,19,43,49.0595500488281,1
2017,6,17,19,43,50.865294921875,1
2017,6,17,19,43,52.6711430664063,1
2017,6,17,19,43,54.4771479492187,1
2017,6,17,19,43,56.2828549804687,1
2017,6,17,19,43,58.0895258789063,1
2017,6,17,19,43,59.8954428710937,1
2017,6,17,19,44,1.70131298828125,1
2017,6,17,19,44,3.50731982421875,1
2017,6,17,19,44,5.31956420898438,1
2017,6,17,19,44,7.12536108398437,1
2017,6,17,19,44,8.9313291015625,1
2017,6,17,19,44,10.7373840332031,1
2017,6,17,19,44,12.54312890625,1
2017,6,17,19,44,14.3490751953125,1
2017,6,17,19,44,16.1549370117188,1
2017,6,17,19,44,17.9609069824219,1
2017,6,17,19,44,19.766787109375,1
2017,6,17,19,44,21.5726860351562,1
2017,6,17,19,44,23.3785869140625,1
2017,6,17,19,44,25.1844479980469,1
2017,6,17,19,44,26.9901789550781,1
2017,6,17,19,44,28.7961508789062,1
2017,6,17,19,44,30.6020278320313,1
2017,6,17,19,44,32.4081169433594,1
2017,6,17,19,44,34.2138779296875,1
2017,6,17,19,44,36.0196909179688,1
2017,6,17,19,44,37.8256389160156,1
2017,6,17,19,44,39.63158984375,1
2017,6,17,19,44,41.4373100585938,1
2017,6,17,19,44,43.2430551757813,1
2017,6,17,19,44,45.048994140625,1
2017,6,17,19,44,46.8547448730469,1
2017,6,17,19,44,48.6604467773438,1
2017,6,17,19,44,50.4663068847656,1
2017,6,17,19,44,52.2722529296875,1
2017,6,17,19,44,54.0781809082031,1
2017,6,17,19,44,55.8841130371094,1
2017,6,17,19,44,57.6898439941406,1
2017,6,17,19,44,59.4957199707031,1
2017,6,17,19,45,1.30155810546875,1
2017,6,17,19,45,3.10729907226562,1
2017,6,17,19,45,4.91321997070312,1
2017,6,17,19,45,6.71927001953125,1
2017,6,17,19,45,8.52517602539062,1
2017,6,17,19,45,10.3308510742187,1
2017,6,17,19,45,12.1365710449219,1
2017,6,17,19,45,13.9424580078125,1
2017,6,17,19,45,15.7483178710938,1
2017,6,17,19,45,17.5542758789062,1
2017,6,17,19,45,19.3602280273438,1
2017,6,17,19,45,21.1659809570312,1
2017,6,17,19,45,22.9718520507813,1
2017,6,17,19,45,24.7777458496094,1
2017,6,17,19,45,26.5836538085937,1
2017,6,17,19,45,28.3897390136719,1
2017,6,17,19,45,30.2015791015625,1
2017,6,17,19,45,32.0074360351563,1
2017,6,17,19,45,33.8133830566406,1
2017,6,17,19,45,35.6191420898437,1
2017,6,17,19,45,37.4248508300781,1
2017,6,17,19,45,39.2306530761719,1
2017,6,17,19,45,41.03658203125,1
2017,6,17,19,45,42.8425341796875,1
2017,6,17,19,45,44.6483791503906,1
2017,6,17,19,45,46.4541279296875,1
2017,6,17,19,45,48.2599990234375,1
2017,6,17,19,45,50.0658100585937,1
2017,6,17,19,45,51.8715319824219,1
2017,6,17,19,45,53.6775031738281,1
2017,6,17,19,45,55.48324609375,1
2017,6,17,19,45,57.2891359863281,1
2017,6,17,19,45,59.0948159179688,1
2017,6,17,19,46,0.90085009765625,1
2017,6,17,19,46,2.70664184570313,1
2017,6,17,19,46,4.5123330078125,1
2017,6,17,19,46,6.31813305664063,1
2017,6,17,19,46,8.12404711914063,1
2017,6,17,19,46,9.92993212890625,1
2017,6,17,19,46,11.7356228027344,1
2017,6,17,19,46,13.5415891113281,1
2017,6,17,19,46,15.3472700195312,1
2017,6,17,19,46,17.1529838867188,1
2017,6,17,19,46,18.958955078125,1
2017,6,17,19,46,20.7648798828125,1
2017,6,17,19,46,22.5709360351563,1
2017,6,17,19,46,24.3767038574219,1
2017,6,17,19,46,26.1826789550781,1
2017,6,17,19,46,27.9884770507812,1
2017,6,17,19,46,29.7942690429688,1
2017,6,17,19,46,31.5999719238281,1
2017,6,17,19,46,33.4058298339844,1
2017,6,17,19,46,35.2116560058594,1
2017,6,17,19,46,37.0173581542969,1
2017,6,17,19,46,38.8232019042969,1
2017,6,17,19,46,40.6290219726562,1
2017,6,17,19,46,42.4349389648438,1
2017,6,17,19,46,44.2408391113281,1
2017,6,17,19,46,46.0467429199219,1
2017,6,17,19,46,47.8527019042969,1
2017,6,17,19,46,49.6586101074219,2
2017,6,17,19,46,51.4643630371094,2
2017,6,17,19,46,53.2702380371094,2
2017,6,17,19,46,55.0760141601562,2
2017,6,17,19,46,56.8820349121094,2
2017,6,17,19,46,58.687787109375,2
2017,6,17,19,47,0.493597900390625,2
2017,6,17,19,47,2.29946801757812,2
2017,6,17,19,47,4.10515185546875,2
2017,6,17,19,47,5.91111889648437,2
2017,6,17,19,47,7.71702783203125,2
2017,6,17,19,47,9.52294995117187,2
2017,6,17,19,47,11.3288801269531,2
2017,6,17,19,47,13.1346589355469,2
2017,6,17,19,47,14.94054296875,2
2017,6,17,19,47,16.7463901367188,2
2017,6,17,19,47,18.5522438964844,2
2017,6,17,19,47,20.3582119140625,2
2017,6,17,19,47,22.1639978027344,2
2017,6,17,19,47,23.9699357910156,2
2017,6,17,19,47,25.7757470703125,2
2017,6,17,19,47,27.5816149902344,2
2017,6,17,19,47,29.3874760742187,2
2017,6,17,19,47,31.19337890625,2
2017,6,17,19,47,32.9993159179688,2
2017,6,17,19,47,34.80504296875,2
2017,6,17,19,47,36.6109467773437,2
2017,6,17,19,47,38.41675390625,2
2017,6,17,19,47,40.2226201171875,2
2017,6,17,19,47,42.0283820800781,2
2017,6,17,19,47,43.8342390136719,2
2017,6,17,19,47,45.6400749511719,2
2017,6,17,19,47,47.4458510742188,2
2017,6,17,19,47,49.2516921386719,2
2017,6,17,19,47,51.0573671875,2
2017,6,17,19,47,52.8632250976562,2
2017,6,17,19,47,54.6749328613281,2
2017,6,17,19,47,56.4807861328125,2
2017,6,17,19,47,58.2864780273437,2
2017,6,17,19,48,0.0922939453125,2
2017,6,17,19,48,1.89808984375,2
2017,6,17,19,48,3.70405786132812,2
2017,6,17,19,48,5.50996484375,2
2017,6,17,19,48,7.31565600585937,2
2017,6,17,19,48,9.12156005859375,2
2017,6,17,19,48,10.9275319824219,2
2017,6,17,19,48,12.733419921875,2
2017,6,17,19,48,14.539166015625,2
2017,6,17,19,48,16.3449841308594,2
2017,6,17,19,48,18.1507019042969,2
2017,6,17,19,48,19.9564340820313,2
2017,6,17,19,48,21.7621689453125,2
2017,6,17,19,48,23.5679650878906,2
2017,6,17,19,48,25.3740891113281,2
2017,6,17,19,48,27.1798310546875,2
2017,6,17,19,48,28.9857800292969,2
2017,6,17,19,48,30.7915549316406,2
2017,6,17,19,48,32.5972331542969,2
2017,6,17,19,48,34.4031220703125,2
2017,6,17,19,48,36.2090310058594,2
2017,6,17,19,48,38.0148210449219,2
2017,6,17,19,48,39.8206010742188,2
2017,6,17,19,48,41.6265400390625,2
2017,6,17,19,48,43.4323720703125,2
2017,6,17,19,48,45.2383251953125,2
2017,6,17,19,48,47.0440581054687,2
2017,6,17,19,48,48.8497839355469,2
2017,6,17,19,48,50.6556369628906,2
2017,6,17,19,48,52.4613481445313,2
2017,6,17,19,48,54.26725,2
2017,6,17,19,48,56.072962890625,2
2017,6,17,19,48,57.8788391113281,2
2017,6,17,19,48,59.684669921875,2
2017,6,17,19,49,1.49052807617187,2
2017,6,17,19,49,3.29632080078125,2
2017,6,17,19,49,5.10223608398437,2
2017,6,17,19,49,6.90819189453125,2
2017,6,17,19,49,8.71392993164062,2
2017,6,17,19,49,10.5196870117187,2
2017,6,17,19,49,12.3254631347656,2
2017,6,17,19,49,14.1313989257812,2
2017,6,17,19,49,15.9372260742187,2
2017,6,17,19,49,17.7430988769531,2
2017,6,17,19,49,19.5575139160156,2
2017,6,17,19,49,21.3633740234375,2
2017,6,17,19,49,23.1691501464844,2
2017,6,17,19,49,24.9749838867187,2
2017,6,17,19,49,26.7808840332031,2
2017,6,17,19,49,28.5867810058594,2
2017,6,17,19,49,30.392669921875,2
2017,6,17,19,49,32.1984050292969,2
2017,6,17,19,49,34.004169921875,2
2017,6,17,19,49,35.80995703125,2
2017,6,17,19,49,37.615833984375,2
2017,6,17,19,49,39.4214970703125,2
2017,6,17,19,49,41.2271809082031,2
2017,6,17,19,49,43.0330961914063,2
2017,6,17,19,49,44.8389990234375,2
2017,6,17,19,49,46.6448491210937,2
2017,6,17,19,49,48.4505209960938,2
2017,6,17,19,49,50.2563779296875,2
2017,6,17,19,49,52.0621159667969,2
2017,6,17,19,49,53.8680319824219,2
2017,6,17,19,49,55.673873046875,2
2017,6,17,19,49,57.4796350097656,2
2017,6,17,19,49,59.2855810546875,2
2017,6,17,19,50,1.09130102539063,2
2017,6,17,19,50,2.89727294921875,2
2017,6,17,19,50,4.7029541015625,2
2017,6,17,19,50,6.508673828125,2
2017,6,17,19,50,8.314412109375,2
2017,6,17,19,50,10.1201311035156,2
2017,6,17,19,50,11.9260100097656,2
2017,6,17,19,50,13.7317941894531,2
2017,6,17,19,50,15.5376647949219,2
2017,6,17,19,50,17.3434150390625,2
2017,6,17,19,50,19.149298828125,2
2017,6,17,19,50,20.955125,2
2017,6,17,19,50,22.760955078125,2
2017,6,17,19,50,24.5669619140625,2
2017,6,17,19,50,26.3728098144531,2
2017,6,17,19,50,28.1786650390625,2
2017,6,17,19,50,29.9843649902344,2
2017,6,17,19,50,31.7901821289062,2
2017,6,17,19,50,33.5960500488281,2
2017,6,17,19,50,35.4017351074219,0
2017,6,17,19,50,37.2078149414062,0
2017,6,17,19,50,39.0137277832031,0
2017,6,17,19,50,40.8195600585938,0
2017,6,17,19,50,42.6254321289062,0
2017,6,17,19,50,44.4395520019531,0
2017,6,17,19,50,46.2454599609375,0
2017,6,17,19,50,48.0513540039062,0
2017,6,17,19,50,49.8574519042969,0
2017,6,17,19,50,51.6632309570313,0
2017,6,17,19,50,53.4690139160156,0
2017,6,17,19,50,55.2748239746094,0
2017,6,17,19,51,0.07644287109375,0
2017,6,17,19,51,1.88230615234375,0
2017,6,17,19,51,3.68830493164063,0
2017,6,17,19,51,5.49410107421875,0
2017,6,17,19,51,7.29980200195313,0
2017,6,17,19,51,9.10556591796875,0
2017,6,17,19,51,10.9112529296875,0
2017,6,17,19,51,12.7203989257813,0
2017,6,17,19,51,14.5261818847656,0
2017,6,17,19,51,16.3320830078125,0
2017,6,17,19,51,18.1378190917969,0
2017,6,17,19,51,19.9434968261719,0
2017,6,17,19,51,21.7491889648437,0
2017,6,17,19,51,23.5551459960937,0
2017,6,17,19,51,25.3608879394531,0
2017,6,17,19,51,27.1666540527344,1
2017,6,17,19,51,28.972373046875,1
2017,6,17,19,51,30.7782099609375,1
2017,6,17,19,51,32.5839770507813,1
2017,6,17,19,51,34.3896560058594,1
2017,6,17,19,51,36.1954619140625,1
2017,6,17,19,51,38.0014108886719,1
2017,6,17,19,51,39.8073850097656,1
2017,6,17,19,51,41.6131010742187,1
2017,6,17,19,51,43.4191501464844,1
2017,6,17,19,51,45.2248178710937,1
2017,6,17,19,51,47.0328010253906,1
2017,6,17,19,51,48.8387250976563,1
2017,6,17,19,51,50.6444130859375,1
2017,6,17,19,51,52.4530109863281,1
2017,6,17,19,51,54.2590981445313,1
2017,6,17,19,51,56.0647819824219,1
2017,6,17,19,51,57.8705969238281,1
2017,6,17,19,51,59.6763969726562,1
2017,6,17,19,52,1.482091796875,1
2017,6,17,19,52,3.28790087890625,1
2017,6,17,19,52,5.0936337890625,1
2017,6,17,19,52,6.89967309570313,1
2017,6,17,19,52,8.70551391601563,1
2017,6,17,19,52,10.5114829101562,1
2017,6,17,19,52,12.3172180175781,1
2017,6,17,19,52,14.1231740722656,1
2017,6,17,19,52,15.9290310058594,1
2017,6,17,19,52,17.7349328613281,1
2017,6,17,19,52,19.5408872070313,1
2017,6,17,19,52,21.3467199707031,1
2017,6,17,19,52,23.1526647949219,1
2017,6,17,19,52,24.9585419921875,1
2017,6,17,19,52,26.7642429199219,1
2017,6,17,19,52,28.5703288574219,1
2017,6,17,19,52,30.3762451171875,1
2017,6,17,19,52,32.1819370117188,1
2017,6,17,19,52,33.9878818359375,1
2017,6,17,19,52,35.7938408203125,1
2017,6,17,19,52,37.6044050292969,1
2017,6,17,19,52,39.4103559570312,1
2017,6,17,19,52,41.2159880371094,1
2017,6,17,19,52,43.0219069824219,1
2017,6,17,19,52,44.8277111816406,1
2017,6,17,19,52,46.6335080566406,1
2017,6,17,19,52,48.4393188476563,1
2017,6,17,19,52,50.245,1
2017,6,17,19,52,52.0510981445313,1
2017,6,17,19,52,53.8567890625,1
2017,6,17,19,52,55.6625939941406,1
2017,6,17,19,52,57.46845703125,1
2017,6,17,19,52,59.2742819824219,1
2017,6,17,19,53,1.0802431640625,1
2017,6,17,19,53,2.88601489257813,1
2017,6,17,19,53,4.69177294921875,1
2017,6,17,19,53,6.49755688476562,1
2017,6,17,19,53,8.30342797851563,1
2017,6,17,19,53,10.1093940429688,1
2017,6,17,19,53,11.9151730957031,1
2017,6,17,19,53,13.7210290527344,1
2017,6,17,19,53,15.5268681640625,1
2017,6,17,19,53,17.3325710449219,1
2017,6,17,19,53,19.1384731445313,1
2017,6,17,19,53,20.9442299804688,1
2017,6,17,19,53,22.750001953125,1
2017,6,17,19,53,24.5557390136719,1
2017,6,17,19,53,26.3618129882813,1
2017,6,17,19,53,28.1675219726562,1
2017,6,17,19,53,29.9733901367187,1
2017,6,17,19,53,31.779330078125,1
2017,6,17,19,53,33.58516796875,1
2017,6,17,19,53,35.3911220703125,1
2017,6,17,19,53,37.1968439941406,1
2017,6,17,19,53,39.0025671386719,1
2017,6,17,19,53,40.8084760742188,1
2017,6,17,19,53,42.6142590332031,1
2017,6,17,19,53,44.4200229492187,1
2017,6,17,19,53,46.2259440917969,1
2017,6,17,19,53,48.0316760253906,1
2017,6,17,19,53,49.8374880371094,1
2017,6,17,19,53,51.643330078125,1
2017,6,17,19,53,53.4491079101563,1
2017,6,17,19,53,55.2547951660156,1
2017,6,17,19,53,57.0607180175781,1
2017,6,17,19,53,58.8666240234375,1
2017,6,17,19,54,0.672512939453125,1
2017,6,17,19,54,2.48451806640625,1
2017,6,17,19,54,4.2904208984375,1
2017,6,17,19,54,6.096244140625,1
2017,6,17,19,54,7.90225415039063,1
2017,6,17,19,54,9.70807592773438,1
2017,6,17,19,54,11.5137529296875,1
2017,6,17,19,54,13.31958203125,1
2017,6,17,19,54,15.1254448242188,1
2017,6,17,19,54,16.9313740234375,1
2017,6,17,19,54,18.7372961425781,1
2017,6,17,19,54,20.5432661132812,1
2017,6,17,19,54,22.3490249023437,1
2017,6,17,19,54,24.1547438964844,1
2017,6,17,19,54,25.9606979980469,1
2017,6,17,19,54,27.7664379882813,1
2017,6,17,19,54,29.5723210449219,1
2017,6,17,19,54,31.3780600585937,1
2017,6,17,19,54,33.1837958984375,1
2017,6,17,19,54,34.9895451660156,1
2017,6,17,19,54,36.7952219238281,1
2017,6,17,19,54,38.6010310058594,1
2017,6,17,19,54,40.4069460449219,1
2017,6,17,19,54,42.2127180175781,1
2017,6,17,19,54,44.0185969238281,1
2017,6,17,19,54,45.8242800292969,1
2017,6,17,19,54,47.630173828125,1
2017,6,17,19,54,49.4361328125,1
2017,6,17,19,54,51.2420471191406,1
2017,6,17,19,54,53.0480061035156,1
2017,6,17,19,54,54.8540881347656,1
2017,6,17,19,54,56.6598679199219,1
2017,6,17,19,54,58.4656479492187,1
2017,6,17,19,55,0.2716201171875,1
2017,6,17,19,55,2.0773779296875,1
2017,6,17,19,55,3.88307104492188,1
2017,6,17,19,55,5.6887529296875,1
2017,6,17,19,55,7.49488818359375,1
2017,6,17,19,55,9.30084106445313,1
2017,6,17,19,55,11.1067978515625,1
2017,6,17,19,55,12.9127180175781,1
2017,6,17,19,55,14.7184260253906,1
2017,6,17,19,55,16.5244780273438,1
2017,6,17,19,55,18.3301779785156,1
2017,6,17,19,55,20.1361411132813,1
2017,6,17,19,55,21.9425400390625,1
2017,6,17,19,55,23.7483161621094,1
2017,6,17,19,55,25.5544040527344,1
2017,6,17,19,55,27.3667299804688,1
2017,6,17,19,55,29.1725930175781,1
2017,6,17,19,55,30.9784851074219,1
2017,6,17,19,55,32.784166015625,1
2017,6,17,19,55,34.590080078125,1
2017,6,17,19,55,36.3959409179688,1
2017,6,17,19,55,38.2018020019531,1
2017,6,17,19,55,40.0076970214844,1
2017,6,17,19,55,41.8136640625,1
2017,6,17,19,55,43.6196010742187,1
2017,6,17,19,55,45.4255639648437,1
2017,6,17,19,55,47.2314250488281,1
2017,6,17,19,55,49.0372819824219,1
2017,6,17,19,55,50.8429580078125,1
2017,6,17,19,55,52.6488459472656,1
2017,6,17,19,55,54.4545869140625,1
2017,6,17,19,55,56.2603869628906,1
2017,6,17,19,55,58.0662709960937,1
2017,6,17,19,55,59.8721320800781,1
2017,6,17,19,56,1.67798803710938,1
2017,6,17,19,56,3.48369287109375,1
2017,6,17,19,56,5.28949096679688,1
2017,6,17,19,56,7.09536596679687,1
2017,6,17,19,56,8.90111596679687,1
2017,6,17,19,56,10.7069140625,1
2017,6,17,19,56,12.5128120117188,1
2017,6,17,19,56,14.3184990234375,1
2017,6,17,19,56,16.1242312011719,1
2017,6,17,19,56,17.9301779785156,1
2017,6,17,19,56,19.7361860351563,1
2017,6,17,19,56,21.5421491699219,1
2017,6,17,19,56,23.3479050292969,1
2017,6,17,19,56,25.1538310546875,1
2017,6,17,19,56,26.9596801757813,1
2017,6,17,19,56,28.7655061035156,1
2017,6,17,19,56,30.571419921875,1
2017,6,17,19,56,32.3773330078125,1
2017,6,17,19,56,34.1832211914062,1
2017,6,17,19,56,35.9891618652344,1
2017,6,17,19,56,37.7948969726562,1
2017,6,17,19,56,39.6006511230469,1
2017,6,17,19,56,41.40654296875,1
2017,6,17,19,56,43.2122541503906,1
2017,6,17,19,56,45.0181831054688,1
2017,6,17,19,56,46.8241420898437,1
2017,6,17,19,56,48.6300209960937,1
2017,6,17,19,56,50.4356958007812,1
2017,6,17,19,56,52.2416330566406,1
2017,6,17,19,56,54.0474790039062,1
2017,6,17,19,56,55.8532939453125,1
2017,6,17,19,56,57.6592451171875,1
2017,6,17,19,56,59.4649360351562,1
2017,6,17,19,57,1.27060693359375,1
2017,6,17,19,57,3.07631616210938,1
2017,6,17,19,57,4.882248046875,1
2017,6,17,19,57,6.6881240234375,1
2017,6,17,19,57,8.49402319335938,1
2017,6,17,19,57,10.2997919921875,1
2017,6,17,19,57,12.1057429199219,1
2017,6,17,19,57,13.9115700683594,1
2017,6,17,19,57,15.717669921875,1
2017,6,17,19,57,17.5235300292969,1
2017,6,17,19,57,19.3294909667969,1
2017,6,17,19,57,21.1353039550781,1
2017,6,17,19,57,22.9410310058594,1
2017,6,17,19,57,24.7469721679687,1
2017,6,17,19,57,26.5528510742188,1
2017,6,17,19,57,28.3587180175781,1
2017,6,17,19,57,30.1645668945313,1
2017,6,17,19,57,31.9703979492188,1
2017,6,17,19,57,33.7761188964844,1
2017,6,17,19,57,35.5818989257813,1
2017,6,17,19,57,37.3877919921875,1
2017,6,17,19,57,39.19358203125,1
2017,6,17,19,57,40.9993291015625,1
2017,6,17,19,57,42.805296875,1
2017,6,17,19,57,44.6110939941406,1
2017,6,17,19,57,46.4170339355469,1
2017,6,17,19,57,48.2228898925781,1
2017,6,17,19,57,50.028830078125,1
2017,6,17,19,57,51.8347521972656,0
2017,6,17,19,57,53.6404350585938,0
2017,6,17,19,57,55.4463142089844,0
2017,6,17,19,57,57.2520239257813,0
2017,6,17,19,57,59.0577189941406,0
2017,6,17,19,58,0.86339599609375,0
2017,6,17,19,58,2.66915112304688,0
2017,6,17,19,58,4.47489599609375,0
2017,6,17,19,58,6.28081494140625,0
2017,6,17,19,58,12.2953569335937,0
2017,6,17,19,58,14.1011989746094,0
2017,6,17,19,58,15.9069631347656,0
2017,6,17,19,58,17.7127668457031,0
2017,6,17,19,58,19.5185549316406,0
2017,6,17,19,58,21.3242790527344,0
2017,6,17,19,58,23.1301218261719,0
2017,6,17,19,58,24.9358029785156,0
2017,6,17,19,58,26.7415869140625,0
2017,6,17,19,58,28.5474948730469,0
2017,6,17,19,58,30.3531821289063,0
2017,6,17,19,58,32.1592158203125,0
2017,6,17,19,58,33.9649069824219,0
2017,6,17,19,58,35.7706831054687,0
2017,6,17,19,58,37.5766379394531,0
2017,6,17,19,58,39.382580078125,0
2017,6,17,19,58,41.1884350585937,0
2017,6,17,19,58,42.9943029785156,0
2017,6,17,19,58,44.8000949707031,0
2017,6,17,19,58,46.6057919921875,0
2017,6,17,19,58,48.4117141113281,0
2017,6,17,19,58,50.2176330566406,0
2017,6,17,19,58,52.0233129882812,0
2017,6,17,19,58,53.8290009765625,1
2017,6,17,19,58,55.6348330078125,1
2017,6,17,19,58,57.4408010253906,1
2017,6,17,19,58,59.2467329101562,1
2017,6,17,19,59,1.0525869140625,1
2017,6,17,19,59,2.8583359375,1
2017,6,17,19,59,4.6640419921875,1
2017,6,17,19,59,6.4700078125,1
2017,6,17,19,59,8.27568603515625,1
2017,6,17,19,59,10.0813820800781,1
2017,6,17,19,59,11.8871401367188,1
2017,6,17,19,59,13.7022221679688,1
2017,6,17,19,59,15.5080939941406,1
2017,6,17,19,59,17.3139240722656,1
2017,6,17,19,59,19.1196020507812,1
2017,6,17,19,59,20.9255710449219,1
2017,6,17,19,59,22.7313781738281,1
2017,6,17,19,59,24.5373488769531,1
2017,6,17,19,59,26.3433000488281,1
2017,6,17,19,59,28.1491411132812,1
2017,6,17,19,59,29.9548869628906,1
2017,6,17,19,59,31.7609008789062,1
2017,6,17,19,59,33.5668149414062,1
2017,6,17,19,59,35.3726708984375,1
2017,6,17,19,59,37.1785969238281,1
2017,6,17,19,59,38.9843308105469,1
2017,6,17,19,59,40.7902700195312,1
2017,6,17,19,59,42.5960759277344,1
2017,6,17,19,59,44.4019821777344,1
2017,6,17,19,59,46.2078869628906,1
2017,6,17,19,59,48.0136430664063,1
2017,6,17,19,59,49.819376953125,1
2017,6,17,19,59,51.625125,1
2017,6,17,19,59,53.4310620117188,1
2017,6,17,19,59,55.2368190917969,1
2017,6,17,19,59,57.0427238769531,1
2017,6,17,19,59,58.8486208496094,1
2017,6,17,20,0,0.65447412109375,1
2017,6,17,20,0,2.46014990234375,1
2017,6,17,20,0,4.2659521484375,1
2017,6,17,20,0,6.072048828125,1
2017,6,17,20,0,7.87790209960937,1
2017,6,17,20,0,9.68376806640625,1
2017,6,17,20,0,11.4895239257812,1
2017,6,17,20,0,13.2953190917969,1
2017,6,17,20,0,15.1009890136719,1
2017,6,17,20,0,16.9068249511719,1
2017,6,17,20,0,18.7126350097656,1
2017,6,17,20,0,20.5184790039063,1
2017,6,17,20,0,22.3242919921875,1
2017,6,17,20,0,24.1302248535156,1
2017,6,17,20,0,25.935919921875,1
2017,6,17,20,0,27.7417941894531,1
2017,6,17,20,0,29.5474729003906,1
2017,6,17,20,0,31.353298828125,1
2017,6,17,20,0,33.1591301269531,1
2017,6,17,20,0,34.9649750976563,1
2017,6,17,20,0,36.7707700195312,1
2017,6,17,20,0,38.5842648925781,1
2017,6,17,20,0,40.39016796875,1
2017,6,17,20,0,42.1960639648438,1
2017,6,17,20,0,44.0020290527344,1
2017,6,17,20,0,45.8076821289063,1
2017,6,17,20,0,47.6146030273437,1
2017,6,17,20,0,49.4204189453125,1
2017,6,17,20,0,51.2262819824219,1
2017,6,17,20,0,53.0323129882812,1
2017,6,17,20,0,54.8380251464844,1
2017,6,17,20,0,56.6439309082031,1
2017,6,17,20,0,58.4496259765625,1
2017,6,17,20,1,0.255345947265625,1
2017,6,17,20,1,2.0610439453125,1
2017,6,17,20,1,3.86690991210937,1
2017,6,17,20,1,5.67298095703125,1
2017,6,17,20,1,7.47893505859375,1
2017,6,17,20,1,9.2847060546875,1
2017,6,17,20,1,11.0905981445312,1
2017,6,17,20,1,12.8964309082031,1
2017,6,17,20,1,14.7023200683594,1
2017,6,17,20,1,16.5080810546875,1
2017,6,17,20,1,18.3138999023437,1
2017,6,17,20,1,20.1196120605469,1
2017,6,17,20,1,21.9255209960937,1
2017,6,17,20,1,23.7314929199219,1
2017,6,17,20,1,25.5373039550781,1
2017,6,17,20,1,27.3433388671875,1
2017,6,17,20,1,29.1490439453125,1
2017,6,17,20,1,30.9547780761719,1
2017,6,17,20,1,32.7607231445312,1
2017,6,17,20,1,34.5664799804687,1
2017,6,17,20,1,36.3724379882812,1
2017,6,17,20,1,38.1782260742187,1
2017,6,17,20,1,39.9840859375,1
2017,6,17,20,1,41.7899599609375,1
2017,6,17,20,1,43.5957219238281,1
2017,6,17,20,1,45.4014899902344,1
2017,6,17,20,1,47.2073359375,1
2017,6,17,20,1,49.0130178222656,1
2017,6,17,20,1,50.8187758789063,1
2017,6,17,20,1,52.6246359863281,1
2017,6,17,20,1,54.4303898925781,1
2017,6,17,20,1,56.2361008300781,1
2017,6,17,20,1,58.0418811035156,1
2017,6,17,20,1,59.8476259765625,1
2017,6,17,20,2,1.6534140625,1
2017,6,17,20,2,3.466166015625,1
2017,6,17,20,2,5.27211401367188,1
2017,6,17,20,2,7.0778349609375,1
2017,6,17,20,2,8.88360400390625,1
2017,6,17,20,2,10.6895739746094,1
2017,6,17,20,2,12.4955261230469,1
2017,6,17,20,2,14.3013278808594,1
2017,6,17,20,2,16.1071789550781,1
2017,6,17,20,2,17.9130539550781,1
2017,6,17,20,2,19.7189020996094,1
2017,6,17,20,2,21.5248859863281,1
2017,6,17,20,2,23.3308479003906,1
2017,6,17,20,2,25.1367338867188,1
2017,6,17,20,2,26.9426911621094,1
2017,6,17,20,2,28.748591796875,1
2017,6,17,20,2,30.5542741699219,1
2017,6,17,20,2,32.3602248535156,1
2017,6,17,20,2,34.1660559082031,1
2017,6,17,20,2,35.9717719726562,1
2017,6,17,20,2,37.7777209472656,1
2017,6,17,20,2,39.5836520996094,1
2017,6,17,20,2,41.3895209960938,1
2017,6,17,20,2,43.1954738769531,1
2017,6,17,20,2,45.0013940429687,1
2017,6,17,20,2,46.807326171875,1
2017,6,17,20,2,48.61316796875,1
2017,6,17,20,2,50.4191337890625,1
2017,6,17,20,2,52.2248149414063,1
2017,6,17,20,2,54.0305678710938,1
2017,6,17,20,2,55.8363308105469,1
2017,6,17,20,2,57.6421540527344,1
2017,6,17,20,2,59.4480419921875,1
2017,6,17,20,3,1.25382202148437,1
2017,6,17,20,3,3.05971606445312,1
2017,6,17,20,3,4.8655869140625,1
2017,6,17,20,3,6.67118310546875,1
2017,6,17,20,3,8.47690795898438,1
2017,6,17,20,3,10.2826740722656,1
2017,6,17,20,3,12.0886418457031,1
2017,6,17,20,3,13.8945830078125,1
2017,6,17,20,3,15.7004089355469,1
2017,6,17,20,3,17.5062858886719,1
2017,6,17,20,3,19.3120639648438,1
2017,6,17,20,3,21.1182180175781,1
2017,6,17,20,3,22.9239030761719,1
2017,6,17,20,3,24.729830078125,1
2017,6,17,20,3,26.5356081542969,1
2017,6,17,20,3,28.3481418457031,1
2017,6,17,20,3,30.1539860839844,1
2017,6,17,20,3,31.9597600097656,1
2017,6,17,20,3,33.7655698242188,1
2017,6,17,20,3,35.5713640136719,1
2017,6,17,20,3,37.3772631835937,1
2017,6,17,20,3,39.1831369628906,1
2017,6,17,20,3,40.9888352050781,1
2017,6,17,20,3,42.7946450195313,1
2017,6,17,20,3,44.600580078125,1
2017,6,17,20,3,46.4065729980469,1
2017,6,17,20,3,48.2124250488281,1
2017,6,17,20,3,50.0182221679688,1
2017,6,17,20,3,51.8239379882813,1
2017,6,17,20,3,53.6298120117187,1
2017,6,17,20,3,55.43566796875,1
2017,6,17,20,3,57.2416127929688,1
2017,6,17,20,3,59.0475239257812,1
2017,6,17,20,4,0.8534560546875,1
2017,6,17,20,4,2.65937719726563,1
2017,6,17,20,4,4.46535400390625,1
2017,6,17,20,4,6.27130615234375,1
2017,6,17,20,4,8.07731201171875,1
2017,6,17,20,4,9.882880859375,1
2017,6,17,20,4,11.6886730957031,1
2017,6,17,20,4,13.494625,1
2017,6,17,20,4,15.3003371582031,1
2017,6,17,20,4,17.106298828125,1
2017,6,17,20,4,18.9121831054687,2
2017,6,17,20,4,20.718044921875,2
2017,6,17,20,4,22.5239438476562,2
2017,6,17,20,4,24.3297329101562,2
2017,6,17,20,4,26.1354790039063,2
2017,6,17,20,4,27.9413801269531,2
2017,6,17,20,4,29.7473071289063,2
2017,6,17,20,4,31.5530378417969,2
2017,6,17,20,4,33.358830078125,1
2017,6,17,20,4,35.16466796875,1
2017,6,17,20,4,36.9705979003906,1
2017,6,17,20,4,38.776505859375,1
2017,6,17,20,4,40.5822939453125,0
2017,6,17,20,4,42.3881071777344,0
2017,6,17,20,4,44.1938159179687,0
2017,6,17,20,4,45.9996359863281,0
2017,6,17,20,4,47.8053120117187,0
2017,6,17,20,4,49.6110439453125,0
2017,6,17,20,4,51.4168500976563,0
2017,6,17,20,4,53.2310310058594,0
2017,6,17,20,4,55.0368601074219,0
2017,6,17,20,4,56.8425380859375,0
2017,6,17,20,4,58.6484899902344,0
2017,6,17,20,5,0.454238037109375,0
2017,6,17,20,5,2.25997485351562,0
2017,6,17,20,5,4.065923828125,0
2017,6,17,20,5,5.871787109375,0
2017,6,17,20,5,14.7747919921875,0
2017,6,17,20,5,16.5804799804687,0
2017,6,17,20,5,18.386408203125,0
2017,6,17,20,5,20.1921389160156,0
2017,6,17,20,5,21.9979528808594,0
2017,6,17,20,5,23.8036389160156,0
2017,6,17,20,5,25.6094318847656,0
2017,6,17,20,5,27.4152639160156,0
2017,6,17,20,5,29.2210109863281,1
2017,6,17,20,5,31.0269069824219,1
2017,6,17,20,5,32.8326931152344,1
2017,6,17,20,5,34.6412429199219,1
2017,6,17,20,5,36.4469968261719,1
2017,6,17,20,5,38.2529011230469,1
2017,6,17,20,5,40.0587419433594,1
2017,6,17,20,5,41.8645988769531,1
2017,6,17,20,5,43.670384765625,1
2017,6,17,20,5,45.4761938476562,1
2017,6,17,20,5,47.2819460449219,1
2017,6,17,20,5,49.0878259277344,2
2017,6,17,20,5,50.8935297851562,2
2017,6,17,20,5,52.6992609863281,2
2017,6,17,20,5,54.505125,2
2017,6,17,20,5,56.3108020019531,2
2017,6,17,20,5,58.1165170898437,2
2017,6,17,20,5,59.9224379882813,2
2017,6,17,20,6,1.72831616210937,2
2017,6,17,20,6,3.53411376953125,2
2017,6,17,20,6,5.3401279296875,1
2017,6,17,20,6,7.14593603515625,1
2017,6,17,20,6,8.95164697265625,1
2017,6,17,20,6,10.7574091796875,1
2017,6,17,20,6,12.5633459472656,1
2017,6,17,20,6,14.3690349121094,1
2017,6,17,20,6,16.1747341308594,1
2017,6,17,20,6,17.9805888671875,1
2017,6,17,20,6,19.7863359375,1
2017,6,17,20,6,21.5922749023437,1
2017,6,17,20,6,23.3980830078125,1
2017,6,17,20,6,25.2038291015625,1
2017,6,17,20,6,27.0095329589844,1
2017,6,17,20,6,28.815294921875,1
2017,6,17,20,6,30.6229970703125,1
2017,6,17,20,6,32.42883984375,1
2017,6,17,20,6,34.2345329589844,1
2017,6,17,20,6,36.0402700195312,1
2017,6,17,20,6,37.8459721679688,1
2017,6,17,20,6,39.6517451171875,1
2017,6,17,20,6,41.4576020507812,1
2017,6,17,20,6,43.2633071289062,1
2017,6,17,20,6,45.0689990234375,1
2017,6,17,20,6,46.8751020507813,1
2017,6,17,20,6,48.6811430664062,1
2017,6,17,20,6,50.4868459472656,1
2017,6,17,20,6,52.2928210449219,1
2017,6,17,20,6,54.0984909667969,1
2017,6,17,20,6,55.9043220214844,1
2017,6,17,20,6,57.7100388183594,1
2017,6,17,20,6,59.5233581542969,1
2017,6,17,20,7,1.32925708007812,1
2017,6,17,20,7,3.13509497070313,1
2017,6,17,20,7,4.94092797851563,1
2017,6,17,20,7,6.7467060546875,1
2017,6,17,20,7,8.55264501953125,1
2017,6,17,20,7,10.3584030761719,1
2017,6,17,20,7,12.1643117675781,1
2017,6,17,20,7,13.9700339355469,1
2017,6,17,20,7,15.7758879394531,1
2017,6,17,20,7,17.5817790527344,1
2017,6,17,20,7,19.3876669921875,1
2017,6,17,20,7,21.1935061035156,1
2017,6,17,20,7,22.9993410644531,1
2017,6,17,20,7,24.805123046875,1
2017,6,17,20,7,26.6108041992188,1
2017,6,17,20,7,28.4166149902344,1
2017,6,17,20,7,30.2225397949219,1
2017,6,17,20,7,32.0283989257812,1
2017,6,17,20,7,33.8343620605469,1
2017,6,17,20,7,35.64029296875,1
2017,6,17,20,7,37.4461850585937,1
2017,6,17,20,7,39.2521159667969,1
2017,6,17,20,7,41.0578359375,1
2017,6,17,20,7,42.8637370605469,1
2017,6,17,20,7,44.6695620117188,1
2017,6,17,20,7,46.4754760742187,1
2017,6,17,20,7,48.2811989746094,1
2017,6,17,20,7,50.0869619140625,1
2017,6,17,20,7,51.892875,1
2017,6,17,20,7,53.69878515625,1
2017,6,17,20,7,55.5045959472656,1
2017,6,17,20,7,57.3104428710937,1
2017,6,17,20,7,59.1161750488281,1
2017,6,17,20,8,0.921945068359375,1
2017,6,17,20,8,2.72768676757812,1
2017,6,17,20,8,4.5334990234375,1
2017,6,17,20,8,6.339421875,1
2017,6,17,20,8,8.14523510742188,1
2017,6,17,20,8,9.951,1
2017,6,17,20,8,11.7568430175781,1
2017,6,17,20,8,13.5626931152344,1
2017,6,17,20,8,15.3685258789063,1
2017,6,17,20,8,17.1743291015625,1
2017,6,17,20,8,18.9801809082031,1
2017,6,17,20,8,20.78608203125,1
2017,6,17,20,8,22.5920080566406,1
2017,6,17,20,8,24.40525,1
2017,6,17,20,8,26.2109758300781,1
2017,6,17,20,8,28.0168139648437,1
2017,6,17,20,8,29.8227380371094,1
2017,6,17,20,8,31.6286389160156,1
2017,6,17,20,8,33.4345590820312,1
2017,6,17,20,8,35.2404790039063,1
2017,6,17,20,8,37.0463549804687,1
2017,6,17,20,8,38.8522551269531,1
2017,6,17,20,8,40.6579680175781,1
2017,6,17,20,8,42.4638181152344,1
2017,6,17,20,8,44.2696208496094,1
2017,6,17,20,8,46.0755861816406,1
2017,6,17,20,8,47.8813400878906,1
2017,6,17,20,8,49.6872028808594,1
2017,6,17,20,8,51.4929130859375,1
2017,6,17,20,8,53.2986340332031,1
2017,6,17,20,8,55.1044750976562,1
2017,6,17,20,8,56.9102700195312,1
2017,6,17,20,8,58.7161691894531,1
2017,6,17,20,9,0.522133056640625,1
2017,6,17,20,9,2.32804711914063,1
2017,6,17,20,9,4.13372998046875,1
2017,6,17,20,9,5.93957397460937,1
2017,6,17,20,9,7.74553295898438,1
2017,6,17,20,9,9.55146704101563,1
2017,6,17,20,9,11.3571821289062,1
2017,6,17,20,9,13.1629079589844,1
2017,6,17,20,9,14.9687189941406,1
2017,6,17,20,9,16.7747099609375,1
2017,6,17,20,9,18.580666015625,1
2017,6,17,20,9,20.386625,1
2017,6,17,20,9,22.1923361816406,1
2017,6,17,20,9,23.9981059570312,1
2017,6,17,20,9,25.8040380859375,1
2017,6,17,20,9,27.6098100585938,1
2017,6,17,20,9,29.4157331542969,1
2017,6,17,20,9,31.2215158691406,1
2017,6,17,20,9,33.0271950683594,1
2017,6,17,20,9,34.8329428710937,1
2017,6,17,20,9,36.63862890625,1
2017,6,17,20,9,38.4444680175781,1
2017,6,17,20,9,40.250171875,1
2017,6,17,20,9,42.0560961914062,1
2017,6,17,20,9,43.8620090332031,1
2017,6,17,20,9,45.6679201660156,1
2017,6,17,20,9,47.4737229003906,1
2017,6,17,20,9,49.2873608398437,1
2017,6,17,20,9,51.0932600097656,1
2017,6,17,20,9,52.8989409179688,1
2017,6,17,20,9,54.7047900390625,1
2017,6,17,20,9,56.5104611816406,1
2017,6,17,20,9,58.3163859863281,1
2017,6,17,20,10,0.122282958984375,1
2017,6,17,20,10,1.9280390625,1
2017,6,17,20,10,3.73391284179687,1
2017,6,17,20,10,5.53983813476562,1
2017,6,17,20,10,7.34578979492187,1
2017,6,17,20,10,9.15165991210938,1
2017,6,17,20,10,10.9573369140625,1
2017,6,17,20,10,12.7632810058594,1
2017,6,17,20,10,14.569001953125,1
2017,6,17,20,10,16.3748359375,1
2017,6,17,20,10,18.1805178222656,0
2017,6,17,20,10,39.2270310058594,0
2017,6,17,20,10,41.0321491699219,0
2017,6,17,20,10,42.8381208496094,0
2017,6,17,20,10,44.644076171875,0
2017,6,17,20,10,46.4499541015625,0
2017,6,17,20,10,48.2557780761719,0
2017,6,17,20,10,50.0615461425781,0
2017,6,17,20,10,51.8674899902344,0
2017,6,17,20,10,53.6731850585938,0
2017,6,17,20,10,55.4789169921875,0
2017,6,17,20,10,57.2848549804688,0
2017,6,17,20,10,59.0905270996094,0
2017,6,17,20,11,0.89648095703125,0
2017,6,17,20,11,2.70223583984375,0
2017,6,17,20,11,4.5081748046875,0
2017,6,17,20,11,6.31386499023438,0
2017,6,17,20,11,8.11977197265625,0
2017,6,17,20,11,9.92564501953125,0
2017,6,17,20,11,11.7315620117188,0
2017,6,17,20,11,13.5375510253906,0
2017,6,17,20,11,15.3434948730469,0
2017,6,17,20,11,17.1493781738281,0
2017,6,17,20,11,18.9551809082031,0
2017,6,17,20,11,20.7608991699219,0
2017,6,17,20,11,22.5667180175781,1
2017,6,17,20,11,24.3725358886719,1
2017,6,17,20,11,26.1782529296875,1
2017,6,17,20,11,27.9840100097656,1
2017,6,17,20,11,29.7897338867188,1
2017,6,17,20,11,34.4501750488281,1
2017,6,17,20,11,36.2559050292969,1
2017,6,17,20,11,38.0616049804688,1
2017,6,17,20,11,39.8674619140625,1
2017,6,17,20,11,41.6733989257812,1
2017,6,17,20,11,43.4791760253906,1
2017,6,17,20,11,45.2849370117188,1
2017,6,17,20,11,47.0908989257812,1
2017,6,17,20,11,48.8967719726563,1
2017,6,17,20,11,50.70266015625,1
2017,6,17,20,11,52.508625,1
2017,6,17,20,11,54.3145981445313,1
2017,6,17,20,11,56.1205639648437,1
2017,6,17,20,11,57.9262690429687,1
2017,6,17,20,11,59.73212109375,1
2017,6,17,20,12,1.53792407226562,1
2017,6,17,20,12,3.34386694335937,1
2017,6,17,20,12,5.14963012695312,1
2017,6,17,20,12,6.95554711914062,1
2017,6,17,20,12,8.76135205078125,1
2017,6,17,20,12,10.5672729492188,1
2017,6,17,20,12,12.3730959472656,1
2017,6,17,20,12,14.1791579589844,1
2017,6,17,20,12,15.9848898925781,1
2017,6,17,20,12,17.8009599609375,1
2017,6,17,20,12,19.6067099609375,1
2017,6,17,20,12,21.4126179199219,1
2017,6,17,20,12,23.2184379882812,1
2017,6,17,20,12,25.0241799316406,1
2017,6,17,20,12,26.8300739746094,1
2017,6,17,20,12,28.636041015625,1
2017,6,17,20,12,30.4419350585937,1
2017,6,17,20,12,32.2478071289063,1
2017,6,17,20,12,34.0535070800781,1
2017,6,17,20,12,35.8594108886719,1
2017,6,17,20,12,37.6651760253906,1
2017,6,17,20,12,39.4711130371094,1
2017,6,17,20,12,41.2768701171875,1
2017,6,17,20,12,43.0825590820313,1
2017,6,17,20,12,44.8885290527344,1
2017,6,17,20,12,46.69441796875,1
2017,6,17,20,12,48.5001130371094,1
2017,6,17,20,12,50.30608203125,1
2017,6,17,20,12,52.1118239746094,1
2017,6,17,20,12,53.9176540527344,1
2017,6,17,20,12,55.7234211425781,1
2017,6,17,20,12,57.529205078125,1
2017,6,17,20,12,59.3350620117187,1
2017,6,17,20,13,1.14103295898438,1
2017,6,17,20,13,2.94694091796875,1
2017,6,17,20,13,4.7526669921875,1
2017,6,17,20,13,6.55862084960938,1
2017,6,17,20,13,8.36443090820313,1
2017,6,17,20,13,10.1704709472656,1
2017,6,17,20,13,11.976171875,1
2017,6,17,20,13,13.7821408691406,1
2017,6,17,20,13,15.5880388183594,1
2017,6,17,20,13,17.3938168945312,1
2017,6,17,20,13,19.1996560058594,1
2017,6,17,20,13,21.005458984375,1
2017,6,17,20,13,22.8113540039062,1
2017,6,17,20,13,24.6173120117187,1
2017,6,17,20,13,26.4232570800781,1
2017,6,17,20,13,28.2291889648438,1
2017,6,17,20,13,30.0349680175781,1
2017,6,17,20,13,31.8409140625,1
2017,6,17,20,13,33.6466701660156,1
2017,6,17,20,13,35.4524450683594,1
2017,6,17,20,13,37.2583562011719,1
2017,6,17,20,13,39.0640559082031,1
2017,6,17,20,13,40.8698210449219,1
2017,6,17,20,13,42.6829689941406,1
2017,6,17,20,13,44.4889208984375,1
2017,6,17,20,13,46.2948041992188,1
2017,6,17,20,13,48.1007849121094,1
2017,6,17,20,13,49.9066328125,1
2017,6,17,20,13,51.712375,1
2017,6,17,20,13,53.5182131347656,1
2017,6,17,20,13,55.3239350585937,1
2017,6,17,20,13,57.129751953125,1
2017,6,17,20,13,58.9355769042969,1
2017,6,17,20,14,0.741630126953125,1
2017,6,17,20,14,2.54756396484375,1
2017,6,17,20,14,4.35351611328125,1
2017,6,17,20,14,6.15926416015625,1
2017,6,17,20,14,7.964955078125,1
2017,6,17,20,14,9.77085498046875,1
2017,6,17,20,14,11.5767290039062,1
2017,6,17,20,14,13.3826821289063,1
2017,6,17,20,14,15.188623046875,1
2017,6,17,20,14,16.9943449707031,1
2017,6,17,20,14,18.8001708984375,1
2017,6,17,20,14,20.605916015625,1
2017,6,17,20,14,22.411875,1
2017,6,17,20,14,24.2175649414062,1
2017,6,17,20,14,26.0233859863281,1
2017,6,17,20,14,27.8292829589844,1
2017,6,17,20,14,29.6350988769531,1
2017,6,17,20,14,31.4408459472656,1
2017,6,17,20,14,33.2467229003906,1
2017,6,17,20,14,35.052748046875,1
2017,6,17,20,14,36.8585678710937,1
2017,6,17,20,14,38.6642729492187,1
2017,6,17,20,14,40.4700771484375,1
2017,6,17,20,14,42.2759641113281,1
2017,6,17,20,14,44.0817749023438,1
2017,6,17,20,14,45.8876088867188,1
2017,6,17,20,14,47.6932939453125,1
2017,6,17,20,14,49.4992548828125,1
2017,6,17,20,14,51.3050480957031,1
2017,6,17,20,14,53.1109777832031,1
2017,6,17,20,14,54.9168701171875,1
2017,6,17,20,14,56.7229660644531,1
2017,6,17,20,14,58.5287529296875,1
2017,6,17,20,15,0.33459814453125,1
2017,6,17,20,15,2.14032788085937,1
2017,6,17,20,15,3.94621118164063,1
2017,6,17,20,15,5.75213916015625,1
2017,6,17,20,15,7.56504711914063,1
2017,6,17,20,15,9.37093994140625,1
2017,6,17,20,15,11.1767548828125,1
2017,6,17,20,15,12.9824499511719,1
2017,6,17,20,15,14.7883278808594,1
2017,6,17,20,15,16.5940949707031,1
2017,6,17,20,15,18.3997890625,1
2017,6,17,20,15,20.2056059570312,1
2017,6,17,20,15,22.0113420410156,1
2017,6,17,20,15,23.8172280273437,1
2017,6,17,20,15,25.6231479492188,1
2017,6,17,20,15,27.4287951660156,1
2017,6,17,20,15,29.2345100097656,1
2017,6,17,20,15,31.040287109375,1
2017,6,17,20,15,32.846125,1
2017,6,17,20,15,34.65200390625,1
2017,6,17,20,15,36.4578408203125,1
2017,6,17,20,15,38.2638669433594,1
2017,6,17,20,15,40.069626953125,1
2017,6,17,20,15,41.8754428710938,1
2017,6,17,20,15,43.6812719726562,1
2017,6,17,20,15,45.4869421386719,1
2017,6,17,20,15,47.2927299804687,1
2017,6,17,20,15,49.0985788574219,1
2017,6,17,20,15,50.9045888671875,1
2017,6,17,20,15,52.7102980957031,1
2017,6,17,20,15,54.5161149902344,1
2017,6,17,20,15,56.3220778808594,1
2017,6,17,20,15,58.12791796875,1
2017,6,17,20,15,59.9340241699219,1
2017,6,17,20,16,1.73963305664063,1
2017,6,17,20,16,3.54532006835937,1
2017,6,17,20,16,5.35114013671875,1
2017,6,17,20,16,7.15693603515625,1
2017,6,17,20,16,8.96271801757812,1
2017,6,17,20,16,10.7686579589844,1
2017,6,17,20,16,12.5745397949219,1
2017,6,17,20,16,14.3801611328125,1
2017,6,17,20,16,16.1858671875,1
2017,6,17,20,16,17.9915920410156,1
2017,6,17,20,16,19.7973210449219,1
2017,6,17,20,16,21.6032609863281,1
2017,6,17,20,16,23.4090649414062,1
2017,6,17,20,16,25.2150920410156,1
2017,6,17,20,16,27.0208891601563,1
2017,6,17,20,16,28.8268188476562,1
2017,6,17,20,16,30.6327219238281,1
2017,6,17,20,16,32.4471809082031,1
2017,6,17,20,16,34.2530319824219,1
2017,6,17,20,16,36.0588801269531,1
2017,6,17,20,16,37.8649069824219,1
2017,6,17,20,16,39.6705061035156,1
2017,6,17,20,16,41.4764011230469,1
2017,6,17,20,16,43.2820971679688,1
2017,6,17,20,16,45.0878920898437,1
2017,6,17,20,16,46.89358203125,1
2017,6,17,20,16,48.6995109863281,1
2017,6,17,20,16,50.5053029785156,1
2017,6,17,20,16,52.3110139160156,1
2017,6,17,20,16,54.1168288574219,1
2017,6,17,20,16,55.9227658691406,1
2017,6,17,20,16,57.7285200195313,1
2017,6,17,20,16,59.5341948242188,1
2017,6,17,20,17,1.34001098632812,1
2017,6,17,20,17,3.1459091796875,1
2017,6,17,20,17,4.95178100585937,1
2017,6,17,20,17,6.757458984375,1
2017,6,17,20,17,8.5632041015625,1
2017,6,17,20,17,10.3690759277344,1
2017,6,17,20,17,12.1750080566406,1
2017,6,17,20,17,13.9808181152344,1
2017,6,17,20,17,15.7867788085938,1
2017,6,17,20,17,17.5924899902344,1
2017,6,17,20,17,19.3982570800781,1
2017,6,17,20,17,21.2041599121094,1
2017,6,17,20,17,23.0100600585938,1
2017,6,17,20,17,24.8160979003906,1
2017,6,17,20,17,26.6217250976562,1
2017,6,17,20,17,28.4276608886719,1
2017,6,17,20,17,30.2333640136719,1
2017,6,17,20,17,32.0392080078125,1
2017,6,17,20,17,33.8450920410156,1
2017,6,17,20,17,35.6508249511719,1
2017,6,17,20,17,37.4566540527344,1
2017,6,17,20,17,39.2623269042969,1
2017,6,17,20,17,41.0681770019531,1
2017,6,17,20,17,42.8739069824219,1
2017,6,17,20,17,44.6796750488281,1
2017,6,17,20,17,46.4856359863281,1
2017,6,17,20,17,48.291501953125,1
2017,6,17,20,17,50.0976008300781,1
2017,6,17,20,17,51.9034790039062,1
2017,6,17,20,17,53.709291015625,1
2017,6,17,20,17,55.5149870605469,1
2017,6,17,20,17,57.3291730957031,1
2017,6,17,20,17,59.1350810546875,1
2017,6,17,20,18,0.941028076171875,1
2017,6,17,20,18,2.74689794921875,1
2017,6,17,20,18,4.55276708984375,1
2017,6,17,20,18,6.35848583984375,1
2017,6,17,20,18,8.16433911132813,1
2017,6,17,20,18,9.97012817382812,1
2017,6,17,20,18,11.7758999023438,1
2017,6,17,20,18,13.5816491699219,1
2017,6,17,20,18,15.387712890625,1
2017,6,17,20,18,17.1935959472656,1
2017,6,17,20,18,18.9995439453125,1
2017,6,17,20,18,20.80525,1
2017,6,17,20,18,22.6111628417969,1
2017,6,17,20,18,24.4168500976563,1
2017,6,17,20,18,26.2227890625,1
2017,6,17,20,18,28.0286928710937,1
2017,6,17,20,18,29.8346518554687,1
2017,6,17,20,18,31.6404699707031,1
2017,6,17,20,18,33.4461518554687,1
2017,6,17,20,18,35.251837890625,1
2017,6,17,20,18,37.057580078125,1
2017,6,17,20,18,38.8635310058594,1
2017,6,17,20,18,40.6694929199219,1
2017,6,17,20,18,42.4752751464844,1
2017,6,17,20,18,44.281162109375,1
2017,6,17,20,18,46.0868420410156,1
2017,6,17,20,18,47.8926950683594,1
2017,6,17,20,18,49.6985170898437,1
2017,6,17,20,18,51.5042878417969,1
2017,6,17,20,18,53.3100258789063,1
2017,6,17,20,18,55.1157980957031,1
2017,6,17,20,18,56.9215300292969,1
2017,6,17,20,18,58.7274011230469,1
2017,6,17,20,19,0.533159912109375,1
2017,6,17,20,19,2.33921801757812,1
2017,6,17,20,19,4.1449990234375,1
2017,6,17,20,19,5.95076196289062,1
2017,6,17,20,19,7.75660498046875,1
2017,6,17,20,19,9.56243994140625,1
2017,6,17,20,19,11.3681149902344,1
2017,6,17,20,19,13.1738210449219,1
2017,6,17,20,19,14.9796840820313,1
2017,6,17,20,19,16.7855029296875,1
2017,6,17,20,19,18.5912470703125,1
2017,6,17,20,19,20.3969929199219,1
2017,6,17,20,19,22.2027800292969,1
2017,6,17,20,19,24.0087238769531,1
2017,6,17,20,19,25.8145129394531,1
2017,6,17,20,19,27.6204699707031,1
2017,6,17,20,19,29.4263200683594,1
2017,6,17,20,19,31.2320949707031,1
2017,6,17,20,19,33.0378029785156,1
2017,6,17,20,19,34.8434738769531,1
2017,6,17,20,19,36.6491459960938,1
2017,6,17,20,19,38.4548508300781,1
2017,6,17,20,19,40.2605590820312,1
2017,6,17,20,19,42.0664501953125,1
2017,6,17,20,19,43.8723259277344,1
2017,6,17,20,19,45.6781650390625,1
2017,6,17,20,19,47.4838779296875,1
2017,6,17,20,19,52.9066081542969,1
2017,6,17,20,19,54.7125490722656,1
2017,6,17,20,19,56.5183999023438,1
2017,6,17,20,19,58.3242048339844,1
2017,6,17,20,20,0.130151123046875,1
2017,6,17,20,20,1.9359130859375,1
2017,6,17,20,20,3.74160791015625,1
2017,6,17,20,20,5.54748706054688,1
2017,6,17,20,20,7.35340307617188,1
2017,6,17,20,20,9.1592451171875,1
2017,6,17,20,20,10.9651989746094,1
2017,6,17,20,20,12.7709890136719,1
2017,6,17,20,20,14.5767141113281,1
2017,6,17,20,20,16.3824460449219,1
2017,6,17,20,20,18.1882209472656,1
2017,6,17,20,20,19.9941809082031,1
2017,6,17,20,20,21.8001469726563,1
2017,6,17,20,20,23.6060791015625,1
2017,6,17,20,20,25.4120139160156,1
2017,6,17,20,20,27.2177360839844,1
2017,6,17,20,20,29.0234848632813,1
2017,6,17,20,20,30.8293801269531,1
2017,6,17,20,20,32.6352199707031,1
2017,6,17,20,20,34.4410710449219,1
2017,6,17,20,20,36.2469001464844,1
2017,6,17,20,20,38.0526279296875,1
2017,6,17,20,20,39.858453125,1
2017,6,17,20,20,41.6641450195312,1
2017,6,17,20,20,43.4700710449219,1
2017,6,17,20,20,45.2759099121094,1
2017,6,17,20,20,47.0820129394531,1
2017,6,17,20,20,48.8878969726563,1
2017,6,17,20,20,50.6936530761719,1
2017,6,17,20,20,52.499541015625,1
2017,6,17,20,20,54.30545703125,1
2017,6,17,20,20,56.1113940429687,1
2017,6,17,20,20,57.9170908203125,1
2017,6,17,20,20,59.7230300292969,1
2017,6,17,20,21,1.528994140625,1
2017,6,17,20,21,3.33483203125,1
2017,6,17,20,21,5.14073803710937,1
2017,6,17,20,21,6.94663696289062,1
2017,6,17,20,21,8.75266796875,1
2017,6,17,20,21,10.5585119628906,1
2017,6,17,20,21,12.3741459960938,1
2017,6,17,20,21,14.1798811035156,1
2017,6,17,20,21,15.985625,1
2017,6,17,20,21,17.7915871582031,1
2017,6,17,20,21,19.5973740234375,1
2017,6,17,20,21,21.4031328125,1
2017,6,17,20,21,23.2088178710937,1
2017,6,17,20,21,25.0147409667969,1
2017,6,17,20,21,26.8206989746094,1
2017,6,17,20,21,28.6266069335937,1
2017,6,17,20,21,30.432544921875,1
2017,6,17,20,21,32.23833203125,1
2017,6,17,20,21,34.0441110839844,1
2017,6,17,20,21,35.8499360351562,1
2017,6,17,20,21,37.6558671875,1
2017,6,17,20,21,39.4616899414062,1
2017,6,17,20,21,41.2675791015625,1
2017,6,17,20,21,43.0735859375,1
2017,6,17,20,21,44.879421875,1
2017,6,17,20,21,46.6852099609375,1
2017,6,17,20,21,48.4912961425781,1
2017,6,17,20,21,50.2971750488281,1
2017,6,17,20,21,52.1033872070312,1
2017,6,17,20,21,53.909203125,1
2017,6,17,20,21,55.715126953125,1
2017,6,17,20,21,57.5210700683594,1
2017,6,17,20,21,59.3268620605469,1
2017,6,17,20,22,1.13281616210938,1
2017,6,17,20,22,2.9387451171875,1
2017,6,17,20,22,4.74467797851563,1
2017,6,17,20,22,6.55052197265625,1
2017,6,17,20,22,8.35619995117188,1
2017,6,17,20,22,10.1619460449219,1
2017,6,17,20,22,11.96762890625,1
2017,6,17,20,22,13.7736398925781,1
2017,6,17,20,22,15.5792829589844,1
2017,6,17,20,22,17.3849809570312,1
2017,6,17,20,22,19.1907338867187,1
2017,6,17,20,22,20.9965910644531,1
2017,6,17,20,22,22.8022829589844,1
2017,6,17,20,22,24.6081669921875,1
2017,6,17,20,22,26.4139631347656,1
2017,6,17,20,22,28.2197680664062,1
2017,6,17,20,22,30.0256240234375,1
2017,6,17,20,22,31.831376953125,1
2017,6,17,20,22,33.6371569824219,1
2017,6,17,20,22,35.4431291503906,1
2017,6,17,20,22,37.2490798339844,1
2017,6,17,20,22,39.0548999023437,1
2017,6,17,20,22,40.8607739257813,1
2017,6,17,20,22,42.6664719238281,2
2017,6,17,20,22,44.4722121582031,2
2017,6,17,20,22,46.2779118652344,2
2017,6,17,20,22,48.0837058105469,2
2017,6,17,20,22,49.8894890136719,2
2017,6,17,20,22,51.6953640136719,2
2017,6,17,20,22,53.5011647949219,2
2017,6,17,20,22,55.3071059570312,2
2017,6,17,20,22,57.1128061523438,2
2017,6,17,20,22,58.9187019042969,2
2017,6,17,20,23,0.724782958984375,2
2017,6,17,20,23,2.5304912109375,2
2017,6,17,20,23,4.33638305664063,2
2017,6,17,20,23,6.14226782226562,2
2017,6,17,20,23,7.94802001953125,2
2017,6,17,20,23,9.75377294921875,2
2017,6,17,20,23,11.5595478515625,2
2017,6,17,20,23,13.365498046875,2
2017,6,17,20,23,15.1714670410156,1
2017,6,17,20,23,16.9773071289063,1
2017,6,17,20,23,18.7830368652344,1
2017,6,17,20,23,20.5887250976563,1
2017,6,17,20,23,22.39462890625,1
2017,6,17,20,23,24.2004020996094,1
2017,6,17,20,23,26.0062639160156,1
2017,6,17,20,23,27.8120388183594,1
2017,6,17,20,23,29.6177280273438,1
2017,6,17,20,23,31.4234509277344,1
2017,6,17,20,23,33.229283203125,1
2017,6,17,20,23,35.03520703125,1
2017,6,17,20,23,36.8410109863281,1
2017,6,17,20,23,38.648130859375,1
2017,6,17,20,23,40.453994140625,1
2017,6,17,20,23,42.2599538574219,1
2017,6,17,20,23,44.0658469238281,1
2017,6,17,20,23,45.8715319824219,1
2017,6,17,20,23,47.6774558105469,1
2017,6,17,20,23,49.4833059082031,1
2017,6,17,20,23,51.2891860351562,1
2017,6,17,20,23,53.0951059570313,1
2017,6,17,20,23,54.9009299316406,1
2017,6,17,20,23,56.7069020996094,1
2017,6,17,20,23,58.512708984375,1
2017,6,17,20,24,0.318489013671875,1
2017,6,17,20,24,2.12436401367188,1
2017,6,17,20,24,3.93015185546875,1
2017,6,17,20,24,5.73594409179687,1
2017,6,17,20,24,7.54177319335937,1
2017,6,17,20,24,9.34764404296875,1
2017,6,17,20,24,11.153373046875,1
2017,6,17,20,24,12.9591579589844,1
2017,6,17,20,24,14.7649418945312,1
2017,6,17,20,24,16.5707141113281,1
2017,6,17,20,24,18.3765910644531,1
2017,6,17,20,24,20.182333984375,1
2017,6,17,20,24,21.9882209472656,1
2017,6,17,20,24,23.7939108886719,1
2017,6,17,20,24,25.5997529296875,1
2017,6,17,20,24,27.4091469726562,1
2017,6,17,20,24,29.21512109375,1
2017,6,17,20,24,31.0210280761719,1
2017,6,17,20,24,32.8269169921875,1
2017,6,17,20,24,34.632744140625,1
2017,6,17,20,24,36.4385649414062,1
2017,6,17,20,24,38.2442751464844,1
2017,6,17,20,24,40.050244140625,1
2017,6,17,20,24,41.8559389648438,1
2017,6,17,20,24,43.6616970214844,1
2017,6,17,20,24,45.46766796875,1
2017,6,17,20,24,47.2735541992188,1
2017,6,17,20,24,49.0794018554688,1
2017,6,17,20,24,50.8853439941406,1
2017,6,17,20,24,52.6911262207031,1
2017,6,17,20,24,54.4970541992188,1
2017,6,17,20,24,56.3029689941406,1
2017,6,17,20,24,58.10870703125,1
2017,6,17,20,24,59.9144079589844,1
2017,6,17,20,25,1.72010498046875,1
2017,6,17,20,25,3.52590698242187,1
2017,6,17,20,25,5.33180688476562,1
2017,6,17,20,25,7.13769506835937,1
2017,6,17,20,25,8.94338891601562,1
2017,6,17,20,25,10.749171875,1
2017,6,17,20,25,12.5549150390625,1
2017,6,17,20,25,14.3607490234375,1
2017,6,17,20,25,16.1666418457031,1
2017,6,17,20,25,17.9726040039062,1
2017,6,17,20,25,19.7786979980469,1
2017,6,17,20,25,21.5845070800781,1
2017,6,17,20,25,23.3903459472656,1
2017,6,17,20,25,25.1963059082031,1
2017,6,17,20,25,27.0019770507812,1
2017,6,17,20,25,28.8079350585937,1
2017,6,17,20,25,30.6136938476563,1
2017,6,17,20,25,32.4196118164063,1
2017,6,17,20,25,34.2253078613281,1
2017,6,17,20,25,36.0311379394531,1
2017,6,17,20,25,37.8371000976562,1
2017,6,17,20,25,39.6427951660156,1
2017,6,17,20,25,41.448748046875,1
2017,6,17,20,25,43.2545939941406,1
2017,6,17,20,25,45.0605139160156,1
2017,6,17,20,25,46.8662319335938,1
2017,6,17,20,25,48.6720668945312,1
2017,6,17,20,25,50.4779528808594,1
2017,6,17,20,25,52.283669921875,1
2017,6,17,20,25,54.0894328613281,1
2017,6,17,20,25,55.8953601074219,1
2017,6,17,20,25,57.7011918945312,1
2017,6,17,20,25,59.5071430664063,1
2017,6,17,20,26,1.3130048828125,1
2017,6,17,20,26,3.11889916992188,1
2017,6,17,20,26,4.92461987304687,1
2017,6,17,20,26,6.73033813476563,1
2017,6,17,20,26,8.53623999023437,1
2017,6,17,20,26,10.3421049804688,1
2017,6,17,20,26,12.1480419921875,1
2017,6,17,20,26,13.9537939453125,1
2017,6,17,20,26,15.7596530761719,1
2017,6,17,20,26,17.5654719238281,1
2017,6,17,20,26,19.3711618652344,1
2017,6,17,20,26,21.177001953125,1
2017,6,17,20,26,22.9827111816406,1
2017,6,17,20,26,24.7885070800781,1
2017,6,17,20,26,26.594416015625,1
2017,6,17,20,26,28.4005090332031,1
2017,6,17,20,26,30.2062211914063,1
2017,6,17,20,26,32.0195168457031,1
2017,6,17,20,26,33.8252719726563,1
2017,6,17,20,26,35.6310090332031,1
2017,6,17,20,26,37.43683203125,1
2017,6,17,20,26,39.2427980957031,1
2017,6,17,20,26,41.0485,1
2017,6,17,20,26,42.8543369140625,1
2017,6,17,20,26,44.6602880859375,1
2017,6,17,20,26,46.4658740234375,1
2017,6,17,20,26,48.2716520996094,1
2017,6,17,20,26,50.0775520019531,1
2017,6,17,20,26,51.8834990234375,1
2017,6,17,20,26,53.6894270019531,1
2017,6,17,20,26,55.4951110839844,1
2017,6,17,20,26,57.3012080078125,1
2017,6,17,20,26,59.1070869140625,1
2017,6,17,20,27,0.912844970703125,1
2017,6,17,20,27,2.71865600585937,1
2017,6,17,20,27,4.52447509765625,1
2017,6,17,20,27,6.33022900390625,1
2017,6,17,20,27,8.13606005859375,1
2017,6,17,20,27,9.94178881835938,1
2017,6,17,20,27,11.7475290527344,1
2017,6,17,20,27,13.5532451171875,1
2017,6,17,20,27,15.3591369628906,1
2017,6,17,20,27,17.1648701171875,1
2017,6,17,20,27,18.970662109375,1
2017,6,17,20,27,20.7765048828125,1
2017,6,17,20,27,22.5821818847656,1
2017,6,17,20,27,24.3879919433594,1
2017,6,17,20,27,26.1938520507812,1
2017,6,17,20,27,27.9996999511719,1
2017,6,17,20,27,29.8053779296875,1
2017,6,17,20,27,31.6113579101563,1
2017,6,17,20,27,33.4172019042969,1
2017,6,17,20,27,35.2230078125,1
2017,6,17,20,27,37.0289799804687,1
2017,6,17,20,27,38.8346591796875,1
2017,6,17,20,27,40.6403911132812,1
2017,6,17,20,27,42.454001953125,1
2017,6,17,20,27,44.259869140625,1
2017,6,17,20,27,46.0657209472656,1
2017,6,17,20,27,47.8715378417969,1
2017,6,17,20,27,49.677412109375,1
2017,6,17,20,27,51.4832819824219,1
2017,6,17,20,27,53.2889709472656,1
2017,6,17,20,27,55.0946508789063,1
2017,6,17,20,27,56.9003688964844,1
2017,6,17,20,27,58.7060629882813,1
2017,6,17,20,28,0.512093994140625,1
2017,6,17,20,28,2.31766381835937,1
2017,6,17,20,28,4.12344897460938,1
2017,6,17,20,28,5.92926098632813,1
2017,6,17,20,28,7.73497705078125,1
2017,6,17,20,28,9.54072680664063,1
2017,6,17,20,28,11.34662890625,1
2017,6,17,20,28,13.1541618652344,1
2017,6,17,20,28,14.9581821289062,1
2017,6,17,20,28,16.7640729980469,1
2017,6,17,20,28,18.5699311523437,1
2017,6,17,20,28,20.375705078125,1
2017,6,17,20,28,22.1814448242188,1
2017,6,17,20,28,23.9872587890625,1
2017,6,17,20,28,25.7934001464844,1
2017,6,17,20,28,27.5990830078125,1
2017,6,17,20,28,29.405046875,1
2017,6,17,20,28,31.2107250976563,1
2017,6,17,20,28,33.0165529785156,1
2017,6,17,20,28,34.822328125,1
2017,6,17,20,28,36.6280678710937,1
2017,6,17,20,28,38.4339260253906,1
2017,6,17,20,28,40.2398510742187,1
2017,6,17,20,28,42.0455561523437,1
2017,6,17,20,28,43.85125,1
2017,6,17,20,28,45.6570129394531,1
2017,6,17,20,28,47.46275,1
2017,6,17,20,28,49.2685109863281,1
2017,6,17,20,28,51.0744750976562,1
2017,6,17,20,28,52.8804440917969,1
2017,6,17,20,28,54.6863862304687,1
2017,6,17,20,28,56.4920720214844,1
2017,6,17,20,28,58.2978688964844,1
2017,6,17,20,29,0.103719970703125,1
2017,6,17,20,29,1.9093671875,1
2017,6,17,20,29,3.71527905273437,1
2017,6,17,20,29,5.52115991210937,1
2017,6,17,20,29,7.33593115234375,1
2017,6,17,20,29,9.1417998046875,1
2017,6,17,20,29,10.9477060546875,1
2017,6,17,20,29,12.7536579589844,1
2017,6,17,20,29,14.5594001464844,1
2017,6,17,20,29,16.3651550292969,1
2017,6,17,20,29,18.1708359375,1
2017,6,17,20,29,19.9767009277344,1
2017,6,17,20,29,21.7824951171875,1
2017,6,17,20,29,23.588296875,1
2017,6,17,20,29,25.3943068847656,1
2017,6,17,20,29,27.200126953125,1
2017,6,17,20,29,29.0060720214844,1
2017,6,17,20,29,30.8119250488281,1
2017,6,17,20,29,32.6178500976563,1
2017,6,17,20,29,34.4235629882812,1
2017,6,17,20,29,36.2293020019531,1
2017,6,17,20,29,38.0351979980469,1
2017,6,17,20,29,39.840955078125,1
2017,6,17,20,29,41.646755859375,1
2017,6,17,20,29,43.4526579589844,1
2017,6,17,20,29,45.2585690917969,1
2017,6,17,20,29,47.0643898925781,1
2017,6,17,20,29,48.8701169433594,1
2017,6,17,20,29,50.6758000488281,1
2017,6,17,20,29,52.4817468261719,1
2017,6,17,20,29,54.2876889648438,1
2017,6,17,20,29,56.0936311035156,1
2017,6,17,20,29,57.8995617675781,1
2017,6,17,20,29,59.7055229492187,1
2017,6,17,20,30,1.5112509765625,1
2017,6,17,20,30,3.31699487304688,1
2017,6,17,20,30,5.12276416015625,1
2017,6,17,20,30,6.92848706054687,1
2017,6,17,20,30,8.7344580078125,1
2017,6,17,20,30,10.5403330078125,1
2017,6,17,20,30,12.3461511230469,1
2017,6,17,20,30,14.1519228515625,1
2017,6,17,20,30,15.9576689453125,1
2017,6,17,20,30,17.763423828125,1
2017,6,17,20,30,19.5691579589844,1
2017,6,17,20,30,21.37487109375,1
2017,6,17,20,30,23.180576171875,1
2017,6,17,20,30,24.98637109375,1
2017,6,17,20,30,26.7920549316406,1
2017,6,17,20,30,28.5978159179687,1
2017,6,17,20,30,30.4037839355469,1
2017,6,17,20,30,32.2096650390625,1
2017,6,17,20,30,34.0155461425781,1
2017,6,17,20,30,35.8214079589844,1
2017,6,17,20,30,37.6272548828125,1
2017,6,17,20,30,39.4332111816406,1
2017,6,17,20,30,41.2391340332031,1
2017,6,17,20,30,43.0450498046875,1
2017,6,17,20,30,44.8508720703125,1
2017,6,17,20,30,46.6584189453125,1
2017,6,17,20,30,48.4641779785156,1
2017,6,17,20,30,50.2699880371094,1
2017,6,17,20,30,52.0758859863281,1
2017,6,17,20,30,53.8816630859375,1
2017,6,17,20,30,55.6874699707031,1
2017,6,17,20,30,57.4934038085937,1
2017,6,17,20,30,59.2990771484375,1
2017,6,17,20,31,1.1048837890625,1
2017,6,17,20,31,2.91065307617187,1
2017,6,17,20,31,4.71647900390625,1
2017,6,17,20,31,6.52213305664062,1
2017,6,17,20,31,8.32810717773438,1
2017,6,17,20,31,10.1339431152344,1
2017,6,17,20,31,11.9398078613281,1
2017,6,17,20,31,13.7456950683594,1
2017,6,17,20,31,15.5515798339844,1
2017,6,17,20,31,17.3574240722656,1
2017,6,17,20,31,19.1632731933594,1
2017,6,17,20,31,20.9692421875,1
2017,6,17,20,31,22.7752080078125,1
2017,6,17,20,31,24.5810109863281,1
2017,6,17,20,31,26.3867509765625,1
2017,6,17,20,31,28.1924599609375,1
2017,6,17,20,31,29.9983420410156,1
2017,6,17,20,31,31.804044921875,1
2017,6,17,20,31,33.6099860839844,1
2017,6,17,20,31,35.4157121582031,1
2017,6,17,20,31,37.2216569824219,1
2017,6,17,20,31,39.0275729980469,1
2017,6,17,20,31,40.833380859375,2
2017,6,17,20,31,42.6391879882813,2
2017,6,17,20,31,44.4450869140625,2
2017,6,17,20,31,46.2510581054688,2
2017,6,17,20,31,48.0568659667969,2
2017,6,17,20,31,49.8626540527344,2
2017,6,17,20,31,51.6683969726562,2
2017,6,17,20,31,53.4741350097656,2
2017,6,17,20,31,55.2799738769531,2
2017,6,17,20,31,57.0856569824219,2
2017,6,17,20,31,58.8915290527344,2
2017,6,17,20,32,0.6973330078125,2
2017,6,17,20,32,2.50318603515625,2
2017,6,17,20,32,4.3090341796875,2
2017,6,17,20,32,6.11488891601562,2
2017,6,17,20,32,7.9207470703125,2
2017,6,17,20,32,9.72644580078125,2
2017,6,17,20,32,11.5323701171875,2
2017,6,17,20,32,13.3382709960937,2
2017,6,17,20,32,15.1439379882812,2
2017,6,17,20,32,16.9496779785156,2
2017,6,17,20,32,18.7555571289063,2
2017,6,17,20,32,20.5614650878906,2
2017,6,17,20,32,22.3673859863281,2
2017,6,17,20,32,24.1730690917969,2
2017,6,17,20,32,25.9791501464844,2
2017,6,17,20,32,27.78491796875,2
2017,6,17,20,32,29.5907958984375,2
2017,6,17,20,32,31.3965400390625,2
2017,6,17,20,32,33.20233984375,2
2017,6,17,20,32,35.0082941894531,2
2017,6,17,20,32,36.8140280761719,2
2017,6,17,20,32,38.6199951171875,2
2017,6,17,20,32,40.4256958007812,2
2017,6,17,20,32,42.2315991210938,2
2017,6,17,20,32,44.0374118652344,2
2017,6,17,20,32,45.8433869628906,2
2017,6,17,20,32,47.6511608886719,2
2017,6,17,20,32,49.4570810546875,2
2017,6,17,20,32,51.2628200683594,2
2017,6,17,20,32,53.06858203125,2
2017,6,17,20,32,54.8744860839844,2
2017,6,17,20,32,56.6803269042969,2
2017,6,17,20,32,58.4861030273438,2
2017,6,17,20,33,0.291864990234375,2
2017,6,17,20,33,2.09782421875,1
2017,6,17,20,33,3.90368188476562,1
2017,6,17,20,33,5.70954296875,1
2017,6,17,20,33,7.51515014648438,0
2017,6,17,20,33,9.320826171875,0
2017,6,17,20,33,11.1266450195312,0
2017,6,17,20,33,12.9326149902344,0
2017,6,17,20,33,14.7385029296875,0
2017,6,17,20,33,16.5444260253906,0
2017,6,17,20,33,18.3502719726563,0
2017,6,17,20,33,20.156078125,0
2017,6,17,20,33,21.96183984375,0
2017,6,17,20,33,23.7676188964844,0
2017,6,17,20,33,25.5735158691406,0
2017,6,17,20,33,27.3794848632812,0
2017,6,17,20,33,29.1853869628906,0
2017,6,17,20,33,30.9911040039063,0
2017,6,17,20,33,32.7968190917969,0
2017,6,17,20,33,34.6026840820313,0
2017,6,17,20,33,36.4086398925781,0
2017,6,17,20,33,38.21433203125,0
2017,6,17,20,33,40.0203640136719,0
2017,6,17,20,33,41.8260290527344,0
2017,6,17,20,33,43.6319448242187,0
2017,6,17,20,33,45.4377290039062,0
2017,6,17,20,34,11.6659719238281,0
2017,6,17,20,34,13.4717380371094,0
2017,6,17,20,34,15.2776560058594,0
2017,6,17,20,34,17.0835849609375,0
2017,6,17,20,34,18.8894519042969,0
2017,6,17,20,34,20.6952690429688,0
2017,6,17,20,34,22.5012390136719,0
2017,6,17,20,34,24.3073461914062,0
2017,6,17,20,34,26.1131740722656,0
2017,6,17,20,34,27.9188549804688,0
2017,6,17,20,34,29.7248171386719,0
2017,6,17,20,34,31.53078515625,0
2017,6,17,20,34,33.3366350097656,0
2017,6,17,20,34,35.1425581054688,0
2017,6,17,20,34,36.9483708496094,0
2017,6,17,20,34,38.7542919921875,0
2017,6,17,20,34,40.5599909667969,0
2017,6,17,20,34,42.365748046875,0
2017,6,17,20,34,44.1717551269531,0
2017,6,17,20,34,45.9775458984375,0
2017,6,17,20,34,47.7833107910156,0
2017,6,17,20,34,49.5891489257813,0
2017,6,17,20,34,51.395083984375,0
2017,6,17,20,34,53.2008869628906,0
2017,6,17,20,34,55.0068459472656,0
2017,6,17,20,34,56.8128081054687,0
2017,6,17,20,34,58.618712890625,0
2017,6,17,20,35,0.424552978515625,0
2017,6,17,20,35,2.23060302734375,0
2017,6,17,20,35,4.0436630859375,0
2017,6,17,20,35,5.84939086914062,0
2017,6,17,20,35,7.65507690429687,0
2017,6,17,20,35,9.4609921875,0
2017,6,17,20,35,11.2669370117188,0
2017,6,17,20,35,13.072748046875,0
2017,6,17,20,35,14.8784921875,0
2017,6,17,20,35,16.6843491210937,0
2017,6,17,20,35,18.4900830078125,0
2017,6,17,20,35,20.2960358886719,0
2017,6,17,20,35,22.1018110351562,0
2017,6,17,20,35,23.9077839355469,0
2017,6,17,20,35,25.7135090332031,0
2017,6,17,20,35,27.519373046875,0
2017,6,17,20,35,29.3357761230469,0
2017,6,17,20,35,31.1416630859375,0
2017,6,17,20,35,32.9474880371094,0
2017,6,17,20,35,34.7533601074219,0
2017,6,17,20,35,36.55924609375,0
2017,6,17,20,35,38.3651840820312,0
2017,6,17,20,35,40.1710600585938,0
2017,6,17,20,35,41.9768500976563,0
2017,6,17,20,35,43.7825229492188,0
2017,6,17,20,35,45.5882138671875,0
2017,6,17,20,35,47.3940949707031,0
2017,6,17,20,35,49.1999541015625,0
2017,6,17,20,35,51.0056560058594,0
2017,6,17,20,35,52.8114919433594,0
2017,6,17,20,35,54.6174279785156,0
2017,6,17,20,35,56.4234340820312,0
2017,6,17,20,35,58.2290559082031,0
2017,6,17,20,36,0.034759033203125,0
2017,6,17,20,36,1.84067504882813,0
2017,6,17,20,36,3.6464599609375,0
2017,6,17,20,36,5.45243603515625,0
2017,6,17,20,36,7.25818115234375,0
2017,6,17,20,36,9.06413110351562,0
2017,6,17,20,36,10.8698588867188,0
2017,6,17,20,36,12.6758010253906,0
2017,6,17,20,36,14.4815539550781,0
2017,6,17,20,36,16.2873410644531,0
2017,6,17,20,36,18.0932260742188,0
2017,6,17,20,36,19.8989401855469,0
2017,6,17,20,36,21.7046889648438,0
2017,6,17,20,36,23.5105568847656,0
2017,6,17,20,36,25.3163430175781,0
2017,6,17,20,36,27.1222719726563,0
2017,6,17,20,36,28.9282009277344,0
2017,6,17,20,36,30.7349670410156,0
2017,6,17,20,36,32.5399528808594,0
2017,6,17,20,36,34.3458071289063,0
2017,6,17,20,36,36.1517600097656,0
2017,6,17,20,36,37.95745703125,0
2017,6,17,20,36,39.7634069824219,0
2017,6,17,20,36,41.5693549804688,0
2017,6,17,20,36,43.3751279296875,0
2017,6,17,20,36,45.1810041503906,0
2017,6,17,20,36,46.9870510253906,0
2017,6,17,20,36,48.7928171386719,0
2017,6,17,20,36,50.5985551757813,0
2017,6,17,20,36,52.404373046875,0
2017,6,17,20,36,54.210208984375,0
2017,6,17,20,36,56.0161618652344,0
2017,6,17,20,36,57.8220209960937,0
2017,6,17,20,36,59.6278830566406,0
2017,6,17,20,37,1.43376098632812,0
2017,6,17,20,37,3.239455078125,0
2017,6,17,20,37,5.04530688476563,0
2017,6,17,20,37,6.85105297851563,0
2017,6,17,20,37,8.65685888671875,0
2017,6,17,20,37,10.4627270507813,0
2017,6,17,20,37,12.2687521972656,0
2017,6,17,20,37,14.0747211914062,0
2017,6,17,20,37,15.8805471191406,0
2017,6,17,20,37,17.6863610839844,0
2017,6,17,20,37,19.4921030273437,0
2017,6,17,20,37,21.2978469238281,0
2017,6,17,20,37,23.1037321777344,0
2017,6,17,20,37,24.9094851074219,0
2017,6,17,20,37,26.7152690429687,0
2017,6,17,20,37,28.52112890625,0
2017,6,17,20,37,30.3268051757812,0
2017,6,17,20,37,32.1327819824219,0
2017,6,17,20,37,33.9386748046875,0
2017,6,17,20,37,35.7445830078125,0
2017,6,17,20,37,37.5505480957031,0
2017,6,17,20,37,39.3565458984375,0
2017,6,17,20,37,41.1623361816406,0
2017,6,17,20,37,42.9681120605469,0
2017,6,17,20,37,44.7740270996094,0
2017,6,17,20,37,46.5799191894531,0
2017,6,17,20,37,48.3859519042969,0
2017,6,17,20,37,50.1917729492188,0
2017,6,17,20,37,51.9974489746094,0
2017,6,17,20,37,53.8031259765625,0
2017,6,17,20,37,55.6090910644531,0
2017,6,17,20,37,57.4149260253906,0
2017,6,17,20,37,59.2206110839844,0
2017,6,17,20,38,1.02648217773437,0
2017,6,17,20,38,2.83215502929687,0
2017,6,17,20,38,4.6379951171875,0
2017,6,17,20,38,6.44380810546875,0
2017,6,17,20,38,8.24959301757812,0
2017,6,17,20,38,10.0555551757812,0
2017,6,17,20,38,11.8615209960938,0
2017,6,17,20,38,13.6693168945312,0
2017,6,17,20,38,15.4749909667969,0
2017,6,17,20,38,17.2806970214844,0
2017,6,17,20,38,19.0865148925781,0
2017,6,17,20,38,20.892326171875,0
2017,6,17,20,38,22.698287109375,0
2017,6,17,20,38,24.5042019042969,0
2017,6,17,20,38,26.3098879394531,0
2017,6,17,20,38,28.1156149902344,0
2017,6,17,20,38,29.921587890625,0
2017,6,17,20,38,31.72741796875,0
2017,6,17,20,38,33.5330520019531,0
2017,6,17,20,38,35.3387290039063,0
2017,6,17,20,38,37.1446040039063,0
2017,6,17,20,38,38.9505178222656,0
2017,6,17,20,38,40.7562302246094,0
2017,6,17,20,38,42.5619321289062,0
2017,6,17,20,38,44.3678779296875,0
2017,6,17,20,38,46.1736440429688,0
2017,6,17,20,38,47.9793898925781,0
2017,6,17,20,38,49.7851208496094,0
2017,6,17,20,38,51.5910239257813,0
2017,6,17,20,38,53.3969079589844,0
2017,6,17,20,38,55.2027639160156,0
2017,6,17,20,38,57.015376953125,0
2017,6,17,20,38,58.8210681152344,0
2017,6,17,20,39,0.626884033203125,0
2017,6,17,20,39,2.43257104492187,0
2017,6,17,20,39,4.23867895507813,0
2017,6,17,20,39,6.04444287109375,0
2017,6,17,20,39,7.85028100585938,0
2017,6,17,20,39,9.65598095703125,0
2017,6,17,20,39,11.4617619628906,0
2017,6,17,20,39,13.2674438476562,0
2017,6,17,20,39,15.0731440429687,0
2017,6,17,20,39,16.8791499023438,0
2017,6,17,20,39,18.6851220703125,0
2017,6,17,20,39,20.4909118652344,0
2017,6,17,20,39,22.2966960449219,0
2017,6,17,20,39,24.1024831542969,0
2017,6,17,20,39,25.9084028320312,0
2017,6,17,20,39,27.7141049804688,0
2017,6,17,20,39,29.5199321289062,0
2017,6,17,20,39,31.3256918945312,0
2017,6,17,20,39,33.1316569824219,0
2017,6,17,20,39,34.93762890625,0
2017,6,17,20,39,36.7434709472656,0
2017,6,17,20,39,38.5493149414063,0
2017,6,17,20,39,40.3552619628906,0
2017,6,17,20,39,42.1611259765625,0
2017,6,17,20,39,43.9669790039063,0
2017,6,17,20,39,45.7728479003906,0
2017,6,17,20,39,47.5785268554688,0
2017,6,17,20,39,49.3843159179687,0
2017,6,17,20,39,51.1899990234375,0
2017,6,17,20,39,52.9957900390625,0
2017,6,17,20,39,54.8015390625,0
2017,6,17,20,39,56.6074189453125,0
2017,6,17,20,39,58.4133020019531,0
2017,6,17,20,40,0.219111083984375,0
2017,6,17,20,40,2.0249599609375,0
2017,6,17,20,40,3.8307958984375,0
2017,6,17,20,40,5.63659399414063,0
2017,6,17,20,40,7.44231005859375,0
2017,6,17,20,40,9.24805590820312,0
2017,6,17,20,40,11.0538010253906,0
2017,6,17,20,40,12.8598969726562,0
2017,6,17,20,40,14.665791015625,0
2017,6,17,20,40,16.4716059570313,0
2017,6,17,20,40,18.2775090332031,0
2017,6,17,20,40,20.0831921386719,0
2017,6,17,20,40,21.8889191894531,0
2017,6,17,20,40,23.6948449707031,0
2017,6,17,20,40,25.5006770019531,0
2017,6,17,20,40,27.3065959472656,0
2017,6,17,20,40,29.1124301757812,0
2017,6,17,20,40,30.9183991699219,0
2017,6,17,20,40,32.7241440429688,0
2017,6,17,20,40,34.5301630859375,0
2017,6,17,20,40,36.3358601074219,0
2017,6,17,20,40,38.1417529296875,0
2017,6,17,20,40,39.9474990234375,0
2017,6,17,20,40,41.7532370605469,0
2017,6,17,20,40,43.558916015625,0
2017,6,17,20,40,45.3646350097656,1
2017,6,17,20,40,47.1722468261719,1
2017,6,17,20,40,48.9761811523437,1
2017,6,17,20,40,50.7820771484375,1
2017,6,17,20,40,52.5878269042969,1
2017,6,17,20,40,54.3937199707031,1
2017,6,17,20,40,56.1996640625,2
2017,6,17,20,40,58.0055698242188,2
2017,6,17,20,40,59.8114580078125,2
2017,6,17,20,41,1.61740405273438,2
2017,6,17,20,41,3.42327319335938,2
2017,6,17,20,41,5.22902978515625,2
2017,6,17,20,41,7.03488989257812,2
2017,6,17,20,41,8.84077587890625,2
2017,6,17,20,41,10.6466140136719,2
2017,6,17,20,41,12.4523540039062,2
2017,6,17,20,41,14.2582231445313,2
2017,6,17,20,41,16.0640959472656,2
2017,6,17,20,41,17.8700209960937,2
2017,6,17,20,41,19.6757468261719,2
2017,6,17,20,41,21.4817280273437,2
2017,6,17,20,41,23.2877021484375,2
2017,6,17,20,41,25.0934499511719,2
2017,6,17,20,41,26.8993681640625,2
2017,6,17,20,41,28.7053120117187,2
2017,6,17,20,41,30.5111711425781,2
2017,6,17,20,41,32.3169350585937,2
2017,6,17,20,41,34.122791015625,2
2017,6,17,20,41,35.9287067871094,2
2017,6,17,20,41,37.7345520019531,2
2017,6,17,20,41,39.5405090332031,2
2017,6,17,20,41,41.3463708496094,2
2017,6,17,20,41,43.1523061523437,2
2017,6,17,20,41,44.9582189941406,2
2017,6,17,20,41,46.7640568847656,2
2017,6,17,20,41,48.5699401855469,2
2017,6,17,20,41,50.3758229980469,2
2017,6,17,20,41,52.1817080078125,2
2017,6,17,20,41,53.98750390625,2
2017,6,17,20,41,55.7933391113281,2
2017,6,17,20,41,57.5991262207031,2
2017,6,17,20,41,59.4048149414063,2
2017,6,17,20,42,1.2106689453125,2
2017,6,17,20,42,3.01653515625,2
2017,6,17,20,42,4.82246704101563,2
2017,6,17,20,42,6.62821508789063,2
2017,6,17,20,42,8.43416088867187,2
2017,6,17,20,42,10.2401049804688,2
2017,6,17,20,42,12.0458190917969,2
2017,6,17,20,42,13.8515639648438,2
2017,6,17,20,42,15.6572919921875,2
2017,6,17,20,42,17.4631560058594,2
2017,6,17,20,42,19.2690788574219,2
2017,6,17,20,42,21.0750109863281,2
2017,6,17,20,42,22.8806918945312,2
2017,6,17,20,42,24.6865571289063,2
2017,6,17,20,42,26.4924729003906,2
2017,6,17,20,42,28.2984499511719,2
2017,6,17,20,42,30.1042211914062,1
2017,6,17,20,42,31.9099389648438,1
2017,6,17,20,42,33.71562109375,1
2017,6,17,20,42,35.5213410644531,1
2017,6,17,20,42,37.3272609863281,1
2017,6,17,20,42,39.1334089355469,1
2017,6,17,20,42,40.9390129394531,1
2017,6,17,20,42,42.7449790039063,1
2017,6,17,20,42,44.5508479003906,1
2017,6,17,20,42,46.3566560058594,1
2017,6,17,20,42,48.1623581542969,1
2017,6,17,20,42,49.9681489257813,1
2017,6,17,20,42,51.7739260253906,1
2017,6,17,20,42,53.5796940917969,1
2017,6,17,20,42,55.3854111328125,1
2017,6,17,20,42,57.1912341308594,1
2017,6,17,20,42,58.996951171875,1
2017,6,17,20,43,0.802778076171875,1
2017,6,17,20,43,2.608546875,1
2017,6,17,20,43,4.41463305664062,1
2017,6,17,20,43,6.22035205078125,1
2017,6,17,20,43,8.02617895507812,1
2017,6,17,20,43,9.83198510742188,1
2017,6,17,20,43,11.637712890625,1
2017,6,17,20,43,13.4434208984375,1
2017,6,17,20,43,15.2493889160156,1
2017,6,17,20,43,17.0553669433594,1
2017,6,17,20,43,18.8610671386719,1
2017,6,17,20,43,20.6669809570312,1
2017,6,17,20,43,22.4728110351563,1
2017,6,17,20,43,24.2786000976562,1
2017,6,17,20,43,26.0845729980469,1
2017,6,17,20,43,27.8904250488281,1
2017,6,17,20,43,29.69637109375,1
2017,6,17,20,43,31.5020639648437,1
2017,6,17,20,43,33.3077409667969,1
2017,6,17,20,43,35.1136301269531,1
2017,6,17,20,43,36.9194379882813,1
2017,6,17,20,43,38.7251899414062,1
2017,6,17,20,43,40.531080078125,1
2017,6,17,20,43,42.3369970703125,1
2017,6,17,20,43,44.1427099609375,1
2017,6,17,20,43,45.9486760253906,1
2017,6,17,20,43,47.7544150390625,1
2017,6,17,20,43,49.5601789550781,1
2017,6,17,20,43,51.3660458984375,1
2017,6,17,20,43,53.17200390625,1
2017,6,17,20,43,54.977880859375,1
2017,6,17,20,43,56.7836689453125,1
2017,6,17,20,43,58.59737890625,1
2017,6,17,20,44,0.40334521484375,1
2017,6,17,20,44,2.20930102539063,1
2017,6,17,20,44,4.01539794921875,1
2017,6,17,20,44,5.82123486328125,1
2017,6,17,20,44,7.62719116210937,1
2017,6,17,20,44,9.43288500976563,1
2017,6,17,20,44,11.2388549804687,1
2017,6,17,20,44,13.0445361328125,1
2017,6,17,20,44,14.8504409179688,1
2017,6,17,20,44,16.6563020019531,1
2017,6,17,20,44,18.4620920410156,1
2017,6,17,20,44,20.2678989257812,1
2017,6,17,20,44,22.0736059570313,1
2017,6,17,20,44,23.8793471679687,1
2017,6,17,20,44,25.6851511230469,1
2017,6,17,20,44,27.4910700683594,1
2017,6,17,20,44,29.2969560546875,1
2017,6,17,20,44,31.1027780761719,1
2017,6,17,20,44,32.9084880371094,1
2017,6,17,20,44,34.714423828125,1
2017,6,17,20,44,36.520169921875,1
2017,6,17,20,44,38.3258530273437,1
2017,6,17,20,44,40.1317971191406,1
2017,6,17,20,44,41.9375739746094,1
2017,6,17,20,44,43.7432819824219,1
2017,6,17,20,44,45.5490378417969,1
2017,6,17,20,44,47.3547360839844,1
2017,6,17,20,44,49.1607009277344,1
2017,6,17,20,44,50.9668000488281,1
2017,6,17,20,44,52.7726098632812,1
2017,6,17,20,44,54.5784619140625,1
2017,6,17,20,44,56.3843039550781,1
2017,6,17,20,44,58.1902290039063,1
2017,6,17,20,44,59.9959379882812,1
2017,6,17,20,45,1.80176098632812,1
2017,6,17,20,45,3.60755297851563,1
2017,6,17,20,45,5.41332104492187,1
2017,6,17,20,45,7.21905200195313,1
2017,6,17,20,45,9.025001953125,1
2017,6,17,20,45,10.8308461914063,1
2017,6,17,20,45,12.6368051757812,1
2017,6,17,20,45,14.4424880371094,1
2017,6,17,20,45,16.2482858886719,1
2017,6,17,20,45,18.054080078125,1
2017,6,17,20,45,19.8598859863281,1
2017,6,17,20,45,21.6658681640625,1
2017,6,17,20,45,23.4793630371094,1
2017,6,17,20,45,25.2850649414063,1
2017,6,17,20,45,27.0909609375,1
2017,6,17,20,45,28.8967600097656,1
2017,6,17,20,45,30.7026948242187,1
2017,6,17,20,45,32.5085471191406,1
2017,6,17,20,45,34.314337890625,1
2017,6,17,20,45,36.1200930175781,1
2017,6,17,20,45,37.9258088378906,1
2017,6,17,20,45,39.7317451171875,1
2017,6,17,20,45,41.5375910644531,1
2017,6,17,20,45,43.3431979980469,1
2017,6,17,20,45,45.1490349121094,1
2017,6,17,20,45,46.9549748535156,1
2017,6,17,20,45,48.7607329101562,1
2017,6,17,20,45,50.566669921875,1
2017,6,17,20,45,52.3725778808594,1
2017,6,17,20,45,54.1801669921875,1
2017,6,17,20,45,55.9859777832031,1
2017,6,17,20,45,57.7918278808594,1
2017,6,17,20,45,59.5977880859375,1
2017,6,17,20,46,1.40352514648437,1
2017,6,17,20,46,3.20925219726562,1
2017,6,17,20,46,5.01512280273437,1
2017,6,17,20,46,6.82088720703125,1
2017,6,17,20,46,8.62676416015625,1
2017,6,17,20,46,10.4327138671875,1
2017,6,17,20,46,12.2385717773438,1
2017,6,17,20,46,14.0443420410156,1
2017,6,17,20,46,15.8501979980469,1
2017,6,17,20,46,17.6559360351563,1
2017,6,17,20,46,19.4616958007812,1
2017,6,17,20,46,21.2674108886719,1
2017,6,17,20,46,23.0733430175781,1
2017,6,17,20,46,24.8792470703125,1
2017,6,17,20,46,26.6850659179687,1
2017,6,17,20,46,28.4908940429688,1
2017,6,17,20,46,30.2967888183594,1
2017,6,17,20,46,32.1026950683594,1
2017,6,17,20,46,33.9084538574219,1
2017,6,17,20,46,35.7142998046875,1
2017,6,17,20,46,37.520162109375,1
2017,6,17,20,46,39.3258701171875,1
2017,6,17,20,46,41.1315520019531,1
2017,6,17,20,46,42.9373979492187,1
2017,6,17,20,46,44.7431369628906,1
2017,6,17,20,46,46.5491171875,1
2017,6,17,20,46,48.3611628417969,1
2017,6,17,20,46,50.1670810546875,1
2017,6,17,20,46,51.9728999023437,1
2017,6,17,20,46,53.7787260742188,1
2017,6,17,20,46,55.5845798339844,1
2017,6,17,20,46,57.3904208984375,1
2017,6,17,20,46,59.1961418457031,1
2017,6,17,20,47,1.00209399414063,1
2017,6,17,20,47,2.80778515625,1
2017,6,17,20,47,4.61346801757812,1
2017,6,17,20,47,6.41926416015625,1
2017,6,17,20,47,8.22496606445313,1
2017,6,17,20,47,10.0308549804687,1
2017,6,17,20,47,11.8367971191406,1
2017,6,17,20,47,13.6426137695313,1
2017,6,17,20,47,15.4483981933594,1
2017,6,17,20,47,17.2541550292969,1
2017,6,17,20,47,19.060044921875,1
2017,6,17,20,47,20.8658718261719,1
2017,6,17,20,47,22.6716940917969,1
2017,6,17,20,47,24.47750390625,1
2017,6,17,20,47,26.2833129882812,1
2017,6,17,20,47,28.0891931152344,1
2017,6,17,20,47,29.8950959472656,1
2017,6,17,20,47,31.7010959472656,1
2017,6,17,20,47,33.5068549804688,1
2017,6,17,20,47,35.3125751953125,1
2017,6,17,20,47,37.1182670898437,1
2017,6,17,20,47,38.924169921875,1
2017,6,17,20,47,40.7298759765625,1
2017,6,17,20,47,42.5356938476562,1
2017,6,17,20,47,44.3416809082031,1
2017,6,17,20,47,46.1475830078125,1
2017,6,17,20,47,51.8966879882813,1
2017,6,17,20,47,53.7026040039063,1
2017,6,17,20,47,55.5084230957031,1
2017,6,17,20,47,57.3141000976563,1
2017,6,17,20,47,59.1198078613281,1
2017,6,17,20,48,0.92572998046875,1
2017,6,17,20,48,2.7317490234375,1
2017,6,17,20,48,4.53760278320313,1
2017,6,17,20,48,6.34331713867187,1
2017,6,17,20,48,8.14917504882813,1
2017,6,17,20,48,9.95513891601562,1
2017,6,17,20,48,11.7610422363281,1
2017,6,17,20,48,13.5669501953125,1
2017,6,17,20,48,15.3728139648438,1
2017,6,17,20,48,17.17866796875,1
2017,6,17,20,48,18.9844799804687,1
2017,6,17,20,48,20.7904528808594,1
2017,6,17,20,48,22.5962409667969,1
2017,6,17,20,48,24.4021120605469,1
2017,6,17,20,48,26.2078569335937,1
2017,6,17,20,48,28.0138081054688,1
2017,6,17,20,48,29.8195852050781,1
2017,6,17,20,48,31.6254011230469,1
2017,6,17,20,48,33.4313640136719,1
2017,6,17,20,48,35.2372529296875,1
2017,6,17,20,48,37.04295703125,1
2017,6,17,20,48,38.8487749023437,1
2017,6,17,20,48,40.6546928710938,1
2017,6,17,20,48,42.4605319824219,1
2017,6,17,20,48,44.2664731445312,1
2017,6,17,20,48,46.0725180664063,1
2017,6,17,20,48,47.8783330078125,1
2017,6,17,20,48,49.6848471679687,1
2017,6,17,20,48,51.4907399902344,1
2017,6,17,20,48,53.2964799804688,1
2017,6,17,20,48,55.1024401855469,1
2017,6,17,20,48,56.908087890625,1
2017,6,17,20,48,58.7139689941406,1
2017,6,17,20,49,0.519751953125,1
2017,6,17,20,49,2.32563989257812,1
2017,6,17,20,49,4.131419921875,1
2017,6,17,20,49,5.93725,1
2017,6,17,20,49,7.74332299804687,1
2017,6,17,20,49,9.54927392578125,1
2017,6,17,20,49,11.3551179199219,1
2017,6,17,20,49,13.1609409179687,1
2017,6,17,20,49,14.9668310546875,1
2017,6,17,20,49,16.7726030273437,1
2017,6,17,20,49,18.5783969726563,1
2017,6,17,20,49,20.3841579589844,1
2017,6,17,20,49,22.1899069824219,1
2017,6,17,20,49,23.9958439941406,1
2017,6,17,20,49,25.8017260742187,1
2017,6,17,20,49,27.6075891113281,1
2017,6,17,20,49,29.4137028808594,1
2017,6,17,20,49,31.2196791992187,1
2017,6,17,20,49,33.0364780273437,1
2017,6,17,20,49,34.8424279785156,1
2017,6,17,20,49,36.6481489257812,1
2017,6,17,20,49,38.4542387695313,1
2017,6,17,20,49,40.2600441894531,1
2017,6,17,20,49,42.0658610839844,1
2017,6,17,20,49,43.8716450195313,1
2017,6,17,20,49,45.6774189453125,1
2017,6,17,20,49,47.483123046875,1
2017,6,17,20,49,49.2888840332031,1
2017,6,17,20,49,51.0947248535156,1
2017,6,17,20,49,52.9004680175781,1
2017,6,17,20,49,54.7061979980469,1
2017,6,17,20,49,56.5121479492188,1
2017,6,17,20,49,58.3261860351562,1
2017,6,17,20,50,0.132069091796875,1
2017,6,17,20,50,1.93788916015625,1
2017,6,17,20,50,3.7437939453125,1
2017,6,17,20,50,5.54960693359375,1
2017,6,17,20,50,7.35540112304687,1
2017,6,17,20,50,9.16111206054688,1
2017,6,17,20,50,10.9669599609375,1
2017,6,17,20,50,12.7729299316406,1
2017,6,17,20,50,14.5788059082031,1
2017,6,17,20,50,16.3846909179688,1
2017,6,17,20,50,18.1905561523437,1
2017,6,17,20,50,19.9964299316406,1
2017,6,17,20,50,21.8023420410156,1
2017,6,17,20,50,23.6080888671875,1
2017,6,17,20,50,25.4140578613281,1
2017,6,17,20,50,27.2198010253906,1
2017,6,17,20,50,29.0257009277344,1
2017,6,17,20,50,30.8314230957031,1
2017,6,17,20,50,32.6371918945312,1
2017,6,17,20,50,34.4429670410156,1
2017,6,17,20,50,36.2486611328125,1
2017,6,17,20,50,38.0546359863281,1
2017,6,17,20,50,39.8605471191406,1
2017,6,17,20,50,41.6662590332031,1
2017,6,17,20,50,43.4722341308594,1
2017,6,17,20,50,45.2780949707031,1
2017,6,17,20,50,47.0839340820312,1
2017,6,17,20,50,48.8898178710937,1
2017,6,17,20,50,50.695830078125,1
2017,6,17,20,50,52.5016149902344,1
2017,6,17,20,50,54.30733203125,1
2017,6,17,20,50,56.113125,1
2017,6,17,20,50,57.9189099121094,1
2017,6,17,20,50,59.7248869628906,1
2017,6,17,20,51,1.53082885742187,1
2017,6,17,20,51,3.33675,1
2017,6,17,20,51,5.14250903320313,1
2017,6,17,20,51,6.9482919921875,1
2017,6,17,20,51,8.75414599609375,1
2017,6,17,20,51,10.5601059570313,1
2017,6,17,20,51,12.3661169433594,1
2017,6,17,20,51,14.1719711914063,1
2017,6,17,20,51,15.9776967773438,1
2017,6,17,20,51,17.7835148925781,1
2017,6,17,20,51,19.5891989746094,1
2017,6,17,20,51,21.3949680175781,1
2017,6,17,20,51,23.2008510742188,1
2017,6,17,20,51,25.0068359375,1
2017,6,17,20,51,26.8125441894531,1
2017,6,17,20,51,28.6183000488281,1
2017,6,17,20,51,30.424166015625,1
2017,6,17,20,51,32.2298979492188,1
2017,6,17,20,51,34.0358139648437,1
2017,6,17,20,51,35.8417119140625,1
2017,6,17,20,51,37.6476491699219,1
2017,6,17,20,51,39.4535329589844,1
2017,6,17,20,51,41.2592219238281,1
2017,6,17,20,51,43.0649057617187,1
2017,6,17,20,51,44.8706149902344,1
2017,6,17,20,51,46.6763840332031,1
2017,6,17,20,51,48.4822338867188,1
2017,6,17,20,51,50.2880969238281,1
2017,6,17,20,51,52.0938999023438,1
2017,6,17,20,51,53.8996779785156,1
2017,6,17,20,51,55.7055280761719,1
2017,6,17,20,51,57.5113298339844,1
2017,6,17,20,51,59.3171320800781,1
2017,6,17,20,52,1.12294409179687,1
2017,6,17,20,52,2.92869995117187,1
2017,6,17,20,52,4.73443603515625,1
2017,6,17,20,52,6.54026000976562,1
2017,6,17,20,52,8.34596899414062,1
2017,6,17,20,52,10.1518181152344,1
2017,6,17,20,52,11.9579111328125,1
2017,6,17,20,52,13.7638139648438,1
2017,6,17,20,52,15.569544921875,1
2017,6,17,20,52,17.37550390625,1
2017,6,17,20,52,19.1813159179687,1
2017,6,17,20,52,20.9871408691406,1
2017,6,17,20,52,22.7930249023437,1
2017,6,17,20,52,24.5989189453125,1
2017,6,17,20,52,26.4047351074219,1
2017,6,17,20,52,28.210708984375,1
2017,6,17,20,52,30.0164990234375,1
2017,6,17,20,52,31.8224821777344,1
2017,6,17,20,52,33.6284189453125,1
2017,6,17,20,52,35.4342980957031,1
2017,6,17,20,52,37.2402260742187,1
2017,6,17,20,52,39.0460861816406,1
2017,6,17,20,52,40.8518391113281,1
2017,6,17,20,52,42.6577590332031,1
2017,6,17,20,52,44.4635639648438,1
2017,6,17,20,52,46.2692648925781,1
2017,6,17,20,52,48.0749841308594,1
2017,6,17,20,52,49.8807768554688,1
2017,6,17,20,52,51.6866501464844,1
2017,6,17,20,52,53.4925649414063,1
2017,6,17,20,52,55.2983979492188,1
2017,6,17,20,52,57.1043029785156,1
2017,6,17,20,52,58.9101281738281,1
2017,6,17,20,53,0.715833984375,1
2017,6,17,20,53,2.52156201171875,1
2017,6,17,20,53,4.32728515625,1
2017,6,17,20,53,6.13298095703125,1
2017,6,17,20,53,7.9387939453125,1
2017,6,17,20,53,9.74471313476563,1
2017,6,17,20,53,11.5504501953125,1
2017,6,17,20,53,13.3563571777344,1
2017,6,17,20,53,15.1621149902344,1
2017,6,17,20,53,16.9678818359375,1
2017,6,17,20,53,18.7737529296875,1
2017,6,17,20,53,20.5794870605469,1
2017,6,17,20,53,22.3853430175781,1
2017,6,17,20,53,24.1914909667969,1
2017,6,17,20,53,25.9971979980469,1
2017,6,17,20,53,27.8031030273437,1
2017,6,17,20,53,29.608869140625,1
2017,6,17,20,53,31.4145510253906,1
2017,6,17,20,53,33.2202590332031,2
2017,6,17,20,53,35.0262009277344,2
2017,6,17,20,53,36.8320261230469,2
2017,6,17,20,53,38.6379631347656,2
2017,6,17,20,53,40.4436809082031,2
2017,6,17,20,53,42.2496469726563,2
2017,6,17,20,53,44.0553688964844,2
2017,6,17,20,53,45.8611608886719,2
2017,6,17,20,53,47.66687890625,2
2017,6,17,20,53,49.4726801757812,2
2017,6,17,20,53,51.2786540527344,2
2017,6,17,20,53,53.0844169921875,2
2017,6,17,20,53,54.8901979980469,2
2017,6,17,20,53,56.6961059570312,2
2017,6,17,20,53,58.5019089355469,2
2017,6,17,20,54,0.307867919921875,2
2017,6,17,20,54,2.11373901367188,2
2017,6,17,20,54,3.91958178710937,2
2017,6,17,20,54,5.7254189453125,2
2017,6,17,20,54,7.53132885742188,2
2017,6,17,20,54,9.33706909179688,2
2017,6,17,20,54,11.1428439941406,2
2017,6,17,20,54,12.9486740722656,2
2017,6,17,20,54,14.7543571777344,2
2017,6,17,20,54,16.5601730957031,2
2017,6,17,20,54,18.3657888183594,2
2017,6,17,20,54,20.1714738769531,2
2017,6,17,20,54,21.9772971191406,2
2017,6,17,20,54,23.7832451171875,2
2017,6,17,20,54,25.5890900878906,2
2017,6,17,20,54,27.3949780273438,2
2017,6,17,20,54,29.2009069824219,2
2017,6,17,20,54,31.0067119140625,2
2017,6,17,20,54,32.8124580078125,2
2017,6,17,20,54,34.6184260253906,1
2017,6,17,20,54,36.4242309570312,1
2017,6,17,20,54,38.2327868652344,1
2017,6,17,20,54,40.0385380859375,1
2017,6,17,20,54,41.8443759765625,1
2017,6,17,20,54,43.6503520507813,1
2017,6,17,20,54,45.4562819824219,1
2017,6,17,20,54,47.2620471191406,1
2017,6,17,20,54,49.0678200683594,1
2017,6,17,20,54,50.87355078125,1
2017,6,17,20,54,52.6794089355469,1
2017,6,17,20,54,54.4852241210938,1
2017,6,17,20,54,56.2911459960938,1
2017,6,17,20,54,58.0966940917969,0
2017,6,17,20,54,59.902666015625,0
2017,6,17,20,55,1.70844287109375,0
2017,6,17,20,55,3.51430517578125,0
2017,6,17,20,55,5.32015405273437,0
2017,6,17,20,55,7.12590600585937,0
2017,6,17,20,55,8.93198388671875,0
2017,6,17,20,55,10.737669921875,0
2017,6,17,20,55,12.5434328613281,0
2017,6,17,20,55,14.3491110839844,0
2017,6,17,20,55,16.1550009765625,0
2017,6,17,20,55,17.9609389648437,0
2017,6,17,20,55,19.7667797851562,0
2017,6,17,20,55,21.5725659179687,0
2017,6,17,20,55,23.3785158691406,0
2017,6,17,20,55,25.1842109375,0
2017,6,17,20,55,26.9900009765625,0
2017,6,17,20,55,28.7959279785156,0
2017,6,17,20,55,30.6020100097656,0
2017,6,17,20,55,32.4078269042969,0
2017,6,17,20,55,34.2136979980469,0
2017,6,17,20,55,36.0194599609375,0
2017,6,17,20,55,37.8252839355469,0
2017,6,17,20,55,39.6311450195313,0
2017,6,17,20,55,41.436919921875,0
2017,6,17,20,55,43.242837890625,0
2017,6,17,20,55,45.0486628417969,0
2017,6,17,20,55,46.8543820800781,0
2017,6,17,20,55,48.6603579101563,0
2017,6,17,20,55,50.4661101074219,0
2017,6,17,20,55,52.2718920898438,0
2017,6,17,20,55,54.0775991210937,0
2017,6,17,20,55,55.8835390625,0
2017,6,17,20,55,57.6894299316406,0
2017,6,17,20,55,59.4952531738281,0
2017,6,17,20,56,1.30118994140625,0
2017,6,17,20,56,3.10688989257812,0
2017,6,17,20,56,4.91288891601562,0
2017,6,17,20,56,6.71856103515625,0
2017,6,17,20,56,8.524408203125,0
2017,6,17,20,56,10.3303288574219,0
2017,6,17,20,56,12.136169921875,0
2017,6,17,20,56,13.9419438476562,0
2017,6,17,20,56,15.7478420410156,0
2017,6,17,20,56,17.5538508300781,0
2017,6,17,20,56,19.3596789550781,0
2017,6,17,20,56,21.1655739746094,0
2017,6,17,20,56,22.9714689941406,0
2017,6,17,20,56,24.7771569824219,0
2017,6,17,20,56,26.5830300292969,0
2017,6,17,20,56,28.3887580566406,0
2017,6,17,20,56,30.1959660644531,0
2017,6,17,20,56,32.0016838378906,0
2017,6,17,20,56,33.807537109375,0
2017,6,17,20,56,35.6133220214844,0
2017,6,17,20,56,37.4191179199219,0
2017,6,17,20,56,39.2249660644531,0
2017,6,17,20,56,41.0308818359375,0
2017,6,17,20,56,42.8367390136719,0
2017,6,17,20,56,44.6425668945312,0
2017,6,17,20,56,46.4483220214844,0
2017,6,17,20,56,48.2543881835937,0
2017,6,17,20,56,50.0601708984375,0
2017,6,17,20,56,51.8659438476562,0
2017,6,17,20,56,53.6716179199219,0
2017,6,17,20,56,55.4775690917969,0
2017,6,17,20,56,57.2835231933594,0
2017,6,17,20,56,59.0893371582031,0
2017,6,17,20,57,0.895162109375,0
2017,6,17,20,57,2.7082060546875,0
2017,6,17,20,57,4.51424194335937,1
2017,6,17,20,57,6.31980297851563,2
2017,6,17,20,57,8.12573413085937,2
2017,6,17,20,57,9.93164208984375,2
2017,6,17,20,57,11.7374438476562,2
2017,6,17,20,57,13.5431240234375,2
2017,6,17,20,57,15.349083984375,2
2017,6,17,20,57,17.1552131347656,2
2017,6,17,20,57,18.9610300292969,2
2017,6,17,20,57,20.7668400878906,1
2017,6,17,20,57,22.572580078125,1
2017,6,17,20,57,24.3784858398438,0
2017,6,17,20,57,26.184416015625,0
2017,6,17,20,57,27.9901459960938,0
2017,6,17,20,57,29.7960141601563,0
2017,6,17,20,57,31.6017839355469,0
2017,6,17,20,57,33.4075729980469,0
2017,6,17,20,57,35.2133420410156,0
2017,6,17,20,57,37.0192150878906,0
2017,6,17,20,57,38.8252429199219,0
2017,6,17,20,57,40.6310219726562,0
2017,6,17,20,57,42.4369279785156,0
2017,6,17,20,57,44.2428430175781,0
2017,6,17,20,57,46.048708984375,0
2017,6,17,20,57,47.8545798339844,0
2017,6,17,20,57,49.6602932128906,0
2017,6,17,20,57,51.4659719238281,0
2017,6,17,20,57,53.2719409179687,0
2017,6,17,20,57,55.07771484375,0
2017,6,17,20,57,56.8835239257812,0
2017,6,17,20,57,58.6893720703125,0
2017,6,17,20,58,0.49531201171875,0
2017,6,17,20,58,2.30111401367187,0
2017,6,17,20,58,4.10681298828125,0
2017,6,17,20,58,5.9125009765625,0
2017,6,17,20,58,7.718373046875,0
2017,6,17,20,58,9.52411010742187,0
2017,6,17,20,58,11.3299350585937,0
2017,6,17,20,58,13.1360170898437,0
2017,6,17,20,58,14.9416931152344,0
2017,6,17,20,58,16.7474450683594,0
2017,6,17,20,58,18.5532761230469,0
2017,6,17,20,58,20.3591179199219,0
2017,6,17,20,58,22.1649721679687,0
2017,6,17,20,58,23.9707697753906,0
2017,6,17,20,58,25.7768171386719,0
2017,6,17,20,58,27.5825888671875,0
2017,6,17,20,58,29.3884270019531,0
2017,6,17,20,58,31.194205078125,0
2017,6,17,20,58,33.0001750488281,0
2017,6,17,20,58,34.8059299316406,0
2017,6,17,20,58,36.6117807617187,0
2017,6,17,20,58,38.4174958496094,0
2017,6,17,20,58,40.2232719726562,0
2017,6,17,20,58,42.029048828125,0
2017,6,17,20,58,43.8349521484375,0
2017,6,17,20,58,45.6408259277344,0
2017,6,17,20,58,47.4466770019531,0
2017,6,17,20,58,49.2523688964844,0
2017,6,17,20,58,51.0583369140625,0
2017,6,17,20,58,52.8641628417969,0
2017,6,17,20,58,54.6700908203125,0
2017,6,17,20,58,56.4760661621094,0
2017,6,17,20,58,58.2818552246094,0
2017,6,17,20,59,0.087724853515625,0
2017,6,17,20,59,1.89351196289062,0
2017,6,17,20,59,3.69947998046875,0
2017,6,17,20,59,5.50555297851562,0
2017,6,17,20,59,7.3114951171875,0
2017,6,17,20,59,9.1172890625,0
2017,6,17,20,59,10.9229030761719,0
2017,6,17,20,59,12.7287829589844,0
2017,6,17,20,59,14.5344870605469,0
2017,6,17,20,59,16.3402668457031,0
2017,6,17,20,59,18.1459609375,0
2017,6,17,20,59,19.9518908691406,0
2017,6,17,20,59,21.7579560546875,0
2017,6,17,20,59,23.5639018554687,0
2017,6,17,20,59,25.3697209472656,0
2017,6,17,20,59,27.1755280761719,0
2017,6,17,20,59,28.9813361816406,0
2017,6,17,20,59,30.7871450195312,0
2017,6,17,20,59,32.5929289550781,0
2017,6,17,20,59,34.3987199707031,1
2017,6,17,20,59,36.2044670410156,2
2017,6,17,20,59,38.0103701171875,2
2017,6,17,20,59,39.8161450195312,2
2017,6,17,20,59,41.6220141601562,2
2017,6,17,20,59,43.4280910644531,2
2017,6,17,20,59,49.8557409667969,2
2017,6,17,20,59,51.6615310058594,2
2017,6,17,20,59,53.4673107910156,2
2017,6,17,20,59,55.2729858398437,2
2017,6,17,20,59,57.078875,2
2017,6,17,20,59,58.8845571289063,2
2017,6,17,21,0,0.690294921875,2
2017,6,17,21,0,2.49623193359375,2
2017,6,17,21,0,4.3021728515625,2
2017,6,17,21,0,6.10789306640625,2
2017,6,17,21,0,7.91377587890625,2
2017,6,17,21,0,9.7197060546875,2
2017,6,17,21,0,11.5254279785156,2
2017,6,17,21,0,13.331283203125,2
2017,6,17,21,0,15.1369929199219,2
2017,6,17,21,0,16.9428469238281,2
2017,6,17,21,0,18.748837890625,2
2017,6,17,21,0,20.5545319824219,2
2017,6,17,21,0,22.3608420410156,2
2017,6,17,21,0,24.1666340332031,2
2017,6,17,21,0,25.972544921875,2
2017,6,17,21,0,27.7782299804688,2
2017,6,17,21,0,29.5839428710938,2
2017,6,17,21,0,31.3899389648438,2
2017,6,17,21,0,33.1957299804687,2
2017,6,17,21,0,35.0016520996094,2
2017,6,17,21,0,36.8073908691406,2
2017,6,17,21,0,38.6131311035156,2
2017,6,17,21,0,40.4189140625,2
2017,6,17,21,0,42.2247451171875,2
2017,6,17,21,0,44.0305310058594,2
2017,6,17,21,0,45.8363818359375,2
2017,6,17,21,0,47.6421831054688,2
2017,6,17,21,0,49.4478701171875,2
2017,6,17,21,0,51.2537250976563,2
2017,6,17,21,0,53.0596650390625,2
2017,6,17,21,0,54.8652299804687,2
2017,6,17,21,0,56.6710849609375,2
2017,6,17,21,0,58.47679296875,2
2017,6,17,21,1,0.282641845703125,2
2017,6,17,21,1,2.0884609375,2
2017,6,17,21,1,3.89432592773437,2
2017,6,17,21,1,5.70199389648437,2
2017,6,17,21,1,7.50769897460937,2
2017,6,17,21,1,9.31355200195313,2
2017,6,17,21,1,11.1194401855469,2
2017,6,17,21,1,12.9252670898438,2
2017,6,17,21,1,14.7311140136719,2
2017,6,17,21,1,16.5368330078125,2
2017,6,17,21,1,18.3426198730469,2
2017,6,17,21,1,20.1483959960938,2
2017,6,17,21,1,21.9540900878906,1
2017,6,17,21,1,23.7599438476562,1
2017,6,17,21,1,25.5657590332031,1
2017,6,17,21,1,27.3715871582031,1
2017,6,17,21,1,29.1772629394531,2
2017,6,17,21,1,30.9830239257813,2
2017,6,17,21,1,32.7888889160156,2
2017,6,17,21,1,34.5947419433594,2
2017,6,17,21,1,36.4005629882813,2
2017,6,17,21,1,38.2061428222656,2
2017,6,17,21,1,40.0120729980469,2
2017,6,17,21,1,41.8179951171875,2
2017,6,17,21,1,43.62366796875,2
2017,6,17,21,1,45.4295581054688,2
2017,6,17,21,1,47.2430168457031,2
2017,6,17,21,1,49.048833984375,2
2017,6,17,21,1,50.8545739746094,2
2017,6,17,21,1,52.6604140625,2
2017,6,17,21,1,54.4661118164062,2
2017,6,17,21,1,56.2718920898438,2
2017,6,17,21,1,58.0777111816406,2
2017,6,17,21,1,59.8835659179688,2
2017,6,17,21,2,1.68940087890625,2
2017,6,17,21,2,3.49509008789062,2
2017,6,17,21,2,5.30085717773438,1
2017,6,17,21,2,7.10660400390625,1
2017,6,17,21,2,8.91239599609375,1
2017,6,17,21,2,10.7182429199219,1
2017,6,17,21,2,12.5239748535156,1
2017,6,17,21,2,14.3297119140625,1
2017,6,17,21,2,16.1355690917969,1
2017,6,17,21,2,17.941373046875,1
2017,6,17,21,2,19.7470910644531,1
2017,6,17,21,2,21.5528779296875,1
2017,6,17,21,2,23.3586171875,1
2017,6,17,21,2,25.1644558105469,1
2017,6,17,21,2,26.9701728515625,1
2017,6,17,21,2,28.7761140136719,1
2017,6,17,21,2,30.5820300292969,1
2017,6,17,21,2,32.3878520507812,1
2017,6,17,21,2,34.1936159667969,1
2017,6,17,21,2,35.9992939453125,1
2017,6,17,21,2,37.80499609375,1
2017,6,17,21,2,39.6109499511719,1
2017,6,17,21,2,41.4168078613281,1
2017,6,17,21,2,43.22258203125,1
2017,6,17,21,2,45.0282878417969,1
2017,6,17,21,2,46.8343178710938,1
2017,6,17,21,2,48.6401118164062,1
2017,6,17,21,2,50.4458188476562,1
2017,6,17,21,2,52.2515881347656,1
2017,6,17,21,2,54.0573999023437,1
2017,6,17,21,2,55.8633981933594,1
2017,6,17,21,2,57.6692199707031,1
2017,6,17,21,2,59.4751069335938,1
2017,6,17,21,3,1.28102587890625,1
2017,6,17,21,3,3.08677685546875,1
2017,6,17,21,3,4.89271508789063,1
2017,6,17,21,3,6.69838916015625,1
2017,6,17,21,3,8.504251953125,1
2017,6,17,21,3,10.3102290039062,1
2017,6,17,21,3,12.1161889648438,1
2017,6,17,21,3,13.9219250488281,1
2017,6,17,21,3,15.7278681640625,1
2017,6,17,21,3,17.53383984375,1
2017,6,17,21,3,19.3396069335937,1
2017,6,17,21,3,21.1453608398438,1
2017,6,17,21,3,22.9512229003906,1
2017,6,17,21,3,24.7570441894531,2
2017,6,17,21,3,26.5628718261719,2
2017,6,17,21,3,28.3685969238281,2
2017,6,17,21,3,30.1742829589844,2
2017,6,17,21,3,31.9802060546875,2
2017,6,17,21,3,33.7861159667969,2
2017,6,17,21,3,35.592,2
2017,6,17,21,3,37.3977360839844,2
2017,6,17,21,3,39.2055969238281,2
2017,6,17,21,3,41.0113671875,2
2017,6,17,21,3,42.8172080078125,2
2017,6,17,21,3,44.6229638671875,2
2017,6,17,21,3,46.4288298339844,2
2017,6,17,21,3,48.2345549316406,2
2017,6,17,21,3,50.0403120117187,2
2017,6,17,21,3,51.846125,2
2017,6,17,21,3,53.6520319824219,2
2017,6,17,21,3,55.4578950195313,2
2017,6,17,21,3,57.2636540527344,2
2017,6,17,21,3,59.0696179199219,1
2017,6,17,21,4,0.875590087890625,1
2017,6,17,21,4,2.68138793945313,1
2017,6,17,21,4,4.48714697265625,1
2017,6,17,21,4,6.29301489257812,1
2017,6,17,21,4,8.09868994140625,1
2017,6,17,21,4,9.90469897460937,1
2017,6,17,21,4,11.7183249511719,1
2017,6,17,21,4,13.5241320800781,1
2017,6,17,21,4,15.32983203125,1
2017,6,17,21,4,17.135541015625,1
2017,6,17,21,4,18.9413381347656,1
2017,6,17,21,4,20.7472861328125,1
2017,6,17,21,4,22.5532109375,0
2017,6,17,21,4,24.3589411621094,0
2017,6,17,21,4,26.1650239257812,0
2017,6,17,21,4,27.9707880859375,0
2017,6,17,21,4,29.7764958496094,0
2017,6,17,21,4,31.5821860351563,0
2017,6,17,21,4,33.3881330566406,0
2017,6,17,21,4,35.1940400390625,0
2017,6,17,21,4,36.999875,0
2017,6,17,21,4,38.8057290039063,0
2017,6,17,21,4,40.6114421386719,0
2017,6,17,21,4,42.4174030761719,0
2017,6,17,21,4,44.2232080078125,0
2017,6,17,21,4,46.0290078125,0
2017,6,17,21,4,47.8347570800781,0
2017,6,17,21,4,49.6406340332031,0
2017,6,17,21,4,51.4464809570312,0
2017,6,17,21,4,53.2523989257813,0
2017,6,17,21,4,55.0581140136719,0
2017,6,17,21,4,56.8640681152344,0
2017,6,17,21,4,58.6698159179687,0
2017,6,17,21,5,0.47581689453125,0
2017,6,17,21,5,2.281583984375,0
2017,6,17,21,5,4.08732104492188,0
2017,6,17,21,5,5.89321801757812,0
2017,6,17,21,5,7.69892895507813,0
2017,6,17,21,5,9.50482788085938,0
2017,6,17,21,5,11.3106589355469,0
2017,6,17,21,5,13.1164670410156,0
2017,6,17,21,5,14.9223649902344,0
2017,6,17,21,5,16.7282351074219,0
2017,6,17,21,5,18.5339201660156,0
2017,6,17,21,5,20.3398061523438,0
2017,6,17,21,5,22.1456821289063,0
2017,6,17,21,5,23.9516499023437,0
2017,6,17,21,5,25.7574880371094,0
2017,6,17,21,5,27.563166015625,0
2017,6,17,21,5,29.3690339355469,0
2017,6,17,21,5,31.1748581542969,0
2017,6,17,21,5,32.980623046875,0
2017,6,17,21,5,34.7868249511719,0
2017,6,17,21,5,36.5983720703125,0
2017,6,17,21,5,38.4042189941406,0
2017,6,17,21,5,40.2100478515625,0
2017,6,17,21,5,42.0158879394531,0
2017,6,17,21,5,43.8216628417969,0
2017,6,17,21,5,45.6275109863281,0
2017,6,17,21,5,47.4332038574219,0
2017,6,17,21,5,49.2390229492188,0
2017,6,17,21,5,51.0449460449219,0
2017,6,17,21,5,52.8507111816406,0
2017,6,17,21,5,54.6567438964844,0
2017,6,17,21,5,56.4625361328125,0
2017,6,17,21,5,58.2684020996094,0
2017,6,17,21,6,0.074366943359375,0
2017,6,17,21,6,1.880044921875,0
2017,6,17,21,6,3.68589721679687,0
2017,6,17,21,6,5.4917451171875,0
2017,6,17,21,6,7.29769116210938,0
2017,6,17,21,6,9.103380859375,0
2017,6,17,21,6,10.9093239746094,0
2017,6,17,21,6,12.7150290527344,0
2017,6,17,21,6,14.5207651367188,0
2017,6,17,21,6,16.3267309570312,0
2017,6,17,21,6,18.1326469726563,0
2017,6,17,21,6,19.9385300292969,0
2017,6,17,21,6,21.7443249511719,0
2017,6,17,21,6,23.5502670898438,0
2017,6,17,21,6,25.3561799316406,0
2017,6,17,21,6,27.1619909667969,0
2017,6,17,21,6,28.9679748535156,0
2017,6,17,21,6,30.77383203125,0
2017,6,17,21,6,32.5796440429688,0
2017,6,17,21,6,34.3853850097656,0
2017,6,17,21,6,36.1912370605469,0
2017,6,17,21,6,37.9970031738281,0
2017,6,17,21,6,39.8028718261719,0
2017,6,17,21,6,41.6085568847656,0
2017,6,17,21,6,43.4145090332031,0
2017,6,17,21,6,45.2204399414062,0
2017,6,17,21,6,47.0262180175781,0
2017,6,17,21,6,48.8320629882813,0
2017,6,17,21,6,50.6378110351562,0
2017,6,17,21,6,52.4436040039063,0
2017,6,17,21,6,54.249416015625,0
2017,6,17,21,6,56.0550981445313,0
2017,6,17,21,6,57.8610539550781,0
2017,6,17,21,6,59.6670229492187,0
2017,6,17,21,7,1.48057592773438,0
2017,6,17,21,7,3.28629809570312,0
2017,6,17,21,7,5.09207202148438,0
2017,6,17,21,7,6.89775805664063,0
2017,6,17,21,7,8.70363500976562,0
2017,6,17,21,7,10.5093439941406,0
2017,6,17,21,7,12.3151330566406,0
2017,6,17,21,7,14.1209609375,0
2017,6,17,21,7,15.9271791992188,0
2017,6,17,21,7,17.7329719238281,0
2017,6,17,21,7,19.5388449707031,0
2017,6,17,21,7,21.3445971679688,0
2017,6,17,21,7,23.1505720214844,0
2017,6,17,21,7,24.9563342285156,0
2017,6,17,21,7,26.7620229492187,0
2017,6,17,21,7,28.5679260253906,2
2017,6,17,21,7,30.3738898925781,2
2017,6,17,21,7,32.1796999511719,2
2017,6,17,21,7,33.9854719238281,2
2017,6,17,21,7,35.7912299804687,2
2017,6,17,21,7,37.5971201171875,2
2017,6,17,21,7,39.403078125,2
2017,6,17,21,7,41.2088679199219,2
2017,6,17,21,7,43.0146479492187,2
2017,6,17,21,7,44.8203488769531,2
2017,6,17,21,7,46.6261459960937,2
2017,6,17,21,7,48.4320139160156,2
2017,6,17,21,7,50.2378010253906,2
2017,6,17,21,7,52.0436579589844,2
2017,6,17,21,7,53.8495432128906,2
2017,6,17,21,7,55.6551240234375,2
2017,6,17,21,7,57.4610859375,2
2017,6,17,21,7,59.2668171386719,2
2017,6,17,21,8,1.0727060546875,2
2017,6,17,21,8,2.8784521484375,2
2017,6,17,21,8,4.68438916015625,2
2017,6,17,21,8,6.4904560546875,2
2017,6,17,21,8,8.2963701171875,2
2017,6,17,21,8,10.1021599121094,2
2017,6,17,21,8,11.9080720214844,2
2017,6,17,21,8,13.7138701171875,2
2017,6,17,21,8,15.5196970214844,2
2017,6,17,21,8,17.3254658203125,2
2017,6,17,21,8,19.1313610839844,2
2017,6,17,21,8,20.9371059570312,2
2017,6,17,21,8,22.7430798339844,2
2017,6,17,21,8,24.5490378417969,2
2017,6,17,21,8,26.3626489257813,2
2017,6,17,21,8,28.1685979003906,2
2017,6,17,21,8,29.9743581542969,2
2017,6,17,21,8,31.7801088867188,2
2017,6,17,21,8,33.5858049316406,2
2017,6,17,21,8,35.3917619628906,2
2017,6,17,21,8,37.1974548339844,2
2017,6,17,21,8,39.003130859375,2
2017,6,17,21,8,40.8089858398437,1
2017,6,17,21,8,42.6147299804688,1
2017,6,17,21,8,44.4206149902344,1
2017,6,17,21,8,46.2264741210938,1
2017,6,17,21,8,48.0324489746094,1
2017,6,17,21,8,49.8383679199219,1
2017,6,17,21,8,51.64433203125,1
2017,6,17,21,8,53.4501040039062,1
2017,6,17,21,8,55.256048828125,1
2017,6,17,21,8,57.0620529785156,1
2017,6,17,21,8,58.8677839355469,1
2017,6,17,21,9,0.67364306640625,1
2017,6,17,21,9,2.47938793945313,1
2017,6,17,21,9,4.28522607421875,1
2017,6,17,21,9,6.0909580078125,1
2017,6,17,21,9,7.896916015625,1
2017,6,17,21,9,9.70261401367187,1
2017,6,17,21,9,11.508578125,1
2017,6,17,21,9,13.3142978515625,1
2017,6,17,21,9,15.12021484375,1
2017,6,17,21,9,16.9261340332031,1
2017,6,17,21,9,18.7319938964844,1
2017,6,17,21,9,20.5377309570313,1
2017,6,17,21,9,22.3435490722656,1
2017,6,17,21,9,24.1494030761719,1
2017,6,17,21,9,25.9551040039062,1
2017,6,17,21,9,27.7610310058594,1
2017,6,17,21,9,29.5668508300781,1
2017,6,17,21,9,31.3725942382812,1
2017,6,17,21,9,33.1783408203125,1
2017,6,17,21,9,34.9842041015625,1
2017,6,17,21,9,36.7899321289063,1
2017,6,17,21,9,38.59583203125,1
2017,6,17,21,9,40.4015952148438,1
2017,6,17,21,9,42.2074948730469,1
2017,6,17,21,9,44.0131770019531,1
2017,6,17,21,9,45.8188869628906,1
2017,6,17,21,9,47.6247280273437,1
2017,6,17,21,9,49.4306940917969,1
2017,6,17,21,9,51.2364230957031,1
2017,6,17,21,9,53.0421171875,1
2017,6,17,21,9,54.8480178222656,1
2017,6,17,21,9,56.6537529296875,1
2017,6,17,21,9,58.4596591796875,1
2017,6,17,21,10,0.265422119140625,1
2017,6,17,21,10,2.07132788085937,1
2017,6,17,21,10,3.87725219726563,1
2017,6,17,21,10,5.68304614257813,1
2017,6,17,21,10,7.48898999023437,1
2017,6,17,21,10,9.29480419921875,1
2017,6,17,21,10,11.1005571289062,1
2017,6,17,21,10,12.9063588867187,1
2017,6,17,21,10,14.7122021484375,1
2017,6,17,21,10,16.5181428222656,1
2017,6,17,21,10,18.3351530761719,1
2017,6,17,21,10,20.1410798339844,1
2017,6,17,21,10,21.9470100097656,1
2017,6,17,21,10,23.7529780273438,1
2017,6,17,21,10,25.5589360351563,1
2017,6,17,21,10,27.3647939453125,1
2017,6,17,21,10,29.1705339355469,1
2017,6,17,21,10,30.9764140625,1
2017,6,17,21,10,32.7823549804688,1
2017,6,17,21,10,34.5880729980469,1
2017,6,17,21,10,36.3941708984375,1
2017,6,17,21,10,38.2000178222656,1
2017,6,17,21,10,40.0057170410156,1
2017,6,17,21,10,41.8115380859375,1
2017,6,17,21,10,43.6172648925781,1
2017,6,17,21,10,45.4232248535156,1
2017,6,17,21,10,47.2290319824219,1
2017,6,17,21,10,49.0350109863281,1
2017,6,17,21,10,50.8407841796875,1
2017,6,17,21,10,52.64662109375,1
2017,6,17,21,10,54.4524729003906,1
2017,6,17,21,10,56.2584409179687,1
2017,6,17,21,10,58.0643430175781,1
2017,6,17,21,10,59.8700300292969,1
2017,6,17,21,11,1.67576293945313,1
2017,6,17,21,11,3.48148901367188,1
2017,6,17,21,11,5.287216796875,1
2017,6,17,21,11,7.09290014648438,1
2017,6,17,21,11,8.89881713867188,1
2017,6,17,21,11,10.7047429199219,1
2017,6,17,21,11,12.5106320800781,1
2017,6,17,21,11,14.3164958496094,1
2017,6,17,21,11,16.1223330078125,1
2017,6,17,21,11,17.9281320800781,1
2017,6,17,21,11,19.7339870605469,1
2017,6,17,21,11,21.5396799316406,1
2017,6,17,21,11,23.3454631347656,1
2017,6,17,21,11,25.151169921875,1
2017,6,17,21,11,26.9570910644531,1
2017,6,17,21,11,28.7629348144531,1
2017,6,17,21,11,30.5688059082031,1
2017,6,17,21,11,32.3745778808594,1
2017,6,17,21,11,34.1805200195313,1
2017,6,17,21,11,35.9864379882813,1
2017,6,17,21,11,37.79233203125,1
2017,6,17,21,11,39.5982270507812,1
2017,6,17,21,11,41.4039851074219,1
2017,6,17,21,11,43.2099169921875,1
2017,6,17,21,11,45.0160600585938,1
2017,6,17,21,11,46.8219130859375,1
2017,6,17,21,11,48.6275881347656,1
2017,6,17,21,11,50.4334270019531,1
2017,6,17,21,11,52.2391560058594,1
2017,6,17,21,11,54.0448999023438,1
2017,6,17,21,11,55.85079296875,1
2017,6,17,21,11,57.656544921875,1
2017,6,17,21,11,59.462375,1
2017,6,17,21,12,1.26820703125,1
2017,6,17,21,12,3.07406005859375,1
2017,6,17,21,12,4.879919921875,1
2017,6,17,21,12,6.68594287109375,1
2017,6,17,21,12,8.49154809570313,1
2017,6,17,21,12,10.2975100097656,1
2017,6,17,21,12,12.1033071289063,1
2017,6,17,21,12,13.9090649414062,1
2017,6,17,21,12,15.7148859863281,1
2017,6,17,21,12,17.52074609375,1
2017,6,17,21,12,19.3266689453125,1
2017,6,17,21,12,21.13262890625,1
2017,6,17,21,12,22.93833984375,1
2017,6,17,21,12,24.7441730957031,1
2017,6,17,21,12,26.5498879394531,1
2017,6,17,21,12,28.3555979003906,1
2017,6,17,21,12,30.1612880859375,1
2017,6,17,21,12,31.9671789550781,1
2017,6,17,21,12,33.7730661621094,1
2017,6,17,21,12,35.5787890625,1
2017,6,17,21,12,37.3846879882813,1
2017,6,17,21,12,39.1903940429687,1
2017,6,17,21,12,40.9961081542969,1
2017,6,17,21,12,42.8083720703125,1
2017,6,17,21,12,44.6142448730469,1
2017,6,17,21,12,46.4201030273437,1
2017,6,17,21,12,48.2260771484375,1
2017,6,17,21,12,50.0320051269531,1
2017,6,17,21,12,51.8379609375,1
2017,6,17,21,12,53.6437189941406,1
2017,6,17,21,12,55.44966015625,1
2017,6,17,21,12,57.255419921875,1
2017,6,17,21,12,59.0612631835938,1
2017,6,17,21,13,0.867218994140625,1
2017,6,17,21,13,2.67305493164063,1
2017,6,17,21,13,4.47873095703125,1
2017,6,17,21,13,6.28446508789063,1
2017,6,17,21,13,8.09034716796875,1
2017,6,17,21,13,9.896123046875,1
2017,6,17,21,13,11.7020129394531,1
2017,6,17,21,13,13.5080590820313,1
2017,6,17,21,13,15.3139318847656,1
2017,6,17,21,13,17.1198579101562,1
2017,6,17,21,13,18.9256401367188,1
2017,6,17,21,13,20.7313381347656,1
2017,6,17,21,13,22.5372478027344,1
2017,6,17,21,13,24.3430249023437,1
2017,6,17,21,13,26.1487509765625,1
2017,6,17,21,13,27.9544990234375,1
2017,6,17,21,13,29.7603508300781,1
2017,6,17,21,13,31.5660810546875,1
2017,6,17,21,13,33.3718869628906,1
2017,6,17,21,13,35.1780441894531,1
2017,6,17,21,13,36.9837697753906,1
2017,6,17,21,13,38.7895131835937,1
2017,6,17,21,13,40.59520703125,1
2017,6,17,21,13,42.4009399414062,1
2017,6,17,21,13,44.2066398925781,1
2017,6,17,21,13,46.012373046875,1
2017,6,17,21,13,47.8182800292969,1
2017,6,17,21,13,49.6239851074219,1
2017,6,17,21,13,51.4297749023438,1
2017,6,17,21,13,53.2356069335938,1
2017,6,17,21,13,55.0414770507813,1
2017,6,17,21,13,56.8471638183594,1
2017,6,17,21,13,58.6528430175781,1
2017,6,17,21,14,0.458787841796875,1
2017,6,17,21,14,2.26472705078125,1
2017,6,17,21,14,4.07050805664062,1
2017,6,17,21,14,5.87637817382813,1
2017,6,17,21,14,7.69089208984375,1
2017,6,17,21,14,9.49675390625,1
2017,6,17,21,14,11.3025720214844,1
2017,6,17,21,14,13.1083459472656,1
2017,6,17,21,14,14.914208984375,1
2017,6,17,21,14,16.7214719238281,1
2017,6,17,21,14,18.5272829589844,1
2017,6,17,21,14,20.333125,1
2017,6,17,21,14,22.138916015625,1
2017,6,17,21,14,23.9445310058594,1
2017,6,17,21,14,25.7502199707031,1
2017,6,17,21,14,27.556083984375,1
2017,6,17,21,14,29.3618591308594,1
2017,6,17,21,14,31.1675949707031,1
2017,6,17,21,14,32.9733937988281,1
2017,6,17,21,14,34.7794790039063,1
2017,6,17,21,14,36.5853950195312,1
2017,6,17,21,14,38.3913369140625,1
2017,6,17,21,14,40.1971188964844,1
2017,6,17,21,14,42.0030439453125,1
2017,6,17,21,14,43.8088610839844,1
2017,6,17,21,14,45.6146030273437,1
2017,6,17,21,14,47.4203269042969,1
2017,6,17,21,14,49.2261870117187,1
2017,6,17,21,14,51.0321259765625,1
2017,6,17,21,14,52.8378229980469,1
2017,6,17,21,14,54.6437038574219,1
2017,6,17,21,14,56.4496640625,1
2017,6,17,21,14,58.2552849121094,1
2017,6,17,21,15,0.06114892578125,1
2017,6,17,21,15,1.86702490234375,1
2017,6,17,21,15,3.6728369140625,1
2017,6,17,21,15,5.47855590820313,1
2017,6,17,21,15,7.28445190429688,1
2017,6,17,21,15,9.09036108398437,1
2017,6,17,21,15,10.896166015625,1
2017,6,17,21,15,12.7021330566406,1
2017,6,17,21,15,14.5080510253906,1
2017,6,17,21,15,16.3140119628906,1
2017,6,17,21,15,18.1199660644531,1
2017,6,17,21,15,19.9257919921875,1
2017,6,17,21,15,21.7317709960938,1
2017,6,17,21,15,23.53758203125,1
2017,6,17,21,15,25.3434240722656,1
2017,6,17,21,15,27.149337890625,1
2017,6,17,21,15,28.95525,1
2017,6,17,21,15,30.7613120117188,1
2017,6,17,21,15,32.567248046875,1
2017,6,17,21,15,34.3731369628906,1
2017,6,17,21,15,36.1790830078125,1
2017,6,17,21,15,37.9848771972656,1
2017,6,17,21,15,39.7909470214844,1
2017,6,17,21,15,41.5967641601562,1
2017,6,17,21,15,43.402498046875,1
2017,6,17,21,15,45.2084479980469,1
2017,6,17,21,15,47.0143940429688,1
2017,6,17,21,15,48.82029296875,1
2017,6,17,21,15,50.6260490722656,1
2017,6,17,21,15,52.4319438476562,1
2017,6,17,21,15,54.2378071289062,1
2017,6,17,21,15,56.04374609375,1
2017,6,17,21,15,57.849634765625,1
2017,6,17,21,15,59.6554799804687,1
2017,6,17,21,16,1.461328125,1
2017,6,17,21,16,3.26697998046875,1
2017,6,17,21,16,5.0727041015625,1
2017,6,17,21,16,6.8784638671875,1
2017,6,17,21,16,8.684376953125,1
2017,6,17,21,16,10.4900710449219,1
2017,6,17,21,16,12.295876953125,1
2017,6,17,21,16,14.1016740722656,1
2017,6,17,21,16,15.9073469238281,1
2017,6,17,21,16,17.7130698242187,2
2017,6,17,21,16,19.5188100585938,2
2017,6,17,21,16,21.3245161132812,2
2017,6,17,21,16,23.1304440917969,2
2017,6,17,21,16,24.936126953125,2
2017,6,17,21,16,26.7422390136719,2
2017,6,17,21,16,28.5479399414062,2
2017,6,17,21,16,30.3537741699219,2
2017,6,17,21,16,32.1596411132813,2
2017,6,17,21,16,33.9654880371094,2
2017,6,17,21,16,35.7712878417969,2
2017,6,17,21,16,37.5772131347656,2
2017,6,17,21,16,39.3830590820313,2
2017,6,17,21,16,41.1888950195313,2
2017,6,17,21,16,42.9948271484375,2
2017,6,17,21,16,44.8006489257813,2
2017,6,17,21,16,46.6065349121094,2
2017,6,17,21,16,48.412416015625,2
2017,6,17,21,16,50.2179870605469,2
2017,6,17,21,16,52.0238298339844,2
2017,6,17,21,16,53.8296069335938,2
2017,6,17,21,16,55.6354548339844,2
2017,6,17,21,16,57.441126953125,2
2017,6,17,21,16,59.2469001464844,2
2017,6,17,21,17,1.05380517578125,2
2017,6,17,21,17,2.8596640625,2
2017,6,17,21,17,4.66551220703125,2
2017,6,17,21,17,6.47147192382813,2
2017,6,17,21,17,8.27738818359375,2
2017,6,17,21,17,10.0832919921875,2
2017,6,17,21,17,11.8890920410156,2
2017,6,17,21,17,13.69495703125,2
2017,6,17,21,17,15.5006450195312,2
2017,6,17,21,17,17.3064360351562,2
2017,6,17,21,17,19.1122739257812,2
2017,6,17,21,17,20.9182099609375,2
2017,6,17,21,17,22.7256259765625,2
2017,6,17,21,17,24.531583984375,2
2017,6,17,21,17,26.3374650878906,2
2017,6,17,21,17,28.1431401367187,2
2017,6,17,21,17,29.9488479003906,2
2017,6,17,21,17,31.7546040039063,2
2017,6,17,21,17,33.5603659667969,2
2017,6,17,21,17,35.3662561035156,2
2017,6,17,21,17,37.1720729980469,2
2017,6,17,21,17,38.9777490234375,2
2017,6,17,21,17,40.7836140136719,2
2017,6,17,21,17,42.5894638671875,2
2017,6,17,21,17,44.3951708984375,2
2017,6,17,21,17,46.2008549804687,2
2017,6,17,21,17,48.00666796875,2
2017,6,17,21,17,49.8124548339844,2
2017,6,17,21,17,51.6183181152344,2
2017,6,17,21,17,53.4244111328125,2
2017,6,17,21,17,55.2301650390625,2
2017,6,17,21,17,57.0358427734375,2
2017,6,17,21,17,58.8416799316406,2
2017,6,17,21,18,0.647453125,2
2017,6,17,21,18,2.45337890625,2
2017,6,17,21,18,4.25926098632813,2
2017,6,17,21,18,6.06514599609375,2
2017,6,17,21,18,7.87086401367188,2
2017,6,17,21,18,9.67655297851563,2
2017,6,17,21,18,11.4822668457031,2
2017,6,17,21,18,13.2880849609375,2
2017,6,17,21,18,15.093826171875,2
2017,6,17,21,18,16.8995319824219,2
2017,6,17,21,18,18.7054680175781,2
2017,6,17,21,18,20.5111999511719,2
2017,6,17,21,18,22.3170500488281,2
2017,6,17,21,18,24.1232651367188,2
2017,6,17,21,18,25.9290769042969,2
2017,6,17,21,18,27.7349689941406,2
2017,6,17,21,18,29.5405480957031,2
2017,6,17,21,18,31.3462861328125,2
2017,6,17,21,18,33.1520158691406,2
2017,6,17,21,18,34.9578420410156,2
2017,6,17,21,18,36.7638029785156,2
2017,6,17,21,18,38.5696110839844,2
2017,6,17,21,18,40.3755778808594,2
2017,6,17,21,18,42.1813518066406,2
2017,6,17,21,18,43.9872470703125,2
2017,6,17,21,18,45.7929248046875,2
2017,6,17,21,18,47.5987800292969,2
2017,6,17,21,18,49.4046459960937,2
2017,6,17,21,18,51.210369140625,2
2017,6,17,21,18,53.0161892089844,2
2017,6,17,21,18,54.8221430664062,2
2017,6,17,21,18,56.6280668945313,2
2017,6,17,21,18,58.4337470703125,2
2017,6,17,21,19,0.239537109375,2
2017,6,17,21,19,2.04534106445313,2
2017,6,17,21,19,3.85109814453125,2
2017,6,17,21,19,5.65700708007812,2
2017,6,17,21,19,7.46275317382812,2
2017,6,17,21,19,9.2700400390625,2
2017,6,17,21,19,11.0759020996094,2
2017,6,17,21,19,12.8816010742188,2
2017,6,17,21,19,14.6875090332031,2
2017,6,17,21,19,16.4934670410156,2
2017,6,17,21,19,18.2993569335937,2
2017,6,17,21,19,20.1050520019531,2
2017,6,17,21,19,21.9107238769531,2
2017,6,17,21,19,23.7168081054688,2
2017,6,17,21,19,25.5226979980469,2
2017,6,17,21,19,27.3285090332031,2
2017,6,17,21,19,29.1344270019531,2
2017,6,17,21,19,30.9402448730469,2
2017,6,17,21,19,32.7461040039062,2
2017,6,17,21,19,34.5520771484375,2
2017,6,17,21,19,36.3579929199219,2
2017,6,17,21,19,38.1638630371094,2
2017,6,17,21,19,39.9696760253906,2
2017,6,17,21,19,41.7754819335938,2
2017,6,17,21,19,43.5812229003906,2
2017,6,17,21,19,45.387044921875,2
2017,6,17,21,19,47.1926411132812,2
2017,6,17,21,19,48.9985180664062,2
2017,6,17,21,19,50.8042790527344,2
2017,6,17,21,19,52.6100930175781,2
2017,6,17,21,19,54.4159709472656,2
2017,6,17,21,19,56.2217280273438,2
2017,6,17,21,19,58.0278168945312,2
2017,6,17,21,19,59.8337280273438,2
2017,6,17,21,20,1.63952001953125,2
2017,6,17,21,20,3.44528515625,2
2017,6,17,21,20,5.2510869140625,2
2017,6,17,21,20,7.05699487304688,2
2017,6,17,21,20,8.86279809570313,2
2017,6,17,21,20,10.6687219238281,2
2017,6,17,21,20,12.4804138183594,2
2017,6,17,21,20,14.2863239746094,2
2017,6,17,21,20,16.0920241699219,2
2017,6,17,21,20,17.8979038085937,2
2017,6,17,21,20,19.7036220703125,2
2017,6,17,21,20,21.5094689941406,2
2017,6,17,21,20,23.3151508789062,2
2017,6,17,21,20,25.1210908203125,2
2017,6,17,21,20,26.9268430175781,2
2017,6,17,21,20,28.7327199707031,2
2017,6,17,21,20,30.5386318359375,2
2017,6,17,21,20,32.344453125,2
2017,6,17,21,20,34.1503200683594,2
2017,6,17,21,20,35.9560361328125,2
2017,6,17,21,20,37.7618598632813,2
2017,6,17,21,20,39.567794921875,2
2017,6,17,21,20,41.3736750488281,2
2017,6,17,21,20,43.1793872070312,2
2017,6,17,21,20,44.9852890625,2
2017,6,17,21,20,46.7912248535156,2
2017,6,17,21,20,48.5971110839844,2
2017,6,17,21,20,50.4029660644531,2
2017,6,17,21,20,52.2086811523438,1
2017,6,17,21,20,54.0143881835938,1
2017,6,17,21,20,55.8201411132813,1
2017,6,17,21,20,57.62604296875,0
2017,6,17,21,20,59.4319711914062,0
2017,6,17,21,21,1.23779711914062,0
2017,6,17,21,21,3.04365405273438,0
2017,6,17,21,21,4.84968310546875,0
2017,6,17,21,21,6.65544506835938,0
2017,6,17,21,21,8.46118896484375,0
2017,6,17,21,21,10.2670649414063,0
2017,6,17,21,21,12.0813811035156,0
2017,6,17,21,21,13.8871218261719,0
2017,6,17,21,21,15.6930808105469,0
2017,6,17,21,21,17.4988220214844,0
2017,6,17,21,21,19.3045290527344,0
2017,6,17,21,21,21.1103972167969,0
2017,6,17,21,21,22.916248046875,0
2017,6,17,21,21,24.7221437988281,0
2017,6,17,21,21,26.5278671875,0
2017,6,17,21,21,28.3335769042969,0
2017,6,17,21,21,30.1395339355469,0
2017,6,17,21,21,31.9451469726563,0
2017,6,17,21,21,33.7508830566406,0
2017,6,17,21,21,35.5566330566406,0
2017,6,17,21,21,37.3623229980469,0
2017,6,17,21,21,39.1682180175781,0
2017,6,17,21,21,40.9740458984375,0
2017,6,17,21,21,42.7800400390625,0
2017,6,17,21,21,44.5857551269531,0
2017,6,17,21,21,46.3914770507812,0
2017,6,17,21,21,48.1973381347656,0
2017,6,17,21,21,50.0032529296875,0
2017,6,17,21,21,51.8092092285156,0
2017,6,17,21,21,53.6149189453125,0
2017,6,17,21,21,55.4207548828125,0
2017,6,17,21,21,57.2266459960938,0
2017,6,17,21,21,59.0323637695313,0
2017,6,17,21,22,0.838322021484375,0
2017,6,17,21,22,2.64410205078125,0
2017,6,17,21,22,4.44992309570312,0
2017,6,17,21,22,6.25575903320312,0
2017,6,17,21,22,8.061501953125,0
2017,6,17,21,22,9.86734106445313,0
2017,6,17,21,22,11.6731711425781,0
2017,6,17,21,22,13.4789699707031,0
2017,6,17,21,22,15.2846860351563,0
2017,6,17,21,22,17.09054296875,0
2017,6,17,21,22,18.8963989257812,0
2017,6,17,21,22,20.7021569824219,0
2017,6,17,21,22,22.5080549316406,0
2017,6,17,21,22,24.3137568359375,0
2017,6,17,21,22,26.1196909179688,0
2017,6,17,21,22,27.9256000976563,0
2017,6,17,21,22,29.73346484375,0
2017,6,17,21,22,31.5393527832031,0
2017,6,17,21,22,33.3452319335938,0
2017,6,17,21,22,35.1513020019531,0
2017,6,17,21,22,36.9571159667969,0
2017,6,17,21,22,38.763041015625,0
2017,6,17,21,22,40.568998046875,0
2017,6,17,21,22,42.374828125,0
2017,6,17,21,22,44.1805698242188,0
2017,6,17,21,22,45.9864890136719,0
2017,6,17,21,22,47.7923410644531,0
2017,6,17,21,22,49.5981040039063,0
2017,6,17,21,22,51.4038068847656,0
2017,6,17,21,22,53.2095581054688,0
2017,6,17,21,22,55.0154440917969,1
2017,6,17,21,22,56.8211789550781,1
2017,6,17,21,22,58.6269790039062,1
2017,6,17,21,23,0.43265380859375,1
2017,6,17,21,23,2.23848706054688,1
2017,6,17,21,23,4.0442080078125,1
2017,6,17,21,23,5.84993188476562,1
2017,6,17,21,23,7.65574780273437,1
2017,6,17,21,23,9.46143286132813,1
2017,6,17,21,23,11.2672509765625,1
2017,6,17,21,23,13.0731520996094,1
2017,6,17,21,23,14.8788850097656,1
2017,6,17,21,23,16.6845979003906,1
2017,6,17,21,23,18.490333984375,1
2017,6,17,21,23,20.2961760253906,1
2017,6,17,21,23,22.1019699707031,1
2017,6,17,21,23,23.9078837890625,1
2017,6,17,21,23,25.7137939453125,1
2017,6,17,21,23,27.5242839355469,1
2017,6,17,21,23,29.3299929199219,1
2017,6,17,21,23,31.1357241210938,1
2017,6,17,21,23,32.9414721679687,1
2017,6,17,21,23,34.7474079589844,1
2017,6,17,21,23,36.55320703125,1
2017,6,17,21,23,38.3591059570312,1
2017,6,17,21,23,40.1648049316406,1
2017,6,17,21,23,41.9705620117187,1
2017,6,17,21,23,43.7764138183594,1
2017,6,17,21,23,45.5822160644531,1
2017,6,17,21,23,47.3879741210937,1
2017,6,17,21,23,49.1938520507813,1
2017,6,17,21,23,50.9997238769531,1
2017,6,17,21,23,52.8054030761719,1
2017,6,17,21,23,54.611166015625,1
2017,6,17,21,23,56.4168830566406,1
2017,6,17,21,23,58.2226838378906,1
2017,6,17,21,24,0.028406005859375,1
2017,6,17,21,24,1.83411694335937,1
2017,6,17,21,24,3.63997900390625,1
2017,6,17,21,24,5.44586108398437,1
2017,6,17,21,24,7.2517841796875,1
2017,6,17,21,24,9.05754711914063,1
2017,6,17,21,24,10.8634350585937,1
2017,6,17,21,24,12.669126953125,1
2017,6,17,21,24,14.4749780273438,1
2017,6,17,21,24,16.2807250976563,1
2017,6,17,21,24,18.0866789550781,1
2017,6,17,21,24,19.8926279296875,1
2017,6,17,21,24,21.6983999023437,1
2017,6,17,21,24,23.5043081054687,1
2017,6,17,21,24,25.5466960449219,1
2017,6,17,21,24,27.4069890136719,1
2017,6,17,21,24,29.348751953125,1
2017,6,17,21,24,31.1959289550781,1
2017,6,17,21,24,33.0671789550781,1
2017,6,17,21,24,34.8845200195313,1
2017,6,17,21,24,36.7103669433594,1
2017,6,17,21,24,38.5161369628906,1
2017,6,17,21,24,40.5555771484375,1
2017,6,17,21,24,42.4334519042969,1
2017,6,17,21,24,44.2976469726563,1
2017,6,17,21,24,46.2157458496094,1
2017,6,17,21,24,48.1996989746094,1
2017,6,17,21,24,50.19362890625,1
2017,6,17,21,24,52.2387170410156,1
2017,6,17,21,24,54.044666015625,1
2017,6,17,21,24,55.9150080566406,1
2017,6,17,21,24,57.9671730957031,1
2017,6,17,21,24,59.9379260253906,1
2017,6,17,21,25,1.86542211914063,1
2017,6,17,21,25,3.70711596679687,1
2017,6,17,21,25,5.67768505859375,1
2017,6,17,21,25,7.4836669921875,1
2017,6,17,21,25,9.3429501953125,1
2017,6,17,21,25,11.2056779785156,1
2017,6,17,21,25,13.0170979003906,1
2017,6,17,21,25,14.8637731933594,1
2017,6,17,21,25,19.8658850097656,1
2017,6,17,21,25,21.6715710449219,1
2017,6,17,21,25,23.5796999511719,1
2017,6,17,21,25,25.42541796875,1
2017,6,17,21,25,27.4043420410156,1
2017,6,17,21,25,29.2985891113281,1
2017,6,17,21,25,31.207048828125,1
2017,6,17,21,25,33.0136220703125,1
2017,6,17,21,25,34.9000297851562,1
2017,6,17,21,25,36.7060439453125,1
2017,6,17,21,25,38.5463510742187,1
2017,6,17,21,25,40.461380859375,1
2017,6,17,21,25,42.3475510253906,1
2017,6,17,21,25,44.2377160644531,1
2017,6,17,21,25,46.2335268554688,1
2017,6,17,21,25,48.0481118164062,1
2017,6,17,21,25,49.9536960449219,1
2017,6,17,21,25,51.8467810058594,1
2017,6,17,21,25,53.7065388183594,1
2017,6,17,21,25,55.6957131347656,1
2017,6,17,21,25,57.6081350097656,1
2017,6,17,21,25,59.7048640136719,1
2017,6,17,21,26,1.51322802734375,1
2017,6,17,21,26,3.39647387695313,1
2017,6,17,21,26,5.37864501953125,1
2017,6,17,21,26,7.21984692382812,1
2017,6,17,21,26,9.02553100585937,1
2017,6,17,21,26,10.8313410644531,1
2017,6,17,21,26,12.6373190917969,1
2017,6,17,21,26,14.443119140625,1
2017,6,17,21,26,16.2489509277344,1
2017,6,17,21,26,18.054662109375,1
2017,6,17,21,26,19.8603920898437,1
2017,6,17,21,26,21.6661320800781,1
2017,6,17,21,26,23.4720129394531,1
2017,6,17,21,26,25.2794211425781,1
2017,6,17,21,26,27.0852980957031,1
2017,6,17,21,26,28.8910168457031,1
2017,6,17,21,26,30.6967749023438,1
2017,6,17,21,26,32.5025200195312,1
2017,6,17,21,26,34.3084641113281,1
2017,6,17,21,26,36.1308459472656,1
2017,6,17,21,26,37.9359350585937,1
2017,6,17,21,26,39.7416469726562,1
2017,6,17,21,26,41.5475610351562,1
2017,6,17,21,26,43.3535080566406,1
2017,6,17,21,26,45.1594541015625,1
2017,6,17,21,26,46.9654060058594,1
2017,6,17,21,26,48.7713540039062,1
2017,6,17,21,26,50.5771450195313,1
2017,6,17,21,26,52.3830090332031,1
2017,6,17,21,26,54.1889099121094,1
2017,6,17,21,26,55.994837890625,1
2017,6,17,21,26,57.912875,1
2017,6,17,21,26,59.9511950683594,1
2017,6,17,21,27,1.83998706054687,1
2017,6,17,21,27,3.720787109375,1
2017,6,17,21,27,5.6182080078125,1
2017,6,17,21,27,7.42397680664063,1
2017,6,17,21,27,9.31819604492187,1
2017,6,17,21,27,11.2188549804688,1
2017,6,17,21,27,13.0902641601563,1
2017,6,17,21,27,14.9778908691406,1
2017,6,17,21,27,16.8589460449219,1
2017,6,17,21,27,18.7029560546875,1
2017,6,17,21,27,20.8041931152344,1
2017,6,17,21,27,22.6433540039062,1
2017,6,17,21,27,24.513958984375,1
2017,6,17,21,27,26.3905129394531,1
2017,6,17,21,27,28.2194020996094,1
2017,6,17,21,27,30.4474050292969,1
2017,6,17,21,27,32.31725,1
2017,6,17,21,27,34.2195629882812,1
2017,6,17,21,27,36.1648891601562,1
2017,6,17,21,27,37.9723679199219,1
2017,6,17,21,27,40.1238559570313,1
2017,6,17,21,27,41.9295581054688,1
2017,6,17,21,27,43.8597099609375,1
2017,6,17,21,27,45.8740620117187,1
2017,6,17,21,27,47.6799699707031,1
2017,6,17,21,27,49.4914030761719,1
2017,6,17,21,27,51.4803740234375,1
2017,6,17,21,27,53.3098918457031,1
2017,6,17,21,27,55.34758203125,1
2017,6,17,21,27,57.2670458984375,1
2017,6,17,21,27,59.2219599609375,1
2017,6,17,21,28,1.03744702148437,1
2017,6,17,21,28,2.89531396484375,1
2017,6,17,21,28,4.88680908203125,1
2017,6,17,21,28,6.69263208007813,1
2017,6,17,21,28,8.59148681640625,1
2017,6,17,21,28,10.5185361328125,1
2017,6,17,21,28,12.4035009765625,1
2017,6,17,21,28,14.3793571777344,1
2017,6,17,21,28,16.3090778808594,1
2017,6,17,21,28,18.2207829589844,1
2017,6,17,21,28,20.1460668945312,1
2017,6,17,21,28,22.0252749023437,1
2017,6,17,21,28,23.8812509765625,1
2017,6,17,21,28,26.03717578125,1
2017,6,17,21,28,27.8710261230469,1
2017,6,17,21,28,29.7257160644531,1
2017,6,17,21,28,31.5314331054688,1
2017,6,17,21,28,33.3373598632813,1
2017,6,17,21,28,35.1432600097656,1
2017,6,17,21,28,37.2115439453125,1
2017,6,17,21,28,39.1124401855469,1
2017,6,17,21,28,40.9817409667969,1
2017,6,17,21,28,42.8913569335937,1
2017,6,17,21,28,44.8727878417969,1
2017,6,17,21,28,46.9324829101563,1
2017,6,17,21,28,48.8514968261719,1
2017,6,17,21,28,50.8862861328125,1
2017,6,17,21,28,52.6921599121094,1
2017,6,17,21,28,54.5723591308594,1
2017,6,17,21,28,56.4375739746094,1
2017,6,17,21,28,58.2436499023437,1
2017,6,17,21,29,0.4058310546875,1
2017,6,17,21,29,2.23635400390625,1
2017,6,17,21,29,4.07258520507813,1
2017,6,17,21,29,5.94677905273438,1
2017,6,17,21,29,7.90202001953125,1
2017,6,17,21,29,9.8930869140625,1
2017,6,17,21,29,11.6988430175781,1
2017,6,17,21,29,13.5047778320312,1
2017,6,17,21,29,15.4431770019531,1
2017,6,17,21,29,17.2490729980469,1
2017,6,17,21,29,19.0548959960938,1
2017,6,17,21,29,21.0741079101563,1
2017,6,17,21,29,22.879916015625,1
2017,6,17,21,29,25.0870559082031,1
2017,6,17,21,29,27.2134099121094,1
2017,6,17,21,29,29.0192570800781,1
2017,6,17,21,29,31.1662919921875,1
2017,6,17,21,29,32.9751989746094,1
2017,6,17,21,29,34.8946499023438,1
2017,6,17,21,29,36.7319399414063,1
2017,6,17,21,29,38.6469919433594,1
2017,6,17,21,29,40.7441809082031,1
2017,6,17,21,29,42.6132578125,1
2017,6,17,21,29,44.49358203125,1
2017,6,17,21,29,46.4506279296875,1
2017,6,17,21,29,48.2565051269531,1
2017,6,17,21,29,50.2672961425781,1
2017,6,17,21,29,52.6155378417969,1
2017,6,17,21,29,54.4337690429687,1
2017,6,17,21,29,56.7129709472656,1
2017,6,17,21,29,58.5936779785156,1
2017,6,17,21,30,0.4555849609375,1
2017,6,17,21,30,2.2695361328125,1
2017,6,17,21,30,4.29145288085938,1
2017,6,17,21,30,6.10586303710938,1
2017,6,17,21,30,7.9300029296875,1
2017,6,17,21,30,10.1298369140625,1
2017,6,17,21,30,11.9501418457031,1
2017,6,17,21,30,13.8748549804688,1
2017,6,17,21,30,15.9037221679688,1
2017,6,17,21,30,17.7093679199219,1
2017,6,17,21,30,19.603958984375,1
2017,6,17,21,30,21.4214699707031,1
2017,6,17,21,30,23.2445148925781,1
2017,6,17,21,30,25.0914919433594,1
2017,6,17,21,30,27.0055319824219,1
2017,6,17,21,30,28.8856420898437,1
2017,6,17,21,30,30.9692531738281,1
2017,6,17,21,30,32.9219670410156,1
2017,6,17,21,30,35.0749379882812,1
2017,6,17,21,30,36.8806491699219,1
2017,6,17,21,30,38.7202028808594,1
2017,6,17,21,30,40.6907580566406,1
2017,6,17,21,30,42.4966828613281,1
2017,6,17,21,30,44.402458984375,1
2017,6,17,21,30,46.2450668945312,1
2017,6,17,21,30,48.0510129394531,1
2017,6,17,21,30,49.8569260253906,1
2017,6,17,21,30,51.6627829589844,1
2017,6,17,21,30,53.4685739746094,1
2017,6,17,21,30,55.2742868652344,1
2017,6,17,21,30,57.0802431640625,1
2017,6,17,21,30,58.8861779785156,1
2017,6,17,21,31,0.69198388671875,1
2017,6,17,21,31,2.4977861328125,1
2017,6,17,21,31,4.30369213867187,1
2017,6,17,21,31,6.10952221679687,1
2017,6,17,21,31,7.91560791015625,1
2017,6,17,21,31,9.72142407226563,1
2017,6,17,21,31,11.527216796875,1
2017,6,17,21,31,13.333046875,1
2017,6,17,21,31,15.1389689941406,1
2017,6,17,21,31,16.9447810058594,1
2017,6,17,21,31,18.75050390625,1
2017,6,17,21,31,20.5562290039062,1
2017,6,17,21,31,22.3619558105469,1
2017,6,17,21,31,24.1678811035156,1
2017,6,17,21,31,25.9738139648437,1
2017,6,17,21,31,27.7797319335938,1
2017,6,17,21,31,29.5857797851563,1
2017,6,17,21,31,31.3916140136719,1
2017,6,17,21,31,33.1974230957031,1
2017,6,17,21,31,35.0033679199219,1
2017,6,17,21,31,36.8090688476562,1
2017,6,17,21,31,38.6150178222656,1
2017,6,17,21,31,40.420923828125,1
2017,6,17,21,31,42.2268059082031,1
2017,6,17,21,31,44.0325661621094,1
2017,6,17,21,31,45.8384968261719,1
2017,6,17,21,31,47.6444470214844,1
2017,6,17,21,31,49.4502209472656,1
2017,6,17,21,31,51.2560041503906,1
2017,6,17,21,31,53.0619047851563,1
2017,6,17,21,31,54.867794921875,1
2017,6,17,21,31,56.6737229003906,1
2017,6,17,21,31,58.4796499023438,1
2017,6,17,21,32,0.285348876953125,1
2017,6,17,21,32,2.09128491210938,1
2017,6,17,21,32,3.8971650390625,1
2017,6,17,21,32,5.70308911132812,1
2017,6,17,21,32,7.5089541015625,1
2017,6,17,21,32,9.3147939453125,1
2017,6,17,21,32,11.1205581054687,1
2017,6,17,21,32,12.9282229003906,1
2017,6,17,21,32,14.7321350097656,1
2017,6,17,21,32,16.7518530273437,1
2017,6,17,21,32,18.6684748535156,1
2017,6,17,21,32,20.5707719726562,1
2017,6,17,21,32,22.4381220703125,1
2017,6,17,21,32,24.2691359863281,1
2017,6,17,21,32,26.4380959472656,1
2017,6,17,21,32,28.267544921875,1
2017,6,17,21,32,30.3962099609375,1
2017,6,17,21,32,32.2372749023437,1
2017,6,17,21,32,34.1978408203125,1
2017,6,17,21,32,36.1421779785156,1
2017,6,17,21,32,38.0000251464844,1
2017,6,17,21,32,40.0260930175781,1
2017,6,17,21,32,42.039169921875,1
2017,6,17,21,32,43.9278649902344,1
2017,6,17,21,32,45.9462189941406,1
2017,6,17,21,32,47.8980869140625,1
2017,6,17,21,32,49.9370771484375,1
2017,6,17,21,32,51.9822231445312,1
2017,6,17,21,32,53.909998046875,1
2017,6,17,21,32,55.8030859375,1
2017,6,17,21,32,57.658662109375,1
2017,6,17,21,32,59.5463718261719,1
2017,6,17,21,33,1.39035595703125,1
2017,6,17,21,33,3.22842919921875,1
2017,6,17,21,33,5.05934692382812,1
2017,6,17,21,33,18.7909870605469,1
2017,6,17,21,33,20.6057861328125,1
2017,6,17,21,33,22.4515270996094,1
2017,6,17,21,33,24.2757590332031,1
2017,6,17,21,33,26.0821240234375,1
2017,6,17,21,33,27.888087890625,1
2017,6,17,21,33,29.9219260253906,1
2017,6,17,21,33,31.7789890136719,1
2017,6,17,21,33,33.6492368164063,1
2017,6,17,21,33,35.4720849609375,1
2017,6,17,21,33,37.2807629394531,1
2017,6,17,21,33,39.0902299804687,1
2017,6,17,21,33,40.96579296875,1
2017,6,17,21,33,42.9199130859375,1
2017,6,17,21,33,45.1719729003906,1
2017,6,17,21,33,46.986748046875,1
2017,6,17,21,33,48.8346818847656,1
2017,6,17,21,33,50.7411730957031,1
2017,6,17,21,33,52.6305300292969,1
2017,6,17,21,33,54.5142690429687,1
2017,6,17,21,33,56.4089660644531,1
2017,6,17,21,33,58.2700729980469,1
2017,6,17,21,34,0.11052197265625,1
2017,6,17,21,34,1.9258740234375,1
2017,6,17,21,34,3.76228100585937,1
2017,6,17,21,34,5.67512890625,1
2017,6,17,21,34,7.48101220703125,1
2017,6,17,21,34,9.52861181640625,1
2017,6,17,21,34,11.3503488769531,1
2017,6,17,21,34,13.2704721679687,1
2017,6,17,21,34,15.1163371582031,1
2017,6,17,21,34,17.0174128417969,1
2017,6,17,21,34,18.8337868652344,1
2017,6,17,21,34,20.8359599609375,1
2017,6,17,21,34,22.6905078125,1
2017,6,17,21,34,24.49637109375,1
2017,6,17,21,34,26.3894418945312,1
2017,6,17,21,34,28.2715219726562,1
2017,6,17,21,34,30.6085788574219,1
2017,6,17,21,34,32.4628530273437,1
2017,6,17,21,34,34.3186618652344,1
2017,6,17,21,34,36.1244309082031,1
2017,6,17,21,34,37.9517409667969,1
2017,6,17,21,34,39.8435539550781,1
2017,6,17,21,34,41.6992900390625,1
2017,6,17,21,34,43.5092590332031,1
2017,6,17,21,34,45.3733000488281,1
2017,6,17,21,34,47.2735168457031,1
2017,6,17,21,34,49.3287280273438,1
2017,6,17,21,34,51.5351218261719,1
2017,6,17,21,34,53.3807199707031,1
2017,6,17,21,34,55.2928081054688,1
2017,6,17,21,34,57.2306630859375,1
2017,6,17,21,34,59.03654296875,1
2017,6,17,21,35,0.983912841796875,1
2017,6,17,21,35,2.93174096679688,1
2017,6,17,21,35,4.835498046875,1
2017,6,17,21,35,6.7307998046875,1
2017,6,17,21,35,8.65193896484375,1
2017,6,17,21,35,10.5845151367187,1
2017,6,17,21,35,12.493712890625,1
2017,6,17,21,35,14.4950300292969,1
2017,6,17,21,35,16.4444799804687,1
2017,6,17,21,35,18.2724421386719,1
2017,6,17,21,35,20.139837890625,1
2017,6,17,21,35,22.0836459960938,1
2017,6,17,21,35,23.96271484375,1
2017,6,17,21,35,26.0513820800781,1
2017,6,17,21,35,27.9369558105469,1
2017,6,17,21,35,30.0899270019531,1
2017,6,17,21,35,31.9334790039062,1
2017,6,17,21,35,33.739296875,1
2017,6,17,21,35,35.5452321777344,1
2017,6,17,21,35,37.3510498046875,1
2017,6,17,21,35,39.1569399414063,1
2017,6,17,21,35,40.9628159179687,1
2017,6,17,21,35,42.7685949707031,1
2017,6,17,21,35,44.57475390625,1
2017,6,17,21,35,46.3805539550781,1
2017,6,17,21,35,48.1862309570312,1
2017,6,17,21,35,49.9923059082031,1
2017,6,17,21,35,51.7979409179688,1
2017,6,17,21,35,53.603751953125,1
2017,6,17,21,35,55.4094809570312,1
2017,6,17,21,35,57.2152900390625,1
2017,6,17,21,35,59.0246848144531,1
2017,6,17,21,36,0.8304150390625,1
2017,6,17,21,36,2.63634497070313,1
2017,6,17,21,36,4.44230517578125,1
2017,6,17,21,36,6.24826586914063,1
2017,6,17,21,36,8.05419482421875,1
2017,6,17,21,36,9.85998510742187,1
2017,6,17,21,36,11.6658410644531,1
2017,6,17,21,36,13.4717729492187,1
2017,6,17,21,36,15.2774670410156,1
2017,6,17,21,36,17.0835720214844,1
2017,6,17,21,36,18.8894770507812,1
2017,6,17,21,36,20.6952600097656,1
2017,6,17,21,36,22.5009770507812,1
2017,6,17,21,36,24.3068061523437,1
2017,6,17,21,36,26.1126770019531,1
2017,6,17,21,36,27.9570871582031,1
2017,6,17,21,36,29.9284311523438,1
2017,6,17,21,36,31.7341909179687,1
2017,6,17,21,36,33.540123046875,1
2017,6,17,21,36,35.4930261230469,1
2017,6,17,21,36,37.2988869628906,1
2017,6,17,21,36,39.2927509765625,1
2017,6,17,21,36,41.2743508300781,1
2017,6,17,21,36,43.0800200195312,1
2017,6,17,21,36,45.1003959960938,1
2017,6,17,21,36,47.107208984375,1
2017,6,17,21,36,48.96058203125,1
2017,6,17,21,36,51.1348190917969,1
2017,6,17,21,36,52.940671875,1
2017,6,17,21,36,54.8289931640625,1
2017,6,17,21,36,56.7966169433594,1
2017,6,17,21,36,58.6223291015625,1
2017,6,17,21,37,0.680051025390625,1
2017,6,17,21,37,2.49911596679688,1
2017,6,17,21,37,4.411587890625,1
2017,6,17,21,37,6.27511010742187,1
2017,6,17,21,37,8.13661279296875,1
2017,6,17,21,37,10.0373488769531,1
2017,6,17,21,37,11.9450700683594,1
2017,6,17,21,37,13.8650361328125,1
2017,6,17,21,37,15.7785170898437,1
2017,6,17,21,37,17.6353098144531,1
2017,6,17,21,37,19.5240209960937,1
2017,6,17,21,37,21.4140551757813,1
2017,6,17,21,37,23.2781870117187,1
2017,6,17,21,37,25.3056928710938,1
2017,6,17,21,37,27.2504279785156,1
2017,6,17,21,37,29.0561279296875,1
2017,6,17,21,37,30.968298828125,1
2017,6,17,21,37,32.7741989746094,1
2017,6,17,21,37,34.7184499511719,1
2017,6,17,21,37,36.5241179199219,1
2017,6,17,21,37,38.3856889648438,1
2017,6,17,21,37,40.345626953125,1
2017,6,17,21,37,42.2474489746094,1
2017,6,17,21,37,44.2633718261719,1
2017,6,17,21,37,46.27612890625,1
2017,6,17,21,37,48.2573901367187,1
2017,6,17,21,37,50.1308278808594,1
2017,6,17,21,37,52.0008088378906,1
2017,6,17,21,37,54.0509208984375,1
2017,6,17,21,37,56.1344499511719,1
2017,6,17,21,37,57.9402858886719,1
2017,6,17,21,37,59.8211779785156,1
2017,6,17,21,38,1.86453784179687,1
2017,6,17,21,38,3.74510278320312,1
2017,6,17,21,38,5.6414111328125,1
2017,6,17,21,38,7.4865830078125,1
2017,6,17,21,38,9.35517309570312,1
2017,6,17,21,38,11.2051010742187,1
2017,6,17,21,38,13.0348598632813,1
2017,6,17,21,38,15.1002719726562,1
2017,6,17,21,38,16.9568068847656,1
2017,6,17,21,38,18.7625319824219,1
2017,6,17,21,38,20.798078125,1
2017,6,17,21,38,22.6039938964844,1
2017,6,17,21,38,24.4279870605469,1
2017,6,17,21,38,26.3468068847656,1
2017,6,17,21,38,28.2790749511719,1
2017,6,17,21,38,30.286451171875,1
2017,6,17,21,38,32.0923259277344,1
2017,6,17,21,38,33.9172758789063,1
2017,6,17,21,38,35.9025080566406,1
2017,6,17,21,38,37.70828515625,1
2017,6,17,21,38,39.7829020996094,1
2017,6,17,21,38,41.6475561523438,1
2017,6,17,21,38,43.4814790039063,1
2017,6,17,21,38,45.4581730957031,1
2017,6,17,21,38,47.2780791015625,1
2017,6,17,21,38,49.1940769042969,1
2017,6,17,21,38,51.0094541015625,1
2017,6,17,21,38,53.0676899414063,1
2017,6,17,21,38,54.9577780761719,1
2017,6,17,21,38,56.7842150878906,1
2017,6,17,21,38,58.6380290527344,1
2017,6,17,21,39,0.608596923828125,1
2017,6,17,21,39,2.50053491210937,1
2017,6,17,21,39,4.30635693359375,1
2017,6,17,21,39,6.27823217773437,1
2017,6,17,21,39,8.09859887695312,1
2017,6,17,21,39,9.9832490234375,1
2017,6,17,21,39,11.8990180664062,1
2017,6,17,21,39,13.7049260253906,1
2017,6,17,21,39,15.9413991699219,1
2017,6,17,21,39,17.7472829589844,1
2017,6,17,21,39,19.5932158203125,1
2017,6,17,21,39,21.5045810546875,1
2017,6,17,21,39,23.3103139648438,1
2017,6,17,21,39,25.3202800292969,1
2017,6,17,21,39,27.2278940429687,1
2017,6,17,21,39,29.0337341308594,1
2017,6,17,21,39,30.9945600585937,1
2017,6,17,21,39,32.8149760742187,1
2017,6,17,21,39,34.794876953125,1
2017,6,17,21,39,36.6790700683594,1
2017,6,17,21,39,38.4984660644531,1
2017,6,17,21,39,40.4225258789062,1
2017,6,17,21,39,42.2394030761719,1
2017,6,17,21,39,44.045375,1
2017,6,17,21,39,46.0466740722656,1
2017,6,17,21,39,48.0089099121094,1
2017,6,17,21,39,50.2599909667969,1
2017,6,17,21,39,52.24875,1
2017,6,17,21,39,54.0579709472656,1
2017,6,17,21,39,55.9012238769531,1
2017,6,17,21,39,57.7215510253906,1
2017,6,17,21,39,59.6881789550781,1
2017,6,17,21,40,1.49388696289063,1
2017,6,17,21,40,3.36827587890625,1
2017,6,17,21,40,5.3474189453125,1
2017,6,17,21,40,7.35638818359375,1
2017,6,17,21,40,9.28098803710938,1
2017,6,17,21,40,11.4694790039062,1
2017,6,17,21,40,13.3234650878906,1
2017,6,17,21,40,15.2834040527344,1
2017,6,17,21,40,17.2433610839844,1
2017,6,17,21,40,19.0491970214844,1
2017,6,17,21,40,20.8628850097656,1
2017,6,17,21,40,22.7370961914062,1
2017,6,17,21,40,24.7387380371094,1
2017,6,17,21,40,26.5521188964844,1
2017,6,17,21,40,28.4755270996094,1
2017,6,17,21,40,30.5257329101563,1
2017,6,17,21,40,32.3636311035156,1
2017,6,17,21,40,34.3768630371094,1
2017,6,17,21,40,36.2607019042969,1
2017,6,17,21,40,38.2834521484375,1
2017,6,17,21,40,40.2143259277344,1
2017,6,17,21,40,42.2225180664063,1
2017,6,17,21,40,44.042875,1
2017,6,17,21,40,45.9786359863281,1
2017,6,17,21,40,47.7962260742188,1
2017,6,17,21,40,49.6414541015625,1
2017,6,17,21,40,51.4472429199219,1
2017,6,17,21,40,53.2529240722656,1
2017,6,17,21,40,55.058712890625,1
2017,6,17,21,40,56.8645041503906,1
2017,6,17,21,40,58.6702438964844,1
2017,6,17,21,41,0.476054931640625,1
2017,6,17,21,41,2.281833984375,1
2017,6,17,21,41,4.08752612304688,1
2017,6,17,21,41,5.893255859375,1
2017,6,17,21,41,7.69892602539062,1
2017,6,17,21,41,9.50483618164063,1
2017,6,17,21,41,18.1382199707031,1
2017,6,17,21,41,19.9439909667969,1
2017,6,17,21,41,21.7496779785156,1
2017,6,17,21,41,23.5553579101562,1
2017,6,17,21,41,25.361337890625,1
2017,6,17,21,41,27.1669499511719,1
2017,6,17,21,41,28.9726491699219,1
2017,6,17,21,41,30.7786140136719,1
2017,6,17,21,41,32.5844641113281,1
2017,6,17,21,41,34.3901960449219,1
2017,6,17,21,41,36.1961040039062,1
2017,6,17,21,41,38.0021711425781,1
2017,6,17,21,41,39.8079289550781,1
2017,6,17,21,41,41.6138330078125,1
2017,6,17,21,41,43.4196379394531,1
2017,6,17,21,41,45.2254528808594,1
2017,6,17,21,41,47.031173828125,1
2017,6,17,21,41,48.8370029296875,1
2017,6,17,21,41,50.6426899414063,1
2017,6,17,21,41,52.4485620117187,1
2017,6,17,21,41,54.2542419433594,1
2017,6,17,21,41,56.0600649414063,1
2017,6,17,21,41,57.8657971191406,1
2017,6,17,21,41,59.6716489257812,1
2017,6,17,21,42,1.47732299804687,1
2017,6,17,21,42,3.282994140625,1
2017,6,17,21,42,5.0888310546875,1
2017,6,17,21,42,6.89451611328125,1
2017,6,17,21,42,8.70042114257813,1
2017,6,17,21,42,10.5063459472656,1
2017,6,17,21,42,12.3120151367188,1
2017,6,17,21,42,14.1177758789063,1
2017,6,17,21,42,15.9235571289062,1
2017,6,17,21,42,17.7294509277344,1
2017,6,17,21,42,19.5352658691406,1
2017,6,17,21,42,21.3411628417969,1
2017,6,17,21,42,23.146873046875,1
2017,6,17,21,42,24.9528669433594,1
2017,6,17,21,42,26.7585161132812,1
2017,6,17,21,42,28.5643540039062,1
2017,6,17,21,42,30.3701040039062,1
2017,6,17,21,42,32.1758540039063,1
2017,6,17,21,42,33.9817768554688,1
2017,6,17,21,42,35.7877341308594,1
2017,6,17,21,42,37.5935129394531,1
2017,6,17,21,42,39.3992309570312,1
2017,6,17,21,42,41.2049270019531,1
2017,6,17,21,42,43.0108449707031,1
2017,6,17,21,42,44.8167590332031,1
2017,6,17,21,42,46.6225749511719,1
2017,6,17,21,42,48.428251953125,1
2017,6,17,21,42,50.4417329101562,1
2017,6,17,21,42,52.398744140625,1
2017,6,17,21,42,54.3015698242188,1
2017,6,17,21,42,56.1074709472656,1
2017,6,17,21,42,57.9131911621094,1
2017,6,17,21,42,59.8302358398438,1
2017,6,17,21,43,1.68322387695313,1
2017,6,17,21,43,3.49446020507812,1
2017,6,17,21,43,5.35323681640625,1
2017,6,17,21,43,7.28784790039063,1
2017,6,17,21,43,9.093873046875,1
2017,6,17,21,43,10.918291015625,1
2017,6,17,21,43,12.7835842285156,1
2017,6,17,21,43,14.7026728515625,1
2017,6,17,21,43,16.5086069335938,1
2017,6,17,21,43,18.3144560546875,1
2017,6,17,21,43,20.3924250488281,1
2017,6,17,21,43,22.2618579101563,1
2017,6,17,21,43,24.0770649414062,1
2017,6,17,21,43,25.9176940917969,1
2017,6,17,21,43,27.80825,1
2017,6,17,21,43,29.7177561035156,1
2017,6,17,21,43,31.5346101074219,1
2017,6,17,21,43,33.3401721191406,1
2017,6,17,21,43,35.4304880371094,1
2017,6,17,21,43,37.3352858886719,1
2017,6,17,21,43,39.2855610351562,1
2017,6,17,21,43,41.3287290039062,1
2017,6,17,21,43,43.1344599609375,1
2017,6,17,21,43,45.0070759277344,1
2017,6,17,21,43,46.8129748535156,1
2017,6,17,21,43,48.6754899902344,1
2017,6,17,21,43,50.6335051269531,1
2017,6,17,21,43,52.512494140625,1
2017,6,17,21,43,54.4718771972656,1
2017,6,17,21,43,56.3058229980469,1
2017,6,17,21,43,58.1230927734375,1
2017,6,17,21,44,0.020512939453125,1
2017,6,17,21,44,1.91585986328125,1
2017,6,17,21,44,3.75975610351562,1
2017,6,17,21,44,5.6339208984375,1
2017,6,17,21,44,7.54860205078125,1
2017,6,17,21,44,9.41989208984375,1
2017,6,17,21,44,11.3063701171875,1
2017,6,17,21,44,13.1122890625,1
2017,6,17,21,44,15.1884169921875,1
2017,6,17,21,44,16.9943630371094,2
2017,6,17,21,44,19.0707609863281,2
2017,6,17,21,44,21.14637890625,2
2017,6,17,21,44,22.9664379882812,2
2017,6,17,21,44,24.8721450195312,2
2017,6,17,21,44,26.7146220703125,2
2017,6,17,21,44,28.5510249023438,2
2017,6,17,21,44,30.4548969726563,2
2017,6,17,21,44,32.2607810058594,2
2017,6,17,21,44,34.2313918457031,2
2017,6,17,21,44,36.0373549804687,2
2017,6,17,21,44,37.8946799316406,2
2017,6,17,21,44,39.8285961914062,2
2017,6,17,21,44,41.7274799804688,2
2017,6,17,21,44,43.5333850097656,2
2017,6,17,21,44,45.3745720214844,2
2017,6,17,21,44,47.3088449707031,2
2017,6,17,21,44,49.1504260253906,2
2017,6,17,21,44,51.0322639160156,2
2017,6,17,21,44,52.8447170410156,2
2017,6,17,21,44,54.84967578125,2
2017,6,17,21,44,56.8004538574219,2
2017,6,17,21,44,58.7103269042969,2
2017,6,17,21,45,0.774720947265625,2
2017,6,17,21,45,2.62360815429687,2
2017,6,17,21,45,4.50095385742187,2
2017,6,17,21,45,6.30705297851562,2
2017,6,17,21,45,8.27156591796875,1
2017,6,17,21,45,10.0774790039062,1
2017,6,17,21,45,11.9377189941406,1
2017,6,17,21,45,13.7600900878906,1
2017,6,17,21,45,15.6832248535156,1
2017,6,17,21,45,17.5617458496094,1
2017,6,17,21,45,19.6428088378906,1
2017,6,17,21,45,21.6058098144531,1
2017,6,17,21,45,23.5137639160156,1
2017,6,17,21,45,25.3542021484375,1
2017,6,17,21,45,27.1599172363281,1
2017,6,17,21,45,29.0091938476562,1
2017,6,17,21,45,31.1062368164062,1
2017,6,17,21,45,33.0182829589844,1
2017,6,17,21,45,34.9941049804687,1
2017,6,17,21,45,36.7999599609375,1
2017,6,17,21,45,38.6485021972656,1
2017,6,17,21,45,40.62012109375,1
2017,6,17,21,45,42.4302248535156,1
2017,6,17,21,45,44.3137231445313,1
2017,6,17,21,45,46.1217141113281,1
2017,6,17,21,45,47.9886811523438,1
2017,6,17,21,45,50.1319279785156,1
2017,6,17,21,45,52.02324609375,1
2017,6,17,21,45,53.9360209960938,1
2017,6,17,21,45,56.15529296875,1
2017,6,17,21,45,57.9925871582031,1
2017,6,17,21,45,59.9985930175781,1
2017,6,17,21,46,1.8060751953125,1
2017,6,17,21,46,3.66907104492187,1
2017,6,17,21,46,5.61793994140625,1
2017,6,17,21,46,7.54512084960937,1
2017,6,17,21,46,9.36985498046875,1
2017,6,17,21,46,11.1755739746094,1
2017,6,17,21,46,12.9875629882812,1
2017,6,17,21,46,15.4475529785156,1
2017,6,17,21,46,17.3040720214844,1
2017,6,17,21,46,19.3269140625,1
2017,6,17,21,46,21.309705078125,1
2017,6,17,21,46,23.4598510742188,1
2017,6,17,21,46,25.3337890625,1
2017,6,17,21,46,27.1550280761719,1
2017,6,17,21,46,29.0307951660156,1
2017,6,17,21,46,30.9402709960938,1
2017,6,17,21,46,32.9334851074219,1
2017,6,17,21,46,35.1376708984375,1
2017,6,17,21,46,37.0000031738281,1
2017,6,17,21,46,38.8230930175781,1
2017,6,17,21,46,40.8122448730469,1
2017,6,17,21,46,42.6916967773438,1
2017,6,17,21,46,44.5235310058594,1
2017,6,17,21,46,46.3658349609375,1
2017,6,17,21,46,48.3114580078125,1
2017,6,17,21,46,50.4356237792969,1
2017,6,17,21,46,52.2414169921875,1
2017,6,17,21,46,54.2319399414063,1
2017,6,17,21,46,56.0390361328125,1
2017,6,17,21,46,58.1607229003906,1
2017,6,17,21,47,0.028419921875,1
2017,6,17,21,47,1.83431591796875,1
2017,6,17,21,47,3.65169897460938,1
2017,6,17,21,47,5.47511499023437,1
2017,6,17,21,47,7.32039819335937,1
2017,6,17,21,47,9.31034814453125,1
2017,6,17,21,47,10.9961469726563,1
2017,6,17,21,47,12.9510939941406,1
2017,6,17,21,47,15.0128269042969,1
2017,6,17,21,47,16.9826418457031,1
2017,6,17,21,47,19.0118020019531,1
2017,6,17,21,47,20.9858459472656,1
2017,6,17,21,47,22.8718669433594,1
2017,6,17,21,47,24.8319169921875,1
2017,6,17,21,47,26.7766870117187,1
2017,6,17,21,47,28.5878779296875,1
2017,6,17,21,47,30.5510400390625,1
2017,6,17,21,47,32.4225358886719,1
2017,6,17,21,47,34.4131301269531,1
2017,6,17,21,47,36.3143430175781,1
2017,6,17,21,47,38.2827849121094,1
2017,6,17,21,47,40.1191889648438,1
2017,6,17,21,47,41.9818588867187,1
2017,6,17,21,47,43.9218840332031,1
2017,6,17,21,47,45.8557700195312,1
2017,6,17,21,47,47.6826630859375,1
2017,6,17,21,47,49.5450361328125,1
2017,6,17,21,47,51.4091931152344,1
2017,6,17,21,47,53.3122780761719,1
2017,6,17,21,47,55.1543920898438,0
2017,6,17,21,47,57.2304001464844,0
2017,6,17,21,47,59.0361740722656,0
2017,6,17,21,48,0.955841064453125,0
2017,6,17,21,48,2.76180297851562,0
2017,6,17,21,48,4.83722485351563,0
2017,6,17,21,48,6.72251000976562,0
2017,6,17,21,48,8.528412109375,0
2017,6,17,21,48,10.4712250976562,0
2017,6,17,21,48,12.378375,0
2017,6,17,21,48,14.1841450195313,0
2017,6,17,21,48,16.05295703125,0
2017,6,17,21,48,18.1191359863281,0
2017,6,17,21,48,19.9967810058594,0
2017,6,17,21,48,21.916373046875,0
2017,6,17,21,48,23.80941796875,0
2017,6,17,21,48,25.8053911132812,0
2017,6,17,21,48,27.7018859863281,0
2017,6,17,21,48,29.5645849609375,0
2017,6,17,21,48,31.3872399902344,0
2017,6,17,21,48,33.2149880371094,0
2017,6,17,21,48,35.1651059570313,0
2017,6,17,21,48,36.9708107910156,0
2017,6,17,21,48,38.7853342285156,0
2017,6,17,21,48,40.9000100097656,0
2017,6,17,21,48,42.7509719238281,0
2017,6,17,21,48,44.6235300292969,0
2017,6,17,21,48,46.5436899414062,0
2017,6,17,21,48,48.3496611328125,0
2017,6,17,21,48,50.2478071289063,0
2017,6,17,21,48,52.1321789550781,0
2017,6,17,21,48,53.9845380859375,0
2017,6,17,21,48,55.99995703125,0
2017,6,17,21,48,57.8237390136719,0
2017,6,17,21,48,59.72937109375,0
2017,6,17,21,49,1.53506396484375,0
2017,6,17,21,49,3.3409130859375,0
2017,6,17,21,49,5.322166015625,0
2017,6,17,21,49,7.71915795898437,0
2017,6,17,21,49,9.52994702148438,0
2017,6,17,21,49,11.5296140136719,0
2017,6,17,21,49,13.4919260253906,0
2017,6,17,21,49,15.3145129394531,0
2017,6,17,21,49,17.3535200195312,0
2017,6,17,21,49,19.3314270019531,0
2017,6,17,21,49,21.3150339355469,0
2017,6,17,21,49,23.1207690429687,0
2017,6,17,21,49,25.007705078125,0
2017,6,17,21,49,27.2167810058594,0
2017,6,17,21,49,29.0227280273437,0
2017,6,17,21,49,31.13337890625,0
2017,6,17,21,49,33.0018588867188,0
2017,6,17,21,49,34.9102980957031,0
2017,6,17,21,49,36.7249140625,0
2017,6,17,21,49,38.5672778320313,0
2017,6,17,21,49,40.4777209472656,0
2017,6,17,21,49,42.3338630371094,0
2017,6,17,21,49,44.3488569335938,0
2017,6,17,21,49,46.36220703125,0
2017,6,17,21,49,48.3153701171875,0
2017,6,17,21,49,50.1212529296875,0
2017,6,17,21,49,52.0611411132813,0
2017,6,17,21,49,53.9653859863281,0
2017,6,17,21,49,55.8139948730469,0
2017,6,17,21,49,57.6976408691406,0
2017,6,17,21,49,59.6268369140625,0
2017,6,17,21,50,1.53920385742187,0
2017,6,17,21,50,3.34513891601563,0
2017,6,17,21,50,5.34510791015625,0
2017,6,17,21,50,7.46440014648438,0
2017,6,17,21,50,9.31598706054688,0
2017,6,17,21,50,11.2026779785156,0
2017,6,17,21,50,13.2045080566406,0
2017,6,17,21,50,15.0329069824219,0
2017,6,17,21,50,16.9670129394531,0
2017,6,17,21,50,18.7727829589844,0
2017,6,17,21,50,20.7302900390625,0
2017,6,17,21,50,22.5360600585938,0
2017,6,17,21,50,24.5753549804687,0
2017,6,17,21,50,26.5243100585937,0
2017,6,17,21,50,28.3301850585937,0
2017,6,17,21,50,30.20791015625,0
2017,6,17,21,50,32.1599440917969,0
2017,6,17,21,50,33.96571484375,0
2017,6,17,21,50,35.8727009277344,0
2017,6,17,21,50,37.6966030273437,1
2017,6,17,21,50,39.8205949707031,1
2017,6,17,21,50,41.7067202148437,1
2017,6,17,21,50,43.5212319335937,1
2017,6,17,21,50,45.5128059082031,1
2017,6,17,21,50,47.3185310058594,1
2017,6,17,21,50,49.1621989746094,1
2017,6,17,21,50,51.2392639160156,1
2017,6,17,21,50,53.0451301269531,1
2017,6,17,21,50,54.9220419921875,1
2017,6,17,21,50,56.8511760253906,1
2017,6,17,21,50,58.7481149902344,1
2017,6,17,21,51,0.587193115234375,1
2017,6,17,21,51,2.51931909179687,1
2017,6,17,21,51,4.48065405273437,1
2017,6,17,21,51,6.31747998046875,1
2017,6,17,21,51,8.13260107421875,1
2017,6,17,21,51,10.1718669433594,1
2017,6,17,21,51,11.9776779785156,1
2017,6,17,21,51,13.819916015625,1
2017,6,17,21,51,15.7231518554687,1
2017,6,17,21,51,17.5548569335938,1
2017,6,17,21,51,19.3757761230469,1
2017,6,17,21,51,21.3049541015625,1
2017,6,17,21,51,23.2692739257812,1
2017,6,17,21,51,25.158080078125,1
2017,6,17,21,51,27.120953125,1
2017,6,17,21,51,28.9779780273437,1
2017,6,17,21,51,30.8401730957031,1
2017,6,17,21,51,32.6880668945312,1
2017,6,17,21,51,34.6210078125,1
2017,6,17,21,51,36.4547270507813,1
2017,6,17,21,51,38.3355041503906,1
2017,6,17,21,51,40.5571711425781,1
2017,6,17,21,51,42.4008139648437,1
2017,6,17,21,51,44.6844079589844,1
2017,6,17,21,51,46.5999018554688,1
2017,6,17,21,51,48.4057961425781,1
2017,6,17,21,51,50.4699331054687,1
2017,6,17,21,51,52.3187399902344,1
2017,6,17,21,51,54.1667668457031,1
2017,6,17,21,51,56.0643188476563,1
2017,6,17,21,51,57.9821140136719,1
2017,6,17,21,52,0.199589111328125,1
2017,6,17,21,52,2.00528588867187,1
2017,6,17,21,52,3.8112138671875,1
2017,6,17,21,52,5.78689599609375,1
2017,6,17,21,52,7.66899609375,1
2017,6,17,21,52,9.62092309570312,1
2017,6,17,21,52,11.4518288574219,1
2017,6,17,21,52,13.3197529296875,1
2017,6,17,21,52,15.31266796875,1
2017,6,17,21,52,17.1215510253906,1
2017,6,17,21,52,19.0429609375,1
2017,6,17,21,52,21.1110009765625,1
2017,6,17,21,52,23.0051301269531,1
2017,6,17,21,52,24.9749440917969,1
2017,6,17,21,52,27.0549799804688,1
2017,6,17,21,52,28.8950419921875,1
2017,6,17,21,52,30.7494521484375,1
2017,6,17,21,52,32.5553369140625,1
2017,6,17,21,52,34.4315900878906,1
2017,6,17,21,52,36.2998430175781,1
2017,6,17,21,52,38.1058081054688,1
2017,6,17,21,52,40.1345109863281,1
2017,6,17,21,52,41.9801120605469,1
2017,6,17,21,52,43.7859919433594,1
2017,6,17,21,52,45.7725520019531,1
2017,6,17,21,52,47.5784350585937,1
2017,6,17,21,52,49.5157648925781,1
2017,6,17,21,52,51.4136098632813,1
2017,6,17,21,52,53.3203781738281,1
2017,6,17,21,52,55.1939089355469,1
2017,6,17,21,52,57.0792729492187,1
2017,6,17,21,52,58.970416015625,1
2017,6,17,21,53,0.917537841796875,1
2017,6,17,21,53,2.7613310546875,1
2017,6,17,21,53,4.647669921875,1
2017,6,17,21,53,6.53952685546875,1
2017,6,17,21,53,8.34543383789062,1
2017,6,17,21,53,10.306166015625,1
2017,6,17,21,53,12.5135590820313,1
2017,6,17,21,53,14.324125,1
2017,6,17,21,53,16.1389250488281,1
2017,6,17,21,53,18.0105090332031,1
2017,6,17,21,53,19.9829470214844,1
2017,6,17,21,53,21.8369279785156,1
2017,6,17,21,53,23.7226960449219,1
2017,6,17,21,53,25.6289880371094,1
2017,6,17,21,53,27.4923520507812,1
2017,6,17,21,53,29.7212409667969,0
2017,6,17,21,53,31.6306701660156,0
2017,6,17,21,53,33.4439541015625,0
2017,6,17,21,53,35.5519868164062,0
2017,6,17,21,53,37.3578178710938,0
2017,6,17,21,53,39.327580078125,0
2017,6,17,21,53,41.1684812011719,0
2017,6,17,21,53,43.0574169921875,0
2017,6,17,21,53,45.087794921875,0
2017,6,17,21,53,46.9528059082031,0
2017,6,17,21,53,48.8914770507812,0
2017,6,17,21,53,50.9272329101562,0
2017,6,17,21,53,52.7783359375,0
2017,6,17,21,53,54.6778139648438,0
2017,6,17,21,53,56.6219499511719,0
2017,6,17,21,53,58.4345180664062,0
2017,6,17,21,54,0.30706494140625,0
2017,6,17,21,54,2.25918383789063,0
2017,6,17,21,54,4.16986791992187,0
2017,6,17,21,54,6.07270190429688,0
2017,6,17,21,54,8.0534599609375,0
2017,6,17,21,54,10.0362470703125,0
2017,6,17,21,54,11.972462890625,0
2017,6,17,21,54,13.7852880859375,0
2017,6,17,21,54,15.8118588867187,0
2017,6,17,21,54,17.6884838867187,0
2017,6,17,21,54,19.6504580078125,0
2017,6,17,21,54,21.6292819824219,0
2017,6,17,21,54,23.5235568847656,0
2017,6,17,21,54,25.33433203125,0
2017,6,17,21,54,27.3234379882812,0
2017,6,17,21,54,29.1292939453125,0
2017,6,17,21,54,31.0129580078125,0
2017,6,17,21,54,32.9924741210937,0
2017,6,17,21,54,35.0115859375,0
2017,6,17,21,54,36.8530070800781,0
2017,6,17,21,54,38.7132248535156,0
2017,6,17,21,54,40.6827568359375,0
2017,6,17,21,54,42.5287639160156,0
2017,6,17,21,54,44.5313740234375,0
2017,6,17,21,54,46.5765129394531,0
2017,6,17,21,54,48.4602749023437,0
2017,6,17,21,54,50.3403588867187,0
2017,6,17,21,54,52.2271149902344,0
2017,6,17,21,54,54.0600200195313,0
2017,6,17,21,54,55.909791015625,0
2017,6,17,21,54,57.9080610351563,0
2017,6,17,21,54,59.7645539550781,0
2017,6,17,21,55,1.5771201171875,0
2017,6,17,21,55,3.442962890625,0
2017,6,17,21,55,5.30657592773438,0
2017,6,17,21,55,7.19140698242188,0
2017,6,17,21,55,9.04182421875,0
2017,6,17,21,55,10.9521870117188,0
2017,6,17,21,55,12.7584619140625,0
2017,6,17,21,55,14.6427578125,0
2017,6,17,21,55,16.5400478515625,0
2017,6,17,21,55,18.3459028320312,0
2017,6,17,21,55,20.5562409667969,0
2017,6,17,21,55,22.3621840820312,0
2017,6,17,21,55,24.582623046875,0
2017,6,17,21,55,26.4705268554688,0
2017,6,17,21,55,28.3258959960937,0
2017,6,17,21,55,30.3240629882812,0
2017,6,17,21,55,32.1407312011719,0
2017,6,17,21,55,34.0162270507812,0
2017,6,17,21,55,36.0474860839844,0
2017,6,17,21,55,37.85366015625,0
2017,6,17,21,55,39.770423828125,0
2017,6,17,21,55,41.5762670898438,0
2017,6,17,21,55,43.4148728027344,0
2017,6,17,21,55,45.3329111328125,0
2017,6,17,21,55,47.1386052246094,0
2017,6,17,21,55,49.0143969726563,0
2017,6,17,21,55,50.9216279296875,0
2017,6,17,21,55,52.8494428710937,0
2017,6,17,21,55,54.9439060058594,0
2017,6,17,21,55,56.8889611816406,0
2017,6,17,21,55,58.7830458984375,0
2017,6,17,21,56,0.815975830078125,0
2017,6,17,21,56,2.750958984375,0
2017,6,17,21,56,4.80009497070312,0
2017,6,17,21,56,6.69560913085938,0
2017,6,17,21,56,8.54220288085937,0
2017,6,17,21,56,10.4007780761719,0
2017,6,17,21,56,12.3259221191406,0
2017,6,17,21,56,14.3095068359375,0
2017,6,17,21,56,16.1155400390625,0
2017,6,17,21,56,17.9959108886719,0
2017,6,17,21,56,19.8898959960937,0
2017,6,17,21,56,21.8419340820313,0
2017,6,17,21,56,23.7060539550781,0
2017,6,17,21,56,25.5173449707031,0
2017,6,17,21,56,27.35166796875,0
2017,6,17,21,56,29.3476611328125,0
2017,6,17,21,56,31.1575300292969,0
2017,6,17,21,56,33.0431569824219,0
2017,6,17,21,56,35.0639291992187,0
2017,6,17,21,56,36.8697829589844,0
2017,6,17,21,56,38.7166398925781,0
2017,6,17,21,56,40.6360080566406,0
2017,6,17,21,56,42.5248850097656,0
2017,6,17,21,56,44.3555751953125,0
2017,6,17,21,56,46.1614069824219,0
2017,6,17,21,56,48.0843862304688,0
2017,6,17,21,56,50.0268020019531,0
2017,6,17,21,56,52.1096459960937,0
2017,6,17,21,56,53.9154118652344,0
2017,6,17,21,56,55.8833972167969,0
2017,6,17,21,56,57.9428811035156,0
2017,6,17,21,56,59.7967209472656,0
2017,6,17,21,57,1.65952709960937,0
2017,6,17,21,57,3.52939892578125,0
2017,6,17,21,57,5.44288208007812,0
2017,6,17,21,57,7.33788598632812,0
2017,6,17,21,57,9.38139697265625,0
2017,6,17,21,57,11.3276311035156,0
2017,6,17,21,57,13.2269089355469,0
2017,6,17,21,57,15.132826171875,0
2017,6,17,21,57,16.9976520996094,0
2017,6,17,21,57,18.9278149414063,0
2017,6,17,21,57,20.865873046875,0
2017,6,17,21,57,22.729416015625,0
2017,6,17,21,57,24.5623820800781,0
2017,6,17,21,57,26.4555170898437,0
2017,6,17,21,57,28.3179560546875,0
2017,6,17,21,57,30.1238869628906,0
2017,6,17,21,57,32.0029931640625,0
2017,6,17,21,57,33.9198488769531,0
2017,6,17,21,57,35.9277570800781,0
2017,6,17,21,57,37.7607529296875,0
2017,6,17,21,57,39.5664560546875,0
2017,6,17,21,57,41.4094638671875,0
2017,6,17,21,57,43.3285141601563,0
2017,6,17,21,57,45.3336730957031,0
2017,6,17,21,57,47.3303898925781,0
2017,6,17,21,57,49.1992790527344,0
2017,6,17,21,57,51.0565319824219,0
2017,6,17,21,57,53.0095439453125,0
2017,6,17,21,57,54.89999609375,0
2017,6,17,21,57,56.85283984375,0
2017,6,17,21,57,58.7123251953125,0
2017,6,17,21,58,0.518349853515625,0
2017,6,17,21,58,2.32422387695313,0
2017,6,17,21,58,4.12998999023437,0
2017,6,17,21,58,5.935703125,0
2017,6,17,21,58,7.741578125,0
2017,6,17,21,58,9.54743505859375,0
2017,6,17,21,58,11.3531740722656,0
2017,6,17,21,58,13.1592209472656,0
2017,6,17,21,58,14.9650729980469,0
2017,6,17,21,58,16.7708581542969,0
2017,6,17,21,58,18.5766770019531,0
2017,6,17,21,58,20.3824450683594,0
2017,6,17,21,58,22.1883559570312,0
2017,6,17,21,58,23.9941931152344,0
2017,6,17,21,58,25.7999870605469,0
2017,6,17,21,58,27.611041015625,0
2017,6,17,21,58,29.4169641113281,0
2017,6,17,21,58,31.2227111816406,0
2017,6,17,21,58,33.0284460449219,0
2017,6,17,21,58,34.8343452148438,0
2017,6,17,21,58,36.6402399902344,0
2017,6,17,21,58,38.446,0
2017,6,17,21,58,40.2516999511719,0
2017,6,17,21,58,42.0576040039062,0
2017,6,17,21,58,43.8634938964844,0
2017,6,17,21,58,45.6695607910156,0
2017,6,17,21,58,47.5200441894531,0
2017,6,17,21,58,49.5766921386719,0
2017,6,17,21,58,51.5383969726563,0
2017,6,17,21,58,53.351330078125,0
2017,6,17,21,58,55.5709680175781,0
