Year,Month,Day,Hour,Minute,Second,Classification
2017,6,16,18,24,53.8047270507813,0
2017,6,16,18,24,55.6104331054688,0
2017,6,16,18,24,57.4161279296875,0
2017,6,16,18,24,59.2218271484375,0
2017,6,16,18,25,1.0277099609375,0
2017,6,16,18,25,2.83347607421875,0
2017,6,16,18,25,4.63942504882812,0
2017,6,16,18,25,6.44528198242188,0
2017,6,16,18,25,8.250951171875,0
2017,6,16,18,25,10.05691015625,0
2017,6,16,18,25,11.862828125,0
2017,6,16,18,25,13.668662109375,0
2017,6,16,18,25,15.4743249511719,0
2017,6,16,18,25,17.2800930175781,0
2017,6,16,18,25,19.0861159667969,0
2017,6,16,18,25,20.8918918457031,0
2017,6,16,18,25,22.6976640625,0
2017,6,16,18,25,24.5034379882812,0
2017,6,16,18,25,26.3093310546875,0
2017,6,16,18,25,28.1183627929687,0
2017,6,16,18,25,29.9241188964844,0
2017,6,16,18,25,31.7300749511719,0
2017,6,16,18,25,33.5360910644531,0
2017,6,16,18,25,35.3416970214844,0
2017,6,16,18,25,37.1474809570312,0
2017,6,16,18,25,38.9533669433594,0
2017,6,16,18,25,40.7593129882813,0
2017,6,16,18,25,42.5650029296875,0
2017,6,16,18,25,44.3707810058594,0
2017,6,16,18,25,46.1765529785156,0
2017,6,16,18,25,47.9822370605469,0
2017,6,16,18,25,49.7879450683594,0
2017,6,16,18,25,51.59378515625,0
2017,6,16,18,25,53.3997309570313,0
2017,6,16,18,25,55.2054450683594,0
2017,6,16,18,25,57.0111459960938,0
2017,6,16,18,25,58.81712109375,0
2017,6,16,18,26,0.622802001953125,0
2017,6,16,18,26,2.4287041015625,0
2017,6,16,18,26,4.23461596679688,0
2017,6,16,18,26,6.04047387695312,0
2017,6,16,18,26,7.8462470703125,0
2017,6,16,18,26,9.65214990234375,0
2017,6,16,18,26,11.45791015625,0
2017,6,16,18,26,13.2638581542969,0
2017,6,16,18,26,15.0695952148437,0
2017,6,16,18,26,16.8753591308594,0
2017,6,16,18,26,18.6810869140625,0
2017,6,16,18,26,20.4867470703125,0
2017,6,16,18,26,22.2925710449219,0
2017,6,16,18,26,24.0982758789063,0
2017,6,16,18,26,25.9039350585937,0
2017,6,16,18,26,27.7097312011719,0
2017,6,16,18,26,29.5155170898438,0
2017,6,16,18,26,31.3212658691406,0
2017,6,16,18,26,33.1271311035156,0
2017,6,16,18,26,34.9328430175781,0
2017,6,16,18,26,36.7386159667969,0
2017,6,16,18,26,38.5445129394531,0
2017,6,16,18,26,40.3501948242187,0
2017,6,16,18,26,42.1560920410156,0
2017,6,16,18,26,43.9620310058594,0
2017,6,16,18,26,45.7680510253906,0
2017,6,16,18,26,47.5739060058594,0
2017,6,16,18,26,49.3798671875,0
2017,6,16,18,26,51.1857109375,0
2017,6,16,18,26,53.0021118164062,0
2017,6,16,18,26,54.8078569335937,0
2017,6,16,18,26,56.6136860351562,0
2017,6,16,18,26,58.4193649902344,0
2017,6,16,18,27,0.225179931640625,0
2017,6,16,18,27,2.03084204101562,0
2017,6,16,18,27,3.83678515625,0
2017,6,16,18,27,5.64270703125,0
2017,6,16,18,27,7.44873681640625,0
2017,6,16,18,27,9.25463891601562,0
2017,6,16,18,27,11.0604030761719,0
2017,6,16,18,27,12.866087890625,0
2017,6,16,18,27,14.6720180664063,0
2017,6,16,18,27,16.4777390136719,0
2017,6,16,18,27,18.283705078125,0
2017,6,16,18,27,20.0895200195312,0
2017,6,16,18,27,21.8954079589844,0
2017,6,16,18,27,23.7013449707031,0
2017,6,16,18,27,25.50712890625,0
2017,6,16,18,27,27.3130668945313,0
2017,6,16,18,27,29.1190620117187,0
2017,6,16,18,27,30.9247600097656,0
2017,6,16,18,27,32.7305541992188,0
2017,6,16,18,27,34.5363310546875,0
2017,6,16,18,27,36.3422438964844,0
2017,6,16,18,27,38.1481479492188,0
2017,6,16,18,27,39.9540251464844,0
2017,6,16,18,27,41.7599721679687,0
2017,6,16,18,27,43.5659150390625,0
2017,6,16,18,27,45.3718310546875,0
2017,6,16,18,27,47.1775478515625,0
2017,6,16,18,27,48.9834211425781,0
2017,6,16,18,27,50.7890971679687,0
2017,6,16,18,27,52.5948930664063,0
2017,6,16,18,27,54.4007019042969,0
2017,6,16,18,27,56.20654296875,0
2017,6,16,18,27,58.0123811035156,0
2017,6,16,18,27,59.8181770019531,0
2017,6,16,18,28,1.624001953125,0
2017,6,16,18,28,3.43003295898438,0
2017,6,16,18,28,5.235876953125,0
2017,6,16,18,28,7.0415791015625,0
2017,6,16,18,28,8.84740209960938,0
2017,6,16,18,28,10.653162109375,0
2017,6,16,18,28,12.4590170898437,0
2017,6,16,18,28,14.2647619628906,0
2017,6,16,18,28,16.0707009277344,0
2017,6,16,18,28,17.8765930175781,0
2017,6,16,18,28,19.682337890625,0
2017,6,16,18,28,21.4881079101562,0
2017,6,16,18,28,23.2939760742188,0
2017,6,16,18,28,25.0999428710937,0
2017,6,16,18,28,26.9057199707031,0
2017,6,16,18,28,28.7116721191406,0
2017,6,16,18,28,30.5173559570312,0
2017,6,16,18,28,32.3230700683594,0
2017,6,16,18,28,34.1288190917969,0
2017,6,16,18,28,35.9346770019531,0
2017,6,16,18,28,37.7403759765625,0
2017,6,16,18,28,39.546208984375,0
2017,6,16,18,28,41.3520478515625,0
2017,6,16,18,28,43.1577319335938,0
2017,6,16,18,28,44.9635988769531,0
2017,6,16,18,28,46.7694699707031,0
2017,6,16,18,28,48.5751938476563,0
2017,6,16,18,28,50.3812290039062,0
2017,6,16,18,28,52.1869340820313,0
2017,6,16,18,28,53.9927800292969,0
2017,6,16,18,28,55.7985681152344,0
2017,6,16,18,28,57.6042990722656,0
2017,6,16,18,28,59.4101818847656,0
2017,6,16,18,29,1.21613916015625,0
2017,6,16,18,29,3.02201196289063,0
2017,6,16,18,29,4.82772314453125,0
2017,6,16,18,29,6.6335771484375,0
2017,6,16,18,29,8.4393779296875,0
2017,6,16,18,29,10.2451420898437,0
2017,6,16,18,29,12.0510400390625,1
2017,6,16,18,29,13.85687890625,1
2017,6,16,18,29,15.66283203125,1
2017,6,16,18,29,17.4687041015625,1
2017,6,16,18,29,19.2744328613281,1
2017,6,16,18,29,21.0801940917969,1
2017,6,16,18,29,22.8858520507812,1
2017,6,16,18,29,24.6915432128906,1
2017,6,16,18,29,26.4974360351563,1
2017,6,16,18,29,28.3031159667969,1
2017,6,16,18,29,30.1087958984375,1
2017,6,16,18,29,31.9144541015625,1
2017,6,16,18,29,33.7203520507813,1
2017,6,16,18,29,35.5262958984375,1
2017,6,16,18,29,37.3321899414062,1
2017,6,16,18,29,39.1379079589844,1
2017,6,16,18,29,40.943630859375,1
2017,6,16,18,29,42.749587890625,1
2017,6,16,18,29,44.5554909667969,1
2017,6,16,18,29,46.3611870117187,1
2017,6,16,18,29,48.1671291503906,1
2017,6,16,18,29,49.9730288085938,1
2017,6,16,18,29,51.7787180175781,1
2017,6,16,18,29,53.5844150390625,1
2017,6,16,18,29,55.3902849121094,1
2017,6,16,18,29,57.1959641113281,1
2017,6,16,18,29,59.00175,1
2017,6,16,18,30,0.807626953125,1
2017,6,16,18,30,2.61344409179687,1
2017,6,16,18,30,4.41934716796875,1
2017,6,16,18,30,6.22500708007813,1
2017,6,16,18,30,8.03071411132813,1
2017,6,16,18,30,9.83652099609375,1
2017,6,16,18,30,11.6422980957031,1
2017,6,16,18,30,13.4479729003906,1
2017,6,16,18,30,15.2539411621094,1
2017,6,16,18,30,17.0598408203125,1
2017,6,16,18,30,18.8657189941406,1
2017,6,16,18,30,20.6715458984375,1
2017,6,16,18,30,22.477451171875,1
2017,6,16,18,30,24.283505859375,1
2017,6,16,18,30,26.0892919921875,1
2017,6,16,18,30,27.8949658203125,1
2017,6,16,18,30,29.7006550292969,1
2017,6,16,18,30,31.5065629882812,1
2017,6,16,18,30,33.3122690429688,1
2017,6,16,18,30,35.1179750976562,1
2017,6,16,18,30,36.9239040527344,1
2017,6,16,18,30,38.7297858886719,1
2017,6,16,18,30,40.5356909179688,1
2017,6,16,18,30,42.3414489746094,1
2017,6,16,18,30,44.1471059570313,1
2017,6,16,18,30,45.9529709472656,1
2017,6,16,18,30,47.7586418457031,1
2017,6,16,18,30,49.5644729003906,1
2017,6,16,18,30,51.3702890625,1
2017,6,16,18,30,53.175955078125,1
2017,6,16,18,30,54.9816547851563,1
2017,6,16,18,30,56.7876079101562,1
2017,6,16,18,30,58.5935100097656,1
2017,6,16,18,31,0.39939404296875,1
2017,6,16,18,31,2.20521215820312,1
2017,6,16,18,31,4.01104223632812,1
2017,6,16,18,31,5.8169501953125,1
2017,6,16,18,31,7.62282104492188,1
2017,6,16,18,31,9.428744140625,1
2017,6,16,18,31,11.2346650390625,1
2017,6,16,18,31,13.0402770996094,1
2017,6,16,18,31,14.8462277832031,1
2017,6,16,18,31,16.6521430664062,1
2017,6,16,18,31,18.4579670410156,1
2017,6,16,18,31,20.2637380371094,1
2017,6,16,18,31,22.0694858398438,1
2017,6,16,18,31,23.875498046875,1
2017,6,16,18,31,25.6813190917969,1
2017,6,16,18,31,27.4871369628906,1
2017,6,16,18,31,29.2928627929688,1
2017,6,16,18,31,31.0985510253906,1
2017,6,16,18,31,32.9042180175781,1
2017,6,16,18,31,34.7101030273437,1
2017,6,16,18,31,36.5160161132813,1
2017,6,16,18,31,38.321966796875,1
2017,6,16,18,31,40.1277338867188,1
2017,6,16,18,31,41.9334760742188,1
2017,6,16,18,31,43.7393129882812,1
2017,6,16,18,31,45.5453469238281,1
2017,6,16,18,31,47.3510200195312,1
2017,6,16,18,31,49.156837890625,1
2017,6,16,18,31,50.9626440429687,1
2017,6,16,18,31,52.7684951171875,1
2017,6,16,18,31,54.5742370605469,1
2017,6,16,18,31,56.379916015625,1
2017,6,16,18,31,58.1970849609375,1
2017,6,16,18,31,59.9916279296875,1
2017,6,16,18,32,1.79753393554688,1
2017,6,16,18,32,3.6032861328125,1
2017,6,16,18,32,5.40915112304688,1
2017,6,16,18,32,7.21482495117187,1
2017,6,16,18,32,9.0206259765625,1
2017,6,16,18,32,10.8272790527344,1
2017,6,16,18,32,12.633041015625,1
2017,6,16,18,32,14.4388659667969,1
2017,6,16,18,32,16.2445458984375,1
2017,6,16,18,32,18.0504780273438,1
2017,6,16,18,32,19.8564938964844,1
2017,6,16,18,32,21.6623430175781,1
2017,6,16,18,32,23.4680739746094,1
2017,6,16,18,32,25.2738520507813,1
2017,6,16,18,32,27.0795200195313,1
2017,6,16,18,32,28.8854360351562,1
2017,6,16,18,32,30.6911650390625,1
2017,6,16,18,32,32.4971389160156,1
2017,6,16,18,32,34.3030520019531,1
2017,6,16,18,32,36.1089931640625,1
2017,6,16,18,32,37.9149448242188,1
2017,6,16,18,32,39.7207209472656,1
2017,6,16,18,32,41.5264089355469,1
2017,6,16,18,32,43.3321879882812,1
2017,6,16,18,32,45.1380119628906,1
2017,6,16,18,32,46.943875,1
2017,6,16,18,32,48.7497219238281,1
2017,6,16,18,32,50.5555629882813,1
2017,6,16,18,32,52.3614968261719,1
2017,6,16,18,32,54.1673737792969,1
2017,6,16,18,32,55.9731979980469,1
2017,6,16,18,32,57.7892790527344,1
2017,6,16,18,32,59.5951770019531,1
2017,6,16,18,33,1.4009248046875,1
2017,6,16,18,33,3.20681591796875,1
2017,6,16,18,33,5.01842504882813,1
2017,6,16,18,33,6.82414501953125,1
2017,6,16,18,33,8.62982397460937,1
2017,6,16,18,33,10.4355969238281,1
2017,6,16,18,33,12.2415061035156,1
2017,6,16,18,33,14.0475571289063,1
2017,6,16,18,33,15.8532241210937,1
2017,6,16,18,33,17.65908203125,1
2017,6,16,18,33,19.4649528808594,1
2017,6,16,18,33,21.2708681640625,1
2017,6,16,18,33,23.0766560058594,1
2017,6,16,18,33,24.882462890625,1
2017,6,16,18,33,26.6883549804687,1
2017,6,16,18,33,28.4942060546875,1
2017,6,16,18,33,30.3000720214844,1
2017,6,16,18,33,32.1059250488281,1
2017,6,16,18,33,33.9118540039062,1
2017,6,16,18,33,35.7175380859375,1
2017,6,16,18,33,37.5234758300781,1
2017,6,16,18,33,39.3292470703125,1
2017,6,16,18,33,41.1351179199219,1
2017,6,16,18,33,42.9409880371094,1
2017,6,16,18,33,44.7467041015625,1
2017,6,16,18,33,46.5524311523438,1
2017,6,16,18,33,48.3581530761719,1
2017,6,16,18,33,50.1638510742187,1
2017,6,16,18,33,51.9695610351562,1
2017,6,16,18,33,53.7754731445312,1
2017,6,16,18,33,55.5812170410156,1
2017,6,16,18,33,57.3908620605469,1
2017,6,16,18,33,59.1967758789063,1
2017,6,16,18,34,1.00457202148437,1
2017,6,16,18,34,2.81034887695313,1
2017,6,16,18,34,4.6162509765625,1
2017,6,16,18,34,6.42213891601562,1
2017,6,16,18,34,8.22800390625,1
2017,6,16,18,34,10.0338220214844,1
2017,6,16,18,34,11.8397309570313,1
2017,6,16,18,34,13.645462890625,1
2017,6,16,18,34,15.4511879882812,1
2017,6,16,18,34,17.2569348144531,1
2017,6,16,18,34,19.0627329101562,1
2017,6,16,18,34,20.8684230957031,1
2017,6,16,18,34,22.6741608886719,1
2017,6,16,18,34,24.4801970214844,1
2017,6,16,18,34,26.2860939941406,1
2017,6,16,18,34,28.0919931640625,1
2017,6,16,18,34,29.8977600097656,1
2017,6,16,18,34,31.7035051269531,1
2017,6,16,18,34,33.511080078125,1
2017,6,16,18,34,35.3153530273437,1
2017,6,16,18,34,37.1212260742187,1
2017,6,16,18,34,38.9271750488281,1
2017,6,16,18,34,40.7329660644531,1
2017,6,16,18,34,42.5386240234375,1
2017,6,16,18,34,44.3443310546875,1
2017,6,16,18,34,46.1504680175781,1
2017,6,16,18,34,47.9562858886719,1
2017,6,16,18,34,49.7621870117188,1
2017,6,16,18,34,51.5678540039062,1
2017,6,16,18,34,53.3737668457031,1
2017,6,16,18,34,55.1794399414063,1
2017,6,16,18,34,56.9853469238281,1
2017,6,16,18,34,58.7912590332031,1
2017,6,16,18,35,0.597173095703125,1
2017,6,16,18,35,2.4028798828125,1
2017,6,16,18,35,4.20882397460938,1
2017,6,16,18,35,6.01471313476562,1
2017,6,16,18,35,7.82056396484375,1
2017,6,16,18,35,9.6262861328125,1
2017,6,16,18,35,11.4319919433594,1
2017,6,16,18,35,13.2378981933594,1
2017,6,16,18,35,15.04378515625,1
2017,6,16,18,35,16.8496010742188,1
2017,6,16,18,35,18.6555419921875,1
2017,6,16,18,35,20.4614460449219,1
2017,6,16,18,35,22.2728349609375,1
2017,6,16,18,35,24.0787238769531,1
2017,6,16,18,35,25.8844357910156,1
2017,6,16,18,35,27.6901450195313,1
2017,6,16,18,35,29.4959221191406,1
2017,6,16,18,35,31.3018559570313,1
2017,6,16,18,35,33.1077900390625,1
2017,6,16,18,35,34.9135239257812,1
2017,6,16,18,35,36.7193029785156,1
2017,6,16,18,35,38.5250930175781,1
2017,6,16,18,35,40.3309619140625,1
2017,6,16,18,35,42.1368889160156,1
2017,6,16,18,35,43.9428439941406,1
2017,6,16,18,35,45.7487048339844,1
2017,6,16,18,35,47.5545170898437,1
2017,6,16,18,35,49.3604079589844,1
2017,6,16,18,35,51.1663369140625,1
2017,6,16,18,35,52.9721479492188,1
2017,6,16,18,35,54.77787890625,1
2017,6,16,18,35,56.5837431640625,1
2017,6,16,18,35,58.3896520996094,1
2017,6,16,18,36,0.1954169921875,1
2017,6,16,18,36,2.00130102539062,1
2017,6,16,18,36,3.80698388671875,1
2017,6,16,18,36,5.612791015625,1
2017,6,16,18,36,7.41853100585937,1
2017,6,16,18,36,9.22423291015625,1
2017,6,16,18,36,11.0299250488281,1
2017,6,16,18,36,12.8356240234375,1
2017,6,16,18,36,14.641376953125,1
2017,6,16,18,36,16.4470610351562,1
2017,6,16,18,36,18.2528559570313,1
2017,6,16,18,36,20.0586469726562,1
2017,6,16,18,36,21.8643159179687,1
2017,6,16,18,36,23.6702700195313,1
2017,6,16,18,36,25.4762219238281,1
2017,6,16,18,36,27.2820939941406,1
2017,6,16,18,36,29.0878911132812,1
2017,6,16,18,36,30.8936418457031,1
2017,6,16,18,36,32.6994770507812,1
2017,6,16,18,36,34.5052768554688,1
2017,6,16,18,36,36.3111101074219,1
2017,6,16,18,36,38.1168151855469,1
2017,6,16,18,36,39.9230930175781,1
2017,6,16,18,36,41.7284829101563,1
2017,6,16,18,36,43.5342250976562,1
2017,6,16,18,36,45.33995703125,1
2017,6,16,18,36,47.1551520996094,1
2017,6,16,18,36,48.9609350585937,1
2017,6,16,18,36,50.7666770019531,1
2017,6,16,18,36,52.5724899902344,1
2017,6,16,18,36,54.3781518554688,1
2017,6,16,18,36,56.1840988769531,1
2017,6,16,18,36,57.9898569335937,1
2017,6,16,18,36,59.7957160644531,1
2017,6,16,18,37,1.60148315429688,1
2017,6,16,18,37,3.40742797851563,1
2017,6,16,18,37,5.21425512695312,1
2017,6,16,18,37,7.02010888671875,1
2017,6,16,18,37,8.82592016601562,1
2017,6,16,18,37,10.6318549804688,1
2017,6,16,18,37,12.4377080078125,1
2017,6,16,18,37,14.2437819824219,1
2017,6,16,18,37,16.049625,1
2017,6,16,18,37,17.8554399414062,1
2017,6,16,18,37,19.6612199707031,1
2017,6,16,18,37,21.4671279296875,1
2017,6,16,18,37,23.2728937988281,1
2017,6,16,18,37,25.0786530761719,1
2017,6,16,18,37,26.884630859375,1
2017,6,16,18,37,28.6904541015625,1
2017,6,16,18,37,30.4963610839844,1
2017,6,16,18,37,32.3022590332031,1
2017,6,16,18,37,34.1081208496094,1
2017,6,16,18,37,35.9141008300781,1
2017,6,16,18,37,37.7198249511719,1
2017,6,16,18,37,39.5256198730469,1
2017,6,16,18,37,41.3314860839844,1
2017,6,16,18,37,43.1372868652344,1
2017,6,16,18,37,44.9432028808594,1
2017,6,16,18,37,46.7489689941406,1
2017,6,16,18,37,48.5549909667969,1
2017,6,16,18,37,50.3607060546875,1
2017,6,16,18,37,52.1664519042969,1
2017,6,16,18,37,53.9724050292969,1
2017,6,16,18,37,55.7782849121094,1
2017,6,16,18,37,57.584162109375,1
2017,6,16,18,37,59.389998046875,1
2017,6,16,18,38,1.19568701171875,1
2017,6,16,18,38,3.00155908203125,1
2017,6,16,18,38,4.80731884765625,1
2017,6,16,18,38,6.61307299804688,1
2017,6,16,18,38,8.41876879882813,1
2017,6,16,18,38,10.2246120605469,1
2017,6,16,18,38,12.0303229980469,1
2017,6,16,18,38,13.8361740722656,1
2017,6,16,18,38,15.6421040039062,1
2017,6,16,18,38,17.4478759765625,1
2017,6,16,18,38,19.2537897949219,1
2017,6,16,18,38,21.059703125,1
2017,6,16,18,38,22.8656550292969,1
2017,6,16,18,38,24.6715620117187,1
2017,6,16,18,38,26.4774521484375,1
2017,6,16,18,38,28.2832619628906,1
2017,6,16,18,38,30.0890131835937,1
2017,6,16,18,38,31.8946818847656,1
2017,6,16,18,38,33.7004089355469,1
2017,6,16,18,38,35.506294921875,1
2017,6,16,18,38,37.312158203125,1
2017,6,16,18,38,39.1178640136719,1
2017,6,16,18,38,40.9237429199219,1
2017,6,16,18,38,42.7294641113281,1
2017,6,16,18,38,44.5352409667969,1
2017,6,16,18,38,46.3409560546875,1
2017,6,16,18,38,48.146796875,1
2017,6,16,18,38,49.9526938476562,1
2017,6,16,18,38,51.758376953125,1
2017,6,16,18,38,53.5641911621094,1
2017,6,16,18,38,55.3700500488281,1
2017,6,16,18,38,57.1758239746094,1
2017,6,16,18,38,58.9816579589844,1
2017,6,16,18,39,0.787602783203125,1
2017,6,16,18,39,2.59335498046875,1
2017,6,16,18,39,4.3992861328125,1
2017,6,16,18,39,6.20505493164062,1
2017,6,16,18,39,8.01092919921875,1
2017,6,16,18,39,9.81694897460937,1
2017,6,16,18,39,11.622833984375,1
2017,6,16,18,39,13.4286411132812,1
2017,6,16,18,39,15.2350061035156,1
2017,6,16,18,39,17.0409250488281,1
2017,6,16,18,39,18.8469409179688,1
2017,6,16,18,39,20.6526437988281,1
2017,6,16,18,39,22.4583881835938,1
2017,6,16,18,39,24.2641169433594,1
2017,6,16,18,39,26.0699921875,1
2017,6,16,18,39,27.8757229003906,1
2017,6,16,18,39,29.6815070800781,1
2017,6,16,18,39,31.4873659667969,1
2017,6,16,18,39,33.2932451171875,1
2017,6,16,18,39,35.0991240234375,1
2017,6,16,18,39,36.9049790039062,1
2017,6,16,18,39,38.7107080078125,1
2017,6,16,18,39,40.5163989257813,1
2017,6,16,18,39,42.3222670898437,1
2017,6,16,18,39,44.1281618652344,1
2017,6,16,18,39,45.9340610351562,1
2017,6,16,18,39,47.7399721679688,1
2017,6,16,18,39,49.5456508789063,1
2017,6,16,18,39,51.3513190917969,1
2017,6,16,18,39,53.1569799804687,1
2017,6,16,18,39,54.9627238769531,1
2017,6,16,18,39,56.7685119628906,1
2017,6,16,18,39,58.5741948242188,1
2017,6,16,18,40,0.37985498046875,1
2017,6,16,18,40,2.18575512695312,1
2017,6,16,18,40,3.991498046875,1
2017,6,16,18,40,5.7973798828125,1
2017,6,16,18,40,7.60317700195313,0
2017,6,16,18,40,9.40884399414062,0
2017,6,16,18,40,11.2146010742188,0
2017,6,16,18,40,13.0202890625,0
2017,6,16,18,40,14.8262170410156,0
2017,6,16,18,40,20.7369421386719,0
2017,6,16,18,40,22.5427819824219,1
2017,6,16,18,40,24.3487719726563,1
2017,6,16,18,40,26.1546979980469,1
2017,6,16,18,40,27.9604558105469,1
2017,6,16,18,40,29.7661298828125,1
2017,6,16,18,40,31.5718569335938,1
2017,6,16,18,40,33.3775991210938,1
2017,6,16,18,40,35.1834951171875,1
2017,6,16,18,40,36.9891811523437,1
2017,6,16,18,40,38.7951018066406,1
2017,6,16,18,40,40.6010361328125,1
2017,6,16,18,40,42.4068259277344,1
2017,6,16,18,40,44.2126650390625,1
2017,6,16,18,40,46.018498046875,1
2017,6,16,18,40,47.8243969726563,1
2017,6,16,18,40,49.6303400878906,1
2017,6,16,18,40,51.43600390625,1
2017,6,16,18,40,53.2418229980469,1
2017,6,16,18,40,55.0475500488281,1
2017,6,16,18,40,56.8532529296875,1
2017,6,16,18,40,58.6591489257813,1
2017,6,16,18,41,0.46502392578125,1
2017,6,16,18,41,2.27082104492187,1
2017,6,16,18,41,4.0766669921875,1
2017,6,16,18,41,5.88235083007813,1
2017,6,16,18,41,7.68805004882813,1
2017,6,16,18,41,9.49373608398438,1
2017,6,16,18,41,11.2996088867187,1
2017,6,16,18,41,13.1054848632812,1
2017,6,16,18,41,14.9112790527344,1
2017,6,16,18,41,16.7171682128906,1
2017,6,16,18,41,18.5228491210937,1
2017,6,16,18,41,20.3286850585937,1
2017,6,16,18,41,22.1346181640625,1
2017,6,16,18,41,23.9405720214844,1
2017,6,16,18,41,25.7464641113281,1
2017,6,16,18,41,27.552205078125,1
2017,6,16,18,41,29.358041015625,1
2017,6,16,18,41,31.1638491210938,1
2017,6,16,18,41,32.9699470214844,1
2017,6,16,18,41,34.7754890136719,1
2017,6,16,18,41,36.5814020996094,1
2017,6,16,18,41,38.3871618652344,1
2017,6,16,18,41,40.1930187988281,1
2017,6,16,18,41,41.9987038574219,1
2017,6,16,18,41,43.8044282226562,1
2017,6,16,18,41,45.6104118652344,1
2017,6,16,18,41,47.4161730957031,1
2017,6,16,18,41,49.2220458984375,0
2017,6,16,18,41,51.0278708496094,0
2017,6,16,18,41,52.8338068847656,0
2017,6,16,18,41,54.6396389160156,0
2017,6,16,18,41,56.4453220214844,0
2017,6,16,18,41,58.2519309082031,0
2017,6,16,18,42,0.0577421875,0
2017,6,16,18,42,1.86341821289062,0
2017,6,16,18,42,3.66927514648438,0
2017,6,16,18,42,5.47514794921875,0
2017,6,16,18,42,7.28114501953125,0
2017,6,16,18,42,9.08689184570312,0
2017,6,16,18,42,10.8926489257813,0
2017,6,16,18,42,12.6984501953125,0
2017,6,16,18,42,14.5042131347656,0
2017,6,16,18,42,16.3098759765625,0
2017,6,16,18,42,18.1157788085937,0
2017,6,16,18,42,19.9215319824219,1
2017,6,16,18,42,21.7274680175781,1
2017,6,16,18,42,23.5334621582031,1
2017,6,16,18,42,25.3391440429688,1
2017,6,16,18,42,27.1448569335938,1
2017,6,16,18,42,28.9505510253906,1
2017,6,16,18,42,30.7562309570312,1
2017,6,16,18,42,32.5622319335938,1
2017,6,16,18,42,34.3680639648437,1
2017,6,16,18,42,36.1738439941406,1
2017,6,16,18,42,37.9796960449219,1
2017,6,16,18,42,39.7854851074219,1
2017,6,16,18,42,41.5913549804688,1
2017,6,16,18,42,43.3970871582031,1
2017,6,16,18,42,45.2028640136719,1
2017,6,16,18,42,47.0085939941406,1
2017,6,16,18,42,48.8144470214844,1
2017,6,16,18,42,50.6202248535156,1
2017,6,16,18,42,52.4260590820313,1
2017,6,16,18,42,54.232009765625,1
2017,6,16,18,42,56.0376149902344,1
2017,6,16,18,42,57.8433740234375,1
2017,6,16,18,42,59.6491940917969,1
2017,6,16,18,43,1.45489306640625,1
2017,6,16,18,43,3.2605859375,1
2017,6,16,18,43,5.06627392578125,1
2017,6,16,18,43,6.872162109375,1
2017,6,16,18,43,8.67796606445313,1
2017,6,16,18,43,10.4836831054687,1
2017,6,16,18,43,12.28941015625,1
2017,6,16,18,43,14.0953110351563,1
2017,6,16,18,43,15.9010051269531,1
2017,6,16,18,43,17.7069060058594,1
2017,6,16,18,43,19.5127709960937,1
2017,6,16,18,43,21.3186508789063,1
2017,6,16,18,43,23.1244409179688,1
2017,6,16,18,43,24.9303510742187,1
2017,6,16,18,43,26.7360400390625,1
2017,6,16,18,43,28.541876953125,1
2017,6,16,18,43,30.3550539550781,1
2017,6,16,18,43,32.1608010253906,1
2017,6,16,18,43,33.9667409667969,1
2017,6,16,18,43,35.7724841308594,1
2017,6,16,18,43,37.5782299804687,1
2017,6,16,18,43,39.38404296875,1
2017,6,16,18,43,41.1899108886719,1
2017,6,16,18,43,42.9958530273437,1
2017,6,16,18,43,44.8016130371094,1
2017,6,16,18,43,46.607458984375,1
2017,6,16,18,43,48.4135209960938,1
2017,6,16,18,43,50.2191999511719,1
2017,6,16,18,43,52.0250690917969,1
2017,6,16,18,43,53.8308879394531,1
2017,6,16,18,43,55.6366127929687,1
2017,6,16,18,43,57.4423471679687,1
2017,6,16,18,43,59.2481420898438,1
2017,6,16,18,44,1.05401098632813,1
2017,6,16,18,44,2.85991821289063,1
2017,6,16,18,44,4.66568505859375,1
2017,6,16,18,44,6.47145092773438,1
2017,6,16,18,44,8.27735717773438,1
2017,6,16,18,44,10.0833229980469,1
2017,6,16,18,44,11.8890510253906,1
2017,6,16,18,44,13.6950158691406,1
2017,6,16,18,44,15.50083203125,1
2017,6,16,18,44,17.3066499023438,1
2017,6,16,18,44,19.1125629882813,1
2017,6,16,18,44,20.9183239746094,1
2017,6,16,18,44,22.7243718261719,1
2017,6,16,18,44,24.5301430664063,1
2017,6,16,18,44,26.3358569335937,1
2017,6,16,18,44,28.1415419921875,1
2017,6,16,18,44,29.9471970214844,1
2017,6,16,18,44,31.7529069824219,1
2017,6,16,18,44,33.5586579589844,1
2017,6,16,18,44,35.3644809570312,1
2017,6,16,18,44,37.1702890625,1
2017,6,16,18,44,38.9762348632812,1
2017,6,16,18,44,40.7820581054687,1
2017,6,16,18,44,42.5879040527344,1
2017,6,16,18,44,44.3937810058594,1
2017,6,16,18,44,46.1995,1
2017,6,16,18,44,48.0053540039062,1
2017,6,16,18,44,49.8111240234375,1
2017,6,16,18,44,51.6170297851562,1
2017,6,16,18,44,53.4227900390625,1
2017,6,16,18,44,55.2373879394531,1
2017,6,16,18,44,57.0431950683594,1
2017,6,16,18,44,58.8489890136719,1
2017,6,16,18,45,0.654776123046875,1
2017,6,16,18,45,2.46049584960938,1
2017,6,16,18,45,4.26624291992187,1
2017,6,16,18,45,6.0720810546875,1
2017,6,16,18,45,7.87779907226563,1
2017,6,16,18,45,9.683548828125,1
2017,6,16,18,45,11.4895051269531,1
2017,6,16,18,45,13.2954809570313,1
2017,6,16,18,45,15.1013190917969,1
2017,6,16,18,45,16.9070698242188,1
2017,6,16,18,45,18.7128291015625,1
2017,6,16,18,45,20.5186511230469,1
2017,6,16,18,45,22.3243220214844,1
2017,6,16,18,45,24.1302731933594,1
2017,6,16,18,45,25.9363090820313,1
2017,6,16,18,45,27.7420500488281,1
2017,6,16,18,45,29.547708984375,1
2017,6,16,18,45,31.3534470214844,1
2017,6,16,18,45,33.1592978515625,1
2017,6,16,18,45,34.9652299804687,1
2017,6,16,18,45,36.7710900878906,1
2017,6,16,18,45,38.5767939453125,1
2017,6,16,18,45,40.382662109375,1
2017,6,16,18,45,42.1884519042969,1
2017,6,16,18,45,43.9942561035156,1
2017,6,16,18,45,45.8001860351563,1
2017,6,16,18,45,47.6062131347656,1
2017,6,16,18,45,49.4119140625,1
2017,6,16,18,45,51.2177880859375,1
2017,6,16,18,45,53.023666015625,1
2017,6,16,18,45,54.8295349121094,1
2017,6,16,18,45,56.6352590332031,1
2017,6,16,18,45,58.4411320800781,1
2017,6,16,18,46,0.247208984375,1
2017,6,16,18,46,2.05290698242188,1
2017,6,16,18,46,3.85861499023438,1
2017,6,16,18,46,5.66445703125,1
2017,6,16,18,46,7.4701650390625,1
2017,6,16,18,46,9.27595092773437,1
2017,6,16,18,46,11.081875,1
2017,6,16,18,46,12.8876950683594,1
2017,6,16,18,46,14.6934841308594,1
2017,6,16,18,46,16.4991508789062,1
2017,6,16,18,46,18.3051218261719,1
2017,6,16,18,46,20.1194409179687,1
2017,6,16,18,46,21.9251489257813,1
2017,6,16,18,46,23.7308601074219,1
2017,6,16,18,46,25.5366362304688,1
2017,6,16,18,46,27.3425600585938,1
2017,6,16,18,46,29.1482600097656,1
2017,6,16,18,46,30.9540490722656,1
2017,6,16,18,46,32.7598840332031,1
2017,6,16,18,46,34.5657119140625,1
2017,6,16,18,46,36.3716608886719,1
2017,6,16,18,46,38.1776508789062,1
2017,6,16,18,46,39.9834230957031,1
2017,6,16,18,46,41.7893527832031,1
2017,6,16,18,46,43.5952299804688,1
2017,6,16,18,46,45.4009389648438,1
2017,6,16,18,46,47.2067858886719,1
2017,6,16,18,46,49.0125439453125,1
2017,6,16,18,46,50.8185649414063,1
2017,6,16,18,46,52.6243610839844,1
2017,6,16,18,46,54.4302260742188,1
2017,6,16,18,46,56.2359450683594,1
2017,6,16,18,46,58.0417170410156,1
2017,6,16,18,46,59.8475991210938,1
2017,6,16,18,47,1.65352197265625,1
2017,6,16,18,47,3.45935888671875,1
2017,6,16,18,47,5.26502807617188,1
2017,6,16,18,47,7.07094506835938,1
2017,6,16,18,47,8.87674194335938,1
2017,6,16,18,47,10.6824328613281,1
2017,6,16,18,47,12.4896828613281,1
2017,6,16,18,47,14.2940959472656,1
2017,6,16,18,47,19.9126010742187,1
2017,6,16,18,47,21.7299440917969,1
2017,6,16,18,47,23.5241779785156,1
2017,6,16,18,47,25.3298859863281,1
2017,6,16,18,47,27.1356789550781,1
2017,6,16,18,47,28.9413630371094,1
2017,6,16,18,47,30.7471149902344,1
2017,6,16,18,47,32.5530441894531,1
2017,6,16,18,47,34.3591188964844,1
2017,6,16,18,47,36.1649389648437,1
2017,6,16,18,47,37.9708811035156,1
2017,6,16,18,47,39.7766279296875,1
2017,6,16,18,47,41.5823439941406,1
2017,6,16,18,47,43.3882790527344,1
2017,6,16,18,47,45.1940241699219,1
2017,6,16,18,47,47.0140390625,1
2017,6,16,18,47,48.8370439453125,1
2017,6,16,18,47,50.6427189941406,1
2017,6,16,18,47,52.4558969726562,1
2017,6,16,18,47,54.2616459960937,1
2017,6,16,18,47,56.0674399414062,1
2017,6,16,18,47,57.8733410644531,1
2017,6,16,18,47,59.6790100097656,1
2017,6,16,18,48,1.48485986328125,1
2017,6,16,18,48,3.29060302734375,1
2017,6,16,18,48,5.09641015625,1
2017,6,16,18,48,6.90217895507813,1
2017,6,16,18,48,8.7080830078125,1
2017,6,16,18,48,10.5139338378906,1
2017,6,16,18,48,12.3199418945313,1
2017,6,16,18,48,14.1257270507813,1
2017,6,16,18,48,15.931580078125,1
2017,6,16,18,48,17.7374821777344,1
2017,6,16,18,48,19.5432180175781,1
2017,6,16,18,48,21.35187109375,1
2017,6,16,18,48,23.1578239746094,1
2017,6,16,18,48,24.9634990234375,1
2017,6,16,18,48,26.7692390136719,1
2017,6,16,18,48,28.5750187988281,1
2017,6,16,18,48,30.381048828125,1
2017,6,16,18,48,32.1869079589844,1
2017,6,16,18,48,33.9927849121094,1
2017,6,16,18,48,35.7987019042969,1
2017,6,16,18,48,37.6045161132812,1
2017,6,16,18,48,39.410466796875,1
2017,6,16,18,48,41.2162768554687,1
2017,6,16,18,48,43.02199609375,1
2017,6,16,18,48,44.827875,1
2017,6,16,18,48,46.6337409667969,1
2017,6,16,18,48,48.4396750488281,1
2017,6,16,18,48,50.2455009765625,1
2017,6,16,18,48,52.0514560546875,1
2017,6,16,18,48,53.8572609863281,1
2017,6,16,18,48,55.6630197753906,1
2017,6,16,18,48,57.4688540039063,1
2017,6,16,18,48,59.2745969238281,1
2017,6,16,18,49,1.08048803710938,1
2017,6,16,18,49,2.88616479492187,1
2017,6,16,18,49,4.69189086914063,1
2017,6,16,18,49,6.49763696289062,1
2017,6,16,18,49,8.303373046875,1
2017,6,16,18,49,10.1092470703125,1
2017,6,16,18,49,11.9149189453125,1
2017,6,16,18,49,13.7207990722656,1
2017,6,16,18,49,15.5264580078125,1
2017,6,16,18,49,17.3321640625,1
2017,6,16,18,49,19.138,1
2017,6,16,18,49,20.943708984375,1
2017,6,16,18,49,22.7494470214844,1
2017,6,16,18,49,24.5553779296875,1
2017,6,16,18,49,26.361251953125,1
2017,6,16,18,49,28.1671291503906,1
2017,6,16,18,49,29.9728798828125,1
2017,6,16,18,49,31.7788049316406,1
2017,6,16,18,49,33.5846049804687,1
2017,6,16,18,49,35.3904819335937,1
2017,6,16,18,49,37.1964299316406,1
2017,6,16,18,49,39.0022600097656,1
2017,6,16,18,49,40.8081159667969,1
2017,6,16,18,49,42.6139780273437,1
2017,6,16,18,49,44.41970703125,1
2017,6,16,18,49,46.2349599609375,1
2017,6,16,18,49,48.040873046875,1
2017,6,16,18,49,49.8467619628906,1
2017,6,16,18,49,51.6528051757813,1
2017,6,16,18,49,53.4586799316406,1
2017,6,16,18,49,55.264583984375,1
2017,6,16,18,49,57.0705139160156,1
2017,6,16,18,49,58.8763078613281,1
2017,6,16,18,50,0.682130126953125,1
2017,6,16,18,50,2.48781298828125,1
2017,6,16,18,50,4.2934990234375,1
2017,6,16,18,50,6.09923510742188,1
2017,6,16,18,50,7.90517504882813,1
2017,6,16,18,50,9.71106201171875,1
2017,6,16,18,50,11.5169721679687,1
2017,6,16,18,50,13.3230859375,1
2017,6,16,18,50,15.1289201660156,1
2017,6,16,18,50,16.934748046875,1
2017,6,16,18,50,18.740541015625,1
2017,6,16,18,50,20.5462709960937,1
2017,6,16,18,50,22.352212890625,1
2017,6,16,18,50,24.1580998535156,1
2017,6,16,18,50,25.9639638671875,1
2017,6,16,18,50,27.770421875,1
2017,6,16,18,50,29.5757360839844,1
2017,6,16,18,50,31.3815400390625,1
2017,6,16,18,50,33.1873229980469,1
2017,6,16,18,50,34.9933181152344,1
2017,6,16,18,50,36.7989741210937,1
2017,6,16,18,50,38.6047170410156,1
2017,6,16,18,50,40.4105908203125,1
2017,6,16,18,50,42.2164790039063,1
2017,6,16,18,50,44.02220703125,1
2017,6,16,18,50,45.8279541015625,1
2017,6,16,18,50,47.6338999023437,1
2017,6,16,18,50,49.4396928710937,1
2017,6,16,18,50,51.2453579101563,1
2017,6,16,18,50,53.0512700195313,1
2017,6,16,18,50,54.8571179199219,1
2017,6,16,18,50,56.66291796875,1
2017,6,16,18,50,58.4687690429688,1
2017,6,16,18,51,0.274669921875,1
2017,6,16,18,51,2.08044287109375,1
2017,6,16,18,51,3.88640307617188,1
2017,6,16,18,51,5.69217797851563,1
2017,6,16,18,51,7.49790502929688,1
2017,6,16,18,51,9.30356787109375,1
2017,6,16,18,51,11.1161958007813,1
2017,6,16,18,51,12.9220029296875,1
2017,6,16,18,51,14.7276899414063,1
2017,6,16,18,51,16.5336088867187,1
2017,6,16,18,51,18.3393791503906,1
2017,6,16,18,51,20.1452880859375,1
2017,6,16,18,51,21.9512177734375,1
2017,6,16,18,51,23.7570659179687,1
2017,6,16,18,51,25.56291796875,1
2017,6,16,18,51,27.3686579589844,1
2017,6,16,18,51,29.17466796875,1
2017,6,16,18,51,30.9804448242188,1
2017,6,16,18,51,32.7861909179688,1
2017,6,16,18,51,34.5918520507812,1
2017,6,16,18,51,36.3976540527344,1
2017,6,16,18,51,38.2034130859375,1
2017,6,16,18,51,40.0134138183594,1
2017,6,16,18,51,41.8191970214844,1
2017,6,16,18,51,43.6250769042969,1
2017,6,16,18,51,45.430833984375,2
2017,6,16,18,51,47.2366760253906,2
2017,6,16,18,51,49.042576171875,2
2017,6,16,18,51,50.848501953125,2
2017,6,16,18,51,52.6543869628906,2
2017,6,16,18,51,54.4600588378906,2
2017,6,16,18,51,56.2659089355469,2
2017,6,16,18,51,58.0716198730469,2
2017,6,16,18,51,59.8775,2
2017,6,16,18,52,1.683171875,2
2017,6,16,18,52,3.4890908203125,2
2017,6,16,18,52,5.29493188476563,2
2017,6,16,18,52,7.100833984375,2
2017,6,16,18,52,8.90680419921875,2
2017,6,16,18,52,10.7126259765625,2
2017,6,16,18,52,12.5184641113281,2
2017,6,16,18,52,14.3241459960937,2
2017,6,16,18,52,16.1298630371094,2
2017,6,16,18,52,17.9357619628906,2
2017,6,16,18,52,19.7413869628906,2
2017,6,16,18,52,21.548373046875,2
2017,6,16,18,52,23.3541560058594,2
2017,6,16,18,52,25.1599619140625,2
2017,6,16,18,52,26.9656760253906,2
2017,6,16,18,52,28.7713889160156,2
2017,6,16,18,52,30.57733984375,2
2017,6,16,18,52,32.3832131347656,2
2017,6,16,18,52,34.1889018554687,2
2017,6,16,18,52,35.9983061523438,2
2017,6,16,18,52,37.8040979003906,2
2017,6,16,18,52,39.6098688964844,2
2017,6,16,18,52,41.4155700683594,2
2017,6,16,18,52,43.2213581542969,2
2017,6,16,18,52,45.0272919921875,2
2017,6,16,18,52,46.8331770019531,2
2017,6,16,18,52,48.6388491210937,2
2017,6,16,18,52,50.444583984375,2
2017,6,16,18,52,52.2502739257813,2
2017,6,16,18,52,54.0561608886719,2
2017,6,16,18,52,55.8620952148437,2
2017,6,16,18,52,57.6679658203125,2
2017,6,16,18,52,59.4739001464844,2
2017,6,16,18,53,1.27961401367187,2
2017,6,16,18,53,3.08542993164063,2
2017,6,16,18,53,4.89127392578125,2
2017,6,16,18,53,6.69711401367188,2
2017,6,16,18,53,8.50277807617188,2
2017,6,16,18,53,10.3086081542969,2
2017,6,16,18,53,12.11442578125,2
2017,6,16,18,53,13.9202609863281,2
2017,6,16,18,53,15.7259560546875,2
2017,6,16,18,53,17.5317028808594,2
2017,6,16,18,53,19.3377348632812,2
2017,6,16,18,53,21.1435659179688,2
2017,6,16,18,53,22.9492280273438,2
2017,6,16,18,53,24.75499609375,2
2017,6,16,18,53,26.5608479003906,2
2017,6,16,18,53,28.3666748046875,2
2017,6,16,18,53,30.1723681640625,2
2017,6,16,18,53,31.9781511230469,2
2017,6,16,18,53,33.7839680175781,2
2017,6,16,18,53,35.5900681152344,2
2017,6,16,18,53,37.3959370117188,2
2017,6,16,18,53,39.2016530761719,2
2017,6,16,18,53,41.0074611816406,2
2017,6,16,18,53,42.8133571777344,2
2017,6,16,18,53,44.6192419433594,2
2017,6,16,18,53,46.4250520019531,2
2017,6,16,18,53,48.2307810058594,2
2017,6,16,18,53,50.0366098632812,2
2017,6,16,18,53,51.8424111328125,1
2017,6,16,18,53,53.6484758300781,1
2017,6,16,18,53,55.4540441894531,1
2017,6,16,18,53,57.2599289550781,1
2017,6,16,18,53,59.0656928710938,1
2017,6,16,18,54,0.87164599609375,1
2017,6,16,18,54,2.67750805664063,1
2017,6,16,18,54,4.4833330078125,1
2017,6,16,18,54,6.28925,1
2017,6,16,18,54,8.09505200195312,1
2017,6,16,18,54,9.90098681640625,1
2017,6,16,18,54,11.7069357910156,1
2017,6,16,18,54,13.5128859863281,1
2017,6,16,18,54,15.3188459472656,1
2017,6,16,18,54,17.1246140136719,1
2017,6,16,18,54,18.9302839355469,1
2017,6,16,18,54,20.7359841308594,1
2017,6,16,18,54,22.5419829101562,1
2017,6,16,18,54,24.3478701171875,1
2017,6,16,18,54,26.1537529296875,1
2017,6,16,18,54,27.9597260742188,1
2017,6,16,18,54,29.7656701660156,1
2017,6,16,18,54,31.5713330078125,1
2017,6,16,18,54,33.3772800292969,1
2017,6,16,18,54,35.1879328613281,1
2017,6,16,18,54,36.9936062011719,1
2017,6,16,18,54,38.7993959960938,1
2017,6,16,18,54,40.6052238769531,0
2017,6,16,18,54,42.410916015625,1
2017,6,16,18,54,44.2166530761719,1
2017,6,16,18,54,46.0226088867187,1
2017,6,16,18,54,47.8285561523438,1
2017,6,16,18,54,49.6342370605469,2
2017,6,16,18,54,51.4402370605469,2
2017,6,16,18,54,53.2460070800781,2
2017,6,16,18,54,55.0521140136719,2
2017,6,16,18,54,56.8579169921875,2
2017,6,16,18,54,58.6636418457031,1
2017,6,16,18,55,0.47211279296875,1
2017,6,16,18,55,2.27786108398438,1
2017,6,16,18,55,4.08364306640625,1
2017,6,16,18,55,5.88930615234375,1
2017,6,16,18,55,7.69519995117188,1
2017,6,16,18,55,9.501626953125,1
2017,6,16,18,55,11.3074409179687,1
2017,6,16,18,55,13.1132351074219,1
2017,6,16,18,55,14.91916796875,1
2017,6,16,18,55,16.7251027832031,1
2017,6,16,18,55,18.5311301269531,1
2017,6,16,18,55,20.3368981933594,1
2017,6,16,18,55,22.1427109375,1
2017,6,16,18,55,23.9484428710938,1
2017,6,16,18,55,25.7541069335938,1
2017,6,16,18,55,27.5598220214844,1
2017,6,16,18,55,29.3655888671875,1
2017,6,16,18,55,31.1714499511719,1
2017,6,16,18,55,32.9772360839844,1
2017,6,16,18,55,34.7831579589844,1
2017,6,16,18,55,36.5890500488281,1
2017,6,16,18,55,38.3949611816406,1
2017,6,16,18,55,40.2010209960938,1
2017,6,16,18,55,42.0068439941406,1
2017,6,16,18,55,43.8126179199219,1
2017,6,16,18,55,45.6182880859375,1
2017,6,16,18,55,47.4241281738281,1
2017,6,16,18,55,49.2300849609375,1
2017,6,16,18,55,51.0358649902344,1
2017,6,16,18,55,52.8416870117187,1
2017,6,16,18,55,54.6474860839844,1
2017,6,16,18,55,56.4534270019531,1
2017,6,16,18,55,58.2591318359375,1
2017,6,16,18,56,0.065717041015625,1
2017,6,16,18,56,1.87161206054687,1
2017,6,16,18,56,3.67738305664062,1
2017,6,16,18,56,5.483078125,1
2017,6,16,18,56,7.28888403320313,1
2017,6,16,18,56,9.09457397460938,1
2017,6,16,18,56,10.9003142089844,1
2017,6,16,18,56,12.7060671386719,1
2017,6,16,18,56,14.5120480957031,1
2017,6,16,18,56,16.3179260253906,1
2017,6,16,18,56,18.1236911621094,1
2017,6,16,18,56,19.9295620117188,1
2017,6,16,18,56,21.7353879394531,1
2017,6,16,18,56,23.5412199707031,1
2017,6,16,18,56,25.3469379882813,1
2017,6,16,18,56,27.1529738769531,1
2017,6,16,18,56,28.9587551269531,1
2017,6,16,18,56,30.764669921875,1
2017,6,16,18,56,32.5703461914063,1
2017,6,16,18,56,34.3762189941406,1
2017,6,16,18,56,36.1821030273438,1
2017,6,16,18,56,37.988041015625,1
2017,6,16,18,56,39.7939401855469,1
2017,6,16,18,56,41.5995942382812,1
2017,6,16,18,56,43.4052939453125,1
2017,6,16,18,56,45.2111059570313,1
2017,6,16,18,56,47.0170319824219,1
2017,6,16,18,56,48.8230100097656,1
2017,6,16,18,56,50.6288718261719,1
2017,6,16,18,56,52.4347160644531,1
2017,6,16,18,56,54.240662109375,1
2017,6,16,18,56,56.0463891601563,1
2017,6,16,18,56,57.8522600097656,1
2017,6,16,18,56,59.6580688476563,1
2017,6,16,18,57,1.46377905273438,1
2017,6,16,18,57,3.26944409179688,1
2017,6,16,18,57,5.07511303710938,1
2017,6,16,18,57,6.88086596679688,1
2017,6,16,18,57,8.68664599609375,1
2017,6,16,18,57,10.4924460449219,1
2017,6,16,18,57,12.2981611328125,1
2017,6,16,18,57,14.1040991210937,1
2017,6,16,18,57,15.909958984375,1
2017,6,16,18,57,17.7158500976563,1
2017,6,16,18,57,19.5217231445313,1
2017,6,16,18,57,21.3274719238281,1
2017,6,16,18,57,23.133173828125,1
2017,6,16,18,57,24.9390849609375,1
2017,6,16,18,57,26.7448579101562,1
2017,6,16,18,57,28.5505500488281,1
2017,6,16,18,57,30.3564890136719,1
2017,6,16,18,57,32.1621950683594,1
2017,6,16,18,57,33.9681110839844,1
2017,6,16,18,57,35.7740749511719,1
2017,6,16,18,57,37.5798608398437,1
2017,6,16,18,57,39.3856220703125,1
2017,6,16,18,57,41.1912939453125,1
2017,6,16,18,57,42.9969809570312,1
2017,6,16,18,57,44.8026569824219,1
2017,6,16,18,57,46.6083869628906,1
2017,6,16,18,57,48.4142038574219,1
2017,6,16,18,57,50.2198979492187,1
2017,6,16,18,57,52.025626953125,1
2017,6,16,18,57,53.8320129394531,1
2017,6,16,18,57,55.6376850585938,1
2017,6,16,18,57,57.4434929199219,1
2017,6,16,18,57,59.2492690429687,1
2017,6,16,18,58,1.05661987304687,1
2017,6,16,18,58,2.86241284179687,1
2017,6,16,18,58,4.6682041015625,1
2017,6,16,18,58,6.47386401367188,1
2017,6,16,18,58,8.2797939453125,1
2017,6,16,18,58,10.0855390625,1
2017,6,16,18,58,11.8913879394531,1
2017,6,16,18,58,13.6971840820312,1
2017,6,16,18,58,15.5030861816406,1
2017,6,16,18,58,17.3090190429687,1
2017,6,16,18,58,19.1149331054688,1
2017,6,16,18,58,20.9206669921875,1
2017,6,16,18,58,22.7263879394531,1
2017,6,16,18,58,24.5322399902344,1
2017,6,16,18,58,26.3379150390625,1
2017,6,16,18,58,28.1438139648438,1
2017,6,16,18,58,29.9497648925781,0
2017,6,16,18,59,11.0278540039062,0
2017,6,16,18,59,12.8338120117188,0
2017,6,16,18,59,14.6397531738281,1
2017,6,16,18,59,16.4454919433594,1
2017,6,16,18,59,18.2514040527344,1
2017,6,16,18,59,20.058998046875,1
2017,6,16,18,59,21.8647529296875,1
2017,6,16,18,59,23.6705810546875,1
2017,6,16,18,59,25.4764719238281,1
2017,6,16,18,59,27.2820361328125,1
2017,6,16,18,59,29.0880009765625,1
2017,6,16,18,59,30.89366015625,1
2017,6,16,18,59,32.6993520507813,1
2017,6,16,18,59,34.5052370605469,1
2017,6,16,18,59,36.3111311035156,1
2017,6,16,18,59,38.1170808105469,1
2017,6,16,18,59,39.9229089355469,1
2017,6,16,18,59,41.7287390136719,1
2017,6,16,18,59,43.5346359863281,1
2017,6,16,18,59,45.3404150390625,1
2017,6,16,18,59,47.1461030273437,1
2017,6,16,18,59,48.95204296875,1
2017,6,16,18,59,50.7577578125,1
2017,6,16,18,59,52.5634438476563,1
2017,6,16,18,59,54.369380859375,1
2017,6,16,18,59,56.1750549316406,1
2017,6,16,18,59,57.980748046875,1
2017,6,16,18,59,59.7865751953125,1
2017,6,16,19,0,1.59240698242187,1
2017,6,16,19,0,3.3982099609375,1
2017,6,16,19,0,5.20407299804688,1
2017,6,16,19,0,7.00976000976562,1
2017,6,16,19,0,8.81546313476563,1
2017,6,16,19,0,10.6213659667969,1
2017,6,16,19,0,12.4270310058594,1
2017,6,16,19,0,14.2328090820313,1
2017,6,16,19,0,16.0386201171875,1
2017,6,16,19,0,17.84433203125,1
2017,6,16,19,0,19.6502448730469,1
2017,6,16,19,0,21.4561411132813,1
2017,6,16,19,0,23.2619030761719,1
2017,6,16,19,0,25.0675729980469,1
2017,6,16,19,0,26.8733630371094,1
2017,6,16,19,0,28.6791311035156,1
2017,6,16,19,0,30.4848371582031,1
2017,6,16,19,0,32.2907839355469,1
2017,6,16,19,0,34.0966000976562,1
2017,6,16,19,0,35.9025061035156,1
2017,6,16,19,0,37.708537109375,1
2017,6,16,19,0,39.5141459960938,1
2017,6,16,19,0,41.3198220214844,1
2017,6,16,19,0,43.1255280761719,1
2017,6,16,19,0,44.9311960449219,1
2017,6,16,19,0,46.7370651855469,1
2017,6,16,19,0,48.5428937988281,1
2017,6,16,19,0,50.3487160644531,1
2017,6,16,19,0,52.1544379882813,1
2017,6,16,19,0,53.9602880859375,1
2017,6,16,19,0,55.7661691894531,1
2017,6,16,19,0,57.572041015625,1
2017,6,16,19,0,59.3779709472656,1
2017,6,16,19,1,1.18369702148437,1
2017,6,16,19,1,2.98956494140625,1
2017,6,16,19,1,4.79528686523437,1
2017,6,16,19,1,6.60102880859375,1
2017,6,16,19,1,8.40696704101562,1
2017,6,16,19,1,10.2214602050781,1
2017,6,16,19,1,12.0272829589844,1
2017,6,16,19,1,13.8332290039063,1
2017,6,16,19,1,15.639251953125,1
2017,6,16,19,1,17.4448649902344,1
2017,6,16,19,1,19.2505869140625,1
2017,6,16,19,1,21.0571789550781,1
2017,6,16,19,1,22.8628430175781,1
2017,6,16,19,1,24.6685510253906,1
2017,6,16,19,1,26.4744770507812,1
2017,6,16,19,1,28.2805090332031,1
2017,6,16,19,1,30.0862980957031,1
2017,6,16,19,1,31.8919858398437,1
2017,6,16,19,1,33.6976760253906,1
2017,6,16,19,1,35.50346484375,1
2017,6,16,19,1,37.3093071289062,1
2017,6,16,19,1,39.1150998535156,1
2017,6,16,19,1,40.9209790039062,1
2017,6,16,19,1,42.7267700195313,1
2017,6,16,19,1,44.5324379882813,1
2017,6,16,19,1,46.3383637695312,1
2017,6,16,19,1,48.1441840820313,1
2017,6,16,19,1,49.9501281738281,1
2017,6,16,19,1,51.7559699707031,1
2017,6,16,19,1,53.5628229980469,1
2017,6,16,19,1,55.3686770019531,1
2017,6,16,19,1,57.1744470214844,1
2017,6,16,19,1,58.9802971191406,1
2017,6,16,19,2,0.786093017578125,1
2017,6,16,19,2,2.59189208984375,1
2017,6,16,19,2,4.39776391601563,1
2017,6,16,19,2,6.20348315429688,1
2017,6,16,19,2,8.00935009765625,1
2017,6,16,19,2,9.81525708007812,1
2017,6,16,19,2,11.6211330566406,1
2017,6,16,19,2,13.4268969726562,1
2017,6,16,19,2,15.2325490722656,1
2017,6,16,19,2,17.0384470214844,1
2017,6,16,19,2,18.8443779296875,1
2017,6,16,19,2,20.6501279296875,1
2017,6,16,19,2,22.4558630371094,1
2017,6,16,19,2,24.26175,1
2017,6,16,19,2,26.0676437988281,1
2017,6,16,19,2,27.8735061035156,1
2017,6,16,19,2,29.6794260253906,1
2017,6,16,19,2,31.4852800292969,1
2017,6,16,19,2,33.2910549316406,1
2017,6,16,19,2,35.1037749023438,1
2017,6,16,19,2,36.9095180664062,1
2017,6,16,19,2,38.715326171875,1
2017,6,16,19,2,40.5213740234375,1
2017,6,16,19,2,42.3270300292969,1
2017,6,16,19,2,44.1382438964844,1
2017,6,16,19,2,45.9440290527344,1
2017,6,16,19,2,47.7497939453125,1
2017,6,16,19,2,49.5555219726563,1
2017,6,16,19,2,51.3614321289063,1
2017,6,16,19,2,53.167125,1
2017,6,16,19,2,54.9730788574219,1
2017,6,16,19,2,56.7796279296875,1
2017,6,16,19,2,58.585330078125,1
2017,6,16,19,3,0.390991943359375,1
2017,6,16,19,3,2.196712890625,1
2017,6,16,19,3,4.002837890625,1
2017,6,16,19,3,5.80854516601562,1
2017,6,16,19,3,7.61447192382813,1
2017,6,16,19,3,9.42023901367187,1
2017,6,16,19,3,11.2259240722656,1
2017,6,16,19,3,13.0317170410156,1
2017,6,16,19,3,14.8375930175781,1
2017,6,16,19,3,16.6433999023437,1
2017,6,16,19,3,18.4493549804688,1
2017,6,16,19,3,20.255078125,1
2017,6,16,19,3,22.0609860839844,1
2017,6,16,19,3,23.8669079589844,1
2017,6,16,19,3,25.6727199707031,1
2017,6,16,19,3,27.4785161132812,1
2017,6,16,19,3,29.28433984375,1
2017,6,16,19,3,31.0900759277344,1
2017,6,16,19,3,32.8957961425781,1
2017,6,16,19,3,34.7016599121094,1
2017,6,16,19,3,36.5074128417969,1
2017,6,16,19,3,38.3133420410156,1
2017,6,16,19,3,40.1190888671875,1
2017,6,16,19,3,41.9247790527344,1
2017,6,16,19,3,43.730623046875,1
2017,6,16,19,3,45.5364221191406,1
2017,6,16,19,3,47.3420788574219,1
2017,6,16,19,3,49.14791796875,1
2017,6,16,19,3,50.9536669921875,1
2017,6,16,19,3,52.7594978027344,1
2017,6,16,19,3,54.5655510253906,1
2017,6,16,19,3,56.3716608886719,1
2017,6,16,19,3,58.1773720703125,1
2017,6,16,19,3,59.9830451660156,1
2017,6,16,19,4,1.78896411132812,1
2017,6,16,19,4,3.59476391601563,1
2017,6,16,19,4,5.40048413085938,1
2017,6,16,19,4,7.20628491210937,1
2017,6,16,19,4,9.01205493164063,1
2017,6,16,19,4,10.8179250488281,1
2017,6,16,19,4,12.6239650878906,1
2017,6,16,19,4,14.42987109375,1
2017,6,16,19,4,16.2357189941406,1
2017,6,16,19,4,18.0415649414062,1
2017,6,16,19,4,19.8472321777344,1
2017,6,16,19,4,21.6530739746094,1
2017,6,16,19,4,26.6517028808594,1
2017,6,16,19,4,28.45762109375,1
2017,6,16,19,4,30.2635690917969,1
2017,6,16,19,4,32.0693828125,1
2017,6,16,19,4,33.8750861816406,1
2017,6,16,19,4,35.6808100585937,1
2017,6,16,19,4,37.4865461425781,1
2017,6,16,19,4,39.2922160644531,1
2017,6,16,19,4,41.0980200195312,1
2017,6,16,19,4,42.9039250488281,1
2017,6,16,19,4,44.709837890625,1
2017,6,16,19,4,46.5155529785156,1
2017,6,16,19,4,48.3214440917969,1
2017,6,16,19,4,50.1272370605469,1
2017,6,16,19,4,51.9329279785156,1
2017,6,16,19,4,53.7386069335938,1
2017,6,16,19,4,55.5443872070312,1
2017,6,16,19,4,57.3501301269531,1
2017,6,16,19,4,59.1558488769531,1
2017,6,16,19,5,0.961590087890625,1
2017,6,16,19,5,2.76742797851563,1
2017,6,16,19,5,4.573205078125,1
2017,6,16,19,5,6.37886596679687,1
2017,6,16,19,5,8.184712890625,1
2017,6,16,19,5,9.990662109375,1
2017,6,16,19,5,11.7965068359375,1
2017,6,16,19,5,13.6023601074219,1
2017,6,16,19,5,15.4082719726562,1
2017,6,16,19,5,17.2142189941406,1
2017,6,16,19,5,19.0199150390625,1
2017,6,16,19,5,20.8259389648438,1
2017,6,16,19,5,22.6318610839844,1
2017,6,16,19,5,24.4376931152344,1
2017,6,16,19,5,26.2436279296875,0
2017,6,16,19,5,28.0507841796875,0
2017,6,16,19,5,29.8566101074219,0
2017,6,16,19,5,31.6624602050781,0
2017,6,16,19,5,33.4683071289062,0
2017,6,16,19,5,35.2739912109375,0
2017,6,16,19,5,37.0797250976563,0
2017,6,16,19,5,38.8857971191406,0
2017,6,16,19,5,40.6915830078125,0
2017,6,16,19,5,42.4974760742188,0
2017,6,16,19,5,44.3033908691406,0
2017,6,16,19,5,46.1091420898438,0
2017,6,16,19,5,47.9149118652344,0
2017,6,16,19,5,49.7205930175781,0
2017,6,16,19,5,51.5265200195312,0
2017,6,16,19,5,53.3324079589844,0
2017,6,16,19,5,55.1381320800781,0
2017,6,16,19,5,56.9438520507813,0
2017,6,16,19,5,58.7496892089844,0
2017,6,16,19,6,0.555547119140625,0
2017,6,16,19,6,2.36136791992188,0
2017,6,16,19,6,4.1672890625,0
2017,6,16,19,6,5.97309301757813,0
2017,6,16,19,6,7.77884594726562,0
2017,6,16,19,6,9.58464697265625,0
2017,6,16,19,6,11.3904760742187,0
2017,6,16,19,6,13.1963229980469,0
2017,6,16,19,6,15.0019790039062,0
2017,6,16,19,6,16.8079309082031,0
2017,6,16,19,6,18.6136520996094,0
2017,6,16,19,6,43.5110170898437,0
2017,6,16,19,6,45.3167080078125,0
2017,6,16,19,6,47.1225639648437,0
2017,6,16,19,6,48.9284108886719,0
2017,6,16,19,6,50.7340988769531,0
2017,6,16,19,6,52.5399279785156,0
2017,6,16,19,6,54.3456240234375,0
2017,6,16,19,6,56.1514270019531,0
2017,6,16,19,6,57.9572370605469,0
2017,6,16,19,6,59.7630141601563,0
2017,6,16,19,7,1.570005859375,0
2017,6,16,19,7,3.3757861328125,0
2017,6,16,19,7,5.18159301757813,0
2017,6,16,19,7,6.98727905273438,0
2017,6,16,19,7,8.79306005859375,0
2017,6,16,19,7,10.5994140625,0
2017,6,16,19,7,12.4053591308594,0
2017,6,16,19,7,14.2111860351562,0
2017,6,16,19,7,16.0168728027344,0
2017,6,16,19,7,17.8227790527344,0
2017,6,16,19,7,19.6286040039063,0
2017,6,16,19,7,21.4344689941406,0
2017,6,16,19,7,23.2402990722656,0
2017,6,16,19,7,25.0461960449219,0
2017,6,16,19,7,26.8519741210938,0
2017,6,16,19,7,28.6578081054687,0
2017,6,16,19,7,30.4637060546875,0
2017,6,16,19,7,32.2695419921875,0
2017,6,16,19,7,34.0752119140625,0
2017,6,16,19,7,35.8809299316406,0
2017,6,16,19,7,37.6866118164062,0
2017,6,16,19,7,49.7059580078125,0
2017,6,16,19,7,51.511755859375,0
2017,6,16,19,7,53.3176828613281,0
2017,6,16,19,7,55.1236318359375,0
2017,6,16,19,7,56.9294428710937,0
2017,6,16,19,7,58.7352258300781,0
2017,6,16,19,8,0.541053955078125,0
2017,6,16,19,8,2.34694287109375,0
2017,6,16,19,8,4.15263793945313,0
2017,6,16,19,8,5.9585927734375,0
2017,6,16,19,8,7.76426000976562,0
2017,6,16,19,8,9.57166796875,0
2017,6,16,19,8,11.3773999023438,0
2017,6,16,19,8,13.1833342285156,1
2017,6,16,19,8,14.9891569824219,2
2017,6,16,19,8,16.7948400878906,2
2017,6,16,19,8,18.6006801757812,2
2017,6,16,19,8,20.4064050292969,2
2017,6,16,19,8,22.2122280273437,2
2017,6,16,19,8,24.0179108886719,2
2017,6,16,19,8,25.8238220214844,2
2017,6,16,19,8,27.6298239746094,2
2017,6,16,19,8,29.435498046875,2
2017,6,16,19,8,31.2413798828125,2
2017,6,16,19,8,33.0472399902344,2
2017,6,16,19,8,34.8530249023437,2
2017,6,16,19,8,36.658744140625,2
2017,6,16,19,8,38.4644660644531,2
2017,6,16,19,8,40.2704812011719,2
2017,6,16,19,8,42.076212890625,2
2017,6,16,19,8,43.882083984375,2
2017,6,16,19,8,45.6880209960937,2
2017,6,16,19,8,47.4939169921875,2
2017,6,16,19,8,49.2995961914063,2
2017,6,16,19,8,51.1055441894531,2
2017,6,16,19,8,52.9113937988281,1
2017,6,16,19,8,54.7173208007813,1
2017,6,16,19,8,56.5230961914063,1
2017,6,16,19,8,58.3287561035156,1
2017,6,16,19,9,0.134576171875,1
2017,6,16,19,9,1.94043481445313,1
2017,6,16,19,9,3.74601879882812,1
2017,6,16,19,9,5.55182592773437,1
2017,6,16,19,9,7.35759497070312,1
2017,6,16,19,9,9.16355297851563,1
2017,6,16,19,9,10.9693552246094,1
2017,6,16,19,9,12.7753020019531,1
2017,6,16,19,9,14.5811879882813,1
2017,6,16,19,9,16.3869699707031,1
2017,6,16,19,9,18.1926359863281,1
2017,6,16,19,9,19.9985009765625,1
2017,6,16,19,9,21.8042819824219,1
2017,6,16,19,9,23.6101000976563,1
2017,6,16,19,9,25.4158959960937,1
2017,6,16,19,9,27.2219050292969,1
2017,6,16,19,9,29.0276909179688,1
2017,6,16,19,9,30.8335100097656,1
2017,6,16,19,9,32.6391799316406,1
2017,6,16,19,9,34.444833984375,1
2017,6,16,19,9,36.2507209472656,1
2017,6,16,19,9,38.0564838867188,1
2017,6,16,19,9,39.8622189941406,1
2017,6,16,19,9,41.6680319824219,1
2017,6,16,19,9,43.4738469238281,1
2017,6,16,19,9,45.27958984375,1
2017,6,16,19,9,47.0854689941406,1
2017,6,16,19,9,48.8914260253906,1
2017,6,16,19,9,50.6972041015625,1
2017,6,16,19,9,52.5030341796875,1
2017,6,16,19,9,54.3089299316406,1
2017,6,16,19,9,56.1147490234375,1
2017,6,16,19,9,57.9205419921875,1
2017,6,16,19,9,59.7263391113281,1
2017,6,16,19,10,1.53234912109375,1
2017,6,16,19,10,3.33817016601563,1
2017,6,16,19,10,5.14406201171875,1
2017,6,16,19,10,6.950001953125,1
2017,6,16,19,10,8.75592700195313,1
2017,6,16,19,10,10.5615991210937,1
2017,6,16,19,10,12.3672590332031,1
2017,6,16,19,10,14.173208984375,1
2017,6,16,19,10,15.9791560058594,1
2017,6,16,19,10,17.7848679199219,1
2017,6,16,19,10,19.5906359863281,1
2017,6,16,19,10,21.3963449707031,1
2017,6,16,19,10,23.2021538085937,1
2017,6,16,19,10,25.0102280273438,1
2017,6,16,19,10,26.8161040039063,1
2017,6,16,19,10,28.6219848632812,1
2017,6,16,19,10,30.427869140625,1
2017,6,16,19,10,32.2335888671875,1
2017,6,16,19,10,34.0393117675781,1
2017,6,16,19,10,35.8452338867188,1
2017,6,16,19,10,37.6509340820312,1
2017,6,16,19,10,39.45679296875,1
2017,6,16,19,10,41.2626408691406,1
2017,6,16,19,10,43.0684270019531,1
2017,6,16,19,10,44.8742412109375,1
2017,6,16,19,10,46.6801950683594,2
2017,6,16,19,10,48.4859130859375,2
2017,6,16,19,10,50.2917980957031,2
2017,6,16,19,10,52.0974709472656,2
2017,6,16,19,10,53.9031989746094,2
2017,6,16,19,10,55.7090439453125,2
2017,6,16,19,10,57.514998046875,1
2017,6,16,19,10,59.3264411621094,1
2017,6,16,19,11,1.1323701171875,1
2017,6,16,19,11,2.93809594726562,1
2017,6,16,19,11,4.7438759765625,1
2017,6,16,19,11,6.5497080078125,1
2017,6,16,19,11,8.35545703125,1
2017,6,16,19,11,10.1611740722656,1
2017,6,16,19,11,11.9668310546875,1
2017,6,16,19,11,13.7725671386719,1
2017,6,16,19,11,15.5784841308594,1
2017,6,16,19,11,17.3844768066406,1
2017,6,16,19,11,19.1903391113281,1
2017,6,16,19,11,20.99620703125,1
2017,6,16,19,11,22.8021140136719,1
2017,6,16,19,11,24.6078010253906,1
2017,6,16,19,11,26.4137390136719,1
2017,6,16,19,11,28.2195981445313,1
2017,6,16,19,11,30.0253330078125,1
2017,6,16,19,11,31.831125,1
2017,6,16,19,11,33.6369140625,1
2017,6,16,19,11,35.4426728515625,1
2017,6,16,19,11,37.2483310546875,1
2017,6,16,19,11,39.0541721191406,1
2017,6,16,19,11,40.8598688964844,1
2017,6,16,19,11,42.6656770019531,1
2017,6,16,19,11,44.4716279296875,1
2017,6,16,19,11,46.2775390625,1
2017,6,16,19,11,48.0833530273437,1
2017,6,16,19,11,49.8891821289062,1
2017,6,16,19,11,51.69500390625,1
2017,6,16,19,11,53.5008498535156,1
2017,6,16,19,11,55.3066960449219,1
2017,6,16,19,11,57.1124460449219,1
2017,6,16,19,11,58.9183029785156,1
2017,6,16,19,12,0.72414990234375,1
2017,6,16,19,12,2.52984399414062,1
2017,6,16,19,12,4.33564599609375,1
2017,6,16,19,12,6.14152294921875,1
2017,6,16,19,12,7.94731103515625,1
2017,6,16,19,12,9.75323193359375,1
2017,6,16,19,12,11.5591420898437,1
2017,6,16,19,12,13.3650419921875,1
2017,6,16,19,12,15.1709819335937,1
2017,6,16,19,12,16.976912109375,1
2017,6,16,19,12,18.78275,1
2017,6,16,19,12,20.5886799316406,1
2017,6,16,19,12,22.3943430175781,1
2017,6,16,19,12,24.2001928710938,1
2017,6,16,19,12,26.0059357910156,1
2017,6,16,19,12,27.8116508789062,1
2017,6,16,19,12,29.6173740234375,1
2017,6,16,19,12,31.4231008300781,1
2017,6,16,19,12,33.2288549804688,1
2017,6,16,19,12,35.0346789550781,1
2017,6,16,19,12,36.8406018066406,1
2017,6,16,19,12,38.6466140136719,1
2017,6,16,19,12,40.4525070800781,1
2017,6,16,19,12,42.2583898925781,1
2017,6,16,19,12,44.0642399902344,1
2017,6,16,19,12,45.8698930664062,1
2017,6,16,19,12,47.6755810546875,1
2017,6,16,19,12,49.4885270996094,1
2017,6,16,19,12,51.2942719726562,1
2017,6,16,19,12,53.0999501953125,1
2017,6,16,19,12,54.9058071289062,1
2017,6,16,19,12,56.7116279296875,1
2017,6,16,19,12,58.5172839355469,1
2017,6,16,19,13,0.32297705078125,1
2017,6,16,19,13,2.12887915039062,1
2017,6,16,19,13,3.93477807617188,1
2017,6,16,19,13,5.74051196289062,1
2017,6,16,19,13,7.54655688476563,1
2017,6,16,19,13,9.35230004882813,1
2017,6,16,19,13,11.1581809082031,1
2017,6,16,19,13,12.9639631347656,1
2017,6,16,19,13,14.7698740234375,1
2017,6,16,19,13,16.5757490234375,1
2017,6,16,19,13,18.3814899902344,1
2017,6,16,19,13,20.1874038085937,1
2017,6,16,19,13,21.9933559570312,1
2017,6,16,19,13,23.7990629882812,1
2017,6,16,19,13,25.6048637695312,1
2017,6,16,19,13,27.4106108398437,1
2017,6,16,19,13,29.2162819824219,1
2017,6,16,19,13,31.0220749511719,1
2017,6,16,19,13,32.8279450683594,1
2017,6,16,19,13,34.6337060546875,1
2017,6,16,19,13,36.4395629882813,1
2017,6,16,19,13,38.245255859375,1
2017,6,16,19,13,40.0510139160156,1
2017,6,16,19,13,41.8567768554688,1
2017,6,16,19,13,43.6626940917969,1
2017,6,16,19,13,45.4684208984375,1
2017,6,16,19,13,47.2740920410156,1
2017,6,16,19,13,49.0803388671875,1
2017,6,16,19,13,50.8861179199219,1
2017,6,16,19,13,52.6918708496094,1
2017,6,16,19,13,54.4978999023437,1
2017,6,16,19,13,56.3035048828125,1
2017,6,16,19,13,58.10941796875,1
2017,6,16,19,13,59.9152470703125,1
2017,6,16,19,14,1.7211630859375,2
2017,6,16,19,14,3.52681909179688,2
2017,6,16,19,14,5.33274291992188,2
2017,6,16,19,14,7.13878002929687,2
2017,6,16,19,14,8.94448706054687,2
2017,6,16,19,14,10.7504428710937,2
2017,6,16,19,14,12.5563271484375,2
2017,6,16,19,14,14.3621179199219,2
2017,6,16,19,14,16.1680710449219,2
2017,6,16,19,14,17.9739631347656,2
2017,6,16,19,14,19.7797209472656,2
2017,6,16,19,14,21.5855529785156,2
2017,6,16,19,14,23.3912529296875,2
2017,6,16,19,14,25.1971281738281,2
2017,6,16,19,14,27.0029279785156,2
2017,6,16,19,14,28.8088469238281,2
2017,6,16,19,14,30.6146550292969,2
2017,6,16,19,14,32.4205170898437,2
2017,6,16,19,14,34.2264409179688,2
2017,6,16,19,14,36.0322529296875,2
2017,6,16,19,14,37.8381440429688,2
2017,6,16,19,14,39.6440661621094,2
2017,6,16,19,14,41.449994140625,2
2017,6,16,19,14,43.2556989746094,2
2017,6,16,19,14,45.0615720214844,2
2017,6,16,19,14,46.8673820800781,2
2017,6,16,19,14,48.6731279296875,2
2017,6,16,19,14,50.4791401367187,2
2017,6,16,19,14,52.2847490234375,2
2017,6,16,19,14,54.0904719238281,2
2017,6,16,19,14,55.8961711425781,2
2017,6,16,19,14,57.701916015625,2
2017,6,16,19,14,59.5077641601562,2
2017,6,16,19,15,1.31342504882812,2
2017,6,16,19,15,3.11910498046875,2
2017,6,16,19,15,4.9248701171875,2
2017,6,16,19,15,6.7307041015625,2
2017,6,16,19,15,8.53652416992188,2
2017,6,16,19,15,10.3424370117188,2
2017,6,16,19,15,12.148328125,2
2017,6,16,19,15,13.9540158691406,2
2017,6,16,19,15,15.7599909667969,2
2017,6,16,19,15,17.5657209472656,2
2017,6,16,19,15,19.3716789550781,2
2017,6,16,19,15,21.1776320800781,2
2017,6,16,19,15,22.9833200683594,2
2017,6,16,19,15,24.789171875,2
2017,6,16,19,15,26.5948391113281,2
2017,6,16,19,15,28.4007138671875,2
2017,6,16,19,15,30.2064567871094,2
2017,6,16,19,15,32.0123120117187,2
2017,6,16,19,15,33.8181938476562,2
2017,6,16,19,15,35.6240439453125,2
2017,6,16,19,15,37.4296970214844,2
2017,6,16,19,15,39.2355361328125,2
2017,6,16,19,15,41.0412048339844,2
2017,6,16,19,15,42.8470280761719,2
2017,6,16,19,15,44.6528029785156,2
2017,6,16,19,15,46.4587280273438,1
2017,6,16,19,15,48.2645190429688,1
2017,6,16,19,15,50.0705339355469,1
2017,6,16,19,15,51.8762800292969,1
2017,6,16,19,15,53.6821669921875,1
2017,6,16,19,15,55.4880539550781,1
2017,6,16,19,15,57.2940129394531,1
2017,6,16,19,15,59.0998061523438,1
2017,6,16,19,16,0.905593017578125,1
2017,6,16,19,16,2.71148291015625,1
2017,6,16,19,16,4.51734497070312,1
2017,6,16,19,16,6.32326611328125,1
2017,6,16,19,16,8.12910595703125,0
2017,6,16,19,16,9.93480493164063,0
2017,6,16,19,16,11.7405751953125,0
2017,6,16,19,16,13.546330078125,0
2017,6,16,19,16,15.3521459960937,0
2017,6,16,19,16,17.1579311523437,0
2017,6,16,19,16,18.963630859375,0
2017,6,16,19,16,20.7695200195312,0
2017,6,16,19,16,22.57537890625,0
2017,6,16,19,16,24.3812600097656,0
2017,6,16,19,16,26.1869890136719,0
2017,6,16,19,16,27.9927028808594,0
2017,6,16,19,16,29.7984650878906,0
2017,6,16,19,16,31.6041979980469,0
2017,6,16,19,16,33.4099008789062,0
2017,6,16,19,16,35.215794921875,0
2017,6,16,19,16,37.0215659179688,0
2017,6,16,19,16,38.8272619628906,0
2017,6,16,19,16,40.6331337890625,0
2017,6,16,19,16,42.4388840332031,0
2017,6,16,19,16,44.2446389160156,0
2017,6,16,19,16,46.0503481445312,0
2017,6,16,19,16,47.8560310058594,0
2017,6,16,19,16,49.6617419433594,0
2017,6,16,19,16,51.4674270019531,0
2017,6,16,19,16,53.273166015625,0
2017,6,16,19,16,55.0869470214844,0
2017,6,16,19,16,56.8927729492188,0
2017,6,16,19,16,58.6984602050781,0
2017,6,16,19,17,0.504398193359375,0
2017,6,16,19,17,2.31019799804687,0
2017,6,16,19,17,4.11585302734375,0
2017,6,16,19,17,5.921744140625,0
2017,6,16,19,17,7.72755688476563,0
2017,6,16,19,17,9.53343383789062,0
2017,6,16,19,17,11.3393759765625,0
2017,6,16,19,17,13.1450349121094,0
2017,6,16,19,17,14.9508718261719,0
2017,6,16,19,17,16.7568159179688,0
2017,6,16,19,17,18.5626789550781,1
2017,6,16,19,17,20.3685358886719,1
2017,6,16,19,17,22.1743349609375,1
2017,6,16,19,17,23.9800949707031,1
2017,6,16,19,17,25.7860200195313,1
2017,6,16,19,17,27.5919147949219,1
2017,6,16,19,17,29.3977409667969,1
2017,6,16,19,17,31.2042600097656,1
2017,6,16,19,17,33.0092548828125,1
2017,6,16,19,17,34.814912109375,1
2017,6,16,19,17,36.6207321777344,1
2017,6,16,19,17,38.4264279785156,1
2017,6,16,19,17,40.2323269042969,1
2017,6,16,19,17,42.038255859375,1
2017,6,16,19,17,43.8442438964844,1
2017,6,16,19,17,45.6500170898438,1
2017,6,16,19,17,47.4558669433594,1
2017,6,16,19,17,49.3499479980469,1
2017,6,16,19,17,51.1556779785156,1
2017,6,16,19,17,52.9614670410156,1
2017,6,16,19,17,54.7673391113281,1
2017,6,16,19,17,56.572998046875,1
2017,6,16,19,17,58.3788271484375,1
2017,6,16,19,18,0.184748779296875,1
2017,6,16,19,18,1.99045483398438,1
2017,6,16,19,18,3.79619702148437,1
2017,6,16,19,18,5.60193701171875,1
2017,6,16,19,18,7.40768701171875,1
2017,6,16,19,18,9.21353515625,1
2017,6,16,19,18,11.0194780273437,1
2017,6,16,19,18,12.8253420410156,1
2017,6,16,19,18,14.6311550292969,1
2017,6,16,19,18,16.4370920410156,1
2017,6,16,19,18,18.242958984375,1
2017,6,16,19,18,20.0488010253906,1
2017,6,16,19,18,21.8546840820312,1
2017,6,16,19,18,23.6603479003906,1
2017,6,16,19,18,25.4661008300781,1
2017,6,16,19,18,27.2720161132812,1
2017,6,16,19,18,29.0776838378906,1
2017,6,16,19,18,30.8834460449219,1
2017,6,16,19,18,32.6892790527344,1
2017,6,16,19,18,34.4951459960937,1
2017,6,16,19,18,40.9395090332031,0
2017,6,16,19,18,42.7454418945312,0
2017,6,16,19,18,44.5512458496094,0
2017,6,16,19,18,46.357083984375,0
2017,6,16,19,18,48.1627890625,0
2017,6,16,19,18,49.9685239257812,0
2017,6,16,19,18,51.7742651367188,0
2017,6,16,19,18,53.5801511230469,0
2017,6,16,19,18,55.3862021484375,0
2017,6,16,19,18,57.1921040039063,0
2017,6,16,19,18,58.9978210449219,0
2017,6,16,19,19,0.80350390625,0
2017,6,16,19,19,2.60933715820312,0
2017,6,16,19,19,4.4152587890625,0
2017,6,16,19,19,6.22091381835938,0
2017,6,16,19,19,8.02656884765625,0
2017,6,16,19,19,9.8323759765625,0
2017,6,16,19,19,11.6381789550781,0
2017,6,16,19,19,13.4439521484375,0
2017,6,16,19,19,15.2498249511719,0
2017,6,16,19,19,17.0555209960938,0
2017,6,16,19,19,18.8612280273437,0
2017,6,16,19,19,20.6670561523438,0
2017,6,16,19,19,22.4729790039063,0
2017,6,16,19,19,24.2788442382812,0
2017,6,16,19,19,26.0845798339844,0
2017,6,16,19,19,27.8903930664063,0
2017,6,16,19,19,29.696291015625,0
2017,6,16,19,19,31.5021401367188,0
2017,6,16,19,19,33.3080561523438,0
2017,6,16,19,19,35.1137768554687,0
2017,6,16,19,19,36.9195029296875,1
2017,6,16,19,19,38.7253740234375,1
2017,6,16,19,19,40.5312800292969,1
2017,6,16,19,19,42.3371411132812,1
2017,6,16,19,19,44.1428840332031,2
2017,6,16,19,19,45.9485900878906,2
2017,6,16,19,19,47.7544709472656,2
2017,6,16,19,19,49.5602709960937,2
2017,6,16,19,19,51.3660590820312,2
2017,6,16,19,19,53.1720021972656,2
2017,6,16,19,19,54.97770703125,2
2017,6,16,19,19,56.7836540527344,2
2017,6,16,19,19,58.5896088867188,2
2017,6,16,19,20,0.395386962890625,2
2017,6,16,19,20,2.20134814453125,2
2017,6,16,19,20,4.00714501953125,2
2017,6,16,19,20,5.81306201171875,2
2017,6,16,19,20,7.61886083984375,2
2017,6,16,19,20,9.42461108398438,2
2017,6,16,19,20,11.230375,2
2017,6,16,19,20,13.0361569824219,2
2017,6,16,19,20,14.8420778808594,2
2017,6,16,19,20,16.6480241699219,2
2017,6,16,19,20,18.45369921875,2
2017,6,16,19,20,20.259583984375,2
2017,6,16,19,20,22.0655229492187,2
2017,6,16,19,20,23.8714658203125,2
2017,6,16,19,20,25.6772160644531,2
2017,6,16,19,20,27.4828950195312,2
2017,6,16,19,20,29.2898239746094,2
2017,6,16,19,20,31.0955920410156,2
2017,6,16,19,20,32.9015080566406,2
2017,6,16,19,20,34.7073540039062,2
2017,6,16,19,20,36.513087890625,2
2017,6,16,19,20,38.3188500976563,2
2017,6,16,19,20,40.1253850097656,2
2017,6,16,19,20,41.9307448730469,2
2017,6,16,19,20,43.7365629882812,2
2017,6,16,19,20,45.54224609375,2
2017,6,16,19,20,47.3482739257812,2
2017,6,16,19,20,49.1541779785156,2
2017,6,16,19,20,50.9598959960937,2
2017,6,16,19,20,52.7657399902344,2
2017,6,16,19,20,54.5716469726562,2
2017,6,16,19,20,56.3775849609375,2
2017,6,16,19,20,58.1833549804687,1
2017,6,16,19,20,59.989248046875,1
2017,6,16,19,21,1.79490795898438,1
2017,6,16,19,21,3.60077807617188,1
2017,6,16,19,21,5.40651611328125,1
2017,6,16,19,21,7.21232397460938,1
2017,6,16,19,21,9.01810107421875,1
2017,6,16,19,21,10.8238288574219,1
2017,6,16,19,21,12.6295112304688,1
2017,6,16,19,21,14.4354228515625,1
2017,6,16,19,21,16.2413588867187,1
2017,6,16,19,21,18.0472768554687,1
2017,6,16,19,21,19.8530048828125,1
2017,6,16,19,21,21.659037109375,1
2017,6,16,19,21,23.464919921875,1
2017,6,16,19,21,25.2706579589844,1
2017,6,16,19,21,27.076455078125,1
2017,6,16,19,21,28.8821489257813,1
2017,6,16,19,21,30.6879870605469,1
2017,6,16,19,21,32.4938171386719,1
2017,6,16,19,21,34.299623046875,1
2017,6,16,19,21,36.1054311523437,1
2017,6,16,19,21,37.9111110839844,1
2017,6,16,19,21,39.7168369140625,1
2017,6,16,19,21,41.5226809082031,1
2017,6,16,19,21,43.3286398925781,1
2017,6,16,19,21,45.1345261230469,1
2017,6,16,19,21,46.9403259277344,1
2017,6,16,19,21,48.746048828125,1
2017,6,16,19,21,50.5519331054687,1
2017,6,16,19,21,52.3578239746094,1
2017,6,16,19,21,54.1717250976562,1
2017,6,16,19,21,55.9775610351562,1
2017,6,16,19,21,57.7832761230469,1
2017,6,16,19,21,59.5889521484375,1
2017,6,16,19,22,1.39489013671875,1
2017,6,16,19,22,3.20059790039062,1
2017,6,16,19,22,5.00639697265625,1
2017,6,16,19,22,6.81206201171875,1
2017,6,16,19,22,8.6178310546875,1
2017,6,16,19,22,10.4235681152344,1
2017,6,16,19,22,12.2294079589844,1
2017,6,16,19,22,14.0353310546875,1
2017,6,16,19,22,15.8410349121094,1
2017,6,16,19,22,17.6468889160156,1
2017,6,16,19,22,19.4527358398438,1
2017,6,16,19,22,21.2586110839844,1
2017,6,16,19,22,23.0643950195313,1
2017,6,16,19,22,24.8704140625,1
2017,6,16,19,22,26.6762021484375,1
2017,6,16,19,22,28.4820119628906,1
2017,6,16,19,22,30.2878239746094,1
2017,6,16,19,22,32.0937590332031,1
2017,6,16,19,22,33.8994450683594,1
2017,6,16,19,22,35.7052268066406,1
2017,6,16,19,22,37.5112041015625,1
2017,6,16,19,22,39.3169750976562,1
2017,6,16,19,22,41.1229030761719,1
2017,6,16,19,22,42.9287700195312,1
2017,6,16,19,22,44.734462890625,1
2017,6,16,19,22,46.5402680664062,1
2017,6,16,19,22,48.3461220703125,1
2017,6,16,19,22,50.1520659179687,1
2017,6,16,19,22,51.95783984375,1
2017,6,16,19,22,53.7637290039062,1
2017,6,16,19,22,55.5694521484375,1
2017,6,16,19,22,57.3752160644531,1
2017,6,16,19,22,59.1811140136719,1
2017,6,16,19,23,0.986962158203125,1
2017,6,16,19,23,2.79276293945312,1
2017,6,16,19,23,4.5987119140625,1
2017,6,16,19,23,6.40440698242188,1
2017,6,16,19,23,8.21007983398438,1
2017,6,16,19,23,10.0158579101562,1
2017,6,16,19,23,11.821833984375,1
2017,6,16,19,23,13.6276318359375,1
2017,6,16,19,23,15.4334240722656,1
2017,6,16,19,23,17.2390798339844,1
2017,6,16,19,23,19.0539519042969,1
2017,6,16,19,23,20.8596740722656,1
2017,6,16,19,23,22.66541015625,1
2017,6,16,19,23,24.4711789550781,1
2017,6,16,19,23,26.2769799804687,1
2017,6,16,19,23,28.0830129394531,1
2017,6,16,19,23,29.8887680664063,1
2017,6,16,19,23,31.6946169433594,1
2017,6,16,19,23,33.500294921875,1
2017,6,16,19,23,35.3061909179687,1
2017,6,16,19,23,37.1120419921875,1
2017,6,16,19,23,38.9178039550781,1
2017,6,16,19,23,40.7235368652344,1
2017,6,16,19,23,42.5293020019531,1
2017,6,16,19,23,44.3352160644531,1
2017,6,16,19,23,46.1410129394531,1
2017,6,16,19,23,47.94691796875,1
2017,6,16,19,23,49.752837890625,1
2017,6,16,19,23,51.5584919433594,1
2017,6,16,19,23,53.3641450195313,1
2017,6,16,19,23,55.1707019042969,1
2017,6,16,19,23,56.9763559570313,1
2017,6,16,19,23,58.7820610351562,1
2017,6,16,19,24,0.587901123046875,1
2017,6,16,19,24,2.3936689453125,1
2017,6,16,19,24,4.199501953125,1
2017,6,16,19,24,6.00534790039062,1
2017,6,16,19,24,7.81127001953125,1
2017,6,16,19,24,9.61714599609375,1
2017,6,16,19,24,11.4229729003906,1
2017,6,16,19,24,13.22870703125,1
2017,6,16,19,24,15.0345319824219,1
2017,6,16,19,24,16.8402180175781,1
2017,6,16,19,24,18.6460969238281,1
2017,6,16,19,24,20.4518220214844,1
2017,6,16,19,24,22.2576369628906,1
2017,6,16,19,24,24.0635080566406,1
2017,6,16,19,24,25.8692309570312,1
2017,6,16,19,24,27.6750830078125,1
2017,6,16,19,24,29.480787109375,1
2017,6,16,19,24,31.2865969238281,1
2017,6,16,19,24,33.0924880371094,1
2017,6,16,19,24,34.8981420898438,1
2017,6,16,19,24,36.7040751953125,1
2017,6,16,19,24,38.5098911132812,1
2017,6,16,19,24,40.31569921875,0
2017,6,16,19,24,42.1214890136719,0
2017,6,16,19,24,43.927453125,0
2017,6,16,19,24,48.7681811523438,0
2017,6,16,19,24,50.5741359863281,0
2017,6,16,19,24,52.3798830566406,0
2017,6,16,19,24,54.1857248535156,0
2017,6,16,19,24,55.9916020507813,0
2017,6,16,19,24,57.7972609863281,0
2017,6,16,19,24,59.6031079101562,0
2017,6,16,19,25,1.40897290039063,0
2017,6,16,19,25,3.21484716796875,0
2017,6,16,19,25,5.02063696289062,0
2017,6,16,19,25,6.82644287109375,0
2017,6,16,19,25,8.6326630859375,0
2017,6,16,19,25,10.43858203125,0
2017,6,16,19,25,12.2446079101562,0
2017,6,16,19,25,14.0502219238281,0
2017,6,16,19,25,15.8560532226563,0
2017,6,16,19,25,17.6618181152344,0
2017,6,16,19,25,19.4675759277344,0
2017,6,16,19,25,21.273458984375,0
2017,6,16,19,25,23.0792861328125,0
2017,6,16,19,25,24.8852661132813,1
2017,6,16,19,25,26.6907749023438,1
2017,6,16,19,25,28.4965961914063,1
2017,6,16,19,25,30.3023820800781,1
2017,6,16,19,25,32.1081081542969,1
2017,6,16,19,25,33.9140361328125,1
2017,6,16,19,25,35.7197680664063,1
2017,6,16,19,25,37.5255798339844,1
2017,6,16,19,25,39.3313740234375,1
2017,6,16,19,25,41.1372719726563,1
2017,6,16,19,25,42.9432238769531,1
2017,6,16,19,25,44.7491501464844,1
2017,6,16,19,25,46.5575319824219,1
2017,6,16,19,25,48.363298828125,1
2017,6,16,19,25,50.1692170410156,1
2017,6,16,19,25,51.9749819335938,1
2017,6,16,19,25,53.7808571777344,1
2017,6,16,19,25,55.5865290527344,1
2017,6,16,19,25,57.3922709960937,1
2017,6,16,19,25,59.1980529785156,1
2017,6,16,19,26,1.0038759765625,1
2017,6,16,19,26,2.80963623046875,1
2017,6,16,19,26,4.61549096679687,1
2017,6,16,19,26,6.42119799804687,1
2017,6,16,19,26,8.22711206054687,1
2017,6,16,19,26,10.0328020019531,1
2017,6,16,19,26,11.838498046875,1
2017,6,16,19,26,13.6442719726563,1
2017,6,16,19,26,15.4502219238281,1
2017,6,16,19,26,17.2559421386719,1
2017,6,16,19,26,19.0618479003906,1
2017,6,16,19,26,20.8675151367188,1
2017,6,16,19,26,22.6734631347656,1
2017,6,16,19,26,24.4792160644531,1
2017,6,16,19,26,26.2851328125,1
2017,6,16,19,26,28.0907878417969,1
2017,6,16,19,26,29.8966520996094,1
2017,6,16,19,26,31.7024719238281,1
2017,6,16,19,26,33.5083759765625,1
2017,6,16,19,26,35.3142399902344,1
2017,6,16,19,26,37.1199309082031,1
2017,6,16,19,26,38.9258698730469,1
2017,6,16,19,26,40.7315471191406,1
2017,6,16,19,26,42.5373588867187,1
2017,6,16,19,26,44.3430568847656,1
2017,6,16,19,26,46.1488818359375,1
2017,6,16,19,26,47.9546889648437,1
2017,6,16,19,26,49.7604599609375,1
2017,6,16,19,26,51.5662270507813,1
2017,6,16,19,26,53.3721879882812,1
2017,6,16,19,26,55.1778869628906,1
2017,6,16,19,26,56.9837119140625,1
2017,6,16,19,26,58.7893659667969,1
2017,6,16,19,27,0.59519091796875,1
2017,6,16,19,27,2.401076171875,1
2017,6,16,19,27,4.20686499023437,1
2017,6,16,19,27,6.0127919921875,1
2017,6,16,19,27,7.81859985351563,1
2017,6,16,19,27,9.62448681640625,1
2017,6,16,19,27,11.4393000488281,1
2017,6,16,19,27,13.2451520996094,1
2017,6,16,19,27,15.050875,1
2017,6,16,19,27,16.856578125,1
2017,6,16,19,27,18.6625209960938,1
2017,6,16,19,27,20.4684670410156,1
2017,6,16,19,27,22.2741750488281,1
2017,6,16,19,27,24.0801259765625,1
2017,6,16,19,27,25.8858459472656,1
2017,6,16,19,27,27.6917570800781,1
2017,6,16,19,27,29.4975368652344,1
2017,6,16,19,27,31.30324609375,1
2017,6,16,19,27,33.1090969238281,1
2017,6,16,19,27,34.9147849121094,1
2017,6,16,19,27,36.7205119628906,1
2017,6,16,19,27,38.5261779785156,1
2017,6,16,19,27,40.331873046875,1
2017,6,16,19,27,42.1378181152344,1
2017,6,16,19,27,43.9435029296875,1
2017,6,16,19,27,45.7494331054688,1
2017,6,16,19,27,47.5551770019531,1
2017,6,16,19,27,49.3609509277344,1
2017,6,16,19,27,51.1666491699219,1
2017,6,16,19,27,52.9724489746094,1
2017,6,16,19,27,54.778166015625,1
2017,6,16,19,27,56.5841279296875,1
2017,6,16,19,27,58.3899450683594,1
2017,6,16,19,28,0.19576416015625,1
2017,6,16,19,28,2.00165698242188,1
2017,6,16,19,28,3.80752807617188,1
2017,6,16,19,28,5.61319799804687,1
2017,6,16,19,28,7.41904711914063,1
2017,6,16,19,28,9.224708984375,1
2017,6,16,19,28,11.0305891113281,1
2017,6,16,19,28,12.8363110351562,1
2017,6,16,19,28,14.6421940917969,1
2017,6,16,19,28,16.4479990234375,1
2017,6,16,19,28,18.2538190917969,1
2017,6,16,19,28,20.0596960449219,1
2017,6,16,19,28,21.8654270019531,1
2017,6,16,19,28,23.67112890625,1
2017,6,16,19,28,25.4769958496094,1
2017,6,16,19,28,27.2826840820312,1
2017,6,16,19,28,29.0886071777344,1
2017,6,16,19,28,30.8945200195312,1
2017,6,16,19,28,32.7003159179688,1
2017,6,16,19,28,34.5061899414062,1
2017,6,16,19,28,36.3216369628906,1
2017,6,16,19,28,38.1275620117188,1
2017,6,16,19,28,39.9335,1
2017,6,16,19,28,41.7392360839844,1
2017,6,16,19,28,43.5450881347656,1
2017,6,16,19,28,45.3508369140625,1
2017,6,16,19,28,47.1565849609375,1
2017,6,16,19,28,48.9622768554688,1
2017,6,16,19,28,50.7681811523438,1
2017,6,16,19,28,52.5738608398438,1
2017,6,16,19,28,54.3795939941406,1
2017,6,16,19,28,56.185416015625,1
2017,6,16,19,28,57.9911330566406,1
2017,6,16,19,28,59.7970249023438,1
2017,6,16,19,29,1.6028740234375,1
2017,6,16,19,29,3.40860205078125,1
2017,6,16,19,29,5.21439599609375,1
2017,6,16,19,29,7.02013623046875,1
2017,6,16,19,29,8.82582202148438,1
2017,6,16,19,29,10.6317229003906,1
2017,6,16,19,29,12.4375651855469,1
2017,6,16,19,29,14.2433869628906,1
2017,6,16,19,29,16.0493229980469,1
2017,6,16,19,29,17.8550278320313,1
2017,6,16,19,29,19.6608249511719,1
2017,6,16,19,29,21.4666870117188,1
2017,6,16,19,29,23.2724079589844,1
2017,6,16,19,29,25.0782119140625,1
2017,6,16,19,29,26.8839418945313,1
2017,6,16,19,29,28.689623046875,1
2017,6,16,19,29,30.4953940429688,1
2017,6,16,19,29,32.3013930664062,1
2017,6,16,19,29,34.1070380859375,1
2017,6,16,19,29,35.9127468261719,1
2017,6,16,19,29,37.719330078125,1
2017,6,16,19,29,39.5249929199219,1
2017,6,16,19,29,41.3306821289062,1
2017,6,16,19,29,43.1366049804688,1
2017,6,16,19,29,44.9424890136719,1
2017,6,16,19,29,46.7482121582031,1
2017,6,16,19,29,48.55400390625,1
2017,6,16,19,29,50.3597260742187,1
2017,6,16,19,29,52.1653969726562,1
2017,6,16,19,29,53.9713010253906,2
2017,6,16,19,29,55.7771000976563,2
2017,6,16,19,29,57.5830222167969,2
2017,6,16,19,29,59.3886840820312,2
2017,6,16,19,30,1.19455493164062,2
2017,6,16,19,30,3.00034399414062,2
2017,6,16,19,30,4.80622998046875,2
2017,6,16,19,30,6.61213891601562,2
2017,6,16,19,30,8.41781591796875,2
2017,6,16,19,30,10.2236188964844,2
2017,6,16,19,30,12.0295620117188,2
2017,6,16,19,30,13.8353269042969,2
2017,6,16,19,30,15.6411450195312,2
2017,6,16,19,30,17.4468500976562,2
2017,6,16,19,30,19.2526560058594,2
2017,6,16,19,30,21.0585661621094,2
2017,6,16,19,30,22.8644760742188,2
2017,6,16,19,30,24.6701979980469,2
2017,6,16,19,30,26.4760119628906,2
2017,6,16,19,30,28.2817021484375,2
2017,6,16,19,30,30.0873588867188,2
2017,6,16,19,30,31.8930649414063,2
2017,6,16,19,30,33.6987700195313,2
2017,6,16,19,30,35.5046770019531,2
2017,6,16,19,30,37.3106101074219,2
2017,6,16,19,30,39.1164328613281,2
2017,6,16,19,30,40.9223461914062,2
2017,6,16,19,30,42.7281069335938,2
2017,6,16,19,30,44.5339760742187,2
2017,6,16,19,30,46.3397570800781,2
2017,6,16,19,30,48.145423828125,2
2017,6,16,19,30,49.9512961425781,1
2017,6,16,19,30,51.756998046875,1
2017,6,16,19,30,53.5630290527344,1
2017,6,16,19,30,55.3687019042969,1
2017,6,16,19,30,57.1744689941406,1
2017,6,16,19,30,58.9802580566406,1
2017,6,16,19,31,0.7861240234375,1
2017,6,16,19,31,2.5917890625,1
2017,6,16,19,31,4.39745678710938,1
2017,6,16,19,31,6.20332202148438,1
2017,6,16,19,31,8.0090087890625,1
2017,6,16,19,31,9.81482592773438,1
2017,6,16,19,31,11.6204951171875,1
2017,6,16,19,31,13.4261511230469,1
2017,6,16,19,31,15.2319370117188,1
2017,6,16,19,31,17.03762890625,1
2017,6,16,19,31,18.8433918457031,1
2017,6,16,19,31,20.64912890625,1
2017,6,16,19,31,22.4549560546875,1
2017,6,16,19,31,24.2608481445312,1
2017,6,16,19,31,26.0665668945312,1
2017,6,16,19,31,27.8722810058594,1
2017,6,16,19,31,29.6780549316406,1
2017,6,16,19,31,31.4838559570312,1
2017,6,16,19,31,33.2896630859375,1
2017,6,16,19,31,35.0955830078125,1
2017,6,16,19,31,36.9014360351563,1
2017,6,16,19,31,38.7070930175781,1
2017,6,16,19,31,40.5129599609375,1
2017,6,16,19,31,42.3187028808594,1
2017,6,16,19,31,44.1246240234375,1
2017,6,16,19,31,45.9303469238281,1
2017,6,16,19,31,47.7360187988281,1
2017,6,16,19,31,49.5416889648438,1
2017,6,16,19,31,51.3565080566406,1
2017,6,16,19,31,53.1622641601562,1
2017,6,16,19,31,54.9681989746094,1
2017,6,16,19,31,56.7738681640625,1
2017,6,16,19,31,58.5796599121094,1
2017,6,16,19,32,0.385531982421875,1
2017,6,16,19,32,2.1914091796875,1
2017,6,16,19,32,3.99722509765625,1
2017,6,16,19,32,5.803005859375,1
2017,6,16,19,32,7.60893896484375,1
2017,6,16,19,32,9.4149228515625,1
2017,6,16,19,32,11.2207351074219,1
2017,6,16,19,32,13.0266179199219,1
2017,6,16,19,32,14.832287109375,1
2017,6,16,19,32,16.6381918945312,1
2017,6,16,19,32,18.4440258789062,1
2017,6,16,19,32,20.2497980957031,1
2017,6,16,19,32,22.0565749511719,1
2017,6,16,19,32,23.8623139648438,1
2017,6,16,19,32,25.6682451171875,1
2017,6,16,19,32,27.4740319824219,1
2017,6,16,19,32,29.2798059082031,1
2017,6,16,19,32,31.0864619140625,1
2017,6,16,19,32,32.8921889648437,1
2017,6,16,19,32,34.6978449707031,2
2017,6,16,19,32,36.50358203125,2
2017,6,16,19,32,38.3094870605469,2
2017,6,16,19,32,40.1153330078125,2
2017,6,16,19,32,41.921005859375,2
2017,6,16,19,32,43.7267390136719,2
2017,6,16,19,32,45.5326020507813,2
2017,6,16,19,32,47.3384340820312,2
2017,6,16,19,32,49.1443181152344,2
2017,6,16,19,32,50.9499890136719,2
2017,6,16,19,32,52.7559499511719,1
2017,6,16,19,32,54.5617038574219,1
2017,6,16,19,32,56.3674289550781,1
2017,6,16,19,32,58.173283203125,1
2017,6,16,19,32,59.9790209960938,1
2017,6,16,19,33,1.78476586914062,1
2017,6,16,19,33,3.59063598632812,1
2017,6,16,19,33,5.396673828125,1
2017,6,16,19,33,7.20256811523438,1
2017,6,16,19,33,9.00822802734375,1
2017,6,16,19,33,10.8140180664063,1
2017,6,16,19,33,12.61983984375,1
2017,6,16,19,33,14.4257900390625,1
2017,6,16,19,33,16.2392658691406,1
2017,6,16,19,33,18.0452019042969,1
2017,6,16,19,33,19.8511301269531,1
2017,6,16,19,33,21.6570729980469,1
2017,6,16,19,33,23.4628410644531,1
2017,6,16,19,33,25.2687670898437,1
2017,6,16,19,33,27.0747038574219,1
2017,6,16,19,33,28.8804309082031,1
2017,6,16,19,33,30.6862580566406,1
2017,6,16,19,33,32.4919450683594,1
2017,6,16,19,33,34.2976027832031,1
2017,6,16,19,33,36.1034279785156,1
2017,6,16,19,33,37.9092768554687,1
2017,6,16,19,33,39.7150827636719,1
2017,6,16,19,33,41.52083984375,1
2017,6,16,19,33,43.3266169433594,1
2017,6,16,19,33,45.1322888183594,1
2017,6,16,19,33,46.9380629882813,1
2017,6,16,19,33,48.7437280273437,1
2017,6,16,19,33,50.5496311035156,1
2017,6,16,19,33,52.3554370117187,1
2017,6,16,19,33,54.1613220214844,1
2017,6,16,19,33,55.9670100097656,1
2017,6,16,19,33,57.7726940917969,1
2017,6,16,19,33,59.5785998535156,1
2017,6,16,19,34,1.38447680664063,1
2017,6,16,19,34,3.19014916992188,1
2017,6,16,19,34,4.99580200195313,1
2017,6,16,19,34,6.80168383789063,1
2017,6,16,19,34,8.607333984375,1
2017,6,16,19,34,10.41312109375,1
2017,6,16,19,34,12.218826171875,1
2017,6,16,19,34,14.0245859375,1
2017,6,16,19,34,15.8306970214844,1
2017,6,16,19,34,17.6364541015625,1
2017,6,16,19,34,19.4421721191406,1
2017,6,16,19,34,21.2479418945313,1
2017,6,16,19,34,23.0537241210938,1
2017,6,16,19,34,24.8595729980469,1
2017,6,16,19,34,26.6654538574219,1
2017,6,16,19,34,28.4712189941406,1
2017,6,16,19,34,30.2769189453125,1
2017,6,16,19,34,32.0827438964844,1
2017,6,16,19,34,33.8887260742188,1
2017,6,16,19,34,35.6945400390625,1
2017,6,16,19,34,37.5002319335938,1
2017,6,16,19,34,39.3059069824219,1
2017,6,16,19,34,41.122166015625,1
2017,6,16,19,34,42.9278840332031,1
2017,6,16,19,34,44.7337260742188,1
2017,6,16,19,34,46.5394580078125,1
2017,6,16,19,34,48.3452919921875,1
2017,6,16,19,34,50.1510129394531,1
2017,6,16,19,34,51.9567880859375,1
2017,6,16,19,34,53.7624780273437,1
2017,6,16,19,34,55.5682670898438,1
2017,6,16,19,34,57.374171875,1
2017,6,16,19,34,59.1800539550781,1
2017,6,16,19,35,0.9860029296875,1
2017,6,16,19,35,2.79169287109375,1
2017,6,16,19,35,4.59762915039062,1
2017,6,16,19,35,6.4032841796875,1
2017,6,16,19,35,8.20907495117187,1
2017,6,16,19,35,10.017880859375,1
2017,6,16,19,35,11.8237158203125,1
2017,6,16,19,35,13.6295158691406,1
2017,6,16,19,35,15.4352551269531,1
2017,6,16,19,35,17.2411789550781,1
2017,6,16,19,35,19.0470920410156,1
2017,6,16,19,35,20.8529108886719,1
2017,6,16,19,35,22.6588520507812,1
2017,6,16,19,35,24.4647160644531,1
2017,6,16,19,35,26.2703879394531,1
2017,6,16,19,35,28.076205078125,1
2017,6,16,19,35,29.881998046875,1
2017,6,16,19,35,31.6879128417969,1
2017,6,16,19,35,33.4937080078125,1
2017,6,16,19,35,35.2993879394531,1
2017,6,16,19,35,37.1051098632812,1
2017,6,16,19,35,38.9108737792969,1
2017,6,16,19,35,40.7167009277344,1
2017,6,16,19,35,42.5224379882812,1
2017,6,16,19,35,44.3282958984375,1
2017,6,16,19,35,46.1341159667969,1
2017,6,16,19,35,47.9400620117188,1
2017,6,16,19,35,49.745783203125,1
2017,6,16,19,35,51.5515639648438,1
2017,6,16,19,35,53.3574499511719,1
2017,6,16,19,35,55.1633540039062,1
2017,6,16,19,35,56.9691059570313,1
2017,6,16,19,35,58.7748479003906,1
2017,6,16,19,36,0.580732177734375,1
2017,6,16,19,36,2.38646606445313,1
2017,6,16,19,36,4.19226196289063,1
2017,6,16,19,36,5.99801904296875,1
2017,6,16,19,36,7.80397094726562,1
2017,6,16,19,36,9.60978393554688,1
2017,6,16,19,36,11.4155939941406,1
2017,6,16,19,36,13.2215759277344,1
2017,6,16,19,36,15.0274509277344,1
2017,6,16,19,36,16.833216796875,1
2017,6,16,19,36,18.63896484375,1
2017,6,16,19,36,20.4446770019531,1
2017,6,16,19,36,22.2505869140625,1
2017,6,16,19,36,24.0563200683594,1
2017,6,16,19,36,25.8621799316406,1
2017,6,16,19,36,27.6679331054688,1
2017,6,16,19,36,29.4737338867188,1
2017,6,16,19,36,31.2796320800781,1
2017,6,16,19,36,33.0855090332031,1
2017,6,16,19,36,34.8912980957031,1
2017,6,16,19,36,36.6970378417969,1
2017,6,16,19,36,38.5028149414062,1
2017,6,16,19,36,40.3086960449219,1
2017,6,16,19,36,42.1145500488281,1
2017,6,16,19,36,43.9202399902344,1
2017,6,16,19,36,45.7260329589844,1
2017,6,16,19,36,47.5318798828125,1
2017,6,16,19,36,49.3376059570313,1
2017,6,16,19,36,51.1432609863281,1
2017,6,16,19,36,52.9491401367188,1
2017,6,16,19,36,54.7550620117187,1
2017,6,16,19,36,56.5607221679687,1
2017,6,16,19,36,58.3666411132812,1
2017,6,16,19,37,0.172509033203125,1
2017,6,16,19,37,1.97811596679687,1
2017,6,16,19,37,3.78398999023437,1
2017,6,16,19,37,5.59471899414063,1
2017,6,16,19,37,7.40046508789063,1
2017,6,16,19,37,9.20634301757812,1
2017,6,16,19,37,11.0121281738281,1
2017,6,16,19,37,12.817912109375,1
2017,6,16,19,37,14.6236018066406,1
2017,6,16,19,37,16.4293420410156,1
2017,6,16,19,37,18.235125,1
2017,6,16,19,37,20.0409060058594,1
2017,6,16,19,37,21.8468530273438,1
2017,6,16,19,37,23.6526479492187,1
2017,6,16,19,37,25.4585310058594,1
2017,6,16,19,37,27.2644838867188,1
2017,6,16,19,37,29.0703581542969,1
2017,6,16,19,37,30.8761301269531,1
2017,6,16,19,37,32.6818640136719,1
2017,6,16,19,37,34.4875949707031,1
2017,6,16,19,37,36.2936120605469,1
2017,6,16,19,37,38.099369140625,1
2017,6,16,19,37,39.9050979003906,1
2017,6,16,19,37,41.7109270019531,1
2017,6,16,19,37,43.5167080078125,1
2017,6,16,19,37,47.4111569824219,1
2017,6,16,19,37,49.2170378417969,0
2017,6,16,19,37,51.0227648925781,0
2017,6,16,19,37,52.8285478515625,0
2017,6,16,19,37,54.6345368652344,0
2017,6,16,19,37,56.4403159179688,0
2017,6,16,19,37,58.246208984375,0
2017,6,16,19,38,0.051963134765625,0
2017,6,16,19,38,1.85788012695313,0
2017,6,16,19,38,3.6635361328125,0
2017,6,16,19,38,5.4695009765625,0
2017,6,16,19,38,7.27532006835937,0
2017,6,16,19,38,9.08107592773437,0
2017,6,16,19,38,10.8867619628906,0
2017,6,16,19,38,12.6924650878906,0
2017,6,16,19,38,14.498291015625,0
2017,6,16,19,38,16.3041369628906,0
2017,6,16,19,38,18.1100029296875,0
2017,6,16,19,38,19.9159370117187,0
2017,6,16,19,38,21.7218889160156,0
2017,6,16,19,38,23.5276101074219,0
2017,6,16,19,38,25.3334328613281,0
2017,6,16,19,38,27.1391889648438,0
2017,6,16,19,38,28.9452351074219,1
2017,6,16,19,38,30.7509140625,1
2017,6,16,19,38,32.55675,1
2017,6,16,19,38,34.36266796875,1
2017,6,16,19,38,36.168421875,1
2017,6,16,19,38,37.9741389160156,1
2017,6,16,19,38,39.7800690917969,1
2017,6,16,19,38,41.5870219726563,1
2017,6,16,19,38,43.3929638671875,1
2017,6,16,19,38,45.1987551269531,1
2017,6,16,19,38,47.0046860351562,1
2017,6,16,19,38,48.8103859863281,1
2017,6,16,19,38,50.6177590332031,1
2017,6,16,19,38,52.423412109375,1
2017,6,16,19,38,54.229126953125,1
2017,6,16,19,38,56.0348151855469,1
2017,6,16,19,38,57.8406049804687,1
2017,6,16,19,38,59.6464780273437,1
2017,6,16,19,39,1.45221484375,1
2017,6,16,19,39,3.25814892578125,1
2017,6,16,19,39,5.06385595703125,1
2017,6,16,19,39,6.8697490234375,1
2017,6,16,19,39,8.67550903320313,1
2017,6,16,19,39,10.4813381347656,1
2017,6,16,19,39,12.2871950683594,1
2017,6,16,19,39,14.0929069824219,1
2017,6,16,19,39,15.8986779785156,1
2017,6,16,19,39,17.7045690917969,1
2017,6,16,19,39,19.5103098144531,1
2017,6,16,19,39,21.3163159179688,1
2017,6,16,19,39,23.12212890625,1
2017,6,16,19,39,24.9280290527344,1
2017,6,16,19,39,26.7338779296875,1
2017,6,16,19,39,28.5395788574219,1
2017,6,16,19,39,30.3454230957031,1
2017,6,16,19,39,32.1513430175781,1
2017,6,16,19,39,33.9572939453125,1
2017,6,16,19,39,35.763087890625,1
2017,6,16,19,39,37.5688359375,1
2017,6,16,19,39,39.3747280273437,1
2017,6,16,19,39,41.1806130371094,1
2017,6,16,19,39,42.9866320800781,1
2017,6,16,19,39,44.7923081054687,1
2017,6,16,19,39,46.5980888671875,1
2017,6,16,19,39,48.403837890625,1
2017,6,16,19,39,50.2096428222656,1
2017,6,16,19,39,52.0155798339844,1
2017,6,16,19,39,53.821283203125,1
2017,6,16,19,39,55.6271689453125,1
2017,6,16,19,39,57.4328288574219,1
2017,6,16,19,39,59.2387331542969,1
2017,6,16,19,40,1.044673828125,1
2017,6,16,19,40,2.85053393554688,1
2017,6,16,19,40,4.65640307617188,1
2017,6,16,19,40,6.46914404296875,1
2017,6,16,19,40,8.27484497070312,1
2017,6,16,19,40,10.0805520019531,1
2017,6,16,19,40,11.8863740234375,1
2017,6,16,19,40,13.6922319335937,1
2017,6,16,19,40,15.4981000976563,1
2017,6,16,19,40,17.3039140625,1
2017,6,16,19,40,19.1096000976563,1
2017,6,16,19,40,20.9152861328125,1
2017,6,16,19,40,22.7211708984375,1
2017,6,16,19,40,24.5269680175781,1
2017,6,16,19,40,26.33262109375,1
2017,6,16,19,40,28.1384389648438,1
2017,6,16,19,40,29.9442041015625,1
2017,6,16,19,40,31.7500300292969,1
2017,6,16,19,40,33.5558381347656,1
2017,6,16,19,40,35.3616071777344,1
2017,6,16,19,40,37.1675129394531,1
2017,6,16,19,40,38.9734670410156,1
2017,6,16,19,40,40.779291015625,1
2017,6,16,19,40,42.58508984375,1
2017,6,16,19,40,44.3908010253906,1
2017,6,16,19,40,46.1964750976562,1
2017,6,16,19,40,48.0022229003906,1
2017,6,16,19,40,49.8087819824219,1
2017,6,16,19,40,51.6135969238281,1
2017,6,16,19,40,53.4192658691406,1
2017,6,16,19,40,55.2249760742188,1
2017,6,16,19,40,57.0308969726563,1
2017,6,16,19,40,58.836826171875,1
2017,6,16,19,41,0.642595947265625,1
2017,6,16,19,41,2.44843090820312,1
2017,6,16,19,41,4.25407299804688,1
2017,6,16,19,41,6.05994384765625,1
2017,6,16,19,41,7.86573608398438,1
2017,6,16,19,41,9.67169091796875,1
2017,6,16,19,41,11.4774360351563,1
2017,6,16,19,41,13.2833859863281,1
2017,6,16,19,41,15.0893530273437,1
2017,6,16,19,41,16.8952551269531,1
2017,6,16,19,41,18.7011110839844,1
2017,6,16,19,41,20.5068391113281,1
2017,6,16,19,41,22.312712890625,1
2017,6,16,19,41,24.1183640136719,1
2017,6,16,19,41,25.9240788574219,1
2017,6,16,19,41,27.7299130859375,1
2017,6,16,19,41,29.5357028808594,1
2017,6,16,19,41,31.3514650878906,1
2017,6,16,19,41,33.1573720703125,1
2017,6,16,19,41,34.9633100585937,1
2017,6,16,19,41,36.7691840820313,1
2017,6,16,19,41,38.5748449707031,1
2017,6,16,19,41,40.3807038574219,1
2017,6,16,19,41,42.1864631347656,1
2017,6,16,19,41,43.9923850097656,1
2017,6,16,19,41,45.7981459960938,1
2017,6,16,19,41,47.6040229492188,1
2017,6,16,19,41,49.4098110351563,1
2017,6,16,19,41,51.2154938964844,1
2017,6,16,19,41,53.0211870117188,1
2017,6,16,19,41,54.82683984375,1
2017,6,16,19,41,56.6327180175781,1
2017,6,16,19,41,58.4385791015625,1
2017,6,16,19,42,0.2443408203125,1
2017,6,16,19,42,2.05006909179688,1
2017,6,16,19,42,3.8559140625,1
2017,6,16,19,42,5.66167407226563,1
2017,6,16,19,42,7.46756201171875,1
2017,6,16,19,42,9.27339404296875,1
2017,6,16,19,42,11.0792109375,1
2017,6,16,19,42,12.8849848632813,1
2017,6,16,19,42,14.6908920898438,1
2017,6,16,19,42,16.4966818847656,1
2017,6,16,19,42,18.3025629882812,1
2017,6,16,19,42,20.1084411621094,1
2017,6,16,19,42,21.9143110351562,1
2017,6,16,19,42,23.7203879394531,1
2017,6,16,19,42,25.5259599609375,1
2017,6,16,19,42,27.331626953125,1
2017,6,16,19,42,29.1374929199219,1
2017,6,16,19,42,30.9431818847656,1
2017,6,16,19,42,32.7489829101563,1
2017,6,16,19,42,34.5547390136719,1
2017,6,16,19,42,36.3604040527344,1
2017,6,16,19,42,38.1661101074219,1
2017,6,16,19,42,39.9719289550781,1
2017,6,16,19,42,41.7778610839844,1
2017,6,16,19,42,43.5837231445312,1
2017,6,16,19,42,45.3896000976562,1
2017,6,16,19,42,47.1953129882813,1
2017,6,16,19,42,49.0013288574219,1
2017,6,16,19,42,50.8072641601563,1
2017,6,16,19,42,52.6131889648438,1
2017,6,16,19,42,54.4188540039062,1
2017,6,16,19,42,56.2335998535156,1
2017,6,16,19,42,58.039376953125,1
2017,6,16,19,42,59.8451408691406,1
2017,6,16,19,43,1.650953125,1
2017,6,16,19,43,3.45685791015625,1
2017,6,16,19,43,5.262751953125,1
2017,6,16,19,43,7.0685849609375,1
2017,6,16,19,43,8.87448681640625,1
2017,6,16,19,43,10.6803200683594,1
2017,6,16,19,43,12.4861130371094,1
2017,6,16,19,43,14.2920991210938,1
2017,6,16,19,43,16.0980471191406,1
2017,6,16,19,43,17.9037858886719,1
2017,6,16,19,43,19.7097019042969,1
2017,6,16,19,43,21.5153601074219,1
2017,6,16,19,43,23.3213229980469,1
2017,6,16,19,43,25.1272570800781,1
2017,6,16,19,43,26.9329750976563,1
2017,6,16,19,43,28.7388500976563,1
2017,6,16,19,43,30.5446501464844,1
2017,6,16,19,43,32.3504360351562,1
2017,6,16,19,43,34.1562819824219,1
2017,6,16,19,43,35.9622270507813,1
2017,6,16,19,43,37.7680949707031,1
2017,6,16,19,43,39.5739899902344,1
2017,6,16,19,43,41.3798479003906,1
2017,6,16,19,43,43.1856020507812,1
2017,6,16,19,43,44.9913381347656,1
2017,6,16,19,43,46.7971721191406,1
2017,6,16,19,43,48.60291796875,1
2017,6,16,19,43,50.4087551269531,1
2017,6,16,19,43,52.2146379394531,1
2017,6,16,19,43,54.0205180664062,1
2017,6,16,19,43,55.8263049316406,1
2017,6,16,19,43,57.6320642089844,0
2017,6,16,19,43,59.4380021972656,0
2017,6,16,19,44,1.24430981445313,0
2017,6,16,19,44,3.05006689453125,1
2017,6,16,19,44,4.856,1
2017,6,16,19,44,6.66184497070313,1
2017,6,16,19,44,8.46769311523438,1
2017,6,16,19,44,10.2736599121094,1
2017,6,16,19,44,12.0795358886719,1
2017,6,16,19,44,13.8852700195312,1
2017,6,16,19,44,15.6910600585938,1
2017,6,16,19,44,17.4969809570313,1
2017,6,16,19,44,19.3028530273438,1
2017,6,16,19,44,21.1153081054687,1
2017,6,16,19,44,22.9211909179688,1
2017,6,16,19,44,24.7269270019531,1
2017,6,16,19,44,26.5327060546875,1
2017,6,16,19,44,28.3386440429687,1
2017,6,16,19,44,30.1443701171875,1
2017,6,16,19,44,31.9500581054687,1
2017,6,16,19,44,33.7559450683594,1
2017,6,16,19,44,35.5616779785156,1
2017,6,16,19,44,37.3674580078125,1
2017,6,16,19,44,39.1734150390625,0
2017,6,16,19,44,40.9791259765625,0
2017,6,16,19,44,42.7849987792969,0
2017,6,16,19,44,44.5908120117187,0
2017,6,16,19,44,46.3967248535156,0
2017,6,16,19,44,48.2024331054687,0
2017,6,16,19,44,50.0110590820313,0
2017,6,16,19,44,51.8169379882813,0
2017,6,16,19,44,53.6227568359375,0
2017,6,16,19,44,55.4285581054688,0
2017,6,16,19,44,57.2345959472656,0
2017,6,16,19,44,59.0404318847656,0
2017,6,16,19,45,0.846257080078125,0
2017,6,16,19,45,2.65204321289063,0
2017,6,16,19,45,4.45772192382813,0
2017,6,16,19,45,6.263423828125,0
2017,6,16,19,45,8.06935400390625,0
2017,6,16,19,45,9.87519702148438,0
2017,6,16,19,45,11.6808869628906,0
2017,6,16,19,45,13.4868430175781,0
2017,6,16,19,45,15.2926420898437,0
2017,6,16,19,45,17.0983620605469,0
2017,6,16,19,45,18.9042719726563,0
2017,6,16,19,46,13.45925390625,0
2017,6,16,19,46,15.2651911621094,0
2017,6,16,19,46,17.0709719238281,0
2017,6,16,19,46,18.876703125,0
2017,6,16,19,46,20.6823859863281,0
2017,6,16,19,46,22.4880939941406,0
2017,6,16,19,46,24.2939270019531,0
2017,6,16,19,46,26.0997260742188,0
2017,6,16,19,46,27.905455078125,0
2017,6,16,19,46,29.7113859863281,0
2017,6,16,19,46,31.5172761230469,0
2017,6,16,19,46,33.3230219726562,0
2017,6,16,19,46,35.1288640136719,0
2017,6,16,19,46,36.93462109375,0
2017,6,16,19,46,38.7405241699219,0
2017,6,16,19,46,40.5464211425781,0
2017,6,16,19,46,42.3521010742188,0
2017,6,16,19,46,44.1579448242188,0
2017,6,16,19,46,45.9638969726563,0
2017,6,16,19,46,47.7696799316406,0
2017,6,16,19,46,49.5755888671875,0
2017,6,16,19,46,51.3814289550781,0
2017,6,16,19,46,53.1873449707031,0
2017,6,16,19,47,54.6907138671875,0
2017,6,16,19,47,56.496671875,0
2017,6,16,19,47,58.4179311523437,0
2017,6,16,19,48,0.2237490234375,0
2017,6,16,19,48,2.08810498046875,0
2017,6,16,19,48,4.04189208984375,1
2017,6,16,19,48,6.01880102539062,1
2017,6,16,19,48,7.9307919921875,1
2017,6,16,19,48,9.86143701171875,1
2017,6,16,19,48,11.667171875,1
2017,6,16,19,48,13.5792409667969,1
2017,6,16,19,48,15.4595808105469,1
2017,6,16,19,48,17.45303515625,1
2017,6,16,19,48,19.2590571289062,1
2017,6,16,19,48,21.0649331054688,1
2017,6,16,19,48,23.096921875,1
2017,6,16,19,48,25.0328549804687,1
2017,6,16,19,48,26.9992060546875,1
2017,6,16,19,48,29.2218139648438,1
2017,6,16,19,48,31.0494638671875,1
2017,6,16,19,48,32.9712709960938,1
2017,6,16,19,48,34.9743940429687,1
2017,6,16,19,48,36.7801579589844,1
2017,6,16,19,48,38.7340180664063,1
2017,6,16,19,48,40.7520190429687,1
2017,6,16,19,48,42.5578662109375,1
2017,6,16,19,48,44.4301779785156,1
2017,6,16,19,48,46.2494658203125,1
2017,6,16,19,48,48.0910908203125,1
2017,6,16,19,48,49.8969450683594,1
2017,6,16,19,48,51.7372387695313,1
2017,6,16,19,48,53.783828125,1
2017,6,16,19,48,55.7200698242187,1
2017,6,16,19,48,57.629162109375,1
2017,6,16,19,48,59.4671088867187,1
2017,6,16,19,49,1.31023315429688,1
2017,6,16,19,49,3.21338598632813,1
2017,6,16,19,49,5.2870791015625,1
2017,6,16,19,49,7.09297802734375,1
2017,6,16,19,49,8.97797607421875,0
2017,6,16,19,49,10.7837329101562,0
2017,6,16,19,49,12.7360908203125,0
2017,6,16,19,49,14.8441911621094,0
2017,6,16,19,49,16.697921875,0
2017,6,16,19,49,18.6193781738281,0
2017,6,16,19,49,20.4680649414063,0
2017,6,16,19,49,22.4110979003906,0
2017,6,16,19,49,24.2881838378906,0
2017,6,16,19,49,26.0941118164063,0
2017,6,16,19,49,28.4314729003906,0
2017,6,16,19,49,30.2615529785156,0
2017,6,16,19,49,32.0676049804688,0
2017,6,16,19,49,34.0257919921875,0
2017,6,16,19,49,35.8317150878906,0
2017,6,16,19,49,37.8012021484375,0
2017,6,16,19,49,39.7385139160156,0
2017,6,16,19,49,41.5564289550781,0
2017,6,16,19,49,43.480751953125,0
2017,6,16,19,49,45.3745478515625,0
2017,6,16,19,49,47.42191796875,0
2017,6,16,19,49,49.2715720214844,0
2017,6,16,19,49,51.0829479980469,0
2017,6,16,19,49,53.0509870605469,0
2017,6,16,19,49,54.8566359863281,0
2017,6,16,19,49,56.8812810058594,0
2017,6,16,19,49,58.8728520507812,0
2017,6,16,19,50,0.79185009765625,0
2017,6,16,19,50,2.69192919921875,0
2017,6,16,19,50,4.77549780273437,0
2017,6,16,19,50,6.71203198242188,0
2017,6,16,19,50,8.6437490234375,0
2017,6,16,19,50,10.4846931152344,0
2017,6,16,19,50,12.3855559082031,0
2017,6,16,19,50,14.2807810058594,0
2017,6,16,19,50,16.0925700683594,0
2017,6,16,19,50,18.2601508789062,0
2017,6,16,19,50,20.0934479980469,0
2017,6,16,19,50,22.0936201171875,0
2017,6,16,19,50,24.0812270507813,0
2017,6,16,19,50,25.887994140625,0
2017,6,16,19,50,27.820796875,0
2017,6,16,19,50,29.7733818359375,0
2017,6,16,19,50,31.6928850097656,0
2017,6,16,19,50,33.6787978515625,0
2017,6,16,19,50,35.5430751953125,0
2017,6,16,19,51,36.1265190429688,0
2017,6,16,19,51,38.124123046875,0
2017,6,16,19,51,40.1678579101563,0
2017,6,16,19,51,42.1141259765625,0
2017,6,16,19,51,44.0371857910156,0
2017,6,16,19,51,45.8428530273438,0
2017,6,16,19,51,47.9055539550781,0
2017,6,16,19,51,49.7743210449219,0
2017,6,16,19,51,51.6107509765625,0
2017,6,16,19,51,53.6267448730469,0
2017,6,16,19,51,55.5149050292969,0
2017,6,16,19,51,57.5614709472656,0
2017,6,16,19,51,59.3787009277344,0
2017,6,16,19,52,1.506041015625,0
2017,6,16,19,52,3.632421875,0
2017,6,16,19,52,5.56047900390625,0
2017,6,16,19,52,7.41582397460938,0
2017,6,16,19,52,9.33923510742187,0
2017,6,16,19,52,11.1554748535156,0
2017,6,16,19,52,13.1721389160156,0
2017,6,16,19,52,15.1050520019531,0
2017,6,16,19,52,16.9109670410156,0
2017,6,16,19,52,18.8885590820313,0
2017,6,16,19,52,20.7953068847656,0
2017,6,16,19,52,22.8022700195312,0
2017,6,16,19,52,24.6627180175781,0
2017,6,16,19,52,26.5070778808594,0
2017,6,16,19,52,28.4506899414062,0
2017,6,16,19,52,30.348751953125,0
2017,6,16,19,52,32.4053950195312,0
2017,6,16,19,52,34.2542390136719,0
2017,6,16,19,52,36.1458149414063,0
2017,6,16,19,52,38.0043649902344,0
2017,6,16,19,52,39.8523659667969,0
2017,6,16,19,52,41.6964350585937,0
2017,6,16,19,52,43.6181120605469,0
2017,6,16,19,52,45.5375979003906,0
2017,6,16,19,52,47.4437548828125,0
2017,6,16,19,52,49.2578840332031,0
2017,6,16,19,52,51.1461030273437,0
2017,6,16,19,52,53.2148088378906,0
2017,6,16,19,52,55.1573500976562,0
2017,6,16,19,52,56.9788488769531,0
2017,6,16,19,52,58.8396799316406,0
2017,6,16,19,53,0.696114013671875,0
2017,6,16,19,53,2.6233310546875,0
2017,6,16,19,53,4.4784541015625,0
2017,6,16,19,53,6.37872412109375,0
2017,6,16,19,53,8.34641015625,0
2017,6,16,19,53,10.27779296875,0
2017,6,16,19,53,12.1268569335937,0
2017,6,16,19,53,13.9581831054688,0
2017,6,16,19,53,15.7770490722656,0
2017,6,16,19,53,17.739583984375,0
2017,6,16,19,53,19.6257009277344,0
2017,6,16,19,53,21.4315720214844,0
2017,6,16,19,53,23.3827250976563,0
2017,6,16,19,53,25.4438989257813,0
2017,6,16,19,53,27.2837419433594,0
2017,6,16,19,53,29.3454211425781,0
2017,6,16,19,53,31.2575400390625,0
2017,6,16,19,53,33.1681499023437,0
2017,6,16,19,53,35.1999599609375,0
2017,6,16,19,53,37.2850329589844,0
2017,6,16,19,53,39.1824770507813,0
2017,6,16,19,53,41.2513471679688,0
2017,6,16,19,53,43.1810688476562,0
2017,6,16,19,53,44.9998449707031,0
2017,6,16,19,53,46.9077839355469,0
2017,6,16,19,53,48.8753828125,0
2017,6,16,19,53,50.7078391113281,0
2017,6,16,19,53,52.6650930175781,0
2017,6,16,19,53,54.5390339355469,0
2017,6,16,19,53,56.3717839355469,0
2017,6,16,19,53,58.3445688476562,0
2017,6,16,19,54,0.17827099609375,0
2017,6,16,19,54,2.4095791015625,0
2017,6,16,19,54,4.3699990234375,0
2017,6,16,19,54,6.21548999023438,0
2017,6,16,19,54,8.11927099609375,0
2017,6,16,19,54,10.0607451171875,0
2017,6,16,19,54,11.8806801757813,0
2017,6,16,19,54,13.7804880371094,0
2017,6,16,19,54,15.7303359375,0
2017,6,16,19,54,17.5686171875,0
2017,6,16,19,54,19.3743020019531,0
2017,6,16,19,54,21.2061760253906,0
2017,6,16,19,54,23.1771691894531,0
2017,6,16,19,54,24.9830520019531,0
2017,6,16,19,54,26.85887109375,0
2017,6,16,19,54,28.8750229492187,0
2017,6,16,19,54,30.7990979003906,0
2017,6,16,19,54,32.6841879882813,0
2017,6,16,19,54,34.6505419921875,0
2017,6,16,19,54,36.4562958984375,0
2017,6,16,19,54,38.4316550292969,0
2017,6,16,19,54,40.3987509765625,0
2017,6,16,19,54,42.2044489746094,0
2017,6,16,19,54,44.0103850097656,0
2017,6,16,19,54,45.8828071289063,0
2017,6,16,19,54,47.8705920410156,0
2017,6,16,19,54,49.6814438476562,0
2017,6,16,19,54,51.5795610351563,0
2017,6,16,19,54,53.4846430664062,0
2017,6,16,19,54,55.3044418945313,0
2017,6,16,19,54,57.2856040039063,0
2017,6,16,19,54,59.2100009765625,0
2017,6,16,19,55,1.15939819335938,0
2017,6,16,19,55,3.25043383789063,0
2017,6,16,19,55,5.21028100585938,0
2017,6,16,19,55,7.08319409179687,0
2017,6,16,19,55,8.98332592773438,0
2017,6,16,19,55,10.8283930664062,0
2017,6,16,19,55,12.7000329589844,0
2017,6,16,19,55,14.6327978515625,0
2017,6,16,19,55,16.4386301269531,0
2017,6,16,19,55,18.3448430175781,0
2017,6,16,19,55,20.2383698730469,0
2017,6,16,19,55,22.210630859375,0
2017,6,16,19,55,24.0238298339844,0
2017,6,16,19,55,25.9177451171875,0
2017,6,16,19,55,28.4258210449219,0
2017,6,16,19,55,30.2316647949219,0
2017,6,16,19,55,32.0544851074219,0
2017,6,16,19,55,33.9736330566406,0
2017,6,16,19,55,35.8680400390625,0
2017,6,16,19,55,37.788416015625,0
2017,6,16,19,55,39.7663510742187,0
2017,6,16,19,55,41.6459309082031,0
2017,6,16,19,55,43.4517629394531,0
2017,6,16,19,55,45.2836809082031,0
2017,6,16,20,5,59.37092578125,0
2017,6,16,20,6,1.17686303710938,0
2017,6,16,20,6,2.98255981445313,0
2017,6,16,20,6,4.78822900390625,0
2017,6,16,20,6,6.59402490234375,0
2017,6,16,20,6,8.39996801757813,0
2017,6,16,20,6,10.2057768554688,0
2017,6,16,20,6,12.0115349121094,0
2017,6,16,20,6,13.817462890625,0
2017,6,16,20,6,15.6234130859375,0
2017,6,16,20,6,17.4291027832031,0
2017,6,16,20,6,19.2413608398438,0
2017,6,16,20,6,21.0471857910156,0
2017,6,16,20,6,22.8528798828125,0
2017,6,16,20,6,24.65883984375,0
2017,6,16,20,6,26.46458203125,0
2017,6,16,20,6,28.2705639648437,0
2017,6,16,20,6,30.0763271484375,0
2017,6,16,20,6,31.8822299804688,0
2017,6,16,20,6,33.6881159667969,0
2017,6,16,20,6,35.4940629882813,0
2017,6,16,20,6,37.299751953125,0
2017,6,16,20,6,39.1056818847656,0
2017,6,16,20,6,40.911583984375,0
2017,6,16,20,6,42.7175258789063,0
2017,6,16,20,6,44.5322038574219,0
2017,6,16,20,6,46.3378720703125,0
2017,6,16,20,6,48.143673828125,0
2017,6,16,20,6,49.9494577636719,0
2017,6,16,20,6,51.7552111816406,0
2017,6,16,20,6,53.5610139160156,0
2017,6,16,20,6,55.3667641601563,0
2017,6,16,20,6,57.1726127929687,0
2017,6,16,20,6,58.9784948730469,0
2017,6,16,20,7,0.784239990234375,0
2017,6,16,20,7,2.590083984375,0
2017,6,16,20,7,4.395921875,0
2017,6,16,20,7,6.20176000976562,0
2017,6,16,20,7,8.00748291015625,0
2017,6,16,20,7,9.81326611328125,0
2017,6,16,20,7,11.6191799316406,0
2017,6,16,20,7,13.4250949707031,0
2017,6,16,20,7,15.2311201171875,0
2017,6,16,20,7,17.0366750488281,0
2017,6,16,20,7,18.8425678710937,0
2017,6,16,20,7,20.6484748535156,0
2017,6,16,20,7,22.4541689453125,0
2017,6,16,20,7,24.2599948730469,0
2017,6,16,20,7,26.065787109375,0
2017,6,16,20,7,27.8717409667969,0
2017,6,16,20,7,29.6775988769531,0
2017,6,16,20,7,31.4833120117187,0
2017,6,16,20,7,33.2892209472656,0
2017,6,16,20,7,35.0951840820313,0
2017,6,16,20,7,36.9009780273437,0
2017,6,16,20,7,38.7068029785156,0
2017,6,16,20,7,40.5125300292969,0
2017,6,16,20,7,42.3182768554688,0
2017,6,16,20,7,44.124201171875,0
2017,6,16,20,7,45.9298920898437,0
2017,6,16,20,7,47.7358549804688,0
2017,6,16,20,7,49.5415908203125,0
2017,6,16,20,7,51.3472800292969,0
2017,6,16,20,7,53.1531938476562,0
2017,6,16,20,7,54.9588740234375,0
2017,6,16,20,7,56.7646848144531,0
2017,6,16,20,7,58.5706179199219,0
2017,6,16,20,8,0.376569091796875,0
2017,6,16,20,8,2.18260791015625,0
2017,6,16,20,8,3.98830883789062,0
2017,6,16,20,8,5.79415209960938,0
2017,6,16,20,8,7.60009008789063,0
2017,6,16,20,8,9.41459619140625,0
2017,6,16,20,8,11.2202580566406,0
2017,6,16,20,8,13.0259890136719,0
2017,6,16,20,8,14.8317639160156,0
2017,6,16,20,8,16.6375339355469,0
2017,6,16,20,8,18.4433110351562,0
2017,6,16,20,8,20.2491098632813,0
2017,6,16,20,8,22.0550571289062,0
2017,6,16,20,8,23.8607180175781,0
2017,6,16,20,8,25.6664072265625,0
2017,6,16,20,8,27.4721401367187,0
2017,6,16,20,8,29.2779860839844,0
2017,6,16,20,8,31.0837651367187,0
2017,6,16,20,8,32.8895358886719,0
2017,6,16,20,8,34.6953061523437,0
2017,6,16,20,8,36.5010200195313,0
2017,6,16,20,8,38.3067319335938,0
2017,6,16,20,8,40.1126799316406,0
2017,6,16,20,8,41.9184812011719,0
2017,6,16,20,8,43.72433984375,0
2017,6,16,20,8,45.5300290527344,0
2017,6,16,20,8,47.3357890625,0
2017,6,16,20,8,49.1415109863281,0
2017,6,16,20,8,50.9471879882813,0
2017,6,16,20,8,52.7531259765625,0
2017,6,16,20,8,54.5588630371094,0
2017,6,16,20,8,56.3646281738281,0
2017,6,16,20,8,58.1704321289062,0
2017,6,16,20,8,59.9761691894531,0
2017,6,16,20,9,1.782130859375,0
2017,6,16,20,9,3.5880830078125,0
2017,6,16,20,9,5.39419091796875,0
2017,6,16,20,9,7.19985205078125,0
2017,6,16,20,9,9.00702685546875,0
2017,6,16,20,9,10.8126840820313,0
2017,6,16,20,9,12.6183811035156,0
2017,6,16,20,9,14.424458984375,0
2017,6,16,20,9,16.230125,0
2017,6,16,20,9,18.0360788574219,0
2017,6,16,20,9,19.8419379882812,0
2017,6,16,20,9,21.6475910644531,0
2017,6,16,20,9,23.4534631347656,0
2017,6,16,20,9,25.2592800292969,0
2017,6,16,20,9,27.0650209960938,0
2017,6,16,20,9,28.8708500976562,0
2017,6,16,20,9,30.6765229492188,0
2017,6,16,20,9,32.4823510742187,0
2017,6,16,20,9,34.2881838378906,0
2017,6,16,20,9,36.0938569335937,0
2017,6,16,20,9,37.8996040039062,0
2017,6,16,20,9,39.7055319824219,0
2017,6,16,20,9,41.5112661132813,0
2017,6,16,20,9,43.3170869140625,0
2017,6,16,20,9,45.1229602050781,0
2017,6,16,20,9,46.9287041015625,0
2017,6,16,20,9,48.7346430664062,0
2017,6,16,20,9,50.5404812011719,0
2017,6,16,20,9,52.3463571777344,0
2017,6,16,20,9,54.1520959472656,0
2017,6,16,20,9,55.9579008789063,0
2017,6,16,20,9,57.7635600585937,0
2017,6,16,20,9,59.5694211425781,0
2017,6,16,20,10,1.37532080078125,0
2017,6,16,20,10,3.18093603515625,0
2017,6,16,20,10,4.986751953125,0
2017,6,16,20,10,6.79247998046875,0
2017,6,16,20,10,8.59836596679687,0
2017,6,16,20,10,10.4042790527344,0
2017,6,16,20,10,12.2099409179687,0
2017,6,16,20,10,14.0157790527344,0
2017,6,16,20,10,15.8215109863281,0
2017,6,16,20,10,17.6274289550781,0
2017,6,16,20,10,19.4332348632812,0
2017,6,16,20,10,21.2391040039062,0
2017,6,16,20,10,23.0449169921875,0
2017,6,16,20,10,24.8506821289063,0
2017,6,16,20,10,26.6566589355469,0
2017,6,16,20,10,28.4625590820313,0
2017,6,16,20,10,30.26849609375,0
2017,6,16,20,10,32.0743068847656,0
2017,6,16,20,10,33.8883439941406,0
2017,6,16,20,10,35.6942570800781,0
2017,6,16,20,10,37.4999260253906,0
2017,6,16,20,10,39.3056049804688,0
2017,6,16,20,10,41.1114431152344,0
2017,6,16,20,10,42.9173579101562,0
2017,6,16,20,10,44.7230339355469,0
2017,6,16,20,10,46.5289819335937,0
2017,6,16,20,10,48.3346728515625,0
2017,6,16,20,10,50.1405209960937,0
2017,6,16,20,10,51.9462321777344,0
2017,6,16,20,10,53.751958984375,0
2017,6,16,20,10,55.5576311035156,0
2017,6,16,20,10,57.3634318847656,0
2017,6,16,20,10,59.1692158203125,0
2017,6,16,20,11,0.975096923828125,0
2017,6,16,20,11,2.78080517578125,0
2017,6,16,20,11,4.58656298828125,0
2017,6,16,20,11,6.39244384765625,0
2017,6,16,20,11,8.19835717773437,0
2017,6,16,20,11,10.0043129882812,0
2017,6,16,20,12,10.9419702148437,0
2017,6,16,20,12,12.7480119628906,0
2017,6,16,20,12,14.5538288574219,0
2017,6,16,20,12,16.3595419921875,0
2017,6,16,20,12,18.1654729003906,0
2017,6,16,20,12,19.9799719238281,0
2017,6,16,20,12,21.7857890625,0
2017,6,16,20,12,23.5916791992187,0
2017,6,16,20,12,25.3974860839844,0
2017,6,16,20,12,27.203166015625,0
2017,6,16,20,12,29.0090070800781,0
2017,6,16,20,12,30.8148269042969,0
2017,6,16,20,12,32.6205490722656,0
2017,6,16,20,12,34.4262941894531,0
2017,6,16,20,12,36.232248046875,0
2017,6,16,20,12,38.037962890625,0
2017,6,16,20,12,39.8436889648438,0
2017,6,16,20,12,41.6496301269531,0
2017,6,16,20,12,43.4555791015625,0
2017,6,16,20,12,45.2614008789063,0
2017,6,16,20,12,47.0672619628906,0
2017,6,16,20,12,48.8729250488281,0
2017,6,16,20,12,50.6790219726563,0
2017,6,16,20,12,52.4844580078125,0
2017,6,16,20,12,54.2902351074219,0
2017,6,16,20,12,56.09600390625,0
2017,6,16,20,12,57.9016889648437,0
2017,6,16,20,12,59.7074370117188,0
2017,6,16,20,13,1.51329907226562,0
2017,6,16,20,13,3.31918188476563,0
2017,6,16,20,13,5.12494409179688,0
2017,6,16,20,13,6.93069409179687,0
2017,6,16,20,13,8.73652294921875,0
2017,6,16,20,13,10.5423081054688,0
2017,6,16,20,13,12.3481791992187,0
2017,6,16,20,13,14.1540319824219,0
2017,6,16,20,13,15.9601108398438,0
2017,6,16,20,13,17.7658830566406,0
2017,6,16,20,13,19.5717670898437,0
2017,6,16,20,13,21.3775991210937,0
2017,6,16,20,13,23.1833278808594,0
2017,6,16,20,13,24.9892060546875,0
2017,6,16,20,13,26.7950439453125,0
2017,6,16,20,13,28.6007841796875,0
2017,6,16,20,13,30.4066350097656,0
2017,6,16,20,13,32.2123879394531,0
2017,6,16,20,13,34.0182138671875,0
2017,6,16,20,13,35.8239790039063,0
2017,6,16,20,13,37.6296711425781,0
2017,6,16,20,13,39.4353708496094,0
2017,6,16,20,13,41.2411540527344,0
2017,6,16,20,13,43.0471130371094,0
2017,6,16,20,13,44.8624528808594,0
2017,6,16,20,13,46.6681550292969,0
2017,6,16,20,13,48.474083984375,0
2017,6,16,20,13,50.2800141601562,0
2017,6,16,20,13,52.0859311523437,0
2017,6,16,20,13,53.8917180175781,0
2017,6,16,20,13,55.6975400390625,0
2017,6,16,20,13,57.5033840332031,0
2017,6,16,20,13,59.3090561523438,0
2017,6,16,20,14,1.11481591796875,0
2017,6,16,20,14,2.920666015625,0
2017,6,16,20,14,4.72636010742187,0
2017,6,16,20,14,6.53213696289063,0
2017,6,16,20,14,8.337876953125,0
2017,6,16,20,14,10.1437839355469,0
2017,6,16,20,14,11.94970703125,0
2017,6,16,20,14,13.7554030761719,0
2017,6,16,20,14,15.5614350585937,0
2017,6,16,20,14,17.3671418457031,0
2017,6,16,20,14,19.1729389648437,0
2017,6,16,20,14,20.9787099609375,0
2017,6,16,20,14,22.7844150390625,0
2017,6,16,20,14,24.590373046875,0
2017,6,16,20,14,26.4518488769531,0
2017,6,16,20,14,28.4803039550781,0
2017,6,16,20,14,30.3321298828125,0
2017,6,16,20,14,32.2769528808594,0
2017,6,16,20,14,34.2925798339844,0
2017,6,16,20,14,36.0984641113281,0
2017,6,16,20,14,37.9565498046875,0
2017,6,16,20,14,40.040716796875,0
2017,6,16,20,14,41.962330078125,0
2017,6,16,20,14,43.8782600097656,0
2017,6,16,20,14,46.0532861328125,0
2017,6,16,20,14,47.9824599609375,0
2017,6,16,20,14,49.8727568359375,0
2017,6,16,20,14,51.7244909667969,0
2017,6,16,20,14,53.6781870117187,0
2017,6,16,20,14,55.5219670410156,0
2017,6,16,20,14,57.4573400878906,0
2017,6,16,20,14,59.3329929199219,0
2017,6,16,20,15,1.13871997070313,0
2017,6,16,20,15,2.97467578125,0
2017,6,16,20,15,4.80818701171875,0
2017,6,16,20,15,6.75140698242187,0
2017,6,16,20,15,8.81330810546875,0
2017,6,16,20,15,10.7130939941406,0
2017,6,16,20,15,12.5607758789063,0
2017,6,16,20,15,14.4111459960938,0
2017,6,16,20,15,16.3433698730469,0
2017,6,16,20,15,18.3565480957031,0
2017,6,16,20,15,20.2650119628906,0
2017,6,16,20,15,22.2432138671875,0
2017,6,16,20,15,24.0491059570313,0
2017,6,16,20,15,26.0145048828125,0
2017,6,16,20,15,27.9997009277344,0
2017,6,16,20,15,29.805375,0
2017,6,16,20,15,31.6112329101563,0
2017,6,16,20,15,33.5390141601562,0
2017,6,16,20,15,35.3539279785156,0
2017,6,16,20,15,37.3334738769531,0
2017,6,16,20,15,39.1392268066406,0
2017,6,16,20,15,41.0718269042969,0
2017,6,16,20,15,43.0170280761719,0
2017,6,16,20,15,45.0583220214844,0
2017,6,16,20,15,46.8642448730469,0
2017,6,16,20,15,48.8248869628906,0
2017,6,16,20,15,50.9932060546875,0
2017,6,16,20,15,52.8224621582031,0
2017,6,16,20,15,54.6969899902344,0
2017,6,16,20,15,56.5713540039063,0
2017,6,16,20,15,58.3841140136719,0
2017,6,16,20,16,0.253159912109375,0
2017,6,16,20,16,2.0589951171875,0
2017,6,16,20,16,3.96877001953125,0
2017,6,16,20,16,5.87268505859375,0
2017,6,16,20,16,7.74276293945312,0
2017,6,16,20,16,9.58493994140625,0
2017,6,16,20,16,11.5036220703125,0
2017,6,16,20,16,13.3650971679688,0
2017,6,16,20,16,15.2608081054687,0
2017,6,16,20,16,17.15628515625,0
2017,6,16,20,16,19.0460151367188,0
2017,6,16,20,16,20.8527141113281,0
2017,6,16,20,16,22.8024509277344,0
2017,6,16,20,16,24.6581809082031,0
2017,6,16,20,16,26.5080969238281,0
2017,6,16,20,16,28.3138649902344,0
2017,6,16,20,16,30.2335168457031,0
2017,6,16,20,16,32.0800529785156,0
2017,6,16,20,16,33.9991838378906,0
2017,6,16,20,16,36.0262329101563,0
2017,6,16,20,16,37.8459699707031,0
2017,6,16,20,16,39.8704819335938,0
2017,6,16,20,16,41.8423850097656,0
2017,6,16,20,16,43.7358000488281,0
2017,6,16,20,16,45.6174309082031,0
2017,6,16,20,16,47.663294921875,0
2017,6,16,20,16,49.5156059570312,0
2017,6,16,20,16,51.5946838378906,0
2017,6,16,20,16,53.5940209960937,0
2017,6,16,20,16,55.4148918457031,0
2017,6,16,20,16,57.5529970703125,0
2017,6,16,20,16,59.3863740234375,0
2017,6,16,20,17,1.39199389648437,0
2017,6,16,20,17,3.381791015625,0
2017,6,16,20,17,5.3861640625,0
2017,6,16,20,17,7.11165405273437,0
2017,6,16,20,17,9.09217700195313,0
2017,6,16,20,17,11.026705078125,0
2017,6,16,20,17,12.9661628417969,0
2017,6,16,20,17,15.1374208984375,0
2017,6,16,20,17,17.016841796875,0
2017,6,16,20,17,18.9699011230469,0
2017,6,16,20,17,20.7908598632812,0
2017,6,16,20,17,22.7009189453125,0
2017,6,16,20,17,24.5225649414063,0
2017,6,16,20,17,26.4019870605469,0
2017,6,16,20,17,28.5523120117188,0
2017,6,16,20,17,30.3975788574219,0
2017,6,16,20,17,32.5154978027344,0
2017,6,16,20,17,34.3973920898437,0
2017,6,16,20,17,36.2462670898437,0
2017,6,16,20,17,38.4631560058594,0
2017,6,16,20,17,40.4140739746094,0
2017,6,16,20,17,42.473923828125,0
2017,6,16,20,17,44.44425390625,0
2017,6,16,20,17,46.2778151855469,0
2017,6,16,20,17,48.142666015625,0
2017,6,16,20,17,50.0277258300781,0
2017,6,16,20,17,51.9308100585937,0
2017,6,16,20,17,53.8838210449219,0
2017,6,16,20,17,55.8498918457031,0
2017,6,16,20,17,57.759666015625,0
2017,6,16,20,17,59.5779367675781,0
2017,6,16,20,18,1.40815600585937,0
2017,6,16,20,18,3.4499140625,0
2017,6,16,20,18,5.4082919921875,0
2017,6,16,20,18,7.42586401367187,0
2017,6,16,20,18,9.24892504882813,0
2017,6,16,20,18,11.05462109375,0
2017,6,16,20,18,13.2022841796875,0
2017,6,16,20,18,15.1290180664062,0
2017,6,16,20,18,17.0684331054687,0
2017,6,16,20,18,18.9879890136719,0
2017,6,16,20,18,20.7986870117188,0
2017,6,16,20,18,22.826583984375,0
2017,6,16,20,18,24.6324719238281,0
2017,6,16,20,18,26.4458410644531,0
2017,6,16,20,18,28.4125629882812,0
2017,6,16,20,18,30.2365129394531,0
2017,6,16,20,18,32.0423059082031,0
2017,6,16,20,18,34.0261020507812,0
2017,6,16,20,18,35.9776000976562,0
2017,6,16,20,18,37.8040439453125,0
2017,6,16,20,18,39.6388120117187,0
2017,6,16,20,18,41.5376479492188,0
2017,6,16,20,18,43.3992058105469,0
2017,6,16,20,18,45.3392299804688,0
2017,6,16,20,18,47.5523510742187,0
2017,6,16,20,18,49.4294899902344,0
2017,6,16,20,18,51.4199809570312,0
2017,6,16,20,18,53.4450668945313,0
2017,6,16,20,18,55.46779296875,0
2017,6,16,20,18,57.5083972167969,0
2017,6,16,20,18,59.4304890136719,0
2017,6,16,20,19,1.23619506835937,0
2017,6,16,20,19,3.11687890625,0
2017,6,16,20,19,4.92271997070312,0
2017,6,16,20,19,6.73311401367187,0
2017,6,16,20,19,8.62065795898437,0
2017,6,16,20,19,10.4355180664062,0
2017,6,16,20,19,12.3208898925781,0
2017,6,16,20,19,14.1266520996094,0
2017,6,16,20,19,15.9324509277344,0
2017,6,16,20,19,17.7606520996094,0
2017,6,16,20,19,19.7453679199219,0
2017,6,16,20,19,21.6321540527344,0
2017,6,16,20,19,23.4798879394531,0
2017,6,16,20,19,25.2943220214844,0
2017,6,16,20,19,27.1165090332031,0
2017,6,16,20,19,29.0212700195313,0
2017,6,16,20,19,30.8482470703125,0
2017,6,16,20,19,32.8621560058594,0
2017,6,16,20,19,34.6678679199219,0
2017,6,16,20,19,36.6278068847656,0
2017,6,16,20,19,38.5880991210937,0
2017,6,16,20,19,40.4407939453125,0
2017,6,16,20,19,42.2546611328125,0
2017,6,16,20,19,44.156208984375,0
2017,6,16,20,19,46.0609060058594,0
2017,6,16,20,19,48.0978669433594,0
2017,6,16,20,19,52.5811059570312,0
2017,6,16,20,19,54.4614201660156,0
2017,6,16,20,19,56.2670939941406,0
2017,6,16,20,19,58.2675339355469,0
2017,6,16,20,20,0.073501220703125,0
2017,6,16,20,20,1.92223413085937,0
2017,6,16,20,20,3.84751293945313,0
2017,6,16,20,20,5.6531669921875,0
2017,6,16,20,20,7.46476293945313,0
2017,6,16,20,20,9.42338989257813,0
2017,6,16,20,20,11.2292470703125,0
2017,6,16,20,20,13.1611909179687,0
2017,6,16,20,20,15.2170319824219,0
2017,6,16,20,20,17.1217470703125,0
2017,6,16,20,20,19.3140830078125,0
2017,6,16,20,20,21.1405598144531,0
2017,6,16,20,20,23.0454890136719,0
2017,6,16,20,20,25.174916015625,0
2017,6,16,20,20,27.082958984375,0
2017,6,16,20,20,28.9464541015625,0
2017,6,16,20,20,30.8606511230469,0
2017,6,16,20,20,32.7805949707031,0
2017,6,16,20,20,34.6399870605469,0
2017,6,16,20,20,36.5147631835938,0
2017,6,16,20,20,38.5150690917969,0
2017,6,16,20,20,40.3763188476563,0
2017,6,16,20,20,42.2231430664063,0
2017,6,16,20,20,44.1674357910156,0
2017,6,16,20,20,45.9824270019531,0
2017,6,16,20,20,47.9195361328125,0
2017,6,16,20,20,49.8721450195313,0
2017,6,16,20,20,51.7364260253906,0
2017,6,16,20,20,53.7269111328125,0
2017,6,16,20,20,55.5658610839844,0
2017,6,16,20,20,57.5354069824219,0
2017,6,16,20,20,59.4830661621094,0
2017,6,16,20,21,1.28892504882812,0
2017,6,16,20,21,3.21517114257813,0
2017,6,16,20,21,5.10634301757812,0
2017,6,16,20,21,7.04632006835937,0
2017,6,16,20,21,9.02344897460937,0
2017,6,16,20,21,10.883419921875,0
2017,6,16,20,21,12.7118471679688,0
2017,6,16,20,21,14.5176340332031,0
2017,6,16,20,21,16.4746970214844,0
2017,6,16,20,21,18.2805490722656,0
2017,6,16,20,21,20.5749809570313,0
2017,6,16,20,21,22.3861110839844,0
2017,6,16,20,21,24.2309001464844,0
2017,6,16,20,21,26.1347829589844,0
2017,6,16,20,21,28.0369599609375,0
2017,6,16,20,21,29.8891958007812,0
2017,6,16,20,21,31.6950649414063,0
2017,6,16,20,21,33.6355559082031,0
2017,6,16,20,21,35.5041088867187,0
2017,6,16,20,21,37.7911428222656,0
2017,6,16,20,21,39.7358349609375,0
2017,6,16,20,21,41.541666015625,0
2017,6,16,20,21,43.6555510253906,0
2017,6,16,20,21,45.5832861328125,0
2017,6,16,20,21,47.504375,0
2017,6,16,20,21,49.3101140136719,0
2017,6,16,20,21,51.2195270996094,0
2017,6,16,20,21,53.1252709960937,0
2017,6,16,20,21,55.1576979980469,0
2017,6,16,20,21,56.9633737792969,0
2017,6,16,20,21,58.863580078125,0
2017,6,16,20,22,0.702875,0
2017,6,16,20,22,2.53606201171875,0
2017,6,16,20,22,4.51535888671875,0
2017,6,16,20,22,6.39747900390625,0
2017,6,16,20,22,8.30911791992187,0
2017,6,16,20,22,10.1550690917969,0
2017,6,16,20,22,12.331626953125,0
2017,6,16,20,22,14.4108100585937,0
2017,6,16,20,22,16.2166708984375,0
2017,6,16,20,22,18.1005148925781,0
2017,6,16,20,22,20.0656049804687,0
2017,6,16,20,22,21.8713549804688,0
2017,6,16,20,22,23.7130480957031,0
2017,6,16,20,22,25.5265168457031,0
2017,6,16,20,22,27.5739360351563,0
2017,6,16,20,22,29.5257849121094,0
2017,6,16,20,22,31.3316450195313,0
2017,6,16,20,22,33.4150190429688,0
2017,6,16,20,22,35.2206550292969,0
2017,6,16,20,22,37.0661779785156,0
2017,6,16,20,22,38.9498989257812,0
2017,6,16,20,22,40.7689260253906,0
2017,6,16,20,22,42.7729038085938,0
2017,6,16,20,22,44.5786350097656,0
2017,6,16,20,22,46.5263071289062,0
2017,6,16,20,22,48.3788681640625,0
2017,6,16,20,22,50.236576171875,0
2017,6,16,20,22,52.2063601074219,0
2017,6,16,20,22,54.2595241699219,0
2017,6,16,20,22,56.226458984375,0
2017,6,16,20,22,58.2394270019531,0
2017,6,16,20,23,0.258717041015625,0
2017,6,16,20,23,2.15756713867188,0
2017,6,16,20,23,4.09822705078125,0
2017,6,16,20,23,6.38642407226563,0
2017,6,16,20,23,8.19214379882813,0
2017,6,16,20,23,10.1012629394531,0
2017,6,16,20,23,12.19379296875,0
2017,6,16,20,23,13.9995871582031,0
2017,6,16,20,23,15.887037109375,0
2017,6,16,20,23,17.770826171875,0
2017,6,16,20,23,19.5802041015625,0
2017,6,16,20,23,21.7860451660156,0
2017,6,16,20,23,23.6783498535156,0
2017,6,16,20,23,25.5506799316406,0
2017,6,16,20,23,27.7085061035156,0
2017,6,16,20,23,29.6188129882812,0
2017,6,16,20,23,31.5475910644531,0
2017,6,16,20,23,33.6804909667969,0
2017,6,16,20,23,35.5481130371094,0
2017,6,16,20,23,37.3539880371094,0
2017,6,16,20,23,39.2049240722656,0
2017,6,16,20,23,41.0274169921875,0
2017,6,16,20,23,43.0032739257813,0
2017,6,16,20,23,44.9600888671875,0
2017,6,16,20,23,46.7659150390625,0
2017,6,16,20,23,48.6902028808594,0
2017,6,16,20,23,50.6547170410156,0
2017,6,16,20,23,52.558173828125,0
2017,6,16,20,23,54.3699799804687,0
2017,6,16,20,23,56.1981560058594,0
2017,6,16,20,23,58.0357160644531,0
2017,6,16,20,23,59.92037890625,0
2017,6,16,20,24,1.77831201171875,0
2017,6,16,20,24,3.75184399414062,0
2017,6,16,20,24,5.5621630859375,0
2017,6,16,20,24,7.74791796875,0
2017,6,16,20,24,9.71093383789063,0
2017,6,16,20,24,11.5285319824219,0
2017,6,16,20,24,13.3343720703125,0
2017,6,16,20,24,15.1770930175781,0
2017,6,16,20,24,17.0292749023438,0
2017,6,16,20,24,19.0251560058594,0
2017,6,16,20,24,20.9543669433594,0
2017,6,16,20,24,22.7740322265625,0
2017,6,16,20,24,24.7770869140625,0
2017,6,16,20,24,26.6074260253906,0
2017,6,16,20,24,28.657373046875,0
2017,6,16,20,24,30.5815041503906,0
2017,6,16,20,24,32.7339938964844,0
2017,6,16,20,24,34.5704350585938,0
2017,6,16,20,24,36.40425,0
2017,6,16,20,24,38.3161369628906,0
2017,6,16,20,24,40.2116940917969,0
2017,6,16,20,24,42.1560070800781,0
2017,6,16,20,24,44.1331611328125,0
2017,6,16,20,24,45.9447470703125,0
2017,6,16,20,24,48.0532619628906,0
2017,6,16,20,24,49.9296401367188,0
2017,6,16,20,24,51.7499248046875,0
2017,6,16,20,24,53.5693208007812,0
2017,6,16,20,24,55.5799401855469,0
2017,6,16,20,24,57.5845830078125,0
2017,6,16,20,24,59.3902531738281,0
2017,6,16,20,25,1.23996899414063,0
2017,6,16,20,25,3.28184106445313,0
2017,6,16,20,25,5.08767114257812,0
2017,6,16,20,25,6.95723901367187,0
2017,6,16,20,25,8.90183203125,0
2017,6,16,20,25,10.7077270507812,0
2017,6,16,20,25,12.5919020996094,0
2017,6,16,20,25,14.71599609375,0
2017,6,16,20,25,16.5714450683594,0
2017,6,16,20,25,18.9554619140625,0
2017,6,16,20,25,20.7706960449219,0
2017,6,16,20,25,22.590662109375,0
2017,6,16,20,25,24.4286779785156,0
2017,6,16,20,25,26.3469350585938,0
2017,6,16,20,25,28.2686000976563,0
2017,6,16,20,25,30.4219479980469,0
2017,6,16,20,25,32.2733940429687,0
2017,6,16,20,25,34.1991960449219,0
2017,6,16,20,25,36.1310949707031,0
2017,6,16,20,25,37.9945859375,0
2017,6,16,20,25,39.8507060546875,0
2017,6,16,20,25,41.8974011230469,0
2017,6,16,20,25,43.8029499511719,0
2017,6,16,20,25,45.6166921386719,0
2017,6,16,20,25,47.5800600585938,0
2017,6,16,20,25,49.4065900878906,0
2017,6,16,20,25,51.2221501464844,0
2017,6,16,20,25,53.3685620117188,0
2017,6,16,20,25,55.2668190917969,0
2017,6,16,20,25,57.2851069335938,0
2017,6,16,20,25,59.1336069335937,0
2017,6,16,20,26,0.9393779296875,0
2017,6,16,20,26,2.75305786132812,0
2017,6,16,20,26,4.55886303710937,0
2017,6,16,20,26,6.36469897460938,0
2017,6,16,20,26,8.170625,0
2017,6,16,20,26,9.97639990234375,0
2017,6,16,20,26,11.7823000488281,0
2017,6,16,20,26,13.5881770019531,0
2017,6,16,20,26,15.3941259765625,0
2017,6,16,20,26,17.200078125,0
2017,6,16,20,26,19.0060151367188,0
2017,6,16,20,26,20.8119650878906,0
2017,6,16,20,26,22.6176628417969,0
2017,6,16,20,26,24.4234689941406,0
2017,6,16,20,26,26.2294331054688,0
2017,6,16,20,26,28.0353911132812,0
2017,6,16,20,26,29.8410729980469,0
2017,6,16,20,26,31.6470170898438,0
2017,6,16,20,26,33.4527749023437,0
2017,6,16,20,26,35.2587199707031,0
2017,6,16,20,26,37.0644887695313,0
2017,6,16,20,26,38.8704350585937,0
2017,6,16,20,26,40.6763840332031,0
2017,6,16,20,26,42.4822868652344,0
2017,6,16,20,26,44.288001953125,0
2017,6,16,20,26,46.0938330078125,0
2017,6,16,20,26,47.8996799316406,0
2017,6,16,20,26,49.7055969238281,0
2017,6,16,20,26,51.5114399414063,0
2017,6,16,20,26,53.3171101074219,0
2017,6,16,20,26,55.1228381347656,0
2017,6,16,20,26,56.9287778320313,0
2017,6,16,20,26,58.7345632324219,0
2017,6,16,20,27,0.540507080078125,0
2017,6,16,20,27,2.34623779296875,0
2017,6,16,20,27,4.15216577148438,0
2017,6,16,20,27,5.95808203125,0
2017,6,16,20,27,7.7640380859375,0
2017,6,16,20,27,9.56981713867187,0
2017,6,16,20,27,11.3756330566406,0
2017,6,16,20,27,13.1813630371094,0
2017,6,16,20,27,14.9871669921875,0
2017,6,16,20,27,16.7931818847656,0
2017,6,16,20,27,18.5990869140625,0
2017,6,16,20,27,20.4049028320313,0
2017,6,16,20,27,22.2106040039063,0
2017,6,16,20,27,24.0163720703125,0
2017,6,16,20,27,25.8221459960937,0
2017,6,16,20,27,27.6278220214844,0
2017,6,16,20,27,29.4336550292969,0
2017,6,16,20,27,31.2394689941406,0
2017,6,16,20,27,33.0452338867187,0
2017,6,16,20,27,34.8509990234375,0
2017,6,16,20,27,36.6567048339844,0
2017,6,16,20,27,38.4626479492187,0
2017,6,16,20,27,40.2684829101563,0
2017,6,16,20,27,42.0742131347656,0
2017,6,16,20,27,43.8799360351562,0
2017,6,16,20,27,45.6858850097656,0
2017,6,16,20,27,47.4917758789063,0
2017,6,16,20,27,49.2976301269531,0
2017,6,16,20,27,51.1033239746094,0
2017,6,16,20,27,52.9090539550781,0
2017,6,16,20,27,54.7170310058594,0
2017,6,16,20,27,56.5229499511719,0
2017,6,16,20,27,58.3287438964844,0
2017,6,16,20,28,0.134705078125,0
2017,6,16,20,28,1.94038012695313,0
2017,6,16,20,28,3.74622387695312,0
2017,6,16,20,28,5.55205712890625,0
2017,6,16,20,28,7.3580068359375,0
2017,6,16,20,28,9.16381201171875,0
2017,6,16,20,28,10.9696450195312,0
2017,6,16,20,28,12.7756928710937,0
2017,6,16,20,28,14.5814978027344,0
2017,6,16,20,28,16.3873359375,0
2017,6,16,20,28,18.1930759277344,0
2017,6,16,20,28,19.9987609863281,0
2017,6,16,20,28,21.8045659179687,0
2017,6,16,20,28,23.6102751464844,0
2017,6,16,20,28,25.4161879882813,0
2017,6,16,20,28,27.22844921875,0
2017,6,16,20,28,29.0341958007813,0
2017,6,16,20,28,30.8400810546875,0
2017,6,16,20,28,32.6460229492187,0
2017,6,16,20,28,34.4516821289062,0
2017,6,16,20,28,36.2574008789063,0
2017,6,16,20,28,38.0632219238281,0
2017,6,16,20,28,39.8690009765625,0
2017,6,16,20,28,41.6747700195313,0
2017,6,16,20,28,43.480703125,0
2017,6,16,20,28,45.286625,0
2017,6,16,20,28,47.09245703125,0
2017,6,16,20,28,48.8981350097656,0
2017,6,16,20,28,50.7038549804687,0
2017,6,16,20,28,52.5097419433594,0
2017,6,16,20,28,54.3155151367188,0
2017,6,16,20,28,56.1213200683594,0
2017,6,16,20,28,57.9272409667969,0
2017,6,16,20,28,59.7331049804688,0
2017,6,16,20,29,1.53880102539063,0
2017,6,16,20,29,3.34458911132812,0
2017,6,16,20,29,5.15044409179688,0
2017,6,16,20,29,6.95636791992187,0
2017,6,16,20,29,8.76206396484375,0
2017,6,16,20,29,10.5677749023437,0
2017,6,16,20,29,12.3736218261719,0
2017,6,16,20,29,14.1793779296875,0
2017,6,16,20,29,15.985337890625,0
2017,6,16,20,29,17.7912719726563,0
2017,6,16,20,29,19.5972131347656,0
2017,6,16,20,29,21.4031079101563,0
2017,6,16,20,29,23.2090061035156,0
2017,6,16,20,29,25.0149108886719,0
2017,6,16,20,29,26.8208579101562,0
2017,6,16,20,29,28.6269008789062,0
2017,6,16,20,29,30.4325659179687,0
2017,6,16,20,29,32.2385161132812,0
2017,6,16,20,29,34.044455078125,0
2017,6,16,20,29,35.85025,0
2017,6,16,20,29,40.0669379882813,0
2017,6,16,20,29,41.8726689453125,0
2017,6,16,20,29,43.6786320800781,0
2017,6,16,20,29,45.4843349609375,0
2017,6,16,20,29,47.2900249023438,0
2017,6,16,20,29,49.0959528808594,0
2017,6,16,20,29,50.9018071289062,0
2017,6,16,20,29,52.7075349121094,0
2017,6,16,20,29,54.5133090820312,0
2017,6,16,20,29,56.3190200195313,0
2017,6,16,20,29,58.1291821289063,0
2017,6,16,20,29,59.9349948730469,0
2017,6,16,20,30,1.74094384765625,0
2017,6,16,20,30,3.54681298828125,0
2017,6,16,20,30,5.3526220703125,0
2017,6,16,20,30,7.15846801757812,0
2017,6,16,20,30,8.96424096679688,0
2017,6,16,20,30,10.7701899414062,0
2017,6,16,20,30,12.5760080566406,0
2017,6,16,20,30,14.3817150878906,0
2017,6,16,20,30,16.1875241699219,0
2017,6,16,20,30,17.9934050292969,0
2017,6,16,20,30,19.7993217773437,0
2017,6,16,20,30,21.6050300292969,0
2017,6,16,20,30,23.4109340820313,0
2017,6,16,20,30,25.2167600097656,0
2017,6,16,20,30,27.02241796875,0
2017,6,16,20,30,28.8282709960937,0
2017,6,16,20,30,30.6340859375,0
2017,6,16,20,30,32.4398000488281,0
2017,6,16,20,30,34.24550390625,0
2017,6,16,20,30,36.051376953125,0
2017,6,16,20,30,37.8572338867188,0
2017,6,16,20,30,39.6630349121094,0
2017,6,16,20,30,41.4688151855469,0
2017,6,16,20,30,43.2746550292969,0
2017,6,16,20,30,45.08037890625,0
2017,6,16,20,30,46.8863129882812,0
2017,6,16,20,30,48.6921569824219,0
2017,6,16,20,30,50.4980729980469,0
2017,6,16,20,30,52.3039790039062,0
2017,6,16,20,30,54.1096589355469,0
2017,6,16,20,30,55.9156130371094,0
2017,6,16,20,30,57.7228640136719,0
2017,6,16,20,30,59.5288139648437,0
2017,6,16,20,31,1.33452294921875,0
2017,6,16,20,31,3.14039697265625,0
2017,6,16,20,31,4.94622998046875,0
2017,6,16,20,31,6.75189501953125,0
2017,6,16,20,31,8.55782299804688,0
2017,6,16,20,31,10.3635339355469,0
2017,6,16,20,31,12.16949609375,0
2017,6,16,20,31,13.9753161621094,0
2017,6,16,20,31,15.7811569824219,0
2017,6,16,20,31,17.586990234375,0
2017,6,16,20,31,19.3926940917969,0
2017,6,16,20,31,21.1985810546875,0
2017,6,16,20,31,23.0043549804688,0
2017,6,16,20,31,24.8101579589844,0
2017,6,16,20,31,26.6160859375,0
2017,6,16,20,31,28.422041015625,0
2017,6,16,20,31,30.2278139648438,0
2017,6,16,20,31,32.0336850585937,0
2017,6,16,20,31,33.8395700683594,0
2017,6,16,20,31,35.6452551269531,0
2017,6,16,20,31,37.4510390625,0
2017,6,16,20,31,39.2567709960937,0
2017,6,16,20,31,41.0625051269531,0
2017,6,16,20,31,42.86829296875,0
2017,6,16,20,31,44.67419921875,0
2017,6,16,20,31,46.4801640625,0
2017,6,16,20,31,48.2859558105469,0
2017,6,16,20,31,50.0918630371094,0
2017,6,16,20,31,51.8978059082031,0
2017,6,16,20,31,53.70354296875,0
2017,6,16,20,31,55.5094140625,0
2017,6,16,20,31,57.3152512207031,0
2017,6,16,20,31,59.1211381835938,0
2017,6,16,20,32,0.926925048828125,0
2017,6,16,20,32,2.73267797851562,0
2017,6,16,20,32,4.53851513671875,0
2017,6,16,20,32,6.34424096679687,0
2017,6,16,20,32,8.150125,0
2017,6,16,20,32,9.9559130859375,0
2017,6,16,20,32,11.7617758789062,0
2017,6,16,20,32,13.567673828125,0
2017,6,16,20,32,15.373380859375,0
2017,6,16,20,32,17.1791437988281,0
2017,6,16,20,32,18.9850180664063,0
2017,6,16,20,32,20.7909328613281,0
2017,6,16,20,32,22.5966599121094,0
2017,6,16,20,32,24.4023161621094,0
2017,6,16,20,32,26.2087551269531,0
2017,6,16,20,32,28.0145458984375,0
2017,6,16,20,32,29.8203410644531,0
2017,6,16,20,32,31.6260358886719,0
2017,6,16,20,32,33.4319519042969,0
2017,6,16,20,32,35.2376608886719,0
2017,6,16,20,32,37.043498046875,0
2017,6,16,20,32,38.8493149414062,0
2017,6,16,20,32,40.6551052246094,0
2017,6,16,20,32,42.4609821777344,0
2017,6,16,20,32,44.2670090332031,0
2017,6,16,20,32,46.0727961425781,0
2017,6,16,20,32,47.8786140136719,0
2017,6,16,20,32,49.6844338378906,0
2017,6,16,20,32,51.4901689453125,0
2017,6,16,20,32,53.2958510742188,0
2017,6,16,20,32,55.1019279785156,0
2017,6,16,20,32,56.9077690429688,0
2017,6,16,20,32,58.7135939941406,0
2017,6,16,20,33,0.519292236328125,0
2017,6,16,20,33,2.32495678710937,0
2017,6,16,20,33,4.13067016601562,0
2017,6,16,20,33,5.93650610351563,0
2017,6,16,20,33,7.74256103515625,0
2017,6,16,20,33,9.54847094726562,0
2017,6,16,20,33,11.3541928710937,0
2017,6,16,20,33,13.1600219726562,0
2017,6,16,20,33,14.9657978515625,0
2017,6,16,20,33,16.7714951171875,0
2017,6,16,20,33,18.5772368164062,0
2017,6,16,20,33,20.3829760742187,0
2017,6,16,20,33,22.1889140625,0
2017,6,16,20,33,23.994669921875,0
2017,6,16,20,33,25.8003591308594,0
2017,6,16,20,33,27.6062729492187,0
2017,6,16,20,33,29.4121599121094,0
2017,6,16,20,33,31.2177377929688,0
2017,6,16,20,33,33.0234790039063,0
2017,6,16,20,33,34.8291750488281,0
2017,6,16,20,33,36.6348430175781,0
2017,6,16,20,33,38.4405971679687,0
2017,6,16,20,33,40.2462919921875,0
2017,6,16,20,33,42.0520578613281,0
2017,6,16,20,33,43.8578898925781,0
2017,6,16,20,33,45.66370703125,0
2017,6,16,20,33,47.4693930664062,0
2017,6,16,20,33,49.2751838378906,0
2017,6,16,20,33,51.0810639648438,0
2017,6,16,20,33,52.8869399414062,0
2017,6,16,20,33,54.6935161132812,0
2017,6,16,20,33,56.4986628417969,0
2017,6,16,20,33,58.3045349121094,0
2017,6,16,20,34,0.11031201171875,0
2017,6,16,20,34,1.91610498046875,0
2017,6,16,20,34,3.72193286132813,0
2017,6,16,20,34,5.52764501953125,0
2017,6,16,20,34,7.333462890625,0
2017,6,16,20,34,9.13918090820312,0
2017,6,16,20,34,10.9451140136719,0
2017,6,16,20,34,12.7508220214844,0
2017,6,16,20,34,14.5565168457031,0
2017,6,16,20,34,16.3623439941406,0
2017,6,16,20,34,18.1682751464844,0
2017,6,16,20,34,19.9741479492188,0
2017,6,16,20,34,21.7799448242187,0
2017,6,16,20,34,23.5857370605469,0
2017,6,16,20,34,25.3914299316406,0
2017,6,16,20,34,27.1972250976563,0
2017,6,16,20,34,29.0031030273438,0
2017,6,16,20,34,30.8090109863281,0
2017,6,16,20,34,32.6149279785156,0
2017,6,16,20,34,34.4208779296875,0
2017,6,16,20,34,36.2266940917969,0
2017,6,16,20,34,38.0324641113281,0
2017,6,16,20,34,39.8381691894531,0
2017,6,16,20,34,41.6440288085938,0
2017,6,16,20,34,43.4497189941406,0
2017,6,16,20,34,45.25537890625,0
2017,6,16,20,34,47.0612189941406,0
2017,6,16,20,34,48.8671501464844,0
2017,6,16,20,34,50.6730439453125,0
2017,6,16,20,34,52.4788569335937,0
2017,6,16,20,34,54.2848452148437,0
2017,6,16,20,34,56.0907321777344,0
2017,6,16,20,34,57.8964990234375,0
2017,6,16,20,34,59.7022590332031,0
2017,6,16,20,35,23.3213000488281,0
2017,6,16,20,35,25.1270791015625,0
2017,6,16,20,35,26.9327668457031,0
2017,6,16,20,35,28.7385830078125,0
2017,6,16,20,35,30.5443920898438,0
2017,6,16,20,35,32.3501479492188,0
2017,6,16,20,35,34.156083984375,0
2017,6,16,20,35,35.9619819335937,0
2017,6,16,20,35,37.7679169921875,0
2017,6,16,20,35,39.5737961425781,0
2017,6,16,20,35,41.3797299804688,0
2017,6,16,20,35,43.1855539550781,0
2017,6,16,20,35,44.9913830566406,0
2017,6,16,20,35,46.7971069335938,0
2017,6,16,20,35,48.6077849121094,0
2017,6,16,20,35,50.4136091308594,0
2017,6,16,20,35,52.2194340820312,0
2017,6,16,20,35,54.0253041992188,0
2017,6,16,20,35,55.8309699707031,0
2017,6,16,20,35,57.6367790527344,0
2017,6,16,20,35,59.442703125,0
2017,6,16,20,36,1.24857495117188,0
2017,6,16,20,36,3.0544208984375,0
2017,6,16,20,36,4.86032299804688,0
2017,6,16,20,36,6.667037109375,0
2017,6,16,20,36,8.47297094726562,0
2017,6,16,20,36,10.2788688964844,0
2017,6,16,20,36,12.0847980957031,0
2017,6,16,20,36,13.8905419921875,0
2017,6,16,20,36,15.6965859375,0
2017,6,16,20,36,17.502501953125,0
2017,6,16,20,36,19.3082048339844,0
2017,6,16,20,36,21.1141181640625,0
2017,6,16,20,36,22.919796875,0
2017,6,16,20,36,24.7257121582031,0
2017,6,16,20,36,26.5314990234375,0
2017,6,16,20,36,28.3372719726563,0
2017,6,16,20,36,30.143201171875,0
2017,6,16,20,36,31.9489409179687,0
2017,6,16,20,36,33.7546350097656,0
2017,6,16,20,36,35.5605581054688,0
2017,6,16,20,36,37.3663840332031,0
2017,6,16,20,36,39.1721149902344,0
2017,6,16,20,36,40.9778940429687,0
2017,6,16,20,36,42.7837609863281,0
2017,6,16,20,36,44.5895949707031,0
2017,6,16,20,36,46.3952629394531,0
2017,6,16,20,36,48.2093999023437,0
2017,6,16,20,36,50.0152221679688,0
2017,6,16,20,36,51.8209260253906,0
2017,6,16,20,36,53.6268151855469,0
2017,6,16,20,36,55.4324880371094,0
2017,6,16,20,36,57.2384240722656,0
2017,6,16,20,36,59.0442041015625,0
2017,6,16,20,37,0.849953857421875,0
2017,6,16,20,37,2.65581884765625,0
2017,6,16,20,37,4.46172314453125,0
2017,6,16,20,37,6.26777197265625,0
2017,6,16,20,37,8.07351000976563,0
2017,6,16,20,37,9.87922802734375,0
2017,6,16,20,37,11.685033203125,0
2017,6,16,20,37,13.4908020019531,0
2017,6,16,20,37,15.2967270507813,0
2017,6,16,20,37,17.1024370117187,0
2017,6,16,20,37,18.9082351074219,0
2017,6,16,20,37,20.7141840820312,0
2017,6,16,20,37,22.5200888671875,0
2017,6,16,20,37,24.325787109375,0
2017,6,16,20,37,26.1315,0
2017,6,16,20,37,27.9372770996094,0
2017,6,16,20,37,29.743205078125,0
2017,6,16,20,37,35.8247470703125,0
2017,6,16,20,37,37.63041796875,0
2017,6,16,20,37,39.4361428222656,0
2017,6,16,20,37,41.2420581054688,0
2017,6,16,20,37,43.04791796875,0
2017,6,16,20,37,44.8537131347656,0
2017,6,16,20,37,46.6596450195312,0
2017,6,16,20,37,48.4661181640625,0
2017,6,16,20,37,50.2715051269531,0
2017,6,16,20,37,52.0773269042969,0
2017,6,16,20,37,53.8831821289062,0
2017,6,16,20,37,55.6892280273438,0
2017,6,16,20,37,57.4950930175781,0
2017,6,16,20,37,59.3007878417969,0
2017,6,16,20,38,1.10661694335937,0
2017,6,16,20,38,2.91236889648438,0
2017,6,16,20,38,4.71811010742188,0
2017,6,16,20,38,6.52391088867187,0
2017,6,16,20,38,8.32968212890625,0
2017,6,16,20,38,10.1355380859375,0
2017,6,16,20,38,11.9413891601563,0
2017,6,16,20,38,13.7471931152344,0
2017,6,16,20,38,15.5530180664062,0
2017,6,16,20,38,17.3588359375,0
2017,6,16,20,38,19.1646999511719,0
2017,6,16,20,38,20.9703850097656,0
2017,6,16,20,38,22.7763149414062,0
2017,6,16,20,38,24.5820871582031,0
2017,6,16,20,38,26.3879521484375,0
2017,6,16,20,38,28.2013371582031,0
2017,6,16,20,38,30.0070952148438,0
2017,6,16,20,38,31.8128601074219,0
2017,6,16,20,38,33.6185900878906,0
2017,6,16,20,38,35.4243181152344,0
2017,6,16,20,38,37.2320048828125,0
2017,6,16,20,38,39.0376831054688,0
2017,6,16,20,38,40.8433559570312,0
2017,6,16,20,38,42.6493151855469,0
2017,6,16,20,38,44.4549948730469,0
2017,6,16,20,38,46.2607270507812,0
2017,6,16,20,38,48.06667578125,0
2017,6,16,20,38,49.8724760742188,0
2017,6,16,20,38,51.6784040527344,0
2017,6,16,20,38,53.4841469726562,0
2017,6,16,20,38,55.2901040039063,0
2017,6,16,20,38,57.0959428710937,0
2017,6,16,20,38,58.9017341308594,0
2017,6,16,20,39,0.707674072265625,0
2017,6,16,20,39,2.51356787109375,0
2017,6,16,20,39,4.319423828125,0
2017,6,16,20,39,6.12518701171875,0
2017,6,16,20,39,7.93107299804687,0
2017,6,16,20,39,9.73685498046875,0
2017,6,16,20,39,11.5427390136719,0
2017,6,16,20,39,13.3484709472656,0
2017,6,16,20,39,15.1543820800781,0
2017,6,16,20,39,16.9600810546875,0
2017,6,16,20,39,18.7659470214844,0
2017,6,16,20,39,20.5717758789063,0
2017,6,16,20,39,22.3774321289062,0
2017,6,16,20,39,24.1831689453125,0
2017,6,16,20,39,25.9888840332031,0
2017,6,16,20,39,27.7947290039063,0
2017,6,16,20,39,29.60049609375,0
2017,6,16,20,39,31.4061799316406,0
2017,6,16,20,39,33.2119479980469,0
2017,6,16,20,39,35.0176958007812,0
2017,6,16,20,39,36.8235639648437,0
2017,6,16,20,39,38.6294470214844,0
2017,6,16,20,39,40.4353330078125,0
2017,6,16,20,39,42.2410190429688,0
2017,6,16,20,39,44.0468591308594,0
2017,6,16,20,39,45.8526000976562,0
2017,6,16,20,39,47.6584660644531,0
2017,6,16,20,39,49.4642219238281,0
2017,6,16,20,39,51.270169921875,0
2017,6,16,20,39,53.0836459960938,0
2017,6,16,20,39,54.8895080566406,0
2017,6,16,20,39,56.6954030761719,0
2017,6,16,20,39,58.5011647949219,0
2017,6,16,20,40,0.30711376953125,0
2017,6,16,20,40,2.11299291992187,0
2017,6,16,20,40,3.91873193359375,0
2017,6,16,20,40,5.72458911132813,0
2017,6,16,20,40,7.53030810546875,0
2017,6,16,20,40,9.33613696289063,0
2017,6,16,20,40,11.1420510253906,0
2017,6,16,20,40,12.9477810058594,0
2017,6,16,20,40,14.7536931152344,0
2017,6,16,20,40,16.5594831542969,0
2017,6,16,20,40,18.3652238769531,0
2017,6,16,20,40,20.1709790039063,0
2017,6,16,20,40,21.9766481933594,0
2017,6,16,20,40,23.782548828125,0
2017,6,16,20,40,25.5881259765625,0
2017,6,16,20,40,27.3939389648437,0
2017,6,16,20,40,29.1997880859375,0
2017,6,16,20,40,31.0057119140625,0
2017,6,16,20,40,32.8115180664063,0
2017,6,16,20,40,34.6172570800781,0
2017,6,16,20,40,36.4230480957031,0
2017,6,16,20,40,38.2289841308594,0
2017,6,16,20,40,40.0346899414062,0
2017,6,16,20,40,41.8406340332031,0
2017,6,16,20,40,43.6463889160156,0
2017,6,16,20,40,45.4521770019531,0
2017,6,16,20,40,47.2580048828125,0
2017,6,16,20,40,49.0638820800781,0
2017,6,16,20,40,50.8696237792969,0
2017,6,16,20,40,52.6753298339844,0
2017,6,16,20,40,54.4810170898438,0
2017,6,16,20,40,56.2867529296875,0
2017,6,16,20,40,58.0924348144531,0
2017,6,16,20,40,59.8981440429688,0
2017,6,16,20,41,1.70406518554688,0
2017,6,16,20,41,3.50981201171875,0
2017,6,16,20,41,5.31551196289062,0
2017,6,16,20,41,7.12144311523438,0
2017,6,16,20,41,8.92715405273437,0
2017,6,16,20,41,10.7330988769531,0
2017,6,16,20,41,12.5388110351563,0
2017,6,16,20,41,14.3447238769531,0
2017,6,16,20,41,16.1506469726563,0
2017,6,16,20,41,17.9661049804687,0
2017,6,16,20,41,19.7719079589844,0
2017,6,16,20,41,21.5777280273437,0
2017,6,16,20,41,23.383541015625,0
2017,6,16,20,41,25.1894689941406,0
2017,6,16,20,41,26.99520703125,0
2017,6,16,20,41,28.8009260253906,0
2017,6,16,20,41,30.60678515625,0
2017,6,16,20,41,32.4126140136719,0
2017,6,16,20,41,34.2183918457031,0
2017,6,16,20,41,36.0244228515625,0
2017,6,16,20,41,37.8301279296875,0
2017,6,16,20,41,39.6359228515625,0
2017,6,16,20,41,41.4416079101563,0
2017,6,16,20,41,43.2473029785156,0
2017,6,16,20,41,45.0531120605469,0
2017,6,16,20,41,46.8590690917969,0
2017,6,16,20,41,48.6649289550781,0
2017,6,16,20,41,50.4707060546875,0
2017,6,16,20,41,52.2764658203125,0
2017,6,16,20,41,54.0822680664063,0
2017,6,16,20,41,55.8880979003906,0
2017,6,16,20,41,57.6938540039063,0
2017,6,16,20,41,59.4997138671875,0
2017,6,16,20,42,1.30563500976563,0
2017,6,16,20,42,3.11140307617188,0
2017,6,16,20,42,4.91727709960938,0
2017,6,16,20,42,6.72322094726563,0
2017,6,16,20,42,8.52908984375,0
2017,6,16,20,42,10.3348840332031,0
2017,6,16,20,42,12.1405388183594,0
2017,6,16,20,42,13.9464008789062,0
2017,6,16,20,42,15.7522521972656,0
2017,6,16,20,42,17.5580319824219,0
2017,6,16,20,42,19.3637919921875,0
2017,6,16,20,42,21.1695969238281,0
2017,6,16,20,42,22.975419921875,0
2017,6,16,20,42,24.7812609863281,0
2017,6,16,20,42,26.5870161132813,0
2017,6,16,20,42,28.3927451171875,0
2017,6,16,20,42,30.1986220703125,0
2017,6,16,20,42,32.0044050292969,0
2017,6,16,20,42,33.8102309570313,0
2017,6,16,20,42,35.6162150878906,0
2017,6,16,20,42,37.4220270996094,0
2017,6,16,20,42,39.2279309082031,0
2017,6,16,20,42,41.0336079101562,0
2017,6,16,20,42,42.8479560546875,0
2017,6,16,20,42,44.6536101074219,0
2017,6,16,20,42,46.4593798828125,0
2017,6,16,20,42,48.265173828125,0
2017,6,16,20,42,50.0708488769531,0
2017,6,16,20,42,51.8768720703125,0
2017,6,16,20,42,53.682578125,0
2017,6,16,20,42,55.4883100585937,0
2017,6,16,20,42,57.2942668457031,0
2017,6,16,20,42,59.1000061035156,0
2017,6,16,20,43,0.9056669921875,0
2017,6,16,20,43,2.7114970703125,0
2017,6,16,20,43,4.51726196289063,1
2017,6,16,20,43,6.3230830078125,1
2017,6,16,20,43,8.12877294921875,1
2017,6,16,20,43,9.93453686523437,1
2017,6,16,20,43,11.7404938964844,1
2017,6,16,20,43,13.546205078125,1
2017,6,16,20,43,15.3521479492188,1
2017,6,16,20,43,17.1578510742188,1
2017,6,16,20,43,18.9635861816406,1
2017,6,16,20,43,20.769501953125,1
2017,6,16,20,43,22.575205078125,1
2017,6,16,20,43,24.3808601074219,1
2017,6,16,20,43,26.186796875,1
2017,6,16,20,43,27.992705078125,1
2017,6,16,20,43,29.7985187988281,1
2017,6,16,20,43,31.6041860351562,1
2017,6,16,20,43,33.4101118164062,1
2017,6,16,20,43,35.2157790527344,1
2017,6,16,20,43,37.0217038574219,1
2017,6,16,20,43,38.8275400390625,1
2017,6,16,20,43,40.6334118652344,1
2017,6,16,20,43,42.4395529785156,1
2017,6,16,20,43,44.2453850097656,1
2017,6,16,20,43,46.0513330078125,1
2017,6,16,20,43,47.8572138671875,1
2017,6,16,20,43,49.6630261230469,1
2017,6,16,20,43,51.4689750976562,1
2017,6,16,20,43,53.2747299804687,1
2017,6,16,20,43,55.0804738769531,1
2017,6,16,20,43,56.8862358398437,1
2017,6,16,20,43,58.6919260253906,1
2017,6,16,20,44,0.4975791015625,1
2017,6,16,20,44,2.30329296875,1
2017,6,16,20,44,4.10895385742188,1
2017,6,16,20,44,5.91464721679688,1
2017,6,16,20,44,7.73023193359375,1
2017,6,16,20,44,9.53590478515625,0
2017,6,16,20,44,11.34162890625,0
2017,6,16,20,44,13.1473059082031,0
2017,6,16,20,44,14.9530881347656,0
2017,6,16,20,44,16.7594851074219,0
2017,6,16,20,44,18.5652958984375,0
2017,6,16,20,44,20.3709760742187,0
2017,6,16,20,44,22.1766818847656,0
2017,6,16,20,44,23.9823352050781,0
2017,6,16,20,44,25.7880148925781,0
2017,6,16,20,44,27.5936831054687,0
2017,6,16,20,44,29.3995200195312,0
2017,6,16,20,44,31.2052368164062,0
2017,6,16,20,44,33.0109008789062,0
2017,6,16,20,44,34.8166589355469,0
2017,6,16,20,44,36.622423828125,0
2017,6,16,20,44,38.4282277832031,0
2017,6,16,20,44,40.2340920410156,0
2017,6,16,20,44,42.0399260253906,0
2017,6,16,20,44,43.8456430664062,0
2017,6,16,20,44,45.6514421386719,0
2017,6,16,20,44,47.4571330566406,0
2017,6,16,20,44,49.2630119628906,0
2017,6,16,20,44,51.0687329101562,0
2017,6,16,20,44,52.8743940429688,0
2017,6,16,20,44,54.6802858886719,0
2017,6,16,20,44,56.4861708984375,0
2017,6,16,20,44,58.2918669433594,0
2017,6,16,20,45,0.097716064453125,0
2017,6,16,20,45,1.90338208007813,0
2017,6,16,20,45,3.70907080078125,0
2017,6,16,20,45,5.51490893554687,0
2017,6,16,20,45,7.32171118164062,0
2017,6,16,20,45,9.12746606445313,0
2017,6,16,20,45,10.9332338867187,0
2017,6,16,20,45,12.7389899902344,0
2017,6,16,20,45,14.5447890625,0
2017,6,16,20,45,16.3505529785156,0
2017,6,16,20,45,18.1562309570313,0
2017,6,16,20,45,19.9619169921875,0
2017,6,16,20,45,21.7677819824219,0
2017,6,16,20,45,23.5736647949219,0
2017,6,16,20,45,25.37933984375,0
2017,6,16,20,45,27.1850891113281,0
2017,6,16,20,45,28.9910021972656,0
2017,6,16,20,45,30.7968530273438,0
2017,6,16,20,45,32.6028020019531,0
2017,6,16,20,45,34.4086298828125,0
2017,6,16,20,45,36.2145690917969,0
2017,6,16,20,45,38.020625,0
2017,6,16,20,45,39.8264519042969,0
2017,6,16,20,45,41.6322451171875,0
2017,6,16,20,45,43.43812109375,0
2017,6,16,20,45,45.2437861328125,0
2017,6,16,20,45,47.0495168457031,0
2017,6,16,20,45,48.85546484375,0
2017,6,16,20,45,50.6613701171875,0
2017,6,16,20,45,52.467294921875,0
2017,6,16,20,45,54.2730368652344,0
2017,6,16,20,45,56.0789111328125,0
2017,6,16,20,45,57.8846450195312,0
2017,6,16,20,45,59.69041796875,0
2017,6,16,20,46,1.49623803710938,0
2017,6,16,20,46,3.30202392578125,0
2017,6,16,20,46,5.10772802734375,0
2017,6,16,20,46,6.91347412109375,0
2017,6,16,20,46,8.71940698242187,0
2017,6,16,20,46,10.5251311035156,0
2017,6,16,20,46,12.3311540527344,0
2017,6,16,20,46,14.1368740234375,0
2017,6,16,20,46,15.9426240234375,0
2017,6,16,20,46,17.7484108886719,0
2017,6,16,20,46,19.5541730957031,0
2017,6,16,20,46,21.3600991210938,0
2017,6,16,20,46,23.166,0
2017,6,16,20,46,24.9718930664062,0
2017,6,16,20,46,26.7776530761719,0
2017,6,16,20,46,28.5835439453125,0
2017,6,16,20,46,30.3893991699219,0
2017,6,16,20,46,32.2046589355469,0
2017,6,16,20,46,34.0103818359375,0
2017,6,16,20,46,35.8163271484375,0
2017,6,16,20,46,37.6221420898437,0
2017,6,16,20,46,39.4277429199219,0
2017,6,16,20,46,41.233587890625,0
2017,6,16,20,46,43.0394868164063,0
2017,6,16,20,46,44.8453110351563,0
2017,6,16,20,46,46.6510190429687,0
2017,6,16,20,46,48.4568259277344,0
2017,6,16,20,46,50.2627619628906,0
2017,6,16,20,46,52.0685920410156,0
2017,6,16,20,46,53.8744990234375,0
2017,6,16,20,46,55.6802980957031,0
2017,6,16,20,46,57.4862080078125,0
2017,6,16,20,46,59.2918649902344,0
2017,6,16,20,47,1.09781689453125,0
2017,6,16,20,47,2.90365502929687,0
2017,6,16,20,47,4.70934204101563,0
2017,6,16,20,47,6.51517602539063,0
2017,6,16,20,47,8.32100708007813,0
2017,6,16,20,47,10.1267978515625,0
2017,6,16,20,47,11.9326921386719,0
2017,6,16,20,47,13.7385061035156,0
2017,6,16,20,47,15.5442509765625,0
2017,6,16,20,47,17.3499360351563,0
2017,6,16,20,47,19.1556120605469,0
2017,6,16,20,47,20.9615510253906,0
2017,6,16,20,47,22.7672478027344,0
2017,6,16,20,47,24.5729311523437,0
2017,6,16,20,47,26.3787429199219,0
2017,6,16,20,47,28.1844289550781,0
2017,6,16,20,47,29.9903850097656,0
2017,6,16,20,47,31.7961970214844,0
2017,6,16,20,47,33.6018640136719,0
2017,6,16,20,47,35.407748046875,0
2017,6,16,20,47,37.2136870117187,0
2017,6,16,20,47,39.0194580078125,0
2017,6,16,20,47,40.8251740722656,0
2017,6,16,20,47,42.6308859863281,0
2017,6,16,20,47,44.4368959960938,0
2017,6,16,20,47,46.2425681152344,0
2017,6,16,20,47,48.0482919921875,0
2017,6,16,20,47,49.8540908203125,0
2017,6,16,20,47,51.6597209472656,0
2017,6,16,20,47,53.4655219726562,0
2017,6,16,20,47,55.2712241210938,0
2017,6,16,20,47,57.0769030761719,0
2017,6,16,20,47,58.8827700195313,0
2017,6,16,20,48,0.688446044921875,0
2017,6,16,20,48,2.49422412109375,0
2017,6,16,20,48,4.30001318359375,0
2017,6,16,20,48,6.10573193359375,0
2017,6,16,20,48,7.91146801757812,0
2017,6,16,20,48,9.71719995117187,0
2017,6,16,20,48,11.52308984375,0
2017,6,16,20,48,13.3290229492187,0
2017,6,16,20,48,15.134830078125,0
2017,6,16,20,48,16.9405710449219,0
2017,6,16,20,48,18.7471198730469,0
2017,6,16,20,48,20.5529780273438,0
2017,6,16,20,48,22.3587009277344,0
2017,6,16,20,48,24.1643901367188,0
2017,6,16,20,48,25.970294921875,0
2017,6,16,20,48,27.776046875,0
2017,6,16,20,48,29.581912109375,0
2017,6,16,20,48,31.3875988769531,0
2017,6,16,20,48,33.1933459472656,0
2017,6,16,20,48,34.9991081542969,0
2017,6,16,20,48,36.8047900390625,0
2017,6,16,20,48,38.6104609375,0
2017,6,16,20,48,40.4164050292969,0
2017,6,16,20,48,42.2221101074219,0
2017,6,16,20,48,44.02804296875,0
2017,6,16,20,48,45.8337690429687,0
2017,6,16,20,48,47.6395539550781,0
2017,6,16,20,48,49.445380859375,0
2017,6,16,20,48,51.2510139160156,0
2017,6,16,20,48,53.0567351074219,0
2017,6,16,20,48,54.8625590820312,0
2017,6,16,20,48,59.5893581542969,0
2017,6,16,20,49,1.39525512695313,0
2017,6,16,20,49,3.20092602539063,0
2017,6,16,20,49,5.01463598632813,0
2017,6,16,20,49,6.82047509765625,0
2017,6,16,20,49,8.62630200195312,0
2017,6,16,20,49,10.432041015625,0
2017,6,16,20,49,12.2378139648438,0
2017,6,16,20,49,14.0434680175781,0
2017,6,16,20,49,15.8492270507813,0
2017,6,16,20,49,17.6549138183594,0
2017,6,16,20,49,19.4608430175781,0
2017,6,16,20,49,21.2668530273437,0
2017,6,16,20,49,23.0726818847656,0
2017,6,16,20,49,24.8784580078125,0
2017,6,16,20,49,26.6841140136719,0
2017,6,16,20,49,28.4900539550781,0
2017,6,16,20,49,30.29591796875,0
2017,6,16,20,49,32.1018029785156,0
2017,6,16,20,49,33.9075651855469,0
2017,6,16,20,49,35.713291015625,0
2017,6,16,20,49,37.5191960449219,0
2017,6,16,20,49,39.3251149902344,0
2017,6,16,20,49,41.1389970703125,0
2017,6,16,20,49,42.9448439941406,0
2017,6,16,20,49,44.7505778808594,0
2017,6,16,20,49,46.5563508300781,0
2017,6,16,20,49,48.3620620117187,0
2017,6,16,20,49,50.1677390136719,0
2017,6,16,20,49,51.9736770019531,0
2017,6,16,20,49,53.7794079589844,0
2017,6,16,20,49,55.5851950683594,0
2017,6,16,20,49,57.3909990234375,1
2017,6,16,20,49,59.1967709960937,1
2017,6,16,20,50,1.00264916992187,1
2017,6,16,20,50,2.80858203125,1
2017,6,16,20,50,4.6142548828125,1
2017,6,16,20,50,6.4200830078125,1
2017,6,16,20,50,8.22575390625,1
2017,6,16,20,50,10.0316650390625,1
2017,6,16,20,50,11.8377790527344,1
2017,6,16,20,50,13.6433610839844,1
2017,6,16,20,50,15.4491779785156,1
2017,6,16,20,50,17.2549799804688,1
2017,6,16,20,50,19.0606501464844,1
2017,6,16,20,50,20.8665300292969,1
2017,6,16,20,50,22.6722761230469,1
2017,6,16,20,50,24.4781770019531,1
2017,6,16,20,50,26.2841110839844,1
2017,6,16,20,50,28.0898940429688,1
2017,6,16,20,50,29.8955739746094,1
2017,6,16,20,50,31.7012570800781,1
2017,6,16,20,50,33.5069790039063,1
2017,6,16,20,50,35.3129138183594,1
2017,6,16,20,50,37.1186499023437,1
2017,6,16,20,50,38.9243569335937,1
2017,6,16,20,50,40.7300979003906,1
2017,6,16,20,50,42.5358139648437,1
2017,6,16,20,50,44.3417490234375,1
2017,6,16,20,50,46.1476870117188,1
2017,6,16,20,50,47.9534931640625,1
2017,6,16,20,50,49.7592312011719,1
2017,6,16,20,50,51.5650939941406,1
2017,6,16,20,50,53.3707570800781,1
2017,6,16,20,50,55.1766059570312,1
2017,6,16,20,50,56.9824240722656,1
2017,6,16,20,50,58.7882338867187,1
2017,6,16,20,51,0.594170166015625,1
2017,6,16,20,51,2.400080078125,1
2017,6,16,20,51,4.2058330078125,1
2017,6,16,20,51,6.02121899414063,1
2017,6,16,20,51,7.826873046875,1
2017,6,16,20,51,9.63272094726562,1
2017,6,16,20,51,11.4384580078125,1
2017,6,16,20,51,13.2443698730469,1
2017,6,16,20,51,15.0501569824219,1
2017,6,16,20,51,16.8558540039062,1
2017,6,16,20,51,18.661505859375,1
2017,6,16,20,51,20.4673291015625,1
2017,6,16,20,51,22.2730520019531,1
2017,6,16,20,51,24.0789821777344,1
2017,6,16,20,51,25.8846828613281,1
2017,6,16,20,51,27.6906220703125,1
2017,6,16,20,51,29.4965361328125,1
2017,6,16,20,51,31.3024899902344,1
2017,6,16,20,51,33.1083627929687,1
2017,6,16,20,51,34.9141281738281,1
2017,6,16,20,51,36.7200661621094,1
2017,6,16,20,51,38.5258479003906,1
2017,6,16,20,51,40.3316608886719,1
2017,6,16,20,51,42.1374609375,1
2017,6,16,20,51,43.9433601074219,1
2017,6,16,20,51,45.7491870117188,1
2017,6,16,20,51,47.5549631347656,1
2017,6,16,20,51,49.3606450195312,1
2017,6,16,20,51,51.1665180664062,1
2017,6,16,20,51,52.9723000488281,1
2017,6,16,20,51,54.7782348632812,1
2017,6,16,20,51,56.584125,1
2017,6,16,20,51,58.3900817871094,1
2017,6,16,20,52,0.195802001953125,1
2017,6,16,20,52,2.00168896484375,1
2017,6,16,20,52,3.80763208007812,0
2017,6,16,20,52,5.6132978515625,0
2017,6,16,20,52,7.41909008789063,0
2017,6,16,20,52,9.22486499023437,0
2017,6,16,20,52,11.0307189941406,0
2017,6,16,20,52,12.8365639648437,0
2017,6,16,20,52,14.6425222167969,0
2017,6,16,20,52,16.4483149414062,0
2017,6,16,20,52,18.254087890625,0
2017,6,16,20,52,20.0599899902344,0
2017,6,16,20,52,21.8658908691406,0
2017,6,16,20,52,23.6718039550781,0
2017,6,16,20,52,25.4776799316406,0
2017,6,16,20,52,27.2834938964844,0
2017,6,16,20,52,29.0894401855469,0
2017,6,16,20,52,30.9033110351562,0
2017,6,16,20,52,32.7091311035156,0
2017,6,16,20,52,34.51487890625,0
2017,6,16,20,52,36.3206770019531,0
2017,6,16,20,52,38.1263520507813,0
2017,6,16,20,52,39.9321279296875,0
2017,6,16,20,52,41.7378288574219,0
2017,6,16,20,52,43.5437619628906,0
2017,6,16,20,52,45.3494638671875,1
2017,6,16,20,52,47.1553701171875,1
2017,6,16,20,52,48.9612399902344,1
2017,6,16,20,52,50.7670358886719,1
2017,6,16,20,52,52.5728608398437,1
2017,6,16,20,52,54.3786909179687,1
2017,6,16,20,52,56.1845141601562,1
2017,6,16,20,52,57.9902900390625,1
2017,6,16,20,52,59.7961220703125,1
2017,6,16,20,53,1.60213500976562,1
2017,6,16,20,53,3.40781103515625,1
2017,6,16,20,53,5.2137470703125,1
2017,6,16,20,53,7.01948413085938,1
2017,6,16,20,53,8.8251669921875,1
2017,6,16,20,53,10.6308549804688,1
2017,6,16,20,53,12.4367790527344,1
2017,6,16,20,53,14.2427729492188,1
2017,6,16,20,53,16.0486340332031,1
2017,6,16,20,53,17.85449609375,1
2017,6,16,20,53,19.6604409179687,1
2017,6,16,20,53,21.4662890625,1
2017,6,16,20,53,23.2721669921875,1
2017,6,16,20,53,25.0847219238281,1
2017,6,16,20,53,26.8906618652344,1
2017,6,16,20,53,28.6964409179688,1
2017,6,16,20,53,30.5023259277344,1
2017,6,16,20,53,32.3082529296875,1
2017,6,16,20,53,34.1141828613281,1
2017,6,16,20,53,35.9199919433594,1
2017,6,16,20,53,37.7258500976562,1
2017,6,16,20,53,39.5315290527344,1
2017,6,16,20,53,41.3373139648438,1
2017,6,16,20,53,43.1431259765625,1
2017,6,16,20,53,44.9489760742187,1
2017,6,16,20,53,46.7558110351562,1
2017,6,16,20,53,48.561537109375,1
2017,6,16,20,53,50.3672231445313,1
2017,6,16,20,53,52.1729938964844,1
2017,6,16,20,53,53.9787170410156,1
2017,6,16,20,53,55.7854660644531,1
2017,6,16,20,53,57.5912680664063,1
2017,6,16,20,53,59.3969851074219,1
2017,6,16,20,54,1.20267504882813,1
2017,6,16,20,54,3.00846801757812,1
2017,6,16,20,54,4.81461596679688,1
2017,6,16,20,54,6.62033520507813,1
2017,6,16,20,54,8.42627319335937,1
2017,6,16,20,54,10.2320048828125,1
2017,6,16,20,54,12.0378088378906,1
2017,6,16,20,54,13.8435769042969,1
2017,6,16,20,54,15.6494182128906,1
2017,6,16,20,54,17.4550869140625,1
2017,6,16,20,54,19.2608830566406,1
2017,6,16,20,54,21.0667819824219,1
2017,6,16,20,54,22.8726899414063,1
2017,6,16,20,54,24.6785900878906,1
2017,6,16,20,54,26.48475,1
2017,6,16,20,54,28.2905100097656,1
2017,6,16,20,54,30.0963759765625,1
2017,6,16,20,54,31.902298828125,1
2017,6,16,20,54,33.70800390625,1
2017,6,16,20,54,35.513787109375,1
2017,6,16,20,54,37.3196750488281,1
2017,6,16,20,54,39.1255368652344,1
2017,6,16,20,54,40.9313090820312,1
2017,6,16,20,54,42.7372387695313,1
2017,6,16,20,54,44.5429338378906,1
2017,6,16,20,54,46.3487629394531,1
2017,6,16,20,54,48.1545031738281,1
2017,6,16,20,54,49.9603901367188,1
2017,6,16,20,54,51.7661350097656,1
2017,6,16,20,54,53.5718149414063,1
2017,6,16,20,54,55.3777890625,1
2017,6,16,20,54,57.1835041503906,1
2017,6,16,20,54,58.9893640136719,1
2017,6,16,20,55,0.79519189453125,1
2017,6,16,20,55,2.6009189453125,1
2017,6,16,20,55,4.40696313476562,1
2017,6,16,20,55,6.2126279296875,1
2017,6,16,20,55,8.0185390625,1
2017,6,16,20,55,9.82419384765625,1
2017,6,16,20,55,11.6298430175781,1
2017,6,16,20,55,13.435669921875,1
2017,6,16,20,55,15.2413640136719,1
2017,6,16,20,55,17.0473000488281,1
2017,6,16,20,55,18.8532358398438,1
2017,6,16,20,55,20.6589340820313,1
2017,6,16,20,55,22.464625,1
2017,6,16,20,55,24.2703630371094,1
2017,6,16,20,55,26.0762341308594,1
2017,6,16,20,55,27.8821479492188,1
2017,6,16,20,55,29.6878681640625,1
2017,6,16,20,55,31.4937839355469,1
2017,6,16,20,55,33.2997199707031,1
2017,6,16,20,55,35.1054470214844,1
2017,6,16,20,55,36.9111760253906,1
2017,6,16,20,55,38.7170610351562,1
2017,6,16,20,55,40.5227609863281,1
2017,6,16,20,55,42.3284819335937,1
2017,6,16,20,55,44.134375,1
2017,6,16,20,55,45.940287109375,1
2017,6,16,20,55,47.7460729980469,1
2017,6,16,20,55,49.55199609375,1
2017,6,16,20,55,51.3579099121094,1
2017,6,16,20,55,53.1637038574219,1
2017,6,16,20,55,54.9696081542969,1
2017,6,16,20,55,56.775330078125,1
2017,6,16,20,55,58.581208984375,1
2017,6,16,20,56,0.387135009765625,1
2017,6,16,20,56,2.1929189453125,1
2017,6,16,20,56,3.99868798828125,1
2017,6,16,20,56,5.80434887695313,1
2017,6,16,20,56,7.61002392578125,1
2017,6,16,20,56,9.41569091796875,1
2017,6,16,20,56,11.2216220703125,1
2017,6,16,20,56,13.0276889648437,1
2017,6,16,20,56,14.8336079101562,1
2017,6,16,20,56,16.6393588867187,1
2017,6,16,20,56,18.4453149414062,1
2017,6,16,20,56,20.2612419433594,1
2017,6,16,20,56,22.0672668457031,1
2017,6,16,20,56,23.8729780273437,1
2017,6,16,20,56,25.6786469726562,1
2017,6,16,20,56,27.4844150390625,1
2017,6,16,20,56,29.2901721191406,1
2017,6,16,20,56,31.0961159667969,1
2017,6,16,20,56,32.9019260253906,1
2017,6,16,20,56,34.7078908691406,1
2017,6,16,20,56,36.5135578613281,1
2017,6,16,20,56,38.319458984375,1
2017,6,16,20,56,40.1253591308594,1
2017,6,16,20,56,41.9310869140625,1
2017,6,16,20,56,43.7367409667969,1
2017,6,16,20,56,45.5425668945312,1
2017,6,16,20,56,47.348576171875,1
2017,6,16,20,56,49.1544958496094,1
2017,6,16,20,56,50.9603859863281,1
2017,6,16,20,56,52.7660688476562,1
2017,6,16,20,56,54.5718291015625,1
2017,6,16,20,56,56.377712890625,1
2017,6,16,20,56,58.1835,1
2017,6,16,20,56,59.9893840332031,1
2017,6,16,20,57,1.79518115234375,1
2017,6,16,20,57,3.600998046875,1
2017,6,16,20,57,5.40695092773437,1
2017,6,16,20,57,7.21290405273438,1
2017,6,16,20,57,9.01882202148438,1
2017,6,16,20,57,10.8246901855469,1
2017,6,16,20,57,12.6304470214844,1
2017,6,16,20,57,14.4361999511719,1
2017,6,16,20,57,16.2418771972656,1
2017,6,16,20,57,18.0476811523437,1
2017,6,16,20,57,19.8534619140625,1
2017,6,16,20,57,21.6595881347656,1
2017,6,16,20,57,23.4653151855469,1
2017,6,16,20,57,25.2709948730469,1
2017,6,16,20,57,27.0769360351563,1
2017,6,16,20,57,28.8827360839844,1
2017,6,16,20,57,30.6885129394531,1
2017,6,16,20,57,32.4943029785156,1
2017,6,16,20,57,34.3001899414063,1
2017,6,16,20,57,36.1059799804688,1
2017,6,16,20,57,37.9116870117187,1
2017,6,16,20,57,39.7175209960937,1
2017,6,16,20,57,41.5232429199219,1
2017,6,16,20,57,43.3291472167969,1
2017,6,16,20,57,45.141876953125,1
2017,6,16,20,57,46.9475390625,1
2017,6,16,20,57,48.7534831542969,1
2017,6,16,20,57,50.5592360839844,1
2017,6,16,20,57,52.3650190429687,1
2017,6,16,20,57,54.1708427734375,1
2017,6,16,20,57,55.9766198730469,1
2017,6,16,20,57,57.7824909667969,1
2017,6,16,20,57,59.5882858886719,1
2017,6,16,20,58,1.39418798828125,1
2017,6,16,20,58,3.20018090820313,1
2017,6,16,20,58,5.00601782226563,1
2017,6,16,20,58,6.81197094726562,1
2017,6,16,20,58,8.61780590820313,1
2017,6,16,20,58,10.4236359863281,1
2017,6,16,20,58,12.229291015625,1
2017,6,16,20,58,14.0351611328125,1
2017,6,16,20,58,15.8411169433594,1
2017,6,16,20,58,17.6470200195313,1
2017,6,16,20,58,19.4529140625,1
2017,6,16,20,58,21.2586159667969,1
2017,6,16,20,58,23.0643139648437,1
2017,6,16,20,58,24.8701770019531,1
2017,6,16,20,58,26.6761201171875,1
2017,6,16,20,58,28.4819050292969,1
2017,6,16,20,58,30.2877368164063,1
2017,6,16,20,58,32.0934228515625,1
2017,6,16,20,58,33.8993278808594,1
2017,6,16,20,58,35.7050139160156,1
2017,6,16,20,58,37.5110568847656,0
2017,6,16,20,58,39.3167060546875,0
2017,6,16,20,58,41.1225539550781,0
2017,6,16,20,58,42.92850390625,0
2017,6,16,20,58,44.73445703125,0
2017,6,16,20,58,46.5401179199219,0
2017,6,16,20,58,48.3458959960938,0
2017,6,16,20,58,50.1517797851563,0
2017,6,16,20,58,51.9575920410156,0
2017,6,16,20,58,53.7636579589844,0
2017,6,16,20,58,55.5695541992188,0
2017,6,16,20,58,57.3754560546875,0
2017,6,16,20,58,59.1813491210938,0
2017,6,16,20,59,0.987045166015625,0
2017,6,16,20,59,2.79292700195312,0
2017,6,16,20,59,4.59882104492188,0
2017,6,16,20,59,6.40469409179688,0
2017,6,16,20,59,8.21041015625,0
2017,6,16,20,59,10.02383984375,0
2017,6,16,20,59,11.8296779785156,0
2017,6,16,20,59,13.6356088867187,0
2017,6,16,20,59,15.4413020019531,0
2017,6,16,20,59,17.247041015625,0
2017,6,16,20,59,19.052748046875,0
2017,6,16,20,59,20.8585068359375,0
2017,6,16,20,59,22.6644169921875,0
2017,6,16,20,59,24.470248046875,0
2017,6,16,20,59,26.2761840820312,0
2017,6,16,20,59,28.0819951171875,0
2017,6,16,20,59,29.8877939453125,0
2017,6,16,20,59,31.6935009765625,0
2017,6,16,20,59,33.4994370117187,0
2017,6,16,20,59,35.3053969726562,0
2017,6,16,20,59,37.1110998535156,0
2017,6,16,20,59,38.9169689941406,0
2017,6,16,20,59,40.7230178222656,0
2017,6,16,20,59,42.5289421386719,0
2017,6,16,20,59,44.3346169433594,0
2017,6,16,20,59,46.1403090820313,0
2017,6,16,20,59,47.9462438964844,0
2017,6,16,20,59,49.7520681152344,0
2017,6,16,20,59,51.5578129882812,0
2017,6,16,20,59,53.3637060546875,0
2017,6,16,20,59,55.1696489257813,0
2017,6,16,20,59,56.9753872070312,0
2017,6,16,20,59,58.7810729980469,0
2017,6,16,21,0,0.586882080078125,0
2017,6,16,21,0,2.392546875,0
2017,6,16,21,0,4.1983681640625,0
2017,6,16,21,0,6.00411010742187,0
2017,6,16,21,0,7.80983984375,0
2017,6,16,21,0,9.61560693359375,0
2017,6,16,21,0,11.4214599609375,0
2017,6,16,21,0,13.2271879882812,0
2017,6,16,21,0,15.0329699707031,0
2017,6,16,21,0,16.8388430175781,0
2017,6,16,21,0,18.6447041015625,0
2017,6,16,21,0,20.4504030761719,0
2017,6,16,21,0,22.2562880859375,0
2017,6,16,21,0,24.062001953125,0
2017,6,16,21,0,25.8678679199219,0
2017,6,16,21,0,27.6738620605469,0
2017,6,16,21,0,29.4797880859375,0
2017,6,16,21,0,31.2856750488281,0
2017,6,16,21,0,33.0915200195313,0
2017,6,16,21,0,34.9058051757813,0
2017,6,16,21,0,36.7114699707031,0
2017,6,16,21,0,38.5173198242188,0
2017,6,16,21,0,40.3230678710937,0
2017,6,16,21,0,42.1288681640625,0
2017,6,16,21,0,43.9348518066406,1
2017,6,16,21,0,45.7408110351562,1
2017,6,16,21,0,47.5465068359375,0
2017,6,16,21,0,49.3523500976562,0
2017,6,16,21,0,51.1581472167969,0
2017,6,16,21,0,52.9638039550781,0
2017,6,16,21,0,54.7694841308594,0
2017,6,16,21,0,56.5754130859375,0
2017,6,16,21,0,58.3811040039063,1
2017,6,16,21,1,0.1868779296875,1
2017,6,16,21,1,1.99256298828125,1
2017,6,16,21,1,3.7982509765625,1
2017,6,16,21,1,5.60414013671875,1
2017,6,16,21,1,7.40986499023438,1
2017,6,16,21,1,9.21582202148437,1
2017,6,16,21,1,11.0217399902344,1
2017,6,16,21,1,12.8275100097656,1
2017,6,16,21,1,14.6333229980469,1
2017,6,16,21,1,16.4390559082031,1
2017,6,16,21,1,18.2450681152344,1
2017,6,16,21,1,20.0506999511719,1
2017,6,16,21,1,21.8566301269531,1
2017,6,16,21,1,23.662291015625,1
2017,6,16,21,1,25.4681379394531,1
2017,6,16,21,1,27.2740729980469,1
2017,6,16,21,1,29.0797529296875,1
2017,6,16,21,1,30.8856398925781,1
2017,6,16,21,1,32.6914001464844,1
2017,6,16,21,1,34.4975949707031,1
2017,6,16,21,1,36.30350390625,1
2017,6,16,21,1,38.1092780761719,1
2017,6,16,21,1,39.9152241210938,1
2017,6,16,21,1,41.721166015625,1
2017,6,16,21,1,43.5268859863281,1
2017,6,16,21,1,45.332666015625,1
2017,6,16,21,1,47.1383229980469,1
2017,6,16,21,1,48.9442639160156,1
2017,6,16,21,1,50.7501840820312,1
2017,6,16,21,1,52.5562419433594,1
2017,6,16,21,1,54.3621188964844,1
2017,6,16,21,1,56.1680400390625,1
2017,6,16,21,1,57.9738581542969,1
2017,6,16,21,1,59.7881899414063,1
2017,6,16,21,2,1.59411401367187,1
2017,6,16,21,2,3.400044921875,1
2017,6,16,21,2,5.20608813476562,1
2017,6,16,21,2,7.01182397460938,1
2017,6,16,21,2,8.81751000976563,1
2017,6,16,21,2,10.6234208984375,1
2017,6,16,21,2,12.4293352050781,1
2017,6,16,21,2,14.2350239257813,1
2017,6,16,21,2,16.0407409667969,1
2017,6,16,21,2,17.8467678222656,1
2017,6,16,21,2,19.6526420898437,1
2017,6,16,21,2,21.4583659667969,1
2017,6,16,21,2,23.2641188964844,1
2017,6,16,21,2,25.0700349121094,1
2017,6,16,21,2,26.8759091796875,1
2017,6,16,21,2,28.6818408203125,1
2017,6,16,21,2,30.4876850585938,1
2017,6,16,21,2,32.2936059570312,1
2017,6,16,21,2,34.1092629394531,1
2017,6,16,21,2,35.9150349121094,1
2017,6,16,21,2,37.72083203125,1
2017,6,16,21,2,39.5265148925781,1
2017,6,16,21,2,41.3323911132812,1
2017,6,16,21,2,43.1383500976563,1
2017,6,16,21,2,44.9440998535156,1
2017,6,16,21,2,46.7508439941406,1
2017,6,16,21,2,48.5566750488281,1
2017,6,16,21,2,50.3625830078125,1
2017,6,16,21,2,52.16833203125,1
2017,6,16,21,2,53.9741149902344,1
2017,6,16,21,2,55.7800400390625,1
2017,6,16,21,2,57.5857797851562,1
2017,6,16,21,2,59.3916298828125,1
2017,6,16,21,3,1.19757397460937,1
2017,6,16,21,3,3.00319409179688,1
2017,6,16,21,3,4.8091259765625,1
2017,6,16,21,3,6.61503784179687,1
2017,6,16,21,3,8.420875,1
2017,6,16,21,3,10.2265749511719,1
2017,6,16,21,3,12.0325119628906,1
2017,6,16,21,3,13.8386188964844,1
2017,6,16,21,3,15.6445119628906,1
2017,6,16,21,3,17.45037109375,1
2017,6,16,21,3,19.2561979980469,1
2017,6,16,21,3,21.062001953125,1
2017,6,16,21,3,22.8677980957031,1
2017,6,16,21,3,24.6736440429687,1
2017,6,16,21,3,26.4793911132812,1
2017,6,16,21,3,28.2853090820313,1
2017,6,16,21,3,30.0910520019531,1
2017,6,16,21,3,31.8969660644531,1
2017,6,16,21,3,33.7028688964844,1
2017,6,16,21,3,35.5087890625,0
2017,6,16,21,3,37.3146560058594,0
2017,6,16,21,3,39.120583984375,0
2017,6,16,21,3,40.9263410644531,0
2017,6,16,21,3,42.7320810546875,0
2017,6,16,21,3,44.5378562011719,0
2017,6,16,21,3,46.3437580566406,0
2017,6,16,21,3,48.1494399414062,0
2017,6,16,21,3,49.9552109375,0
2017,6,16,21,3,51.7608918457031,0
2017,6,16,21,3,53.5665458984375,0
2017,6,16,21,3,55.3724118652344,0
2017,6,16,21,3,57.1781311035156,0
2017,6,16,21,3,58.9838969726562,0
2017,6,16,21,4,0.78993017578125,0
2017,6,16,21,4,2.59582592773438,0
2017,6,16,21,4,4.40148217773438,0
2017,6,16,21,4,6.20715185546875,0
2017,6,16,21,4,8.01302783203125,0
2017,6,16,21,4,9.8187958984375,0
2017,6,16,21,4,11.6246630859375,0
2017,6,16,21,4,13.4304851074219,0
2017,6,16,21,4,15.2362529296875,0
2017,6,16,21,4,17.0419799804687,0
2017,6,16,21,4,18.847712890625,0
2017,6,16,21,4,20.6536149902344,0
2017,6,16,21,4,22.4595581054688,0
2017,6,16,21,4,24.2736450195313,0
2017,6,16,21,4,26.0793901367188,0
2017,6,16,21,4,27.885130859375,0
2017,6,16,21,4,29.6910610351562,0
2017,6,16,21,4,31.4968020019531,0
2017,6,16,21,4,33.3027280273437,0
2017,6,16,21,4,35.108576171875,0
2017,6,16,21,4,36.9144211425781,0
2017,6,16,21,4,38.7202858886719,0
2017,6,16,21,4,40.5259868164063,0
2017,6,16,21,4,42.3317922363281,0
2017,6,16,21,4,44.1375178222656,0
2017,6,16,21,4,45.9434250488281,0
2017,6,16,21,4,47.7491350097656,0
2017,6,16,21,4,49.5550871582031,0
2017,6,16,21,4,51.3609650878906,0
2017,6,16,21,4,53.1669108886719,0
2017,6,16,21,4,54.9725759277344,0
2017,6,16,21,4,56.778373046875,0
2017,6,16,21,4,58.5841821289062,0
2017,6,16,21,5,0.3900830078125,0
2017,6,16,21,5,2.195837890625,0
2017,6,16,21,5,4.00175317382813,0
2017,6,16,21,5,5.807708984375,0
2017,6,16,21,5,7.61366796875,0
2017,6,16,21,5,9.41949096679688,0
2017,6,16,21,5,11.2253649902344,0
2017,6,16,21,5,13.0312248535156,0
2017,6,16,21,5,14.836916015625,0
2017,6,16,21,5,16.6426240234375,0
2017,6,16,21,5,18.4483540039062,0
2017,6,16,21,5,20.2542700195313,0
2017,6,16,21,5,22.0599890136719,0
2017,6,16,21,5,23.8656789550781,0
2017,6,16,21,5,25.67175,0
2017,6,16,21,5,27.4776330566406,0
2017,6,16,21,5,29.2834018554687,0
2017,6,16,21,5,31.0893330078125,0
2017,6,16,21,5,32.8950419921875,0
2017,6,16,21,5,34.7007409667969,0
2017,6,16,21,5,36.5064641113281,0
2017,6,16,21,5,38.312423828125,0
2017,6,16,21,5,40.1181481933594,0
2017,6,16,21,5,41.9239509277344,0
2017,6,16,21,5,43.7297922363281,0
2017,6,16,21,5,45.5355588378906,0
2017,6,16,21,5,47.3412868652344,0
2017,6,16,21,5,49.153626953125,0
2017,6,16,21,5,50.9593649902344,0
2017,6,16,21,5,52.7650590820313,0
2017,6,16,21,5,54.5710080566406,0
2017,6,16,21,5,56.3768762207031,0
2017,6,16,21,5,58.1826721191406,0
2017,6,16,21,5,59.9884499511719,0
2017,6,16,21,6,1.79414892578125,0
2017,6,16,21,6,3.59982202148437,0
2017,6,16,21,6,5.405587890625,0
2017,6,16,21,6,7.21139306640625,0
2017,6,16,21,6,9.01721606445312,0
2017,6,16,21,6,10.8232578125,0
2017,6,16,21,6,12.6289689941406,0
2017,6,16,21,6,14.434833984375,0
2017,6,16,21,6,16.2406931152344,0
2017,6,16,21,6,18.0464311523438,0
2017,6,16,21,6,19.8522790527344,0
2017,6,16,21,6,21.6579909667969,0
2017,6,16,21,6,23.4636730957031,0
2017,6,16,21,6,25.2695510253906,0
2017,6,16,21,6,27.0752429199219,0
2017,6,16,21,6,28.88108984375,0
2017,6,16,21,6,30.6867868652344,0
2017,6,16,21,6,32.4924509277344,0
2017,6,16,21,6,34.2983291015625,0
2017,6,16,21,6,36.1042668457031,0
2017,6,16,21,6,37.9100939941406,0
2017,6,16,21,6,39.7157990722656,0
2017,6,16,21,6,41.5216511230469,0
2017,6,16,21,6,43.3275297851563,0
2017,6,16,21,6,45.1335061035156,0
2017,6,16,21,6,46.9394189453125,0
2017,6,16,21,6,48.7453288574219,0
2017,6,16,21,6,50.5511721191406,0
2017,6,16,21,6,52.3569799804688,0
2017,6,16,21,6,54.1629050292969,0
2017,6,16,21,6,55.9687209472656,0
2017,6,16,21,6,57.7761730957031,1
2017,6,16,21,6,59.5819248046875,1
2017,6,16,21,7,1.38786401367187,1
2017,6,16,21,7,3.19390991210937,1
2017,6,16,21,7,4.99977905273438,1
2017,6,16,21,7,6.80551098632812,1
2017,6,16,21,7,8.6113720703125,1
2017,6,16,21,7,10.4171508789063,1
2017,6,16,21,7,12.2229250488281,1
2017,6,16,21,7,14.0362170410156,1
2017,6,16,21,7,15.8419689941406,1
2017,6,16,21,7,17.647791015625,1
2017,6,16,21,7,19.4536918945313,1
2017,6,16,21,7,21.2594951171875,1
2017,6,16,21,7,23.0653129882812,1
2017,6,16,21,7,24.8712028808594,1
2017,6,16,21,7,26.6770029296875,1
2017,6,16,21,7,28.4826691894531,1
2017,6,16,21,7,30.2885397949219,1
2017,6,16,21,7,32.0944130859375,1
2017,6,16,21,7,33.9001711425781,1
2017,6,16,21,7,35.7060009765625,1
2017,6,16,21,7,37.51191796875,1
2017,6,16,21,7,39.3176960449219,1
2017,6,16,21,7,41.1235300292969,1
2017,6,16,21,7,42.9293562011719,1
2017,6,16,21,7,44.7354050292969,1
2017,6,16,21,7,46.5411020507812,1
2017,6,16,21,7,48.3469970703125,1
2017,6,16,21,7,50.1529108886719,1
2017,6,16,21,7,51.9588100585937,1
2017,6,16,21,7,53.7646420898437,1
2017,6,16,21,7,55.570380859375,1
2017,6,16,21,7,57.3763310546875,1
2017,6,16,21,7,59.1821540527344,1
2017,6,16,21,8,0.98786083984375,1
2017,6,16,21,8,2.79360498046875,1
2017,6,16,21,8,4.59939184570313,1
2017,6,16,21,8,6.40543603515625,1
2017,6,16,21,8,8.211126953125,1
2017,6,16,21,8,10.0170209960938,1
2017,6,16,21,8,11.8228359375,1
2017,6,16,21,8,13.6285988769531,1
2017,6,16,21,8,15.4343100585938,1
2017,6,16,21,8,17.2400390625,1
2017,6,16,21,8,19.0461499023437,1
2017,6,16,21,8,20.8521069335937,1
2017,6,16,21,8,22.6580490722656,1
2017,6,16,21,8,24.464001953125,1
2017,6,16,21,8,26.269669921875,1
2017,6,16,21,8,28.0755769042969,1
2017,6,16,21,8,29.8814230957031,1
2017,6,16,21,8,31.6871318359375,1
2017,6,16,21,8,33.492875,1
2017,6,16,21,8,35.2986508789063,1
2017,6,16,21,8,37.1043078613281,1
2017,6,16,21,8,38.9185739746094,1
2017,6,16,21,8,40.7245070800781,1
2017,6,16,21,8,42.5301630859375,1
2017,6,16,21,8,44.3358969726563,1
2017,6,16,21,8,46.1415810546875,1
2017,6,16,21,8,47.9472990722656,1
2017,6,16,21,8,49.7532590332031,1
2017,6,16,21,8,51.5589399414063,1
2017,6,16,21,8,53.3648439941406,1
2017,6,16,21,8,55.1706708984375,1
2017,6,16,21,8,56.9763779296875,1
2017,6,16,21,8,58.7822102050781,1
2017,6,16,21,9,0.5879990234375,1
2017,6,16,21,9,2.39395190429688,1
2017,6,16,21,9,4.19965502929688,1
2017,6,16,21,9,6.00547192382813,1
2017,6,16,21,9,7.8113359375,1
2017,6,16,21,9,9.6172080078125,1
2017,6,16,21,9,11.4228000488281,1
2017,6,16,21,9,13.2286730957031,1
2017,6,16,21,9,15.0345180664062,1
2017,6,16,21,9,16.8402600097656,1
2017,6,16,21,9,18.6459299316406,1
2017,6,16,21,9,20.4517399902344,1
2017,6,16,21,9,22.2578129882812,1
2017,6,16,21,9,24.0636540527344,1
2017,6,16,21,9,25.8694169921875,1
2017,6,16,21,9,27.6751359863281,1
2017,6,16,21,9,29.4809611816406,1
2017,6,16,21,9,31.2866640625,1
2017,6,16,21,9,33.0923859863281,1
2017,6,16,21,9,34.8982390136719,1
2017,6,16,21,9,36.7040368652344,0
2017,6,16,21,9,38.5098481445312,0
2017,6,16,21,9,40.3155588378906,0
2017,6,16,21,9,42.1213369140625,0
2017,6,16,21,9,43.9270739746094,0
2017,6,16,21,9,45.7329860839844,0
2017,6,16,21,9,47.5388920898437,0
2017,6,16,21,9,49.344830078125,0
2017,6,16,21,9,51.1504929199219,0
2017,6,16,21,9,52.9561970214844,0
2017,6,16,21,9,54.7619860839844,0
2017,6,16,21,9,56.5677690429687,0
2017,6,16,21,9,58.3736579589844,0
2017,6,16,21,10,0.179320068359375,0
2017,6,16,21,10,1.98509497070313,0
2017,6,16,21,10,3.80042016601563,0
2017,6,16,21,10,5.60636083984375,0
2017,6,16,21,10,7.4121259765625,0
2017,6,16,21,10,9.21807592773438,0
2017,6,16,21,10,11.0239091796875,0
2017,6,16,21,10,12.8297919921875,0
2017,6,16,21,10,14.6356130371094,0
2017,6,16,21,10,16.4414040527344,0
2017,6,16,21,10,18.2473459472656,0
2017,6,16,21,10,20.0530180664062,0
2017,6,16,21,10,21.859033203125,0
2017,6,16,21,10,23.6648129882812,0
2017,6,16,21,10,25.4705688476562,0
2017,6,16,21,10,27.2763159179687,0
2017,6,16,21,10,29.0822509765625,0
2017,6,16,21,10,30.8880710449219,0
2017,6,16,21,10,32.6937990722656,0
2017,6,16,21,10,34.4997780761719,0
2017,6,16,21,10,36.3056049804688,0
2017,6,16,21,10,38.1113249511719,0
2017,6,16,21,10,39.9171518554688,0
2017,6,16,21,10,41.7229389648437,0
2017,6,16,21,10,43.5286938476562,0
2017,6,16,21,10,45.3344340820313,0
2017,6,16,21,10,47.1403911132812,0
2017,6,16,21,10,48.9463410644531,0
2017,6,16,21,10,50.7521469726562,0
2017,6,16,21,10,52.5578620605469,0
2017,6,16,21,10,54.3635161132812,0
2017,6,16,21,10,56.1694060058594,0
2017,6,16,21,10,57.9752121582031,0
2017,6,16,21,10,59.7823330078125,0
2017,6,16,21,11,1.58818090820313,0
2017,6,16,21,11,3.39391088867188,0
2017,6,16,21,11,5.19960693359375,0
2017,6,16,21,11,7.00548413085937,0
2017,6,16,21,11,8.81116381835938,0
2017,6,16,21,11,10.6169489746094,0
2017,6,16,21,11,12.4227121582031,0
2017,6,16,21,11,14.2286428222656,0
2017,6,16,21,11,16.0344479980469,0
2017,6,16,21,11,17.8402800292969,0
2017,6,16,21,11,19.6459418945313,0
2017,6,16,21,11,21.4516708984375,0
2017,6,16,21,11,23.2576220703125,0
2017,6,16,21,11,25.0632788085938,0
2017,6,16,21,11,26.8691110839844,0
2017,6,16,21,11,28.674951171875,0
2017,6,16,21,11,30.4808469238281,0
2017,6,16,21,11,32.2865988769531,0
2017,6,16,21,11,34.0925190429688,0
2017,6,16,21,11,35.8982890625,0
2017,6,16,21,11,37.70403515625,0
2017,6,16,21,11,39.5098110351562,0
2017,6,16,21,11,41.3157490234375,0
2017,6,16,21,11,43.1222770996094,0
2017,6,16,21,11,44.928080078125,0
2017,6,16,21,11,46.733791015625,0
2017,6,16,21,11,48.5394670410156,0
2017,6,16,21,11,50.3451440429687,0
2017,6,16,21,11,52.1510700683594,0
2017,6,16,21,11,53.9569047851562,0
2017,6,16,21,11,55.7627900390625,0
2017,6,16,21,11,57.568705078125,0
2017,6,16,21,11,59.37453515625,0
2017,6,16,21,12,1.18025708007812,0
2017,6,16,21,12,2.98604711914063,0
2017,6,16,21,12,4.79197192382813,0
2017,6,16,21,12,6.5976669921875,0
2017,6,16,21,12,8.40353295898437,0
2017,6,16,21,12,10.2094240722656,0
2017,6,16,21,12,12.0152399902344,0
2017,6,16,21,12,13.821173828125,0
2017,6,16,21,12,15.6268850097656,0
2017,6,16,21,12,17.4326811523438,1
2017,6,16,21,12,19.2385749511719,1
2017,6,16,21,12,21.0444169921875,1
2017,6,16,21,12,22.8501369628906,1
2017,6,16,21,12,24.6560100097656,1
2017,6,16,21,12,26.4619770507813,1
2017,6,16,21,12,28.2745500488281,1
2017,6,16,21,12,30.08044921875,1
2017,6,16,21,12,31.8862409667969,1
2017,6,16,21,12,33.69225,1
2017,6,16,21,12,35.4980471191406,1
2017,6,16,21,12,37.3039970703125,1
2017,6,16,21,12,39.1098989257813,1
2017,6,16,21,12,40.9158100585937,1
2017,6,16,21,12,42.7217231445313,1
2017,6,16,21,12,44.5275859375,0
2017,6,16,21,12,46.3334729003906,1
2017,6,16,21,12,48.1391459960938,1
2017,6,16,21,12,49.9448149414062,1
2017,6,16,21,12,51.7505190429687,0
2017,6,16,21,12,53.5563591308594,0
2017,6,16,21,12,55.3622260742188,0
2017,6,16,21,12,57.1680952148438,1
2017,6,16,21,12,58.973751953125,1
2017,6,16,21,13,0.77968701171875,1
2017,6,16,21,13,2.58541479492188,1
2017,6,16,21,13,4.39132495117187,0
2017,6,16,21,13,6.19703393554687,1
2017,6,16,21,13,8.00277099609375,1
2017,6,16,21,13,9.80842407226563,1
2017,6,16,21,13,11.6140759277344,1
2017,6,16,21,13,13.4199909667969,1
2017,6,16,21,13,15.2280969238281,1
2017,6,16,21,13,17.0339580078125,1
2017,6,16,21,13,18.8397368164063,1
2017,6,16,21,13,20.6455268554687,1
2017,6,16,21,13,22.4513198242187,1
2017,6,16,21,13,24.2569721679688,1
2017,6,16,21,13,26.0626520996094,1
2017,6,16,21,13,27.8685278320313,1
2017,6,16,21,13,29.6742629394531,1
2017,6,16,21,13,31.4800620117188,1
2017,6,16,21,13,33.2862260742188,1
2017,6,16,21,13,35.0920678710937,1
2017,6,16,21,13,36.8978510742187,1
2017,6,16,21,13,38.7038420410156,1
2017,6,16,21,13,40.5097290039063,1
2017,6,16,21,13,42.3154558105469,1
2017,6,16,21,13,44.1213420410156,1
2017,6,16,21,13,45.9272219238281,1
2017,6,16,21,13,47.7331750488281,1
2017,6,16,21,13,49.5388989257812,1
2017,6,16,21,13,51.3447238769531,1
2017,6,16,21,13,53.1504279785156,1
2017,6,16,21,13,54.9563430175781,1
2017,6,16,21,13,56.7622448730469,1
2017,6,16,21,13,58.5681779785156,1
2017,6,16,21,14,0.37406298828125,1
2017,6,16,21,14,2.17990502929687,1
2017,6,16,21,14,3.985626953125,1
2017,6,16,21,14,5.79145703125,1
2017,6,16,21,14,7.59740893554688,1
2017,6,16,21,14,9.4032490234375,1
2017,6,16,21,14,11.2091628417969,1
2017,6,16,21,14,13.0160661621094,1
2017,6,16,21,14,14.8218701171875,1
2017,6,16,21,14,16.6277939453125,1
2017,6,16,21,14,18.4334519042969,1
2017,6,16,21,14,20.2393349609375,1
2017,6,16,21,14,22.0453510742188,1
2017,6,16,21,14,23.8510729980469,1
2017,6,16,21,14,25.6568479003906,1
2017,6,16,21,14,27.4626801757813,1
2017,6,16,21,14,29.2685170898438,1
2017,6,16,21,14,31.0743762207031,1
2017,6,16,21,14,32.8801059570312,1
2017,6,16,21,14,34.6859870605469,1
2017,6,16,21,14,36.4919140625,1
2017,6,16,21,14,38.29766796875,1
2017,6,16,21,14,40.1034809570313,1
2017,6,16,21,14,41.9093410644531,1
2017,6,16,21,14,43.7150869140625,1
2017,6,16,21,14,45.5208720703125,1
2017,6,16,21,14,47.3268171386719,1
2017,6,16,21,14,49.1326711425781,1
2017,6,16,21,14,50.9383791503906,1
2017,6,16,21,14,52.7477561035156,1
2017,6,16,21,14,54.5534890136719,1
2017,6,16,21,14,56.3594001464844,1
2017,6,16,21,14,58.1653161621094,1
2017,6,16,21,14,59.971126953125,1
2017,6,16,21,15,1.77682202148437,1
2017,6,16,21,15,3.58337915039063,1
2017,6,16,21,15,5.38848803710937,1
2017,6,16,21,15,7.19419506835937,1
2017,6,16,21,15,8.99987280273437,1
2017,6,16,21,15,10.8055910644531,1
2017,6,16,21,15,12.6115190429687,1
2017,6,16,21,15,14.4172580566406,1
2017,6,16,21,15,16.2231140136719,1
2017,6,16,21,15,18.0288010253906,1
2017,6,16,21,15,19.8346618652344,1
2017,6,16,21,15,21.6403178710937,1
2017,6,16,21,15,23.4461711425781,1
2017,6,16,21,15,25.2520310058594,1
2017,6,16,21,15,27.0579140625,1
2017,6,16,21,15,28.8638630371094,1
2017,6,16,21,15,30.6698090820313,1
2017,6,16,21,15,32.4754780273437,1
2017,6,16,21,15,34.2812700195312,1
2017,6,16,21,15,36.0870759277344,1
2017,6,16,21,15,37.8927939453125,1
2017,6,16,21,15,39.6985810546875,1
2017,6,16,21,15,41.5043088378906,1
2017,6,16,21,15,43.3099848632813,1
2017,6,16,21,15,45.1157897949219,1
2017,6,16,21,15,46.9217109375,1
2017,6,16,21,15,48.7278449707031,1
2017,6,16,21,15,50.533587890625,1
2017,6,16,21,15,52.3397919921875,1
2017,6,16,21,15,54.1456088867187,1
2017,6,16,21,15,55.9514519042969,1
2017,6,16,21,15,57.7575148925781,1
2017,6,16,21,15,59.5634069824219,1
2017,6,16,21,16,1.36922412109375,1
2017,6,16,21,16,3.175169921875,1
2017,6,16,21,16,4.9809169921875,1
2017,6,16,21,16,6.78681909179688,1
2017,6,16,21,16,8.59257006835938,1
2017,6,16,21,16,10.3984699707031,1
2017,6,16,21,16,12.2042529296875,1
2017,6,16,21,16,14.009951171875,1
2017,6,16,21,16,15.8157229003906,1
2017,6,16,21,16,17.6214379882813,1
2017,6,16,21,16,19.4271499023437,1
2017,6,16,21,16,21.2329890136719,1
2017,6,16,21,16,23.0389409179687,1
2017,6,16,21,16,24.8446850585938,1
2017,6,16,21,16,26.6503610839844,1
2017,6,16,21,16,28.4561469726562,1
2017,6,16,21,16,30.2618151855469,1
2017,6,16,21,16,32.0675339355469,1
2017,6,16,21,16,33.8733039550781,1
2017,6,16,21,16,35.6791669921875,1
2017,6,16,21,16,37.4851149902344,1
2017,6,16,21,16,39.2909409179687,1
2017,6,16,21,16,41.0968671875,1
2017,6,16,21,16,42.9027961425781,1
2017,6,16,21,16,44.7085300292969,1
2017,6,16,21,16,46.5144299316406,1
2017,6,16,21,16,48.3201110839844,1
2017,6,16,21,16,50.1260520019531,1
2017,6,16,21,16,51.9318239746094,1
2017,6,16,21,16,53.7377729492188,1
2017,6,16,21,16,55.5437109375,1
2017,6,16,21,16,57.3495910644531,1
2017,6,16,21,16,59.1553471679687,1
2017,6,16,21,17,0.96102001953125,1
2017,6,16,21,17,2.76693603515625,1
2017,6,16,21,17,4.57272705078125,1
2017,6,16,21,17,6.37854907226563,1
2017,6,16,21,17,8.184248046875,1
2017,6,16,21,17,9.99015991210937,1
2017,6,16,21,17,11.7960158691406,1
2017,6,16,21,17,13.6018627929688,1
2017,6,16,21,17,15.4076618652344,1
2017,6,16,21,17,17.2214028320312,1
2017,6,16,21,17,19.0272067871094,1
2017,6,16,21,17,20.8331411132813,1
2017,6,16,21,17,22.6390439453125,1
2017,6,16,21,17,24.4448959960937,1
2017,6,16,21,17,26.2505769042969,1
2017,6,16,21,17,28.0564360351562,1
2017,6,16,21,17,29.8622290039063,1
2017,6,16,21,17,31.6680268554687,1
2017,6,16,21,17,33.4737280273438,1
2017,6,16,21,17,35.2796120605469,1
2017,6,16,21,17,37.0855688476562,1
2017,6,16,21,17,38.8914360351562,1
2017,6,16,21,17,40.6973100585938,1
2017,6,16,21,17,42.503125,1
2017,6,16,21,17,44.3091040039062,1
2017,6,16,21,17,46.1148469238281,1
2017,6,16,21,17,47.9209050292969,1
2017,6,16,21,17,49.726787109375,1
2017,6,16,21,17,51.5326879882813,1
2017,6,16,21,17,53.338583984375,1
2017,6,16,21,17,55.1444440917969,1
2017,6,16,21,17,56.9501259765625,1
2017,6,16,21,17,58.75603515625,1
2017,6,16,21,18,0.56181396484375,1
2017,6,16,21,18,2.36758203125,1
2017,6,16,21,18,4.17340600585938,1
2017,6,16,21,18,5.97935107421875,1
2017,6,16,21,18,7.7851201171875,1
2017,6,16,21,18,9.59113916015625,1
2017,6,16,21,18,11.3969489746094,1
2017,6,16,21,18,13.2027421875,1
2017,6,16,21,18,15.0084189453125,1
2017,6,16,21,18,16.8141010742188,1
2017,6,16,21,18,18.6199870605469,1
2017,6,16,21,18,20.4258229980469,1
2017,6,16,21,18,22.2315759277344,1
2017,6,16,21,18,24.0374670410156,1
2017,6,16,21,18,25.8431630859375,1
2017,6,16,21,18,27.6490690917969,1
2017,6,16,21,18,29.4549079589844,1
2017,6,16,21,18,31.2607180175781,1
2017,6,16,21,18,33.06650390625,1
2017,6,16,21,18,34.8723371582031,1
2017,6,16,21,18,36.6782189941406,1
2017,6,16,21,18,38.4839770507812,1
2017,6,16,21,18,40.2898071289062,1
2017,6,16,21,18,42.1037038574219,1
2017,6,16,21,18,43.9093779296875,1
2017,6,16,21,18,45.7150319824219,1
2017,6,16,21,18,47.5206931152344,1
2017,6,16,21,18,49.326625,1
2017,6,16,21,18,51.1323618164063,1
2017,6,16,21,18,52.938169921875,1
2017,6,16,21,18,54.7440070800781,1
2017,6,16,21,18,56.5497939453125,1
2017,6,16,21,18,58.3555778808594,1
2017,6,16,21,19,0.161528076171875,1
2017,6,16,21,19,1.9672099609375,1
2017,6,16,21,19,3.773169921875,1
2017,6,16,21,19,5.5788720703125,1
2017,6,16,21,19,7.38482397460938,1
2017,6,16,21,19,9.190666015625,1
2017,6,16,21,19,10.9964951171875,1
2017,6,16,21,19,12.8023439941406,1
2017,6,16,21,19,14.6079680175781,1
2017,6,16,21,19,16.4138110351563,1
2017,6,16,21,19,18.2194877929687,1
2017,6,16,21,19,20.0253269042969,1
2017,6,16,21,19,21.8310419921875,1
2017,6,16,21,19,23.636791015625,1
2017,6,16,21,19,25.4428469238281,1
2017,6,16,21,19,27.24875,1
2017,6,16,21,19,29.0546440429688,1
2017,6,16,21,19,30.86050390625,1
2017,6,16,21,19,32.6661911621094,1
2017,6,16,21,19,34.4719851074219,1
2017,6,16,21,19,36.2778361816406,1
2017,6,16,21,19,38.0836020507813,1
2017,6,16,21,19,39.8892829589844,1
2017,6,16,21,19,41.6950659179687,1
2017,6,16,21,19,43.500921875,1
2017,6,16,21,19,45.3067529296875,1
2017,6,16,21,19,47.1125148925781,1
2017,6,16,21,19,48.9183220214844,1
2017,6,16,21,19,50.7241440429688,1
2017,6,16,21,19,52.5299689941406,1
2017,6,16,21,19,54.3358601074219,1
2017,6,16,21,19,56.1415949707031,1
2017,6,16,21,19,57.9474431152344,1
2017,6,16,21,19,59.7532509765625,1
2017,6,16,21,20,1.5589931640625,1
2017,6,16,21,20,3.36482397460937,1
2017,6,16,21,20,5.17073388671875,1
2017,6,16,21,20,6.986001953125,1
2017,6,16,21,20,8.79166796875,1
2017,6,16,21,20,10.5974450683594,1
2017,6,16,21,20,12.4031579589844,1
2017,6,16,21,20,14.2088879394531,1
2017,6,16,21,20,16.0148530273438,1
2017,6,16,21,20,17.8205959472656,1
2017,6,16,21,20,19.6263161621094,1
2017,6,16,21,20,21.4320639648437,1
2017,6,16,21,20,23.2379619140625,1
2017,6,16,21,20,25.0438181152344,1
2017,6,16,21,20,26.8495942382812,1
2017,6,16,21,20,28.6555229492187,1
2017,6,16,21,20,30.4613210449219,1
2017,6,16,21,20,32.2672189941406,1
2017,6,16,21,20,34.0730219726562,1
2017,6,16,21,20,35.8787419433594,1
2017,6,16,21,20,37.6847719726563,1
2017,6,16,21,20,39.4903679199219,1
2017,6,16,21,20,41.2973430175781,1
2017,6,16,21,20,43.103208984375,1
2017,6,16,21,20,44.9090729980469,1
2017,6,16,21,20,46.7148588867188,1
2017,6,16,21,20,48.5204812011719,1
2017,6,16,21,20,50.3264008789062,1
2017,6,16,21,20,52.1322277832031,1
2017,6,16,21,20,53.9379221191406,1
2017,6,16,21,20,55.7437280273437,1
2017,6,16,21,20,57.5494011230469,1
2017,6,16,21,20,59.3552719726562,1
2017,6,16,21,21,1.16082495117187,1
2017,6,16,21,21,2.96676489257813,1
2017,6,16,21,21,4.77269287109375,1
2017,6,16,21,21,6.578630859375,1
2017,6,16,21,21,8.3844990234375,1
2017,6,16,21,21,12.8646391601562,1
2017,6,16,21,21,14.670458984375,1
2017,6,16,21,21,16.4762819824219,1
2017,6,16,21,21,18.2820949707031,1
2017,6,16,21,21,20.0880529785156,1
2017,6,16,21,21,21.8937739257813,1
2017,6,16,21,21,23.699623046875,1
2017,6,16,21,21,25.5053388671875,1
2017,6,16,21,21,27.3111848144531,1
2017,6,16,21,21,29.1168850097656,1
2017,6,16,21,21,30.9228200683594,1
2017,6,16,21,21,32.7285620117188,1
2017,6,16,21,21,34.5344279785156,1
2017,6,16,21,21,36.3401579589844,1
2017,6,16,21,21,38.1458520507813,1
2017,6,16,21,21,39.9515339355469,1
2017,6,16,21,21,41.7572888183594,1
2017,6,16,21,21,43.5630678710938,1
2017,6,16,21,21,45.3689028320313,1
2017,6,16,21,21,47.1747980957031,1
2017,6,16,21,21,48.9804790039062,1
2017,6,16,21,21,50.7861599121094,1
2017,6,16,21,21,52.5918239746094,1
2017,6,16,21,21,54.39775390625,1
2017,6,16,21,21,56.2035310058594,1
2017,6,16,21,21,58.0092329101562,1
2017,6,16,21,21,59.8150771484375,1
2017,6,16,21,22,1.62081591796875,1
2017,6,16,21,22,3.42660302734375,1
2017,6,16,21,22,5.23255810546875,1
2017,6,16,21,22,7.0383779296875,1
2017,6,16,21,22,8.84414013671875,1
2017,6,16,21,22,10.650001953125,1
2017,6,16,21,22,12.4557990722656,1
2017,6,16,21,22,14.26170703125,1
2017,6,16,21,22,16.067751953125,1
2017,6,16,21,22,17.8734970703125,1
2017,6,16,21,22,19.6793908691406,1
2017,6,16,21,22,21.4851110839844,1
2017,6,16,21,22,23.2910480957031,1
2017,6,16,21,22,25.0968959960937,1
2017,6,16,21,22,26.902796875,1
2017,6,16,21,22,28.7085891113281,1
2017,6,16,21,22,30.5145029296875,1
2017,6,16,21,22,32.32029296875,1
2017,6,16,21,22,34.1259870605469,1
2017,6,16,21,22,35.9316889648438,1
2017,6,16,21,22,37.7374128417969,1
2017,6,16,21,22,39.5431589355469,1
2017,6,16,21,22,41.3491120605469,1
2017,6,16,21,22,43.1548090820312,1
2017,6,16,21,22,44.9606440429688,1
2017,6,16,21,22,46.7663720703125,1
2017,6,16,21,22,48.5722958984375,1
2017,6,16,21,22,50.3781618652344,1
2017,6,16,21,22,52.183791015625,1
2017,6,16,21,22,53.9894819335938,1
2017,6,16,21,22,55.7953869628906,1
2017,6,16,21,22,57.6013249511719,1
2017,6,16,21,22,59.4072739257812,1
2017,6,16,21,23,1.21318017578125,1
2017,6,16,21,23,3.01901293945313,1
2017,6,16,21,23,4.824708984375,1
2017,6,16,21,23,6.63058813476562,1
2017,6,16,21,23,8.43632299804688,1
2017,6,16,21,23,10.2421301269531,1
2017,6,16,21,23,12.047958984375,1
2017,6,16,21,23,13.8537131347656,1
2017,6,16,21,23,15.6595817871094,1
2017,6,16,21,23,17.4654182128906,1
2017,6,16,21,23,19.2711821289063,1
2017,6,16,21,23,21.0771259765625,1
2017,6,16,21,23,22.8828430175781,1
2017,6,16,21,23,24.6889108886719,1
2017,6,16,21,23,26.4947409667969,1
2017,6,16,21,23,28.3015659179688,1
2017,6,16,21,23,30.1116079101562,1
2017,6,16,21,23,31.9173737792969,1
2017,6,16,21,23,33.7230739746094,1
2017,6,16,21,23,35.5288459472656,1
2017,6,16,21,23,37.3346049804687,1
2017,6,16,21,23,39.1404050292969,1
2017,6,16,21,23,40.9460639648438,1
2017,6,16,21,23,42.7518251953125,1
2017,6,16,21,23,44.5577060546875,1
2017,6,16,21,23,46.363416015625,1
2017,6,16,21,23,48.169408203125,1
2017,6,16,21,23,49.9749809570312,1
2017,6,16,21,23,51.7807509765625,1
2017,6,16,21,23,53.5864091796875,1
2017,6,16,21,23,55.3922751464844,1
2017,6,16,21,23,57.1982241210938,1
2017,6,16,21,23,59.0039389648437,1
2017,6,16,21,24,0.81002099609375,1
2017,6,16,21,24,2.61584814453125,1
2017,6,16,21,24,4.42173193359375,1
2017,6,16,21,24,6.22763305664062,1
2017,6,16,21,24,8.03352001953125,1
2017,6,16,21,24,9.83920703125,1
2017,6,16,21,24,11.6450329589844,1
2017,6,16,21,24,13.4509150390625,1
2017,6,16,21,24,15.2567170410156,1
2017,6,16,21,24,17.0624658203125,1
2017,6,16,21,24,18.8683520507813,1
2017,6,16,21,24,20.6742338867187,1
2017,6,16,21,24,22.4798930664063,1
2017,6,16,21,24,24.2856359863281,1
2017,6,16,21,24,26.0912919921875,1
2017,6,16,21,24,27.8970380859375,1
2017,6,16,21,24,29.7029030761719,1
2017,6,16,21,24,31.5087199707031,1
2017,6,16,21,24,33.3145949707031,1
2017,6,16,21,24,35.1204289550781,1
2017,6,16,21,24,36.9262648925781,1
2017,6,16,21,24,38.7321860351563,1
2017,6,16,21,24,40.5381069335938,1
2017,6,16,21,24,42.3439020996094,1
2017,6,16,21,24,44.1497658691406,1
2017,6,16,21,24,45.9555859375,1
2017,6,16,21,24,47.7613771972656,1
2017,6,16,21,24,49.5670610351563,1
2017,6,16,21,24,51.3728178710938,1
2017,6,16,21,24,53.1786430664063,1
2017,6,16,21,24,54.9935600585938,1
2017,6,16,21,24,56.7993400878906,1
2017,6,16,21,24,58.6051098632812,1
2017,6,16,21,25,0.41089111328125,1
2017,6,16,21,25,2.21656787109375,1
2017,6,16,21,25,4.02237109375,1
2017,6,16,21,25,5.82821704101563,1
2017,6,16,21,25,7.63400415039063,1
2017,6,16,21,25,9.43989892578125,1
2017,6,16,21,25,11.2457028808594,1
2017,6,16,21,25,13.0514069824219,1
2017,6,16,21,25,14.8572458496094,1
2017,6,16,21,25,16.6631811523437,1
2017,6,16,21,25,18.469125,1
2017,6,16,21,25,20.2749230957031,1
2017,6,16,21,25,22.0808400878906,1
2017,6,16,21,25,23.8865810546875,1
2017,6,16,21,25,25.6925791015625,1
2017,6,16,21,25,27.4983488769531,1
2017,6,16,21,25,29.30483203125,1
2017,6,16,21,25,31.1105981445312,1
2017,6,16,21,25,32.9164609375,1
2017,6,16,21,25,34.7223598632812,1
2017,6,16,21,25,36.5281638183594,1
2017,6,16,21,25,38.334,1
2017,6,16,21,25,40.139833984375,1
2017,6,16,21,25,41.9457868652344,1
2017,6,16,21,25,43.7515700683594,1
2017,6,16,21,25,45.5573859863281,1
2017,6,16,21,25,47.3634580078125,1
2017,6,16,21,25,49.1693110351562,1
2017,6,16,21,25,50.9749689941406,1
2017,6,16,21,25,52.7806840820313,1
2017,6,16,21,25,54.5865070800781,1
2017,6,16,21,25,56.3923950195312,1
2017,6,16,21,25,58.1983491210937,1
2017,6,16,21,26,0.01189892578125,1
2017,6,16,21,26,1.81763500976562,1
2017,6,16,21,26,3.62364111328125,1
2017,6,16,21,26,5.42935693359375,1
2017,6,16,21,26,7.23506811523437,1
2017,6,16,21,26,9.04072998046875,1
2017,6,16,21,26,10.8466799316406,1
2017,6,16,21,26,12.6525070800781,1
2017,6,16,21,26,14.4584240722656,1
2017,6,16,21,26,16.2641201171875,1
2017,6,16,21,26,18.0698559570313,1
2017,6,16,21,26,19.8757041015625,1
2017,6,16,21,26,21.6815869140625,1
2017,6,16,21,26,23.4872409667969,1
2017,6,16,21,26,25.2930190429688,1
2017,6,16,21,26,27.0987919921875,1
2017,6,16,21,26,28.9045830078125,1
2017,6,16,21,26,30.7104260253906,1
2017,6,16,21,26,32.5161569824219,1
2017,6,16,21,26,34.3218469238281,1
2017,6,16,21,26,36.127630859375,1
2017,6,16,21,26,37.9335051269531,1
2017,6,16,21,26,39.7394619140625,1
2017,6,16,21,26,41.5451870117188,1
2017,6,16,21,26,43.3508649902344,1
2017,6,16,21,26,45.1566811523438,1
2017,6,16,21,26,46.9624309082031,1
2017,6,16,21,26,48.7681979980469,1
2017,6,16,21,26,50.5738620605469,1
2017,6,16,21,26,52.379669921875,1
2017,6,16,21,26,54.1854370117187,1
2017,6,16,21,26,55.9913508300781,1
2017,6,16,21,26,57.7970190429687,1
2017,6,16,21,26,59.6027661132812,1
2017,6,16,21,27,1.4085400390625,1
2017,6,16,21,27,3.21419506835938,1
2017,6,16,21,27,5.019875,1
2017,6,16,21,27,6.82567309570312,1
2017,6,16,21,27,8.63142114257812,1
2017,6,16,21,27,10.4371940917969,1
2017,6,16,21,27,12.2429868164062,1
2017,6,16,21,27,14.0487739257812,1
2017,6,16,21,27,15.8545480957031,1
2017,6,16,21,27,17.6603469238281,1
2017,6,16,21,27,19.4660080566406,1
2017,6,16,21,27,21.2718420410156,1
2017,6,16,21,27,23.077619140625,1
2017,6,16,21,27,24.8832841796875,1
2017,6,16,21,27,26.6889680175781,1
2017,6,16,21,27,28.494623046875,1
2017,6,16,21,27,30.3004748535156,1
2017,6,16,21,27,32.106380859375,1
2017,6,16,21,27,33.9122451171875,1
2017,6,16,21,27,35.7180310058594,1
2017,6,16,21,27,37.5238020019531,1
2017,6,16,21,27,39.3295700683594,1
2017,6,16,21,27,41.135376953125,1
2017,6,16,21,27,42.9413239746094,1
2017,6,16,21,27,44.7477629394531,1
2017,6,16,21,27,46.5536411132813,1
2017,6,16,21,27,48.359505859375,1
2017,6,16,21,27,50.1654169921875,1
2017,6,16,21,27,51.9711989746094,1
2017,6,16,21,27,53.7771040039063,1
2017,6,16,21,27,55.5827761230469,1
2017,6,16,21,27,57.3884921875,1
2017,6,16,21,27,59.1942619628906,1
2017,6,16,21,28,1.00005590820313,1
2017,6,16,21,28,2.80577099609375,1
2017,6,16,21,28,4.61164599609375,1
2017,6,16,21,28,6.417333984375,1
2017,6,16,21,28,8.22302709960938,1
2017,6,16,21,28,10.0286989746094,1
2017,6,16,21,28,11.8344460449219,1
2017,6,16,21,28,13.6402111816406,1
2017,6,16,21,28,15.44605078125,1
2017,6,16,21,28,17.25195703125,1
2017,6,16,21,28,19.0577131347656,1
2017,6,16,21,28,20.8633708496094,1
2017,6,16,21,28,22.669169921875,1
2017,6,16,21,28,24.4750610351563,1
2017,6,16,21,28,26.2809538574219,1
2017,6,16,21,28,28.0867331542969,1
2017,6,16,21,28,29.8923881835937,1
2017,6,16,21,28,31.6981511230469,1
2017,6,16,21,28,33.5038159179688,1
2017,6,16,21,28,35.3097280273438,1
2017,6,16,21,28,37.1156298828125,1
2017,6,16,21,28,38.9215280761719,1
2017,6,16,21,28,40.7273630371094,1
2017,6,16,21,28,42.5331140136719,1
2017,6,16,21,28,44.3393669433594,1
2017,6,16,21,28,46.1450910644531,1
2017,6,16,21,28,47.9509250488281,1
2017,6,16,21,28,49.7568039550781,1
2017,6,16,21,28,51.5624741210938,1
2017,6,16,21,28,53.3681540527344,1
2017,6,16,21,28,55.1738901367187,1
2017,6,16,21,28,56.9797639160156,1
2017,6,16,21,28,58.785453125,1
2017,6,16,21,29,0.591403076171875,1
2017,6,16,21,29,2.39726293945313,1
2017,6,16,21,29,4.20296606445312,1
2017,6,16,21,29,6.00867700195313,1
2017,6,16,21,29,7.81448803710938,1
2017,6,16,21,29,9.62017797851562,1
2017,6,16,21,29,11.4260490722656,1
2017,6,16,21,29,13.231796875,1
2017,6,16,21,29,15.0376169433594,1
2017,6,16,21,29,16.8433708496094,1
2017,6,16,21,29,18.6492158203125,1
2017,6,16,21,29,20.4548740234375,1
2017,6,16,21,29,22.2605842285156,1
2017,6,16,21,29,24.0664799804687,1
2017,6,16,21,29,25.8724069824219,1
2017,6,16,21,29,27.6783818359375,1
2017,6,16,21,29,29.4841159667969,1
2017,6,16,21,29,31.2898718261719,1
2017,6,16,21,29,33.0956860351562,1
2017,6,16,21,29,34.901453125,1
2017,6,16,21,29,36.707205078125,1
2017,6,16,21,29,38.5128640136719,1
2017,6,16,21,29,40.3188820800781,1
2017,6,16,21,29,42.1246899414063,1
2017,6,16,21,29,43.9305241699219,1
2017,6,16,21,29,45.7363620605469,1
2017,6,16,21,29,47.5423149414062,1
2017,6,16,21,29,49.3481481933594,1
2017,6,16,21,29,51.1538920898438,1
2017,6,16,21,29,52.95983203125,1
2017,6,16,21,29,54.7655280761719,1
2017,6,16,21,29,56.5713579101563,1
2017,6,16,21,29,58.3771240234375,1
2017,6,16,21,30,0.183007080078125,1
2017,6,16,21,30,1.98894409179688,1
2017,6,16,21,30,3.79472314453125,1
2017,6,16,21,30,5.60060913085938,1
2017,6,16,21,30,7.40647705078125,1
2017,6,16,21,30,9.2124140625,1
2017,6,16,21,30,11.0181110839844,1
2017,6,16,21,30,12.8238288574219,1
2017,6,16,21,30,14.6298510742188,1
2017,6,16,21,30,16.435541015625,1
2017,6,16,21,30,18.2412429199219,1
2017,6,16,21,30,20.04708203125,1
2017,6,16,21,30,21.8528991699219,1
2017,6,16,21,30,23.6588559570312,1
2017,6,16,21,30,25.464505859375,1
2017,6,16,21,30,27.2705390625,1
2017,6,16,21,30,29.07641796875,1
2017,6,16,21,30,30.882298828125,1
2017,6,16,21,30,32.6882180175781,1
2017,6,16,21,30,34.4939321289063,1
2017,6,16,21,30,36.2995778808594,1
2017,6,16,21,30,38.1052390136719,1
2017,6,16,21,30,39.9109721679688,1
2017,6,16,21,30,41.7166860351563,1
2017,6,16,21,30,43.5223400878906,1
2017,6,16,21,30,45.3280671386719,1
2017,6,16,21,30,47.13383203125,1
2017,6,16,21,30,48.9397390136719,1
2017,6,16,21,30,50.745458984375,1
2017,6,16,21,30,52.5516040039062,1
2017,6,16,21,30,54.3572758789063,1
2017,6,16,21,30,56.1630329589844,1
2017,6,16,21,30,57.9687231445313,1
2017,6,16,21,30,59.7745100097656,1
2017,6,16,21,31,1.58029614257813,1
2017,6,16,21,31,3.38610302734375,1
2017,6,16,21,31,5.19197021484375,1
2017,6,16,21,31,6.997826171875,1
2017,6,16,21,31,8.80361206054688,1
2017,6,16,21,31,10.6093210449219,1
2017,6,16,21,31,12.41512109375,1
2017,6,16,21,31,14.2208259277344,1
2017,6,16,21,31,16.0266899414063,1
2017,6,16,21,31,17.8324838867188,1
2017,6,16,21,31,19.6383818359375,1
2017,6,16,21,31,21.4442551269531,1
2017,6,16,21,31,23.2500151367188,1
2017,6,16,21,31,25.055833984375,1
2017,6,16,21,31,26.8618779296875,1
2017,6,16,21,31,28.6678210449219,1
2017,6,16,21,31,30.4735378417969,1
2017,6,16,21,31,32.27941796875,1
2017,6,16,21,31,34.0853310546875,1
2017,6,16,21,31,35.8912189941406,1
2017,6,16,21,31,37.6970939941406,1
2017,6,16,21,31,39.5030119628906,1
2017,6,16,21,31,41.3088530273438,1
2017,6,16,21,31,43.1145649414063,1
2017,6,16,21,31,44.9203500976562,1
2017,6,16,21,31,46.7260649414062,1
2017,6,16,21,31,48.531783203125,1
2017,6,16,21,31,50.3374460449219,1
2017,6,16,21,31,52.1432868652344,1
2017,6,16,21,31,53.9490590820312,1
2017,6,16,21,31,55.7547368164063,1
2017,6,16,21,31,57.5605319824219,1
2017,6,16,21,31,59.3664140625,1
2017,6,16,21,32,1.17211206054687,1
2017,6,16,21,32,2.97805688476562,1
2017,6,16,21,32,4.78395703125,1
2017,6,16,21,32,6.58967407226563,1
2017,6,16,21,32,8.39560400390625,1
2017,6,16,21,32,10.2013129882813,1
2017,6,16,21,32,12.0071350097656,1
2017,6,16,21,32,13.8149929199219,1
2017,6,16,21,32,15.6209370117188,1
2017,6,16,21,32,17.4268540039063,1
2017,6,16,21,32,19.2328889160156,1
2017,6,16,21,32,21.0386789550781,1
2017,6,16,21,32,22.8444809570313,1
2017,6,16,21,32,24.6504020996094,1
2017,6,16,21,32,26.4561459960937,1
2017,6,16,21,32,28.2618798828125,1
2017,6,16,21,32,30.0677768554688,1
2017,6,16,21,32,31.8737438964844,1
2017,6,16,21,32,33.6796350097656,1
2017,6,16,21,32,35.4853820800781,1
2017,6,16,21,32,37.2911721191406,1
2017,6,16,21,32,39.0968288574219,1
2017,6,16,21,32,40.902587890625,1
2017,6,16,21,32,42.70828515625,1
2017,6,16,21,32,44.5151228027344,1
2017,6,16,21,32,46.3210239257812,1
2017,6,16,21,32,48.1269260253906,1
2017,6,16,21,32,49.9357390136719,1
2017,6,16,21,32,51.7414519042969,1
2017,6,16,21,32,53.5471320800781,1
2017,6,16,21,32,55.3527819824219,1
2017,6,16,21,32,57.158708984375,1
2017,6,16,21,32,58.9644118652344,1
2017,6,16,21,33,0.770138916015625,1
2017,6,16,21,33,2.57609008789063,1
2017,6,16,21,33,4.38194384765625,1
2017,6,16,21,33,6.18767504882813,1
2017,6,16,21,33,7.9934169921875,1
2017,6,16,21,33,9.79917504882813,1
2017,6,16,21,33,11.6049060058594,1
2017,6,16,21,33,13.4108601074219,1
2017,6,16,21,33,15.2166040039062,1
2017,6,16,21,33,17.0224189453125,1
2017,6,16,21,33,18.8283090820313,1
2017,6,16,21,33,20.6340180664062,1
2017,6,16,21,33,22.4399541015625,1
2017,6,16,21,33,24.2456118164062,1
2017,6,16,21,33,26.0513720703125,1
2017,6,16,21,33,27.8572849121094,1
2017,6,16,21,33,29.6630891113281,1
2017,6,16,21,33,31.4688510742188,1
2017,6,16,21,33,33.2746430664062,1
2017,6,16,21,33,35.0803349609375,1
2017,6,16,21,33,36.8862380371094,1
2017,6,16,21,33,38.6921159667969,1
2017,6,16,21,33,40.4979760742187,1
2017,6,16,21,33,42.3038930664063,1
2017,6,16,21,33,44.1096340332031,1
2017,6,16,21,33,45.9156279296875,1
2017,6,16,21,33,47.7213330078125,1
2017,6,16,21,33,49.5273088378906,1
2017,6,16,21,33,51.333216796875,1
2017,6,16,21,33,53.1390180664063,1
2017,6,16,21,33,54.9447570800781,1
2017,6,16,21,33,56.7505310058594,1
2017,6,16,21,33,58.5564350585937,1
2017,6,16,21,34,0.362240966796875,1
2017,6,16,21,34,2.16818188476562,1
2017,6,16,21,34,3.97391015625,1
2017,6,16,21,34,5.77957104492187,1
2017,6,16,21,34,7.58556298828125,1
2017,6,16,21,34,9.39117602539062,1
2017,6,16,21,34,11.1970319824219,1
2017,6,16,21,34,13.0027980957031,1
2017,6,16,21,34,14.8200270996094,1
2017,6,16,21,34,16.625962890625,1
2017,6,16,21,34,18.431625,1
2017,6,16,21,34,20.2374250488281,1
2017,6,16,21,34,22.0432619628906,1
2017,6,16,21,34,23.849,1
2017,6,16,21,34,25.6546508789062,1
2017,6,16,21,34,27.4603859863281,1
2017,6,16,21,34,29.2668481445312,1
2017,6,16,21,34,31.0718759765625,1
2017,6,16,21,34,32.8777438964844,1
2017,6,16,21,34,34.6834750976562,1
2017,6,16,21,34,36.4892348632812,1
2017,6,16,21,34,38.2948969726562,1
2017,6,16,21,34,40.1007321777344,1
2017,6,16,21,34,41.9066428222656,1
2017,6,16,21,34,43.7125280761719,1
2017,6,16,21,34,45.518376953125,1
2017,6,16,21,34,47.3241860351563,1
2017,6,16,21,34,49.1300407714844,1
2017,6,16,21,34,50.9358269042969,1
2017,6,16,21,34,52.7415290527344,1
2017,6,16,21,34,54.5475219726562,1
2017,6,16,21,34,56.3531899414062,1
2017,6,16,21,34,58.1589150390625,1
2017,6,16,21,34,59.9646560058594,1
2017,6,16,21,35,1.77058203125,1
2017,6,16,21,35,3.57637182617187,1
2017,6,16,21,35,5.38215087890625,1
2017,6,16,21,35,7.18790893554687,1
2017,6,16,21,35,8.99364086914063,1
2017,6,16,21,35,10.7993649902344,1
2017,6,16,21,35,12.6051550292969,1
2017,6,16,21,35,14.4109140625,1
2017,6,16,21,35,16.2168659667969,1
2017,6,16,21,35,18.0227648925781,1
2017,6,16,21,35,19.8285209960938,1
2017,6,16,21,35,21.6344521484375,1
2017,6,16,21,35,23.4402080078125,1
2017,6,16,21,35,25.2472709960938,1
2017,6,16,21,35,27.0530478515625,1
2017,6,16,21,35,28.8589038085938,1
2017,6,16,21,35,30.664626953125,1
2017,6,16,21,35,32.4705668945313,1
2017,6,16,21,35,34.2763859863281,1
2017,6,16,21,35,36.0820920410156,1
2017,6,16,21,35,37.8878950195312,1
2017,6,16,21,35,39.6934689941406,1
2017,6,16,21,35,41.49941796875,1
2017,6,16,21,35,43.3051918945312,1
2017,6,16,21,35,45.1108989257812,1
2017,6,16,21,35,46.9166159667969,1
2017,6,16,21,35,48.7223259277344,1
2017,6,16,21,35,50.5279819335938,1
2017,6,16,21,35,52.3336450195312,1
2017,6,16,21,35,54.1395080566406,1
2017,6,16,21,35,55.9459890136719,1
2017,6,16,21,35,57.7511669921875,1
2017,6,16,21,35,59.5569670410156,1
2017,6,16,21,36,1.3628798828125,1
2017,6,16,21,36,3.16873095703125,1
2017,6,16,21,36,4.97447900390625,1
2017,6,16,21,36,6.78027807617188,1
2017,6,16,21,36,8.5861279296875,1
2017,6,16,21,36,10.3919169921875,1
2017,6,16,21,36,12.1978159179688,1
2017,6,16,21,36,14.0036569824219,1
2017,6,16,21,36,15.8096789550781,1
2017,6,16,21,36,17.6154838867187,1
2017,6,16,21,36,19.4212290039063,1
2017,6,16,21,36,21.227001953125,1
2017,6,16,21,36,23.0328168945313,1
2017,6,16,21,36,24.8387092285156,1
2017,6,16,21,36,26.6446469726563,1
2017,6,16,21,36,28.4505688476562,1
2017,6,16,21,36,30.2564541015625,1
2017,6,16,21,36,32.0621430664063,1
2017,6,16,21,36,33.8680588378906,1
2017,6,16,21,36,35.6739868164062,1
2017,6,16,21,36,37.4799069824219,1
2017,6,16,21,36,39.2918540039063,1
2017,6,16,21,36,41.0975280761719,1
2017,6,16,21,36,42.903375,1
2017,6,16,21,36,44.7091311035156,1
2017,6,16,21,36,46.5148989257813,1
2017,6,16,21,36,48.3223811035156,1
2017,6,16,21,36,50.1282309570312,1
2017,6,16,21,36,51.9341188964844,1
2017,6,16,21,36,53.7399470214844,1
2017,6,16,21,36,55.5458627929687,1
2017,6,16,21,36,57.3517839355469,1
2017,6,16,21,36,59.1574768066406,1
2017,6,16,21,37,0.963319091796875,1
2017,6,16,21,37,2.76922094726562,1
2017,6,16,21,37,4.57515307617188,1
2017,6,16,21,37,6.38099096679688,1
2017,6,16,21,37,8.18685888671875,1
2017,6,16,21,37,9.992630859375,1
2017,6,16,21,37,11.7985219726562,1
2017,6,16,21,37,13.6043020019531,1
2017,6,16,21,37,15.4100471191406,1
2017,6,16,21,37,17.215783203125,1
2017,6,16,21,37,19.0217199707031,1
2017,6,16,21,37,20.8273850097656,1
2017,6,16,21,37,22.6331647949219,1
2017,6,16,21,37,24.4389790039063,1
2017,6,16,21,37,26.2446520996094,1
2017,6,16,21,37,28.0506640625,1
2017,6,16,21,37,29.8563859863281,1
2017,6,16,21,37,31.6623110351563,1
2017,6,16,21,37,33.4680610351563,1
2017,6,16,21,37,35.2738698730469,1
2017,6,16,21,37,37.0796330566406,1
2017,6,16,21,37,38.8853229980469,1
2017,6,16,21,37,40.6911818847656,1
2017,6,16,21,37,42.4968728027344,1
2017,6,16,21,37,44.3026459960938,1
2017,6,16,21,37,46.1083049316406,1
2017,6,16,21,37,47.9140678710937,1
2017,6,16,21,37,49.719833984375,1
2017,6,16,21,37,51.5255939941406,1
2017,6,16,21,37,53.3316691894531,1
2017,6,16,21,37,55.1374799804687,1
2017,6,16,21,37,56.9433830566406,1
2017,6,16,21,37,58.7492700195313,1
2017,6,16,21,38,0.55501806640625,1
2017,6,16,21,38,2.36073901367187,1
2017,6,16,21,38,4.17390112304687,1
2017,6,16,21,38,5.97966015625,1
2017,6,16,21,38,7.78557495117188,1
2017,6,16,21,38,9.59138208007812,1
2017,6,16,21,38,11.3971330566406,1
2017,6,16,21,38,13.2029509277344,1
2017,6,16,21,38,15.0102749023438,1
2017,6,16,21,38,16.8160241699219,1
2017,6,16,21,38,18.621876953125,1
2017,6,16,21,38,20.4276589355469,1
2017,6,16,21,38,22.2333400878906,1
2017,6,16,21,38,24.0390500488281,1
2017,6,16,21,38,25.8450078125,1
2017,6,16,21,38,27.6509011230469,1
2017,6,16,21,38,29.4566499023437,1
2017,6,16,21,38,31.2626750488281,1
2017,6,16,21,38,33.0686171875,1
2017,6,16,21,38,34.8743820800781,1
2017,6,16,21,38,36.6801640625,1
2017,6,16,21,38,38.4858950195312,1
2017,6,16,21,38,40.2917680664062,1
2017,6,16,21,38,42.0975087890625,1
2017,6,16,21,38,43.9034409179688,1
2017,6,16,21,38,45.7094008789063,1
2017,6,16,21,38,47.5152338867187,1
2017,6,16,21,38,49.3209729003906,1
2017,6,16,21,38,51.1266931152344,1
2017,6,16,21,38,52.9324699707031,1
2017,6,16,21,38,54.7381711425781,1
2017,6,16,21,38,56.5440070800781,1
2017,6,16,21,38,58.3498540039063,1
2017,6,16,21,39,0.15551220703125,1
2017,6,16,21,39,1.96143383789062,1
2017,6,16,21,39,3.76736596679687,1
2017,6,16,21,39,5.57324609375,1
2017,6,16,21,39,7.37888793945312,1
2017,6,16,21,39,9.18455200195313,1
2017,6,16,21,39,10.9904201660156,1
2017,6,16,21,39,12.7961840820312,1
2017,6,16,21,39,14.60191015625,1
2017,6,16,21,39,16.4076208496094,1
2017,6,16,21,39,18.2135278320313,1
2017,6,16,21,39,20.0192080078125,1
2017,6,16,21,39,21.8263291015625,1
2017,6,16,21,39,23.6322199707031,1
2017,6,16,21,39,25.4381530761719,1
2017,6,16,21,39,27.2440700683594,1
2017,6,16,21,39,29.0498039550781,1
2017,6,16,21,39,30.8557661132812,1
2017,6,16,21,39,32.6614411621094,1
2017,6,16,21,39,34.4671599121094,1
2017,6,16,21,39,36.2728330078125,1
2017,6,16,21,39,38.0785178222656,1
2017,6,16,21,39,39.8843449707031,1
2017,6,16,21,39,41.6900200195312,1
2017,6,16,21,39,43.4959240722656,1
2017,6,16,21,39,45.3017648925781,1
2017,6,16,21,39,47.1074841308594,1
2017,6,16,21,39,48.9132731933594,1
2017,6,16,21,39,50.7191821289062,1
2017,6,16,21,39,52.5251948242188,1
2017,6,16,21,39,54.3382211914062,1
2017,6,16,21,39,56.1439189453125,1
2017,6,16,21,39,57.9497548828125,1
2017,6,16,21,39,59.7557060546875,1
2017,6,16,21,40,1.56144091796875,1
2017,6,16,21,40,3.36717016601563,1
2017,6,16,21,40,5.17294189453125,1
2017,6,16,21,40,6.97880004882813,1
2017,6,16,21,40,8.78477319335937,1
2017,6,16,21,40,10.5904541015625,1
2017,6,16,21,40,12.3963520507812,1
2017,6,16,21,40,14.2020219726563,1
2017,6,16,21,40,16.0078930664063,1
2017,6,16,21,40,17.8136821289063,1
2017,6,16,21,40,19.6194301757813,1
2017,6,16,21,40,21.4253481445312,1
2017,6,16,21,40,23.2310129394531,1
2017,6,16,21,40,25.03683203125,1
2017,6,16,21,40,26.8427729492188,1
2017,6,16,21,40,28.6487150878906,1
2017,6,16,21,40,30.4546350097656,1
2017,6,16,21,40,32.2603010253906,1
2017,6,16,21,40,34.0667678222656,1
2017,6,16,21,40,35.8726420898438,1
2017,6,16,21,40,37.6783420410156,1
2017,6,16,21,40,39.4842299804687,1
2017,6,16,21,40,41.2900100097656,1
2017,6,16,21,40,43.0958640136719,1
2017,6,16,21,40,44.9016540527344,1
2017,6,16,21,40,46.7076110839844,1
2017,6,16,21,40,48.5135629882813,1
2017,6,16,21,40,50.3193400878906,1
2017,6,16,21,40,52.1252270507812,1
2017,6,16,21,40,53.930953125,1
2017,6,16,21,40,55.7368728027344,1
2017,6,16,21,40,57.5427209472656,1
2017,6,16,21,40,59.3486040039063,1
2017,6,16,21,41,1.1543291015625,1
2017,6,16,21,41,2.96005883789062,1
2017,6,16,21,41,4.7658330078125,1
2017,6,16,21,41,6.571626953125,1
2017,6,16,21,41,8.37738208007812,1
2017,6,16,21,41,10.1832260742187,1
2017,6,16,21,41,11.988955078125,1
2017,6,16,21,41,13.7948452148438,1
2017,6,16,21,41,15.6005280761719,1
2017,6,16,21,41,17.4061899414063,1
2017,6,16,21,41,19.21875,1
2017,6,16,21,41,21.0244370117187,1
2017,6,16,21,41,22.8302199707031,1
2017,6,16,21,41,24.6361459960937,1
2017,6,16,21,41,26.4419340820312,1
2017,6,16,21,41,30.365416015625,1
2017,6,16,21,41,32.1712360839844,1
2017,6,16,21,41,33.9772080078125,1
2017,6,16,21,41,35.7828679199219,1
2017,6,16,21,41,37.5886818847656,1
2017,6,16,21,41,39.3944270019531,1
2017,6,16,21,41,41.200078125,1
2017,6,16,21,41,43.0059499511719,1
2017,6,16,21,41,44.8118081054687,1
2017,6,16,21,41,46.6176691894531,1
2017,6,16,21,41,48.4235788574219,1
2017,6,16,21,41,50.2294790039062,1
2017,6,16,21,41,52.0352880859375,1
2017,6,16,21,41,53.8410749511719,1
2017,6,16,21,41,55.6467780761719,1
2017,6,16,21,41,57.4524509277344,1
2017,6,16,21,41,59.2582890625,1
2017,6,16,21,42,1.06400805664062,1
2017,6,16,21,42,2.8699619140625,1
2017,6,16,21,42,4.6758310546875,1
2017,6,16,21,42,6.48151708984375,1
2017,6,16,21,42,8.28729296875,1
2017,6,16,21,42,10.0930600585937,1
2017,6,16,21,42,11.8989318847656,1
2017,6,16,21,42,13.7048249511719,1
2017,6,16,21,42,15.5106450195312,1
2017,6,16,21,42,17.3165122070312,1
2017,6,16,21,42,19.1221950683594,1
2017,6,16,21,42,20.9278518066406,1
2017,6,16,21,42,22.7335729980469,1
2017,6,16,21,42,24.5394130859375,1
2017,6,16,21,42,26.3452438964844,1
2017,6,16,21,42,28.1511608886719,1
2017,6,16,21,42,29.960630859375,1
2017,6,16,21,42,31.7663591308594,1
2017,6,16,21,42,33.5722590332031,1
2017,6,16,21,42,35.377966796875,1
2017,6,16,21,42,37.1837028808594,1
2017,6,16,21,42,38.9895959472656,1
2017,6,16,21,42,40.7952690429687,1
2017,6,16,21,42,42.6012180175781,1
2017,6,16,21,42,44.4071159667969,1
2017,6,16,21,42,46.2128520507813,1
2017,6,16,21,42,48.0186208496094,1
2017,6,16,21,42,49.8245219726562,1
2017,6,16,21,42,51.63037890625,1
2017,6,16,21,42,53.4363090820313,1
2017,6,16,21,42,55.2419870605469,1
2017,6,16,21,42,57.0478972167969,1
2017,6,16,21,42,58.8535930175781,1
2017,6,16,21,43,0.659570068359375,1
2017,6,16,21,43,2.46544506835937,1
2017,6,16,21,43,4.27113012695312,1
2017,6,16,21,43,6.07691796875,1
2017,6,16,21,43,7.88281298828125,1
2017,6,16,21,43,9.68865307617187,1
2017,6,16,21,43,11.4944748535156,1
2017,6,16,21,43,13.3003149414062,1
2017,6,16,21,43,15.1061069335938,1
2017,6,16,21,43,16.9117661132812,1
2017,6,16,21,43,18.7177160644531,1
2017,6,16,21,43,20.5235231933594,1
2017,6,16,21,43,22.3294611816406,1
2017,6,16,21,43,24.1352189941406,1
2017,6,16,21,43,25.9411320800781,1
2017,6,16,21,43,27.7470620117188,1
2017,6,16,21,43,29.5528400878906,1
2017,6,16,21,43,31.3585588378906,1
2017,6,16,21,43,33.1644060058594,1
2017,6,16,21,43,34.9703459472656,1
2017,6,16,21,43,36.7760610351563,1
2017,6,16,21,43,38.5818649902344,1
2017,6,16,21,43,40.3877858886719,1
2017,6,16,21,43,42.1935141601562,1
2017,6,16,21,43,43.9994558105469,1
2017,6,16,21,43,45.8052800292969,1
2017,6,16,21,43,47.6110749511719,1
2017,6,16,21,43,49.416830078125,1
2017,6,16,21,43,51.2225339355469,1
2017,6,16,21,43,53.0283688964844,1
2017,6,16,21,43,54.8446791992188,1
2017,6,16,21,43,56.6506508789062,1
2017,6,16,21,43,58.4564829101562,1
2017,6,16,21,44,0.26218701171875,1
2017,6,16,21,44,2.06788305664062,1
2017,6,16,21,44,3.87364208984375,1
2017,6,16,21,44,5.67935498046875,1
2017,6,16,21,44,7.48522216796875,1
2017,6,16,21,44,9.29106811523437,1
2017,6,16,21,44,11.0969050292969,1
2017,6,16,21,44,12.9026740722656,1
2017,6,16,21,44,14.7085280761719,1
2017,6,16,21,44,16.5144250488281,1
2017,6,16,21,44,18.3201857910156,1
2017,6,16,21,44,20.1259260253906,1
2017,6,16,21,44,21.9317670898437,1
2017,6,16,21,44,23.7375390625,1
2017,6,16,21,44,25.5432700195312,1
2017,6,16,21,44,27.3490690917969,1
2017,6,16,21,44,29.1547939453125,1
2017,6,16,21,44,30.9606020507813,1
2017,6,16,21,44,32.7662729492188,1
2017,6,16,21,44,34.5721208496094,1
2017,6,16,21,44,36.3780209960938,1
2017,6,16,21,44,38.1838989257812,1
2017,6,16,21,44,39.9897990722656,1
2017,6,16,21,44,41.7957490234375,1
2017,6,16,21,44,43.6016618652344,1
2017,6,16,21,44,45.40733203125,1
2017,6,16,21,44,47.2130178222656,1
2017,6,16,21,44,49.0187380371094,1
2017,6,16,21,44,50.8245549316406,1
2017,6,16,21,44,52.6303269042969,1
2017,6,16,21,44,54.4442609863281,1
2017,6,16,21,44,56.2499260253906,1
2017,6,16,21,44,58.0556430664062,1
2017,6,16,21,44,59.8615439453125,1
2017,6,16,21,45,1.66726098632813,0
2017,6,16,21,45,3.47319018554687,0
2017,6,16,21,45,5.27893896484375,0
2017,6,16,21,45,7.08465600585938,0
2017,6,16,21,45,8.89060815429687,0
2017,6,16,21,45,10.6965070800781,0
2017,6,16,21,45,12.502296875,0
2017,6,16,21,45,14.3080759277344,0
2017,6,16,21,45,16.113919921875,0
2017,6,16,21,45,17.9198388671875,0
2017,6,16,21,45,19.7255249023438,0
2017,6,16,21,45,21.531421875,0
2017,6,16,21,45,23.3370979003906,0
2017,6,16,21,45,25.14299609375,0
2017,6,16,21,45,26.9485649414063,0
2017,6,16,21,45,28.7544108886719,0
2017,6,16,21,45,30.560126953125,0
2017,6,16,21,45,32.365916015625,0
2017,6,16,21,45,34.1717619628906,0
2017,6,16,21,45,35.9776188964844,0
2017,6,16,21,45,37.7836499023437,0
2017,6,16,21,45,39.5894450683594,0
2017,6,16,21,45,41.3953039550781,0
2017,6,16,21,45,43.20116796875,0
2017,6,16,21,45,45.0108239746094,0
2017,6,16,21,45,46.8166030273438,0
2017,6,16,21,45,48.6223959960938,0
2017,6,16,21,45,50.4282119140625,0
2017,6,16,21,45,52.2342351074219,0
2017,6,16,21,45,54.0401420898437,0
2017,6,16,21,45,55.8460842285156,0
2017,6,16,21,45,57.6518381347656,0
2017,6,16,21,45,59.4576430664062,0
2017,6,16,21,46,1.26330200195312,0
2017,6,16,21,46,3.06914794921875,0
2017,6,16,21,46,4.87501684570312,0
2017,6,16,21,46,6.68082592773438,0
2017,6,16,21,46,8.48665991210937,0
2017,6,16,21,46,10.2925300292969,0
2017,6,16,21,46,12.0982290039062,0
2017,6,16,21,46,13.9042612304687,0
2017,6,16,21,46,15.7099289550781,0
2017,6,16,21,46,17.5157958984375,0
2017,6,16,21,46,19.3265300292969,0
2017,6,16,21,46,21.1323581542969,0
2017,6,16,21,46,22.9381000976562,0
2017,6,16,21,46,24.7438581542969,0
2017,6,16,21,46,26.5495659179687,0
2017,6,16,21,46,28.3554370117187,0
2017,6,16,21,46,30.1612470703125,0
2017,6,16,21,46,31.9670500488281,0
2017,6,16,21,46,33.7727270507812,0
2017,6,16,21,46,35.5786550292969,0
2017,6,16,21,46,37.3845610351563,0
2017,6,16,21,46,39.1903759765625,0
2017,6,16,21,46,40.9960981445313,0
2017,6,16,21,46,42.8017548828125,0
2017,6,16,21,46,44.6077028808594,0
2017,6,16,21,46,46.4136440429687,0
2017,6,16,21,46,48.2194360351562,0
2017,6,16,21,46,50.0252338867188,0
2017,6,16,21,46,51.8309072265625,0
2017,6,16,21,46,53.6367048339844,0
2017,6,16,21,46,55.4426550292969,0
2017,6,16,21,46,57.2483879394531,0
2017,6,16,21,46,59.0541127929688,0
2017,6,16,21,47,0.859985107421875,0
2017,6,16,21,47,2.66578198242187,0
2017,6,16,21,47,4.47147192382813,0
2017,6,16,21,47,6.2772451171875,0
2017,6,16,21,47,8.08290600585937,0
2017,6,16,21,47,9.88881713867188,0
2017,6,16,21,47,11.6945668945312,0
2017,6,16,21,47,13.5004189453125,0
2017,6,16,21,47,15.306369140625,0
2017,6,16,21,47,17.1122961425781,0
2017,6,16,21,47,18.91812890625,0
2017,6,16,21,47,20.7238149414062,0
2017,6,16,21,47,22.529576171875,0
2017,6,16,21,47,24.3355251464844,0
2017,6,16,21,47,26.14146484375,0
2017,6,16,21,47,27.9471171875,0
2017,6,16,21,47,29.7529899902344,0
2017,6,16,21,47,31.55879296875,0
2017,6,16,21,47,33.3644819335938,0
2017,6,16,21,47,35.1701970214844,0
2017,6,16,21,47,36.9760930175781,0
2017,6,16,21,47,38.781783203125,0
2017,6,16,21,47,40.5876779785156,0
2017,6,16,21,47,42.3934809570313,0
2017,6,16,21,47,44.2097810058594,0
2017,6,16,21,47,46.0156359863281,0
2017,6,16,21,47,47.8213010253906,0
2017,6,16,21,47,49.6273620605469,0
2017,6,16,21,47,51.4330920410156,0
2017,6,16,21,47,53.2390329589844,0
2017,6,16,21,47,55.0449660644531,0
2017,6,16,21,47,56.8506401367188,0
2017,6,16,21,47,58.6564499511719,0
2017,6,16,21,48,0.462153076171875,0
2017,6,16,21,48,2.26789086914062,0
2017,6,16,21,48,4.07372192382813,0
2017,6,16,21,48,5.87955810546875,0
2017,6,16,21,48,7.68536987304688,0
2017,6,16,21,48,9.49127709960938,0
2017,6,16,21,48,11.2970021972656,0
2017,6,16,21,48,13.1027819824219,0
2017,6,16,21,48,14.9087067871094,0
2017,6,16,21,48,16.7144318847656,0
2017,6,16,21,48,18.5201520996094,0
2017,6,16,21,48,20.3260620117188,0
2017,6,16,21,48,22.1317360839844,0
2017,6,16,21,48,23.9377338867187,0
2017,6,16,21,48,25.7435341796875,0
2017,6,16,21,48,27.5493989257813,0
2017,6,16,21,48,29.3553510742187,0
2017,6,16,21,48,31.1610400390625,0
2017,6,16,21,48,32.9667810058594,0
2017,6,16,21,48,34.7724499511719,0
2017,6,16,21,48,36.5783820800781,0
2017,6,16,21,48,38.3842739257813,0
2017,6,16,21,48,40.1900788574219,0
2017,6,16,21,48,41.9958869628906,0
2017,6,16,21,48,43.8017370605469,0
2017,6,16,21,48,45.6074418945312,0
2017,6,16,21,48,47.4135361328125,0
2017,6,16,21,48,49.2193100585937,0
2017,6,16,21,48,51.0250629882812,0
2017,6,16,21,48,52.8307919921875,0
2017,6,16,21,48,54.6365991210938,0
2017,6,16,21,48,56.4423369140625,0
2017,6,16,21,49,3.49463403320313,0
2017,6,16,21,49,5.30028295898437,0
2017,6,16,21,49,7.11086791992188,0
2017,6,16,21,49,8.91672387695312,0
2017,6,16,21,49,10.7225649414063,0
2017,6,16,21,49,12.5282749023437,0
2017,6,16,21,49,14.3342309570313,0
2017,6,16,21,49,16.1399790039063,0
2017,6,16,21,49,17.9457341308594,0
2017,6,16,21,49,19.7515219726562,0
2017,6,16,21,49,21.5571931152344,0
2017,6,16,21,49,23.3630349121094,0
2017,6,16,21,49,25.1688120117187,0
2017,6,16,21,49,26.9745942382812,0
2017,6,16,21,49,28.7804191894531,0
2017,6,16,21,49,30.5862451171875,0
2017,6,16,21,49,32.3921320800781,0
2017,6,16,21,49,34.1980769042969,0
2017,6,16,21,49,36.00400390625,0
2017,6,16,21,49,37.8101159667969,0
2017,6,16,21,49,39.6157980957031,0
2017,6,16,21,49,41.4217419433594,0
2017,6,16,21,49,43.2274189453125,0
2017,6,16,21,49,45.0332939453125,0
2017,6,16,21,49,46.8390090332031,0
2017,6,16,21,49,48.6447219238281,0
2017,6,16,21,49,50.4504670410156,0
2017,6,16,21,49,52.25620703125,0
2017,6,16,21,49,54.061958984375,0
2017,6,16,21,49,55.8677412109375,0
2017,6,16,21,49,57.6735598144531,0
2017,6,16,21,49,59.4794240722656,0
2017,6,16,21,50,1.28531494140625,0
2017,6,16,21,50,3.09103198242188,0
2017,6,16,21,50,4.89674584960937,0
2017,6,16,21,50,6.70268603515625,0
2017,6,16,21,50,8.508380859375,0
2017,6,16,21,50,10.3140439453125,0
2017,6,16,21,50,12.1199729003906,0
2017,6,16,21,50,13.9258740234375,0
2017,6,16,21,50,15.7315610351563,0
2017,6,16,21,50,17.5373249511719,0
2017,6,16,21,50,19.343126953125,0
2017,6,16,21,50,21.1488959960937,0
2017,6,16,21,50,22.9547719726562,0
2017,6,16,21,50,24.7605249023438,0
2017,6,16,21,50,26.5663681640625,0
2017,6,16,21,50,28.3720642089844,0
2017,6,16,21,50,30.1777390136719,0
2017,6,16,21,50,32.0942619628906,0
2017,6,16,21,50,34.1371428222656,0
2017,6,16,21,50,35.9748981933594,0
2017,6,16,21,50,37.8055910644531,0
2017,6,16,21,50,39.8977080078125,0
2017,6,16,21,50,41.7417841796875,0
2017,6,16,21,50,43.7074069824219,0
2017,6,16,21,50,45.7326291503906,0
2017,6,16,21,50,47.5383369140625,0
2017,6,16,21,50,49.3440170898438,0
2017,6,16,21,50,51.2819670410156,0
2017,6,16,21,50,53.2334370117187,0
2017,6,16,21,50,55.0821359863281,0
2017,6,16,21,50,56.927287109375,0
2017,6,16,21,50,58.9508200683594,0
2017,6,16,21,51,0.770534912109375,0
2017,6,16,21,51,2.7630888671875,0
2017,6,16,21,51,4.743453125,0
2017,6,16,21,51,6.71924389648438,0
2017,6,16,21,51,8.69259692382813,0
2017,6,16,21,51,10.4984418945313,0
2017,6,16,21,51,12.4841879882812,0
2017,6,16,21,51,14.4025891113281,0
2017,6,16,21,51,16.306705078125,0
2017,6,16,21,51,18.4958830566406,0
2017,6,16,21,51,20.383794921875,0
2017,6,16,21,51,22.3701489257813,0
2017,6,16,21,51,24.6176628417969,0
2017,6,16,21,59,39.6890891113281,0
2017,6,16,21,59,41.5753479003906,0
2017,6,16,21,59,43.47162890625,0
2017,6,16,21,59,45.340958984375,0
2017,6,16,21,59,47.146703125,0
2017,6,16,21,59,48.9533190917969,0
2017,6,16,21,59,50.9322819824219,0
2017,6,16,21,59,52.8608388671875,0
2017,6,16,21,59,54.9578828125,0
2017,6,16,21,59,56.7635620117187,0
2017,6,16,21,59,58.7156369628906,0
2017,6,16,22,0,0.59251318359375,0
2017,6,16,22,0,2.6753798828125,0
2017,6,16,22,0,4.57257592773438,0
2017,6,16,22,0,6.3784658203125,0
2017,6,16,22,0,8.45838818359375,0
2017,6,16,22,0,10.3428330078125,0
2017,6,16,22,0,12.1487409667969,0
2017,6,16,22,0,14.1103610839844,0
2017,6,16,22,0,15.9630830078125,0
2017,6,16,22,0,17.9812419433594,0
2017,6,16,22,0,19.9426721191406,0
2017,6,16,22,0,21.9230700683594,0
2017,6,16,22,0,23.7289020996094,0
2017,6,16,22,0,25.6834799804687,0
2017,6,16,22,0,27.8256340332031,1
2017,6,16,22,0,29.6663120117188,1
2017,6,16,22,0,31.4722348632813,1
2017,6,16,22,0,33.4347719726563,1
2017,6,16,22,0,35.3614680175781,1
2017,6,16,22,0,37.4288298339844,1
2017,6,16,22,0,39.3349409179688,1
2017,6,16,22,0,41.1989379882813,1
2017,6,16,22,0,43.0863098144531,1
2017,6,16,22,0,44.9437509765625,1
2017,6,16,22,0,46.8547658691406,1
2017,6,16,22,0,48.9262531738281,1
2017,6,16,22,0,50.7513999023437,1
2017,6,16,22,0,52.6884418945313,1
2017,6,16,22,0,54.6240471191406,1
2017,6,16,22,0,56.5367451171875,1
2017,6,16,22,0,58.4324829101563,1
2017,6,16,22,1,0.391468994140625,1
2017,6,16,22,1,2.19726904296875,1
2017,6,16,22,1,4.00294702148437,1
2017,6,16,22,1,5.80866186523437,0
2017,6,16,22,1,7.61432592773437,0
2017,6,16,22,1,9.42002001953125,0
2017,6,16,22,1,11.2259389648438,0
2017,6,16,22,1,13.0316140136719,0
2017,6,16,22,1,14.8375590820312,0
2017,6,16,22,1,16.6435170898438,0
2017,6,16,22,1,18.4493579101563,0
2017,6,16,22,1,20.255119140625,1
2017,6,16,22,1,22.0608210449219,1
2017,6,16,22,1,23.8667509765625,1
2017,6,16,22,1,25.6726320800781,1
2017,6,16,22,1,27.4784140625,1
2017,6,16,22,1,29.2844970703125,1
2017,6,16,22,1,31.0901899414063,1
2017,6,16,22,1,32.8958688964844,1
2017,6,16,22,1,34.701623046875,1
2017,6,16,22,1,36.5073669433594,1
2017,6,16,22,1,38.313294921875,1
2017,6,16,22,1,40.1191608886719,1
2017,6,16,22,1,41.9250148925781,1
2017,6,16,22,1,43.7308781738281,1
2017,6,16,22,1,45.5366469726562,1
2017,6,16,22,1,47.342833984375,1
2017,6,16,22,1,49.1487360839844,1
2017,6,16,22,1,50.9546179199219,1
2017,6,16,22,1,52.7601909179687,1
2017,6,16,22,1,54.5659848632813,1
2017,6,16,22,1,56.371841796875,1
2017,6,16,22,1,58.17758984375,1
2017,6,16,22,1,59.9834858398438,1
2017,6,16,22,2,1.78918286132813,1
2017,6,16,22,2,3.59510717773438,1
2017,6,16,22,2,5.40076806640625,1
2017,6,16,22,2,7.20655712890625,1
2017,6,16,22,2,9.0124560546875,1
2017,6,16,22,2,10.8182629394531,1
2017,6,16,22,2,12.6240280761719,1
2017,6,16,22,2,14.4299418945313,1
2017,6,16,22,2,16.2376411132812,1
2017,6,16,22,2,18.0433508300781,1
2017,6,16,22,2,19.8492629394531,1
2017,6,16,22,2,21.6550290527344,1
2017,6,16,22,2,23.4609001464844,1
2017,6,16,22,2,25.2667790527344,1
2017,6,16,22,2,27.0726262207031,1
2017,6,16,22,2,28.878423828125,1
2017,6,16,22,2,30.6843828125,1
2017,6,16,22,2,32.4902360839844,1
2017,6,16,22,2,34.29608984375,1
2017,6,16,22,2,36.1020229492187,1
2017,6,16,22,2,37.9077980957031,1
2017,6,16,22,2,39.7135041503906,1
2017,6,16,22,2,41.5193029785156,1
2017,6,16,22,2,43.3252180175781,1
2017,6,16,22,2,45.1311850585938,1
2017,6,16,22,2,46.9367758789063,1
2017,6,16,22,2,48.7426750488281,1
2017,6,16,22,2,50.5485881347656,1
2017,6,16,22,2,52.3545278320313,1
2017,6,16,22,2,54.1603840332031,1
2017,6,16,22,2,55.9663830566406,1
2017,6,16,22,2,57.7722248535156,1
2017,6,16,22,2,59.5779599609375,1
2017,6,16,22,3,1.38363110351563,1
2017,6,16,22,3,3.18930786132813,1
2017,6,16,22,3,4.99503588867188,1
2017,6,16,22,3,6.80096508789063,1
2017,6,16,22,3,8.6067890625,1
2017,6,16,22,3,10.4125720214844,1
2017,6,16,22,3,12.2182878417969,1
2017,6,16,22,3,14.0239848632812,1
2017,6,16,22,3,15.8299140625,1
2017,6,16,22,3,17.6356870117188,1
2017,6,16,22,3,19.4413459472656,1
2017,6,16,22,3,21.2472341308594,1
2017,6,16,22,3,23.0531740722656,1
2017,6,16,22,3,24.8589721679688,1
2017,6,16,22,3,26.664671875,1
2017,6,16,22,3,28.4704968261719,1
2017,6,16,22,3,30.2763820800781,1
2017,6,16,22,3,32.0823159179687,1
2017,6,16,22,3,33.8882209472656,1
2017,6,16,22,3,35.6941599121094,1
2017,6,16,22,3,37.4998427734375,1
2017,6,16,22,3,39.3056149902344,1
2017,6,16,22,3,41.1115261230469,1
2017,6,16,22,3,42.9174299316406,1
2017,6,16,22,3,44.7231770019531,1
2017,6,16,22,3,46.5288679199219,1
2017,6,16,22,3,48.3346340332031,1
2017,6,16,22,3,50.1404350585938,1
2017,6,16,22,3,51.9462609863281,1
2017,6,16,22,3,53.7520219726563,1
2017,6,16,22,3,55.5578940429687,1
2017,6,16,22,3,57.363751953125,1
2017,6,16,22,3,59.1694409179687,1
2017,6,16,22,4,0.975326171875,1
2017,6,16,22,4,2.78107495117187,1
2017,6,16,22,4,4.58685717773437,1
2017,6,16,22,4,6.39256811523437,1
2017,6,16,22,4,8.19841796875,1
2017,6,16,22,4,10.0042590332031,1
2017,6,16,22,4,11.810080078125,1
2017,6,16,22,4,13.615751953125,1
2017,6,16,22,4,15.4214189453125,1
2017,6,16,22,4,17.2272810058594,1
2017,6,16,22,4,19.0332338867188,1
2017,6,16,22,4,20.83920703125,1
2017,6,16,22,4,22.6450988769531,1
2017,6,16,22,4,24.4509899902344,1
2017,6,16,22,4,26.25680078125,1
2017,6,16,22,4,28.0625290527344,1
2017,6,16,22,4,29.8682619628906,1
2017,6,16,22,4,31.6741630859375,1
2017,6,16,22,4,33.4800051269531,1
2017,6,16,22,4,35.2856728515625,1
2017,6,16,22,4,37.0914169921875,1
2017,6,16,22,4,38.8971169433594,1
2017,6,16,22,4,40.702783203125,1
2017,6,16,22,4,42.510873046875,1
2017,6,16,22,4,44.3167700195312,1
2017,6,16,22,4,46.1225988769531,1
2017,6,16,22,4,47.9285200195312,1
2017,6,16,22,4,49.7343481445313,1
2017,6,16,22,4,51.5401110839844,1
2017,6,16,22,4,53.345876953125,1
2017,6,16,22,4,55.1516608886719,1
2017,6,16,22,4,56.9575458984375,1
2017,6,16,22,4,58.76325390625,1
2017,6,16,22,5,0.568967041015625,1
2017,6,16,22,5,2.37471704101563,1
2017,6,16,22,5,4.18049096679688,1
2017,6,16,22,5,5.98619018554688,1
2017,6,16,22,5,7.79210717773438,1
2017,6,16,22,5,9.59783422851562,1
2017,6,16,22,5,11.4036918945312,1
2017,6,16,22,5,13.2096340332031,1
2017,6,16,22,5,15.0168208007813,1
2017,6,16,22,5,16.8226320800781,1
2017,6,16,22,5,18.6283000488281,1
2017,6,16,22,5,20.4341062011719,1
2017,6,16,22,5,22.2416401367188,1
2017,6,16,22,5,24.045658203125,1
2017,6,16,22,5,25.8514521484375,1
2017,6,16,22,5,27.6573559570312,1
2017,6,16,22,5,29.4630920410156,1
2017,6,16,22,5,31.2688549804687,1
2017,6,16,22,5,33.0747758789063,1
2017,6,16,22,5,34.880755859375,1
2017,6,16,22,5,36.6866459960938,1
2017,6,16,22,5,38.4924829101562,1
2017,6,16,22,5,40.2981418457031,0
2017,6,16,22,5,42.1039650878906,0
2017,6,16,22,5,43.9098549804688,0
2017,6,16,22,5,45.7157099609375,0
2017,6,16,22,5,47.5214489746094,0
2017,6,16,22,5,49.3273620605469,0
2017,6,16,22,5,51.1331337890625,0
2017,6,16,22,5,52.9390280761719,0
2017,6,16,22,5,54.7448908691406,0
2017,6,16,22,5,56.5509018554688,0
2017,6,16,22,5,58.3567580566406,0
