Year,Month,Day,Hour,Minute,Second,Classification
2017,6,2,17,44,17.3452729492187,0
2017,6,2,17,44,19.2095388183594,0
2017,6,2,17,44,21.0974099121094,0
2017,6,2,17,44,22.9784760742188,0
2017,6,2,17,44,24.8080629882813,0
2017,6,2,17,44,26.6909448242188,0
2017,6,2,17,44,28.594873046875,0
2017,6,2,17,44,30.5643200683594,0
2017,6,2,17,44,32.3701789550781,0
2017,6,2,17,44,34.2748168945312,0
2017,6,2,17,44,36.2297570800781,0
2017,6,2,17,44,38.0368659667969,0
2017,6,2,17,44,39.8611628417969,0
2017,6,2,17,44,41.6924990234375,0
2017,6,2,17,44,43.5267487792969,0
2017,6,2,17,44,45.3325358886719,0
2017,6,2,17,44,47.2238400878906,0
2017,6,2,17,44,49.260328125,0
2017,6,2,17,44,51.240828125,0
2017,6,2,17,44,53.0534279785156,0
2017,6,2,17,44,55.0126989746094,0
2017,6,2,17,44,56.8343862304688,0
2017,6,2,17,44,58.7650600585937,0
2017,6,2,17,45,0.58435107421875,0
2017,6,2,17,45,2.39018994140625,0
2017,6,2,17,45,4.36081494140625,0
2017,6,2,17,45,6.23226904296875,0
2017,6,2,17,45,8.03932397460938,0
2017,6,2,17,45,10.025755859375,0
2017,6,2,17,45,11.8324348144531,0
2017,6,2,17,45,13.7887521972656,0
2017,6,2,17,45,15.5945949707031,0
2017,6,2,17,45,17.4004279785156,0
2017,6,2,17,45,19.2819770507813,0
2017,6,2,17,45,21.2361960449219,0
2017,6,2,17,45,23.0697319335938,0
2017,6,2,17,45,25.0609470214844,0
2017,6,2,17,45,26.9650690917969,0
2017,6,2,17,45,28.9971000976563,0
2017,6,2,17,45,30.8233049316406,0
2017,6,2,17,45,32.6992409667969,0
2017,6,2,17,45,34.6842629394531,0
2017,6,2,17,45,36.595494140625,0
2017,6,2,17,45,38.6098950195313,0
2017,6,2,17,45,40.5956120605469,0
2017,6,2,17,45,42.5957451171875,0
2017,6,2,17,45,44.7793969726563,0
2017,6,2,17,45,46.5856271972656,0
2017,6,2,17,45,48.391412109375,0
2017,6,2,17,45,50.2446169433594,0
2017,6,2,17,45,52.0569228515625,0
2017,6,2,17,45,54.003130859375,0
2017,6,2,17,45,55.8244951171875,0
2017,6,2,17,45,57.7180300292969,0
2017,6,2,17,45,59.6045439453125,0
2017,6,2,17,46,1.44425903320312,0
2017,6,2,17,46,3.3062451171875,0
2017,6,2,17,46,5.21622387695312,0
2017,6,2,17,46,7.05453100585938,0
2017,6,2,17,46,8.8603779296875,0
2017,6,2,17,46,10.6662658691406,0
2017,6,2,17,46,12.4720407714844,0
2017,6,2,17,46,14.2778310546875,0
2017,6,2,17,46,16.0837399902344,0
2017,6,2,17,46,17.889537109375,0
2017,6,2,17,46,19.6952788085937,0
2017,6,2,17,46,21.5011159667969,0
2017,6,2,17,46,23.3069479980469,0
2017,6,2,17,46,25.1129108886719,0
2017,6,2,17,46,26.9188620605469,0
2017,6,2,17,46,28.7246411132813,0
2017,6,2,17,46,30.5305270996094,0
2017,6,2,17,46,32.3365180664062,0
2017,6,2,17,46,34.1422099609375,0
2017,6,2,17,46,35.9479929199219,0
2017,6,2,17,46,37.7539189453125,0
2017,6,2,17,46,39.5598308105469,0
2017,6,2,17,46,41.3657529296875,0
2017,6,2,17,46,43.17166796875,0
2017,6,2,17,46,44.9774189453125,0
2017,6,2,17,46,46.7832009277344,0
2017,6,2,17,46,48.5889709472656,0
2017,6,2,17,46,50.394828125,0
2017,6,2,17,46,52.2006159667969,0
2017,6,2,17,46,54.0064311523438,0
2017,6,2,17,46,55.8122329101562,0
2017,6,2,17,46,57.6180788574219,0
2017,6,2,17,46,59.4238930664063,0
2017,6,2,17,47,1.22985107421875,0
2017,6,2,17,47,3.03565185546875,0
2017,6,2,17,47,4.84148413085938,0
2017,6,2,17,47,6.64728198242187,0
2017,6,2,17,47,8.45307299804687,0
2017,6,2,17,47,10.2588798828125,0
2017,6,2,17,47,12.0646359863281,0
2017,6,2,17,47,13.8703090820313,0
2017,6,2,17,47,15.6762111816406,0
2017,6,2,17,47,17.4818889160156,0
2017,6,2,17,47,19.2879428710938,0
2017,6,2,17,47,21.0936811523437,0
2017,6,2,17,47,22.8995710449219,0
2017,6,2,17,47,24.7053872070313,0
2017,6,2,17,47,26.5113488769531,0
2017,6,2,17,47,28.31770703125,0
2017,6,2,17,47,30.1233061523438,0
2017,6,2,17,47,31.9289870605469,0
2017,6,2,17,47,33.7348288574219,0
2017,6,2,17,47,35.5406359863281,0
2017,6,2,17,47,37.3463850097656,0
2017,6,2,17,47,39.1522819824219,0
2017,6,2,17,47,40.9582751464844,0
2017,6,2,17,47,42.764083984375,0
2017,6,2,17,47,44.5698901367187,0
2017,6,2,17,47,46.3756169433594,0
2017,6,2,17,47,48.1813391113281,0
2017,6,2,17,47,49.9871350097656,0
2017,6,2,17,47,51.792916015625,0
2017,6,2,17,47,53.5990080566406,0
2017,6,2,17,47,55.4047419433594,0
2017,6,2,17,47,57.2105251464844,0
2017,6,2,17,47,59.0164360351562,0
2017,6,2,17,48,0.822133056640625,0
2017,6,2,17,48,2.62809716796875,0
2017,6,2,17,48,4.43384106445312,0
2017,6,2,17,48,6.2397060546875,0
2017,6,2,17,48,8.0455361328125,0
2017,6,2,17,48,9.851466796875,0
2017,6,2,17,48,11.6573081054688,0
2017,6,2,17,48,13.4631901855469,0
2017,6,2,17,48,15.2691499023438,0
2017,6,2,17,48,17.0748078613281,0
2017,6,2,17,48,18.8804929199219,0
2017,6,2,17,48,20.6863059082031,0
2017,6,2,17,48,22.4920700683594,0
2017,6,2,17,48,24.2978430175781,0
2017,6,2,17,48,26.1037841796875,0
2017,6,2,17,48,27.9097958984375,0
2017,6,2,17,48,29.7155329589844,0
2017,6,2,17,48,31.5212131347656,0
2017,6,2,17,48,33.3269270019531,0
2017,6,2,17,48,35.1326579589844,0
2017,6,2,17,48,36.9386049804688,0
2017,6,2,17,48,38.7445720214844,0
2017,6,2,17,48,40.5503439941406,0
2017,6,2,17,48,42.3561411132812,0
2017,6,2,17,48,44.161955078125,0
2017,6,2,17,48,45.9676779785156,0
2017,6,2,17,48,47.7734128417969,0
2017,6,2,17,48,49.5793391113281,0
2017,6,2,17,48,51.3852590332031,0
2017,6,2,17,48,53.1911298828125,0
2017,6,2,17,48,54.996833984375,0
2017,6,2,17,48,56.8027290039063,0
2017,6,2,17,48,58.6084658203125,0
2017,6,2,17,49,0.41422509765625,0
2017,6,2,17,49,2.21996801757812,0
2017,6,2,17,49,4.0256650390625,0
2017,6,2,17,49,5.83167016601563,0
2017,6,2,17,49,7.63747314453125,0
2017,6,2,17,49,9.4433359375,0
2017,6,2,17,49,11.2492580566406,0
2017,6,2,17,49,13.0549379882812,1
2017,6,2,17,49,14.8608278808594,1
2017,6,2,17,49,16.6667099609375,1
2017,6,2,17,49,18.4724099121094,1
2017,6,2,17,49,20.2783120117188,1
2017,6,2,17,49,22.0932180175781,1
2017,6,2,17,49,23.8989128417969,1
2017,6,2,17,49,25.7046640625,1
2017,6,2,17,49,27.5104760742188,1
2017,6,2,17,49,29.3161960449219,1
2017,6,2,17,49,31.1220441894531,1
2017,6,2,17,49,32.927748046875,1
2017,6,2,17,49,34.7337060546875,1
2017,6,2,17,49,36.539546875,1
2017,6,2,17,49,38.3455080566406,1
2017,6,2,17,49,40.1515200195312,1
2017,6,2,17,49,41.9572280273438,1
2017,6,2,17,49,43.7629721679687,1
2017,6,2,17,49,45.5688500976563,1
2017,6,2,17,49,47.3747548828125,1
2017,6,2,17,49,49.1804968261719,1
2017,6,2,17,49,50.9862290039063,1
2017,6,2,17,49,52.7920788574219,1
2017,6,2,17,49,54.59787890625,1
2017,6,2,17,49,56.4035629882813,1
2017,6,2,17,49,58.2094699707031,1
2017,6,2,17,50,0.015337890625,1
2017,6,2,17,50,1.82105200195313,1
2017,6,2,17,50,3.627001953125,1
2017,6,2,17,50,5.43268383789063,1
2017,6,2,17,50,7.23836596679688,1
2017,6,2,17,50,9.04429614257812,1
2017,6,2,17,50,10.8500749511719,1
2017,6,2,17,50,12.6558149414063,1
2017,6,2,17,50,14.4617678222656,1
2017,6,2,17,50,16.267501953125,1
2017,6,2,17,50,18.0734370117187,1
2017,6,2,17,50,19.8791740722656,1
2017,6,2,17,50,21.6849860839844,1
2017,6,2,17,50,23.4908349609375,1
2017,6,2,17,50,25.296669921875,1
2017,6,2,17,50,27.1027119140625,1
2017,6,2,17,50,28.9084799804688,1
2017,6,2,17,50,30.7141530761719,1
2017,6,2,17,50,32.5204519042969,1
2017,6,2,17,50,34.3263420410156,1
2017,6,2,17,50,36.1322529296875,1
2017,6,2,17,50,37.9381000976563,1
2017,6,2,17,50,39.7440568847656,1
2017,6,2,17,50,41.5499379882813,1
2017,6,2,17,50,43.3558701171875,1
2017,6,2,17,50,45.161583984375,1
2017,6,2,17,50,46.9672919921875,1
2017,6,2,17,50,48.773423828125,1
2017,6,2,17,50,50.5791298828125,1
2017,6,2,17,50,52.3848059082031,1
2017,6,2,17,50,54.1906430664063,1
2017,6,2,17,50,55.9964841308594,1
2017,6,2,17,50,57.8022648925781,1
2017,6,2,17,50,59.6081892089844,1
2017,6,2,17,51,1.4141240234375,1
2017,6,2,17,51,3.21996997070312,1
2017,6,2,17,51,5.02568603515625,1
2017,6,2,17,51,6.83138208007813,1
2017,6,2,17,51,8.63728588867187,1
2017,6,2,17,51,10.4430729980469,1
2017,6,2,17,51,12.2489770507812,1
2017,6,2,17,51,14.0547868652344,1
2017,6,2,17,51,15.8605249023437,1
2017,6,2,17,51,17.6663229980469,1
2017,6,2,17,51,19.4721411132812,1
2017,6,2,17,51,21.2779250488281,1
2017,6,2,17,51,23.0836647949219,1
2017,6,2,17,51,24.8894619140625,1
2017,6,2,17,51,26.695419921875,1
2017,6,2,17,51,28.5011748046875,1
2017,6,2,17,51,30.307037109375,1
2017,6,2,17,51,32.1128940429687,1
2017,6,2,17,51,33.9188540039062,1
2017,6,2,17,51,35.72479296875,1
2017,6,2,17,51,37.5306140136719,1
2017,6,2,17,51,39.3363869628906,1
2017,6,2,17,51,41.1423220214844,1
2017,6,2,17,51,42.9481298828125,1
2017,6,2,17,51,44.7540639648438,1
2017,6,2,17,51,46.559873046875,1
2017,6,2,17,51,48.36575,1
2017,6,2,17,51,50.1715869140625,1
2017,6,2,17,51,51.9774738769531,1
2017,6,2,17,51,53.7833059082031,1
2017,6,2,17,51,55.5890668945312,1
2017,6,2,17,51,57.3950241699219,1
2017,6,2,17,51,59.2009348144531,1
2017,6,2,17,52,1.0126318359375,1
2017,6,2,17,52,2.8185078125,1
2017,6,2,17,52,4.62442309570312,1
2017,6,2,17,52,6.43013818359375,1
2017,6,2,17,52,8.23592797851562,1
2017,6,2,17,52,10.0418859863281,1
2017,6,2,17,52,11.847837890625,1
2017,6,2,17,52,13.65354296875,1
2017,6,2,17,52,15.4592490234375,1
2017,6,2,17,52,17.2652648925781,1
2017,6,2,17,52,19.071078125,1
2017,6,2,17,52,20.8770170898438,1
2017,6,2,17,52,22.6829230957031,1
2017,6,2,17,52,24.4887238769531,1
2017,6,2,17,52,26.2944479980469,1
2017,6,2,17,52,28.1001940917969,1
2017,6,2,17,52,29.9061550292969,1
2017,6,2,17,52,31.7120290527344,1
2017,6,2,17,52,33.5177551269531,1
2017,6,2,17,52,35.3236350097656,1
2017,6,2,17,52,37.1293559570313,1
2017,6,2,17,52,38.935203125,1
2017,6,2,17,52,40.7410700683594,1
2017,6,2,17,52,42.5468608398438,1
2017,6,2,17,52,44.352544921875,1
2017,6,2,17,52,46.1583811035156,1
2017,6,2,17,52,47.96429296875,1
2017,6,2,17,52,49.770041015625,1
2017,6,2,17,52,51.5757590332031,1
2017,6,2,17,52,53.3816110839844,1
2017,6,2,17,52,55.1872839355469,1
2017,6,2,17,52,56.992958984375,1
2017,6,2,17,52,58.798748046875,1
2017,6,2,17,53,0.6046240234375,1
2017,6,2,17,53,2.41038598632813,1
2017,6,2,17,53,4.216119140625,1
2017,6,2,17,53,6.02188793945312,1
2017,6,2,17,53,7.8275849609375,1
2017,6,2,17,53,9.6333251953125,1
2017,6,2,17,53,11.4392048339844,1
2017,6,2,17,53,13.245080078125,1
2017,6,2,17,53,15.050798828125,1
2017,6,2,17,53,16.8572121582031,1
2017,6,2,17,53,18.6624450683594,1
2017,6,2,17,53,20.4683940429688,1
2017,6,2,17,53,22.2747719726563,1
2017,6,2,17,53,24.0806638183594,1
2017,6,2,17,53,25.8864580078125,1
2017,6,2,17,53,27.6921259765625,1
2017,6,2,17,53,29.4977961425781,1
2017,6,2,17,53,31.3034870605469,1
2017,6,2,17,53,33.1092060546875,1
2017,6,2,17,53,34.9148801269531,1
2017,6,2,17,53,36.7208391113281,1
2017,6,2,17,53,38.5267509765625,1
2017,6,2,17,53,40.3326088867188,1
2017,6,2,17,53,42.1385520019531,1
2017,6,2,17,53,43.9442160644531,1
2017,6,2,17,53,45.7499799804688,1
2017,6,2,17,53,47.5559338378906,1
2017,6,2,17,53,49.3616372070313,1
2017,6,2,17,53,51.167416015625,1
2017,6,2,17,53,52.9733601074219,1
2017,6,2,17,53,54.7790720214844,1
2017,6,2,17,53,56.5847739257812,1
2017,6,2,17,53,58.3906369628906,1
2017,6,2,17,54,0.19658203125,1
2017,6,2,17,54,2.00239990234375,1
2017,6,2,17,54,3.80843090820313,1
2017,6,2,17,54,5.6142099609375,1
2017,6,2,17,54,7.41990698242187,1
2017,6,2,17,54,9.22564794921875,1
2017,6,2,17,54,11.0314460449219,1
2017,6,2,17,54,12.8372758789063,1
2017,6,2,17,54,14.6432121582031,1
2017,6,2,17,54,16.4489970703125,1
2017,6,2,17,54,18.2547250976563,1
2017,6,2,17,54,20.0606647949219,1
2017,6,2,17,54,21.8667341308594,1
2017,6,2,17,54,23.6725180664063,1
2017,6,2,17,54,25.4784208984375,1
2017,6,2,17,54,27.2843110351563,1
2017,6,2,17,54,29.0912238769531,1
2017,6,2,17,54,30.897126953125,1
2017,6,2,17,54,32.7030229492187,1
2017,6,2,17,54,34.50871484375,1
2017,6,2,17,54,36.3146418457031,1
2017,6,2,17,54,38.1203640136719,1
2017,6,2,17,54,39.9262399902344,1
2017,6,2,17,54,41.7319182128906,1
2017,6,2,17,54,43.5376169433594,1
2017,6,2,17,54,45.3434328613281,1
2017,6,2,17,54,47.1492290039062,1
2017,6,2,17,54,48.9550510253906,1
2017,6,2,17,54,50.7609489746094,1
2017,6,2,17,54,52.5666960449219,1
2017,6,2,17,54,54.3724250488281,1
2017,6,2,17,54,56.1782360839844,1
2017,6,2,17,54,57.9841130371094,1
2017,6,2,17,54,59.7902551269531,1
2017,6,2,17,55,1.59609106445312,1
2017,6,2,17,55,3.4019970703125,1
2017,6,2,17,55,5.20782202148438,1
2017,6,2,17,55,7.0136298828125,1
2017,6,2,17,55,8.81948217773438,1
2017,6,2,17,55,10.6251450195312,1
2017,6,2,17,55,12.4310568847656,1
2017,6,2,17,55,14.2368159179687,1
2017,6,2,17,55,16.0425749511719,1
2017,6,2,17,55,17.84845703125,1
2017,6,2,17,55,19.6543659667969,1
2017,6,2,17,55,21.4603220214844,1
2017,6,2,17,55,23.2660090332031,1
2017,6,2,17,55,25.0716750488281,1
2017,6,2,17,55,26.8775239257813,1
2017,6,2,17,55,28.6832780761719,1
2017,6,2,17,55,30.4892138671875,1
2017,6,2,17,55,32.29508203125,1
2017,6,2,17,55,34.1014499511719,1
2017,6,2,17,55,35.9071091308594,1
2017,6,2,17,55,37.7128979492187,1
2017,6,2,17,55,39.5187980957031,1
2017,6,2,17,55,41.3244938964844,1
2017,6,2,17,55,43.1303659667969,1
2017,6,2,17,55,44.9360910644531,1
2017,6,2,17,55,46.7419929199219,1
2017,6,2,17,55,48.54779296875,1
2017,6,2,17,55,50.353703125,1
2017,6,2,17,55,52.1595190429688,1
2017,6,2,17,55,53.9653981933594,1
2017,6,2,17,55,55.7714050292969,1
2017,6,2,17,55,57.5772180175781,1
2017,6,2,17,55,59.3831337890625,1
2017,6,2,17,56,1.18880102539062,1
2017,6,2,17,56,2.99471313476562,1
2017,6,2,17,56,4.80044287109375,1
2017,6,2,17,56,6.6062509765625,1
2017,6,2,17,56,8.412216796875,1
2017,6,2,17,56,10.2179128417969,1
2017,6,2,17,56,12.0238549804687,1
2017,6,2,17,56,13.8297619628906,1
2017,6,2,17,56,15.6355231933594,1
2017,6,2,17,56,17.4412438964844,1
2017,6,2,17,56,19.2471069335937,1
2017,6,2,17,56,21.0530090332031,1
2017,6,2,17,56,22.8589521484375,1
2017,6,2,17,56,24.6648649902344,1
2017,6,2,17,56,26.4706049804687,1
2017,6,2,17,56,28.2762858886719,1
2017,6,2,17,56,30.0823659667969,1
2017,6,2,17,56,31.888166015625,1
2017,6,2,17,56,33.6939499511719,1
2017,6,2,17,56,35.4998469238281,1
2017,6,2,17,56,37.3057041015625,1
2017,6,2,17,56,39.1115830078125,1
2017,6,2,17,56,40.9174240722656,1
2017,6,2,17,56,42.723119140625,1
2017,6,2,17,56,44.5290178222656,1
2017,6,2,17,56,46.3349750976562,1
2017,6,2,17,56,48.1407780761719,1
2017,6,2,17,56,49.9464819335938,1
2017,6,2,17,56,51.7523029785156,1
2017,6,2,17,56,53.5581411132813,1
2017,6,2,17,56,55.3640620117188,1
2017,6,2,17,56,57.1699099121094,1
2017,6,2,17,56,58.9756240234375,1
2017,6,2,17,57,0.781428955078125,1
2017,6,2,17,57,2.58733618164062,1
2017,6,2,17,57,4.39318798828125,1
2017,6,2,17,57,6.19886596679688,1
2017,6,2,17,57,8.00465209960938,1
2017,6,2,17,57,9.8104990234375,1
2017,6,2,17,57,11.61633203125,1
2017,6,2,17,57,13.4221279296875,1
2017,6,2,17,57,15.2280729980469,1
2017,6,2,17,57,17.0339050292969,1
2017,6,2,17,57,18.8397578125,1
2017,6,2,17,57,20.6456279296875,1
2017,6,2,17,57,22.451369140625,1
2017,6,2,17,57,24.2572829589844,1
2017,6,2,17,57,26.0647990722656,1
2017,6,2,17,57,27.8704780273438,0
2017,6,2,17,57,29.6763029785156,0
2017,6,2,17,57,31.4821201171875,0
2017,6,2,17,57,33.2879079589844,0
2017,6,2,17,57,35.0953759765625,0
2017,6,2,17,57,36.89945703125,0
2017,6,2,17,57,38.70529296875,0
2017,6,2,17,57,40.511087890625,0
2017,6,2,17,57,42.3169929199219,0
2017,6,2,17,57,44.1229299316406,0
2017,6,2,17,57,45.9288630371094,0
2017,6,2,17,57,47.7348540039062,0
2017,6,2,17,57,49.5407131347656,0
2017,6,2,17,57,51.3464389648437,0
2017,6,2,17,57,53.1523139648437,0
2017,6,2,17,57,54.9581689453125,0
2017,6,2,17,57,56.763876953125,0
2017,6,2,17,57,58.5696669921875,0
2017,6,2,17,58,0.375593017578125,0
2017,6,2,17,58,2.18136401367188,0
2017,6,2,17,58,3.98728491210937,0
2017,6,2,17,58,5.79297583007812,0
2017,6,2,17,58,7.59873803710938,0
2017,6,2,17,58,9.40472387695313,0
2017,6,2,17,58,11.2104189453125,0
2017,6,2,17,58,13.0160981445313,0
2017,6,2,17,58,14.8220339355469,0
2017,6,2,17,58,16.6277170410156,0
2017,6,2,17,58,18.4335070800781,0
2017,6,2,17,58,20.2392739257813,0
2017,6,2,17,58,22.0451911621094,0
2017,6,2,17,58,23.8508798828125,0
2017,6,2,17,58,25.6565600585938,0
2017,6,2,17,58,27.4622668457031,0
2017,6,2,17,58,29.2679860839844,0
2017,6,2,17,58,31.0737209472656,0
2017,6,2,17,58,32.879421875,0
2017,6,2,17,58,34.685244140625,0
2017,6,2,17,58,36.4908439941406,0
2017,6,2,17,58,38.29666796875,0
2017,6,2,17,58,40.1023408203125,0
2017,6,2,17,58,41.9082971191406,0
2017,6,2,17,58,43.71412890625,0
2017,6,2,17,58,45.5199399414062,0
2017,6,2,17,58,47.3259638671875,0
2017,6,2,17,58,49.1316799316406,0
2017,6,2,17,58,50.9374848632812,0
2017,6,2,17,58,52.7433559570312,0
2017,6,2,17,58,54.5490629882812,0
2017,6,2,17,58,56.3548278808594,0
2017,6,2,17,58,58.1607580566406,0
2017,6,2,17,58,59.9667590332031,0
2017,6,2,17,59,1.77257202148437,0
2017,6,2,17,59,3.57841796875,0
2017,6,2,17,59,5.3841708984375,0
2017,6,2,17,59,7.18993896484375,0
2017,6,2,17,59,8.995630859375,0
2017,6,2,17,59,10.8013259277344,0
2017,6,2,17,59,12.6070239257813,0
2017,6,2,17,59,14.4127709960937,0
2017,6,2,17,59,16.2185471191406,0
2017,6,2,17,59,18.02449609375,0
2017,6,2,17,59,19.8301958007813,0
2017,6,2,17,59,21.6360422363281,0
2017,6,2,17,59,23.4417470703125,0
2017,6,2,17,59,25.2477119140625,0
2017,6,2,17,59,27.0536489257812,0
2017,6,2,17,59,28.8593249511719,0
2017,6,2,17,59,30.6651320800781,0
2017,6,2,17,59,32.4709270019531,0
2017,6,2,17,59,34.2767971191406,0
2017,6,2,17,59,36.0826169433594,0
2017,6,2,17,59,37.8884311523437,0
2017,6,2,17,59,39.6941940917969,0
2017,6,2,17,59,41.4999270019531,0
2017,6,2,17,59,43.305623046875,0
2017,6,2,17,59,45.1115510253906,0
2017,6,2,17,59,46.9176669921875,0
2017,6,2,17,59,48.7230170898438,0
2017,6,2,17,59,50.5288610839844,0
2017,6,2,17,59,52.3347958984375,0
2017,6,2,17,59,54.1406118164062,0
2017,6,2,17,59,55.9463210449219,0
2017,6,2,17,59,57.7522270507813,0
2017,6,2,17,59,59.558201171875,0
2017,6,2,18,0,1.36404711914062,0
2017,6,2,18,0,3.16982690429688,0
2017,6,2,18,0,4.97563500976563,0
2017,6,2,18,0,6.78130786132813,0
2017,6,2,18,0,8.58701391601562,0
2017,6,2,18,0,10.3928471679687,0
2017,6,2,18,0,12.1986899414063,0
2017,6,2,18,0,14.0043649902344,0
2017,6,2,18,0,15.8102878417969,0
2017,6,2,18,0,17.616087890625,0
2017,6,2,18,0,19.4217580566406,0
2017,6,2,18,0,21.227583984375,0
2017,6,2,18,0,23.0334260253906,0
2017,6,2,18,0,24.839294921875,0
2017,6,2,18,0,26.6451831054687,0
2017,6,2,18,0,28.4510490722656,0
2017,6,2,18,0,30.2568828125,0
2017,6,2,18,0,32.0625949707031,0
2017,6,2,18,0,33.8686049804688,0
2017,6,2,18,0,35.6743610839844,0
2017,6,2,18,0,37.48030078125,0
2017,6,2,18,0,39.2862160644531,0
2017,6,2,18,5,5.41709912109375,1
2017,6,2,18,5,7.22452001953125,1
2017,6,2,18,5,9.03044189453125,1
2017,6,2,18,5,10.8360988769531,1
2017,6,2,18,5,12.6420349121094,1
2017,6,2,18,5,14.44783203125,1
2017,6,2,18,5,16.2536689453125,1
2017,6,2,18,5,18.0594770507813,1
2017,6,2,18,5,19.865248046875,1
2017,6,2,18,5,21.6710961914062,1
2017,6,2,18,5,23.4767580566406,1
2017,6,2,18,5,25.2824279785156,1
2017,6,2,18,5,27.0881889648437,1
2017,6,2,18,5,28.8941218261719,1
2017,6,2,18,5,30.6999379882812,1
2017,6,2,18,5,32.5057509765625,1
2017,6,2,18,5,34.3116479492188,1
2017,6,2,18,5,36.1175270996094,1
2017,6,2,18,5,37.9233559570312,1
2017,6,2,18,5,39.7292548828125,1
2017,6,2,18,5,41.53525390625,1
2017,6,2,18,5,43.3411101074219,1
2017,6,2,18,5,45.1469450683594,1
2017,6,2,18,5,46.9526491699219,1
2017,6,2,18,5,48.7584331054687,1
2017,6,2,18,5,50.5641770019531,1
2017,6,2,18,5,52.3700690917969,1
2017,6,2,18,5,54.17578515625,1
2017,6,2,18,5,55.9815390625,1
2017,6,2,18,5,57.7872209472656,1
2017,6,2,18,5,59.5929289550781,1
2017,6,2,18,6,1.39868994140625,1
2017,6,2,18,6,3.204451171875,1
2017,6,2,18,6,5.010294921875,1
2017,6,2,18,6,6.81622412109375,1
2017,6,2,18,6,8.6219521484375,1
2017,6,2,18,6,10.4277250976562,1
2017,6,2,18,6,12.2334858398438,1
2017,6,2,18,6,14.0391879882813,1
2017,6,2,18,6,15.8449299316406,1
2017,6,2,18,6,17.6508181152344,1
2017,6,2,18,6,19.4566350097656,1
2017,6,2,18,6,21.2623310546875,1
2017,6,2,18,6,23.0682238769531,1
2017,6,2,18,6,24.8741169433594,1
2017,6,2,18,6,26.6797790527344,1
2017,6,2,18,6,28.4856450195313,1
2017,6,2,18,6,30.2913540039062,1
2017,6,2,18,6,32.0971999511719,1
2017,6,2,18,6,33.9030900878906,1
2017,6,2,18,6,35.7088972167969,1
2017,6,2,18,6,37.5147380371094,1
2017,6,2,18,6,39.3268459472656,1
2017,6,2,18,6,41.1326850585938,1
2017,6,2,18,6,42.938544921875,1
2017,6,2,18,6,44.7443781738281,1
2017,6,2,18,6,46.5502919921875,1
2017,6,2,18,6,48.3561088867188,1
2017,6,2,18,6,50.1618581542969,1
2017,6,2,18,6,51.9675148925781,1
2017,6,2,18,6,53.7734611816406,1
2017,6,2,18,6,55.5793159179687,1
2017,6,2,18,6,57.3851069335937,1
2017,6,2,18,6,59.1909460449219,1
2017,6,2,18,7,0.996900146484375,1
2017,6,2,18,7,2.802658203125,1
2017,6,2,18,7,4.60851782226563,1
2017,6,2,18,7,6.41419287109375,1
2017,6,2,18,7,8.219955078125,1
2017,6,2,18,7,10.0256938476562,1
2017,6,2,18,7,11.8316059570313,1
2017,6,2,18,7,13.6376008300781,1
2017,6,2,18,7,15.443537109375,1
2017,6,2,18,7,17.2494357910156,1
2017,6,2,18,7,19.0552980957031,1
2017,6,2,18,7,20.8611691894531,1
2017,6,2,18,7,22.6670200195313,1
2017,6,2,18,7,24.4728000488281,1
2017,6,2,18,7,26.2786828613281,1
2017,6,2,18,7,28.0843359375,1
2017,6,2,18,7,29.8900229492187,1
2017,6,2,18,7,31.6957231445313,1
2017,6,2,18,7,33.501669921875,1
2017,6,2,18,7,35.3073740234375,1
2017,6,2,18,7,37.1133020019531,1
2017,6,2,18,7,38.918958984375,1
2017,6,2,18,7,40.7246708984375,1
2017,6,2,18,7,42.5303718261719,1
2017,6,2,18,7,44.3362180175781,1
2017,6,2,18,7,46.1420830078125,1
2017,6,2,18,7,47.9479848632812,1
2017,6,2,18,7,49.7537619628906,1
2017,6,2,18,7,51.55945703125,1
2017,6,2,18,7,53.3651550292969,1
2017,6,2,18,7,55.1710290527344,1
2017,6,2,18,7,56.9768117675781,1
2017,6,2,18,7,58.7826320800781,1
2017,6,2,18,8,0.588556884765625,1
2017,6,2,18,8,2.3991640625,1
2017,6,2,18,8,4.20507397460938,1
2017,6,2,18,8,6.01610717773437,1
2017,6,2,18,8,7.82194580078125,1
2017,6,2,18,8,9.62763696289062,1
2017,6,2,18,8,11.4333659667969,1
2017,6,2,18,8,13.2392890625,1
2017,6,2,18,8,15.0450859375,1
2017,6,2,18,8,16.8507509765625,1
2017,6,2,18,8,18.6569660644531,1
2017,6,2,18,8,20.4627390136719,1
2017,6,2,18,8,22.2683930664063,1
2017,6,2,18,8,24.0742641601563,1
2017,6,2,18,8,25.8801960449219,1
2017,6,2,18,8,27.6860249023437,1
2017,6,2,18,8,29.4919660644531,1
2017,6,2,18,8,31.2977600097656,1
2017,6,2,18,8,33.1035129394531,1
2017,6,2,18,8,34.9093872070313,1
2017,6,2,18,8,36.7150900878906,1
2017,6,2,18,8,38.5208239746094,1
2017,6,2,18,8,40.3266730957031,1
2017,6,2,18,8,42.1323540039063,1
2017,6,2,18,8,43.9382761230469,1
2017,6,2,18,8,45.7439931640625,1
2017,6,2,18,8,47.5497790527344,1
2017,6,2,18,8,49.3556162109375,1
2017,6,2,18,8,51.1615458984375,1
2017,6,2,18,8,52.9673928222656,1
2017,6,2,18,8,54.7731489257812,1
2017,6,2,18,8,56.5788439941406,1
2017,6,2,18,8,58.3846418457031,1
2017,6,2,18,9,0.190545166015625,1
2017,6,2,18,9,1.99642895507812,1
2017,6,2,18,9,3.80234594726562,1
2017,6,2,18,9,5.60813598632812,1
2017,6,2,18,9,7.41398803710937,1
2017,6,2,18,9,9.21986010742187,1
2017,6,2,18,9,11.0257780761719,1
2017,6,2,18,9,12.8316098632812,1
2017,6,2,18,9,14.637375,1
2017,6,2,18,9,16.4433220214844,1
2017,6,2,18,9,18.2491359863281,1
2017,6,2,18,9,20.0550581054687,1
2017,6,2,18,9,21.8610859375,1
2017,6,2,18,9,23.6669731445313,1
2017,6,2,18,9,25.4727180175781,1
2017,6,2,18,9,27.27837109375,1
2017,6,2,18,9,29.0841560058594,1
2017,6,2,18,9,30.8899282226562,1
2017,6,2,18,9,32.6957790527344,1
2017,6,2,18,9,34.5019860839844,1
2017,6,2,18,9,36.3077810058594,0
2017,6,2,18,9,38.1134309082031,0
2017,6,2,18,9,39.9192580566406,0
2017,6,2,18,9,41.7252041015625,1
2017,6,2,18,9,43.5311960449219,1
2017,6,2,18,9,45.3370048828125,1
2017,6,2,18,9,47.1427939453125,1
2017,6,2,18,9,48.9487290039063,1
2017,6,2,18,9,50.7545720214844,1
2017,6,2,18,9,52.5604848632813,1
2017,6,2,18,9,54.3663720703125,1
2017,6,2,18,9,56.1725349121094,1
2017,6,2,18,9,57.9781821289062,1
2017,6,2,18,9,59.7839990234375,1
2017,6,2,18,10,1.58981396484375,1
2017,6,2,18,10,3.3955380859375,1
2017,6,2,18,10,5.201208984375,1
2017,6,2,18,10,7.00694384765625,1
2017,6,2,18,10,8.812751953125,1
2017,6,2,18,10,10.6184421386719,1
2017,6,2,18,10,12.4243859863281,1
2017,6,2,18,10,14.2301589355469,1
2017,6,2,18,10,16.0360810546875,1
2017,6,2,18,10,17.8420319824219,1
2017,6,2,18,10,19.6477709960938,1
2017,6,2,18,10,21.4535319824219,1
2017,6,2,18,10,23.2593940429688,1
2017,6,2,18,10,25.0651340332031,1
2017,6,2,18,10,26.8710830078125,1
2017,6,2,18,10,28.6769831542969,1
2017,6,2,18,10,30.4828010253906,1
2017,6,2,18,10,32.2885949707031,1
2017,6,2,18,10,34.0942680664063,1
2017,6,2,18,10,35.8999650878906,1
2017,6,2,18,10,37.70566796875,1
2017,6,2,18,10,39.5114208984375,1
2017,6,2,18,10,41.3172729492187,1
2017,6,2,18,10,43.1233662109375,1
2017,6,2,18,10,44.9290471191406,1
2017,6,2,18,10,46.7347641601563,1
2017,6,2,18,10,48.5404680175781,1
2017,6,2,18,10,50.3463530273438,1
2017,6,2,18,10,52.1521657714844,1
2017,6,2,18,10,53.9578120117188,1
2017,6,2,18,10,55.7637309570312,1
2017,6,2,18,10,57.5695578613281,1
2017,6,2,18,10,59.3753107910156,1
2017,6,2,18,11,1.18117407226562,1
2017,6,2,18,11,2.98699682617187,1
2017,6,2,18,11,4.79280810546875,1
2017,6,2,18,11,6.5985830078125,1
2017,6,2,18,11,8.4043720703125,1
2017,6,2,18,11,10.210171875,1
2017,6,2,18,11,12.0158840332031,1
2017,6,2,18,11,13.8218068847656,1
2017,6,2,18,11,15.6276628417969,1
2017,6,2,18,11,17.4335529785156,1
2017,6,2,18,11,19.2393479003906,1
2017,6,2,18,11,21.0450261230469,1
2017,6,2,18,11,22.8507758789063,1
2017,6,2,18,11,24.6565639648437,1
2017,6,2,18,11,26.4623269042969,1
2017,6,2,18,11,28.2681811523438,1
2017,6,2,18,11,30.0739760742187,1
2017,6,2,18,11,31.879755859375,1
2017,6,2,18,11,33.6856369628906,1
2017,6,2,18,11,35.491419921875,1
2017,6,2,18,11,37.2971540527344,1
2017,6,2,18,11,39.1029118652344,1
2017,6,2,18,11,40.9088020019531,1
2017,6,2,18,11,42.7148210449219,1
2017,6,2,18,11,44.5205129394531,1
2017,6,2,18,11,46.3263371582031,1
2017,6,2,18,11,48.1322009277344,1
2017,6,2,18,11,49.9380080566406,1
2017,6,2,18,11,51.7438029785156,1
2017,6,2,18,11,53.5494899902344,1
2017,6,2,18,11,55.3554211425781,1
2017,6,2,18,11,57.1611950683594,1
2017,6,2,18,11,58.9671130371094,1
2017,6,2,18,12,0.773004150390625,1
2017,6,2,18,12,2.57867797851562,1
2017,6,2,18,12,4.3844111328125,1
2017,6,2,18,12,6.19026806640625,1
2017,6,2,18,12,7.99620190429687,1
2017,6,2,18,12,9.80204516601563,1
2017,6,2,18,12,11.6077521972656,1
2017,6,2,18,12,13.4135720214844,1
2017,6,2,18,12,15.21937890625,1
2017,6,2,18,12,17.0252060546875,1
2017,6,2,18,12,18.8307700195313,1
2017,6,2,18,12,20.6365710449219,1
2017,6,2,18,12,22.4425080566406,1
2017,6,2,18,12,24.2482380371094,1
2017,6,2,18,12,26.05412890625,1
2017,6,2,18,12,27.8600048828125,1
2017,6,2,18,12,29.6659208984375,1
2017,6,2,18,12,31.4717231445312,1
2017,6,2,18,12,33.2776169433594,1
2017,6,2,18,12,35.0834279785156,1
2017,6,2,18,12,36.8892578125,1
2017,6,2,18,12,38.6950339355469,1
2017,6,2,18,12,40.5006899414063,1
2017,6,2,18,12,42.3065910644531,1
2017,6,2,18,12,44.1124790039063,1
2017,6,2,18,12,45.9182939453125,1
2017,6,2,18,12,47.7241989746094,1
2017,6,2,18,12,49.5299270019531,1
2017,6,2,18,12,51.3356989746094,1
2017,6,2,18,12,53.1415778808594,1
2017,6,2,18,12,54.9473359375,1
2017,6,2,18,12,56.7532280273438,1
2017,6,2,18,12,58.5589670410156,1
2017,6,2,18,13,0.36476123046875,1
2017,6,2,18,13,2.1704599609375,1
2017,6,2,18,13,3.97631787109375,1
2017,6,2,18,13,5.78202197265625,1
2017,6,2,18,13,7.58772290039063,1
2017,6,2,18,13,9.39343994140625,1
2017,6,2,18,13,11.1993569335937,1
2017,6,2,18,13,13.0050048828125,1
2017,6,2,18,13,14.8109208984375,1
2017,6,2,18,13,16.6167058105469,1
2017,6,2,18,13,18.4224880371094,0
2017,6,2,18,13,20.2281979980469,0
2017,6,2,18,15,59.9464440917969,0
2017,6,2,18,16,1.7523359375,0
2017,6,2,18,16,3.55811694335938,0
2017,6,2,18,16,5.36378198242187,0
2017,6,2,18,16,7.1695400390625,0
2017,6,2,18,16,8.97527783203125,0
2017,6,2,18,16,10.7810690917969,0
2017,6,2,18,16,12.5870009765625,0
2017,6,2,18,16,14.3928171386719,0
2017,6,2,18,16,16.1985520019531,0
2017,6,2,18,16,18.0042329101563,0
2017,6,2,18,16,19.8098850097656,0
2017,6,2,18,16,21.6156340332031,0
2017,6,2,18,16,23.4214758300781,0
2017,6,2,18,16,25.2271899414063,0
2017,6,2,18,16,27.0331188964844,0
2017,6,2,18,16,28.8389460449219,0
2017,6,2,18,16,30.6447629394531,0
2017,6,2,18,16,32.4507438964844,0
2017,6,2,18,16,34.2564831542969,0
2017,6,2,18,16,36.062333984375,0
2017,6,2,18,16,37.8680710449219,0
2017,6,2,18,16,39.6739140625,0
2017,6,2,18,16,41.4795710449219,0
2017,6,2,18,16,43.2852622070313,0
2017,6,2,18,16,45.0910981445313,0
2017,6,2,18,16,46.8968388671875,0
2017,6,2,18,16,48.7025061035156,0
2017,6,2,18,16,50.5081638183594,0
2017,6,2,18,16,52.3140749511719,0
2017,6,2,18,16,54.1197668457031,0
2017,6,2,18,16,55.9254729003906,0
2017,6,2,18,16,57.7311921386719,0
2017,6,2,18,16,59.53700390625,0
2017,6,2,18,17,1.34280712890625,0
2017,6,2,18,17,3.1487060546875,0
2017,6,2,18,17,4.95455590820313,0
2017,6,2,18,17,6.76039111328125,0
2017,6,2,18,17,8.56623291015625,0
2017,6,2,18,17,10.3721818847656,0
2017,6,2,18,17,12.1778381347656,0
2017,6,2,18,17,13.9835998535156,0
2017,6,2,18,17,15.7892819824219,0
2017,6,2,18,17,17.5950368652344,0
2017,6,2,18,17,19.4008291015625,0
2017,6,2,18,17,21.2065278320312,0
2017,6,2,18,17,23.0125151367188,0
2017,6,2,18,17,24.8182312011719,0
2017,6,2,18,17,26.6240971679687,0
2017,6,2,18,17,28.4300161132813,0
2017,6,2,18,17,30.2359069824219,0
2017,6,2,18,17,32.0417849121094,0
2017,6,2,18,17,33.8474418945313,0
2017,6,2,18,17,35.6632458496094,0
2017,6,2,18,17,37.4689599609375,0
2017,6,2,18,17,39.2746079101562,0
2017,6,2,18,17,41.0803881835937,0
2017,6,2,18,17,42.8863178710938,0
2017,6,2,18,17,44.6920720214844,0
2017,6,2,18,17,46.4980219726562,0
2017,6,2,18,17,48.3039702148438,0
2017,6,2,18,17,50.1097509765625,0
2017,6,2,18,17,51.9156909179688,0
2017,6,2,18,17,53.7215891113281,0
2017,6,2,18,17,55.527416015625,0
2017,6,2,18,17,57.3334990234375,0
2017,6,2,18,17,59.1393571777344,0
2017,6,2,18,18,0.945303955078125,0
2017,6,2,18,18,2.75113208007813,0
2017,6,2,18,18,4.55698193359375,0
2017,6,2,18,18,6.36278515625,0
2017,6,2,18,18,8.1685869140625,0
2017,6,2,18,18,9.97453100585938,0
2017,6,2,18,18,11.7802419433594,0
2017,6,2,18,18,13.5859538574219,0
2017,6,2,18,18,15.3916550292969,0
2017,6,2,18,18,17.1974189453125,0
2017,6,2,18,18,19.0035068359375,0
2017,6,2,18,18,20.8091960449219,0
2017,6,2,18,18,22.6149958496094,0
2017,6,2,18,18,24.4207202148438,0
2017,6,2,18,18,26.226587890625,0
2017,6,2,18,18,28.0322780761719,0
2017,6,2,18,18,29.8381779785156,0
2017,6,2,18,18,31.6442470703125,0
2017,6,2,18,18,33.4500661621094,0
2017,6,2,18,18,35.2559519042969,0
2017,6,2,18,18,37.0619060058594,0
2017,6,2,18,18,38.8675620117188,0
2017,6,2,18,18,40.6732380371094,0
2017,6,2,18,18,42.4791081542969,0
2017,6,2,18,18,44.2850659179688,0
2017,6,2,18,18,46.0910087890625,0
2017,6,2,18,18,47.8967958984375,0
2017,6,2,18,18,49.7025571289062,0
2017,6,2,18,18,51.5084470214844,0
2017,6,2,18,18,53.3141860351562,0
2017,6,2,18,18,55.1200148925781,0
2017,6,2,18,18,56.9258520507813,0
2017,6,2,18,18,58.7353498535156,0
2017,6,2,18,19,0.54105810546875,0
2017,6,2,18,19,2.347001953125,0
2017,6,2,18,19,4.1528740234375,0
2017,6,2,18,19,5.9585458984375,0
2017,6,2,18,19,7.764203125,0
2017,6,2,18,19,9.57014404296875,0
2017,6,2,18,19,11.3759401855469,0
2017,6,2,18,19,13.1817277832031,0
2017,6,2,18,19,14.9875778808594,0
2017,6,2,18,19,16.7932761230469,0
2017,6,2,18,19,18.599123046875,0
2017,6,2,18,19,20.4047749023437,0
2017,6,2,18,19,22.2104931640625,0
2017,6,2,18,19,24.016416015625,0
2017,6,2,18,19,25.8222849121094,0
2017,6,2,18,19,27.6280500488281,0
2017,6,2,18,19,29.433708984375,0
2017,6,2,18,19,31.2393989257812,0
2017,6,2,18,19,33.0451640625,0
2017,6,2,18,19,34.8510661621094,0
2017,6,2,18,19,36.6568400878906,0
2017,6,2,18,19,38.4625419921875,0
2017,6,2,18,19,40.2684360351562,0
2017,6,2,18,19,42.0743400878906,0
2017,6,2,18,19,43.8801179199219,0
2017,6,2,18,19,45.68599609375,0
2017,6,2,18,19,47.4917951660156,0
2017,6,2,18,19,49.2976489257813,0
2017,6,2,18,19,51.1034018554688,0
2017,6,2,18,19,52.90912890625,0
2017,6,2,18,19,54.71478515625,0
2017,6,2,18,19,56.5206069335937,0
2017,6,2,18,19,58.3271611328125,0
2017,6,2,18,20,0.133070068359375,0
2017,6,2,18,20,1.938796875,0
2017,6,2,18,20,3.74463598632813,0
2017,6,2,18,20,5.55039086914062,0
2017,6,2,18,20,7.35608422851563,0
2017,6,2,18,20,9.1618740234375,0
2017,6,2,18,20,10.9675559082031,0
2017,6,2,18,20,12.7732719726563,0
2017,6,2,18,20,14.5790810546875,0
2017,6,2,18,20,16.3849680175781,0
2017,6,2,18,20,18.1907060546875,0
2017,6,2,18,20,19.996501953125,0
2017,6,2,18,20,21.8023811035156,0
2017,6,2,18,20,23.6081469726563,0
2017,6,2,18,20,25.4139020996094,0
2017,6,2,18,20,27.2196318359375,0
2017,6,2,18,20,29.0253911132812,0
2017,6,2,18,20,30.8312939453125,0
2017,6,2,18,20,32.6373020019531,0
2017,6,2,18,20,34.4431259765625,0
2017,6,2,18,20,36.2489719238281,0
2017,6,2,18,20,38.05471484375,0
2017,6,2,18,20,39.8605629882813,0
2017,6,2,18,20,41.6664260253906,0
2017,6,2,18,20,43.4721240234375,0
2017,6,2,18,20,45.2780219726562,0
2017,6,2,18,20,47.0837180175781,0
2017,6,2,18,20,48.8894638671875,0
2017,6,2,18,20,50.695123046875,0
2017,6,2,18,20,52.5007880859375,0
2017,6,2,18,20,54.3064528808594,0
2017,6,2,18,20,56.1124028320313,0
2017,6,2,18,20,57.9182770996094,0
2017,6,2,18,20,59.7239880371094,0
2017,6,2,18,21,1.5298310546875,0
2017,6,2,18,21,3.33560107421875,0
2017,6,2,18,21,5.14131909179688,0
2017,6,2,18,21,6.947130859375,0
2017,6,2,18,21,8.75292211914062,0
2017,6,2,18,21,10.5603981933594,0
2017,6,2,18,21,12.3662619628906,0
2017,6,2,18,21,14.1719738769531,0
2017,6,2,18,21,15.9777629394531,0
2017,6,2,18,21,17.7836760253906,0
2017,6,2,18,21,19.5894211425781,0
2017,6,2,18,21,21.3951831054687,0
2017,6,2,18,21,23.2010219726562,0
2017,6,2,18,21,25.0067180175781,0
2017,6,2,18,21,26.8124370117187,0
2017,6,2,18,21,28.6184899902344,0
2017,6,2,18,21,30.4241770019531,0
2017,6,2,18,21,32.2298330078125,0
2017,6,2,18,21,34.0356840820313,0
2017,6,2,18,21,35.8415920410156,0
2017,6,2,18,21,37.64749609375,0
2017,6,2,18,21,39.4533759765625,0
2017,6,2,18,21,41.259287109375,0
2017,6,2,18,21,43.065123046875,0
2017,6,2,18,21,44.8709650878906,0
2017,6,2,18,21,46.6768049316406,0
2017,6,2,18,21,48.4825571289063,0
2017,6,2,18,21,50.2884799804688,0
2017,6,2,18,21,52.0942731933594,0
2017,6,2,18,21,53.9000529785156,0
2017,6,2,18,21,55.7059799804687,0
2017,6,2,18,21,57.5119250488281,0
2017,6,2,18,21,59.3176479492188,0
2017,6,2,18,22,1.12343701171875,0
2017,6,2,18,22,2.92913696289062,0
2017,6,2,18,22,4.73481396484375,0
2017,6,2,18,22,6.54061889648438,0
2017,6,2,18,22,8.34631494140625,0
2017,6,2,18,22,10.1521010742188,0
2017,6,2,18,22,11.9578129882812,0
2017,6,2,18,22,13.7635280761719,0
2017,6,2,18,22,15.5693059082031,0
2017,6,2,18,22,17.3751459960937,0
2017,6,2,18,22,19.1810009765625,0
2017,6,2,18,22,20.98691015625,0
2017,6,2,18,22,22.7927648925781,0
2017,6,2,18,22,24.5984990234375,0
2017,6,2,18,22,26.4042700195312,0
2017,6,2,18,22,28.2102309570312,0
2017,6,2,18,22,30.0160119628906,0
2017,6,2,18,22,31.8216870117188,0
2017,6,2,18,22,33.6273979492187,0
2017,6,2,18,22,35.4330529785156,0
2017,6,2,18,22,37.2389770507813,0
2017,6,2,18,22,39.0448430175781,0
2017,6,2,18,22,40.850830078125,0
2017,6,2,18,22,42.6566018066406,0
2017,6,2,18,22,44.4625380859375,0
2017,6,2,18,22,46.2682609863281,0
2017,6,2,18,22,48.0739499511719,0
2017,6,2,18,22,49.8797241210938,0
2017,6,2,18,22,51.6854118652344,0
2017,6,2,18,22,53.4911589355469,0
2017,6,2,18,22,55.2969260253906,0
2017,6,2,18,22,57.1026010742187,1
2017,6,2,18,22,58.9082770996094,1
2017,6,2,18,23,0.7139990234375,1
2017,6,2,18,23,2.51993994140625,1
2017,6,2,18,23,4.32576489257812,1
2017,6,2,18,23,6.131666015625,1
2017,6,2,18,23,7.93747094726563,1
2017,6,2,18,23,9.7433349609375,1
2017,6,2,18,23,11.5489931640625,1
2017,6,2,18,23,13.3546928710938,1
2017,6,2,18,23,15.16041796875,1
2017,6,2,18,23,16.9662380371094,1
2017,6,2,18,23,18.7721459960938,1
2017,6,2,18,23,20.5779509277344,1
2017,6,2,18,23,22.3837038574219,1
2017,6,2,18,23,24.1894450683594,1
2017,6,2,18,23,25.9953330078125,1
2017,6,2,18,23,27.8010148925781,1
2017,6,2,18,23,29.6067170410156,1
2017,6,2,18,23,31.4125681152344,1
2017,6,2,18,23,33.2182719726562,1
2017,6,2,18,23,35.0242041015625,1
2017,6,2,18,23,36.830125,1
2017,6,2,18,23,38.635962890625,1
2017,6,2,18,23,40.4419309082031,1
2017,6,2,18,23,42.2475368652344,1
2017,6,2,18,23,44.0532709960938,1
2017,6,2,18,23,45.8592199707031,1
2017,6,2,18,23,47.6649580078125,1
2017,6,2,18,23,49.4708518066406,1
2017,6,2,18,23,51.2768039550781,1
2017,6,2,18,23,53.0828098144531,1
2017,6,2,18,23,54.8886240234375,1
2017,6,2,18,23,56.6944731445313,1
2017,6,2,18,23,58.500369140625,1
2017,6,2,18,24,0.306260986328125,1
2017,6,2,18,24,2.1120859375,1
2017,6,2,18,24,3.91786694335938,1
2017,6,2,18,24,5.72377807617188,1
2017,6,2,18,24,7.52971411132812,1
2017,6,2,18,24,9.33559399414063,1
2017,6,2,18,24,11.1412880859375,1
2017,6,2,18,24,12.9536879882812,1
2017,6,2,18,24,14.7595771484375,1
2017,6,2,18,24,16.5652829589844,1
2017,6,2,18,24,18.3710300292969,1
2017,6,2,18,24,20.176755859375,1
2017,6,2,18,24,21.9826750488281,1
2017,6,2,18,24,23.7886181640625,1
2017,6,2,18,24,25.5945471191406,1
2017,6,2,18,24,27.4002839355469,1
2017,6,2,18,24,29.2060991210938,1
2017,6,2,18,24,31.0119240722656,1
2017,6,2,18,24,32.8176479492188,1
2017,6,2,18,24,34.6234641113281,1
2017,6,2,18,24,36.42920703125,1
2017,6,2,18,24,38.2351611328125,1
2017,6,2,18,24,40.0409208984375,1
2017,6,2,18,24,41.846623046875,1
2017,6,2,18,24,43.6524602050781,1
2017,6,2,18,24,45.4582678222656,1
2017,6,2,18,24,47.2641389160156,1
2017,6,2,18,24,49.0700520019531,1
2017,6,2,18,24,50.8757719726563,1
2017,6,2,18,24,52.6814360351563,1
2017,6,2,18,24,54.4873718261719,1
2017,6,2,18,24,56.2931088867187,1
2017,6,2,18,24,58.0989938964844,1
2017,6,2,18,24,59.9048581542969,1
2017,6,2,18,25,1.71053784179687,1
2017,6,2,18,25,3.51619921875,1
2017,6,2,18,25,5.32185498046875,1
2017,6,2,18,25,7.1277109375,1
2017,6,2,18,25,8.933666015625,1
2017,6,2,18,25,10.7395971679687,1
2017,6,2,18,25,12.5455178222656,1
2017,6,2,18,25,14.3514680175781,1
2017,6,2,18,25,16.1572729492188,1
2017,6,2,18,25,17.9632038574219,1
2017,6,2,18,25,19.7689299316406,1
2017,6,2,18,25,21.5749309082031,1
2017,6,2,18,25,23.380708984375,1
2017,6,2,18,25,25.1863598632813,1
2017,6,2,18,25,26.9922900390625,1
2017,6,2,18,25,28.7980029296875,1
2017,6,2,18,25,30.6036550292969,1
2017,6,2,18,25,32.40945703125,1
2017,6,2,18,25,34.2155161132812,1
2017,6,2,18,25,36.0212209472656,1
2017,6,2,18,25,37.8269279785156,1
2017,6,2,18,25,39.6327241210938,1
2017,6,2,18,25,41.438544921875,1
2017,6,2,18,25,43.2444748535156,1
2017,6,2,18,25,45.0501821289063,1
2017,6,2,18,25,46.8560268554687,1
2017,6,2,18,25,48.6618190917969,1
2017,6,2,18,25,50.4677009277344,1
2017,6,2,18,25,52.2736101074219,1
2017,6,2,18,25,54.0794138183594,1
2017,6,2,18,25,55.8851950683594,1
2017,6,2,18,25,57.6908811035156,1
2017,6,2,18,25,59.4967810058594,1
2017,6,2,18,26,1.30273388671875,1
2017,6,2,18,26,3.10857885742187,1
2017,6,2,18,26,4.91438208007813,1
2017,6,2,18,26,6.72018603515625,1
2017,6,2,18,26,8.52626098632813,1
2017,6,2,18,26,10.3319399414062,1
2017,6,2,18,26,12.1377790527344,1
2017,6,2,18,26,13.9435078125,1
2017,6,2,18,26,15.7493159179687,1
2017,6,2,18,26,17.5551918945313,1
2017,6,2,18,26,19.361083984375,1
2017,6,2,18,26,21.1669609375,1
2017,6,2,18,26,22.9727248535156,1
2017,6,2,18,26,24.77866015625,1
2017,6,2,18,26,26.5845229492188,1
2017,6,2,18,26,28.3902199707031,1
2017,6,2,18,26,30.1959299316406,1
2017,6,2,18,26,32.0018178710937,1
2017,6,2,18,26,33.8075759277344,1
2017,6,2,18,26,35.6132751464844,1
2017,6,2,18,26,37.4191330566406,1
2017,6,2,18,26,39.2249870605469,1
2017,6,2,18,26,41.0306411132812,1
2017,6,2,18,26,42.8363681640625,1
2017,6,2,18,26,44.6421770019531,1
2017,6,2,18,26,46.4478991699219,1
2017,6,2,18,26,48.2538371582031,1
2017,6,2,18,26,50.0597670898438,1
2017,6,2,18,26,51.865705078125,1
2017,6,2,18,26,53.6716450195312,1
2017,6,2,18,26,55.4775109863281,1
2017,6,2,18,26,57.2833220214844,1
2017,6,2,18,26,59.0890009765625,1
2017,6,2,18,27,0.894702880859375,1
2017,6,2,18,27,2.70060888671875,1
2017,6,2,18,27,4.50630395507812,1
2017,6,2,18,27,6.31222290039063,1
2017,6,2,18,27,8.11822802734375,1
2017,6,2,18,27,9.92391479492188,1
2017,6,2,18,27,11.7297512207031,1
2017,6,2,18,27,13.5354760742187,1
2017,6,2,18,27,15.341291015625,1
2017,6,2,18,27,17.1471770019531,1
2017,6,2,18,27,18.9529777832031,1
2017,6,2,18,27,20.7587658691406,1
2017,6,2,18,27,22.5646770019531,1
2017,6,2,18,27,24.370583984375,1
2017,6,2,18,27,26.1765139160156,1
2017,6,2,18,27,27.9822189941406,1
2017,6,2,18,27,29.78812109375,1
2017,6,2,18,27,31.5937800292969,1
2017,6,2,18,27,33.3995830078125,1
2017,6,2,18,27,35.2054230957031,1
2017,6,2,18,27,37.01116796875,1
2017,6,2,18,27,38.8168229980469,1
2017,6,2,18,27,40.6226999511719,1
2017,6,2,18,27,42.4289118652344,1
2017,6,2,18,27,44.2347109375,1
2017,6,2,18,27,46.0404050292969,1
2017,6,2,18,27,47.8460590820313,1
2017,6,2,18,27,49.6518740234375,1
2017,6,2,18,27,51.4576420898438,1
2017,6,2,18,27,53.2633540039063,1
2017,6,2,18,27,55.0711350097656,1
2017,6,2,18,27,56.8770498046875,1
2017,6,2,18,27,58.6829790039062,1
2017,6,2,18,28,0.489018798828125,1
2017,6,2,18,28,2.29969311523437,1
2017,6,2,18,28,4.10560693359375,1
2017,6,2,18,28,5.91141381835937,1
2017,6,2,18,28,7.71721508789062,1
2017,6,2,18,28,9.522873046875,1
2017,6,2,18,28,11.3285671386719,1
2017,6,2,18,28,13.1342858886719,1
2017,6,2,18,28,14.9402170410156,1
2017,6,2,18,28,16.7460681152344,1
2017,6,2,18,28,18.5520109863281,1
2017,6,2,18,28,20.3578081054687,1
2017,6,2,18,28,22.1635939941406,1
2017,6,2,18,28,23.9694609375,1
2017,6,2,18,28,25.7751169433594,1
2017,6,2,18,28,27.5810749511719,1
2017,6,2,18,28,29.3869079589844,1
2017,6,2,18,28,31.1926848144531,1
2017,6,2,18,28,32.9985869140625,1
2017,6,2,18,28,34.8043051757813,1
2017,6,2,18,28,36.6103688964844,1
2017,6,2,18,28,38.4162390136719,1
2017,6,2,18,28,40.2221091308594,1
2017,6,2,18,28,42.0277900390625,1
2017,6,2,18,28,43.8705891113281,1
2017,6,2,18,28,45.6764399414063,1
2017,6,2,18,28,47.4823840332031,1
2017,6,2,18,28,49.2882780761719,1
2017,6,2,18,28,51.0940930175781,1
2017,6,2,18,28,52.8997600097656,1
2017,6,2,18,28,54.7056428222656,1
2017,6,2,18,28,56.5113872070312,1
2017,6,2,18,28,58.3173029785156,1
2017,6,2,18,29,0.12301611328125,1
2017,6,2,18,29,1.92871411132812,1
2017,6,2,18,29,3.73457788085938,1
2017,6,2,18,29,5.54085205078125,1
2017,6,2,18,29,7.346162109375,1
2017,6,2,18,29,9.15194604492187,1
2017,6,2,18,29,10.9578979492188,1
2017,6,2,18,29,12.7635568847656,1
2017,6,2,18,29,14.569412109375,1
2017,6,2,18,29,16.3752509765625,1
2017,6,2,18,29,18.1812370605469,1
2017,6,2,18,29,19.986794921875,1
2017,6,2,18,29,21.792494140625,1
2017,6,2,18,29,23.5981499023437,1
2017,6,2,18,29,25.4038149414062,1
2017,6,2,18,29,27.2095329589844,1
2017,6,2,18,29,29.0154367675781,1
2017,6,2,18,29,30.821283203125,1
2017,6,2,18,29,32.6270908203125,1
2017,6,2,18,29,34.4329650878906,1
2017,6,2,18,29,36.2386889648438,1
2017,6,2,18,29,38.0445270996094,1
2017,6,2,18,29,39.8504069824219,1
2017,6,2,18,29,41.6562841796875,1
2017,6,2,18,29,43.4622541503906,1
2017,6,2,18,29,45.2681760253906,1
2017,6,2,18,29,47.0742231445313,1
2017,6,2,18,29,48.8801760253906,1
2017,6,2,18,29,50.6859541015625,1
2017,6,2,18,29,52.4918039550781,1
2017,6,2,18,29,54.2974680175781,1
2017,6,2,18,29,56.1031809082031,1
2017,6,2,18,29,57.9089309082031,1
2017,6,2,18,29,59.7148288574219,1
2017,6,2,18,30,1.52064990234375,1
2017,6,2,18,30,3.32640087890625,1
2017,6,2,18,30,5.13239282226562,1
2017,6,2,18,30,6.9380810546875,1
2017,6,2,18,30,8.74388916015625,1
2017,6,2,18,30,10.54970703125,1
2017,6,2,18,30,12.3556049804687,1
2017,6,2,18,30,14.1614460449219,1
2017,6,2,18,30,15.9672160644531,1
2017,6,2,18,30,17.7732028808594,1
2017,6,2,18,30,19.579087890625,1
2017,6,2,18,30,21.384841796875,1
2017,6,2,18,30,23.1905461425781,1
2017,6,2,18,30,24.9964868164063,1
2017,6,2,18,30,26.8021740722656,1
2017,6,2,18,30,28.6080678710937,1
2017,6,2,18,30,30.4144509277344,1
2017,6,2,18,30,32.22025390625,1
2017,6,2,18,30,34.0261550292969,1
2017,6,2,18,30,35.83208984375,1
2017,6,2,18,30,37.6378210449219,1
2017,6,2,18,30,39.4436040039063,1
2017,6,2,18,30,41.2495041503906,1
2017,6,2,18,30,43.0552299804688,1
2017,6,2,18,30,44.8610239257812,1
2017,6,2,18,30,46.6669379882812,1
2017,6,2,18,30,48.4726918945313,1
2017,6,2,18,30,50.2783649902344,1
2017,6,2,18,30,52.0841848144531,1
2017,6,2,18,30,53.8899919433594,1
2017,6,2,18,30,55.6958100585938,1
2017,6,2,18,30,57.50166796875,1
2017,6,2,18,30,59.3074140625,1
2017,6,2,18,31,1.11327514648438,1
2017,6,2,18,31,2.91899609375,1
2017,6,2,18,31,4.72472094726562,1
2017,6,2,18,31,6.53053198242188,1
2017,6,2,18,31,8.33641186523437,1
2017,6,2,18,31,10.142244140625,1
2017,6,2,18,31,11.9481169433594,1
2017,6,2,18,31,13.7540200195313,1
2017,6,2,18,31,15.5598081054688,1
2017,6,2,18,31,17.3654738769531,1
2017,6,2,18,31,19.1713469238281,1
2017,6,2,18,31,20.9772990722656,1
2017,6,2,18,31,22.7831799316406,1
2017,6,2,18,31,24.5891079101563,1
2017,6,2,18,31,26.3948430175781,1
2017,6,2,18,31,28.2007470703125,1
2017,6,2,18,31,30.0066372070313,1
2017,6,2,18,31,31.8124348144531,1
2017,6,2,18,31,33.6180979003906,1
2017,6,2,18,31,35.4239851074219,1
2017,6,2,18,31,37.229833984375,1
2017,6,2,18,31,39.0356481933594,1
2017,6,2,18,31,40.8414299316406,1
2017,6,2,18,31,42.6472680664062,1
2017,6,2,18,31,44.4531008300781,1
2017,6,2,18,31,46.2588879394531,1
2017,6,2,18,31,48.0649680175781,1
2017,6,2,18,31,49.8706218261719,1
2017,6,2,18,31,51.6764489746094,1
2017,6,2,18,31,53.4821040039063,1
2017,6,2,18,31,55.2879382324219,1
2017,6,2,18,31,57.0938798828125,1
2017,6,2,18,31,58.8996049804688,1
2017,6,2,18,32,0.705418212890625,1
2017,6,2,18,32,2.51126293945312,1
2017,6,2,18,32,4.31721411132813,1
2017,6,2,18,32,6.12306689453125,1
2017,6,2,18,32,7.9288271484375,1
2017,6,2,18,32,9.73477514648438,1
2017,6,2,18,32,11.5407268066406,1
2017,6,2,18,32,13.3465170898438,1
2017,6,2,18,32,15.1529260253906,1
2017,6,2,18,32,16.9581750488281,1
2017,6,2,18,32,18.7638801269531,1
2017,6,2,18,32,20.5698171386719,1
2017,6,2,18,32,22.3757888183594,1
2017,6,2,18,32,24.1815390625,1
2017,6,2,18,32,25.9873391113281,1
2017,6,2,18,32,27.7931918945313,1
2017,6,2,18,32,29.5991120605469,1
2017,6,2,18,32,31.4048259277344,1
2017,6,2,18,32,33.2105131835937,1
2017,6,2,18,32,35.016587890625,1
2017,6,2,18,32,36.8223071289063,1
2017,6,2,18,32,38.6281159667969,1
2017,6,2,18,32,40.4369760742187,1
2017,6,2,18,32,42.2427348632812,1
2017,6,2,18,32,44.0486398925781,1
2017,6,2,18,32,45.8545329589844,1
2017,6,2,18,32,47.6603610839844,1
2017,6,2,18,32,49.4662490234375,1
2017,6,2,18,32,51.2719069824219,1
2017,6,2,18,32,53.0789138183594,1
2017,6,2,18,32,54.8847858886719,1
2017,6,2,18,32,56.6906999511719,1
2017,6,2,18,32,58.4966989746094,1
2017,6,2,18,33,0.3023427734375,1
2017,6,2,18,33,2.10827709960938,1
2017,6,2,18,33,3.91411206054687,1
2017,6,2,18,33,5.71994995117188,1
2017,6,2,18,33,7.52590600585938,1
2017,6,2,18,33,9.33181591796875,1
2017,6,2,18,33,11.1377290039062,1
2017,6,2,18,33,12.94358984375,1
2017,6,2,18,33,14.7493920898438,1
2017,6,2,18,33,16.5552280273438,1
2017,6,2,18,33,18.3611359863281,1
2017,6,2,18,33,20.1669130859375,1
2017,6,2,18,33,21.9725939941406,1
2017,6,2,18,33,23.7784829101562,1
2017,6,2,18,33,25.5842780761719,1
2017,6,2,18,33,27.39021484375,1
2017,6,2,18,33,29.1960029296875,1
2017,6,2,18,33,31.0017080078125,1
2017,6,2,18,33,32.8076040039062,1
2017,6,2,18,33,34.613169921875,1
2017,6,2,18,33,36.4191201171875,1
2017,6,2,18,33,38.2250080566406,1
2017,6,2,18,33,40.0308659667969,1
2017,6,2,18,33,41.8365458984375,1
2017,6,2,18,33,43.64228515625,1
2017,6,2,18,33,45.4481279296875,1
2017,6,2,18,33,47.2538061523437,1
2017,6,2,18,33,49.0597177734375,1
2017,6,2,18,33,50.8654970703125,1
2017,6,2,18,33,52.6711530761719,1
2017,6,2,18,33,54.47887890625,1
2017,6,2,18,33,56.2845439453125,1
2017,6,2,18,33,58.0902009277344,1
2017,6,2,18,33,59.8958708496094,1
2017,6,2,18,34,1.70156909179688,1
2017,6,2,18,34,3.5074501953125,1
2017,6,2,18,34,5.31335815429687,1
2017,6,2,18,34,7.11935986328125,1
2017,6,2,18,34,8.92521899414063,1
2017,6,2,18,34,10.7309001464844,1
2017,6,2,18,34,12.5366818847656,1
2017,6,2,18,34,14.34245703125,1
2017,6,2,18,34,16.1481379394531,1
2017,6,2,18,34,17.9539431152344,1
2017,6,2,18,34,19.759875,1
2017,6,2,18,34,21.5658081054688,1
2017,6,2,18,34,23.3715158691406,1
2017,6,2,18,34,25.1774658203125,1
2017,6,2,18,34,26.9831770019531,1
2017,6,2,18,34,28.7892329101563,1
2017,6,2,18,34,30.5950461425781,1
2017,6,2,18,34,32.40083203125,1
2017,6,2,18,34,34.2067739257812,1
2017,6,2,18,34,36.017328125,1
2017,6,2,18,34,37.8230131835938,1
2017,6,2,18,34,39.6288508300781,1
2017,6,2,18,34,41.4345148925781,1
2017,6,2,18,34,43.2403239746094,1
2017,6,2,18,34,45.046076171875,1
2017,6,2,18,34,46.8517590332031,1
2017,6,2,18,34,48.6574790039063,1
2017,6,2,18,34,50.4632338867187,1
2017,6,2,18,34,52.2689079589844,1
2017,6,2,18,34,54.0746728515625,1
2017,6,2,18,34,55.8813720703125,1
2017,6,2,18,34,57.6872019042969,1
2017,6,2,18,34,59.4928850097656,1
2017,6,2,18,35,1.29872900390625,1
2017,6,2,18,35,3.1044140625,1
2017,6,2,18,35,4.91038208007812,1
2017,6,2,18,35,6.71632690429688,1
2017,6,2,18,35,8.522130859375,1
2017,6,2,18,35,10.3278388671875,1
2017,6,2,18,35,12.1337399902344,1
2017,6,2,18,35,13.9394829101563,1
2017,6,2,18,35,15.7453920898438,1
2017,6,2,18,35,17.55105078125,1
2017,6,2,18,35,19.3569150390625,1
2017,6,2,18,35,21.1625830078125,1
2017,6,2,18,35,22.9684091796875,1
2017,6,2,18,35,24.774298828125,1
2017,6,2,18,35,26.5801647949219,1
2017,6,2,18,35,28.3859438476563,1
2017,6,2,18,35,30.1919018554687,1
2017,6,2,18,35,31.9975720214844,1
2017,6,2,18,35,33.8034479980469,1
2017,6,2,18,35,35.6115310058594,1
2017,6,2,18,35,37.4172102050781,1
2017,6,2,18,35,39.2229421386719,1
2017,6,2,18,35,41.02887890625,1
2017,6,2,18,35,42.8346318359375,1
2017,6,2,18,35,44.6404479980469,1
2017,6,2,18,35,46.4463430175781,1
2017,6,2,18,35,48.2521069335938,1
2017,6,2,18,35,50.0578510742188,1
2017,6,2,18,35,51.8636879882812,1
2017,6,2,18,35,53.6693461914062,1
2017,6,2,18,35,55.47512890625,1
2017,6,2,18,35,57.2808371582031,1
2017,6,2,18,35,59.0866188964844,1
2017,6,2,18,36,0.89247119140625,1
2017,6,2,18,36,2.698205078125,1
2017,6,2,18,36,4.50390502929687,1
2017,6,2,18,36,6.309669921875,1
2017,6,2,18,36,8.11551904296875,1
2017,6,2,18,36,9.9214228515625,1
2017,6,2,18,36,11.7272209472656,1
2017,6,2,18,36,13.5329020996094,1
2017,6,2,18,36,15.3386828613281,1
2017,6,2,18,36,17.1443469238281,1
2017,6,2,18,36,18.9500319824219,1
2017,6,2,18,36,20.7559150390625,1
2017,6,2,18,36,22.5616318359375,1
2017,6,2,18,36,24.3675688476563,1
2017,6,2,18,36,26.1735629882813,1
2017,6,2,18,36,27.9790397949219,1
2017,6,2,18,36,29.7849599609375,1
2017,6,2,18,36,31.5908979492187,1
2017,6,2,18,36,33.3966650390625,1
2017,6,2,18,36,35.2026000976563,1
2017,6,2,18,36,37.0082390136719,1
2017,6,2,18,36,38.8140610351563,1
2017,6,2,18,36,40.619875,1
2017,6,2,18,36,42.4256821289063,1
2017,6,2,18,36,44.2314738769531,1
2017,6,2,18,36,46.0372180175781,1
2017,6,2,18,36,47.8435900878906,1
2017,6,2,18,36,49.6493071289063,1
2017,6,2,18,36,51.4550639648438,1
2017,6,2,18,36,53.2607629394531,1
2017,6,2,18,36,55.0665029296875,1
2017,6,2,18,36,56.8723181152344,1
2017,6,2,18,36,58.6780148925781,1
2017,6,2,18,37,0.483839111328125,1
2017,6,2,18,37,2.28960693359375,1
2017,6,2,18,37,4.09540893554687,1
2017,6,2,18,37,5.90124389648437,1
2017,6,2,18,37,7.7141279296875,1
2017,6,2,18,37,9.51994604492188,1
2017,6,2,18,37,11.3256708984375,1
2017,6,2,18,37,13.1314370117188,1
2017,6,2,18,37,14.937205078125,1
2017,6,2,18,37,16.7430129394531,1
2017,6,2,18,37,18.5489060058594,1
2017,6,2,18,37,20.3546591796875,1
2017,6,2,18,37,22.1605930175781,1
2017,6,2,18,37,23.9664040527344,1
2017,6,2,18,37,25.7722548828125,1
2017,6,2,18,37,27.5779641113281,1
2017,6,2,18,37,29.3840219726562,1
2017,6,2,18,37,31.1898229980469,1
2017,6,2,18,37,32.9954819335938,1
2017,6,2,18,37,34.8011848144531,1
2017,6,2,18,37,36.6071110839844,1
2017,6,2,18,37,38.4128830566406,1
2017,6,2,18,37,40.2186789550781,1
2017,6,2,18,37,42.0245610351563,1
2017,6,2,18,37,43.8303139648437,1
2017,6,2,18,37,45.6369379882812,1
2017,6,2,18,37,47.4428400878906,1
2017,6,2,18,37,49.248794921875,1
2017,6,2,18,37,51.0548349609375,1
2017,6,2,18,37,52.8607431640625,1
2017,6,2,18,37,54.6665261230469,1
2017,6,2,18,37,56.4724399414063,1
2017,6,2,18,37,58.2783459472656,1
2017,6,2,18,38,0.0841689453125,1
2017,6,2,18,38,1.89001000976562,1
2017,6,2,18,38,3.69580883789062,1
2017,6,2,18,38,5.50172412109375,1
2017,6,2,18,38,7.30761010742188,1
2017,6,2,18,38,9.11335791015625,1
2017,6,2,18,38,10.9190439453125,1
2017,6,2,18,38,12.7249970703125,1
2017,6,2,18,38,14.5306989746094,1
2017,6,2,18,38,16.3366389160156,1
2017,6,2,18,38,18.1423161621094,1
2017,6,2,18,38,19.948208984375,1
2017,6,2,18,38,21.7560100097656,1
2017,6,2,18,38,23.5619069824219,1
2017,6,2,18,38,25.3676501464844,1
2017,6,2,18,38,27.1733229980469,1
2017,6,2,18,38,28.9792509765625,1
2017,6,2,18,38,30.7851928710937,1
2017,6,2,18,38,32.5909741210938,1
2017,6,2,18,38,34.39687109375,1
2017,6,2,18,38,36.2028029785156,1
2017,6,2,18,38,38.0085280761719,1
2017,6,2,18,38,39.8142021484375,1
2017,6,2,18,38,41.6200539550781,1
2017,6,2,18,38,43.4259592285156,1
2017,6,2,18,38,45.2315900878906,1
2017,6,2,18,38,47.0373798828125,1
2017,6,2,18,38,48.8430419921875,1
2017,6,2,18,38,50.6488381347656,1
2017,6,2,18,38,52.4547998046875,1
2017,6,2,18,38,54.2605368652344,1
2017,6,2,18,38,56.0665988769531,1
2017,6,2,18,38,57.8725258789063,1
2017,6,2,18,38,59.6783149414062,1
2017,6,2,18,39,1.48418090820312,1
2017,6,2,18,39,3.28999389648438,1
2017,6,2,18,39,5.09581079101562,1
2017,6,2,18,39,6.90152685546875,1
2017,6,2,18,39,8.707330078125,1
2017,6,2,18,39,10.51304296875,1
2017,6,2,18,39,19.1140109863281,1
2017,6,2,18,39,20.9197648925781,1
2017,6,2,18,39,22.7254729003906,1
2017,6,2,18,39,24.5312719726562,1
2017,6,2,18,39,26.337119140625,1
2017,6,2,18,39,28.2473659667969,1
2017,6,2,18,39,30.0531520996094,1
2017,6,2,18,39,31.9183208007812,1
2017,6,2,18,39,33.9597829589844,1
2017,6,2,18,39,35.7655729980469,1
2017,6,2,18,39,37.5713559570313,1
2017,6,2,18,39,39.6715642089844,1
2017,6,2,18,39,41.51150390625,1
2017,6,2,18,39,43.65637890625,1
2017,6,2,18,39,45.4811669921875,1
2017,6,2,18,39,47.2869880371094,1
2017,6,2,18,39,49.2614780273437,1
2017,6,2,18,39,51.2383288574219,1
2017,6,2,18,39,53.044248046875,1
2017,6,2,18,39,55.0146337890625,1
2017,6,2,18,39,56.8217680664062,1
2017,6,2,18,39,59.0228427734375,1
2017,6,2,18,40,0.848409912109375,1
2017,6,2,18,40,2.654330078125,1
2017,6,2,18,40,4.52549780273437,1
2017,6,2,18,40,6.4694970703125,1
2017,6,2,18,40,8.50021606445313,1
2017,6,2,18,40,10.3059470214844,1
2017,6,2,18,40,12.1799851074219,1
2017,6,2,18,40,14.2730500488281,1
2017,6,2,18,40,16.2901579589844,1
2017,6,2,18,40,18.1698100585938,1
2017,6,2,18,40,19.9757270507812,1
2017,6,2,18,40,21.8049008789062,1
2017,6,2,18,40,23.6476159667969,1
2017,6,2,18,40,25.6321579589844,1
2017,6,2,18,40,27.4513549804688,1
2017,6,2,18,40,29.6176960449219,1
2017,6,2,18,40,31.4239169921875,1
2017,6,2,18,40,33.3326340332031,1
2017,6,2,18,40,35.2508571777344,1
2017,6,2,18,40,37.0565590820312,1
2017,6,2,18,40,38.9028210449219,1
2017,6,2,18,40,40.8299780273437,1
2017,6,2,18,40,42.830087890625,1
2017,6,2,18,40,44.9915458984375,1
2017,6,2,18,40,46.8301921386719,1
2017,6,2,18,40,48.8716049804688,1
2017,6,2,18,40,50.8863989257813,1
2017,6,2,18,40,52.8204890136719,1
2017,6,2,18,40,54.6263388671875,1
2017,6,2,18,40,56.5278950195313,1
2017,6,2,18,40,58.4805009765625,1
2017,6,2,18,41,0.504746826171875,1
2017,6,2,18,41,2.31043188476563,1
2017,6,2,18,41,4.24491821289063,1
2017,6,2,18,41,6.22247509765625,1
2017,6,2,18,41,8.02814599609375,1
2017,6,2,18,41,9.99927392578125,1
2017,6,2,18,41,11.8409440917969,1
2017,6,2,18,41,13.8789938964844,1
2017,6,2,18,41,15.684875,1
2017,6,2,18,41,17.5137529296875,1
2017,6,2,18,41,19.6983010253906,1
2017,6,2,18,41,21.606369140625,1
2017,6,2,18,41,23.5217438964844,1
2017,6,2,18,41,25.5034809570313,1
2017,6,2,18,41,27.3092250976562,1
2017,6,2,18,41,29.3786870117187,1
2017,6,2,18,41,31.2988740234375,1
2017,6,2,18,41,33.2123679199219,1
2017,6,2,18,41,35.1026999511719,1
2017,6,2,18,41,36.9085180664063,1
2017,6,2,18,41,38.8151298828125,1
2017,6,2,18,41,40.6209650878906,1
2017,6,2,18,41,42.5532309570313,1
2017,6,2,18,41,44.6778059082031,1
2017,6,2,18,41,46.5222622070312,1
2017,6,2,18,41,48.6319060058594,1
2017,6,2,18,41,50.5319660644531,1
2017,6,2,18,41,52.632333984375,1
2017,6,2,18,41,54.5964309082031,1
2017,6,2,18,41,56.6417680664063,1
2017,6,2,18,41,58.5151511230469,1
2017,6,2,18,42,0.532510986328125,1
2017,6,2,18,42,2.39838696289062,1
2017,6,2,18,42,4.44247094726563,1
2017,6,2,18,42,6.29389819335938,1
2017,6,2,18,42,8.34791796875,1
2017,6,2,18,42,10.1834040527344,1
2017,6,2,18,42,12.0888100585938,1
2017,6,2,18,42,14.0161198730469,1
2017,6,2,18,42,15.8727751464844,1
2017,6,2,18,42,17.7481879882812,1
2017,6,2,18,42,19.636962890625,1
2017,6,2,18,42,21.5028259277344,1
2017,6,2,18,42,23.5102041015625,1
2017,6,2,18,42,25.5771059570313,1
2017,6,2,18,42,27.4837019042969,1
2017,6,2,18,42,29.4413649902344,1
2017,6,2,18,42,31.4135720214844,1
2017,6,2,18,42,33.4443818359375,1
2017,6,2,18,42,35.2653798828125,1
2017,6,2,18,42,37.0712448730469,1
2017,6,2,18,42,38.9004169921875,1
2017,6,2,18,42,40.8837258300781,1
2017,6,2,18,42,42.6895539550781,1
2017,6,2,18,42,44.8060190429687,1
2017,6,2,18,42,46.6117319335938,1
2017,6,2,18,42,48.525283203125,1
2017,6,2,18,42,50.7156831054687,1
2017,6,2,18,42,52.5214208984375,1
2017,6,2,18,42,54.4367690429687,1
2017,6,2,18,42,56.4119191894531,1
2017,6,2,18,42,58.3101889648438,1
2017,6,2,18,43,0.138058837890625,1
2017,6,2,18,43,2.07677392578125,1
2017,6,2,18,43,4.05255517578125,1
2017,6,2,18,43,5.8654990234375,1
2017,6,2,18,43,7.67125610351563,1
2017,6,2,18,43,9.62964013671875,1
2017,6,2,18,43,11.5214099121094,1
2017,6,2,18,43,13.5509208984375,1
2017,6,2,18,43,15.3919428710938,1
2017,6,2,18,43,17.2660478515625,1
2017,6,2,18,43,19.2033459472656,1
2017,6,2,18,43,21.0129799804687,1
2017,6,2,18,43,22.8954311523438,1
2017,6,2,18,43,25.0531040039062,1
2017,6,2,18,43,26.8848349609375,1
2017,6,2,18,43,28.7218698730469,1
2017,6,2,18,43,30.5971279296875,1
2017,6,2,18,43,32.406248046875,1
2017,6,2,18,43,34.3797231445312,1
2017,6,2,18,43,36.4254291992187,1
2017,6,2,18,43,38.2660810546875,1
2017,6,2,18,43,40.1653188476563,1
2017,6,2,18,43,42.0973630371094,1
2017,6,2,18,43,43.9334790039062,1
2017,6,2,18,43,45.7525270996094,1
2017,6,2,18,43,47.5582429199219,1
2017,6,2,18,43,49.4552468261719,1
2017,6,2,18,43,51.3092980957031,1
2017,6,2,18,43,53.1880368652344,1
2017,6,2,18,43,55.2174709472656,1
2017,6,2,18,43,57.113708984375,1
2017,6,2,18,43,59.2523500976562,1
2017,6,2,18,44,1.19039599609375,1
2017,6,2,18,44,3.12574096679687,1
2017,6,2,18,44,5.15444702148438,1
2017,6,2,18,44,7.028455078125,1
2017,6,2,18,44,9.04401293945313,1
2017,6,2,18,44,10.9161911621094,1
2017,6,2,18,44,12.9163288574219,1
2017,6,2,18,44,14.7221730957031,1
2017,6,2,18,44,16.5915930175781,1
2017,6,2,18,44,18.5042377929688,1
2017,6,2,18,44,20.3154011230469,1
2017,6,2,18,44,22.1295520019531,1
2017,6,2,18,44,24.0026030273437,1
2017,6,2,18,44,25.9345979003906,1
2017,6,2,18,44,27.7403491210938,1
2017,6,2,18,44,29.5666340332031,1
2017,6,2,18,44,31.3724619140625,1
2017,6,2,18,44,33.1781240234375,1
2017,6,2,18,44,35.0714729003906,1
2017,6,2,18,44,36.9269951171875,1
2017,6,2,18,44,38.7329440917969,1
2017,6,2,18,44,40.6070061035156,1
2017,6,2,18,44,42.4127121582031,1
2017,6,2,18,44,44.5547631835937,1
2017,6,2,18,44,46.3840971679687,1
2017,6,2,18,44,48.2043928222656,1
2017,6,2,18,44,50.1336901855469,1
2017,6,2,18,44,51.9395729980469,1
2017,6,2,18,44,54.2212651367187,1
2017,6,2,18,44,56.133037109375,1
2017,6,2,18,44,57.9389130859375,1
2017,6,2,18,44,59.7448271484375,1
2017,6,2,18,45,1.62764306640625,1
2017,6,2,18,45,3.62928881835937,1
2017,6,2,18,45,5.44780395507813,1
2017,6,2,18,45,7.3077421875,1
2017,6,2,18,45,9.23944213867187,1
2017,6,2,18,45,11.27899609375,1
2017,6,2,18,45,13.1070439453125,1
2017,6,2,18,45,14.9481000976562,1
2017,6,2,18,45,16.757373046875,1
2017,6,2,18,45,18.6521279296875,1
2017,6,2,18,45,20.6729519042969,1
2017,6,2,18,45,22.6878000488281,1
2017,6,2,18,45,24.5683701171875,1
2017,6,2,18,45,26.3783190917969,1
2017,6,2,18,45,28.1840971679688,1
2017,6,2,18,45,30.310455078125,1
2017,6,2,18,45,32.45828515625,1
2017,6,2,18,45,34.3285339355469,1
2017,6,2,18,45,36.1342939453125,1
2017,6,2,18,45,37.9496201171875,1
2017,6,2,18,45,39.9133920898437,1
2017,6,2,18,45,41.8403449707031,1
2017,6,2,18,45,43.6626520996094,1
2017,6,2,18,45,45.4687341308594,1
2017,6,2,18,45,47.3195900878906,1
2017,6,2,18,45,49.318037109375,1
2017,6,2,18,45,51.1470329589844,1
2017,6,2,18,45,52.9631181640625,1
2017,6,2,18,45,54.7734260253906,1
2017,6,2,18,45,56.692673828125,1
2017,6,2,18,45,58.6392719726563,1
2017,6,2,18,46,0.5916171875,1
2017,6,2,18,46,2.44298706054688,1
2017,6,2,18,46,4.32010205078125,1
2017,6,2,18,46,6.1900859375,1
2017,6,2,18,46,8.0035859375,1
2017,6,2,18,46,9.809662109375,1
2017,6,2,18,46,11.6341950683594,1
2017,6,2,18,46,13.440076171875,1
2017,6,2,18,46,15.3588869628906,1
2017,6,2,18,46,17.173365234375,1
2017,6,2,18,46,18.9791311035156,1
2017,6,2,18,46,20.97025390625,1
2017,6,2,18,46,22.9410830078125,1
2017,6,2,18,46,24.7467509765625,1
2017,6,2,18,46,26.6011879882813,1
2017,6,2,18,46,28.4709411621094,1
2017,6,2,18,46,30.3703979492187,1
2017,6,2,18,46,32.1915668945312,1
2017,6,2,18,46,33.997498046875,1
2017,6,2,18,46,35.8033098144531,1
2017,6,2,18,46,37.6147429199219,1
2017,6,2,18,46,39.4641540527344,1
2017,6,2,18,46,41.4638269042969,1
2017,6,2,18,46,43.2917211914063,1
2017,6,2,18,46,45.1693239746094,1
2017,6,2,18,46,46.9751730957031,1
2017,6,2,18,46,48.803826171875,1
2017,6,2,18,46,50.6108349609375,1
2017,6,2,18,46,52.4484711914062,1
2017,6,2,18,46,54.350580078125,1
2017,6,2,18,46,56.1813359375,1
2017,6,2,18,46,57.9911520996094,1
2017,6,2,18,46,59.8433608398437,1
2017,6,2,18,47,1.71463989257812,1
2017,6,2,18,47,3.57730200195313,1
2017,6,2,18,47,5.72159912109375,1
2017,6,2,18,47,7.62411499023438,1
2017,6,2,18,47,9.44405688476563,1
2017,6,2,18,47,11.2498979492188,1
2017,6,2,18,47,13.0558330078125,1
2017,6,2,18,47,14.8617429199219,1
2017,6,2,18,47,16.6675661621094,1
2017,6,2,18,47,18.4733649902344,1
2017,6,2,18,47,20.2791450195312,1
2017,6,2,18,47,22.0848168945313,1
2017,6,2,18,47,23.8905070800781,1
2017,6,2,18,47,25.69625,1
2017,6,2,18,47,27.5022458496094,1
2017,6,2,18,47,29.3079660644531,1
2017,6,2,18,47,31.1136948242188,1
2017,6,2,18,47,32.9195339355469,1
2017,6,2,18,47,34.7253708496094,1
2017,6,2,18,47,36.5311789550781,1
2017,6,2,18,47,38.3369018554688,1
2017,6,2,18,47,40.1427290039062,1
2017,6,2,18,47,41.9485109863281,1
2017,6,2,18,47,43.7544350585937,1
2017,6,2,18,47,45.5601569824219,1
2017,6,2,18,47,47.3661140136719,1
2017,6,2,18,47,49.1719379882813,1
2017,6,2,18,47,50.9775900878906,1
2017,6,2,18,47,52.7832661132813,1
2017,6,2,18,47,54.5891350097656,1
2017,6,2,18,47,56.3950048828125,1
2017,6,2,18,47,58.2008540039063,1
2017,6,2,18,48,0.00668505859375,1
2017,6,2,18,48,1.8125888671875,1
2017,6,2,18,48,3.61833203125,1
2017,6,2,18,48,5.42420703125,1
2017,6,2,18,48,7.22996411132813,1
2017,6,2,18,48,9.03564086914063,1
2017,6,2,18,48,10.8429228515625,1
2017,6,2,18,48,12.6486159667969,1
2017,6,2,18,48,14.4545031738281,1
2017,6,2,18,48,16.2602609863281,1
2017,6,2,18,48,18.0659658203125,1
2017,6,2,18,48,19.8718020019531,1
2017,6,2,18,48,21.6775080566406,1
2017,6,2,18,48,23.483330078125,1
2017,6,2,18,48,25.2890539550781,1
2017,6,2,18,48,27.0949689941406,1
2017,6,2,18,48,28.9006591796875,1
2017,6,2,18,48,30.7064040527344,1
2017,6,2,18,48,32.51221484375,1
2017,6,2,18,48,34.3180681152344,1
2017,6,2,18,48,36.1239299316406,1
2017,6,2,18,48,37.9297199707031,1
2017,6,2,18,48,39.7354560546875,1
2017,6,2,18,48,41.5413549804688,1
2017,6,2,18,48,43.3472158203125,1
2017,6,2,18,48,45.1532858886719,1
2017,6,2,18,48,46.95900390625,1
2017,6,2,18,48,48.7647331542969,1
2017,6,2,18,48,50.5705659179688,1
2017,6,2,18,48,52.3763198242187,1
2017,6,2,18,48,54.1819819335937,1
2017,6,2,18,48,55.9878229980469,1
2017,6,2,18,48,57.7937878417969,1
2017,6,2,18,48,59.5994389648437,1
2017,6,2,18,49,1.4053681640625,1
2017,6,2,18,49,3.2112998046875,1
2017,6,2,18,49,5.01722705078125,1
2017,6,2,18,49,6.82294799804687,1
2017,6,2,18,49,8.62890014648437,1
2017,6,2,18,49,10.434705078125,1
2017,6,2,18,49,12.24062890625,1
2017,6,2,18,49,14.0464948730469,1
2017,6,2,18,49,15.8549047851563,1
2017,6,2,18,49,17.6605949707031,1
2017,6,2,18,49,19.4663239746094,1
2017,6,2,18,49,21.2722770996094,1
2017,6,2,18,49,23.0780949707031,1
2017,6,2,18,49,24.8838920898438,1
2017,6,2,18,49,26.6896828613281,1
2017,6,2,18,49,28.4954299316406,1
2017,6,2,18,49,30.3012038574219,1
2017,6,2,18,49,32.1068588867187,1
2017,6,2,18,49,33.9127041015625,1
2017,6,2,18,49,35.7185390625,1
2017,6,2,18,49,37.5243771972656,1
2017,6,2,18,49,39.3302351074219,1
2017,6,2,18,49,41.1361201171875,1
2017,6,2,18,49,42.9418088378906,1
2017,6,2,18,49,44.747669921875,1
2017,6,2,18,49,46.5535029296875,1
2017,6,2,18,49,48.3593801269531,1
2017,6,2,18,49,50.1653918457031,1
2017,6,2,18,49,51.9712109375,1
2017,6,2,18,49,53.7771000976563,1
2017,6,2,18,49,55.5829328613281,1
2017,6,2,18,49,57.3887487792969,1
2017,6,2,18,49,59.1945400390625,1
2017,6,2,18,50,1.00042602539062,1
2017,6,2,18,50,2.8061708984375,1
2017,6,2,18,50,4.612087890625,1
2017,6,2,18,50,6.41786010742188,1
2017,6,2,18,50,8.22380908203125,1
2017,6,2,18,50,10.02958203125,1
2017,6,2,18,50,11.8356198730469,1
2017,6,2,18,50,13.6412399902344,1
2017,6,2,18,50,15.4469321289062,1
2017,6,2,18,50,17.2526640625,1
2017,6,2,18,50,19.0584157714844,1
2017,6,2,18,50,20.8640930175781,1
2017,6,2,18,50,22.6699819335937,1
2017,6,2,18,50,24.4760029296875,1
2017,6,2,18,50,26.2818020019531,1
2017,6,2,18,50,28.0875290527344,1
2017,6,2,18,50,29.8932580566406,1
2017,6,2,18,50,31.6991149902344,1
2017,6,2,18,50,33.5048269042969,1
2017,6,2,18,50,35.3105949707031,1
2017,6,2,18,50,37.1166140136719,1
2017,6,2,18,50,38.9225119628906,1
2017,6,2,18,50,40.7282800292969,1
2017,6,2,18,50,42.5341748046875,1
2017,6,2,18,50,44.3398740234375,1
2017,6,2,18,50,46.1456120605469,1
2017,6,2,18,50,47.95129296875,1
2017,6,2,18,50,49.7588559570313,1
2017,6,2,18,50,51.5647111816406,1
2017,6,2,18,50,53.3704309082031,1
2017,6,2,18,50,55.1760939941406,1
2017,6,2,18,50,56.9819970703125,1
2017,6,2,18,50,58.7877768554687,1
2017,6,2,18,51,0.59366796875,0
2017,6,2,18,51,2.39932397460937,0
2017,6,2,18,51,4.205087890625,0
2017,6,2,18,51,6.01426098632813,0
2017,6,2,18,51,7.81993188476562,0
2017,6,2,18,51,9.625703125,0
2017,6,2,18,51,11.4316049804687,0
2017,6,2,18,51,13.2375100097656,0
2017,6,2,18,51,15.0434621582031,0
2017,6,2,18,51,16.849294921875,0
2017,6,2,18,51,18.6549990234375,0
2017,6,2,18,51,20.4609228515625,1
2017,6,2,18,51,22.2668649902344,1
2017,6,2,18,51,24.0725720214844,1
2017,6,2,18,51,25.8783720703125,1
2017,6,2,18,51,27.6842548828125,1
2017,6,2,18,51,29.4899841308594,1
2017,6,2,18,51,31.2958120117187,1
2017,6,2,18,51,33.1015119628906,1
2017,6,2,18,51,34.90929296875,1
2017,6,2,18,51,36.7150668945312,1
2017,6,2,18,51,38.5208498535156,1
2017,6,2,18,51,40.3267351074219,1
2017,6,2,18,51,42.1325510253906,1
2017,6,2,18,51,43.9385439453125,1
2017,6,2,18,51,45.744421875,1
2017,6,2,18,51,47.5501879882813,1
2017,6,2,18,51,49.355923828125,1
2017,6,2,18,51,51.1615900878906,1
2017,6,2,18,51,52.967248046875,1
2017,6,2,18,51,54.7729658203125,1
2017,6,2,18,51,56.5788291015625,1
2017,6,2,18,51,58.3847160644531,1
2017,6,2,18,52,0.190656982421875,1
2017,6,2,18,52,1.99638500976563,1
2017,6,2,18,52,3.8022119140625,1
2017,6,2,18,52,5.60801513671875,1
2017,6,2,18,52,7.413701171875,1
2017,6,2,18,52,9.21944799804687,1
2017,6,2,18,52,11.0253388671875,1
2017,6,2,18,52,12.8310100097656,1
2017,6,2,18,52,14.6367358398437,1
2017,6,2,18,52,16.4425529785156,1
2017,6,2,18,52,18.2482221679687,1
2017,6,2,18,52,20.0539680175781,1
2017,6,2,18,52,21.8596799316406,1
2017,6,2,18,52,23.6654560546875,1
2017,6,2,18,52,25.4712819824219,1
2017,6,2,18,52,27.277044921875,1
2017,6,2,18,52,29.0828740234375,1
2017,6,2,18,52,30.8888110351563,1
2017,6,2,18,52,32.6945629882812,1
2017,6,2,18,52,34.5003090820313,1
2017,6,2,18,52,36.3060400390625,1
2017,6,2,18,52,38.1118520507813,1
2017,6,2,18,52,39.917669921875,1
2017,6,2,18,52,41.7235861816406,1
2017,6,2,18,52,43.5296430664063,1
2017,6,2,18,52,45.3353869628906,1
2017,6,2,18,52,47.1410539550781,1
2017,6,2,18,52,48.9469558105469,1
2017,6,2,18,52,50.75279296875,1
2017,6,2,18,52,52.5585141601562,1
2017,6,2,18,52,54.3642980957031,1
2017,6,2,18,52,56.1703410644531,1
2017,6,2,18,52,57.9760219726562,1
2017,6,2,18,52,59.7817731933594,1
2017,6,2,18,53,1.58751977539062,1
2017,6,2,18,53,3.39336791992188,1
2017,6,2,18,53,5.19909399414063,1
2017,6,2,18,53,7.00488305664063,1
2017,6,2,18,53,8.810748046875,1
2017,6,2,18,53,10.6166550292969,1
2017,6,2,18,53,12.4225048828125,1
2017,6,2,18,53,14.228421875,1
2017,6,2,18,53,16.0342961425781,1
2017,6,2,18,53,17.8401379394531,1
2017,6,2,18,53,19.6459470214844,1
2017,6,2,18,53,21.4516857910156,1
2017,6,2,18,53,23.2573940429687,1
2017,6,2,18,53,25.0633061523437,1
2017,6,2,18,53,26.8689611816406,1
2017,6,2,18,53,28.6746311035156,1
2017,6,2,18,53,30.4805810546875,1
2017,6,2,18,53,32.2863559570312,1
2017,6,2,18,53,34.0921049804687,1
2017,6,2,18,53,35.8979299316406,1
2017,6,2,18,53,37.7038510742187,1
2017,6,2,18,53,39.5096850585938,1
2017,6,2,18,53,41.3153759765625,1
2017,6,2,18,53,43.1212429199219,1
2017,6,2,18,53,44.9267768554688,1
2017,6,2,18,53,46.7326950683594,1
2017,6,2,18,53,48.5383552246094,1
2017,6,2,18,53,50.3440939941406,1
2017,6,2,18,53,52.149833984375,1
2017,6,2,18,53,53.9556389160156,1
2017,6,2,18,53,55.7617258300781,1
2017,6,2,18,53,57.5675571289063,1
2017,6,2,18,53,59.3734580078125,1
2017,6,2,18,54,1.17920483398438,1
2017,6,2,18,54,2.98510693359375,1
2017,6,2,18,54,4.79089184570312,1
2017,6,2,18,54,6.5965849609375,1
2017,6,2,18,54,8.4025390625,1
2017,6,2,18,54,10.2082978515625,1
2017,6,2,18,54,12.014044921875,1
2017,6,2,18,54,13.8197341308594,1
2017,6,2,18,54,15.6255100097656,1
2017,6,2,18,54,17.4313940429688,1
2017,6,2,18,54,19.2372897949219,1
2017,6,2,18,54,21.0436169433594,1
2017,6,2,18,54,22.8492861328125,1
2017,6,2,18,54,24.6551979980469,1
2017,6,2,18,54,26.4611430664063,1
2017,6,2,18,54,28.2669489746094,1
2017,6,2,18,54,30.0728818359375,1
2017,6,2,18,54,31.8786508789062,1
2017,6,2,18,54,33.6844479980469,1
2017,6,2,18,54,35.4901398925781,1
2017,6,2,18,54,37.2958920898437,1
2017,6,2,18,54,39.103037109375,1
2017,6,2,18,54,40.9083740234375,1
2017,6,2,18,54,42.7140751953125,1
2017,6,2,18,54,44.5198029785156,1
2017,6,2,18,54,46.3256440429687,1
2017,6,2,18,54,48.1313989257812,1
2017,6,2,18,54,49.9371650390625,1
2017,6,2,18,54,51.74308203125,1
2017,6,2,18,54,53.5486909179687,1
2017,6,2,18,54,55.3544289550781,1
2017,6,2,18,54,57.1603588867187,1
2017,6,2,18,54,58.9662580566406,1
2017,6,2,18,55,0.77193603515625,1
2017,6,2,18,55,2.577755859375,1
2017,6,2,18,55,4.38355078125,1
2017,6,2,18,55,6.18927001953125,1
2017,6,2,18,55,7.99511499023438,1
2017,6,2,18,55,9.80103002929688,1
2017,6,2,18,55,11.6069350585938,1
2017,6,2,18,55,13.4127878417969,1
2017,6,2,18,55,15.2186647949219,1
2017,6,2,18,55,17.02458203125,1
2017,6,2,18,55,18.8304108886719,1
2017,6,2,18,55,20.6362751464844,1
2017,6,2,18,55,22.4420300292969,1
2017,6,2,18,55,24.2478381347656,1
2017,6,2,18,55,26.0536459960937,1
2017,6,2,18,55,27.8595668945312,1
2017,6,2,18,55,29.6654680175781,1
2017,6,2,18,55,31.4713869628906,1
2017,6,2,18,55,33.2771960449219,1
2017,6,2,18,55,35.0830180664062,1
2017,6,2,18,55,36.8887041015625,1
2017,6,2,18,55,38.69470703125,1
2017,6,2,18,55,40.5004721679688,1
2017,6,2,18,55,42.3061760253906,1
2017,6,2,18,55,44.112287109375,1
2017,6,2,18,55,45.9180109863281,1
2017,6,2,18,55,47.7236950683594,1
2017,6,2,18,55,49.5293879394531,1
2017,6,2,18,55,51.335669921875,1
2017,6,2,18,55,53.1414841308594,1
2017,6,2,18,55,54.9473669433594,1
2017,6,2,18,55,56.7531481933594,1
2017,6,2,18,55,58.5588391113281,1
2017,6,2,18,56,0.36487109375,1
2017,6,2,18,56,2.17061083984375,1
2017,6,2,18,56,3.97643505859375,1
2017,6,2,18,56,5.78218701171875,1
2017,6,2,18,56,7.58784594726562,1
2017,6,2,18,56,9.393619140625,1
2017,6,2,18,56,11.1993388671875,1
2017,6,2,18,56,13.0055920410156,1
2017,6,2,18,56,14.8113430175781,1
2017,6,2,18,56,16.6170639648438,1
2017,6,2,18,56,18.4229680175781,1
2017,6,2,18,56,20.2287241210938,1
2017,6,2,18,56,22.0345639648437,1
2017,6,2,18,56,23.8404770507812,1
2017,6,2,18,56,25.6464018554687,1
2017,6,2,18,56,27.4521330566406,1
2017,6,2,18,56,29.2580649414062,1
2017,6,2,18,56,31.0637490234375,1
2017,6,2,18,56,32.8696647949219,1
2017,6,2,18,56,34.6753869628906,1
2017,6,2,18,56,36.4812971191406,1
2017,6,2,18,56,38.2870979003906,1
2017,6,2,18,56,40.0929560546875,1
2017,6,2,18,56,41.8988708496094,1
2017,6,2,18,56,43.7047241210937,1
2017,6,2,18,56,45.5105539550781,1
2017,6,2,18,56,47.3163991699219,1
2017,6,2,18,56,49.1222700195312,1
2017,6,2,18,56,50.9279611816406,1
2017,6,2,18,56,52.7338391113281,1
2017,6,2,18,56,54.5396870117187,1
2017,6,2,18,56,56.345451171875,1
2017,6,2,18,56,58.1512238769531,1
2017,6,2,18,56,59.957123046875,1
2017,6,2,18,57,1.7630068359375,1
2017,6,2,18,57,3.56877197265625,1
2017,6,2,18,57,5.37443579101562,1
2017,6,2,18,57,7.18038989257813,1
2017,6,2,18,57,8.986251953125,1
2017,6,2,18,57,10.791916015625,1
2017,6,2,18,57,12.5978400878906,1
2017,6,2,18,57,14.4037409667969,1
2017,6,2,18,57,16.2094099121094,1
2017,6,2,18,57,18.0151149902344,1
2017,6,2,18,57,19.8208352050781,1
2017,6,2,18,57,21.626544921875,1
2017,6,2,18,57,23.4322939453125,1
2017,6,2,18,57,25.2380500488281,1
2017,6,2,18,57,27.043908203125,1
2017,6,2,18,57,28.8496650390625,1
2017,6,2,18,57,30.6555930175781,1
2017,6,2,18,57,32.4613449707031,1
2017,6,2,18,57,34.2670490722656,1
2017,6,2,18,57,36.072923828125,1
2017,6,2,18,57,37.8787119140625,1
2017,6,2,18,57,39.6843950195313,1
2017,6,2,18,57,41.4901518554688,1
2017,6,2,18,57,43.2959038085937,1
2017,6,2,18,57,45.1017302246094,1
2017,6,2,18,57,46.9077219238281,1
2017,6,2,18,57,48.7135219726563,1
2017,6,2,18,57,50.5193090820312,1
2017,6,2,18,57,52.3252412109375,1
2017,6,2,18,57,54.1309768066406,1
2017,6,2,18,57,55.9369011230469,1
2017,6,2,18,57,57.742748046875,1
2017,6,2,18,57,59.5485329589844,1
2017,6,2,18,58,1.354412109375,1
2017,6,2,18,58,3.1602421875,1
2017,6,2,18,58,4.96602514648437,1
2017,6,2,18,58,6.7717080078125,1
2017,6,2,18,58,8.57740698242188,1
2017,6,2,18,58,10.3832490234375,1
2017,6,2,18,58,12.1889750976563,1
2017,6,2,18,58,13.9948889160156,1
2017,6,2,18,58,15.8005668945313,1
2017,6,2,18,58,17.6062678222656,1
2017,6,2,18,58,19.411923828125,1
2017,6,2,18,58,21.2176960449219,1
2017,6,2,18,58,23.0235988769531,1
2017,6,2,18,58,24.829505859375,1
2017,6,2,18,58,26.6354128417969,1
2017,6,2,18,58,28.4413239746094,1
2017,6,2,18,58,30.2470319824219,1
2017,6,2,18,58,32.0528601074219,1
2017,6,2,18,58,33.8589001464844,1
2017,6,2,18,58,35.6646220703125,1
2017,6,2,18,58,37.4703081054688,1
2017,6,2,18,58,39.2760771484375,1
2017,6,2,18,58,41.0819541015625,1
2017,6,2,18,58,42.8877680664063,1
2017,6,2,18,58,44.6935251464844,1
2017,6,2,18,58,46.4995229492188,1
2017,6,2,18,58,48.3052238769531,1
2017,6,2,18,58,50.111,1
2017,6,2,18,58,51.916748046875,1
2017,6,2,18,58,53.7224851074219,1
2017,6,2,18,58,55.5283520507813,1
2017,6,2,18,58,57.3341860351563,1
2017,6,2,18,58,59.1400009765625,1
2017,6,2,18,59,0.945733154296875,1
2017,6,2,18,59,2.75142504882812,1
2017,6,2,18,59,4.55719995117188,1
2017,6,2,18,59,6.36291918945312,1
2017,6,2,18,59,8.16860888671875,1
2017,6,2,18,59,9.97446899414063,1
2017,6,2,18,59,11.7802800292969,1
2017,6,2,18,59,13.5860900878906,1
2017,6,2,18,59,15.39195703125,1
2017,6,2,18,59,17.1979111328125,1
2017,6,2,18,59,19.0038259277344,1
2017,6,2,18,59,20.8096650390625,1
2017,6,2,18,59,22.6155952148438,1
2017,6,2,18,59,24.4214321289063,1
2017,6,2,18,59,26.2271899414063,1
2017,6,2,18,59,28.0330961914063,1
2017,6,2,18,59,29.839001953125,1
2017,6,2,18,59,31.6448469238281,1
2017,6,2,18,59,33.45075390625,1
2017,6,2,18,59,35.2565668945312,1
2017,6,2,18,59,37.0624189453125,1
2017,6,2,18,59,38.8682470703125,1
2017,6,2,18,59,40.6740029296875,1
2017,6,2,18,59,42.4798220214844,1
2017,6,2,18,59,44.2945749511719,1
2017,6,2,18,59,46.1004299316406,1
2017,6,2,18,59,47.9061931152344,1
2017,6,2,18,59,49.7120270996094,1
2017,6,2,18,59,51.5178950195313,1
2017,6,2,18,59,53.3236999511719,1
2017,6,2,18,59,55.1295827636719,1
2017,6,2,18,59,56.9352951660156,1
2017,6,2,18,59,58.7413581542969,1
2017,6,2,19,0,0.54719091796875,1
2017,6,2,19,0,2.35314404296875,1
2017,6,2,19,0,4.15882983398437,1
2017,6,2,19,0,5.96465502929687,1
2017,6,2,19,0,7.770587890625,1
2017,6,2,19,0,9.57629711914062,1
2017,6,2,19,0,11.3823491210937,1
2017,6,2,19,0,13.1882470703125,1
2017,6,2,19,0,14.994123046875,1
2017,6,2,19,0,16.7998291015625,1
2017,6,2,19,0,18.60566796875,1
2017,6,2,19,0,20.4113840332031,1
2017,6,2,19,0,22.2170620117187,1
2017,6,2,19,0,24.0228649902344,1
2017,6,2,19,0,25.8285600585938,1
2017,6,2,19,0,27.6344719238281,1
2017,6,2,19,0,29.4404831542969,1
2017,6,2,19,0,31.2462102050781,1
2017,6,2,19,0,33.0519289550781,1
2017,6,2,19,0,34.8576291503906,1
2017,6,2,19,0,36.6633920898437,1
2017,6,2,19,0,38.4693129882813,1
2017,6,2,19,0,40.2752080078125,1
2017,6,2,19,0,42.0809460449219,1
2017,6,2,19,0,43.8868410644531,1
2017,6,2,19,0,45.6929499511719,1
2017,6,2,19,0,47.4987509765625,1
2017,6,2,19,0,49.3045581054688,1
2017,6,2,19,0,51.1104099121094,1
2017,6,2,19,0,52.9161340332031,1
2017,6,2,19,0,54.7219470214844,1
2017,6,2,19,0,56.5278930664062,1
2017,6,2,19,0,58.3339260253906,1
2017,6,2,19,1,0.13964794921875,1
2017,6,2,19,1,1.94536303710938,1
2017,6,2,19,1,3.7512568359375,1
2017,6,2,19,1,5.55714306640625,1
2017,6,2,19,1,7.36284301757813,1
2017,6,2,19,1,9.168623046875,1
2017,6,2,19,1,10.9745458984375,1
2017,6,2,19,1,12.7804050292969,1
2017,6,2,19,1,14.5861020507812,1
2017,6,2,19,1,16.3919448242188,1
2017,6,2,19,1,18.197751953125,1
2017,6,2,19,1,20.0037080078125,1
2017,6,2,19,1,21.8096279296875,1
2017,6,2,19,1,23.6154560546875,1
2017,6,2,19,1,25.4211799316406,1
2017,6,2,19,1,27.2270378417969,1
2017,6,2,19,1,29.0328911132812,1
2017,6,2,19,1,30.8385739746094,1
2017,6,2,19,1,32.6443049316406,1
2017,6,2,19,1,34.4500971679687,1
2017,6,2,19,1,36.255919921875,1
2017,6,2,19,1,38.0617360839844,1
2017,6,2,19,1,39.8676450195313,1
2017,6,2,19,1,41.6733259277344,1
2017,6,2,19,1,43.4791491699219,1
2017,6,2,19,1,45.2848388671875,1
2017,6,2,19,1,47.0906711425781,1
2017,6,2,19,1,48.8964040527344,1
2017,6,2,19,1,50.7020969238281,1
2017,6,2,19,1,52.5078361816406,1
2017,6,2,19,1,54.3137509765625,1
2017,6,2,19,1,56.1194670410156,1
2017,6,2,19,1,57.9251730957031,1
2017,6,2,19,1,59.7311149902344,1
2017,6,2,19,2,1.53685913085938,1
2017,6,2,19,2,3.3425390625,1
2017,6,2,19,2,5.14833081054687,1
2017,6,2,19,2,6.95427490234375,1
2017,6,2,19,2,8.7600048828125,1
2017,6,2,19,2,10.5657561035156,1
2017,6,2,19,2,12.3715769042969,1
2017,6,2,19,2,14.1773811035156,0
2017,6,2,19,2,15.9835998535156,0
2017,6,2,19,2,17.7893459472656,0
2017,6,2,19,2,19.5952619628906,0
2017,6,2,19,2,21.4010368652344,0
2017,6,2,19,2,23.2069270019531,0
2017,6,2,19,2,25.0125888671875,0
2017,6,2,19,2,26.8184331054687,0
2017,6,2,19,2,28.6243479003906,0
2017,6,2,19,2,30.4302329101562,0
2017,6,2,19,2,32.2360251464844,0
2017,6,2,19,2,34.0419560546875,0
2017,6,2,19,3,42.5311538085937,0
2017,6,2,19,3,44.3369008789062,0
2017,6,2,19,3,46.3099211425781,0
2017,6,2,19,3,48.1836469726562,0
2017,6,2,19,3,50.0061198730469,0
2017,6,2,19,3,51.8119689941406,0
2017,6,2,19,3,53.7542878417969,0
2017,6,2,19,3,55.5600170898437,0
2017,6,2,19,3,57.4139580078125,0
2017,6,2,19,3,59.3850739746094,0
2017,6,2,19,4,1.21917016601562,0
2017,6,2,19,4,3.0485400390625,0
2017,6,2,19,4,5.06422583007812,0
2017,6,2,19,4,7.0386240234375,0
2017,6,2,19,4,8.8445009765625,0
2017,6,2,19,4,10.7386220703125,0
2017,6,2,19,4,12.7965249023437,0
2017,6,2,19,4,14.7614340820313,0
2017,6,2,19,4,16.6795310058594,0
2017,6,2,19,4,18.7451831054688,1
2017,6,2,19,4,20.5509760742187,1
2017,6,2,19,4,22.35670703125,1
2017,6,2,19,4,24.3653220214844,1
2017,6,2,19,4,26.2684709472656,1
2017,6,2,19,4,28.0912199707031,1
2017,6,2,19,4,30.2687329101562,1
2017,6,2,19,4,32.074373046875,1
2017,6,2,19,4,33.8800959472656,1
2017,6,2,19,4,35.7573649902344,1
2017,6,2,19,4,37.7310180664062,1
2017,6,2,19,4,39.6596140136719,1
2017,6,2,19,4,41.4655581054688,1
2017,6,2,19,4,43.3763488769531,1
2017,6,2,19,4,45.2975471191406,1
2017,6,2,19,4,47.15937890625,1
2017,6,2,19,4,49.2470578613281,1
2017,6,2,19,4,51.0712238769531,1
2017,6,2,19,4,52.9600288085937,1
2017,6,2,19,4,54.8579841308594,1
2017,6,2,19,4,56.72141015625,1
2017,6,2,19,4,58.6297468261719,1
2017,6,2,19,5,0.512873046875,1
2017,6,2,19,5,2.31854516601563,1
2017,6,2,19,5,4.3021318359375,1
2017,6,2,19,5,6.182046875,1
2017,6,2,19,5,8.08053588867188,1
2017,6,2,19,5,9.96272998046875,1
2017,6,2,19,5,11.8033110351563,1
2017,6,2,19,5,13.7305969238281,1
2017,6,2,19,5,15.8673510742187,1
2017,6,2,19,5,17.7122248535156,1
2017,6,2,19,5,19.6219138183594,1
2017,6,2,19,5,21.4583950195312,1
2017,6,2,19,5,23.4788449707031,1
2017,6,2,19,5,25.3352338867188,1
2017,6,2,19,5,27.3303210449219,1
2017,6,2,19,5,29.2495930175781,1
2017,6,2,19,5,31.0555361328125,0
2017,6,2,19,5,32.9748330078125,0
2017,6,2,19,5,34.9116889648437,0
2017,6,2,19,5,36.7514660644531,0
2017,6,2,19,5,38.6677319335937,0
2017,6,2,19,5,40.7004558105469,0
2017,6,2,19,5,42.6228869628906,0
2017,6,2,19,5,44.5577458496094,0
2017,6,2,19,5,46.4817241210937,0
2017,6,2,19,5,48.3987888183594,0
2017,6,2,19,5,50.2810229492188,0
2017,6,2,19,5,52.1087170410156,0
2017,6,2,19,5,54.1345998535156,0
2017,6,2,19,5,55.9403630371094,0
2017,6,2,19,5,57.7694140625,0
2017,6,2,19,5,59.8092958984375,0
2017,6,2,19,6,1.62005493164062,0
2017,6,2,19,6,3.47252978515625,0
2017,6,2,19,6,5.57923095703125,0
2017,6,2,19,6,7.50556201171875,0
2017,6,2,19,6,9.36240185546875,0
2017,6,2,19,6,11.3664670410156,0
2017,6,2,19,6,13.2129970703125,0
2017,6,2,19,6,15.2906179199219,0
2017,6,2,19,6,17.1036931152344,0
2017,6,2,19,6,19.1057729492187,0
2017,6,2,19,6,21.1035009765625,0
2017,6,2,19,6,23.1177590332031,0
2017,6,2,19,6,25.23953515625,0
2017,6,2,19,6,27.1040390625,0
2017,6,2,19,6,28.9493959960937,0
2017,6,2,19,6,30.8383930664063,0
2017,6,2,19,6,32.8434470214844,0
2017,6,2,19,6,34.7584460449219,0
2017,6,2,19,6,36.6330390625,0
2017,6,2,19,6,38.5533830566406,0
2017,6,2,19,6,40.5707258300781,0
2017,6,2,19,6,42.4533979492187,0
2017,6,2,19,6,44.5728249511719,0
2017,6,2,19,6,46.4539621582031,0
2017,6,2,19,6,48.3449580078125,0
2017,6,2,19,6,50.159703125,0
2017,6,2,19,6,52.0749379882812,0
2017,6,2,19,6,54.3118740234375,0
2017,6,2,19,6,56.1239689941406,0
2017,6,2,19,6,58.2409370117187,0
2017,6,2,19,7,0.271560791015625,0
2017,6,2,19,7,2.12410302734375,0
2017,6,2,19,7,4.018419921875,0
2017,6,2,19,7,5.85071606445312,0
2017,6,2,19,7,7.67119897460937,0
2017,6,2,19,7,9.48897290039062,0
2017,6,2,19,7,11.3265270996094,0
2017,6,2,19,7,13.2357021484375,0
2017,6,2,19,7,15.1386059570313,0
2017,6,2,19,7,17.1346372070313,0
2017,6,2,19,7,18.94041796875,0
2017,6,2,19,7,20.8248190917969,0
2017,6,2,19,7,22.6306391601562,0
2017,6,2,19,7,24.5654260253906,1
2017,6,2,19,7,26.3711818847656,1
2017,6,2,19,7,28.2088820800781,1
2017,6,2,19,7,30.2634670410156,1
2017,6,2,19,7,32.1353891601563,1
2017,6,2,19,7,34.0282309570312,1
2017,6,2,19,7,35.8700100097656,1
2017,6,2,19,7,37.8084011230469,1
2017,6,2,19,7,39.7997290039063,1
2017,6,2,19,7,41.6128681640625,1
2017,6,2,19,7,43.5677280273437,1
2017,6,2,19,7,45.37349609375,1
2017,6,2,19,7,47.1792231445312,1
2017,6,2,19,7,49.175537109375,1
2017,6,2,19,7,51.0855478515625,1
2017,6,2,19,7,52.8933178710937,1
2017,6,2,19,7,54.8359790039063,1
2017,6,2,19,7,56.85600390625,1
2017,6,2,19,7,58.8521770019531,1
2017,6,2,19,8,0.80372509765625,1
2017,6,2,19,8,2.65027001953125,1
2017,6,2,19,8,4.75682592773437,1
2017,6,2,19,8,6.56818505859375,1
2017,6,2,19,8,8.38197583007812,1
2017,6,2,19,8,10.1878891601562,1
2017,6,2,19,8,12.0204438476562,1
2017,6,2,19,8,13.9919938964844,1
2017,6,2,19,8,15.7977541503906,1
2017,6,2,19,8,17.6036240234375,1
2017,6,2,19,8,19.5494558105469,1
2017,6,2,19,8,21.3889719238281,1
2017,6,2,19,8,23.2507290039063,1
2017,6,2,19,8,25.1566811523438,1
2017,6,2,19,8,27.1544509277344,1
2017,6,2,19,8,29.2192211914062,1
2017,6,2,19,8,31.0250771484375,1
2017,6,2,19,8,32.8309040527344,1
2017,6,2,19,8,34.6366411132813,1
2017,6,2,19,8,36.442298828125,1
2017,6,2,19,8,38.2480979003906,1
2017,6,2,19,8,40.0540070800781,1
2017,6,2,19,8,41.8599638671875,1
2017,6,2,19,8,43.6656311035156,1
2017,6,2,19,8,45.4715129394531,1
2017,6,2,19,8,47.2772629394531,1
2017,6,2,19,8,49.0830180664062,1
2017,6,2,19,8,50.8888518066406,1
2017,6,2,19,8,52.6945649414062,1
2017,6,2,19,8,54.5004638671875,1
2017,6,2,19,8,56.3062810058594,1
2017,6,2,19,8,58.1120109863281,1
2017,6,2,19,8,59.9182329101562,1
2017,6,2,19,9,1.72394897460938,1
2017,6,2,19,9,3.52990112304688,1
2017,6,2,19,9,5.335587890625,1
2017,6,2,19,9,7.14149682617187,1
2017,6,2,19,9,8.94726489257813,1
2017,6,2,19,9,10.7531071777344,1
2017,6,2,19,9,12.5590520019531,1
2017,6,2,19,9,14.3650009765625,1
2017,6,2,19,9,16.1709548339844,1
2017,6,2,19,9,17.9768391113281,1
2017,6,2,19,9,19.7826950683594,1
2017,6,2,19,9,21.5884958496094,1
2017,6,2,19,9,23.3943459472656,1
2017,6,2,19,9,25.2093229980469,1
2017,6,2,19,9,27.0152438964844,1
2017,6,2,19,9,28.8209970703125,1
2017,6,2,19,9,30.6267648925781,1
2017,6,2,19,9,32.4327189941406,1
2017,6,2,19,9,34.2383830566406,1
2017,6,2,19,9,36.0441538085937,1
2017,6,2,19,9,37.8500270996094,1
2017,6,2,19,9,39.655826171875,1
2017,6,2,19,9,41.4617751464844,1
2017,6,2,19,9,43.267662109375,1
2017,6,2,19,9,45.0734650878906,0
2017,6,2,19,9,46.8792878417969,0
2017,6,2,19,9,48.6850610351563,0
2017,6,2,19,9,50.4908181152344,0
2017,6,2,19,9,52.2966169433594,0
2017,6,2,19,9,54.1024138183594,0
2017,6,2,19,9,55.9083129882813,0
2017,6,2,19,9,57.7138969726563,0
2017,6,2,19,9,59.519841796875,0
2017,6,2,19,10,1.32551098632812,0
2017,6,2,19,10,3.13126196289062,0
2017,6,2,19,10,4.93700903320313,0
2017,6,2,19,10,6.74269018554688,0
2017,6,2,19,10,8.54875122070312,0
2017,6,2,19,10,10.3544250488281,0
2017,6,2,19,10,12.16016015625,0
2017,6,2,19,10,13.9659279785156,0
2017,6,2,19,10,15.7717338867187,1
2017,6,2,19,10,17.5775869140625,1
2017,6,2,19,10,19.3833151855469,1
2017,6,2,19,10,21.1891291503906,1
2017,6,2,19,10,22.9950239257813,1
2017,6,2,19,10,24.8009609375,1
2017,6,2,19,10,26.6066220703125,1
2017,6,2,19,10,28.4124880371094,1
2017,6,2,19,10,30.2183229980469,1
2017,6,2,19,10,32.0241188964844,1
2017,6,2,19,10,33.8301870117187,1
2017,6,2,19,10,35.6360769042969,1
2017,6,2,19,10,37.4420170898438,1
2017,6,2,19,10,39.2479528808594,1
2017,6,2,19,10,41.0537741699219,1
2017,6,2,19,10,42.8598488769531,0
2017,6,2,19,10,44.6655778808594,1
2017,6,2,19,10,46.4713061523438,1
2017,6,2,19,10,48.2772009277344,1
2017,6,2,19,10,50.0829790039063,1
2017,6,2,19,10,51.8886889648438,1
2017,6,2,19,10,53.6943991699219,1
2017,6,2,19,10,55.5005380859375,1
2017,6,2,19,10,57.3064660644531,1
2017,6,2,19,10,59.1122819824219,1
2017,6,2,19,11,0.91797705078125,1
2017,6,2,19,11,2.72377490234375,1
2017,6,2,19,11,4.52945483398438,1
2017,6,2,19,11,6.33530395507812,1
2017,6,2,19,11,8.14116918945312,1
2017,6,2,19,11,9.9470771484375,1
2017,6,2,19,11,11.7527810058594,1
2017,6,2,19,11,13.5586989746094,1
2017,6,2,19,11,15.3644909667969,1
2017,6,2,19,11,17.1702238769531,1
2017,6,2,19,11,18.9761081542969,1
2017,6,2,19,11,20.7819450683594,1
2017,6,2,19,11,22.58782421875,1
2017,6,2,19,11,24.3935161132813,1
2017,6,2,19,11,26.1993110351562,1
2017,6,2,19,11,28.005125,1
2017,6,2,19,11,29.8111870117188,1
2017,6,2,19,11,31.6168649902344,1
2017,6,2,19,11,33.4227609863281,1
2017,6,2,19,11,35.2289099121094,1
2017,6,2,19,11,37.0347158203125,1
2017,6,2,19,11,38.8404018554687,1
2017,6,2,19,11,40.6461079101563,1
2017,6,2,19,11,42.45183984375,1
2017,6,2,19,11,44.2576398925781,1
2017,6,2,19,11,46.0636201171875,1
2017,6,2,19,11,47.8693540039063,1
2017,6,2,19,11,49.6828310546875,1
2017,6,2,19,11,51.4885329589844,1
2017,6,2,19,11,53.2943430175781,1
2017,6,2,19,11,55.1000649414063,1
2017,6,2,19,11,56.9058508300781,1
2017,6,2,19,11,58.711916015625,1
2017,6,2,19,12,0.51786083984375,1
2017,6,2,19,12,2.32368994140625,0
2017,6,2,19,12,4.12935986328125,0
2017,6,2,19,12,5.93517578125,0
2017,6,2,19,12,7.74098291015625,0
2017,6,2,19,12,9.54672192382812,0
2017,6,2,19,12,11.3526398925781,0
2017,6,2,19,12,13.1583869628906,0
2017,6,2,19,12,14.9641069335938,0
2017,6,2,19,12,16.7697919921875,0
2017,6,2,19,12,18.57545703125,0
2017,6,2,19,12,20.3811799316406,0
2017,6,2,19,12,22.1868510742188,0
2017,6,2,19,12,23.99325,0
2017,6,2,19,12,25.7989909667969,0
2017,6,2,19,12,27.604671875,0
2017,6,2,19,12,29.410337890625,0
2017,6,2,19,12,31.216283203125,0
2017,6,2,19,12,33.0222199707031,0
2017,6,2,19,12,34.8280759277344,0
2017,6,2,19,12,36.6339309082031,0
2017,6,2,19,12,38.4398342285156,0
2017,6,2,19,12,40.2457849121094,0
2017,6,2,19,12,42.0516469726563,0
2017,6,2,19,12,43.8574379882812,0
2017,6,2,19,12,45.663498046875,0
2017,6,2,19,12,47.4691838378906,0
2017,6,2,19,12,49.2751030273437,0
2017,6,2,19,12,51.0808588867188,0
2017,6,2,19,12,52.8867868652344,0
2017,6,2,19,12,54.6925749511719,0
2017,6,2,19,12,56.4983498535156,0
2017,6,2,19,12,58.3042778320312,0
2017,6,2,19,13,0.1099609375,0
2017,6,2,19,13,1.9159130859375,0
2017,6,2,19,13,3.72185107421875,0
2017,6,2,19,13,5.52763305664063,0
2017,6,2,19,13,7.33370092773437,0
2017,6,2,19,13,9.13955688476562,0
2017,6,2,19,13,10.9453959960937,0
2017,6,2,19,13,12.7512878417969,0
2017,6,2,19,13,14.5650070800781,0
2017,6,2,19,13,16.3706911621094,0
2017,6,2,19,13,18.1765949707031,0
2017,6,2,19,13,19.9825520019531,0
2017,6,2,19,13,21.7884331054688,0
2017,6,2,19,13,23.5942509765625,0
2017,6,2,19,13,25.4001018066406,0
2017,6,2,19,13,27.2057648925781,0
2017,6,2,19,13,29.0120510253906,0
2017,6,2,19,13,30.81775,0
2017,6,2,19,13,32.6235539550781,0
2017,6,2,19,13,34.4292619628906,0
2017,6,2,19,13,36.2350649414063,0
2017,6,2,19,13,38.0409780273437,0
2017,6,2,19,13,39.8467451171875,0
2017,6,2,19,13,41.6524240722656,0
2017,6,2,19,13,43.4581840820313,0
2017,6,2,19,13,45.2638950195312,0
2017,6,2,19,13,47.0696909179687,0
2017,6,2,19,13,48.8755021972656,0
2017,6,2,19,13,50.6813120117188,0
2017,6,2,19,13,52.4871020507813,0
2017,6,2,19,13,54.2928879394531,0
2017,6,2,19,13,56.0986240234375,0
2017,6,2,19,13,57.9043859863281,0
2017,6,2,19,13,59.7102790527344,0
2017,6,2,19,14,1.51612719726562,0
2017,6,2,19,14,3.3219951171875,0
2017,6,2,19,14,5.12793310546875,0
2017,6,2,19,14,6.93382397460937,0
2017,6,2,19,14,8.73977905273438,0
2017,6,2,19,14,10.5457028808594,0
2017,6,2,19,14,12.3513801269531,0
2017,6,2,19,14,14.1571469726562,0
2017,6,2,19,14,15.9628220214844,0
2017,6,2,19,14,17.7687509765625,0
2017,6,2,19,14,19.5746391601562,0
2017,6,2,19,14,21.3803229980469,0
2017,6,2,19,14,23.1862668457031,0
2017,6,2,19,14,24.9922280273437,0
2017,6,2,19,14,26.7979770507812,0
2017,6,2,19,14,28.6039150390625,0
2017,6,2,19,14,30.4095891113281,0
2017,6,2,19,14,32.215255859375,0
2017,6,2,19,14,34.0211201171875,0
2017,6,2,19,14,35.8268918457031,0
2017,6,2,19,14,37.632744140625,0
2017,6,2,19,14,39.4386547851563,0
2017,6,2,19,14,41.2481301269531,0
2017,6,2,19,14,43.0538530273437,0
2017,6,2,19,14,44.8598110351562,0
2017,6,2,19,14,46.665626953125,0
2017,6,2,19,14,48.4714660644531,0
2017,6,2,19,14,50.2772761230469,0
2017,6,2,19,14,52.0831550292969,0
2017,6,2,19,14,53.8889479980469,0
2017,6,2,19,14,55.6948759765625,0
2017,6,2,19,14,57.5005729980469,0
2017,6,2,19,14,59.3063559570313,0
2017,6,2,19,15,1.1119111328125,0
2017,6,2,19,15,2.91775805664063,0
2017,6,2,19,15,4.7234609375,0
2017,6,2,19,15,6.52938598632812,0
2017,6,2,19,15,8.33505297851563,0
2017,6,2,19,15,10.1407490234375,0
2017,6,2,19,15,11.9467580566406,0
2017,6,2,19,15,13.7525380859375,0
2017,6,2,19,15,15.5584230957031,0
2017,6,2,19,15,17.3641081542969,0
2017,6,2,19,15,19.169873046875,0
2017,6,2,19,15,20.9756911621094,0
2017,6,2,19,15,22.7814470214844,0
2017,6,2,19,15,24.587296875,0
2017,6,2,19,15,26.3930610351563,0
2017,6,2,19,15,28.1988679199219,0
2017,6,2,19,15,30.004751953125,0
2017,6,2,19,15,31.8106840820313,0
2017,6,2,19,15,33.6164790039062,0
2017,6,2,19,15,35.4222260742187,0
2017,6,2,19,15,37.2280012207031,0
2017,6,2,19,15,39.0337390136719,0
2017,6,2,19,15,40.8395100097656,0
2017,6,2,19,15,42.6452780761719,0
2017,6,2,19,15,44.4509399414062,0
2017,6,2,19,15,46.2568979492187,0
2017,6,2,19,15,48.0626540527344,0
2017,6,2,19,15,49.8684370117187,0
2017,6,2,19,15,51.6742880859375,0
2017,6,2,19,15,53.4801860351563,0
2017,6,2,19,15,55.285912109375,0
2017,6,2,19,15,57.0915998535156,0
2017,6,2,19,15,58.8974309082031,0
2017,6,2,19,16,0.7033779296875,0
2017,6,2,19,16,2.5092958984375,0
2017,6,2,19,16,4.31511083984375,0
2017,6,2,19,16,6.12102783203125,0
2017,6,2,19,16,7.92678100585938,0
2017,6,2,19,16,9.73256909179688,0
2017,6,2,19,16,11.5385219726563,0
2017,6,2,19,16,13.3442399902344,0
2017,6,2,19,16,15.1501728515625,0
2017,6,2,19,16,16.9558662109375,0
2017,6,2,19,16,18.7617248535156,0
2017,6,2,19,16,20.5674650878906,0
2017,6,2,19,16,22.3731337890625,0
2017,6,2,19,16,24.178908203125,0
2017,6,2,19,16,25.98475,0
2017,6,2,19,16,27.7905639648437,0
2017,6,2,19,16,29.5962739257813,0
2017,6,2,19,16,31.4021340332031,0
2017,6,2,19,16,33.2080209960938,0
2017,6,2,19,16,35.0139389648438,0
2017,6,2,19,16,36.8198020019531,0
2017,6,2,19,16,38.6256398925781,0
2017,6,2,19,16,40.4315710449219,0
2017,6,2,19,16,42.2372551269531,0
2017,6,2,19,16,44.0431840820313,0
2017,6,2,19,16,45.8491608886719,0
2017,6,2,19,16,47.6549011230469,0
2017,6,2,19,16,49.4606130371094,0
2017,6,2,19,16,51.2665500488281,0
2017,6,2,19,16,53.0724709472656,0
2017,6,2,19,16,54.8782619628906,0
2017,6,2,19,16,56.6841799316406,0
2017,6,2,19,16,58.4899890136719,0
2017,6,2,19,17,0.295819091796875,0
2017,6,2,19,17,2.10160400390625,0
2017,6,2,19,17,3.90742895507812,0
2017,6,2,19,17,5.7288779296875,0
2017,6,2,19,17,7.53456713867187,0
2017,6,2,19,17,9.34071704101562,0
2017,6,2,19,17,11.1465969238281,0
2017,6,2,19,17,12.9522990722656,0
2017,6,2,19,17,14.7580258789062,0
2017,6,2,19,17,16.5638388671875,0
2017,6,2,19,17,18.3697358398437,0
2017,6,2,19,17,20.1754501953125,0
2017,6,2,19,17,21.9811430664063,0
2017,6,2,19,17,23.7869489746094,0
2017,6,2,19,17,25.592828125,0
2017,6,2,19,17,27.3985280761719,0
2017,6,2,19,17,29.2044150390625,0
2017,6,2,19,17,31.0105219726562,0
2017,6,2,19,17,32.8163120117188,0
2017,6,2,19,17,34.6222751464844,0
2017,6,2,19,17,36.4280620117188,0
2017,6,2,19,17,38.2337849121094,0
2017,6,2,19,17,40.0397019042969,0
2017,6,2,19,17,41.8456472167969,0
2017,6,2,19,17,43.6515258789062,0
2017,6,2,19,17,45.4572700195313,0
2017,6,2,19,17,47.2630520019531,0
2017,6,2,19,17,49.0689841308594,0
2017,6,2,19,17,50.8747719726562,0
2017,6,2,19,17,52.6804919433594,0
2017,6,2,19,17,54.4864211425781,0
2017,6,2,19,17,56.2921770019531,0
2017,6,2,19,17,58.0980471191406,0
2017,6,2,19,17,59.9037448730469,0
2017,6,2,19,18,1.70952294921875,0
2017,6,2,19,18,3.51544189453125,0
2017,6,2,19,18,5.321419921875,0
2017,6,2,19,18,7.12723706054688,0
2017,6,2,19,18,8.93307397460937,0
2017,6,2,19,18,10.7388688964844,0
2017,6,2,19,18,12.5447878417969,0
2017,6,2,19,18,14.3506801757812,0
2017,6,2,19,18,16.1563759765625,0
2017,6,2,19,18,17.9622258300781,0
2017,6,2,19,18,19.7680900878906,0
2017,6,2,19,18,21.574,0
2017,6,2,19,18,23.3797241210938,0
2017,6,2,19,18,25.1856110839844,0
2017,6,2,19,18,26.9914418945312,0
2017,6,2,19,18,28.7973078613281,0
2017,6,2,19,18,30.6031000976562,0
2017,6,2,19,18,32.4088698730469,0
2017,6,2,19,18,34.2145368652344,0
2017,6,2,19,18,36.0203090820312,0
2017,6,2,19,18,37.8260310058594,0
2017,6,2,19,18,39.6318649902344,0
2017,6,2,19,18,41.4376979980469,0
2017,6,2,19,18,43.2434558105469,0
2017,6,2,19,18,45.0494111328125,0
2017,6,2,19,18,46.8552800292969,0
2017,6,2,19,18,48.6610258789063,0
2017,6,2,19,18,50.4669748535156,0
2017,6,2,19,18,52.2728500976563,0
2017,6,2,19,18,54.0787980957031,0
2017,6,2,19,18,55.8844899902344,0
2017,6,2,19,18,57.6902839355469,0
2017,6,2,19,18,59.4961198730469,0
2017,6,2,19,19,1.30203881835937,0
2017,6,2,19,19,3.1078759765625,0
2017,6,2,19,19,4.9136318359375,0
2017,6,2,19,19,6.71958984375,0
2017,6,2,19,19,8.52541088867187,0
2017,6,2,19,19,10.3313129882812,0
2017,6,2,19,19,12.1372429199219,0
2017,6,2,19,19,13.9432001953125,0
2017,6,2,19,19,15.7488288574219,0
2017,6,2,19,19,17.5547290039062,0
2017,6,2,19,19,19.3611071777344,0
2017,6,2,19,19,21.16629296875,0
2017,6,2,19,19,22.9722399902344,0
2017,6,2,19,19,24.7779409179687,0
2017,6,2,19,19,26.5839030761719,0
2017,6,2,19,19,28.3896320800781,0
2017,6,2,19,19,30.1954340820313,0
2017,6,2,19,19,32.0012861328125,0
2017,6,2,19,19,33.807046875,0
2017,6,2,19,19,35.6129609375,0
2017,6,2,19,19,37.418876953125,0
2017,6,2,19,19,39.2247209472656,0
2017,6,2,19,19,41.0304401855469,0
2017,6,2,19,19,42.8361430664063,0
2017,6,2,19,19,44.6419428710937,0
2017,6,2,19,19,46.4478601074219,0
2017,6,2,19,19,48.2536330566406,0
2017,6,2,19,19,50.0595541992188,0
2017,6,2,19,19,51.8653149414062,0
2017,6,2,19,19,53.6711950683594,0
2017,6,2,19,19,55.4769111328125,0
2017,6,2,19,19,57.2828369140625,0
2017,6,2,19,19,59.0887238769531,0
2017,6,2,19,20,0.8950830078125,0
2017,6,2,19,20,2.70081713867188,0
2017,6,2,19,20,4.50659790039063,0
2017,6,2,19,20,6.3124130859375,0
2017,6,2,19,20,8.11821899414062,0
2017,6,2,19,20,9.92409204101562,0
2017,6,2,19,20,11.7298168945313,0
2017,6,2,19,20,13.535669921875,0
2017,6,2,19,20,15.3416071777344,0
2017,6,2,19,20,17.1472880859375,0
2017,6,2,19,20,18.9530129394531,0
2017,6,2,19,20,20.7589250488281,0
2017,6,2,19,20,22.5655971679688,0
2017,6,2,19,20,24.3705681152344,0
2017,6,2,19,20,26.1763720703125,0
2017,6,2,19,20,27.9820849609375,0
2017,6,2,19,20,29.7878588867188,0
2017,6,2,19,20,31.5938068847656,0
2017,6,2,19,20,33.399490234375,0
2017,6,2,19,20,35.2054169921875,0
2017,6,2,19,20,37.01112890625,0
2017,6,2,19,20,38.8170119628906,0
2017,6,2,19,20,40.62267578125,0
2017,6,2,19,20,42.4285080566406,0
2017,6,2,19,20,44.2366389160156,0
2017,6,2,19,20,46.0425688476562,0
2017,6,2,19,20,47.8485158691406,0
2017,6,2,19,20,49.6544658203125,0
2017,6,2,19,20,51.4602919921875,0
2017,6,2,19,20,53.2662009277344,0
2017,6,2,19,20,55.0719621582031,0
2017,6,2,19,20,56.87787890625,0
2017,6,2,19,20,58.6836130371094,0
2017,6,2,19,21,0.48931201171875,0
2017,6,2,19,21,2.295248046875,0
2017,6,2,19,21,4.10104296875,0
2017,6,2,19,21,5.90697094726563,0
2017,6,2,19,21,7.71272387695312,0
2017,6,2,19,21,9.518625,0
2017,6,2,19,21,11.3245498046875,0
2017,6,2,19,21,13.1302900390625,0
2017,6,2,19,21,14.9360720214844,0
2017,6,2,19,21,16.7418239746094,0
2017,6,2,19,21,18.5477041015625,0
2017,6,2,19,21,20.3534299316406,0
2017,6,2,19,21,22.1593100585937,0
2017,6,2,19,21,23.9650539550781,0
2017,6,2,19,21,25.7710158691406,0
2017,6,2,19,21,27.576998046875,0
2017,6,2,19,21,29.3828000488281,0
2017,6,2,19,21,31.1884660644531,0
2017,6,2,19,21,32.9942219238281,0
2017,6,2,19,21,34.7998918457031,0
2017,6,2,19,21,36.60575,0
2017,6,2,19,21,38.4116530761719,0
2017,6,2,19,21,40.2178171386719,0
2017,6,2,19,21,42.0236889648437,0
2017,6,2,19,21,43.8293759765625,0
2017,6,2,19,21,45.6350510253906,0
2017,6,2,19,21,47.4408469238281,0
2017,6,2,19,21,49.2465710449219,0
2017,6,2,19,21,51.0522612304688,0
2017,6,2,19,21,52.8580949707031,0
2017,6,2,19,21,54.6640361328125,0
2017,6,2,19,21,56.4697858886719,0
2017,6,2,19,21,58.27549609375,0
2017,6,2,19,22,0.08135595703125,0
2017,6,2,19,22,1.8871240234375,0
2017,6,2,19,22,3.69282397460938,0
2017,6,2,19,22,5.49868212890625,0
2017,6,2,19,22,7.304455078125,0
2017,6,2,19,22,9.11018115234375,0
2017,6,2,19,22,10.9158471679687,0
2017,6,2,19,22,12.7216499023437,0
2017,6,2,19,22,14.5275690917969,0
2017,6,2,19,22,16.3332861328125,0
2017,6,2,19,22,18.1392399902344,0
2017,6,2,19,22,19.9449169921875,0
2017,6,2,19,22,21.7506708984375,0
2017,6,2,19,22,23.5566220703125,0
2017,6,2,19,22,25.3624760742188,0
2017,6,2,19,22,27.1683198242187,0
2017,6,2,19,22,28.974123046875,0
2017,6,2,19,22,30.779998046875,0
2017,6,2,19,22,32.585787109375,0
2017,6,2,19,22,34.3914699707031,0
2017,6,2,19,22,36.1973491210938,0
2017,6,2,19,22,38.0030888671875,0
2017,6,2,19,22,39.809001953125,0
2017,6,2,19,22,41.61479296875,0
2017,6,2,19,22,43.4206140136719,0
2017,6,2,19,22,45.226337890625,0
2017,6,2,19,22,47.0321118164062,0
2017,6,2,19,22,48.8378798828125,0
2017,6,2,19,22,50.6436901855469,0
2017,6,2,19,22,52.4494909667969,0
2017,6,2,19,22,54.2552800292969,0
2017,6,2,19,22,56.060998046875,0
2017,6,2,19,22,57.8667419433594,0
2017,6,2,19,22,59.6725617675781,0
2017,6,2,19,23,1.47834887695313,0
2017,6,2,19,23,3.28404296875,0
2017,6,2,19,23,5.08995703125,0
2017,6,2,19,23,6.89590087890625,0
2017,6,2,19,23,8.71064086914063,0
2017,6,2,19,23,10.5163601074219,0
2017,6,2,19,23,12.3221669921875,0
2017,6,2,19,23,14.1279919433594,0
2017,6,2,19,23,15.9338759765625,0
2017,6,2,19,23,17.7397829589844,0
2017,6,2,19,23,19.5456430664062,0
2017,6,2,19,23,21.3513869628906,0
2017,6,2,19,23,23.1571240234375,0
2017,6,2,19,23,24.9629020996094,0
2017,6,2,19,23,26.7688579101562,0
2017,6,2,19,23,28.574748046875,0
2017,6,2,19,23,30.380708984375,0
2017,6,2,19,23,32.1864841308594,0
2017,6,2,19,23,33.992294921875,0
2017,6,2,19,23,35.7979799804688,0
2017,6,2,19,23,37.6037221679687,0
2017,6,2,19,23,39.409544921875,0
2017,6,2,19,23,41.2152709960938,0
2017,6,2,19,23,43.0211059570313,0
2017,6,2,19,23,44.82679296875,0
2017,6,2,19,23,46.6325859375,0
2017,6,2,19,23,48.4383029785156,0
2017,6,2,19,23,50.2442150878906,0
2017,6,2,19,23,52.0498779296875,0
2017,6,2,19,23,53.8557250976562,0
2017,6,2,19,23,55.6630161132813,0
2017,6,2,19,23,57.468837890625,0
2017,6,2,19,23,59.2746420898438,0
2017,6,2,19,24,1.08047509765625,0
2017,6,2,19,24,2.88628295898438,0
2017,6,2,19,24,4.692041015625,0
2017,6,2,19,24,6.497873046875,0
2017,6,2,19,24,8.30357299804687,0
2017,6,2,19,24,10.1093181152344,0
2017,6,2,19,24,11.9151879882813,0
2017,6,2,19,24,13.7210390625,0
2017,6,2,19,24,15.5268581542969,0
2017,6,2,19,24,17.3325200195312,0
2017,6,2,19,24,19.1382160644531,0
2017,6,2,19,24,20.9441120605469,0
2017,6,2,19,24,22.7499079589844,0
2017,6,2,19,24,24.5557329101563,0
2017,6,2,19,24,26.3617749023438,0
2017,6,2,19,24,28.1674799804688,0
2017,6,2,19,24,29.9732758789063,0
2017,6,2,19,24,31.7789780273438,0
2017,6,2,19,24,33.592873046875,0
2017,6,2,19,24,35.398580078125,0
2017,6,2,19,24,37.2045021972656,0
2017,6,2,19,24,39.0103801269531,0
2017,6,2,19,24,40.8161311035156,0
2017,6,2,19,24,42.6219211425781,0
2017,6,2,19,24,44.4277849121094,0
2017,6,2,19,24,46.2335988769531,0
2017,6,2,19,24,48.0395441894531,0
2017,6,2,19,24,49.8453049316406,0
2017,6,2,19,24,51.6512138671875,0
2017,6,2,19,24,53.4571599121094,0
2017,6,2,19,24,55.2628669433594,0
2017,6,2,19,24,57.0686608886719,0
2017,6,2,19,24,58.8746108398437,0
2017,6,2,19,25,0.680376953125,0
2017,6,2,19,25,2.48618896484375,0
2017,6,2,19,25,4.2920498046875,0
2017,6,2,19,25,6.098001953125,0
2017,6,2,19,25,7.90373291015625,0
2017,6,2,19,25,9.70959814453125,0
2017,6,2,19,25,11.5154140625,0
2017,6,2,19,25,13.3210830078125,0
2017,6,2,19,25,15.1269072265625,0
2017,6,2,19,25,16.9328330078125,0
2017,6,2,19,25,18.7385717773438,0
2017,6,2,19,25,20.5442490234375,0
2017,6,2,19,25,22.3500869140625,0
2017,6,2,19,25,24.1560200195313,0
2017,6,2,19,25,25.9618820800781,0
2017,6,2,19,25,27.7676909179687,0
2017,6,2,19,25,29.5735559082031,0
2017,6,2,19,25,31.3792490234375,0
2017,6,2,19,25,33.1851179199219,0
2017,6,2,19,25,34.9908859863281,0
2017,6,2,19,25,36.7966020507813,0
2017,6,2,19,25,38.6024521484375,0
2017,6,2,19,25,40.40833203125,0
2017,6,2,19,25,42.2142189941406,0
2017,6,2,19,25,44.0201469726562,0
2017,6,2,19,25,45.8258381347656,0
2017,6,2,19,25,47.63175390625,0
2017,6,2,19,25,49.4375651855469,0
2017,6,2,19,25,51.2434130859375,1
2017,6,2,19,25,53.0491450195313,1
2017,6,2,19,25,54.8549421386719,1
2017,6,2,19,25,56.6605981445312,1
2017,6,2,19,25,58.4747919921875,1
2017,6,2,19,26,0.280583984375,1
2017,6,2,19,26,2.08644091796875,1
2017,6,2,19,26,3.892126953125,1
2017,6,2,19,26,5.6979150390625,1
2017,6,2,19,26,7.50368090820313,1
2017,6,2,19,26,9.30948486328125,1
2017,6,2,19,26,11.1152700195313,1
2017,6,2,19,26,12.9210539550781,1
2017,6,2,19,26,14.72696484375,1
2017,6,2,19,26,16.5328527832031,1
2017,6,2,19,26,18.3386950683594,1
2017,6,2,19,26,20.1446481933594,1
2017,6,2,19,26,21.9503889160156,1
2017,6,2,19,26,23.7560588378906,1
2017,6,2,19,26,25.5619631347656,1
2017,6,2,19,26,27.3676318359375,1
2017,6,2,19,26,29.1734660644531,1
2017,6,2,19,26,30.9791701660156,1
2017,6,2,19,26,32.785,1
2017,6,2,19,26,34.5908278808594,1
2017,6,2,19,26,36.3966228027344,1
2017,6,2,19,26,38.2025480957031,1
2017,6,2,19,26,40.0083330078125,1
2017,6,2,19,26,41.8141999511719,1
2017,6,2,19,26,43.6198659667969,1
2017,6,2,19,26,45.4256511230469,1
2017,6,2,19,26,47.2316040039062,1
2017,6,2,19,26,49.0372700195312,1
2017,6,2,19,26,50.843125,1
2017,6,2,19,26,52.648955078125,1
2017,6,2,19,26,54.45462890625,1
2017,6,2,19,26,56.2604328613281,1
2017,6,2,19,26,58.0669208984375,1
2017,6,2,19,26,59.8726831054688,1
2017,6,2,19,27,1.67848803710937,1
2017,6,2,19,27,3.48430395507813,1
2017,6,2,19,27,5.29026708984375,1
2017,6,2,19,27,7.096208984375,1
2017,6,2,19,27,8.9021640625,1
2017,6,2,19,27,10.7079638671875,1
2017,6,2,19,27,12.5139191894531,1
2017,6,2,19,27,14.319662109375,1
2017,6,2,19,27,16.1253728027344,1
2017,6,2,19,27,17.9310451660156,1
2017,6,2,19,27,19.7368791503906,1
2017,6,2,19,27,21.542666015625,1
2017,6,2,19,27,23.3576040039062,1
2017,6,2,19,27,25.1634020996094,1
2017,6,2,19,27,26.9691491699219,1
2017,6,2,19,27,28.7748129882813,1
2017,6,2,19,27,30.5804760742188,1
2017,6,2,19,27,32.3862668457031,1
2017,6,2,19,27,34.1920200195312,1
2017,6,2,19,27,35.9978991699219,1
2017,6,2,19,27,37.8035739746094,1
2017,6,2,19,27,39.6092529296875,1
2017,6,2,19,27,41.4151508789063,1
2017,6,2,19,27,43.2208940429688,1
2017,6,2,19,27,45.0266799316406,1
2017,6,2,19,27,46.8325100097656,1
2017,6,2,19,27,48.638451171875,1
2017,6,2,19,27,50.4442141113281,1
2017,6,2,19,27,52.2501640625,1
2017,6,2,19,27,54.0560278320312,1
2017,6,2,19,27,55.8619248046875,1
2017,6,2,19,27,57.6693999023437,1
2017,6,2,19,27,59.47508203125,1
2017,6,2,19,28,1.28085888671875,1
2017,6,2,19,28,3.0867978515625,1
2017,6,2,19,28,4.892583984375,1
2017,6,2,19,28,6.6983681640625,1
2017,6,2,19,28,8.5041650390625,1
2017,6,2,19,28,10.3099519042969,1
2017,6,2,19,28,12.1157451171875,1
2017,6,2,19,28,13.9215559082031,1
2017,6,2,19,28,15.7275,1
2017,6,2,19,28,17.5331499023438,1
2017,6,2,19,28,19.3389370117187,1
2017,6,2,19,28,21.1448159179687,1
2017,6,2,19,28,22.9507219238281,1
2017,6,2,19,28,24.7564221191406,1
2017,6,2,19,28,26.5621650390625,1
2017,6,2,19,28,28.3681418457031,1
2017,6,2,19,28,30.1740888671875,1
2017,6,2,19,28,31.9798520507813,1
2017,6,2,19,28,33.7856081542969,1
2017,6,2,19,28,35.5915539550781,1
2017,6,2,19,28,37.3973999023438,1
2017,6,2,19,28,39.2032639160156,1
2017,6,2,19,28,41.0105930175781,1
2017,6,2,19,28,42.8162797851562,1
2017,6,2,19,28,44.6222470703125,1
2017,6,2,19,28,46.4281398925781,2
2017,6,2,19,28,48.2397810058594,2
2017,6,2,19,28,50.0457419433594,2
2017,6,2,19,28,51.8514768066406,2
2017,6,2,19,28,53.6571401367188,2
2017,6,2,19,28,55.4630930175781,2
2017,6,2,19,28,57.2689399414063,2
2017,6,2,19,28,59.0748911132812,2
2017,6,2,19,29,0.88073388671875,2
2017,6,2,19,29,2.68658715820313,2
2017,6,2,19,29,4.4924541015625,2
2017,6,2,19,29,6.2983388671875,2
2017,6,2,19,29,8.10418603515625,2
2017,6,2,19,29,9.91006811523438,2
2017,6,2,19,29,11.7158459472656,2
2017,6,2,19,29,13.5215520019531,2
2017,6,2,19,29,15.3273859863281,2
2017,6,2,19,29,17.1330458984375,2
2017,6,2,19,29,18.9390717773437,2
2017,6,2,19,29,20.7445830078125,2
2017,6,2,19,29,22.5505048828125,2
2017,6,2,19,29,24.3563850097656,2
2017,6,2,19,29,26.1621889648438,2
2017,6,2,19,29,27.9678791503906,2
2017,6,2,19,29,29.7736569824219,2
2017,6,2,19,29,31.5796650390625,2
2017,6,2,19,29,33.3853618164063,2
2017,6,2,19,29,35.1912700195313,2
2017,6,2,19,29,36.9971550292969,2
2017,6,2,19,29,38.8030109863281,1
2017,6,2,19,29,40.6088381347656,1
2017,6,2,19,29,42.414671875,1
2017,6,2,19,29,44.2206120605469,1
2017,6,2,19,29,46.0263627929687,1
2017,6,2,19,29,47.8323081054687,1
2017,6,2,19,29,49.638048828125,1
2017,6,2,19,29,51.4438527832031,0
2017,6,2,19,29,53.2495278320312,0
2017,6,2,19,29,55.055375,0
2017,6,2,19,29,56.86124609375,0
2017,6,2,19,29,58.6670451660156,0
2017,6,2,19,30,0.4728720703125,0
2017,6,2,19,30,2.27872607421875,0
2017,6,2,19,30,4.0846318359375,0
2017,6,2,19,30,5.89055200195313,0
2017,6,2,19,30,7.69618896484375,0
2017,6,2,19,30,9.50202905273438,0
2017,6,2,19,30,11.3076989746094,0
2017,6,2,19,30,13.113408203125,0
2017,6,2,19,30,14.919333984375,0
2017,6,2,19,30,16.7250649414062,0
2017,6,2,19,30,18.5308898925781,0
2017,6,2,19,30,20.336623046875,0
2017,6,2,19,30,22.1424860839844,0
2017,6,2,19,30,23.9482041015625,0
2017,6,2,19,30,25.75408203125,0
2017,6,2,19,30,27.5597619628906,0
2017,6,2,19,30,29.3660200195312,0
2017,6,2,19,30,31.1733889160156,0
2017,6,2,19,30,32.9791750488281,0
2017,6,2,19,30,34.7849660644531,0
2017,6,2,19,30,36.5907258300781,0
2017,6,2,19,30,38.39645703125,0
2017,6,2,19,30,40.2021450195313,0
2017,6,2,19,30,42.0078149414063,0
2017,6,2,19,30,43.8137158203125,0
2017,6,2,19,30,45.6195749511719,0
2017,6,2,19,30,47.42529296875,0
2017,6,2,19,30,49.23124609375,0
2017,6,2,19,30,51.0371599121094,0
2017,6,2,19,30,52.8430600585937,0
2017,6,2,19,30,54.6488498535156,0
2017,6,2,19,30,56.4547319335937,0
2017,6,2,19,30,58.2605600585937,0
2017,6,2,19,31,0.06652197265625,0
2017,6,2,19,31,1.8722861328125,0
2017,6,2,19,31,3.678080078125,0
2017,6,2,19,31,5.48377978515625,0
2017,6,2,19,31,7.28955200195313,0
2017,6,2,19,31,9.09545385742187,0
2017,6,2,19,31,10.9013120117187,0
2017,6,2,19,31,12.7134047851562,0
2017,6,2,19,31,14.5192312011719,0
2017,6,2,19,31,16.3249379882812,0
2017,6,2,19,31,18.1306691894531,0
2017,6,2,19,31,19.936630859375,0
2017,6,2,19,31,21.7425100097656,0
2017,6,2,19,31,23.548330078125,0
2017,6,2,19,31,25.35416796875,0
2017,6,2,19,31,27.1600180664062,0
2017,6,2,19,31,28.9657790527344,0
2017,6,2,19,31,30.7716650390625,0
2017,6,2,19,33,19.2307670898437,0
2017,6,2,19,33,21.2259919433594,0
2017,6,2,19,33,23.0319250488281,0
2017,6,2,19,33,25.0550229492187,0
2017,6,2,19,33,26.8813000488281,0
2017,6,2,19,33,28.8208530273438,0
2017,6,2,19,33,30.7968061523437,0
2017,6,2,19,33,32.6217509765625,0
2017,6,2,19,33,34.4991691894531,0
2017,6,2,19,33,36.4435698242187,0
2017,6,2,19,33,38.2772409667969,0
2017,6,2,19,33,40.2365168457031,0
2017,6,2,19,33,42.0424270019531,0
2017,6,2,19,33,43.9307180175781,0
2017,6,2,19,33,45.7387448730469,0
2017,6,2,19,33,47.6266401367187,0
2017,6,2,19,33,49.5521850585938,0
2017,6,2,19,33,51.4191237792969,0
2017,6,2,19,33,53.2809240722656,0
2017,6,2,19,33,55.2508940429688,0
2017,6,2,19,33,57.0870710449219,0
2017,6,2,19,33,58.9724829101563,0
2017,6,2,19,34,0.92708203125,0
2017,6,2,19,34,2.8325400390625,0
2017,6,2,19,34,4.91703100585937,0
2017,6,2,19,34,6.74081616210938,0
2017,6,2,19,34,8.6422099609375,0
2017,6,2,19,34,10.5792470703125,0
2017,6,2,19,34,12.4788352050781,0
2017,6,2,19,34,14.3715141601563,0
2017,6,2,19,34,16.258958984375,0
2017,6,2,19,34,18.0931989746094,0
2017,6,2,19,34,19.9374479980469,0
2017,6,2,19,34,21.8753220214844,0
2017,6,2,19,34,23.860421875,0
2017,6,2,19,34,25.6662170410156,0
2017,6,2,19,34,27.4720659179687,0
2017,6,2,19,34,29.4505651855469,0
2017,6,2,19,34,31.2714809570313,0
2017,6,2,19,34,33.1806530761719,0
2017,6,2,19,34,35.1255659179687,0
2017,6,2,19,34,36.9510729980469,0
2017,6,2,19,34,38.8256271972656,0
2017,6,2,19,34,40.8496989746094,0
2017,6,2,19,34,42.7244729003906,0
2017,6,2,19,34,44.697419921875,0
2017,6,2,19,34,46.5051489257812,0
2017,6,2,19,34,48.4429750976563,0
2017,6,2,19,34,50.2686550292969,0
2017,6,2,19,34,52.2386560058594,0
2017,6,2,19,34,54.0444970703125,0
2017,6,2,19,34,55.8503562011719,0
2017,6,2,19,34,57.7391118164063,0
2017,6,2,19,34,59.6536501464844,0
2017,6,2,19,35,1.484666015625,0
2017,6,2,19,35,3.29050903320312,0
2017,6,2,19,35,5.2691650390625,0
2017,6,2,19,35,7.21230883789062,0
2017,6,2,19,35,9.21967602539062,0
2017,6,2,19,35,11.1985061035156,0
2017,6,2,19,35,13.0043081054688,0
2017,6,2,19,35,15.1179658203125,0
2017,6,2,19,35,16.9883930664062,0
2017,6,2,19,35,18.97133984375,0
2017,6,2,19,35,20.9095239257813,0
2017,6,2,19,35,22.7153420410156,0
2017,6,2,19,35,24.6997700195313,0
2017,6,2,19,35,26.5635148925781,0
2017,6,2,19,35,28.3966938476562,0
2017,6,2,19,35,30.2980991210937,0
2017,6,2,19,35,32.1037941894531,0
2017,6,2,19,35,34.0001459960937,0
2017,6,2,19,35,35.968748046875,0
2017,6,2,19,35,37.9000070800781,0
2017,6,2,19,35,39.8380078125,0
2017,6,2,19,35,41.7376799316406,0
2017,6,2,19,35,43.7122280273437,0
2017,6,2,19,35,45.5179790039062,0
2017,6,2,19,35,47.3722998046875,0
2017,6,2,19,35,49.3455888671875,0
2017,6,2,19,35,51.2516879882812,0
2017,6,2,19,35,53.0646970214844,0
2017,6,2,19,35,54.8851262207031,0
2017,6,2,19,35,56.749119140625,0
2017,6,2,19,35,58.7178149414063,0
2017,6,2,19,36,0.523657958984375,0
2017,6,2,19,36,2.41261401367187,0
2017,6,2,19,36,4.355712890625,0
2017,6,2,19,36,6.1637939453125,0
2017,6,2,19,36,7.97655786132812,0
2017,6,2,19,36,9.98477783203125,0
2017,6,2,19,36,11.7939660644531,0
2017,6,2,19,36,13.7407319335938,0
2017,6,2,19,36,15.6600009765625,0
2017,6,2,19,36,17.4955419921875,0
2017,6,2,19,36,19.3367409667969,0
2017,6,2,19,36,21.4507709960937,0
2017,6,2,19,36,23.2728049316406,0
2017,6,2,19,36,25.0787138671875,0
2017,6,2,19,36,26.9515229492187,0
2017,6,2,19,36,28.9798469238281,0
2017,6,2,19,36,30.8203129882812,0
2017,6,2,19,36,32.795578125,0
2017,6,2,19,36,34.8086218261719,0
2017,6,2,19,36,36.6840119628906,0
2017,6,2,19,36,38.5557800292969,0
2017,6,2,19,36,40.4165419921875,0
2017,6,2,19,36,42.3122260742187,0
2017,6,2,19,36,44.3038178710937,0
2017,6,2,19,36,46.2350520019531,0
2017,6,2,19,36,48.0409890136719,0
2017,6,2,19,36,49.8600959472656,0
2017,6,2,19,36,51.6659860839844,0
2017,6,2,19,36,53.6170070800781,0
2017,6,2,19,36,55.4912180175781,0
2017,6,2,19,36,57.4233400878906,0
2017,6,2,19,36,59.4682709960938,0
2017,6,2,19,37,1.32397607421875,0
2017,6,2,19,37,3.35775219726562,0
2017,6,2,19,37,5.24940112304687,0
2017,6,2,19,37,7.07207299804687,0
2017,6,2,19,37,9.12862622070313,0
2017,6,2,19,37,10.9544270019531,0
2017,6,2,19,37,12.8056791992187,0
2017,6,2,19,37,14.7311469726562,0
2017,6,2,19,37,16.5430441894531,0
2017,6,2,19,37,18.3719389648437,0
2017,6,2,19,37,20.2965720214844,0
2017,6,2,19,37,22.1023100585938,0
2017,6,2,19,37,24.0345717773437,0
2017,6,2,19,37,25.9641708984375,0
2017,6,2,19,37,28.0332829589844,0
2017,6,2,19,37,30.0328391113281,0
2017,6,2,19,37,32.0435849609375,0
2017,6,2,19,37,33.9162509765625,0
2017,6,2,19,37,35.9149858398438,0
2017,6,2,19,37,37.7868991699219,0
2017,6,2,19,37,39.7236340332031,0
2017,6,2,19,37,41.5295051269531,0
2017,6,2,19,37,43.3377390136719,0
2017,6,2,19,37,45.3139970703125,0
2017,6,2,19,37,47.1746298828125,0
2017,6,2,19,37,49.0022290039063,0
2017,6,2,19,37,50.8440461425781,0
2017,6,2,19,37,52.7453168945312,0
2017,6,2,19,37,54.6481989746094,0
2017,6,2,19,37,56.4931281738281,0
2017,6,2,19,37,58.3072861328125,0
2017,6,2,19,38,0.31431005859375,0
2017,6,2,19,38,2.12019995117187,0
2017,6,2,19,38,3.92589892578125,0
2017,6,2,19,38,5.87018603515625,0
2017,6,2,19,40,33.2985881347656,0
2017,6,2,19,40,35.1043688964844,0
2017,6,2,19,40,36.9107080078125,0
2017,6,2,19,40,38.71649609375,0
2017,6,2,19,40,40.52216015625,0
2017,6,2,19,40,42.3280319824219,0
2017,6,2,19,40,44.1339709472656,0
2017,6,2,19,40,45.9399089355469,0
2017,6,2,19,40,47.7459108886719,0
2017,6,2,19,40,49.5518000488281,0
2017,6,2,19,40,51.3576069335938,0
2017,6,2,19,40,53.1633359375,0
2017,6,2,19,40,54.9690349121094,0
2017,6,2,19,40,56.7748549804688,0
2017,6,2,19,40,58.580544921875,0
2017,6,2,19,41,0.3862099609375,0
2017,6,2,19,41,2.1918740234375,0
2017,6,2,19,41,3.99795385742188,0
2017,6,2,19,41,5.80347998046875,0
2017,6,2,19,41,7.60922290039063,0
2017,6,2,19,41,9.41517993164062,0
2017,6,2,19,41,11.22108203125,0
2017,6,2,19,41,13.0268618164062,0
2017,6,2,19,41,14.8327849121094,0
2017,6,2,19,41,16.6387451171875,0
2017,6,2,19,41,18.4446420898438,0
2017,6,2,19,41,20.2503259277344,0
2017,6,2,19,41,22.0561899414062,0
2017,6,2,19,41,23.8618820800781,0
2017,6,2,19,41,25.667830078125,0
2017,6,2,19,41,27.4737419433594,0
2017,6,2,19,41,29.2796979980469,0
2017,6,2,19,41,31.0854658203125,0
2017,6,2,19,41,32.8913911132813,0
2017,6,2,19,41,34.6973129882812,0
2017,6,2,19,41,36.5032719726563,0
2017,6,2,19,41,38.3090661621094,0
2017,6,2,19,41,40.1149699707031,0
2017,6,2,19,41,41.9207758789062,0
2017,6,2,19,41,43.726712890625,0
2017,6,2,19,41,45.5323959960937,0
2017,6,2,19,41,47.3382170410156,0
2017,6,2,19,41,49.1441550292969,0
2017,6,2,19,41,50.950076171875,0
2017,6,2,19,41,52.7559458007812,0
2017,6,2,19,41,54.5617739257813,0
2017,6,2,19,41,56.367705078125,0
2017,6,2,19,41,58.1735808105469,0
2017,6,2,19,41,59.9796091308594,0
2017,6,2,19,42,1.78538500976562,0
2017,6,2,19,42,3.5910859375,0
2017,6,2,19,42,5.39684790039063,0
2017,6,2,19,42,7.20277807617188,0
2017,6,2,19,42,9.00872290039062,0
2017,6,2,19,42,10.8146789550781,0
2017,6,2,19,42,12.6206501464844,0
2017,6,2,19,42,14.4264260253906,0
2017,6,2,19,42,16.2320969238281,0
2017,6,2,19,42,18.0377619628906,0
2017,6,2,19,42,19.8435170898438,0
2017,6,2,19,42,21.6492568359375,0
2017,6,2,19,42,23.4550520019531,0
2017,6,2,19,42,25.2608071289063,0
2017,6,2,19,42,27.0665920410156,0
2017,6,2,19,42,28.8723208007812,0
2017,6,2,19,42,30.6782189941406,0
2017,6,2,19,42,32.4841640625,0
2017,6,2,19,42,34.2902319335938,0
2017,6,2,19,42,36.095958984375,0
2017,6,2,19,42,37.901669921875,0
2017,6,2,19,42,39.7073559570312,0
2017,6,2,19,42,41.5132290039062,0
2017,6,2,19,42,43.3190588378906,0
2017,6,2,19,42,45.1249111328125,0
2017,6,2,19,42,46.9309948730469,0
2017,6,2,19,42,48.7368989257812,0
2017,6,2,19,42,50.5427700195312,0
2017,6,2,19,42,52.3486730957031,0
2017,6,2,19,42,54.1544748535156,0
2017,6,2,19,42,55.9602470703125,0
2017,6,2,19,42,57.7659968261719,0
2017,6,2,19,42,59.5718020019531,0
2017,6,2,19,43,1.37775805664063,0
2017,6,2,19,43,3.18351782226563,0
2017,6,2,19,43,4.9893330078125,0
2017,6,2,19,43,6.79503393554687,0
2017,6,2,19,43,8.60070703125,0
2017,6,2,19,43,10.4066091308594,0
2017,6,2,19,43,12.2125100097656,0
2017,6,2,19,43,14.018375,0
2017,6,2,19,43,15.8241479492187,0
2017,6,2,19,43,17.6300280761719,0
2017,6,2,19,43,19.4358029785156,0
2017,6,2,19,43,21.2417458496094,0
2017,6,2,19,43,23.0475349121094,0
2017,6,2,19,43,24.8531970214844,0
2017,6,2,19,43,26.6590490722656,0
2017,6,2,19,43,28.46483984375,0
2017,6,2,19,43,30.2705148925781,0
2017,6,2,19,43,32.0762470703125,0
2017,6,2,19,43,33.8822780761719,0
2017,6,2,19,43,35.688046875,0
2017,6,2,19,43,37.493876953125,0
2017,6,2,19,43,39.2997409667969,0
2017,6,2,19,43,41.1055852050781,0
2017,6,2,19,43,42.9115141601563,0
2017,6,2,19,43,44.71720703125,0
2017,6,2,19,43,46.522875,0
2017,6,2,19,43,48.3288330078125,0
2017,6,2,19,43,50.1347990722656,0
2017,6,2,19,43,51.9407260742188,0
2017,6,2,19,43,53.7466918945313,0
2017,6,2,19,43,55.5526479492188,0
2017,6,2,19,43,57.3586069335937,0
2017,6,2,19,43,59.1644089355469,0
2017,6,2,19,44,0.970248046875,0
2017,6,2,19,44,2.77602905273437,0
2017,6,2,19,44,4.58190795898437,0
2017,6,2,19,44,6.387787109375,0
2017,6,2,19,44,8.19360888671875,0
2017,6,2,19,44,9.99951196289063,0
2017,6,2,19,44,11.8052868652344,0
2017,6,2,19,44,13.6111381835938,0
2017,6,2,19,44,15.4169030761719,0
2017,6,2,19,44,17.2225859375,0
2017,6,2,19,44,19.0284370117188,0
2017,6,2,19,44,20.8343500976563,0
2017,6,2,19,44,22.6402370605469,0
2017,6,2,19,44,24.4459370117188,0
2017,6,2,19,44,26.2516389160156,0
2017,6,2,19,44,28.0574250488281,0
2017,6,2,19,44,29.8633779296875,0
2017,6,2,19,44,31.6691430664062,0
2017,6,2,19,44,33.4748129882813,0
2017,6,2,19,44,35.2804812011719,0
2017,6,2,19,44,37.0862509765625,0
2017,6,2,19,44,38.8922160644531,0
2017,6,2,19,44,40.6980268554687,0
2017,6,2,19,44,42.50383203125,0
2017,6,2,19,44,44.3095048828125,0
2017,6,2,19,44,46.1154460449219,0
2017,6,2,19,44,47.9212729492188,0
2017,6,2,19,44,49.727083984375,0
2017,6,2,19,44,51.5330500488281,0
2017,6,2,19,44,53.3387700195313,0
2017,6,2,19,44,55.1445278320313,0
2017,6,2,19,44,56.9504130859375,0
2017,6,2,19,44,58.756375,0
2017,6,2,19,45,0.56230908203125,0
2017,6,2,19,45,2.3681630859375,0
2017,6,2,19,45,4.174076171875,0
2017,6,2,19,45,5.97974291992188,0
2017,6,2,19,45,7.78548901367188,0
2017,6,2,19,45,9.59139404296875,0
2017,6,2,19,45,11.3973359375,0
2017,6,2,19,45,13.2030798339844,0
2017,6,2,19,45,15.0088029785156,0
2017,6,2,19,45,16.8146879882812,0
2017,6,2,19,45,18.6205571289062,0
2017,6,2,19,45,20.4264108886719,0
2017,6,2,19,45,22.2321520996094,0
2017,6,2,19,45,24.0379819335937,0
2017,6,2,19,45,25.843796875,0
2017,6,2,19,45,27.649544921875,0
2017,6,2,19,45,29.455337890625,0
2017,6,2,19,45,31.2610791015625,0
2017,6,2,19,45,33.0673610839844,0
2017,6,2,19,45,34.8730791015625,0
2017,6,2,19,45,36.6789519042969,0
2017,6,2,19,45,38.485126953125,0
2017,6,2,19,45,40.2907800292969,0
2017,6,2,19,45,42.0966811523437,0
2017,6,2,19,45,43.9026040039062,0
2017,6,2,19,45,45.7164321289062,0
2017,6,2,19,45,47.5223491210937,0
2017,6,2,19,45,49.3280319824219,0
2017,6,2,19,45,51.1338068847656,0
2017,6,2,19,45,52.9395649414063,0
2017,6,2,19,45,54.82795703125,0
2017,6,2,19,45,56.6655148925781,0
2017,6,2,19,45,58.4962429199219,0
2017,6,2,19,46,0.30208203125,0
2017,6,2,19,46,2.10786596679687,0
2017,6,2,19,46,3.91376000976563,0
2017,6,2,19,46,5.71961401367188,0
2017,6,2,19,46,7.52566796875,0
2017,6,2,19,46,9.33122290039062,0
2017,6,2,19,46,11.1370109863281,0
2017,6,2,19,46,12.9428698730469,0
2017,6,2,19,46,14.7487919921875,0
2017,6,2,19,46,16.5546259765625,0
2017,6,2,19,46,18.3604619140625,0
2017,6,2,19,46,20.1663930664063,0
2017,6,2,19,46,21.9722819824219,0
2017,6,2,19,46,23.7781159667969,0
2017,6,2,19,46,25.5840769042969,0
2017,6,2,19,46,27.3897990722656,0
2017,6,2,19,46,29.1956821289062,0
2017,6,2,19,46,31.00150390625,0
2017,6,2,19,46,32.807455078125,0
2017,6,2,19,46,34.6131420898437,0
2017,6,2,19,46,36.4190659179688,0
2017,6,2,19,46,38.2248598632813,0
2017,6,2,19,46,40.0305270996094,0
2017,6,2,19,46,41.8364538574219,0
2017,6,2,19,46,43.6420280761719,0
2017,6,2,19,46,45.4477438964844,0
2017,6,2,19,46,47.2534758300781,0
2017,6,2,19,46,49.0593071289062,0
2017,6,2,19,46,50.8652028808594,0
2017,6,2,19,46,52.6708801269531,0
2017,6,2,19,46,54.4768820800781,0
2017,6,2,19,46,56.2824399414063,0
2017,6,2,19,46,58.0882648925781,0
2017,6,2,19,46,59.8940920410156,0
2017,6,2,19,47,1.6999130859375,0
2017,6,2,19,47,3.50566796875,0
2017,6,2,19,47,5.311619140625,0
2017,6,2,19,47,7.11753295898438,0
2017,6,2,19,47,8.92348413085938,0
2017,6,2,19,47,10.72920703125,0
2017,6,2,19,47,12.5351650390625,0
2017,6,2,19,47,14.3408430175781,0
2017,6,2,19,47,16.1465209960937,0
2017,6,2,19,47,17.9523940429687,0
2017,6,2,19,47,19.7581870117187,0
2017,6,2,19,47,21.5639279785156,0
2017,6,2,19,47,23.3697939453125,0
2017,6,2,19,47,25.1756499023437,0
2017,6,2,19,47,26.9813908691406,0
2017,6,2,19,47,28.7870629882812,0
2017,6,2,19,47,30.5929838867187,0
2017,6,2,19,47,32.3988818359375,0
2017,6,2,19,47,34.2046040039062,0
2017,6,2,19,47,36.0163439941406,0
2017,6,2,19,47,37.8221860351562,0
2017,6,2,19,47,39.6281740722656,0
2017,6,2,19,47,41.4338020019531,0
2017,6,2,19,47,43.239501953125,0
2017,6,2,19,47,45.0451850585938,0
2017,6,2,19,47,46.8508779296875,0
2017,6,2,19,47,48.6565859375,0
2017,6,2,19,47,50.4622751464844,0
2017,6,2,19,47,52.2680080566406,0
2017,6,2,19,47,54.0739140625,0
2017,6,2,19,47,55.87962109375,0
2017,6,2,19,47,57.6853381347656,0
2017,6,2,19,47,59.4912741699219,0
2017,6,2,19,48,1.29698120117187,0
2017,6,2,19,48,3.1026669921875,0
2017,6,2,19,48,4.90841186523437,0
2017,6,2,19,48,6.71424194335937,0
2017,6,2,19,48,8.5200068359375,0
2017,6,2,19,48,10.3257150878906,0
2017,6,2,19,48,12.1316240234375,0
2017,6,2,19,48,13.9373181152344,0
2017,6,2,19,48,15.74312890625,0
2017,6,2,19,48,17.5490571289062,0
2017,6,2,19,48,19.354625,0
2017,6,2,19,48,21.160466796875,0
2017,6,2,19,48,22.9661459960938,0
2017,6,2,19,48,24.7720971679687,0
2017,6,2,19,48,26.5779770507813,0
2017,6,2,19,48,28.3836540527344,0
2017,6,2,19,48,30.1897348632812,0
2017,6,2,19,48,31.9956650390625,0
2017,6,2,19,48,33.8014860839844,0
2017,6,2,19,48,35.6073310546875,0
2017,6,2,19,48,37.4132180175781,0
2017,6,2,19,48,39.2189470214844,0
2017,6,2,19,48,41.0247858886719,0
2017,6,2,19,48,42.8304829101562,0
2017,6,2,19,48,44.6361760253906,0
2017,6,2,19,48,46.4418408203125,0
2017,6,2,19,48,48.2476879882812,0
2017,6,2,19,48,50.0535109863281,0
2017,6,2,19,48,51.8593271484375,0
2017,6,2,19,48,53.6650520019531,0
2017,6,2,19,48,55.4709548339844,0
2017,6,2,19,48,57.2768291015625,0
2017,6,2,19,48,59.0827810058594,0
2017,6,2,19,49,0.888735107421875,0
2017,6,2,19,49,2.69468994140625,0
2017,6,2,19,49,4.50066088867187,0
2017,6,2,19,49,6.30656909179687,0
2017,6,2,19,49,8.112248046875,0
2017,6,2,19,49,9.9180419921875,0
2017,6,2,19,49,11.7238581542969,0
2017,6,2,19,49,13.5296040039063,0
2017,6,2,19,49,15.3353310546875,0
2017,6,2,19,49,17.1412219238281,0
2017,6,2,19,49,18.946955078125,0
2017,6,2,19,49,20.7526291503906,0
2017,6,2,19,49,22.5585451660156,0
2017,6,2,19,49,24.3644169921875,0
2017,6,2,19,49,26.17020703125,0
2017,6,2,19,49,27.9760998535156,0
2017,6,2,19,49,29.7820051269531,0
2017,6,2,19,49,31.5878142089844,0
2017,6,2,19,49,33.3937639160156,0
2017,6,2,19,49,35.1994660644531,0
2017,6,2,19,49,37.0053950195312,0
2017,6,2,19,49,38.811337890625,0
2017,6,2,19,49,40.6170148925781,0
2017,6,2,19,49,42.422748046875,0
2017,6,2,19,49,44.22866015625,0
2017,6,2,19,49,46.0344750976562,0
2017,6,2,19,49,47.8403269042969,0
2017,6,2,19,49,49.6461040039063,0
2017,6,2,19,49,51.4519919433594,0
2017,6,2,19,49,53.2579519042969,0
2017,6,2,19,49,55.0637800292969,0
2017,6,2,19,49,56.869580078125,0
2017,6,2,19,49,58.6754912109375,0
2017,6,2,19,50,0.481375,0
2017,6,2,19,50,2.28711108398437,0
2017,6,2,19,50,4.0927861328125,0
2017,6,2,19,50,5.89862890625,0
2017,6,2,19,50,7.70448388671875,0
2017,6,2,19,50,9.51036401367188,0
2017,6,2,19,50,11.3161970214844,0
2017,6,2,19,50,13.1220759277344,0
2017,6,2,19,50,14.9278481445313,0
2017,6,2,19,50,16.7337451171875,0
2017,6,2,19,50,18.5434260253906,0
2017,6,2,19,50,20.3491999511719,0
2017,6,2,19,50,22.1550349121094,0
2017,6,2,19,50,23.9608291015625,0
2017,6,2,19,50,25.7666809082031,0
2017,6,2,19,50,27.5727270507812,0
2017,6,2,19,50,29.3785,0
2017,6,2,19,50,31.1842800292969,0
2017,6,2,19,50,32.9901999511719,0
2017,6,2,19,50,34.7959370117187,0
2017,6,2,19,50,36.6017690429687,0
2017,6,2,19,50,38.4076198730469,0
2017,6,2,19,50,40.2151831054688,0
2017,6,2,19,50,42.0209379882812,0
2017,6,2,19,50,43.82679296875,0
2017,6,2,19,50,45.6328588867188,0
2017,6,2,19,50,47.4385849609375,0
2017,6,2,19,50,49.2444291992188,0
2017,6,2,19,50,51.0502971191406,0
2017,6,2,19,50,52.8560700683594,0
2017,6,2,19,50,54.6619538574219,0
2017,6,2,19,50,56.4676640625,0
2017,6,2,19,50,58.2734790039063,0
2017,6,2,19,51,0.07935498046875,0
2017,6,2,19,51,1.88528295898438,0
2017,6,2,19,51,3.69098413085938,0
2017,6,2,19,51,5.49676196289063,0
2017,6,2,19,51,7.302630859375,0
2017,6,2,19,51,9.10837890625,0
2017,6,2,19,51,10.9143669433594,0
2017,6,2,19,51,12.7201689453125,0
2017,6,2,19,51,14.5261171875,0
2017,6,2,19,51,16.3320678710937,0
2017,6,2,19,51,18.1379011230469,0
2017,6,2,19,51,19.9438349609375,0
2017,6,2,19,51,21.7496809082031,0
2017,6,2,19,51,23.5555090332031,0
2017,6,2,19,51,25.361466796875,0
2017,6,2,19,51,27.1672138671875,0
2017,6,2,19,51,28.97299609375,0
2017,6,2,19,51,30.77891796875,0
2017,6,2,19,51,32.5846779785156,0
2017,6,2,19,51,34.3905729980469,0
2017,6,2,19,51,36.1963190917969,0
2017,6,2,19,51,38.002041015625,0
2017,6,2,19,51,39.8078059082031,0
2017,6,2,19,51,41.6134851074219,0
2017,6,2,19,51,43.4194189453125,0
2017,6,2,19,51,45.2252768554687,0
2017,6,2,19,51,47.0310109863281,0
2017,6,2,19,51,48.8366958007812,0
2017,6,2,19,51,50.6425180664062,0
2017,6,2,19,51,52.4482060546875,0
2017,6,2,19,51,54.2539270019531,0
2017,6,2,19,51,56.0596589355469,0
2017,6,2,19,51,57.8653500976562,0
2017,6,2,19,51,59.6712861328125,0
2017,6,2,19,52,1.47706201171875,0
2017,6,2,19,52,3.28301318359375,0
2017,6,2,19,52,5.08882690429687,0
2017,6,2,19,52,6.894671875,0
2017,6,2,19,52,8.70040893554688,0
2017,6,2,19,52,10.5065158691406,0
2017,6,2,19,52,12.3123869628906,0
2017,6,2,19,52,14.1181999511719,0
2017,6,2,19,52,15.9239340820313,0
2017,6,2,19,52,17.729671875,0
2017,6,2,19,52,19.5357529296875,0
2017,6,2,19,52,21.3416369628906,0
2017,6,2,19,52,23.1473049316406,0
2017,6,2,19,52,24.9532001953125,1
2017,6,2,19,52,26.7589250488281,1
2017,6,2,19,52,28.5647631835938,1
2017,6,2,19,52,30.3706291503906,1
2017,6,2,19,52,32.1765490722656,1
2017,6,2,19,52,33.9822841796875,1
2017,6,2,19,52,35.7881169433594,1
2017,6,2,19,52,37.5938210449219,1
2017,6,2,19,52,39.3995148925781,1
2017,6,2,19,52,41.2053110351562,1
2017,6,2,19,52,43.0112099609375,1
2017,6,2,19,52,44.8171159667969,1
2017,6,2,19,52,46.6229489746094,1
2017,6,2,19,52,48.4288410644531,1
2017,6,2,19,52,50.2346899414063,1
2017,6,2,19,52,52.0405290527344,1
2017,6,2,19,52,53.84633984375,1
2017,6,2,19,52,55.6521569824219,1
2017,6,2,19,52,57.4578649902344,1
2017,6,2,19,52,59.2637629394531,1
2017,6,2,19,53,1.06943286132812,1
2017,6,2,19,53,2.87511401367188,1
2017,6,2,19,53,4.68090893554688,1
2017,6,2,19,53,6.48703002929688,1
2017,6,2,19,53,8.29261401367187,1
2017,6,2,19,53,10.0985268554687,1
2017,6,2,19,53,11.9044499511719,1
2017,6,2,19,53,13.71025390625,1
2017,6,2,19,53,15.516205078125,1
2017,6,2,19,53,17.322048828125,1
2017,6,2,19,53,19.1278400878906,1
2017,6,2,19,53,20.9336181640625,1
2017,6,2,19,53,22.7393149414062,1
2017,6,2,19,53,24.5450170898437,1
2017,6,2,19,53,26.3507700195313,1
2017,6,2,19,53,28.1564382324219,1
2017,6,2,19,53,29.96237109375,1
2017,6,2,19,53,31.7681049804687,1
2017,6,2,19,53,33.5739670410156,1
2017,6,2,19,53,35.3797209472656,1
2017,6,2,19,53,37.1856389160156,1
2017,6,2,19,53,38.9915219726563,1
2017,6,2,19,53,40.7975891113281,1
2017,6,2,19,53,42.6087170410156,1
2017,6,2,19,53,44.4146379394531,1
2017,6,2,19,53,46.2204809570312,1
2017,6,2,19,53,48.0264089355469,1
2017,6,2,19,53,49.8323200683594,1
2017,6,2,19,53,51.6381730957031,1
2017,6,2,19,53,53.4440119628906,1
2017,6,2,19,53,55.2499460449219,1
2017,6,2,19,53,57.0558950195312,1
2017,6,2,19,53,58.861583984375,1
2017,6,2,19,54,0.667343017578125,2
2017,6,2,19,54,2.47328295898437,2
2017,6,2,19,54,4.27901196289062,2
2017,6,2,19,54,6.084796875,2
2017,6,2,19,54,7.89071484375,2
2017,6,2,19,54,9.69667016601563,2
2017,6,2,19,54,11.5024760742187,2
2017,6,2,19,54,13.3085219726562,2
2017,6,2,19,54,15.1143898925781,2
2017,6,2,19,54,16.920083984375,2
2017,6,2,19,54,18.725955078125,2
2017,6,2,19,54,20.5316948242188,2
2017,6,2,19,54,22.3374838867188,2
2017,6,2,19,54,24.1431760253906,2
2017,6,2,19,54,25.9490358886719,2
2017,6,2,19,54,27.7549470214844,2
2017,6,2,19,54,29.5607170410156,2
2017,6,2,19,54,31.366626953125,2
2017,6,2,19,54,33.1722978515625,2
2017,6,2,19,54,34.9779738769531,2
2017,6,2,19,54,36.7838659667969,2
2017,6,2,19,54,38.5896967773437,2
2017,6,2,19,54,40.3954270019531,2
2017,6,2,19,54,42.201203125,1
2017,6,2,19,54,44.0070700683594,1
2017,6,2,19,54,45.8128991699219,1
2017,6,2,19,54,47.61874609375,1
2017,6,2,19,54,49.4245390625,1
2017,6,2,19,54,51.2317768554688,1
2017,6,2,19,54,53.0376638183594,1
2017,6,2,19,54,54.8435480957031,1
2017,6,2,19,54,56.6494392089844,1
2017,6,2,19,54,58.4551921386719,1
2017,6,2,19,55,0.261315185546875,1
2017,6,2,19,55,2.06710009765625,1
2017,6,2,19,55,3.87288989257812,1
2017,6,2,19,55,5.67882397460937,0
2017,6,2,19,55,7.490958984375,0
2017,6,2,19,55,9.296791015625,0
2017,6,2,19,55,11.1025769042969,0
2017,6,2,19,55,12.9082919921875,0
2017,6,2,19,55,14.7140551757812,0
2017,6,2,19,55,16.5198579101563,0
2017,6,2,19,55,18.3255051269531,0
2017,6,2,19,55,20.1312810058594,0
2017,6,2,19,55,21.9369680175781,0
2017,6,2,19,55,23.7427622070313,0
2017,6,2,19,55,25.5486650390625,0
2017,6,2,19,55,27.35453515625,0
2017,6,2,19,55,29.16049609375,0
2017,6,2,19,55,30.9664440917969,0
2017,6,2,19,55,32.7722509765625,0
2017,6,2,19,55,34.5780871582031,0
2017,6,2,19,55,36.383865234375,0
2017,6,2,19,55,38.1896770019531,0
2017,6,2,19,55,39.9956149902344,0
2017,6,2,19,55,41.8013579101562,0
2017,6,2,19,55,43.6072060546875,0
2017,6,2,19,55,45.4128679199219,0
2017,6,2,19,55,47.2187021484375,0
2017,6,2,19,55,49.0245329589844,0
2017,6,2,19,55,50.8302529296875,0
2017,6,2,19,55,52.6360778808594,1
2017,6,2,19,55,54.4419260253906,1
2017,6,2,19,55,56.2477839355469,1
2017,6,2,19,55,58.0536049804687,1
2017,6,2,19,55,59.8593459472656,1
2017,6,2,19,56,1.66516796875,1
2017,6,2,19,56,3.4712109375,1
2017,6,2,19,56,5.27681591796875,1
2017,6,2,19,56,7.08255419921875,1
2017,6,2,19,56,8.88823901367187,2
2017,6,2,19,56,10.6939248046875,2
2017,6,2,19,56,12.4998520507813,2
2017,6,2,19,56,14.3056098632812,2
2017,6,2,19,56,16.1116530761719,2
2017,6,2,19,56,17.9173830566406,2
2017,6,2,19,56,19.7232160644531,2
2017,6,2,19,56,21.5288999023437,2
2017,6,2,19,56,23.334796875,2
2017,6,2,19,56,25.140671875,2
2017,6,2,19,56,26.9464929199219,2
2017,6,2,19,56,28.7524020996094,2
2017,6,2,19,56,30.5581950683594,1
2017,6,2,19,56,32.3639470214844,1
2017,6,2,19,56,34.1696489257813,1
2017,6,2,19,56,35.9754282226562,1
2017,6,2,19,56,37.7811359863281,1
2017,6,2,19,56,39.586919921875,0
2017,6,2,19,56,41.3928188476563,0
2017,6,2,19,56,43.1986711425781,0
2017,6,2,19,56,45.0045070800781,0
2017,6,2,19,56,46.8102419433594,0
2017,6,2,19,56,48.6161750488281,0
2017,6,2,19,56,50.4221110839844,0
2017,6,2,19,56,52.2280310058594,0
2017,6,2,19,56,54.0337219238281,0
2017,6,2,19,56,55.8396589355469,0
2017,6,2,19,56,57.6453969726563,0
2017,6,2,19,56,59.4512370605469,0
2017,6,2,19,57,1.25707104492187,0
2017,6,2,19,57,3.06306689453125,0
2017,6,2,19,57,4.8690009765625,0
2017,6,2,19,57,6.67482397460938,0
2017,6,2,19,57,8.48073803710938,0
2017,6,2,19,57,10.2866860351563,0
2017,6,2,19,57,12.0925649414063,0
2017,6,2,19,57,13.8982697753906,0
2017,6,2,19,57,15.7039379882813,0
2017,6,2,19,57,17.5104858398437,0
2017,6,2,19,57,19.315658203125,0
2017,6,2,19,57,21.1215710449219,0
2017,6,2,19,57,22.9273989257813,0
2017,6,2,19,57,24.7351079101562,0
2017,6,2,19,57,26.5390729980469,0
2017,6,2,19,57,28.3447858886719,0
2017,6,2,19,57,30.1505849609375,0
2017,6,2,19,57,31.9647199707031,0
2017,6,2,19,57,33.7703859863281,0
2017,6,2,19,57,35.5762687988281,0
2017,6,2,19,57,37.3821579589844,0
2017,6,2,19,57,39.1879921875,0
2017,6,2,19,57,40.9939438476562,0
2017,6,2,19,57,42.7998381347656,0
2017,6,2,19,57,44.6056599121094,0
2017,6,2,19,57,46.4116198730469,0
2017,6,2,19,57,48.2174250488281,0
2017,6,2,19,57,50.0233901367188,0
2017,6,2,19,57,51.8292709960937,0
2017,6,2,19,57,53.6349909667969,0
2017,6,2,19,57,55.4407629394531,0
2017,6,2,19,57,57.2466208496094,0
2017,6,2,19,57,59.0524089355469,1
2017,6,2,19,58,0.85834912109375,1
2017,6,2,19,58,2.66413500976563,1
2017,6,2,19,58,4.4699619140625,1
2017,6,2,19,58,6.27564086914063,1
2017,6,2,19,58,8.081501953125,1
2017,6,2,19,58,9.88735400390625,1
2017,6,2,19,58,11.6930251464844,1
2017,6,2,19,58,13.4987868652344,1
2017,6,2,19,58,15.3046311035156,1
2017,6,2,19,58,17.1104089355469,1
2017,6,2,19,58,18.9161848144531,1
2017,6,2,19,58,20.722044921875,1
2017,6,2,19,58,22.5278330078125,1
2017,6,2,19,58,24.3336799316406,1
2017,6,2,19,58,26.1395090332031,1
2017,6,2,19,58,27.9455029296875,1
2017,6,2,19,58,29.751251953125,1
2017,6,2,19,58,31.557126953125,1
2017,6,2,19,58,33.3629890136719,1
2017,6,2,19,58,35.1687629394531,1
2017,6,2,19,58,36.9744450683594,1
2017,6,2,19,58,38.7803850097656,1
2017,6,2,19,58,40.5863349609375,1
2017,6,2,19,58,42.392205078125,1
2017,6,2,19,58,44.1979499511719,1
2017,6,2,19,58,46.0037487792969,1
2017,6,2,19,58,47.8094460449219,1
2017,6,2,19,58,49.6154348144531,1
2017,6,2,19,58,51.421171875,1
2017,6,2,19,58,53.2269321289062,1
2017,6,2,19,58,55.0326440429687,1
2017,6,2,19,58,56.8385788574219,1
2017,6,2,19,58,58.6442590332031,1
2017,6,2,19,59,0.450155029296875,1
2017,6,2,19,59,2.25614916992187,1
2017,6,2,19,59,4.06206713867187,1
2017,6,2,19,59,5.86784497070312,1
2017,6,2,19,59,7.67354614257813,1
2017,6,2,19,59,9.4793759765625,1
2017,6,2,19,59,11.2852438964844,1
2017,6,2,19,59,13.0910329589844,1
2017,6,2,19,59,14.896755859375,1
2017,6,2,19,59,16.702673828125,1
2017,6,2,19,59,18.5086101074219,1
2017,6,2,19,59,20.314375,1
2017,6,2,19,59,22.1202209472656,1
2017,6,2,19,59,23.9260500488281,1
2017,6,2,19,59,25.7317241210937,1
2017,6,2,19,59,27.5376748046875,1
2017,6,2,19,59,29.3435061035156,1
2017,6,2,19,59,31.1493498535156,1
2017,6,2,19,59,32.9552309570312,1
2017,6,2,19,59,34.7610690917969,1
2017,6,2,19,59,36.5673168945313,1
2017,6,2,19,59,38.3732351074219,1
2017,6,2,19,59,40.1789260253906,1
2017,6,2,19,59,41.9848620605469,1
2017,6,2,19,59,43.7908010253906,1
2017,6,2,19,59,45.5967719726562,1
2017,6,2,19,59,47.4025910644531,1
2017,6,2,19,59,49.2083681640625,1
2017,6,2,19,59,51.0153920898438,1
2017,6,2,19,59,52.8212138671875,1
2017,6,2,19,59,54.6270881347656,1
2017,6,2,19,59,56.4327768554688,1
2017,6,2,19,59,58.2386838378906,1
2017,6,2,20,0,0.044637939453125,1
2017,6,2,20,0,1.8503671875,1
2017,6,2,20,0,3.65606591796875,1
2017,6,2,20,0,5.46189697265625,1
2017,6,2,20,0,7.26805200195312,1
2017,6,2,20,0,9.07376684570312,1
2017,6,2,20,0,10.8794819335938,1
2017,6,2,20,0,12.6853571777344,1
2017,6,2,20,0,14.4912961425781,1
2017,6,2,20,0,16.2972341308594,1
2017,6,2,20,0,18.1029169921875,1
2017,6,2,20,0,19.9087861328125,1
2017,6,2,20,0,21.7147099609375,1
2017,6,2,20,0,23.5204318847656,1
2017,6,2,20,0,25.3263649902344,1
2017,6,2,20,0,27.1320478515625,1
2017,6,2,20,0,28.9379270019531,1
2017,6,2,20,0,30.743794921875,1
2017,6,2,20,0,32.5495100097656,1
2017,6,2,20,0,34.3551782226562,1
2017,6,2,20,0,36.1608889160156,1
2017,6,2,20,0,37.9666459960938,1
2017,6,2,20,0,39.7723640136719,1
2017,6,2,20,0,41.5783100585938,1
2017,6,2,20,0,43.3840310058594,1
2017,6,2,20,0,45.1897321777344,1
2017,6,2,20,0,46.9955249023438,1
2017,6,2,20,0,48.8014409179687,1
2017,6,2,20,0,50.6073969726562,1
2017,6,2,20,0,52.4131000976562,1
2017,6,2,20,0,54.2191401367187,1
2017,6,2,20,0,56.0250119628906,1
2017,6,2,20,0,57.8307978515625,1
2017,6,2,20,0,59.6366650390625,1
2017,6,2,20,1,1.44244604492188,1
2017,6,2,20,1,3.24834106445312,1
2017,6,2,20,1,5.05423095703125,1
2017,6,2,20,1,6.86014208984375,1
2017,6,2,20,1,8.66608911132812,1
2017,6,2,20,1,10.4719008789063,1
2017,6,2,20,1,12.2778588867188,1
2017,6,2,20,1,14.0837221679687,1
2017,6,2,20,1,15.8895749511719,1
2017,6,2,20,1,17.695333984375,1
2017,6,2,20,1,19.5012309570313,1
2017,6,2,20,1,21.3069650878906,1
2017,6,2,20,1,23.1128869628906,1
2017,6,2,20,1,24.9187399902344,1
2017,6,2,20,1,26.7244389648437,1
2017,6,2,20,1,28.5301589355469,1
2017,6,2,20,1,30.3360952148437,1
2017,6,2,20,1,32.1419169921875,1
2017,6,2,20,1,33.9477849121094,1
2017,6,2,20,1,35.7536499023438,1
2017,6,2,20,1,37.5593610839844,1
2017,6,2,20,1,39.3650620117187,1
2017,6,2,20,1,41.1710300292969,1
2017,6,2,20,1,42.9769521484375,1
2017,6,2,20,1,44.7827880859375,1
2017,6,2,20,1,46.5886608886719,0
2017,6,2,20,2,18.4021030273437,0
2017,6,2,20,2,20.2080400390625,0
2017,6,2,20,2,22.0925739746094,0
2017,6,2,20,2,24.2332189941406,0
2017,6,2,20,2,26.0440349121094,0
2017,6,2,20,2,28.0161459960938,0
2017,6,2,20,2,30.0868461914062,0
2017,6,2,20,2,31.9702338867187,0
2017,6,2,20,2,33.8090998535156,0
2017,6,2,20,2,35.7240549316406,0
2017,6,2,20,2,37.6118740234375,0
2017,6,2,20,2,39.434705078125,0
2017,6,2,20,2,41.240376953125,0
2017,6,2,20,2,43.3508779296875,0
2017,6,2,20,2,45.1566938476562,0
2017,6,2,20,2,47.09220703125,1
2017,6,2,20,2,48.9804248046875,1
2017,6,2,20,2,50.7863937988281,1
2017,6,2,20,2,52.6213010253906,1
2017,6,2,20,2,54.4298950195313,1
2017,6,2,20,2,56.250166015625,1
2017,6,2,20,2,58.2444699707031,1
2017,6,2,20,3,0.053498046875,1
2017,6,2,20,3,1.920876953125,1
2017,6,2,20,3,3.83669897460938,1
2017,6,2,20,3,5.65060815429687,1
2017,6,2,20,3,7.46695483398438,1
2017,6,2,20,3,9.62103515625,1
2017,6,2,20,3,11.4433090820313,1
2017,6,2,20,3,13.25696484375,1
2017,6,2,20,3,15.1646879882812,1
2017,6,2,20,3,17.0834099121094,1
2017,6,2,20,3,19.0285109863281,1
2017,6,2,20,3,20.9595991210937,1
2017,6,2,20,3,22.8033801269531,1
2017,6,2,20,3,24.9534851074219,1
2017,6,2,20,3,26.7961589355469,1
2017,6,2,20,3,28.6608811035156,1
2017,6,2,20,3,30.566369140625,1
2017,6,2,20,3,32.4579638671875,1
2017,6,2,20,3,34.4393029785156,1
2017,6,2,20,3,36.2449870605469,1
2017,6,2,20,3,38.1051669921875,1
2017,6,2,20,3,40.02733203125,1
2017,6,2,20,3,42.1037680664063,1
2017,6,2,20,3,43.9096079101562,1
2017,6,2,20,3,45.8394189453125,1
2017,6,2,20,3,47.6452770996094,1
2017,6,2,20,3,49.4520849609375,1
2017,6,2,20,3,51.3600009765625,1
2017,6,2,20,3,53.4340009765625,1
2017,6,2,20,3,55.2398359375,1
2017,6,2,20,3,57.0750288085937,1
2017,6,2,20,3,59.1198798828125,1
2017,6,2,20,4,0.947946044921875,1
2017,6,2,20,4,2.85373803710938,1
2017,6,2,20,4,4.66703295898438,1
2017,6,2,20,4,6.47283422851562,1
2017,6,2,20,4,8.60326611328125,1
2017,6,2,20,4,10.4559189453125,1
2017,6,2,20,4,12.3010100097656,1
2017,6,2,20,4,14.1700051269531,1
2017,6,2,20,4,16.1357019042969,1
2017,6,2,20,4,17.9428569335937,1
2017,6,2,20,4,19.8249580078125,1
2017,6,2,20,4,21.6585109863281,1
2017,6,2,20,4,23.482876953125,1
2017,6,2,20,4,25.2886318359375,1
2017,6,2,20,4,27.18612109375,1
2017,6,2,20,4,29.158744140625,1
2017,6,2,20,4,31.0454221191406,1
2017,6,2,20,4,32.9019970703125,1
2017,6,2,20,4,34.7850119628906,1
2017,6,2,20,4,36.6442749023438,1
2017,6,2,20,4,38.6758708496094,1
2017,6,2,20,4,40.4925139160156,1
2017,6,2,20,4,42.3707790527344,1
2017,6,2,20,4,44.2805500488281,1
2017,6,2,20,4,46.1358918457031,1
2017,6,2,20,4,48.1277429199219,1
2017,6,2,20,4,50.1232280273437,1
2017,6,2,20,4,51.9289240722656,0
2017,6,2,20,4,53.9269799804688,0
2017,6,2,20,4,55.7372661132813,0
2017,6,2,20,4,57.67112890625,0
2017,6,2,20,4,59.5506159667969,0
2017,6,2,20,5,1.48642895507813,0
2017,6,2,20,5,3.59893798828125,0
2017,6,2,20,5,5.4464619140625,1
2017,6,2,20,5,7.254298828125,1
2017,6,2,20,5,9.1760849609375,1
2017,6,2,20,5,11.0044169921875,1
2017,6,2,20,5,12.8769479980469,1
2017,6,2,20,5,14.79125,1
2017,6,2,20,5,16.6236318359375,1
2017,6,2,20,5,18.572416015625,1
2017,6,2,20,5,20.4959379882812,1
2017,6,2,20,5,22.3018010253906,1
2017,6,2,20,5,24.1905278320313,1
2017,6,2,20,5,26.1474509277344,1
2017,6,2,20,5,27.9534099121094,1
2017,6,2,20,5,29.9019560546875,1
2017,6,2,20,5,31.707876953125,1
2017,6,2,20,5,33.5138491210937,1
2017,6,2,20,5,35.5184670410156,1
2017,6,2,20,5,37.324166015625,1
2017,6,2,20,5,39.1388149414063,1
2017,6,2,20,5,41.0793491210937,1
2017,6,2,20,5,42.9353671875,1
2017,6,2,20,5,44.7412541503906,1
2017,6,2,20,5,46.5687729492187,1
2017,6,2,20,5,48.5082331542969,1
2017,6,2,20,5,50.3295239257813,1
2017,6,2,20,5,52.1561337890625,1
2017,6,2,20,5,54.1456130371094,1
2017,6,2,20,5,55.9514921875,1
2017,6,2,20,5,57.7575678710937,1
2017,6,2,20,5,59.611833984375,1
2017,6,2,20,6,1.49842700195312,1
2017,6,2,20,6,3.59172705078125,1
2017,6,2,20,6,5.54440991210937,1
2017,6,2,20,6,7.50853295898438,1
2017,6,2,20,6,9.55248413085937,1
2017,6,2,20,6,11.3616198730469,1
2017,6,2,20,6,13.2229421386719,1
2017,6,2,20,6,15.1787319335938,1
2017,6,2,20,6,17.2129919433594,1
2017,6,2,20,6,19.1687390136719,1
2017,6,2,20,6,21.2429650878906,1
2017,6,2,20,6,23.2288840332031,0
2017,6,2,20,6,25.0347658691406,1
2017,6,2,20,6,26.9314748535156,1
2017,6,2,20,6,29.0240568847656,1
2017,6,2,20,6,30.889748046875,1
2017,6,2,20,6,32.7128400878906,1
2017,6,2,20,6,34.7135979003906,1
2017,6,2,20,6,36.536712890625,1
2017,6,2,20,6,38.4905830078125,1
2017,6,2,20,6,40.2962839355469,1
2017,6,2,20,6,42.1550358886719,1
2017,6,2,20,6,44.180376953125,1
2017,6,2,20,6,45.9860930175781,1
2017,6,2,20,6,47.8996091308594,1
2017,6,2,20,6,49.8481340332031,1
2017,6,2,20,6,51.730294921875,1
2017,6,2,20,6,53.678798828125,1
2017,6,2,20,6,55.5213078613281,1
2017,6,2,20,6,57.3272700195312,1
2017,6,2,20,6,59.21062890625,1
2017,6,2,20,7,1.19002612304687,1
2017,6,2,20,7,3.13069018554688,1
2017,6,2,20,7,5.09771899414063,1
2017,6,2,20,7,6.97404418945313,1
2017,6,2,20,7,8.81143798828125,1
2017,6,2,20,7,10.8416198730469,1
2017,6,2,20,7,12.6473610839844,1
2017,6,2,20,7,14.5026340332031,1
2017,6,2,20,7,16.3084340820313,1
2017,6,2,20,7,18.1142639160156,1
2017,6,2,20,7,19.9203210449219,1
2017,6,2,20,7,21.725994140625,1
2017,6,2,20,7,23.5317390136719,1
2017,6,2,20,7,25.3374609375,1
2017,6,2,20,7,27.1432619628906,1
2017,6,2,20,7,28.9492180175781,1
2017,6,2,20,7,30.7549040527344,1
2017,6,2,20,7,32.56071484375,1
2017,6,2,20,7,34.3664418945312,1
2017,6,2,20,7,36.172251953125,1
2017,6,2,20,7,37.9780930175781,1
2017,6,2,20,7,39.7837639160156,1
2017,6,2,20,7,41.5895148925781,1
2017,6,2,20,7,43.395294921875,1
2017,6,2,20,7,45.2011179199219,1
2017,6,2,20,7,47.0070290527344,1
2017,6,2,20,7,48.8127470703125,1
2017,6,2,20,7,50.6184558105469,1
2017,6,2,20,7,52.4243510742187,1
2017,6,2,20,7,54.2301381835938,1
2017,6,2,20,7,56.0359030761719,1
2017,6,2,20,7,57.8417648925781,1
2017,6,2,20,7,59.6476550292969,1
2017,6,2,20,8,1.45357983398438,1
2017,6,2,20,8,3.25944409179688,1
2017,6,2,20,8,5.06530908203125,1
2017,6,2,20,8,6.87126586914063,1
2017,6,2,20,8,8.677166015625,1
2017,6,2,20,8,10.482875,1
2017,6,2,20,8,12.2885690917969,1
2017,6,2,20,8,14.0943410644531,1
2017,6,2,20,8,15.9001401367188,1
2017,6,2,20,8,17.70599609375,1
2017,6,2,20,8,19.5118310546875,1
2017,6,2,20,8,21.317591796875,1
2017,6,2,20,8,23.123298828125,1
2017,6,2,20,8,24.9290500488281,1
2017,6,2,20,8,26.7347661132812,1
2017,6,2,20,8,28.5407150878906,1
2017,6,2,20,8,30.34662890625,1
2017,6,2,20,8,32.1528371582031,1
2017,6,2,20,8,33.9586359863281,1
2017,6,2,20,8,35.7643210449219,1
2017,6,2,20,8,37.5701989746094,1
2017,6,2,20,8,39.3758969726562,1
2017,6,2,20,8,41.182166015625,1
2017,6,2,20,8,42.9877980957031,1
2017,6,2,20,8,44.7934670410156,1
2017,6,2,20,8,46.59941796875,1
2017,6,2,20,8,48.4052700195313,1
2017,6,2,20,8,50.2112219238281,1
2017,6,2,20,8,52.0169421386719,1
2017,6,2,20,8,53.8227990722656,1
2017,6,2,20,8,55.62846484375,1
2017,6,2,20,8,57.4344111328125,1
2017,6,2,20,8,59.2401818847656,1
2017,6,2,20,9,1.04596801757812,1
2017,6,2,20,9,2.85180004882812,1
2017,6,2,20,9,4.6575029296875,1
2017,6,2,20,9,6.46342602539062,1
2017,6,2,20,9,8.26926293945312,1
2017,6,2,20,9,10.0751669921875,1
2017,6,2,20,9,11.8808940429687,1
2017,6,2,20,9,13.6867238769531,1
2017,6,2,20,9,15.4924650878906,1
2017,6,2,20,9,17.2982600097656,1
2017,6,2,20,9,19.1047370605469,1
2017,6,2,20,9,20.9104899902344,1
2017,6,2,20,9,22.7162229003906,1
2017,6,2,20,9,24.5220498046875,1
2017,6,2,20,9,26.3280139160156,1
2017,6,2,20,9,28.1338041992188,1
2017,6,2,20,9,29.9394760742187,1
2017,6,2,20,9,31.7453330078125,1
2017,6,2,20,9,33.5511960449219,1
2017,6,2,20,9,35.3569951171875,1
2017,6,2,20,9,37.1626921386719,1
2017,6,2,20,9,38.9684050292969,1
2017,6,2,20,9,40.7741430664063,1
2017,6,2,20,9,42.5798530273438,1
2017,6,2,20,9,44.3856020507813,1
2017,6,2,20,9,46.1913928222656,1
2017,6,2,20,9,47.9971630859375,1
2017,6,2,20,9,49.8029890136719,1
2017,6,2,20,9,51.6088059082031,1
2017,6,2,20,9,53.4146489257813,1
2017,6,2,20,9,55.2203110351563,1
2017,6,2,20,9,57.026046875,1
2017,6,2,20,9,58.8317470703125,1
2017,6,2,20,10,0.637466064453125,1
2017,6,2,20,10,2.443173828125,1
2017,6,2,20,10,4.249041015625,1
2017,6,2,20,10,6.05473803710937,1
2017,6,2,20,10,7.86059692382813,1
2017,6,2,20,10,9.66648999023437,1
2017,6,2,20,10,11.4723979492188,1
2017,6,2,20,10,13.2781750488281,1
2017,6,2,20,10,15.08404296875,1
2017,6,2,20,10,16.8899040527344,1
2017,6,2,20,10,18.6957309570313,1
2017,6,2,20,10,20.5016879882813,1
2017,6,2,20,10,22.3073720703125,1
2017,6,2,20,10,24.113248046875,1
2017,6,2,20,10,25.9189689941406,0
2017,6,2,20,10,27.7248549804687,0
2017,6,2,20,10,29.5304538574219,0
2017,6,2,20,10,31.336376953125,0
2017,6,2,20,10,33.1428061523438,0
2017,6,2,20,10,34.9486879882813,0
2017,6,2,20,10,36.7544519042969,0
2017,6,2,20,10,38.5603991699219,0
2017,6,2,20,10,40.3661909179688,0
2017,6,2,20,10,42.1719360351562,0
2017,6,2,20,10,43.9865290527344,0
2017,6,2,20,10,45.7923120117187,0
2017,6,2,20,10,47.5982209472656,0
2017,6,2,20,10,49.4039040527344,0
2017,6,2,20,10,51.2098049316406,0
2017,6,2,20,10,53.0158010253906,0
2017,6,2,20,10,54.8216669921875,0
2017,6,2,20,10,56.6275109863281,0
2017,6,2,20,10,58.4333830566406,0
2017,6,2,20,11,0.239238037109375,0
2017,6,2,20,11,2.04508715820312,0
2017,6,2,20,11,3.85103979492188,0
2017,6,2,20,11,5.65681689453125,0
2017,6,2,20,11,7.4626279296875,0
2017,6,2,20,11,9.26845190429687,0
2017,6,2,20,11,11.074333984375,0
2017,6,2,20,11,12.8802800292969,0
2017,6,2,20,11,14.6862731933594,0
2017,6,2,20,11,16.4921359863281,0
2017,6,2,20,11,18.2979189453125,0
2017,6,2,20,11,20.1038488769531,0
2017,6,2,20,11,21.9097758789062,0
2017,6,2,20,11,23.7155380859375,0
2017,6,2,20,11,25.5469150390625,0
2017,6,2,20,11,27.3526999511719,0
2017,6,2,20,11,29.1584128417969,0
2017,6,2,20,11,30.9641689453125,0
2017,6,2,20,11,32.7698928222656,0
2017,6,2,20,11,34.5755861816406,0
2017,6,2,20,11,36.3815168457031,0
2017,6,2,20,11,38.1872099609375,0
2017,6,2,20,11,39.9930698242188,0
2017,6,2,20,11,41.7989899902344,0
2017,6,2,20,11,43.6048559570312,0
2017,6,2,20,11,45.4105620117188,0
2017,6,2,20,11,47.2164479980469,0
2017,6,2,20,11,49.0222490234375,0
2017,6,2,20,11,50.8281950683594,0
2017,6,2,20,11,52.6339541015625,0
2017,6,2,20,11,54.4399020996094,0
2017,6,2,20,11,56.2458488769531,0
2017,6,2,20,11,58.05170703125,0
2017,6,2,20,11,59.8574860839844,1
2017,6,2,20,12,1.6632099609375,1
2017,6,2,20,12,3.46893090820312,1
2017,6,2,20,12,5.27484497070312,1
2017,6,2,20,12,7.08060693359375,1
2017,6,2,20,12,8.88634399414062,1
2017,6,2,20,12,10.6920520019531,1
2017,6,2,20,12,12.4979670410156,1
2017,6,2,20,12,14.3037260742187,1
2017,6,2,20,12,16.1095510253906,1
2017,6,2,20,12,17.9153859863281,1
2017,6,2,20,12,19.7211589355469,1
2017,6,2,20,12,21.5270930175781,1
2017,6,2,20,12,23.3330009765625,1
2017,6,2,20,12,25.1387551269531,1
2017,6,2,20,12,26.944705078125,1
2017,6,2,20,12,28.7505048828125,1
2017,6,2,20,12,30.5563059082031,1
2017,6,2,20,12,32.362208984375,1
2017,6,2,20,12,34.1680109863281,1
2017,6,2,20,12,35.9738891601562,1
2017,6,2,20,12,37.7798310546875,1
2017,6,2,20,12,39.5857219238281,1
2017,6,2,20,12,41.3915041503906,1
2017,6,2,20,12,43.1974431152344,1
2017,6,2,20,12,45.0033010253906,1
2017,6,2,20,12,46.8089868164062,1
2017,6,2,20,12,48.6149348144531,1
2017,6,2,20,12,50.4207600097656,1
2017,6,2,20,12,52.2265678710937,1
2017,6,2,20,12,54.0324741210937,1
2017,6,2,20,12,55.8382060546875,1
2017,6,2,20,12,57.6438798828125,1
2017,6,2,20,12,59.4497658691406,1
2017,6,2,20,13,1.25557592773437,1
2017,6,2,20,13,3.06126586914062,1
2017,6,2,20,13,4.867119140625,1
2017,6,2,20,13,6.67302490234375,1
2017,6,2,20,13,8.47890893554687,1
2017,6,2,20,13,10.2845671386719,1
2017,6,2,20,13,12.090498046875,1
2017,6,2,20,13,13.8964489746094,1
2017,6,2,20,13,15.7023078613281,1
2017,6,2,20,13,17.50812890625,1
2017,6,2,20,13,19.3138139648437,1
2017,6,2,20,13,21.1196879882812,1
2017,6,2,20,13,22.9256479492187,1
2017,6,2,20,13,24.7316069335937,1
2017,6,2,20,13,26.5375319824219,1
2017,6,2,20,13,28.3432729492188,1
2017,6,2,20,13,30.1559060058594,1
2017,6,2,20,13,31.9616369628906,1
2017,6,2,20,13,33.7675380859375,1
2017,6,2,20,13,35.5890952148438,1
2017,6,2,20,13,37.3949838867187,1
2017,6,2,20,13,39.2154670410156,1
2017,6,2,20,13,41.0330961914063,1
2017,6,2,20,13,42.8460219726563,1
2017,6,2,20,13,44.6518139648437,1
2017,6,2,20,13,46.4576220703125,1
2017,6,2,20,13,48.2634790039062,1
2017,6,2,20,13,50.06941015625,1
2017,6,2,20,13,51.8753618164062,1
2017,6,2,20,13,53.6814118652344,1
2017,6,2,20,13,55.487291015625,1
2017,6,2,20,13,57.3025300292969,1
2017,6,2,20,13,59.1083911132813,1
2017,6,2,20,14,0.914177001953125,1
2017,6,2,20,14,2.71999780273438,1
2017,6,2,20,14,4.5257890625,1
2017,6,2,20,14,6.33159204101563,1
2017,6,2,20,14,8.13739306640625,1
2017,6,2,20,14,9.94307592773437,1
2017,6,2,20,14,11.7488330078125,1
2017,6,2,20,14,13.554541015625,1
2017,6,2,20,14,15.3604660644531,1
2017,6,2,20,14,17.1664072265625,1
2017,6,2,20,14,18.9722248535156,1
2017,6,2,20,14,20.778044921875,1
2017,6,2,20,14,22.5839641113281,1
2017,6,2,20,14,24.3898200683594,1
2017,6,2,20,14,26.1956538085938,1
2017,6,2,20,14,28.00154296875,1
2017,6,2,20,14,29.8070979003906,1
2017,6,2,20,14,31.6130439453125,1
2017,6,2,20,14,33.4189309082031,1
2017,6,2,20,14,35.2246010742187,1
2017,6,2,20,14,37.0303071289063,1
2017,6,2,20,14,38.8361530761719,1
2017,6,2,20,14,40.6419809570313,1
2017,6,2,20,14,42.4477561035156,1
2017,6,2,20,14,44.2535300292969,1
2017,6,2,20,14,46.0592351074219,1
2017,6,2,20,14,47.864958984375,1
2017,6,2,20,14,49.6706398925781,1
2017,6,2,20,14,51.4764968261719,1
2017,6,2,20,14,53.2823637695313,1
2017,6,2,20,14,55.0880178222656,1
2017,6,2,20,14,56.895876953125,1
2017,6,2,20,14,58.7017067871094,1
2017,6,2,20,15,0.507431884765625,1
2017,6,2,20,15,2.31314208984375,1
2017,6,2,20,15,4.1188359375,1
2017,6,2,20,15,5.9247509765625,1
2017,6,2,20,15,7.73069604492188,1
2017,6,2,20,15,9.5366630859375,1
2017,6,2,20,15,11.3423581542969,1
2017,6,2,20,15,13.148171875,1
2017,6,2,20,15,14.9539030761719,1
2017,6,2,20,15,16.75970703125,1
2017,6,2,20,15,18.5655661621094,1
2017,6,2,20,15,20.3712448730469,1
2017,6,2,20,15,22.1770051269531,1
2017,6,2,20,15,23.9828649902344,1
2017,6,2,20,15,25.7885251464844,1
2017,6,2,20,15,27.5942932128906,1
2017,6,2,20,15,29.4004990234375,1
2017,6,2,20,15,31.2064040527344,1
2017,6,2,20,15,33.0122521972656,1
2017,6,2,20,15,34.8181828613281,1
2017,6,2,20,15,36.6239819335937,1
2017,6,2,20,15,38.4296579589844,1
2017,6,2,20,15,40.2354909667969,1
2017,6,2,20,15,42.04145703125,1
2017,6,2,20,15,43.8474260253906,1
2017,6,2,20,15,45.6534519042969,1
2017,6,2,20,15,47.4592021484375,1
2017,6,2,20,15,49.2649541015625,1
2017,6,2,20,15,51.0706911621094,1
2017,6,2,20,15,52.8763781738281,1
2017,6,2,20,15,54.6822590332031,1
2017,6,2,20,15,56.4880900878906,1
2017,6,2,20,15,58.2941389160156,1
2017,6,2,20,16,0.0998330078125,1
2017,6,2,20,16,1.90631884765625,1
2017,6,2,20,16,3.71221411132812,1
2017,6,2,20,16,5.51803588867188,1
2017,6,2,20,16,7.32373315429687,1
2017,6,2,20,16,9.12954296875,1
2017,6,2,20,16,10.9354299316406,1
2017,6,2,20,16,12.7412341308594,1
2017,6,2,20,16,14.5471159667969,1
2017,6,2,20,16,16.3528859863281,1
2017,6,2,20,16,18.1586240234375,1
2017,6,2,20,16,19.9645729980469,1
2017,6,2,20,16,21.770328125,1
2017,6,2,20,16,23.5761179199219,1
2017,6,2,20,16,25.3818139648438,1
2017,6,2,20,16,27.1875319824219,1
2017,6,2,20,16,28.9934230957031,1
2017,6,2,20,16,30.7993481445313,1
2017,6,2,20,16,32.6052438964844,1
2017,6,2,20,16,34.4108720703125,1
2017,6,2,20,16,36.2166928710937,1
2017,6,2,20,16,38.0225849609375,1
2017,6,2,20,17,10.3184541015625,1
2017,6,2,20,17,12.1241850585937,1
2017,6,2,20,17,13.9298999023438,1
2017,6,2,20,17,15.7357238769531,1
2017,6,2,20,17,17.5415461425781,1
2017,6,2,20,17,19.3474379882812,1
2017,6,2,20,17,21.1531701660156,1
2017,6,2,20,17,22.9588708496094,1
2017,6,2,20,17,24.7645600585938,1
2017,6,2,20,17,26.5703659667969,1
2017,6,2,20,17,28.3762119140625,1
2017,6,2,20,17,30.18199609375,1
2017,6,2,20,17,31.9877709960938,1
2017,6,2,20,17,33.7936611328125,1
2017,6,2,20,17,35.5995490722656,1
2017,6,2,20,17,37.4052849121094,1
2017,6,2,20,17,39.2111359863281,1
2017,6,2,20,17,41.0270920410156,1
2017,6,2,20,17,42.8328239746094,1
2017,6,2,20,17,44.6387009277344,1
2017,6,2,20,17,46.4444611816406,1
2017,6,2,20,17,48.2503159179687,1
2017,6,2,20,17,50.0561420898438,1
2017,6,2,20,17,51.8619638671875,1
2017,6,2,20,17,53.6677719726562,1
2017,6,2,20,17,55.4736420898438,1
2017,6,2,20,17,57.2795578613281,1
2017,6,2,20,17,59.0853649902344,1
2017,6,2,20,18,0.89106884765625,1
2017,6,2,20,18,2.69710595703125,1
2017,6,2,20,18,4.5027900390625,1
2017,6,2,20,18,6.30866796875,1
2017,6,2,20,18,8.11438989257812,1
2017,6,2,20,18,9.92010595703125,1
2017,6,2,20,18,11.7257749023437,1
2017,6,2,20,18,13.5316528320313,1
2017,6,2,20,18,15.3375991210937,1
2017,6,2,20,18,17.1435100097656,1
2017,6,2,20,18,18.9492548828125,1
2017,6,2,20,18,20.7549331054688,1
2017,6,2,20,18,22.5607619628906,1
2017,6,2,20,18,24.3666479492187,1
2017,6,2,20,18,26.1733759765625,1
2017,6,2,20,18,27.9792580566406,1
2017,6,2,20,18,29.7850649414063,1
2017,6,2,20,18,31.5908640136719,1
2017,6,2,20,18,33.3967658691406,1
2017,6,2,20,18,35.2026970214844,1
2017,6,2,20,18,37.0084479980469,1
2017,6,2,20,18,38.8141579589844,1
2017,6,2,20,18,40.6200009765625,1
2017,6,2,20,18,42.425708984375,1
2017,6,2,20,18,44.2315568847656,1
2017,6,2,20,18,46.0372900390625,1
2017,6,2,20,18,47.8429711914062,1
2017,6,2,20,18,49.6488229980469,1
2017,6,2,20,18,51.4545578613281,1
2017,6,2,20,18,53.2603791503906,1
2017,6,2,20,18,55.0661120605469,1
2017,6,2,20,18,56.871912109375,1
2017,6,2,20,18,58.6776860351562,1
2017,6,2,20,19,0.483536865234375,1
2017,6,2,20,19,2.28927392578125,1
2017,6,2,20,19,4.09494995117188,1
2017,6,2,20,19,5.90086108398437,1
2017,6,2,20,19,7.7067548828125,1
2017,6,2,20,19,9.5127080078125,1
2017,6,2,20,19,11.3187229003906,1
2017,6,2,20,19,13.1243840332031,1
2017,6,2,20,19,14.930248046875,1
2017,6,2,20,19,16.7360629882813,1
2017,6,2,20,19,18.5419699707031,1
2017,6,2,20,19,20.347755859375,1
2017,6,2,20,19,22.1534860839844,1
2017,6,2,20,19,23.9592849121094,1
2017,6,2,20,19,25.7650029296875,1
2017,6,2,20,19,27.5707768554688,1
2017,6,2,20,19,29.37666015625,1
2017,6,2,20,19,31.1825610351563,1
2017,6,2,20,19,32.9884738769531,1
2017,6,2,20,19,34.79420703125,1
2017,6,2,20,19,36.6000329589844,1
2017,6,2,20,19,38.405703125,1
2017,6,2,20,19,40.2114580078125,1
2017,6,2,20,19,42.0171950683594,1
2017,6,2,20,19,43.8229721679688,1
2017,6,2,20,19,45.6288049316406,1
2017,6,2,20,19,47.4347199707031,1
2017,6,2,20,19,49.2405168457031,1
2017,6,2,20,19,51.0463940429687,1
2017,6,2,20,19,52.8523469238281,1
2017,6,2,20,19,54.6580241699219,1
2017,6,2,20,19,56.4638249511719,1
2017,6,2,20,19,58.2698020019531,1
2017,6,2,20,20,0.075505126953125,1
2017,6,2,20,20,1.881458984375,1
2017,6,2,20,20,3.68776489257812,1
2017,6,2,20,20,5.49351098632812,1
2017,6,2,20,20,7.56085620117187,1
2017,6,2,20,20,9.53416796875,1
2017,6,2,20,20,11.3815910644531,1
2017,6,2,20,20,13.1873837890625,1
2017,6,2,20,20,15.1725290527344,1
2017,6,2,20,20,17.0123510742187,1
2017,6,2,20,20,18.97125,1
2017,6,2,20,20,20.7769279785156,1
2017,6,2,20,20,22.5827819824219,1
2017,6,2,20,20,24.5595688476563,1
2017,6,2,20,20,26.3653979492187,1
2017,6,2,20,20,28.3837338867188,1
2017,6,2,20,20,30.2113439941406,1
2017,6,2,20,20,32.0855529785156,1
2017,6,2,20,20,34.0319050292969,1
2017,6,2,20,20,35.9115100097656,1
2017,6,2,20,20,37.7188898925781,1
2017,6,2,20,20,39.5902048339844,1
2017,6,2,20,20,41.5718249511719,1
2017,6,2,20,20,43.7686789550781,1
2017,6,2,20,20,45.5816499023437,1
2017,6,2,20,20,47.5720861816406,1
2017,6,2,20,20,49.5913830566406,1
2017,6,2,20,20,51.4254760742188,1
2017,6,2,20,20,53.4175461425781,1
2017,6,2,20,20,55.2233879394531,1
2017,6,2,20,20,57.068501953125,1
2017,6,2,20,20,59.0147841796875,1
2017,6,2,20,21,0.8309208984375,1
2017,6,2,20,21,2.674171875,1
2017,6,2,20,21,4.6128408203125,1
2017,6,2,20,21,6.5626240234375,1
2017,6,2,20,21,8.3894638671875,1
2017,6,2,20,21,10.2725988769531,1
2017,6,2,20,21,12.25303515625,1
2017,6,2,20,21,14.1588149414063,1
2017,6,2,20,21,16.3750810546875,1
2017,6,2,20,21,18.2231850585937,1
2017,6,2,20,21,20.2346479492188,1
2017,6,2,20,21,22.0461140136719,1
2017,6,2,20,21,24.0267028808594,1
2017,6,2,20,21,26.2151379394531,1
2017,6,2,20,21,28.08974609375,1
2017,6,2,20,21,30.0465729980469,1
2017,6,2,20,21,31.8645698242188,1
2017,6,2,20,21,33.7778210449219,1
2017,6,2,20,21,35.587755859375,1
2017,6,2,20,21,37.5634538574219,1
2017,6,2,20,21,39.7931809082031,1
2017,6,2,20,21,41.6305051269531,1
2017,6,2,20,21,43.5939890136719,1
2017,6,2,20,21,45.4698920898438,1
2017,6,2,20,21,47.3121879882813,1
2017,6,2,20,21,49.2337670898438,1
2017,6,2,20,21,51.1081840820313,1
2017,6,2,20,21,53.0634118652344,1
2017,6,2,20,21,54.8982880859375,1
2017,6,2,20,21,56.8236989746094,1
2017,6,2,20,21,58.639826171875,1
2017,6,2,20,22,0.58410693359375,1
2017,6,2,20,22,2.55416381835937,1
2017,6,2,20,22,4.58719702148437,1
2017,6,2,20,22,6.60446508789062,1
2017,6,2,20,22,8.74798608398438,1
2017,6,2,20,22,10.564455078125,1
2017,6,2,20,22,12.44866796875,1
2017,6,2,20,22,14.3582019042969,1
2017,6,2,20,22,16.238205078125,1
2017,6,2,20,22,18.0441840820313,1
2017,6,2,20,22,20.0526760253906,1
2017,6,2,20,22,21.8789260253906,1
2017,6,2,20,22,23.9861281738281,1
2017,6,2,20,22,25.8323259277344,1
2017,6,2,20,22,27.6382580566406,1
2017,6,2,20,22,29.6273459472656,1
2017,6,2,20,22,31.433171875,1
2017,6,2,20,22,33.2390390625,1
2017,6,2,20,22,35.2825688476563,1
2017,6,2,20,22,37.0883601074219,1
2017,6,2,20,22,39.1826799316406,1
2017,6,2,20,22,41.1543979492187,1
2017,6,2,20,22,42.9667980957031,1
2017,6,2,20,22,44.7725529785156,1
2017,6,2,20,22,46.6154948730469,1
2017,6,2,20,22,48.6098278808594,1
2017,6,2,20,22,50.4238569335937,1
2017,6,2,20,22,52.3256918945313,1
2017,6,2,20,22,54.3400300292969,1
2017,6,2,20,22,56.3290219726562,1
2017,6,2,20,22,58.3194221191406,1
2017,6,2,20,23,0.265921142578125,1
2017,6,2,20,23,2.1904609375,1
2017,6,2,20,23,4.29706396484375,1
2017,6,2,20,23,6.2560419921875,1
2017,6,2,20,23,8.17773608398437,1
2017,6,2,20,23,10.4276970214844,0
2017,6,2,20,23,12.2334411621094,0
2017,6,2,20,23,14.3178459472656,0
2017,6,2,20,23,16.3995610351562,0
2017,6,2,20,23,18.2877868652344,1
2017,6,2,20,23,20.0936520996094,1
2017,6,2,20,23,21.9020568847656,1
2017,6,2,20,23,23.8645041503906,1
2017,6,2,20,23,25.67021484375,1
2017,6,2,20,23,27.6420419921875,1
2017,6,2,20,23,29.4662458496094,1
2017,6,2,20,23,31.9400339355469,1
2017,6,2,20,23,33.7459877929687,1
2017,6,2,20,23,35.5517521972656,1
2017,6,2,20,23,37.3574909667969,1
2017,6,2,20,23,39.1632348632812,1
2017,6,2,20,23,40.9691279296875,1
2017,6,2,20,23,42.7747958984375,1
2017,6,2,20,23,44.5806127929688,1
2017,6,2,20,23,46.3865939941406,1
2017,6,2,20,23,48.1923288574219,1
2017,6,2,20,23,49.9981760253906,1
2017,6,2,20,23,51.8040080566406,1
2017,6,2,20,23,53.6099208984375,1
2017,6,2,20,23,55.4157729492187,1
2017,6,2,20,23,57.2216921386719,1
2017,6,2,20,23,59.0277351074219,1
2017,6,2,20,24,0.833432861328125,1
2017,6,2,20,24,2.63915698242188,1
2017,6,2,20,24,4.44505004882812,1
2017,6,2,20,24,6.25097192382812,1
2017,6,2,20,24,8.0566650390625,1
2017,6,2,20,24,9.862369140625,1
2017,6,2,20,24,11.6680390625,1
2017,6,2,20,24,13.4738649902344,1
2017,6,2,20,24,15.27980078125,1
2017,6,2,20,24,17.0855710449219,1
2017,6,2,20,24,18.8914338378906,1
2017,6,2,20,24,20.69745703125,1
2017,6,2,20,24,22.5029580078125,1
2017,6,2,20,24,24.3086398925781,1
2017,6,2,20,24,26.1145178222656,1
2017,6,2,20,24,27.9202060546875,1
2017,6,2,20,24,29.7258920898438,1
2017,6,2,20,24,31.5317048339844,1
2017,6,2,20,24,33.3375991210938,1
2017,6,2,20,24,35.1434299316406,1
2017,6,2,20,24,36.9492258300781,1
2017,6,2,20,24,38.7549880371094,1
2017,6,2,20,24,40.5606689453125,1
2017,6,2,20,24,42.3663620605469,1
2017,6,2,20,24,44.1722541503906,1
2017,6,2,20,24,45.9782319335937,1
2017,6,2,20,24,47.7839450683594,1
2017,6,2,20,24,49.5898898925781,1
2017,6,2,20,24,51.3963100585937,1
2017,6,2,20,24,53.2020339355469,1
2017,6,2,20,24,55.0077250976562,1
2017,6,2,20,24,56.8136721191406,1
2017,6,2,20,24,58.6196101074219,1
2017,6,2,20,25,0.425473876953125,1
2017,6,2,20,25,2.23126708984375,1
2017,6,2,20,25,4.03703100585938,1
2017,6,2,20,25,5.84273999023438,1
2017,6,2,20,25,7.64842602539063,1
2017,6,2,20,25,9.45410302734375,1
2017,6,2,20,25,11.2599799804687,1
2017,6,2,20,25,13.065669921875,1
2017,6,2,20,25,14.8714099121094,1
2017,6,2,20,25,16.6771208496094,1
2017,6,2,20,25,18.4827980957031,1
2017,6,2,20,25,20.2886508789062,1
2017,6,2,20,25,22.0945498046875,1
2017,6,2,20,25,23.9004560546875,1
2017,6,2,20,25,25.7062099609375,1
2017,6,2,20,25,27.5119050292969,1
2017,6,2,20,25,29.3176340332031,1
2017,6,2,20,25,31.1235671386719,1
2017,6,2,20,25,32.9296110839844,1
2017,6,2,20,25,34.73541796875,1
2017,6,2,20,25,36.5410849609375,1
2017,6,2,20,25,38.3468388671875,1
2017,6,2,20,25,40.152537109375,1
2017,6,2,20,25,41.9582670898438,1
2017,6,2,20,25,43.7641450195312,1
2017,6,2,20,25,45.5701530761719,1
2017,6,2,20,25,47.3759650878906,1
2017,6,2,20,25,49.1816730957031,1
2017,6,2,20,25,50.9876130371094,1
2017,6,2,20,25,52.7934948730469,1
2017,6,2,20,25,54.5994118652344,1
2017,6,2,20,25,56.4051120605469,1
2017,6,2,20,25,58.2110148925781,1
2017,6,2,20,26,0.01697607421875,1
2017,6,2,20,26,1.82273706054688,1
2017,6,2,20,26,3.62868701171875,1
2017,6,2,20,26,5.4344599609375,1
2017,6,2,20,26,7.24030712890625,1
2017,6,2,20,26,9.0460068359375,1
2017,6,2,20,26,10.8516909179687,1
2017,6,2,20,26,12.6575461425781,1
2017,6,2,20,26,14.4632939453125,1
2017,6,2,20,26,16.2692248535156,1
2017,6,2,20,26,18.0750581054687,1
2017,6,2,20,26,19.8816909179688,1
2017,6,2,20,26,21.687625,1
2017,6,2,20,26,23.4935651855469,1
2017,6,2,20,26,25.2993937988281,1
2017,6,2,20,26,27.1052189941406,1
2017,6,2,20,26,28.9110290527344,1
2017,6,2,20,26,30.7168659667969,1
2017,6,2,20,26,32.5226188964844,1
2017,6,2,20,26,34.3284169921875,1
2017,6,2,20,26,36.1342399902344,1
2017,6,2,20,26,37.9401550292969,1
2017,6,2,20,26,39.7459157714844,1
2017,6,2,20,26,41.5519450683594,1
2017,6,2,20,26,43.3576608886719,1
2017,6,2,20,26,45.1634899902344,1
2017,6,2,20,26,46.9692890625,1
2017,6,2,20,26,48.7749990234375,1
2017,6,2,20,26,50.5809370117188,1
2017,6,2,20,26,52.3868820800781,1
2017,6,2,20,26,54.1928100585938,1
2017,6,2,20,26,55.9987448730469,1
2017,6,2,20,26,57.8044689941406,1
2017,6,2,20,26,59.6103220214844,1
2017,6,2,20,27,1.41618701171875,1
2017,6,2,20,27,3.22207177734375,1
2017,6,2,20,27,5.02790600585937,1
2017,6,2,20,27,6.83383984375,1
2017,6,2,20,27,8.63952294921875,1
2017,6,2,20,27,10.4452331542969,1
2017,6,2,20,27,12.2511379394531,1
2017,6,2,20,27,14.0570339355469,1
2017,6,2,20,27,15.8627470703125,1
2017,6,2,20,27,17.6684318847656,1
2017,6,2,20,27,19.4746320800781,1
2017,6,2,20,27,21.2805300292969,1
2017,6,2,20,27,23.0862409667969,1
2017,6,2,20,27,24.8920930175781,1
2017,6,2,20,27,26.6978469238281,1
2017,6,2,20,27,28.5037810058594,1
2017,6,2,20,27,30.3095688476563,1
2017,6,2,20,27,32.11525390625,1
2017,6,2,20,27,33.9210961914062,1
2017,6,2,20,27,35.7269489746094,1
2017,6,2,20,27,37.5328920898437,1
2017,6,2,20,27,39.3387561035156,1
2017,6,2,20,27,41.1445639648437,1
2017,6,2,20,27,42.9503811035156,1
2017,6,2,20,27,44.7563479003906,1
2017,6,2,20,27,46.56212890625,1
2017,6,2,20,27,48.3680090332031,1
2017,6,2,20,27,50.1737729492188,1
2017,6,2,20,27,51.9795788574219,1
2017,6,2,20,27,53.7855329589844,1
2017,6,2,20,27,55.5913879394531,1
2017,6,2,20,27,57.3972529296875,1
2017,6,2,20,27,59.2029479980469,1
2017,6,2,20,28,1.01048583984375,1
2017,6,2,20,28,2.81635083007813,1
2017,6,2,20,28,4.622033203125,1
2017,6,2,20,28,6.42793994140625,1
2017,6,2,20,28,8.23380493164063,1
2017,6,2,20,28,10.039498046875,1
2017,6,2,20,28,11.8454538574219,1
2017,6,2,20,28,13.6511689453125,1
2017,6,2,20,28,15.4571340332031,1
2017,6,2,20,28,17.2628049316406,1
2017,6,2,20,28,19.0687170410156,1
2017,6,2,20,28,20.8744567871094,1
2017,6,2,20,28,22.6801560058594,1
2017,6,2,20,28,24.48587890625,1
2017,6,2,20,28,26.2915607910156,1
2017,6,2,20,28,28.0973330078125,1
2017,6,2,20,28,29.903166015625,1
2017,6,2,20,28,31.7089899902344,1
2017,6,2,20,28,33.5148840332031,1
2017,6,2,20,28,35.32062109375,1
2017,6,2,20,28,37.126458984375,1
2017,6,2,20,28,38.9321599121094,1
2017,6,2,20,28,40.7380061035156,1
2017,6,2,20,28,42.5437541503906,1
2017,6,2,20,28,44.3496169433594,1
2017,6,2,20,28,46.1553010253906,1
2017,6,2,20,28,47.9609821777344,1
2017,6,2,20,28,49.7667729492187,1
2017,6,2,20,28,51.5724538574219,1
2017,6,2,20,28,53.3781459960937,1
2017,6,2,20,28,55.1838559570312,1
2017,6,2,20,28,56.9897380371094,1
2017,6,2,20,28,58.7955288085938,1
2017,6,2,20,29,0.60143896484375,1
2017,6,2,20,29,2.40718090820313,1
2017,6,2,20,29,4.212916015625,1
2017,6,2,20,29,6.01884887695313,1
2017,6,2,20,29,7.82452294921875,1
2017,6,2,20,29,9.6303310546875,1
2017,6,2,20,29,11.436080078125,1
2017,6,2,20,29,13.2419289550781,1
2017,6,2,20,29,15.0476469726562,1
2017,6,2,20,29,16.8534670410156,1
2017,6,2,20,29,18.6592358398437,1
2017,6,2,20,29,20.4649738769531,1
2017,6,2,20,29,22.2706560058594,1
2017,6,2,20,29,24.0764899902344,1
2017,6,2,20,29,25.8822780761719,1
2017,6,2,20,29,27.6881708984375,1
2017,6,2,20,29,29.4939421386719,1
2017,6,2,20,29,31.2997861328125,1
2017,6,2,20,29,33.1054609375,1
2017,6,2,20,29,34.9113840332031,1
2017,6,2,20,29,36.7172780761719,1
2017,6,2,20,29,38.5230178222656,1
2017,6,2,20,29,40.3289790039062,1
2017,6,2,20,29,42.1348920898438,1
2017,6,2,20,29,43.940841796875,1
2017,6,2,20,29,45.7469011230469,1
2017,6,2,20,29,47.5525988769531,1
2017,6,2,20,29,49.3582849121094,1
2017,6,2,20,29,51.1641450195312,1
2017,6,2,20,29,52.9698479003906,1
2017,6,2,20,29,54.7757939453125,1
2017,6,2,20,29,56.5817529296875,1
2017,6,2,20,29,58.3876818847656,1
2017,6,2,20,30,0.193367919921875,1
2017,6,2,20,30,1.9992001953125,1
2017,6,2,20,30,3.80516015625,1
2017,6,2,20,30,5.61101513671875,1
2017,6,2,20,30,7.41681787109375,1
2017,6,2,20,30,9.22267895507813,1
2017,6,2,20,30,11.0289968261719,1
2017,6,2,20,30,12.8352438964844,1
2017,6,2,20,30,14.6411489257813,1
2017,6,2,20,30,16.4472299804688,1
2017,6,2,20,30,18.2529211425781,1
2017,6,2,20,30,20.0588469238281,1
2017,6,2,20,30,21.8647719726562,1
2017,6,2,20,30,23.6705551757812,1
2017,6,2,20,30,25.4763120117188,1
2017,6,2,20,30,27.28203515625,1
2017,6,2,20,30,29.0878588867187,1
2017,6,2,20,30,30.8935949707031,1
2017,6,2,20,30,32.6993569335937,1
2017,6,2,20,30,34.5052819824219,1
2017,6,2,20,30,36.3110539550781,1
2017,6,2,20,30,38.1167651367187,1
2017,6,2,20,30,39.9227180175781,1
2017,6,2,20,30,41.7286149902344,1
2017,6,2,20,30,43.5343520507813,1
2017,6,2,20,30,45.3401489257812,1
2017,6,2,20,30,47.1461169433594,1
2017,6,2,20,30,48.9520810546875,1
2017,6,2,20,30,50.7579279785156,1
2017,6,2,20,30,52.5637390136719,1
2017,6,2,20,30,54.3696330566406,1
2017,6,2,20,30,56.1753671875,1
2017,6,2,20,30,57.9811179199219,1
2017,6,2,20,30,59.7870390625,1
2017,6,2,20,31,1.59278295898438,1
2017,6,2,20,31,3.39880102539062,1
2017,6,2,20,31,5.20471801757813,1
2017,6,2,20,31,7.01060888671875,1
2017,6,2,20,31,8.81643896484375,1
2017,6,2,20,31,10.6222209472656,1
2017,6,2,20,31,12.4283308105469,1
2017,6,2,20,31,14.2339260253906,1
2017,6,2,20,31,16.0397438964844,1
2017,6,2,20,31,17.8455358886719,1
2017,6,2,20,31,19.6513391113281,1
2017,6,2,20,31,21.4571669921875,1
2017,6,2,20,31,23.2630949707031,1
2017,6,2,20,31,25.0691589355469,1
2017,6,2,20,31,26.8750209960937,1
2017,6,2,20,31,28.6808149414063,1
2017,6,2,20,31,30.4867299804687,1
2017,6,2,20,31,32.2926079101562,1
2017,6,2,20,31,34.0982739257812,1
2017,6,2,20,31,35.9041418457031,1
2017,6,2,20,31,37.7098400878906,1
2017,6,2,20,31,39.5157919921875,1
2017,6,2,20,31,41.3217529296875,1
2017,6,2,20,31,43.127537109375,1
2017,6,2,20,31,44.9334929199219,1
2017,6,2,20,31,46.7395529785156,1
2017,6,2,20,31,48.5454208984375,1
2017,6,2,20,31,50.3511608886719,1
2017,6,2,20,31,52.1568930664062,1
2017,6,2,20,31,53.9628159179687,1
2017,6,2,20,31,55.768623046875,1
2017,6,2,20,31,57.5743420410156,1
2017,6,2,20,31,59.3801550292969,1
2017,6,2,20,32,1.185837890625,1
2017,6,2,20,32,2.99158813476563,1
2017,6,2,20,32,4.79739184570312,1
2017,6,2,20,32,6.603216796875,1
2017,6,2,20,32,8.4090849609375,1
2017,6,2,20,32,10.2149709472656,1
2017,6,2,20,32,12.020916015625,1
2017,6,2,20,32,13.8268178710938,1
2017,6,2,20,32,15.63254296875,1
2017,6,2,20,32,17.4384790039062,1
2017,6,2,20,32,19.2443620605469,1
2017,6,2,20,32,21.0504140625,1
2017,6,2,20,32,22.8561689453125,1
2017,6,2,20,32,24.661880859375,1
2017,6,2,20,32,26.4682800292969,1
2017,6,2,20,32,28.2734489746094,1
2017,6,2,20,32,30.0791140136719,1
2017,6,2,20,32,31.8848720703125,1
2017,6,2,20,32,33.6907099609375,1
2017,6,2,20,32,35.4964621582031,1
2017,6,2,20,32,37.302330078125,1
2017,6,2,20,32,39.1081892089844,1
2017,6,2,20,32,40.9139079589844,1
2017,6,2,20,32,42.7196459960938,1
2017,6,2,20,32,44.5255129394531,1
2017,6,2,20,32,46.3313359375,1
2017,6,2,20,32,48.1370251464844,1
2017,6,2,20,32,49.9427490234375,1
2017,6,2,20,32,51.7484729003906,1
2017,6,2,20,32,53.5542399902344,1
2017,6,2,20,32,55.3601437988281,1
2017,6,2,20,32,57.1659099121094,1
2017,6,2,20,32,58.9719370117188,1
2017,6,2,20,33,0.77781298828125,1
2017,6,2,20,33,2.58348706054687,1
2017,6,2,20,33,4.389416015625,1
2017,6,2,20,33,6.19514208984375,1
2017,6,2,20,33,8.00090185546875,1
2017,6,2,20,33,9.80664599609375,1
2017,6,2,20,33,11.612458984375,1
2017,6,2,20,33,13.4182739257812,1
2017,6,2,20,33,15.2242080078125,1
2017,6,2,20,33,17.0299599609375,1
2017,6,2,20,33,18.835912109375,1
2017,6,2,20,33,20.6426931152344,1
2017,6,2,20,33,22.448541015625,1
2017,6,2,20,33,24.2544670410156,1
2017,6,2,20,33,26.06025,1
2017,6,2,20,33,27.86616796875,1
2017,6,2,20,33,29.6721459960938,1
2017,6,2,20,33,31.4780080566406,0
2017,6,2,20,33,33.2837199707031,0
2017,6,2,20,33,35.0896049804687,0
2017,6,2,20,33,36.8952770996094,0
2017,6,2,20,33,38.7011140136719,0
2017,6,2,20,33,40.50687109375,0
2017,6,2,20,33,42.3128859863281,0
2017,6,2,20,33,44.1185610351562,0
2017,6,2,20,33,45.9242419433594,0
2017,6,2,20,33,47.7299689941406,0
2017,6,2,20,33,49.5358349609375,1
2017,6,2,20,33,51.3415388183594,1
2017,6,2,20,33,53.1472709960938,1
2017,6,2,20,33,54.9533559570312,1
2017,6,2,20,33,56.7593020019531,1
2017,6,2,20,33,58.565076171875,1
2017,6,2,20,34,0.370927978515625,1
2017,6,2,20,34,2.1767138671875,1
2017,6,2,20,34,3.98260180664063,1
2017,6,2,20,34,5.78836694335937,1
2017,6,2,20,34,7.59420703125,1
2017,6,2,20,34,9.39994604492188,1
2017,6,2,20,34,11.2057841796875,1
2017,6,2,20,34,13.0115061035156,1
2017,6,2,20,34,14.8174738769531,1
2017,6,2,20,34,16.6233679199219,1
2017,6,2,20,34,18.4290200195313,1
2017,6,2,20,34,20.2348330078125,1
2017,6,2,20,34,22.0407180175781,1
2017,6,2,20,34,23.8466499023437,1
2017,6,2,20,34,25.6524438476563,1
2017,6,2,20,34,27.4581159667969,1
2017,6,2,20,34,29.2646630859375,1
2017,6,2,20,34,31.0705280761719,1
2017,6,2,20,34,32.8763071289062,1
2017,6,2,20,34,34.6822209472656,1
2017,6,2,20,34,36.488,1
2017,6,2,20,34,38.294125,1
2017,6,2,20,34,40.1000180664062,1
2017,6,2,20,34,41.9059340820313,1
2017,6,2,20,34,43.7117219238281,1
2017,6,2,20,34,45.5174350585937,1
2017,6,2,20,34,47.3233708496094,1
2017,6,2,20,34,49.1291979980469,1
2017,6,2,20,34,50.9351298828125,1
2017,6,2,20,34,52.7410520019531,1
2017,6,2,20,34,54.5467861328125,1
2017,6,2,20,34,56.3526140136719,1
2017,6,2,20,34,58.1582990722656,1
2017,6,2,20,34,59.9642309570312,1
2017,6,2,20,35,1.76996313476563,1
2017,6,2,20,35,3.57584301757813,1
2017,6,2,20,35,5.38178491210938,1
2017,6,2,20,35,7.18775390625,1
2017,6,2,20,35,8.99363208007813,1
2017,6,2,20,35,10.7993779296875,1
2017,6,2,20,35,12.60525390625,1
2017,6,2,20,35,14.4109230957031,1
2017,6,2,20,35,16.2266469726563,1
2017,6,2,20,35,18.0324020996094,1
2017,6,2,20,35,19.8383249511719,0
2017,6,2,20,35,21.6441120605469,0
2017,6,2,20,35,23.4500129394531,0
2017,6,2,20,35,25.2558588867188,0
2017,6,2,20,35,27.0617290039063,0
2017,6,2,20,35,28.8676928710938,0
2017,6,2,20,35,30.6733640136719,0
2017,6,2,20,35,32.47920703125,0
2017,6,2,20,35,34.2850571289063,0
2017,6,2,20,35,36.0908879394531,0
2017,6,2,20,35,37.896673828125,0
2017,6,2,20,35,39.7024899902344,0
2017,6,2,20,35,41.5083610839844,0
2017,6,2,20,35,43.3141279296875,0
2017,6,2,20,35,45.1200180664063,0
2017,6,2,20,35,46.926291015625,0
2017,6,2,20,35,48.7320849609375,0
2017,6,2,20,35,50.5379208984375,0
2017,6,2,20,35,52.3438679199219,0
2017,6,2,20,35,54.1495380859375,0
2017,6,2,20,35,55.9553110351562,0
2017,6,2,20,35,57.7612170410156,0
2017,6,2,20,35,59.5670559082031,0
2017,6,2,20,36,1.37272412109375,1
2017,6,2,20,36,3.17865795898437,1
2017,6,2,20,38,43.5118288574219,1
2017,6,2,20,38,45.317544921875,1
2017,6,2,20,38,47.2470788574219,1
2017,6,2,20,38,49.0738388671875,1
2017,6,2,20,38,50.9604890136719,1
2017,6,2,20,38,52.7902541503906,1
2017,6,2,20,38,54.7045529785156,1
2017,6,2,20,38,56.5104379882812,1
2017,6,2,20,38,58.3893950195312,1
2017,6,2,20,39,0.34027783203125,1
2017,6,2,20,39,2.24225317382813,1
2017,6,2,20,39,4.19276684570313,1
2017,6,2,20,39,6.04009692382813,1
2017,6,2,20,39,7.92226000976563,1
2017,6,2,20,39,9.81383618164062,1
2017,6,2,20,39,11.6903940429687,1
2017,6,2,20,39,13.6924528808594,1
2017,6,2,20,39,15.6603391113281,1
2017,6,2,20,39,17.5036408691406,1
2017,6,2,20,39,19.428462890625,1
2017,6,2,20,39,21.2396020507813,1
2017,6,2,20,39,23.0573310546875,1
2017,6,2,20,39,24.8873049316406,1
2017,6,2,20,39,26.6930971679688,1
2017,6,2,20,39,28.6252360839844,1
2017,6,2,20,39,30.4328989257812,1
2017,6,2,20,39,32.5109538574219,1
2017,6,2,20,39,34.5632219238281,1
2017,6,2,20,39,36.3691599121094,1
2017,6,2,20,39,38.2726259765625,1
2017,6,2,20,39,40.2450510253906,1
2017,6,2,20,39,42.0811291503906,1
2017,6,2,20,39,43.9980510253906,1
2017,6,2,20,39,45.9243828125,0
2017,6,2,20,39,47.9143149414063,0
2017,6,2,20,39,49.8390610351562,0
2017,6,2,20,39,51.7115258789063,0
2017,6,2,20,39,53.8465690917969,0
2017,6,2,20,39,55.7015949707031,0
2017,6,2,20,39,57.5074050292969,0
2017,6,2,20,39,59.3743010253906,0
2017,6,2,20,40,1.25005786132813,0
2017,6,2,20,40,3.10372583007813,0
2017,6,2,20,40,4.97038598632813,0
2017,6,2,20,40,6.8660439453125,0
2017,6,2,20,40,8.672083984375,0
2017,6,2,20,40,10.6852231445312,0
2017,6,2,20,40,12.4909921875,0
2017,6,2,20,40,14.47333203125,0
2017,6,2,20,40,16.2792980957031,0
2017,6,2,20,40,18.1629709472656,0
2017,6,2,20,40,19.9688520507813,0
2017,6,2,20,40,21.8412080078125,0
2017,6,2,20,40,23.7784641113281,0
2017,6,2,20,40,25.7225490722656,0
2017,6,2,20,40,27.5380229492187,0
2017,6,2,20,40,29.6154831542969,0
2017,6,2,20,40,31.4213840332031,0
2017,6,2,20,40,33.3488649902344,0
2017,6,2,20,40,35.3045148925781,0
2017,6,2,20,40,37.14200390625,0
2017,6,2,20,40,38.9769709472656,1
2017,6,2,20,40,40.7902578125,1
2017,6,2,20,40,42.7232619628906,1
2017,6,2,20,40,44.6510190429687,1
2017,6,2,20,40,46.6716088867188,1
2017,6,2,20,40,48.4774089355469,1
2017,6,2,20,40,50.2831169433594,1
2017,6,2,20,40,52.2248239746094,1
2017,6,2,20,40,54.113953125,1
2017,6,2,20,40,55.9198142089844,1
2017,6,2,20,40,57.7434699707031,1
2017,6,2,20,40,59.9070681152344,1
2017,6,2,20,41,1.74357788085937,1
2017,6,2,20,41,3.54931689453125,1
2017,6,2,20,41,5.47735595703125,1
2017,6,2,20,41,7.38364697265625,1
2017,6,2,20,41,9.29628198242187,1
2017,6,2,20,41,11.2731889648438,1
2017,6,2,20,41,13.15616015625,1
2017,6,2,20,41,15.0461630859375,1
2017,6,2,20,41,17.1756149902344,1
2017,6,2,20,41,18.9815070800781,1
2017,6,2,20,41,20.8524389648437,1
2017,6,2,20,41,22.7241362304688,1
2017,6,2,20,41,24.6928269042969,1
2017,6,2,20,41,26.4985090332031,1
2017,6,2,20,41,28.6178630371094,1
2017,6,2,20,41,30.4267260742187,1
2017,6,2,20,41,32.2352741699219,1
2017,6,2,20,41,34.0897309570313,1
2017,6,2,20,41,35.9715510253906,1
2017,6,2,20,41,37.9476931152344,1
2017,6,2,20,41,39.9379909667969,1
2017,6,2,20,41,41.7603271484375,1
2017,6,2,20,41,43.6346088867188,1
2017,6,2,20,41,45.5016428222656,1
2017,6,2,20,41,47.4154929199219,1
2017,6,2,20,41,49.3600649414063,1
2017,6,2,20,41,51.2835930175781,1
2017,6,2,20,41,53.1056560058594,1
2017,6,2,20,41,54.913919921875,1
2017,6,2,20,41,56.7196218261719,1
2017,6,2,20,41,58.5254057617188,1
2017,6,2,20,42,0.33125,1
2017,6,2,20,42,2.13698291015625,1
2017,6,2,20,42,3.9426669921875,1
2017,6,2,20,42,5.74851489257813,1
2017,6,2,20,42,7.5542919921875,1
2017,6,2,20,42,9.36003002929687,1
2017,6,2,20,42,11.1660620117188,1
2017,6,2,20,42,12.9719970703125,1
2017,6,2,20,42,14.7779528808594,1
2017,6,2,20,42,16.5836840820313,1
2017,6,2,20,42,18.3896140136719,1
2017,6,2,20,42,20.1954738769531,1
2017,6,2,20,42,22.0011821289063,1
2017,6,2,20,42,23.80691796875,1
2017,6,2,20,42,25.6126530761719,1
2017,6,2,20,42,27.4183859863281,1
2017,6,2,20,42,29.2242099609375,1
2017,6,2,20,42,31.0299428710937,1
2017,6,2,20,42,32.8358618164063,1
2017,6,2,20,42,34.6418129882813,1
2017,6,2,20,42,36.4475219726562,1
2017,6,2,20,42,38.2532529296875,1
2017,6,2,20,42,40.0590119628906,1
2017,6,2,20,42,41.8648081054687,1
2017,6,2,20,42,43.6705959472656,1
2017,6,2,20,42,45.4765830078125,1
2017,6,2,20,42,47.2822639160156,1
2017,6,2,20,42,49.0879899902344,1
2017,6,2,20,42,50.8936879882813,1
2017,6,2,20,42,52.6994689941406,1
2017,6,2,20,42,54.5052099609375,1
2017,6,2,20,42,56.3110490722656,1
2017,6,2,20,42,58.1169008789063,1
2017,6,2,20,42,59.9226311035156,1
2017,6,2,20,43,1.7283388671875,1
2017,6,2,20,43,3.53403100585937,1
2017,6,2,20,43,5.33973095703125,1
2017,6,2,20,43,7.14563208007812,1
2017,6,2,20,43,8.95146899414062,1
2017,6,2,20,43,10.7573271484375,1
2017,6,2,20,43,12.5630419921875,1
2017,6,2,20,43,14.3688039550781,1
2017,6,2,20,43,16.1745168457031,1
2017,6,2,20,43,17.9804438476563,1
2017,6,2,20,43,19.7861630859375,1
2017,6,2,20,43,21.5920920410156,1
2017,6,2,20,43,23.397833984375,1
2017,6,2,20,43,25.2036650390625,1
2017,6,2,20,43,27.009546875,1
2017,6,2,20,43,28.8154448242188,1
2017,6,2,20,43,30.6211398925781,1
2017,6,2,20,43,32.4271020507813,1
2017,6,2,20,43,34.2327868652344,1
2017,6,2,20,43,36.03849609375,1
2017,6,2,20,43,37.844173828125,1
2017,6,2,20,43,39.6500930175781,1
2017,6,2,20,43,41.456041015625,1
2017,6,2,20,43,43.2619079589844,1
2017,6,2,20,43,45.0677631835937,1
2017,6,2,20,43,46.8736948242188,1
2017,6,2,20,43,48.6795190429687,1
2017,6,2,20,43,50.4852568359375,1
2017,6,2,20,43,52.2910859375,1
2017,6,2,20,43,54.0968708496094,1
2017,6,2,20,43,55.9026611328125,1
2017,6,2,20,43,57.7085830078125,1
2017,6,2,20,43,59.5143430175781,1
2017,6,2,20,44,1.32031103515625,1
2017,6,2,20,44,3.12602490234375,1
2017,6,2,20,44,4.93191284179687,1
2017,6,2,20,44,6.74872998046875,1
2017,6,2,20,44,8.54351708984375,1
2017,6,2,20,44,10.3494150390625,1
2017,6,2,20,44,12.1552370605469,1
2017,6,2,20,44,13.9609699707031,1
2017,6,2,20,44,15.7667170410156,1
2017,6,2,20,44,17.5725688476562,1
2017,6,2,20,44,19.3786740722656,1
2017,6,2,20,44,21.184046875,1
2017,6,2,20,44,22.98974609375,1
2017,6,2,20,44,24.7956081542969,1
2017,6,2,20,44,26.6013259277344,1
2017,6,2,20,44,28.4070520019531,1
2017,6,2,20,44,30.2129479980469,1
2017,6,2,20,44,32.0189567871094,1
2017,6,2,20,44,33.8248159179687,1
2017,6,2,20,44,35.6305649414062,1
2017,6,2,20,44,37.436337890625,1
2017,6,2,20,44,39.2420639648438,1
2017,6,2,20,44,41.0479399414062,1
2017,6,2,20,44,42.8538930664063,1
2017,6,2,20,44,44.6596989746094,1
2017,6,2,20,44,46.4654951171875,1
2017,6,2,20,44,48.2714008789062,1
2017,6,2,20,44,50.0772668457031,1
2017,6,2,20,44,51.8829509277344,1
2017,6,2,20,44,53.6888530273437,1
2017,6,2,20,44,55.4945590820313,1
2017,6,2,20,44,57.3002878417969,1
2017,6,2,20,44,59.1061220703125,1
2017,6,2,20,45,0.911968017578125,1
2017,6,2,20,45,2.71774096679688,1
2017,6,2,20,45,4.5235390625,1
2017,6,2,20,45,6.32959790039062,1
2017,6,2,20,45,8.13536596679688,1
2017,6,2,20,45,9.94106787109375,1
2017,6,2,20,45,11.746748046875,1
2017,6,2,20,45,13.5526079101563,1
2017,6,2,20,45,15.3585729980469,1
2017,6,2,20,45,17.1644548339844,1
2017,6,2,20,45,18.9704489746094,0
2017,6,2,20,45,20.7762080078125,0
2017,6,2,20,45,22.5821108398438,0
2017,6,2,20,45,24.3878979492188,0
2017,6,2,20,45,26.1937302246094,0
2017,6,2,20,45,27.9996408691406,0
2017,6,2,20,45,29.8053889160156,0
2017,6,2,20,45,31.6110588378906,0
2017,6,2,20,45,33.4167490234375,0
2017,6,2,20,45,35.222623046875,0
2017,6,2,20,45,37.0285908203125,0
2017,6,2,20,45,38.8342619628906,0
2017,6,2,20,45,40.7711469726562,0
2017,6,2,20,45,42.651048828125,0
2017,6,2,20,45,44.4569841308594,0
2017,6,2,20,45,46.2627180175781,0
2017,6,2,20,45,48.0684868164062,0
2017,6,2,20,45,49.8741691894531,0
2017,6,2,20,45,51.6798850097656,0
2017,6,2,20,45,53.4856459960938,0
2017,6,2,20,45,55.2915029296875,0
2017,6,2,20,45,57.0973540039062,0
2017,6,2,20,45,58.9030710449219,0
2017,6,2,20,46,0.708800048828125,0
2017,6,2,20,46,2.51455200195312,0
2017,6,2,20,46,4.32031713867188,0
2017,6,2,20,46,6.1262451171875,0
2017,6,2,20,46,7.9320322265625,0
2017,6,2,20,46,9.7377060546875,0
2017,6,2,20,46,11.543626953125,0
2017,6,2,20,46,13.3493618164062,0
2017,6,2,20,46,15.1553308105469,0
2017,6,2,20,46,16.961244140625,0
2017,6,2,20,46,18.7670930175781,0
2017,6,2,20,46,20.5728020019531,0
2017,6,2,20,46,22.3786220703125,0
2017,6,2,20,46,24.1931811523438,0
2017,6,2,20,46,25.99904296875,0
2017,6,2,20,46,27.8048210449219,0
2017,6,2,20,46,29.6106008300781,0
2017,6,2,20,46,31.4164169921875,0
2017,6,2,20,46,33.2222749023437,0
2017,6,2,20,46,35.0281240234375,0
2017,6,2,20,46,36.8340161132813,0
2017,6,2,20,46,38.6399780273438,0
2017,6,2,20,46,40.4458620605469,0
2017,6,2,20,46,42.2515620117187,0
2017,6,2,20,46,44.0573161621094,0
2017,6,2,20,46,45.8632058105469,0
2017,6,2,20,46,47.6691689453125,0
2017,6,2,20,46,49.4749069824219,0
2017,6,2,20,46,51.2808630371094,0
2017,6,2,20,46,53.0865720214844,0
2017,6,2,20,46,54.8924050292969,0
2017,6,2,20,46,56.6980258789063,0
2017,6,2,20,46,58.5039729003906,0
2017,6,2,20,47,0.309700927734375,0
2017,6,2,20,47,2.1156298828125,0
2017,6,2,20,47,3.92130493164063,0
2017,6,2,20,47,5.72717602539062,0
2017,6,2,20,47,7.53298803710937,0
2017,6,2,20,47,9.33888598632812,0
2017,6,2,20,47,11.1448500976562,0
2017,6,2,20,47,12.9507229003906,0
2017,6,2,20,47,14.7566389160156,0
2017,6,2,20,47,16.56254296875,0
2017,6,2,20,47,18.368376953125,0
2017,6,2,20,47,20.1742429199219,0
2017,6,2,20,47,21.979998046875,0
2017,6,2,20,47,23.785705078125,0
2017,6,2,20,47,25.5914130859375,0
2017,6,2,20,47,27.3972858886719,0
2017,6,2,20,47,29.2029790039063,0
2017,6,2,20,47,31.0108198242187,0
2017,6,2,20,47,32.8166689453125,0
2017,6,2,20,47,34.6225100097656,0
2017,6,2,20,47,36.4283830566406,0
2017,6,2,20,47,38.2342219238281,0
2017,6,2,20,47,40.0401569824219,0
2017,6,2,20,47,41.84612890625,0
2017,6,2,20,47,43.6520869140625,0
2017,6,2,20,47,45.4580349121094,0
2017,6,2,20,47,47.2638928222656,0
2017,6,2,20,47,49.0755910644531,0
2017,6,2,20,47,50.8815300292969,0
2017,6,2,20,47,52.68746484375,0
2017,6,2,20,47,54.4932060546875,0
2017,6,2,20,47,56.2989580078125,0
2017,6,2,20,47,58.104791015625,0
2017,6,2,20,50,46.7084719238281,1
2017,6,2,20,50,48.51428515625,1
2017,6,2,20,50,50.3202529296875,1
2017,6,2,20,50,52.1261120605469,1
2017,6,2,20,50,53.9320700683594,1
2017,6,2,20,50,55.7379291992187,1
2017,6,2,20,50,57.5435849609375,1
2017,6,2,20,50,59.3493420410156,1
2017,6,2,20,51,1.15525,1
2017,6,2,20,51,2.96102587890625,1
2017,6,2,20,51,4.76697387695313,1
2017,6,2,20,51,6.57293383789063,1
2017,6,2,20,51,8.3788701171875,1
2017,6,2,20,51,10.1847250976562,1
2017,6,2,20,51,11.9906899414063,1
2017,6,2,20,51,13.7964721679687,1
2017,6,2,20,51,15.6021779785156,1
2017,6,2,20,51,17.4079411621094,1
2017,6,2,20,51,19.2136799316406,1
2017,6,2,20,51,21.0194609375,1
2017,6,2,20,51,22.8251469726562,1
2017,6,2,20,51,24.6309699707031,1
2017,6,2,20,51,26.4368100585937,1
2017,6,2,20,51,28.2426779785156,1
2017,6,2,20,51,30.0487839355469,1
2017,6,2,20,51,31.8545671386719,1
2017,6,2,20,51,33.6605339355469,1
2017,6,2,20,51,35.4663989257812,1
2017,6,2,20,51,37.2722490234375,1
2017,6,2,20,51,39.0780109863281,1
2017,6,2,20,51,40.8838630371094,1
2017,6,2,20,51,42.6897199707031,1
2017,6,2,20,51,44.4955698242187,1
2017,6,2,20,51,46.3012768554687,1
2017,6,2,20,51,48.1071879882812,1
2017,6,2,20,51,49.9130300292969,1
2017,6,2,20,51,51.718955078125,1
2017,6,2,20,51,53.5246611328125,1
2017,6,2,20,51,55.3303579101563,1
2017,6,2,20,51,57.1362878417969,1
2017,6,2,20,51,58.9420209960938,1
2017,6,2,20,52,0.7477861328125,1
2017,6,2,20,52,2.55348901367188,1
2017,6,2,20,52,4.35935815429688,1
2017,6,2,20,52,6.16528002929688,1
2017,6,2,20,52,7.97109106445312,1
2017,6,2,20,52,9.7768349609375,1
2017,6,2,20,52,11.5827619628906,1
2017,6,2,20,52,13.3885668945312,1
2017,6,2,20,52,15.1943071289062,1
2017,6,2,20,52,17.0001220703125,1
2017,6,2,20,52,18.8057390136719,1
2017,6,2,20,52,20.6114831542969,1
2017,6,2,20,52,22.4171669921875,1
2017,6,2,20,52,24.2324470214844,1
2017,6,2,20,52,26.0382121582031,1
2017,6,2,20,52,27.8439470214844,1
2017,6,2,20,52,29.6496350097656,1
2017,6,2,20,52,31.4553950195312,1
2017,6,2,20,52,33.2611479492188,1
2017,6,2,20,52,35.0668210449219,1
2017,6,2,20,52,36.8727619628906,1
2017,6,2,20,52,38.6785029296875,1
2017,6,2,20,52,40.4841940917969,1
2017,6,2,20,52,42.2898811035156,1
2017,6,2,20,52,44.0958190917969,1
2017,6,2,20,52,45.9017629394531,1
2017,6,2,20,52,47.7076650390625,1
2017,6,2,20,52,49.5135778808594,1
2017,6,2,20,52,51.3193679199219,1
2017,6,2,20,52,53.1253220214844,1
2017,6,2,20,52,54.9313869628906,1
2017,6,2,20,52,56.7371499023438,1
2017,6,2,20,52,58.5428569335937,1
2017,6,2,20,53,0.348579833984375,1
2017,6,2,20,53,2.15440307617187,1
2017,6,2,20,53,3.96023999023438,1
2017,6,2,20,53,5.76612817382813,1
2017,6,2,20,53,7.57202905273437,1
2017,6,2,20,53,9.37772607421875,1
2017,6,2,20,53,11.1834619140625,1
2017,6,2,20,53,12.9894221191406,1
2017,6,2,20,53,14.7951528320312,1
2017,6,2,20,53,16.6010920410156,1
2017,6,2,20,53,18.4070498046875,1
2017,6,2,20,53,20.2128430175781,1
2017,6,2,20,53,22.0187880859375,1
2017,6,2,20,53,23.8246789550781,1
2017,6,2,20,53,25.6305690917969,1
2017,6,2,20,53,27.4364260253906,1
2017,6,2,20,53,29.2423601074219,1
2017,6,2,20,53,31.0482919921875,1
2017,6,2,20,53,32.8541240234375,1
2017,6,2,20,53,34.6599599609375,1
2017,6,2,20,53,36.4656569824219,1
2017,6,2,20,53,38.2714838867187,1
2017,6,2,20,53,40.0773361816406,1
2017,6,2,20,53,41.8832468261719,1
2017,6,2,20,53,43.6891000976563,1
2017,6,2,20,53,45.4949880371094,1
2017,6,2,20,53,47.3006979980469,1
2017,6,2,20,53,49.1064709472656,1
2017,6,2,20,53,50.9124470214844,1
2017,6,2,20,53,52.7180339355469,1
2017,6,2,20,53,54.5239069824219,1
2017,6,2,20,53,56.3297319335937,1
2017,6,2,20,53,58.1354411621094,1
2017,6,2,20,53,59.9413969726562,1
2017,6,2,20,54,1.74736181640625,1
2017,6,2,20,54,3.55338818359375,1
2017,6,2,20,54,5.35926708984375,1
2017,6,2,20,54,7.16507495117188,1
2017,6,2,20,54,8.97096484375,1
2017,6,2,20,54,10.7768159179688,1
2017,6,2,20,54,12.5825500488281,1
2017,6,2,20,54,14.3882780761719,1
2017,6,2,20,54,16.1940441894531,1
2017,6,2,20,54,17.9999548339844,1
2017,6,2,20,54,19.8058859863281,1
2017,6,2,20,54,21.6116408691406,1
2017,6,2,20,54,23.4174060058594,1
2017,6,2,20,54,25.2234079589844,1
2017,6,2,20,54,27.0291330566406,1
2017,6,2,20,54,28.8350439453125,1
2017,6,2,20,54,30.6408859863281,1
2017,6,2,20,54,32.4466430664063,1
2017,6,2,20,54,34.2524431152344,1
2017,6,2,20,54,36.0581938476562,1
2017,6,2,20,54,37.864166015625,1
2017,6,2,20,54,39.66987890625,1
2017,6,2,20,54,41.475626953125,1
2017,6,2,20,54,43.2819660644531,1
2017,6,2,20,54,45.087671875,1
2017,6,2,20,54,46.8933869628906,1
2017,6,2,20,54,48.6991848144531,1
2017,6,2,20,54,50.505125,1
2017,6,2,20,54,52.3110219726562,1
2017,6,2,20,54,54.1167241210938,1
2017,6,2,20,54,55.9225480957031,1
2017,6,2,20,54,57.7283889160156,1
2017,6,2,20,54,59.5343178710937,1
2017,6,2,20,55,1.34015014648438,1
2017,6,2,20,55,3.146083984375,1
2017,6,2,20,55,4.95205102539062,1
2017,6,2,20,55,6.75776904296875,1
2017,6,2,20,55,8.56364990234375,1
2017,6,2,20,55,10.3693181152344,1
2017,6,2,20,55,12.1753718261719,1
2017,6,2,20,55,13.9812751464844,1
2017,6,2,20,55,15.7870988769531,1
2017,6,2,20,55,17.5930649414063,1
2017,6,2,20,55,19.3988918457031,1
2017,6,2,20,55,21.204625,1
2017,6,2,20,55,23.0104990234375,1
2017,6,2,20,55,24.8163090820312,1
2017,6,2,20,55,26.6222451171875,1
2017,6,2,20,55,28.4280700683594,1
2017,6,2,20,55,30.2338679199219,1
2017,6,2,20,55,32.0397028808594,1
2017,6,2,20,55,33.8455830078125,1
2017,6,2,20,55,35.6513820800781,1
2017,6,2,20,55,37.4572900390625,1
2017,6,2,20,55,39.263046875,1
2017,6,2,20,55,41.0689709472656,1
2017,6,2,20,55,42.8748591308594,1
2017,6,2,20,55,44.6806418457031,1
2017,6,2,20,55,46.4865461425781,1
2017,6,2,20,55,48.29224609375,1
2017,6,2,20,55,50.0979350585937,1
2017,6,2,20,55,51.90375,1
2017,6,2,20,55,53.7096301269531,1
2017,6,2,20,55,55.5153850097656,1
2017,6,2,20,55,57.3212280273438,1
2017,6,2,20,55,59.1270720214844,1
2017,6,2,20,56,0.9328720703125,1
2017,6,2,20,56,2.73861279296875,1
2017,6,2,20,56,4.5444140625,0
2017,6,2,20,56,6.35032104492188,0
2017,6,2,20,56,8.1562958984375,0
2017,6,2,20,56,9.96199389648437,0
2017,6,2,20,56,11.7677358398438,0
2017,6,2,20,56,13.57370703125,0
2017,6,2,20,56,15.3793830566406,0
2017,6,2,20,56,17.1852280273438,0
2017,6,2,20,56,18.9909201660156,0
2017,6,2,20,56,20.7974899902344,0
2017,6,2,20,56,22.6033188476563,0
2017,6,2,20,56,24.4092729492187,0
2017,6,2,20,56,26.2150300292969,0
2017,6,2,20,56,28.0209318847656,0
2017,6,2,20,56,29.8268029785156,0
2017,6,2,20,56,31.6323950195312,0
2017,6,2,20,56,33.4381989746094,0
2017,6,2,20,56,35.2441640625,0
2017,6,2,20,56,37.0500710449219,0
2017,6,2,20,56,38.8558239746094,0
2017,6,2,20,56,40.661501953125,0
2017,6,2,20,56,42.4673449707031,0
2017,6,2,20,56,44.2730969238281,0
2017,6,2,20,56,46.0787661132812,0
2017,6,2,20,56,47.884623046875,0
2017,6,2,20,56,49.6905451660156,0
2017,6,2,20,56,51.4963620605469,0
2017,6,2,20,56,53.3022138671875,0
2017,6,2,20,56,55.1081430664062,0
2017,6,2,20,56,56.91391796875,0
2017,6,2,20,56,58.7197380371094,0
2017,6,2,20,57,0.525471923828125,0
2017,6,2,20,57,2.33139306640625,0
2017,6,2,20,57,4.1370771484375,0
2017,6,2,20,57,5.94277197265625,1
2017,6,2,20,57,7.74851489257813,1
2017,6,2,20,57,9.55447094726562,1
2017,6,2,20,57,11.3601889648438,1
2017,6,2,20,57,13.1660620117188,1
2017,6,2,20,57,14.9718969726562,1
2017,6,2,20,57,16.7776140136719,1
2017,6,2,20,57,18.583298828125,1
2017,6,2,20,57,20.3891511230469,1
2017,6,2,20,57,22.1948608398437,1
2017,6,2,20,57,24.0006879882812,1
2017,6,2,20,57,25.8064870605469,1
2017,6,2,20,57,27.6124338378906,1
2017,6,2,20,57,29.4182729492187,1
2017,6,2,20,57,31.2240952148438,1
2017,6,2,20,57,33.0299428710938,1
2017,6,2,20,57,34.8356840820312,1
2017,6,2,20,57,36.6415478515625,1
2017,6,2,20,57,38.4474299316406,1
2017,6,2,20,57,40.2533081054687,1
2017,6,2,20,57,42.05925,1
2017,6,2,20,57,43.8651430664062,1
2017,6,2,20,57,45.6709709472656,1
2017,6,2,20,57,47.4769299316406,1
2017,6,2,20,57,49.28269921875,1
2017,6,2,20,57,51.0885520019531,1
2017,6,2,20,57,52.8943540039063,1
2017,6,2,20,57,54.7001491699219,1
2017,6,2,20,57,56.5059719238281,1
2017,6,2,20,57,58.3117490234375,1
2017,6,2,20,58,0.117697021484375,1
2017,6,2,20,58,1.92354614257812,1
2017,6,2,20,58,3.72922802734375,1
2017,6,2,20,58,5.53493701171875,1
2017,6,2,20,58,7.34078784179687,1
2017,6,2,20,58,9.14652807617187,1
2017,6,2,20,58,10.952416015625,1
2017,6,2,20,58,12.75837109375,1
2017,6,2,20,58,14.56416796875,1
2017,6,2,20,58,16.3700129394531,1
2017,6,2,20,58,18.1757358398437,1
2017,6,2,20,58,19.9815969238281,1
2017,6,2,20,58,21.7873459472656,1
2017,6,2,20,58,23.5932468261719,1
2017,6,2,20,58,25.3989501953125,1
2017,6,2,20,58,27.2048359375,1
2017,6,2,20,58,29.0107429199219,1
2017,6,2,20,58,30.8164711914063,1
2017,6,2,20,58,32.6222919921875,1
2017,6,2,20,58,34.4279689941406,1
2017,6,2,20,58,36.2337709960938,1
2017,6,2,20,58,38.039669921875,1
2017,6,2,20,58,39.8456350097656,1
2017,6,2,20,58,41.6513740234375,1
2017,6,2,20,58,43.4571440429687,1
2017,6,2,20,58,45.2630300292969,1
2017,6,2,20,58,47.0689641113281,1
2017,6,2,20,58,48.8747780761719,1
2017,6,2,20,58,50.6805400390625,1
2017,6,2,20,58,52.4862299804687,1
2017,6,2,20,58,54.2919130859375,1
2017,6,2,20,58,56.0976860351563,1
2017,6,2,20,58,57.9035261230469,1
2017,6,2,20,58,59.7093359375,1
2017,6,2,20,59,1.51510815429687,1
2017,6,2,20,59,3.32093408203125,1
2017,6,2,20,59,5.12675415039063,1
2017,6,2,20,59,6.9327021484375,1
2017,6,2,20,59,8.73839404296875,1
2017,6,2,20,59,10.5441579589844,1
2017,6,2,20,59,12.350037109375,1
2017,6,2,20,59,14.1560009765625,1
2017,6,2,20,59,15.9622568359375,1
2017,6,2,20,59,17.7679919433594,1
2017,6,2,20,59,19.5736958007813,1
2017,6,2,20,59,21.3793881835938,1
2017,6,2,20,59,23.1851469726562,1
2017,6,2,20,59,24.9908208007813,1
2017,6,2,20,59,26.7966140136719,1
2017,6,2,20,59,28.6025339355469,1
2017,6,2,20,59,30.408294921875,1
2017,6,2,20,59,32.2141708984375,1
2017,6,2,20,59,34.020087890625,1
2017,6,2,20,59,35.8260358886719,1
2017,6,2,20,59,37.6317360839844,1
2017,6,2,20,59,39.4374689941406,1
2017,6,2,20,59,41.2458500976563,1
2017,6,2,20,59,43.0515261230469,1
2017,6,2,20,59,44.8574331054688,1
2017,6,2,20,59,46.6632941894531,1
2017,6,2,20,59,48.4689809570312,1
2017,6,2,20,59,50.274876953125,1
2017,6,2,20,59,52.0808200683594,1
2017,6,2,20,59,53.886626953125,1
2017,6,2,20,59,55.6923100585937,1
2017,6,2,20,59,57.4981669921875,1
2017,6,2,20,59,59.3039838867187,1
2017,6,2,21,0,1.10986083984375,1
2017,6,2,21,0,2.91560400390625,1
2017,6,2,21,0,4.721544921875,1
2017,6,2,21,0,6.5273740234375,1
2017,6,2,21,0,8.33330395507813,1
2017,6,2,21,0,10.139126953125,1
2017,6,2,21,0,11.9449301757813,1
2017,6,2,21,0,13.7506169433594,1
2017,6,2,21,0,15.55658203125,1
2017,6,2,21,0,17.3623220214844,1
2017,6,2,21,0,19.1680231933594,1
2017,6,2,21,0,20.9738869628906,1
2017,6,2,21,0,22.7795561523438,1
2017,6,2,21,0,24.5855258789062,1
2017,6,2,21,0,26.3912429199219,1
2017,6,2,21,0,28.1970998535156,1
2017,6,2,21,0,30.0031608886719,1
2017,6,2,21,0,31.808837890625,1
2017,6,2,21,0,33.6147180175781,1
2017,6,2,21,0,35.4205209960937,1
2017,6,2,21,0,37.2263479003906,1
2017,6,2,21,0,39.0320991210938,1
2017,6,2,21,0,40.8379150390625,1
2017,6,2,21,0,42.6438920898438,1
2017,6,2,21,0,44.4496938476562,1
2017,6,2,21,0,46.2554677734375,1
2017,6,2,21,0,48.0614230957031,1
2017,6,2,21,0,49.8673459472656,1
2017,6,2,21,0,51.6730981445313,1
2017,6,2,21,0,53.4788269042969,1
2017,6,2,21,0,55.2848010253906,1
2017,6,2,21,0,57.0905349121094,1
2017,6,2,21,0,58.8963461914063,1
2017,6,2,21,1,0.702078125,1
2017,6,2,21,1,2.507962890625,1
2017,6,2,21,1,4.31376904296875,1
2017,6,2,21,1,6.11972583007813,1
2017,6,2,21,1,7.92559912109375,1
2017,6,2,21,1,9.73153002929688,1
2017,6,2,21,1,11.5373918457031,1
2017,6,2,21,1,13.343205078125,1
2017,6,2,21,1,15.1490480957031,1
2017,6,2,21,1,16.9550830078125,1
2017,6,2,21,1,18.7610119628906,1
2017,6,2,21,1,20.5668449707031,1
2017,6,2,21,1,22.3725629882812,1
2017,6,2,21,1,24.1782470703125,1
2017,6,2,21,1,25.9841640625,1
2017,6,2,21,1,27.7899990234375,1
2017,6,2,21,1,29.5959289550781,1
2017,6,2,21,1,31.40170703125,1
2017,6,2,21,1,33.2076110839844,1
2017,6,2,21,1,35.013451171875,1
2017,6,2,21,1,36.819166015625,1
2017,6,2,21,1,38.624830078125,1
2017,6,2,21,1,40.4307280273437,1
2017,6,2,21,1,42.2365261230469,1
2017,6,2,21,1,44.0422060546875,1
2017,6,2,21,1,45.848041015625,1
2017,6,2,21,1,47.6539851074219,1
2017,6,2,21,1,49.4597412109375,1
2017,6,2,21,1,51.2657868652344,1
2017,6,2,21,1,53.0715671386719,1
2017,6,2,21,1,54.8773041992187,1
2017,6,2,21,1,56.6838181152344,1
2017,6,2,21,1,58.4896240234375,1
2017,6,2,21,2,0.295407958984375,1
2017,6,2,21,2,2.10117602539062,1
2017,6,2,21,2,3.90715014648437,1
2017,6,2,21,2,5.71298510742187,1
2017,6,2,21,2,7.51868383789062,1
2017,6,2,21,2,9.32450610351563,1
2017,6,2,21,2,11.1304799804688,1
2017,6,2,21,2,12.9362900390625,1
2017,6,2,21,2,14.7418649902344,1
2017,6,2,21,2,16.5477990722656,1
2017,6,2,21,2,18.3536938476562,1
2017,6,2,21,2,20.1593981933594,1
2017,6,2,21,2,21.9651059570312,1
2017,6,2,21,2,23.770880859375,1
2017,6,2,21,2,25.5766999511719,1
2017,6,2,21,2,27.3824279785156,1
2017,6,2,21,2,29.1883149414063,1
2017,6,2,21,2,30.9942109375,1
2017,6,2,21,2,32.8001479492187,1
2017,6,2,21,2,34.6058991699219,1
2017,6,2,21,2,36.4116989746094,1
2017,6,2,21,2,38.2175158691406,1
2017,6,2,21,2,40.0233969726563,1
2017,6,2,21,2,41.8291809082031,1
2017,6,2,21,2,43.6349379882813,1
2017,6,2,21,2,45.4406098632813,1
2017,6,2,21,2,47.2464079589844,1
2017,6,2,21,2,49.0521618652344,1
2017,6,2,21,2,50.8580261230469,1
2017,6,2,21,2,52.6637980957031,1
2017,6,2,21,2,54.4696340332031,1
2017,6,2,21,2,56.2754599609375,1
2017,6,2,21,2,58.0812990722656,1
2017,6,2,21,2,59.887171875,1
2017,6,2,21,3,1.69308813476563,1
2017,6,2,21,3,3.49889306640625,1
2017,6,2,21,3,5.30475708007812,1
2017,6,2,21,3,7.11055908203125,1
2017,6,2,21,3,8.9164609375,1
2017,6,2,21,3,10.7223811035156,1
2017,6,2,21,3,12.5282370605469,1
2017,6,2,21,3,14.3340559082031,1
2017,6,2,21,3,16.1399509277344,1
2017,6,2,21,3,17.9458498535156,1
2017,6,2,21,3,19.7516821289062,1
2017,6,2,21,3,21.5573840332031,1
2017,6,2,21,3,23.3632951660156,1
2017,6,2,21,3,25.1692431640625,1
2017,6,2,21,3,26.9804479980469,1
2017,6,2,21,3,28.7861940917969,1
2017,6,2,21,3,30.5919011230469,1
2017,6,2,21,3,32.3977729492187,1
2017,6,2,21,3,34.2035119628906,1
2017,6,2,21,3,36.0159357910156,1
2017,6,2,21,3,37.82179296875,1
2017,6,2,21,3,39.6274929199219,1
2017,6,2,21,3,41.433375,1
2017,6,2,21,3,43.2393999023437,1
2017,6,2,21,3,45.0451379394531,1
2017,6,2,21,3,46.850916015625,1
2017,6,2,21,3,48.656783203125,1
2017,6,2,21,3,50.4625151367187,1
2017,6,2,21,3,52.2683889160156,1
2017,6,2,21,3,54.074173828125,1
2017,6,2,21,3,55.8801081542969,1
2017,6,2,21,3,57.6859609375,1
2017,6,2,21,3,59.4918679199219,1
2017,6,2,21,4,1.29761499023437,1
2017,6,2,21,4,3.10339819335938,1
2017,6,2,21,4,4.90942700195312,1
2017,6,2,21,4,6.71515307617187,1
2017,6,2,21,4,8.52103002929688,1
2017,6,2,21,4,10.3268120117188,1
2017,6,2,21,4,12.1327829589844,1
2017,6,2,21,4,13.9384790039063,1
2017,6,2,21,4,15.74433203125,1
2017,6,2,21,4,17.5501511230469,1
2017,6,2,21,4,19.3560239257813,1
2017,6,2,21,4,21.1619018554687,1
2017,6,2,21,4,22.96766796875,1
2017,6,2,21,4,24.7735419921875,1
2017,6,2,21,4,26.5792419433594,1
2017,6,2,21,4,28.3849638671875,1
2017,6,2,21,4,30.1910458984375,1
2017,6,2,21,4,31.9968291015625,1
2017,6,2,21,4,33.8027470703125,1
2017,6,2,21,4,35.6084321289063,1
2017,6,2,21,4,37.4141870117188,1
2017,6,2,21,4,39.2201791992187,1
2017,6,2,21,4,41.0259147949219,1
2017,6,2,21,4,42.8317790527344,1
2017,6,2,21,4,44.6374768066406,1
2017,6,2,21,4,46.4433068847656,1
2017,6,2,21,4,48.2490100097656,1
2017,6,2,21,4,50.0547331542969,1
2017,6,2,21,4,51.8606491699219,1
2017,6,2,21,4,53.6663210449219,1
2017,6,2,21,4,55.4720249023437,1
2017,6,2,21,4,57.277962890625,1
2017,6,2,21,4,59.0839169921875,1
2017,6,2,21,5,0.88972314453125,1
2017,6,2,21,5,2.69556103515625,1
2017,6,2,21,5,4.50161791992188,1
2017,6,2,21,5,6.30736889648438,1
2017,6,2,21,5,8.11326782226562,1
2017,6,2,21,5,9.91914794921875,1
2017,6,2,21,5,11.7249519042969,1
2017,6,2,21,5,13.5308110351562,1
2017,6,2,21,5,15.3366120605469,1
2017,6,2,21,5,17.1425610351562,1
2017,6,2,21,5,18.948416015625,1
2017,6,2,21,5,20.7543671875,1
2017,6,2,21,5,22.5602819824219,1
2017,6,2,21,5,24.3662331542969,1
2017,6,2,21,5,26.1721088867187,1
2017,6,2,21,5,27.977826171875,1
2017,6,2,21,5,29.7837067871094,1
2017,6,2,21,5,31.5896530761719,1
2017,6,2,21,5,33.3953249511719,1
2017,6,2,21,5,35.2012290039062,1
2017,6,2,21,5,37.0069201660156,1
2017,6,2,21,5,38.8126931152344,1
2017,6,2,21,5,40.6185910644531,1
2017,6,2,21,5,42.4242648925781,1
2017,6,2,21,5,44.2300739746094,1
2017,6,2,21,5,46.0360068359375,1
2017,6,2,21,5,47.8420141601563,1
2017,6,2,21,5,49.6478579101562,1
2017,6,2,21,5,51.4542438964844,1
2017,6,2,21,5,53.2599790039063,1
2017,6,2,21,5,55.0656689453125,1
2017,6,2,21,5,56.8715278320312,1
2017,6,2,21,5,58.6773579101563,1
2017,6,2,21,6,0.483475830078125,1
2017,6,2,21,6,2.289158203125,1
2017,6,2,21,6,4.09488598632812,1
2017,6,2,21,6,5.900666015625,1
2017,6,2,21,6,7.70657885742188,1
2017,6,2,21,6,9.51231005859375,1
2017,6,2,21,6,11.3180380859375,1
2017,6,2,21,6,13.1238239746094,1
2017,6,2,21,6,14.9295197753906,1
2017,6,2,21,6,16.7353598632812,1
2017,6,2,21,6,18.541333984375,1
2017,6,2,21,6,20.3471528320312,1
2017,6,2,21,6,22.1530400390625,1
2017,6,2,21,6,23.9586979980469,1
2017,6,2,21,6,25.7645520019531,1
2017,6,2,21,6,27.570337890625,1
2017,6,2,21,6,29.3760759277344,1
2017,6,2,21,6,31.1818081054688,1
2017,6,2,21,6,32.9877478027344,1
2017,6,2,21,6,34.7941547851563,1
2017,6,2,21,6,36.59999609375,1
2017,6,2,21,6,38.4058640136719,1
2017,6,2,21,6,40.2115720214844,1
2017,6,2,21,6,42.017376953125,1
2017,6,2,21,6,43.823421875,1
2017,6,2,21,6,45.6291298828125,1
2017,6,2,21,6,47.4348039550781,1
2017,6,2,21,6,49.2407229003906,1
2017,6,2,21,6,51.0466389160156,1
2017,6,2,21,6,52.8525031738281,1
2017,6,2,21,6,54.6582810058594,1
2017,6,2,21,6,56.464375,1
2017,6,2,21,6,58.270087890625,1
2017,6,2,21,7,0.076458984375,1
2017,6,2,21,7,1.88225610351562,1
2017,6,2,21,7,3.68801196289062,1
2017,6,2,21,7,5.49369409179687,1
2017,6,2,21,7,7.29937280273437,1
2017,6,2,21,7,9.10520703125,1
2017,6,2,21,7,10.9110610351562,1
2017,6,2,21,7,12.7167409667969,1
2017,6,2,21,7,14.5226108398438,1
2017,6,2,21,7,16.3362529296875,1
2017,6,2,21,7,18.1419421386719,1
2017,6,2,21,7,19.9478608398437,1
2017,6,2,21,7,21.7536650390625,1
2017,6,2,21,7,23.5593840332031,1
2017,6,2,21,7,25.3652861328125,1
2017,6,2,21,7,27.1712419433594,1
2017,6,2,21,7,28.977005859375,1
2017,6,2,21,7,30.7828969726562,1
2017,6,2,21,7,32.5886240234375,1
2017,6,2,21,7,34.3945190429688,1
2017,6,2,21,7,36.2004240722656,1
2017,6,2,21,7,38.0061518554688,1
2017,6,2,21,7,39.8120439453125,1
2017,6,2,21,7,41.6179399414062,1
2017,6,2,21,7,43.4238239746094,1
2017,6,2,21,7,45.229623046875,1
2017,6,2,21,7,47.0357561035156,1
2017,6,2,21,7,48.8416909179687,1
2017,6,2,21,7,50.6476450195312,1
2017,6,2,21,7,52.4533330078125,1
2017,6,2,21,7,54.2590400390625,1
2017,6,2,21,7,56.0648142089844,1
2017,6,2,21,7,57.8706208496094,1
2017,6,2,21,7,59.6765261230469,1
2017,6,2,21,8,1.48234692382813,1
2017,6,2,21,8,3.28832006835938,1
2017,6,2,21,8,5.094162109375,1
2017,6,2,21,8,6.90010595703125,1
2017,6,2,21,8,8.7059599609375,1
2017,6,2,21,8,10.5116921386719,1
2017,6,2,21,8,12.3176081542969,1
2017,6,2,21,8,14.1234118652344,1
2017,6,2,21,8,15.9292348632813,1
2017,6,2,21,8,17.7351899414063,1
2017,6,2,21,8,19.5410390625,1
2017,6,2,21,8,21.3467800292969,1
2017,6,2,21,8,23.1525600585937,1
2017,6,2,21,8,24.9583930664062,1
2017,6,2,21,8,26.7640668945313,1
2017,6,2,21,8,28.5699689941406,1
2017,6,2,21,8,30.3757919921875,1
2017,6,2,21,8,32.1817041015625,1
2017,6,2,21,8,33.9874470214844,1
2017,6,2,21,8,35.7933581542969,1
2017,6,2,21,8,37.599212890625,1
2017,6,2,21,8,39.4049020996094,1
2017,6,2,21,8,41.219375,1
2017,6,2,21,8,43.0251311035156,1
2017,6,2,21,8,44.8308461914063,1
2017,6,2,21,8,46.6365390625,1
2017,6,2,21,9,12.5764418945312,1
2017,6,2,21,9,14.5184870605469,1
2017,6,2,21,9,16.3253930664062,1
2017,6,2,21,9,18.3414357910156,1
2017,6,2,21,9,20.2091118164062,1
2017,6,2,21,9,22.0612221679688,1
2017,6,2,21,9,23.8935139160156,1
2017,6,2,21,9,25.8686550292969,1
2017,6,2,21,9,27.85833203125,1
2017,6,2,21,9,29.844619140625,1
2017,6,2,21,9,31.6505529785156,1
2017,6,2,21,9,33.5185087890625,1
2017,6,2,21,9,35.4342451171875,1
2017,6,2,21,9,37.2585729980469,1
2017,6,2,21,9,39.0642878417969,1
2017,6,2,21,9,40.9062658691406,1
2017,6,2,21,9,42.712083984375,1
2017,6,2,21,9,44.6399799804688,1
2017,6,2,21,9,46.6693039550781,1
2017,6,2,21,9,48.499,1
2017,6,2,21,9,50.5378349609375,1
2017,6,2,21,9,52.4855629882813,1
2017,6,2,21,9,54.4543911132812,1
2017,6,2,21,9,56.3379909667969,1
2017,6,2,21,9,58.3257609863281,1
2017,6,2,21,10,0.1378427734375,1
2017,6,2,21,10,1.989548828125,1
2017,6,2,21,10,3.97761889648438,1
2017,6,2,21,10,5.84968896484375,1
2017,6,2,21,10,7.65543017578125,1
2017,6,2,21,10,9.58426416015625,1
2017,6,2,21,10,11.3924919433594,1
2017,6,2,21,10,13.23975,1
2017,6,2,21,10,15.1142160644531,1
2017,6,2,21,10,16.919912109375,1
2017,6,2,21,10,18.8967138671875,1
2017,6,2,21,10,20.7593400878906,1
2017,6,2,21,10,22.5684509277344,1
2017,6,2,21,10,24.4812280273438,1
2017,6,2,21,10,26.4276650390625,1
2017,6,2,21,10,28.3183479003906,1
2017,6,2,21,10,30.13087109375,1
2017,6,2,21,10,32.0165720214844,1
2017,6,2,21,10,34.0533010253906,1
2017,6,2,21,10,35.9012419433594,1
2017,6,2,21,10,38.052125,1
2017,6,2,21,10,39.8921708984375,1
2017,6,2,21,10,41.6980600585937,1
2017,6,2,21,10,43.5038220214844,1
2017,6,2,21,10,45.6215729980469,1
2017,6,2,21,10,47.5508361816406,1
2017,6,2,21,10,49.4394790039062,1
2017,6,2,21,10,51.32087890625,1
2017,6,2,21,10,53.126755859375,1
2017,6,2,21,10,55.102505859375,1
2017,6,2,21,10,56.9390629882813,1
2017,6,2,21,10,58.8969689941406,1
2017,6,2,21,11,0.702725830078125,1
2017,6,2,21,11,2.50867700195313,1
2017,6,2,21,11,4.619798828125,1
2017,6,2,21,11,6.57664208984375,1
2017,6,2,21,11,8.53551416015625,1
2017,6,2,21,11,10.4655729980469,1
2017,6,2,21,11,12.3088989257812,1
2017,6,2,21,11,14.1146298828125,1
2017,6,2,21,11,15.9204357910156,1
2017,6,2,21,11,17.7261140136719,1
2017,6,2,21,11,19.645958984375,1
2017,6,2,21,11,21.5819470214844,1
2017,6,2,21,11,23.5565310058594,1
2017,6,2,21,11,25.3623081054687,1
2017,6,2,21,11,27.1680378417969,1
2017,6,2,21,11,29.0203581542969,1
2017,6,2,21,11,30.8339489746094,1
2017,6,2,21,11,32.63991796875,1
2017,6,2,21,11,34.445708984375,1
2017,6,2,21,11,36.2949829101562,1
2017,6,2,21,11,38.1054379882813,1
2017,6,2,21,11,39.9387358398438,1
2017,6,2,21,11,41.9225,1
2017,6,2,21,11,43.7308159179687,1
2017,6,2,21,11,45.6631701660156,1
2017,6,2,21,11,47.6064428710937,1
2017,6,2,21,11,49.523951171875,1
2017,6,2,21,11,51.464205078125,1
2017,6,2,21,11,53.3615939941406,1
2017,6,2,21,11,55.1673530273438,1
2017,6,2,21,11,57.05962890625,1
2017,6,2,21,11,58.9760690917969,1
2017,6,2,21,12,0.89285205078125,1
2017,6,2,21,12,2.71860693359375,1
2017,6,2,21,12,4.78479296875,1
2017,6,2,21,12,6.6228740234375,0
2017,6,2,21,12,8.49956396484375,0
2017,6,2,21,12,10.4364399414063,0
2017,6,2,21,12,12.3132180175781,0
2017,6,2,21,12,14.1190131835938,0
2017,6,2,21,12,15.9559318847656,0
2017,6,2,21,12,17.9465871582031,0
2017,6,2,21,12,20.1598068847656,0
2017,6,2,21,12,21.9655339355469,0
2017,6,2,21,12,23.92425,1
2017,6,2,21,12,25.7701789550781,1
2017,6,2,21,12,27.625921875,1
2017,6,2,21,12,29.7995168457031,1
2017,6,2,21,12,31.6522409667969,1
2017,6,2,21,12,33.6393110351562,1
2017,6,2,21,12,35.4521848144531,1
2017,6,2,21,12,37.3282060546875,1
2017,6,2,21,12,39.259501953125,1
2017,6,2,21,12,41.0682270507813,1
2017,6,2,21,12,42.9581899414063,1
2017,6,2,21,12,45.1068872070312,1
2017,6,2,21,12,46.9545490722656,1
2017,6,2,21,12,48.7602670898438,1
2017,6,2,21,12,50.6390769042969,1
2017,6,2,21,12,52.6981809082031,1
2017,6,2,21,12,54.5575520019531,1
2017,6,2,21,12,56.3921188964844,1
2017,6,2,21,12,58.3477080078125,1
2017,6,2,21,13,0.1580751953125,1
2017,6,2,21,13,1.96379809570313,1
2017,6,2,21,13,4.09011889648438,1
2017,6,2,21,13,5.95499487304687,1
2017,6,2,21,13,7.7608681640625,1
2017,6,2,21,13,9.67886889648437,1
2017,6,2,21,13,11.6260139160156,1
2017,6,2,21,13,13.6065629882813,1
2017,6,2,21,13,15.7213249511719,1
2017,6,2,21,13,17.6457241210937,1
2017,6,2,21,13,19.5718181152344,1
2017,6,2,21,13,21.39654296875,1
2017,6,2,21,13,23.3731831054688,1
2017,6,2,21,13,25.1790419921875,1
2017,6,2,21,13,26.984798828125,1
2017,6,2,21,13,28.7906320800781,1
2017,6,2,21,13,30.596298828125,1
2017,6,2,21,13,32.4019812011719,1
2017,6,2,21,13,34.2077390136719,1
2017,6,2,21,13,36.0136340332031,1
2017,6,2,21,13,37.8194858398438,1
2017,6,2,21,13,39.6255888671875,1
2017,6,2,21,13,41.4312619628906,1
2017,6,2,21,13,43.2369599609375,1
2017,6,2,21,13,45.042912109375,1
2017,6,2,21,13,46.8488540039062,1
2017,6,2,21,13,48.6545378417969,1
2017,6,2,21,13,50.4603120117187,1
2017,6,2,21,13,52.2661359863281,1
2017,6,2,21,13,54.0720478515625,1
2017,6,2,21,13,55.8778720703125,1
2017,6,2,21,13,57.6837189941406,1
2017,6,2,21,13,59.4896330566406,1
2017,6,2,21,14,1.29564086914062,1
2017,6,2,21,14,3.10140405273438,1
2017,6,2,21,14,4.907130859375,1
2017,6,2,21,14,6.7129150390625,1
2017,6,2,21,14,8.518619140625,1
2017,6,2,21,14,10.3243669433594,1
2017,6,2,21,14,12.1301579589844,1
2017,6,2,21,14,13.9359799804687,1
2017,6,2,21,14,15.7415910644531,1
2017,6,2,21,14,17.5474130859375,1
2017,6,2,21,14,19.3530939941406,1
2017,6,2,21,14,21.1587880859375,1
2017,6,2,21,14,22.9647067871094,1
2017,6,2,21,14,24.7706389160156,1
2017,6,2,21,14,26.5765891113281,1
2017,6,2,21,14,28.3824899902344,1
2017,6,2,21,14,30.1882160644531,1
2017,6,2,21,14,31.9940810546875,1
2017,6,2,21,14,33.7999838867187,1
2017,6,2,21,14,35.6057661132812,1
2017,6,2,21,14,37.4115678710938,1
2017,6,2,21,14,39.2175478515625,1
2017,6,2,21,14,41.0232260742187,1
2017,6,2,21,14,42.8290520019531,1
2017,6,2,21,14,44.6349580078125,1
2017,6,2,21,14,46.4407160644531,1
2017,6,2,21,14,48.2465810546875,1
2017,6,2,21,14,50.0525319824219,1
2017,6,2,21,14,51.8583837890625,1
2017,6,2,21,14,53.6643039550781,1
2017,6,2,21,14,55.4701760253906,1
2017,6,2,21,14,57.2758610839844,1
2017,6,2,21,14,59.0817980957031,1
2017,6,2,21,15,0.88768408203125,1
2017,6,2,21,15,2.69358618164063,1
2017,6,2,21,15,4.49935400390625,1
2017,6,2,21,15,6.30513916015625,1
2017,6,2,21,15,8.11089990234375,1
2017,6,2,21,15,9.91682592773438,1
2017,6,2,21,15,11.7227448730469,1
2017,6,2,21,15,13.5285070800781,1
2017,6,2,21,15,15.3343129882812,1
2017,6,2,21,15,17.1402790527344,1
2017,6,2,21,15,18.9460500488281,1
2017,6,2,21,15,20.7519379882812,1
2017,6,2,21,15,22.5577448730469,1
2017,6,2,21,15,24.3633520507812,1
2017,6,2,21,15,26.1691337890625,1
2017,6,2,21,15,27.9750729980469,1
2017,6,2,21,15,29.7813898925781,1
2017,6,2,21,15,31.5899829101563,1
2017,6,2,21,15,33.3956999511719,1
2017,6,2,21,15,35.2014118652344,1
2017,6,2,21,15,37.0071350097656,1
2017,6,2,21,15,38.8129460449219,1
2017,6,2,21,15,40.6188681640625,1
2017,6,2,21,15,42.4245939941406,1
2017,6,2,21,15,44.2303317871094,1
2017,6,2,21,15,46.0362680664063,1
2017,6,2,21,15,47.8422299804688,1
2017,6,2,21,15,49.6480368652344,1
2017,6,2,21,15,51.4538779296875,1
2017,6,2,21,15,53.2598400878906,1
2017,6,2,21,15,55.0657729492187,1
2017,6,2,21,15,56.8717409667969,1
2017,6,2,21,15,58.6775678710937,1
2017,6,2,21,16,0.48336279296875,1
2017,6,2,21,16,2.29106201171875,1
2017,6,2,21,16,4.096921875,1
2017,6,2,21,16,5.90288793945312,1
2017,6,2,21,16,7.70856201171875,1
2017,6,2,21,16,9.5144970703125,1
2017,6,2,21,16,11.3203420410156,1
2017,6,2,21,16,13.1261120605469,1
2017,6,2,21,16,14.9318010253906,1
2017,6,2,21,16,16.7376840820313,1
2017,6,2,21,16,18.5436411132813,1
2017,6,2,21,16,20.3496130371094,1
2017,6,2,21,16,22.1553701171875,1
2017,6,2,21,16,23.9611440429688,1
2017,6,2,21,16,25.7670458984375,1
2017,6,2,21,16,27.5729829101562,1
2017,6,2,21,16,29.3787961425781,1
2017,6,2,21,16,31.1845319824219,1
2017,6,2,21,16,32.9904880371094,1
2017,6,2,21,16,34.7962189941406,1
2017,6,2,21,16,36.6019968261719,1
2017,6,2,21,16,38.4078811035156,1
2017,6,2,21,16,40.2136350097656,1
2017,6,2,21,16,42.0195600585937,1
2017,6,2,21,16,43.8253901367188,1
2017,6,2,21,16,45.6312780761719,1
2017,6,2,21,16,47.4370419921875,1
2017,6,2,21,16,49.2428979492188,1
2017,6,2,21,16,51.0487438964844,1
2017,6,2,21,16,52.8546770019531,1
2017,6,2,21,16,54.6606408691406,1
2017,6,2,21,16,56.4663720703125,1
2017,6,2,21,16,58.2722868652344,1
2017,6,2,21,17,0.07813916015625,1
2017,6,2,21,17,1.88408911132812,1
2017,6,2,21,17,3.689794921875,1
2017,6,2,21,17,5.49569116210937,1
2017,6,2,21,17,7.30136889648437,1
2017,6,2,21,17,9.10710498046875,1
2017,6,2,21,17,10.9129460449219,1
2017,6,2,21,17,12.7186320800781,1
2017,6,2,21,17,14.5245571289063,1
2017,6,2,21,17,16.3305148925781,1
2017,6,2,21,17,18.1362900390625,1
2017,6,2,21,17,19.9421948242187,1
2017,6,2,21,17,21.747873046875,1
2017,6,2,21,17,23.5536909179688,1
2017,6,2,21,17,25.3595290527344,1
2017,6,2,21,17,27.1654670410156,1
2017,6,2,21,17,28.9714460449219,1
2017,6,2,21,17,30.7771088867188,1
2017,6,2,21,17,32.5828818359375,1
2017,6,2,21,17,34.3888171386719,1
2017,6,2,21,17,36.194669921875,1
2017,6,2,21,17,38.0003569335937,1
2017,6,2,21,17,39.8062170410156,1
2017,6,2,21,17,41.6122470703125,1
2017,6,2,21,17,43.418169921875,1
2017,6,2,21,17,45.2239348144531,1
2017,6,2,21,17,47.0297890625,1
2017,6,2,21,17,48.835748046875,1
2017,6,2,21,17,50.641751953125,1
2017,6,2,21,17,52.4474001464844,1
2017,6,2,21,17,54.2531459960937,1
2017,6,2,21,17,56.0590219726562,1
2017,6,2,21,17,57.8647648925781,1
2017,6,2,21,17,59.6707370605469,1
2017,6,2,21,18,1.47649096679688,1
2017,6,2,21,18,3.28230297851563,1
2017,6,2,21,18,5.0879541015625,1
2017,6,2,21,18,6.89378198242188,1
2017,6,2,21,18,8.69960498046875,1
2017,6,2,21,18,10.5055310058594,1
2017,6,2,21,18,12.3114750976563,1
2017,6,2,21,18,14.1173200683594,1
2017,6,2,21,18,15.9231701660156,1
2017,6,2,21,18,17.728962890625,1
2017,6,2,21,18,19.5348820800781,1
2017,6,2,21,18,21.3406838378906,1
2017,6,2,21,18,23.1465139160156,1
2017,6,2,21,18,24.9523889160156,1
2017,6,2,21,18,26.7582590332031,1
2017,6,2,21,18,28.5640209960937,1
2017,6,2,21,18,30.3697641601563,1
2017,6,2,21,18,32.1756430664063,1
2017,6,2,21,18,33.9814638671875,1
2017,6,2,21,18,35.7872409667969,1
2017,6,2,21,18,37.5930520019531,1
2017,6,2,21,18,39.3988940429687,1
2017,6,2,21,18,41.2046010742188,1
2017,6,2,21,18,43.0103869628906,1
2017,6,2,21,18,44.8160900878906,1
2017,6,2,21,18,46.6219638671875,1
2017,6,2,21,18,48.4279321289062,1
2017,6,2,21,18,50.2339870605469,1
2017,6,2,21,18,52.0396760253906,1
2017,6,2,21,18,53.8453828125,1
2017,6,2,21,18,55.6513039550781,1
2017,6,2,21,18,57.457,1
2017,6,2,21,18,59.262748046875,1
2017,6,2,21,19,1.068455078125,1
2017,6,2,21,19,2.8743779296875,1
2017,6,2,21,19,4.68015014648438,1
2017,6,2,21,19,6.48608813476562,1
2017,6,2,21,19,8.29184594726562,1
2017,6,2,21,19,10.0975461425781,1
2017,6,2,21,19,11.9034580078125,1
2017,6,2,21,19,13.7091411132812,1
2017,6,2,21,19,15.515091796875,1
2017,6,2,21,19,17.3208029785156,1
2017,6,2,21,19,19.1267778320313,1
2017,6,2,21,19,20.9326979980469,1
2017,6,2,21,19,22.7386379394531,1
2017,6,2,21,19,24.5446391601563,1
2017,6,2,21,19,26.3506010742188,1
2017,6,2,21,19,28.1565190429687,1
2017,6,2,21,19,29.962330078125,1
2017,6,2,21,19,31.7681359863281,1
2017,6,2,21,19,33.5741010742188,1
2017,6,2,21,19,35.3799790039063,1
2017,6,2,21,19,37.1856940917969,1
2017,6,2,21,19,38.9914060058594,1
2017,6,2,21,19,40.79728515625,1
2017,6,2,21,19,42.6031010742187,1
2017,6,2,21,19,44.4089350585937,1
2017,6,2,21,19,46.2147839355469,1
2017,6,2,21,19,48.0206511230469,1
2017,6,2,21,19,49.8264729003906,1
2017,6,2,21,19,51.6322587890625,1
2017,6,2,21,19,53.43820703125,1
2017,6,2,21,19,55.2439421386719,1
2017,6,2,21,19,57.0497409667969,1
2017,6,2,21,19,58.8555969238281,1
2017,6,2,21,20,0.66135107421875,1
2017,6,2,21,20,2.467087890625,1
2017,6,2,21,20,4.27305688476562,1
2017,6,2,21,20,6.07893701171875,1
2017,6,2,21,20,7.88490795898437,1
2017,6,2,21,20,9.69067602539062,1
2017,6,2,21,20,11.4976088867187,1
2017,6,2,21,20,13.3033928222656,1
2017,6,2,21,20,15.1092019042969,1
2017,6,2,21,20,16.9150529785156,1
2017,6,2,21,20,18.72083203125,1
2017,6,2,21,20,20.5266589355469,1
2017,6,2,21,20,22.3325930175781,1
2017,6,2,21,20,24.1383100585937,1
2017,6,2,21,20,25.9441730957031,1
2017,6,2,21,20,27.7501372070313,1
2017,6,2,21,20,29.556087890625,1
2017,6,2,21,20,31.3619721679688,1
2017,6,2,21,20,33.1678081054688,1
2017,6,2,21,20,34.9735151367188,1
2017,6,2,21,20,36.7792739257812,1
2017,6,2,21,20,38.584994140625,1
2017,6,2,21,20,40.3908989257813,1
2017,6,2,21,20,42.1967429199219,1
2017,6,2,21,20,44.0025498046875,1
2017,6,2,21,20,45.8083420410156,1
2017,6,2,21,20,47.6142739257812,1
2017,6,2,21,20,49.4201540527344,1
2017,6,2,21,20,51.2260239257812,1
2017,6,2,21,20,53.0317060546875,1
2017,6,2,21,20,54.8376008300781,1
2017,6,2,21,20,56.6432758789063,1
2017,6,2,21,20,58.4490009765625,1
2017,6,2,21,21,0.25483984375,1
2017,6,2,21,21,2.06075317382812,1
2017,6,2,21,21,3.86650610351562,1
2017,6,2,21,21,5.67241088867187,1
2017,6,2,21,21,7.47832299804687,1
2017,6,2,21,21,9.28426782226562,1
2017,6,2,21,21,11.0900480957031,1
2017,6,2,21,21,12.8958000488281,1
2017,6,2,21,21,14.7015988769531,1
2017,6,2,21,21,16.5074208984375,1
2017,6,2,21,21,18.31324609375,1
2017,6,2,21,21,20.1190209960937,1
2017,6,2,21,21,21.924921875,1
2017,6,2,21,21,23.7307529296875,1
2017,6,2,21,21,25.5364621582031,1
2017,6,2,21,21,27.3422170410156,1
2017,6,2,21,21,29.14812109375,1
2017,6,2,21,21,30.9538801269531,1
2017,6,2,21,21,32.7596809082031,1
2017,6,2,21,21,34.5655078125,1
2017,6,2,21,21,36.3799318847656,1
2017,6,2,21,21,38.1857248535156,1
2017,6,2,21,21,39.9916721191406,1
2017,6,2,21,21,41.7975539550781,1
2017,6,2,21,21,43.6033781738281,1
2017,6,2,21,21,45.4091169433594,1
2017,6,2,21,21,47.2150358886719,1
2017,6,2,21,21,49.0208640136719,1
2017,6,2,21,21,50.8268120117188,1
2017,6,2,21,21,52.632626953125,1
2017,6,2,21,21,54.4386188964844,1
2017,6,2,21,21,56.2443930664063,1
2017,6,2,21,21,58.0502861328125,1
2017,6,2,21,21,59.8560869140625,1
2017,6,2,21,22,1.661921875,1
2017,6,2,21,22,3.4677919921875,1
2017,6,2,21,22,5.27371313476563,1
2017,6,2,21,22,7.07965405273437,1
2017,6,2,21,22,8.8856220703125,1
2017,6,2,21,22,10.6915678710937,1
2017,6,2,21,22,12.4973549804687,1
2017,6,2,21,22,14.3032800292969,1
2017,6,2,21,22,16.1092551269531,1
2017,6,2,21,22,17.9150791015625,1
2017,6,2,21,22,19.7209499511719,1
2017,6,2,21,22,21.5268891601563,1
2017,6,2,21,22,23.3325900878906,1
2017,6,2,21,22,25.13837109375,1
2017,6,2,21,22,26.9440720214844,1
2017,6,2,21,22,28.7497570800781,1
2017,6,2,21,22,30.5556259765625,1
2017,6,2,21,22,32.3614689941406,1
2017,6,2,21,22,34.1672119140625,1
2017,6,2,21,22,35.973169921875,1
2017,6,2,21,22,37.7789357910156,1
2017,6,2,21,22,39.5846098632813,1
2017,6,2,21,22,41.3903142089844,1
2017,6,2,21,22,43.1960539550781,1
2017,6,2,21,22,45.0019829101563,1
2017,6,2,21,22,46.8079409179688,1
2017,6,2,21,22,48.613625,1
2017,6,2,21,22,50.4195869140625,1
2017,6,2,21,22,52.2253110351563,1
2017,6,2,21,22,54.0311669921875,1
2017,6,2,21,22,55.8369340820312,1
2017,6,2,21,22,57.6428598632813,1
2017,6,2,21,22,59.4488020019531,1
2017,6,2,21,23,1.26651513671875,1
2017,6,2,21,23,3.07240698242187,1
2017,6,2,21,23,4.8780888671875,1
2017,6,2,21,23,6.68386694335937,1
2017,6,2,21,23,8.48972607421875,1
2017,6,2,21,23,10.2955610351563,1
2017,6,2,21,23,12.1013269042969,1
2017,6,2,21,23,13.9072448730469,1
2017,6,2,21,23,15.7131181640625,1
2017,6,2,21,23,17.51891796875,1
2017,6,2,21,23,19.3246970214844,1
2017,6,2,21,23,21.1306860351562,1
2017,6,2,21,23,22.9364650878906,1
2017,6,2,21,23,24.7421650390625,1
2017,6,2,21,23,26.547873046875,1
2017,6,2,21,23,28.3537890625,1
2017,6,2,21,23,30.1595610351563,1
2017,6,2,21,23,31.9653310546875,1
2017,6,2,21,23,33.7713488769531,1
2017,6,2,21,23,35.5770439453125,1
2017,6,2,21,27,57.6470739746094,1
2017,6,2,21,27,59.45283203125,1
2017,6,2,21,28,1.25856005859375,1
2017,6,2,21,28,3.06426098632812,1
2017,6,2,21,28,4.8700458984375,1
2017,6,2,21,28,6.67593701171875,1
2017,6,2,21,28,8.48163891601562,1
2017,6,2,21,28,10.287408203125,1
2017,6,2,21,28,12.093287109375,1
2017,6,2,21,28,13.8992058105469,1
2017,6,2,21,28,15.7051188964844,1
2017,6,2,21,28,17.5110690917969,1
2017,6,2,21,28,19.3170458984375,1
2017,6,2,21,28,21.122828125,1
2017,6,2,21,28,22.9287568359375,1
2017,6,2,21,28,24.7347351074219,1
2017,6,2,21,28,26.5405209960938,1
2017,6,2,21,28,28.3463620605469,1
2017,6,2,21,28,30.1522260742187,1
2017,6,2,21,28,31.9581979980469,1
2017,6,2,21,28,33.764087890625,1
2017,6,2,21,28,35.5699091796875,1
2017,6,2,21,28,37.3758298339844,1
2017,6,2,21,28,39.1816950683594,1
2017,6,2,21,28,40.9877419433594,1
2017,6,2,21,28,42.7935749511719,1
2017,6,2,21,28,44.6089938964844,1
2017,6,2,21,28,46.4146669921875,1
2017,6,2,21,28,48.2205168457031,1
2017,6,2,21,28,50.0262790527344,1
2017,6,2,21,28,51.8320668945313,1
2017,6,2,21,28,53.6378869628906,1
2017,6,2,21,28,55.4435749511719,1
2017,6,2,21,28,57.2492639160156,1
2017,6,2,21,28,59.0551198730469,1
2017,6,2,21,29,0.860837890625,1
2017,6,2,21,29,2.66679907226562,1
2017,6,2,21,29,4.4725029296875,1
2017,6,2,21,29,6.27848608398438,1
2017,6,2,21,29,8.08445092773438,1
2017,6,2,21,29,9.89035302734375,1
2017,6,2,21,29,11.6961870117188,1
2017,6,2,21,29,13.5021528320312,1
2017,6,2,21,29,15.3081560058594,1
2017,6,2,21,29,17.1140549316406,1
2017,6,2,21,29,18.9200251464844,1
2017,6,2,21,29,20.7259250488281,1
2017,6,2,21,29,22.5317280273437,1
2017,6,2,21,29,24.3374230957031,1
2017,6,2,21,29,26.1433479003906,1
2017,6,2,21,29,27.9490261230469,1
2017,6,2,21,29,29.7549929199219,1
2017,6,2,21,29,31.5607309570313,1
2017,6,2,21,29,33.3665390625,1
2017,6,2,21,29,35.172251953125,1
2017,6,2,21,29,36.9781489257812,1
2017,6,2,21,29,38.7839389648437,1
2017,6,2,21,29,40.5899091796875,1
2017,6,2,21,29,42.3958430175781,1
2017,6,2,21,29,44.2018000488281,1
2017,6,2,21,29,46.0075400390625,1
2017,6,2,21,29,47.8132570800781,1
2017,6,2,21,29,49.6193129882813,1
2017,6,2,21,29,51.4250080566406,1
2017,6,2,21,29,53.2307280273438,1
2017,6,2,21,29,55.0365510253906,1
2017,6,2,21,29,56.8424938964844,1
2017,6,2,21,29,58.6483740234375,1
2017,6,2,21,30,0.454114013671875,1
2017,6,2,21,30,2.25996997070312,1
2017,6,2,21,30,4.06592797851563,1
2017,6,2,21,30,5.87181103515625,1
2017,6,2,21,30,7.6775068359375,1
2017,6,2,21,30,9.49142993164062,1
2017,6,2,21,30,11.2972800292969,1
2017,6,2,21,30,13.1029919433594,1
2017,6,2,21,30,14.9087290039063,1
2017,6,2,21,30,16.7146999511719,1
2017,6,2,21,30,18.5205180664063,1
2017,6,2,21,30,20.3264812011719,1
2017,6,2,21,30,22.1324318847656,1
2017,6,2,21,30,23.9383881835938,1
2017,6,2,21,30,25.7441821289062,1
2017,6,2,21,30,27.5500900878906,1
2017,6,2,21,30,29.3558918457031,1
2017,6,2,21,30,31.1617861328125,1
2017,6,2,21,30,32.9677209472656,1
2017,6,2,21,30,34.7734799804687,1
2017,6,2,21,30,36.579251953125,1
2017,6,2,21,30,38.3850419921875,1
2017,6,2,21,30,40.1910778808594,1
2017,6,2,21,30,41.9970358886719,1
2017,6,2,21,30,43.8027119140625,1
2017,6,2,21,30,45.6086508789063,1
2017,6,2,21,30,47.41441796875,1
2017,6,2,21,30,49.2203591308594,1
2017,6,2,21,30,51.0259689941406,1
2017,6,2,21,30,52.8316979980469,1
2017,6,2,21,30,54.6374978027344,1
2017,6,2,21,30,56.4432648925781,1
2017,6,2,21,30,58.2490930175781,1
2017,6,2,21,31,0.054778076171875,1
2017,6,2,21,31,1.86051391601562,1
2017,6,2,21,31,3.66632006835937,1
2017,6,2,21,31,5.47210302734375,1
2017,6,2,21,31,7.277908203125,1
2017,6,2,21,31,9.08365209960938,1
2017,6,2,21,31,10.8894848632813,1
2017,6,2,21,31,12.6952641601563,1
2017,6,2,21,31,14.5011730957031,1
2017,6,2,21,31,16.30683203125,1
2017,6,2,21,31,18.1125339355469,1
2017,6,2,21,31,19.9184829101562,1
2017,6,2,21,31,21.7242919921875,1
2017,6,2,21,31,23.5299899902344,1
2017,6,2,21,31,25.3357780761719,0
2017,6,2,21,31,27.1416599121094,0
2017,6,2,21,31,28.9473728027344,0
2017,6,2,21,31,30.7531010742188,0
2017,6,2,21,31,32.5588811035156,0
2017,6,2,21,31,34.3738278808594,0
2017,6,2,21,31,36.1796821289063,0
2017,6,2,21,31,37.9854479980469,0
2017,6,2,21,31,39.7913999023437,0
2017,6,2,21,31,41.5972951660156,0
2017,6,2,21,31,43.4032941894531,0
2017,6,2,21,31,45.2091721191406,0
2017,6,2,21,31,47.0149409179688,0
2017,6,2,21,31,48.8207121582031,0
2017,6,2,21,31,50.6266689453125,0
2017,6,2,21,31,52.4325910644531,0
2017,6,2,21,31,54.2383498535156,0
2017,6,2,21,31,56.0443220214844,0
2017,6,2,21,31,57.8502458496094,0
2017,6,2,21,31,59.6561879882813,0
2017,6,2,21,32,1.46200390625,0
2017,6,2,21,32,3.26774096679687,0
2017,6,2,21,32,5.07347607421875,0
2017,6,2,21,32,6.87918896484375,0
2017,6,2,21,32,8.68492895507812,0
2017,6,2,21,32,10.4908881835937,0
2017,6,2,21,32,12.2966770019531,0
2017,6,2,21,32,14.1026220703125,0
2017,6,2,21,32,15.9083581542969,0
2017,6,2,21,32,17.7142451171875,0
2017,6,2,21,32,19.5199460449219,0
2017,6,2,21,32,21.3256970214844,0
2017,6,2,21,32,23.13137890625,0
2017,6,2,21,32,24.9372189941406,0
2017,6,2,21,32,26.7431271972656,0
2017,6,2,21,32,28.5488830566406,0
2017,6,2,21,32,30.3548549804688,0
2017,6,2,21,32,32.1606430664063,1
2017,6,2,21,32,33.9663679199219,1
2017,6,2,21,32,35.7723049316406,1
2017,6,2,21,32,37.5782229003906,1
2017,6,2,21,32,39.3841928710938,1
2017,6,2,21,32,41.1900998535156,1
2017,6,2,21,32,42.995912109375,1
2017,6,2,21,32,44.8016569824219,1
2017,6,2,21,32,46.6075991210937,1
2017,6,2,21,32,48.4133420410156,1
2017,6,2,21,32,50.2191479492188,1
2017,6,2,21,32,52.0249499511719,1
2017,6,2,21,32,53.8307490234375,1
2017,6,2,21,32,55.6366079101563,1
2017,6,2,21,32,57.4423579101562,1
2017,6,2,21,32,59.25575,1
2017,6,2,21,33,1.061583984375,1
2017,6,2,21,33,2.8674951171875,1
2017,6,2,21,33,4.6734140625,1
2017,6,2,21,33,6.47923486328125,1
2017,6,2,21,33,8.28511499023437,1
2017,6,2,21,33,10.0908488769531,1
2017,6,2,21,33,11.8967270507812,1
2017,6,2,21,33,13.702416015625,1
2017,6,2,21,33,15.5081638183594,1
2017,6,2,21,33,17.3140859375,1
2017,6,2,21,33,19.1199169921875,1
2017,6,2,21,33,20.9270478515625,1
2017,6,2,21,33,22.7330239257813,1
2017,6,2,21,33,24.5389619140625,1
2017,6,2,21,33,26.3450620117187,1
2017,6,2,21,33,28.1509758300781,1
2017,6,2,21,33,29.9566530761719,1
2017,6,2,21,33,31.7625141601563,1
2017,6,2,21,33,33.5683520507813,1
2017,6,2,21,33,35.3742790527344,1
2017,6,2,21,33,37.1802448730469,1
2017,6,2,21,33,38.9860209960937,1
2017,6,2,21,33,40.79187890625,1
2017,6,2,21,33,42.5977138671875,1
2017,6,2,21,33,44.4035061035156,1
2017,6,2,21,33,46.2092680664063,1
2017,6,2,21,33,48.0151301269531,1
2017,6,2,21,33,49.8209060058594,1
2017,6,2,21,33,51.62687109375,1
2017,6,2,21,33,53.4326000976562,1
2017,6,2,21,33,55.2384929199219,1
2017,6,2,21,33,57.0443830566406,1
2017,6,2,21,33,58.8502819824219,1
2017,6,2,21,34,0.6563251953125,1
2017,6,2,21,34,2.46207690429687,1
2017,6,2,21,34,4.26790893554687,1
2017,6,2,21,34,6.07368798828125,1
2017,6,2,21,34,7.87957006835938,1
2017,6,2,21,34,9.68535815429687,1
2017,6,2,21,34,11.4912600097656,1
2017,6,2,21,34,13.29696484375,0
2017,6,2,21,34,15.1028120117188,0
2017,6,2,21,34,16.9085749511719,0
2017,6,2,21,34,18.7144201660156,0
2017,6,2,21,34,20.5202109375,0
2017,6,2,21,34,22.3263049316406,0
2017,6,2,21,34,24.1388110351563,0
2017,6,2,21,34,25.944533203125,0
2017,6,2,21,34,27.7503510742187,0
2017,6,2,21,34,29.5562009277344,0
2017,6,2,21,34,31.3618190917969,0
2017,6,2,21,34,33.1676198730469,0
2017,6,2,21,34,34.9734331054688,0
2017,6,2,21,34,36.7792001953125,0
2017,6,2,21,34,38.5849379882812,0
2017,6,2,21,34,40.3908500976562,0
2017,6,2,21,34,42.1967438964844,0
2017,6,2,21,34,44.0024990234375,0
2017,6,2,21,34,45.8083000488281,0
2017,6,2,21,34,47.6140200195313,0
2017,6,2,21,34,49.4199150390625,0
2017,6,2,21,34,51.2256611328125,0
2017,6,2,21,34,53.0315849609375,0
2017,6,2,21,34,54.8375,0
2017,6,2,21,34,56.6432390136719,0
2017,6,2,21,34,58.4490610351562,0
2017,6,2,21,35,0.255009033203125,0
2017,6,2,21,35,2.06098095703125,0
2017,6,2,21,35,3.86705004882812,0
2017,6,2,21,35,5.6727080078125,0
2017,6,2,21,35,7.47855590820313,0
2017,6,2,21,35,9.28443798828125,0
2017,6,2,21,35,11.0903371582031,0
2017,6,2,21,35,12.8962800292969,0
2017,6,2,21,35,14.7020390625,0
2017,6,2,21,35,16.5081201171875,0
2017,6,2,21,35,18.3138510742187,0
2017,6,2,21,35,20.1196469726562,0
2017,6,2,21,35,21.9255539550781,0
2017,6,2,21,35,23.7313271484375,1
2017,6,2,21,35,25.5370520019531,1
2017,6,2,21,35,27.3430090332031,1
2017,6,2,21,35,29.1487270507813,1
2017,6,2,21,35,30.9546879882813,1
2017,6,2,21,35,32.7605190429688,1
2017,6,2,21,35,34.5662319335937,1
2017,6,2,21,35,36.3719770507812,1
2017,6,2,21,35,38.1778000488281,1
2017,6,2,21,35,39.9835639648438,1
2017,6,2,21,35,41.789248046875,1
2017,6,2,21,35,43.5950319824219,1
2017,6,2,21,35,45.4009880371094,1
2017,6,2,21,35,47.2066989746094,1
2017,6,2,21,35,49.0125698242188,1
2017,6,2,21,35,50.8185151367188,1
2017,6,2,21,35,52.6241889648438,1
2017,6,2,21,35,54.4300439453125,1
2017,6,2,21,35,56.2358601074219,1
2017,6,2,21,35,58.0418142089844,1
2017,6,2,21,35,59.8477099609375,1
2017,6,2,21,36,1.6534951171875,1
2017,6,2,21,36,3.45949096679688,1
2017,6,2,21,36,5.26521118164063,1
2017,6,2,21,36,7.07089990234375,1
2017,6,2,21,36,8.87661596679687,1
2017,6,2,21,36,10.6823549804687,1
2017,6,2,21,36,12.4880949707031,1
2017,6,2,21,36,14.2939460449219,1
2017,6,2,21,36,16.0999309082031,1
2017,6,2,21,36,17.9058330078125,1
2017,6,2,21,36,19.7117490234375,1
2017,6,2,21,36,21.5176459960938,1
2017,6,2,21,36,23.3234602050781,1
2017,6,2,21,36,25.1293361816406,1
2017,6,2,21,36,26.9351799316406,1
2017,6,2,21,36,28.7411059570313,1
2017,6,2,21,36,30.5469538574219,1
2017,6,2,21,36,32.3526369628906,1
2017,6,2,21,36,34.1584909667969,1
2017,6,2,21,36,35.9641799316406,1
2017,6,2,21,36,37.7702990722656,1
2017,6,2,21,36,39.5762780761719,1
2017,6,2,21,36,41.3821650390625,1
2017,6,2,21,36,43.1878610839844,1
2017,6,2,21,36,44.9938271484375,1
2017,6,2,21,36,46.7998569335938,1
2017,6,2,21,36,48.6119580078125,1
2017,6,2,21,36,50.4177971191406,1
2017,6,2,21,36,52.223587890625,1
2017,6,2,21,36,54.0294360351563,1
2017,6,2,21,36,55.8352670898437,1
2017,6,2,21,36,57.6409890136719,1
2017,6,2,21,36,59.4468979492188,1
2017,6,2,21,37,1.25261694335938,1
2017,6,2,21,37,3.05843896484375,1
2017,6,2,21,37,4.86434204101563,0
2017,6,2,21,37,6.67042895507813,0
2017,6,2,21,37,8.47628588867187,0
2017,6,2,21,37,10.2820729980469,0
2017,6,2,21,37,12.0878940429688,0
2017,6,2,21,37,13.8938420410156,0
2017,6,2,21,37,15.6996928710938,0
2017,6,2,21,37,17.5054619140625,0
2017,6,2,21,37,19.3113288574219,0
2017,6,2,21,37,21.1171838378906,0
2017,6,2,21,37,22.9230209960938,0
2017,6,2,21,37,24.7289887695312,0
2017,6,2,21,37,26.5349450683594,0
2017,6,2,21,37,28.3410209960938,0
2017,6,2,21,37,30.1466560058594,0
2017,6,2,21,37,31.9524660644531,0
2017,6,2,21,37,33.7582109375,0
2017,6,2,21,37,35.5641838378906,0
2017,6,2,21,37,37.370041015625,1
2017,6,2,21,37,39.1759780273438,1
2017,6,2,21,37,40.9821889648438,1
2017,6,2,21,37,42.7879670410156,1
2017,6,2,21,37,44.5936579589844,1
2017,6,2,21,37,46.3994191894531,1
2017,6,2,21,37,48.2051279296875,1
2017,6,2,21,37,50.0110739746094,1
2017,6,2,21,37,51.8170048828125,1
2017,6,2,21,37,53.622744140625,1
2017,6,2,21,37,55.4286259765625,1
2017,6,2,21,37,57.2345759277344,1
2017,6,2,21,37,59.0403139648437,1
2017,6,2,21,38,0.846151123046875,1
2017,6,2,21,38,2.6519638671875,1
2017,6,2,21,38,4.45760791015625,1
2017,6,2,21,38,6.26354418945312,1
2017,6,2,21,38,8.06929907226563,1
2017,6,2,21,38,9.875130859375,1
2017,6,2,21,38,11.681001953125,1
2017,6,2,21,38,13.4941411132813,1
2017,6,2,21,38,15.3000810546875,1
2017,6,2,21,38,17.1058959960938,1
2017,6,2,21,38,18.9116970214844,1
2017,6,2,21,38,20.7176298828125,1
2017,6,2,21,38,22.5235939941406,1
2017,6,2,21,38,24.3293139648437,1
2017,6,2,21,38,26.1350700683594,1
2017,6,2,21,38,27.9409948730469,1
2017,6,2,21,38,29.7469128417969,1
2017,6,2,21,38,31.5527761230469,1
2017,6,2,21,38,33.3585810546875,1
2017,6,2,21,38,35.1644658203125,1
2017,6,2,21,38,36.9701960449219,1
2017,6,2,21,38,38.7761618652344,1
2017,6,2,21,38,40.5820439453125,1
2017,6,2,21,38,42.3877299804687,1
2017,6,2,21,38,44.1936799316406,1
2017,6,2,21,38,45.9994609375,1
2017,6,2,21,38,47.8052700195312,1
2017,6,2,21,38,49.611048828125,1
2017,6,2,21,38,51.4168950195313,1
2017,6,2,21,38,53.2226401367188,1
2017,6,2,21,38,55.028537109375,1
2017,6,2,21,38,56.8342509765625,1
2017,6,2,21,38,58.6399890136719,1
2017,6,2,21,39,0.446029052734375,1
2017,6,2,21,39,2.25189599609375,1
2017,6,2,21,39,4.057583984375,1
2017,6,2,21,39,5.86361181640625,1
2017,6,2,21,39,7.66925805664062,1
2017,6,2,21,39,9.4752109375,1
2017,6,2,21,39,11.2811779785156,1
2017,6,2,21,39,13.0870559082031,1
2017,6,2,21,39,14.8927358398438,1
2017,6,2,21,39,16.6986730957031,1
2017,6,2,21,39,18.5046520996094,1
2017,6,2,21,39,20.3105500488281,1
2017,6,2,21,39,22.11633984375,1
2017,6,2,21,39,23.9221889648437,1
2017,6,2,21,39,25.7280129394531,1
2017,6,2,21,39,27.5340568847656,0
2017,6,2,21,39,29.3398608398438,0
2017,6,2,21,39,31.1456110839844,0
2017,6,2,21,39,32.9513381347656,0
2017,6,2,21,39,34.7571000976562,0
2017,6,2,21,39,36.5628569335937,0
2017,6,2,21,39,38.3765329589844,0
2017,6,2,21,39,40.1823000488281,0
2017,6,2,21,39,41.9881748046875,0
2017,6,2,21,39,43.7938530273438,1
2017,6,2,21,39,45.5997150878906,1
2017,6,2,21,39,47.40546484375,1
2017,6,2,21,39,49.2113718261719,1
2017,6,2,21,39,51.0170988769531,1
2017,6,2,21,39,52.8230500488281,1
2017,6,2,21,39,54.6288208007812,1
2017,6,2,21,39,56.4345478515625,1
2017,6,2,21,39,58.2403640136719,1
2017,6,2,21,40,0.04626708984375,1
2017,6,2,21,40,1.85194897460938,1
2017,6,2,21,40,3.65788598632813,1
2017,6,2,21,40,5.46357202148438,1
2017,6,2,21,40,7.26934912109375,1
2017,6,2,21,40,9.0755,1
2017,6,2,21,40,10.8810971679688,1
2017,6,2,21,40,12.6869279785156,1
2017,6,2,21,40,14.4929040527344,1
2017,6,2,21,40,16.2988430175781,1
2017,6,2,21,40,18.1047700195313,1
2017,6,2,21,40,19.9104799804688,1
2017,6,2,21,40,21.7162609863281,1
2017,6,2,21,40,50.0768171386719,1
2017,6,2,21,40,51.9200639648437,1
2017,6,2,21,40,53.8924699707031,1
2017,6,2,21,40,55.7000629882813,1
2017,6,2,21,40,57.5064721679688,1
2017,6,2,21,40,59.4031569824219,1
2017,6,2,21,41,1.27922802734375,1
2017,6,2,21,41,3.08502880859375,1
2017,6,2,21,41,5.26409399414062,1
2017,6,2,21,41,7.17443115234375,1
2017,6,2,21,41,9.06775805664062,1
2017,6,2,21,41,10.8736450195312,1
2017,6,2,21,41,13.0379470214844,1
2017,6,2,21,41,14.8437141113281,1
2017,6,2,21,41,16.6494790039063,1
2017,6,2,21,41,18.6111809082031,1
2017,6,2,21,41,20.4464919433594,1
2017,6,2,21,41,22.261244140625,1
2017,6,2,21,41,24.09624609375,1
2017,6,2,21,41,25.9021540527344,1
2017,6,2,21,41,27.707921875,1
2017,6,2,21,41,29.6964599609375,1
2017,6,2,21,41,31.5523229980469,1
2017,6,2,21,41,33.6490349121094,1
2017,6,2,21,41,35.4916179199219,1
2017,6,2,21,41,37.3751740722656,1
2017,6,2,21,41,39.3070500488281,1
2017,6,2,21,41,41.2650480957031,1
2017,6,2,21,41,43.0707590332031,1
2017,6,2,21,41,44.8765358886719,1
2017,6,2,21,41,46.7384709472656,1
2017,6,2,21,41,48.7130639648437,1
2017,6,2,21,41,50.7834611816406,1
2017,6,2,21,41,52.6172548828125,1
2017,6,2,21,41,54.6049089355469,1
2017,6,2,21,41,56.4488471679688,1
2017,6,2,21,41,58.4741069335938,1
2017,6,2,21,42,0.279946044921875,1
2017,6,2,21,42,2.10021997070313,1
2017,6,2,21,42,4.25892211914062,1
2017,6,2,21,42,6.10930200195313,1
2017,6,2,21,42,7.91511694335937,1
2017,6,2,21,42,9.84356591796875,1
2017,6,2,21,42,11.79508984375,1
2017,6,2,21,42,13.7576669921875,1
2017,6,2,21,42,15.7626938476562,1
2017,6,2,21,42,17.5684619140625,1
2017,6,2,21,42,19.4893798828125,1
2017,6,2,21,42,21.3434880371094,1
2017,6,2,21,42,23.1995310058594,1
2017,6,2,21,42,25.1097578125,1
2017,6,2,21,42,27.1098271484375,1
2017,6,2,21,42,29.0790588378906,1
2017,6,2,21,42,30.8956179199219,1
2017,6,2,21,42,32.7811420898437,1
2017,6,2,21,42,34.8174609375,1
2017,6,2,21,42,36.7199289550781,1
2017,6,2,21,42,38.7071608886719,1
2017,6,2,21,42,40.6884738769531,1
2017,6,2,21,42,42.5352958984375,1
2017,6,2,21,42,44.3410859375,1
2017,6,2,21,42,46.1516540527344,1
2017,6,2,21,42,48.120455078125,1
2017,6,2,21,42,49.9645290527344,1
2017,6,2,21,42,51.8173088378906,1
2017,6,2,21,42,53.6278930664063,1
2017,6,2,21,42,55.6066320800781,1
2017,6,2,21,42,57.4166340332031,1
2017,6,2,21,42,59.5276811523438,1
2017,6,2,21,43,1.41436010742188,1
2017,6,2,21,43,3.32536303710937,1
2017,6,2,21,43,5.2442060546875,1
2017,6,2,21,43,7.18335205078125,1
2017,6,2,21,43,9.13103100585938,1
2017,6,2,21,43,11.0145471191406,1
2017,6,2,21,43,12.8605109863281,1
2017,6,2,21,43,14.8111848144531,1
2017,6,2,21,43,16.783787109375,1
2017,6,2,21,43,18.8063071289063,1
2017,6,2,21,43,20.6119890136719,1
2017,6,2,21,43,22.4912978515625,1
2017,6,2,21,43,24.4496379394531,1
2017,6,2,21,43,26.3876650390625,1
2017,6,2,21,43,28.23149609375,1
2017,6,2,21,43,30.0745539550781,1
2017,6,2,21,43,31.8803879394531,1
2017,6,2,21,43,33.8964069824219,1
2017,6,2,21,43,35.7917370605469,1
2017,6,2,21,43,37.7705810546875,1
2017,6,2,21,43,39.7769948730469,1
2017,6,2,21,43,41.5826809082031,1
2017,6,2,21,43,43.3884899902344,1
2017,6,2,21,43,45.1942250976563,1
2017,6,2,21,43,46.99991796875,1
2017,6,2,21,43,48.8058549804688,1
2017,6,2,21,43,50.6118120117187,1
2017,6,2,21,43,52.4176770019531,1
2017,6,2,21,43,54.2236440429688,1
2017,6,2,21,43,56.0293410644531,1
2017,6,2,21,43,57.8351350097656,1
2017,6,2,21,43,59.6410710449219,1
2017,6,2,21,44,1.44696997070312,1
2017,6,2,21,44,3.25308715820313,1
2017,6,2,21,44,5.05878588867188,1
2017,6,2,21,44,6.86452294921875,1
2017,6,2,21,44,8.67035009765625,1
2017,6,2,21,44,10.4761970214844,1
2017,6,2,21,44,12.2820480957031,1
2017,6,2,21,44,14.0879279785156,1
2017,6,2,21,44,15.8940908203125,1
2017,6,2,21,44,17.6999409179687,1
2017,6,2,21,44,19.5057390136719,1
2017,6,2,21,44,21.3114799804688,1
2017,6,2,21,44,23.1172780761719,1
2017,6,2,21,44,24.9232189941406,1
2017,6,2,21,44,26.7290871582031,1
2017,6,2,21,44,28.534837890625,1
2017,6,2,21,44,30.3407619628906,1
2017,6,2,21,44,32.1465759277344,1
2017,6,2,21,44,33.9526149902344,1
2017,6,2,21,44,35.7582341308594,1
2017,6,2,21,44,37.5639909667969,1
2017,6,2,21,44,39.3697551269531,1
2017,6,2,21,44,41.1757290039062,1
2017,6,2,21,44,42.9816330566406,1
2017,6,2,21,44,44.78733203125,1
2017,6,2,21,44,46.5934069824219,1
2017,6,2,21,44,48.3993488769531,1
2017,6,2,21,44,50.2052390136719,1
2017,6,2,21,44,52.0112131347656,1
2017,6,2,21,44,53.8171569824219,1
2017,6,2,21,44,55.6231301269531,1
2017,6,2,21,44,57.4289240722656,1
2017,6,2,21,44,59.2346520996094,1
2017,6,2,21,45,1.0403681640625,1
2017,6,2,21,45,2.84622607421875,1
2017,6,2,21,45,4.6522041015625,1
2017,6,2,21,45,6.458125,1
2017,6,2,21,45,8.2639599609375,1
2017,6,2,21,45,10.0698759765625,1
2017,6,2,21,45,11.8756079101562,1
2017,6,2,21,45,13.6813059082031,1
2017,6,2,21,45,15.4872119140625,1
2017,6,2,21,45,17.2929990234375,1
2017,6,2,21,45,19.0986899414062,1
2017,6,2,21,45,20.9046079101563,1
2017,6,2,21,45,22.7103640136719,1
2017,6,2,21,45,24.5162648925781,1
2017,6,2,21,45,26.3221740722656,1
2017,6,2,21,45,28.1278920898438,1
2017,6,2,21,45,29.9352377929687,1
2017,6,2,21,45,31.7410270996094,1
2017,6,2,21,45,33.5468491210938,1
2017,6,2,21,45,35.352744140625,1
2017,6,2,21,45,37.1586069335938,1
2017,6,2,21,45,38.9652241210937,1
2017,6,2,21,45,40.7762570800781,1
2017,6,2,21,45,42.5820310058594,1
2017,6,2,21,45,44.3879489746094,1
2017,6,2,21,45,46.1938811035156,0
2017,6,2,21,45,47.9997329101562,0
2017,6,2,21,45,49.8056049804688,0
2017,6,2,21,45,51.6115578613281,1
2017,6,2,21,45,53.4173959960938,1
2017,6,2,21,45,55.2232038574219,1
2017,6,2,21,45,57.0289731445312,1
2017,6,2,21,45,58.8348889160156,1
2017,6,2,21,46,0.640683837890625,1
2017,6,2,21,46,2.44665698242187,1
2017,6,2,21,46,4.25240307617188,1
2017,6,2,21,46,6.0581591796875,1
2017,6,2,21,46,7.863955078125,1
2017,6,2,21,46,9.66967700195313,1
2017,6,2,21,46,11.4759108886719,1
2017,6,2,21,46,13.2817390136719,1
2017,6,2,21,46,15.0877111816406,1
2017,6,2,21,46,16.8936650390625,1
2017,6,2,21,46,18.6994880371094,1
2017,6,2,21,46,20.5052180175781,1
2017,6,2,21,46,22.3110229492187,1
2017,6,2,21,46,24.1167299804688,1
2017,6,2,21,46,25.9227099609375,1
2017,6,2,21,46,27.7284790039063,1
2017,6,2,21,46,29.5342009277344,1
2017,6,2,21,46,31.3401760253906,1
2017,6,2,21,46,33.1463039550781,1
2017,6,2,21,46,34.9520568847656,1
2017,6,2,21,46,36.7578940429688,1
2017,6,2,21,46,38.5636279296875,1
2017,6,2,21,46,40.3696069335938,1
2017,6,2,21,46,42.1753020019531,1
2017,6,2,21,46,43.9810610351563,1
2017,6,2,21,46,45.7868740234375,1
2017,6,2,21,46,47.5925629882813,1
2017,6,2,21,46,49.39825390625,1
2017,6,2,21,46,51.2042319335938,1
2017,6,2,21,46,53.0101330566406,1
2017,6,2,21,46,54.8159780273438,1
2017,6,2,21,46,56.6217729492188,1
2017,6,2,21,46,58.4275810546875,1
2017,6,2,21,47,0.23331201171875,1
2017,6,2,21,47,2.03919995117188,1
2017,6,2,21,47,3.844912109375,1
2017,6,2,21,47,5.65835083007812,1
2017,6,2,21,47,7.46416796875,1
2017,6,2,21,47,9.27013623046875,1
2017,6,2,21,47,11.0759360351562,1
2017,6,2,21,47,12.8817580566406,1
2017,6,2,21,47,14.6874799804687,1
2017,6,2,21,47,16.4934631347656,1
2017,6,2,21,47,18.2991770019531,1
2017,6,2,21,47,20.1049758300781,1
2017,6,2,21,47,21.9107658691406,1
2017,6,2,21,47,23.7166618652344,1
2017,6,2,21,47,25.5224150390625,1
2017,6,2,21,47,27.3283679199219,1
2017,6,2,21,47,29.1341059570312,1
2017,6,2,21,47,30.9398740234375,1
2017,6,2,21,47,32.7458090820313,1
2017,6,2,21,47,34.5517448730469,1
2017,6,2,21,47,36.3575971679687,1
2017,6,2,21,47,38.1633120117188,1
2017,6,2,21,47,39.9690539550781,1
2017,6,2,21,47,41.774744140625,1
2017,6,2,21,47,43.5805219726562,1
2017,6,2,21,47,45.3862309570313,1
2017,6,2,21,47,47.1920969238281,0
2017,6,2,21,47,48.9981079101562,0
2017,6,2,21,47,50.8038188476563,0
2017,6,2,21,47,52.6096857910156,0
2017,6,2,21,47,54.4155520019531,0
2017,6,2,21,47,56.2213798828125,0
2017,6,2,21,47,58.0270629882813,0
2017,6,2,21,47,59.8327890625,0
2017,6,2,21,48,1.63860693359375,0
2017,6,2,21,48,3.44452416992188,0
2017,6,2,21,48,5.25047485351562,0
2017,6,2,21,48,7.05617797851562,0
2017,6,2,21,48,8.86199584960938,0
2017,6,2,21,48,10.6677380371094,0
2017,6,2,21,48,12.4736689453125,0
2017,6,2,21,48,14.2796162109375,0
2017,6,2,21,48,16.0854279785156,0
2017,6,2,21,48,17.8913889160156,0
2017,6,2,21,48,19.6972170410156,0
2017,6,2,21,48,21.5031062011719,0
2017,6,2,21,48,23.3092009277344,0
2017,6,2,21,48,25.1149489746094,0
2017,6,2,21,48,26.92075390625,0
2017,6,2,21,48,28.7266359863281,0
2017,6,2,21,48,30.5411748046875,0
2017,6,2,21,48,32.3469370117188,0
2017,6,2,21,48,34.1527609863281,0
2017,6,2,21,48,35.9586840820312,1
2017,6,2,21,48,37.7646240234375,1
2017,6,2,21,48,39.5704702148438,1
2017,6,2,21,48,41.3763229980469,1
2017,6,2,21,48,43.1822099609375,1
2017,6,2,21,48,44.9879489746094,1
2017,6,2,21,48,46.7938850097656,1
2017,6,2,21,48,48.5998881835937,1
2017,6,2,21,48,50.4058349609375,1
2017,6,2,21,48,52.2115639648437,1
2017,6,2,21,48,54.0173718261719,1
2017,6,2,21,48,55.8231110839844,1
2017,6,2,21,48,57.6290869140625,1
2017,6,2,21,48,59.4348608398438,1
2017,6,2,21,49,1.24057006835938,1
2017,6,2,21,49,3.04630395507813,1
2017,6,2,21,49,4.8521640625,1
2017,6,2,21,49,6.65801904296875,1
2017,6,2,21,49,8.4639931640625,1
2017,6,2,21,49,10.2699780273438,1
2017,6,2,21,49,12.0756960449219,1
2017,6,2,21,49,13.8814880371094,1
2017,6,2,21,49,15.6872709960937,1
2017,6,2,21,49,17.4929978027344,1
2017,6,2,21,49,19.2988449707031,1
2017,6,2,21,49,21.1046970214844,1
2017,6,2,21,49,22.9106770019531,1
2017,6,2,21,49,24.7166198730469,1
2017,6,2,21,49,26.5223220214844,1
2017,6,2,21,49,28.3282380371094,1
2017,6,2,21,49,30.134001953125,1
2017,6,2,21,49,31.9398049316406,1
2017,6,2,21,49,33.7456369628906,1
2017,6,2,21,49,35.5514809570313,1
2017,6,2,21,49,37.3574379882812,1
2017,6,2,21,49,39.1633010253906,1
2017,6,2,21,49,40.9691860351562,1
2017,6,2,21,49,42.7750070800781,1
2017,6,2,21,49,44.5811108398438,1
2017,6,2,21,49,46.3870419921875,1
2017,6,2,21,49,48.1929450683594,1
2017,6,2,21,49,49.9987780761719,1
2017,6,2,21,49,51.8046311035156,1
2017,6,2,21,49,53.6105229492187,1
2017,6,2,21,49,55.4162719726562,1
2017,6,2,21,49,57.2220549316406,1
2017,6,2,21,49,59.027919921875,1
2017,6,2,21,50,0.833745849609375,1
2017,6,2,21,50,2.63969116210937,1
2017,6,2,21,50,4.44563696289063,1
2017,6,2,21,50,6.2516611328125,1
2017,6,2,21,50,8.05743798828125,1
2017,6,2,21,50,9.86339208984375,1
2017,6,2,21,50,11.669125,1
2017,6,2,21,50,13.4749519042969,1
2017,6,2,21,50,15.2807141113281,1
2017,6,2,21,50,17.0865979003906,1
2017,6,2,21,50,18.8927878417969,1
2017,6,2,21,50,20.6986989746094,1
2017,6,2,21,50,22.5043781738281,1
2017,6,2,21,50,24.3103139648438,1
2017,6,2,21,50,26.1161369628906,1
2017,6,2,21,50,27.9218190917969,1
2017,6,2,21,50,29.727794921875,1
2017,6,2,21,50,31.5336589355469,1
2017,6,2,21,50,33.3394660644531,1
2017,6,2,21,50,35.1454370117187,1
2017,6,2,21,50,36.9511450195313,1
2017,6,2,21,50,38.7568669433594,1
2017,6,2,21,50,40.5645939941406,1
2017,6,2,21,50,42.3703720703125,1
2017,6,2,21,50,44.1761110839844,1
2017,6,2,21,50,45.9818100585938,1
2017,6,2,21,50,47.7875749511719,1
2017,6,2,21,50,49.5934240722656,1
2017,6,2,21,50,51.3991489257812,1
2017,6,2,21,50,53.2050610351562,1
2017,6,2,21,50,55.0109489746094,1
2017,6,2,21,50,56.8166960449219,1
2017,6,2,21,50,58.6226550292969,1
2017,6,2,21,51,0.4285439453125,1
2017,6,2,21,51,2.23427392578125,1
2017,6,2,21,51,4.04001391601563,1
2017,6,2,21,51,5.84569702148437,1
2017,6,2,21,51,7.65138110351563,1
2017,6,2,21,51,9.457158203125,1
2017,6,2,21,51,11.2630451660156,1
2017,6,2,21,51,13.0689030761719,1
2017,6,2,21,51,14.8746608886719,1
2017,6,2,21,51,16.680337890625,1
2017,6,2,21,51,18.4860571289062,1
2017,6,2,21,51,20.2919719238281,1
2017,6,2,21,51,22.09775390625,1
2017,6,2,21,51,23.9036108398438,1
2017,6,2,21,51,25.7093479003906,1
2017,6,2,21,51,27.5152810058594,1
2017,6,2,21,51,29.3210261230469,1
2017,6,2,21,51,31.1268200683594,1
2017,6,2,21,51,32.9326748046875,1
2017,6,2,21,51,34.73837890625,1
2017,6,2,21,51,36.5443298339844,1
2017,6,2,21,51,38.3501958007813,1
2017,6,2,21,51,40.1559528808594,1
2017,6,2,21,51,41.9616599121094,1
2017,6,2,21,51,43.7675539550781,1
2017,6,2,21,51,45.5735200195313,1
2017,6,2,21,51,47.3794191894531,1
2017,6,2,21,51,49.1853239746094,1
2017,6,2,21,51,50.9910600585938,1
2017,6,2,21,51,52.7968391113281,1
2017,6,2,21,51,54.6025400390625,1
2017,6,2,21,51,56.4084990234375,1
2017,6,2,21,51,58.21420703125,1
2017,6,2,21,52,0.020180908203125,1
2017,6,2,21,52,1.82592504882812,1
2017,6,2,21,52,3.63172509765625,1
2017,6,2,21,52,5.43769091796875,1
2017,6,2,21,52,7.2434150390625,1
2017,6,2,21,52,9.04938793945312,1
2017,6,2,21,52,10.8553049316406,1
2017,6,2,21,52,12.6612709960937,1
2017,6,2,21,52,14.467125,1
2017,6,2,21,52,16.272923828125,1
2017,6,2,21,52,18.0787409667969,1
2017,6,2,21,52,19.8847080078125,1
2017,6,2,21,52,21.6905051269531,1
2017,6,2,21,52,23.4963110351562,1
2017,6,2,21,52,25.3021591796875,1
2017,6,2,21,52,27.1080629882813,1
2017,6,2,21,52,28.9140090332031,1
2017,6,2,21,52,30.7198569335937,1
2017,6,2,21,52,32.5257390136719,1
2017,6,2,21,52,34.3315,1
2017,6,2,21,52,36.1374719238281,1
2017,6,2,21,52,37.9433249511719,1
2017,6,2,21,52,39.7491118164062,1
2017,6,2,21,52,41.5549040527344,1
2017,6,2,21,52,43.3606711425781,1
2017,6,2,21,52,45.1663940429687,1
2017,6,2,21,52,46.972333984375,1
2017,6,2,21,52,48.7782390136719,1
2017,6,2,21,52,50.5840681152344,1
2017,6,2,21,52,52.3898449707031,1
2017,6,2,21,52,54.1956821289062,1
2017,6,2,21,52,56.0015510253906,1
2017,6,2,21,52,57.8075109863281,1
2017,6,2,21,52,59.61325,1
2017,6,2,21,53,1.4191201171875,1
2017,6,2,21,53,3.22494287109375,1
2017,6,2,21,53,5.03071411132813,1
2017,6,2,21,53,6.83667700195312,1
2017,6,2,21,53,8.64258203125,1
2017,6,2,21,53,10.4485649414063,1
2017,6,2,21,53,12.2542451171875,1
2017,6,2,21,53,14.0599799804687,1
2017,6,2,21,53,15.8656799316406,1
2017,6,2,21,53,17.6714499511719,1
2017,6,2,21,53,19.4773149414062,1
2017,6,2,21,53,21.2832180175781,1
2017,6,2,21,53,23.0890048828125,1
2017,6,2,21,53,24.8949689941406,1
2017,6,2,21,53,26.7006618652344,1
2017,6,2,21,53,28.5066020507813,1
2017,6,2,21,53,30.3123500976562,1
2017,6,2,21,53,32.1181618652344,1
2017,6,2,21,53,33.9239509277344,1
2017,6,2,21,53,35.7298278808594,1
2017,6,2,21,53,37.5356198730469,1
2017,6,2,21,53,39.3413969726562,1
2017,6,2,21,53,41.1475209960938,1
2017,6,2,21,53,42.9532590332031,1
2017,6,2,21,53,44.7590698242187,1
2017,6,2,21,53,46.5649580078125,1
2017,6,2,21,53,48.3708659667969,1
2017,6,2,21,53,50.1765981445312,1
2017,6,2,21,53,51.9824670410156,1
2017,6,2,21,53,53.789048828125,1
2017,6,2,21,53,55.5949321289063,1
2017,6,2,21,53,57.4007009277344,1
2017,6,2,21,53,59.2065798339844,1
2017,6,2,21,54,1.01574487304687,1
2017,6,2,21,54,2.82143676757812,1
2017,6,2,21,54,4.62724389648437,1
2017,6,2,21,54,6.43317504882812,1
2017,6,2,21,54,8.23897509765625,1
2017,6,2,21,54,10.0446789550781,1
2017,6,2,21,54,11.8504970703125,1
2017,6,2,21,54,13.6563698730469,1
2017,6,2,21,54,15.4622241210937,1
2017,6,2,21,54,17.2681569824219,1
2017,6,2,21,54,19.0738488769531,1
2017,6,2,21,54,20.8795471191406,1
2017,6,2,21,54,22.6853408203125,1
2017,6,2,21,54,24.4910739746094,1
2017,6,2,21,54,26.2968049316406,1
2017,6,2,21,54,28.1027509765625,1
2017,6,2,21,54,29.9088181152344,1
2017,6,2,21,54,31.7147080078125,1
2017,6,2,21,54,33.5204560546875,1
2017,6,2,21,54,35.3305849609375,1
2017,6,2,21,54,37.1363720703125,1
2017,6,2,21,54,38.9421159667969,1
2017,6,2,21,54,40.7479519042969,1
2017,6,2,21,54,42.5537751464844,1
2017,6,2,21,54,44.3596530761719,1
2017,6,2,21,54,46.1653781738281,1
2017,6,2,21,54,47.97128515625,1
2017,6,2,21,54,49.777046875,1
2017,6,2,21,54,51.5827849121094,1
2017,6,2,21,54,53.3886740722656,1
2017,6,2,21,54,55.1945952148438,1
2017,6,2,21,54,57.0005478515625,1
2017,6,2,21,54,58.8062971191406,1
2017,6,2,21,55,0.612117919921875,1
2017,6,2,21,55,2.41794799804688,1
2017,6,2,21,55,4.22373193359375,1
2017,6,2,21,55,6.03031909179688,1
2017,6,2,21,55,7.83620190429687,1
2017,6,2,21,55,9.64188916015625,1
2017,6,2,21,55,11.4478559570312,1
2017,6,2,21,55,13.2537709960937,1
2017,6,2,21,55,15.0598071289063,1
2017,6,2,21,55,16.8654038085938,1
2017,6,2,21,55,18.671333984375,1
2017,6,2,21,55,20.4770190429687,1
2017,6,2,21,55,22.2828139648438,1
2017,6,2,21,55,24.0887661132812,1
2017,6,2,21,55,25.8944841308594,1
2017,6,2,21,55,27.7003701171875,1
2017,6,2,21,55,29.5061809082031,1
2017,6,2,21,55,31.3120141601562,1
2017,6,2,21,55,33.1178869628906,1
2017,6,2,21,55,34.9237600097656,1
2017,6,2,21,55,36.7296108398438,1
2017,6,2,21,55,38.5354919433594,1
2017,6,2,21,55,40.3414289550781,1
2017,6,2,21,55,42.147201171875,1
2017,6,2,21,55,43.9530510253906,1
2017,6,2,21,55,45.758748046875,1
2017,6,2,21,55,47.5645659179687,1
2017,6,2,21,55,49.3704729003906,1
2017,6,2,21,55,51.1763869628906,1
2017,6,2,21,55,52.9821501464844,1
2017,6,2,21,55,54.7879189453125,1
2017,6,2,21,55,56.5937490234375,1
2017,6,2,21,55,58.3997121582031,1
2017,6,2,21,56,0.213174072265625,1
2017,6,2,21,56,2.01902001953125,1
2017,6,2,21,56,3.82484301757813,1
2017,6,2,21,56,5.63069604492187,1
2017,6,2,21,56,7.43660913085937,1
2017,6,2,21,56,9.24256494140625,1
2017,6,2,21,56,11.0484741210938,1
2017,6,2,21,56,12.8542358398437,1
2017,6,2,21,56,14.659953125,1
2017,6,2,21,56,16.465833984375,1
2017,6,2,21,56,18.2717348632812,1
2017,6,2,21,56,20.0776828613281,1
2017,6,2,21,56,21.8835219726563,1
2017,6,2,21,56,23.6892590332031,1
2017,6,2,21,56,25.4949418945313,1
2017,6,2,21,56,27.3008330078125,1
2017,6,2,21,56,29.1066931152344,1
2017,6,2,21,56,30.9125539550781,1
2017,6,2,21,56,32.7183298339844,1
2017,6,2,21,56,34.5241569824219,1
2017,6,2,21,56,36.3299450683594,1
2017,6,2,21,56,38.135873046875,1
2017,6,2,21,56,39.94183984375,1
2017,6,2,21,56,41.7475949707031,1
2017,6,2,21,56,43.5534479980469,1
2017,6,2,21,56,45.3592219238281,1
2017,6,2,21,56,47.1650729980469,1
2017,6,2,21,56,48.9708850097656,1
2017,6,2,21,56,50.7766889648437,1
2017,6,2,21,56,52.5841928710937,1
2017,6,2,21,56,54.3881889648437,1
2017,6,2,21,56,56.1939721679688,1
2017,6,2,21,56,57.9999521484375,1
2017,6,2,21,56,59.8056489257812,1
2017,6,2,21,57,1.61149609375,0
2017,6,2,21,57,3.41731909179687,0
2017,6,2,21,57,5.22350415039062,0
2017,6,2,21,57,7.0293759765625,0
2017,6,2,21,57,8.83521704101562,0
2017,6,2,21,57,10.64091796875,0
2017,6,2,21,57,12.4466140136719,1
2017,6,2,21,57,14.2523920898438,1
2017,6,2,21,57,16.0640869140625,1
2017,6,2,21,57,17.8699660644531,1
2017,6,2,21,57,19.6756689453125,1
2017,6,2,21,57,21.4816201171875,1
2017,6,2,21,57,23.2874970703125,1
2017,6,2,21,57,25.0933889160156,1
2017,6,2,21,57,26.8991101074219,1
2017,6,2,21,57,28.7049738769531,1
2017,6,2,21,57,30.5107377929688,1
2017,6,2,21,57,32.3165920410156,1
2017,6,2,21,57,34.122544921875,1
2017,6,2,21,57,35.9283701171875,1
2017,6,2,21,57,37.7343330078125,1
2017,6,2,21,57,39.5400268554688,1
2017,6,2,21,57,41.34591796875,1
2017,6,2,21,57,43.1517270507812,1
2017,6,2,21,57,44.957669921875,1
2017,6,2,21,57,46.7635739746094,1
2017,6,2,21,57,48.5695009765625,1
2017,6,2,21,57,50.3753330078125,1
2017,6,2,21,57,52.181251953125,1
2017,6,2,21,57,53.9871918945313,1
2017,6,2,21,57,55.7930700683594,1
2017,6,2,21,57,57.5987600097656,1
2017,6,2,21,57,59.4047939453125,1
2017,6,2,21,58,1.210501953125,1
2017,6,2,21,58,3.01620703125,1
2017,6,2,21,58,4.82189990234375,1
2017,6,2,21,58,6.62765405273437,1
2017,6,2,21,58,8.433376953125,1
2017,6,2,21,58,10.2391159667969,1
2017,6,2,21,58,12.0451428222656,1
2017,6,2,21,58,13.8509909667969,1
2017,6,2,21,58,15.65675,1
2017,6,2,21,58,17.4624887695313,1
2017,6,2,21,58,19.26841796875,1
2017,6,2,21,58,21.0743100585937,1
2017,6,2,21,58,22.8801140136719,1
2017,6,2,21,58,24.6867609863281,1
2017,6,2,21,58,26.4925771484375,1
2017,6,2,21,58,28.2985229492188,1
2017,6,2,21,58,30.1042780761719,1
2017,6,2,21,58,31.9101479492188,1
2017,6,2,21,58,33.7159851074219,1
2017,6,2,21,58,35.5224089355469,1
2017,6,2,21,58,37.3275139160156,1
2017,6,2,21,58,39.1334370117187,1
2017,6,2,21,58,40.9392580566406,1
2017,6,2,21,58,42.7450690917969,1
2017,6,2,21,58,44.5509399414062,1
2017,6,2,21,58,46.3566379394531,1
2017,6,2,21,58,48.16237890625,1
2017,6,2,21,58,49.9682150878906,1
2017,6,2,21,58,51.7740122070312,1
2017,6,2,21,58,53.5798129882812,1
2017,6,2,21,58,55.3857131347656,1
2017,6,2,21,58,57.1915480957031,1
2017,6,2,21,58,58.9973139648437,1
2017,6,2,21,59,0.803169921875,1
2017,6,2,21,59,2.60898803710938,1
2017,6,2,21,59,4.4148330078125,1
2017,6,2,21,59,6.22065893554687,1
2017,6,2,21,59,8.02649682617188,1
2017,6,2,21,59,9.83236401367187,1
2017,6,2,21,59,11.6380751953125,1
2017,6,2,21,59,13.4439169921875,1
2017,6,2,21,59,15.2497629394531,1
2017,6,2,21,59,17.0555141601562,1
2017,6,2,21,59,18.8613200683594,1
2017,6,2,21,59,20.6670119628906,1
2017,6,2,21,59,22.4727800292969,1
2017,6,2,21,59,24.2784909667969,1
2017,6,2,21,59,26.0841728515625,1
2017,6,2,21,59,27.8900900878906,1
2017,6,2,21,59,29.695826171875,1
2017,6,2,21,59,31.5017109375,1
2017,6,2,21,59,33.3075090332031,1
2017,6,2,21,59,35.1132619628906,1
2017,6,2,21,59,36.9190239257812,1
2017,6,2,21,59,38.724921875,1
2017,6,2,21,59,40.5308708496094,1
2017,6,2,21,59,42.3369509277344,1
2017,6,2,21,59,44.1427778320312,1
2017,6,2,21,59,45.9487409667969,1
2017,6,2,21,59,47.7545710449219,1
2017,6,2,21,59,49.569208984375,1
2017,6,2,21,59,51.3750710449219,1
2017,6,2,21,59,53.1809699707031,1
2017,6,2,21,59,54.9868210449219,1
2017,6,2,21,59,56.7926589355469,1
2017,6,2,21,59,58.5998771972656,1
2017,6,2,22,0,0.405801025390625,1
2017,6,2,22,0,2.21160302734375,1
2017,6,2,22,0,4.01768579101562,1
2017,6,2,22,0,5.82357202148437,1
2017,6,2,22,0,7.62927197265625,1
2017,6,2,22,0,9.43522802734375,1
2017,6,2,22,0,11.2411447753906,1
2017,6,2,22,0,13.0468481445312,1
2017,6,2,22,0,14.85274609375,1
2017,6,2,22,0,16.6584560546875,1
2017,6,2,22,0,18.4641608886719,1
2017,6,2,22,0,20.27,1
2017,6,2,22,0,22.07570703125,1
2017,6,2,22,0,23.881498046875,1
2017,6,2,22,0,25.687205078125,1
2017,6,2,22,0,27.4930400390625,1
2017,6,2,22,0,29.2987412109375,1
2017,6,2,22,0,31.1046979980469,1
2017,6,2,22,0,32.9105051269531,1
2017,6,2,22,0,34.7164499511719,1
2017,6,2,22,0,36.5222080078125,1
2017,6,2,22,0,38.3278869628906,1
2017,6,2,22,0,40.1338388671875,1
2017,6,2,22,0,41.9396328125,1
2017,6,2,22,0,43.7455729980469,1
2017,6,2,22,0,45.5514489746094,1
2017,6,2,22,0,47.3572709960938,1
2017,6,2,22,0,49.1630070800781,1
2017,6,2,22,0,50.968875,1
2017,6,2,22,0,52.774751953125,1
2017,6,2,22,0,54.5805500488281,1
2017,6,2,22,0,56.3864299316406,1
2017,6,2,22,0,58.1922380371094,1
2017,6,2,22,0,59.9979938964844,1
2017,6,2,22,1,1.80370092773437,1
2017,6,2,22,1,3.60978002929687,1
2017,6,2,22,1,5.41554296875,1
2017,6,2,22,1,7.22142407226563,1
2017,6,2,22,1,9.02713305664063,1
2017,6,2,22,1,10.8330090332031,1
2017,6,2,22,1,12.6387849121094,1
2017,6,2,22,1,14.4515979003906,1
2017,6,2,22,1,16.2574060058594,1
2017,6,2,22,1,18.0630888671875,1
2017,6,2,22,1,19.8689621582031,1
2017,6,2,22,1,21.6746918945313,1
2017,6,2,22,1,23.4806650390625,1
2017,6,2,22,1,25.2863879394531,1
2017,6,2,22,1,27.092248046875,1
2017,6,2,22,1,28.8982299804687,1
2017,6,2,22,1,30.7041799316406,1
2017,6,2,22,1,32.5100639648438,1
2017,6,2,22,1,34.3158259277344,1
2017,6,2,22,1,36.1215478515625,1
2017,6,2,22,1,37.9273630371094,1
2017,6,2,22,1,39.7331381835938,1
2017,6,2,22,1,41.5390329589844,1
2017,6,2,22,1,43.3450119628906,1
2017,6,2,22,1,45.1508000488281,1
2017,6,2,22,1,46.9565187988281,1
2017,6,2,22,1,48.7623940429688,1
2017,6,2,22,1,50.5682438964844,1
2017,6,2,22,1,52.3741098632812,1
2017,6,2,22,1,54.1799819335938,1
2017,6,2,22,1,55.9856628417969,1
2017,6,2,22,1,57.791625,1
2017,6,2,22,1,59.5974470214844,1
2017,6,2,22,2,1.4032431640625,1
2017,6,2,22,2,3.20919482421875,1
2017,6,2,22,2,5.01495190429687,1
2017,6,2,22,2,6.82082397460938,1
2017,6,2,22,2,8.6265400390625,1
2017,6,2,22,2,10.4325190429687,1
2017,6,2,22,2,12.2384260253906,1
2017,6,2,22,2,14.0441469726563,1
2017,6,2,22,2,15.8499509277344,1
2017,6,2,22,2,17.6559050292969,1
2017,6,2,22,2,19.4617541503906,1
2017,6,2,22,2,21.2676779785156,1
2017,6,2,22,2,23.0736350097656,1
2017,6,2,22,2,24.8793298339844,1
2017,6,2,22,2,26.6852878417969,1
2017,6,2,22,2,28.4913098144531,1
2017,6,2,22,2,30.2970600585938,1
2017,6,2,22,2,32.1037890625,1
2017,6,2,22,2,33.9095810546875,1
2017,6,2,22,2,35.7153229980469,1
2017,6,2,22,2,37.5212668457031,1
2017,6,2,22,2,39.3271940917969,1
2017,6,2,22,2,41.1330681152344,1
2017,6,2,22,2,42.9390349121094,1
2017,6,2,22,2,44.7448850097656,1
2017,6,2,22,2,46.5507021484375,1
2017,6,2,22,2,48.3566831054687,1
2017,6,2,22,2,50.1625791015625,1
2017,6,2,22,2,51.9683471679688,1
2017,6,2,22,2,53.774291015625,1
2017,6,2,22,2,55.580001953125,1
2017,6,2,22,2,57.3857687988281,1
2017,6,2,22,2,59.1916550292969,1
2017,6,2,22,3,0.99760693359375,1
2017,6,2,22,3,2.80336499023438,1
2017,6,2,22,3,4.60929296875,1
2017,6,2,22,3,6.41514111328125,1
2017,6,2,22,3,8.22101391601563,1
2017,6,2,22,3,10.0268991699219,1
2017,6,2,22,3,11.8328420410156,1
2017,6,2,22,3,13.6445451660156,1
2017,6,2,22,3,15.4505300292969,1
2017,6,2,22,3,17.2564968261719,1
2017,6,2,22,3,19.0622770996094,1
2017,6,2,22,3,20.86819921875,1
2017,6,2,22,3,22.6738859863281,1
2017,6,2,22,3,24.4796569824219,1
2017,6,2,22,3,26.2855288085937,1
2017,6,2,22,3,28.09137109375,1
2017,6,2,22,3,29.8973291015625,1
2017,6,2,22,3,31.7032329101562,1
2017,6,2,22,3,33.50891796875,1
2017,6,2,22,3,35.3148449707031,1
2017,6,2,22,3,37.1206101074219,1
2017,6,2,22,3,38.9263129882813,1
2017,6,2,22,3,40.7320261230469,1
2017,6,2,22,3,42.5379389648437,1
2017,6,2,22,3,44.3440229492187,1
2017,6,2,22,3,46.1499741210937,1
2017,6,2,22,3,47.9559370117188,1
2017,6,2,22,3,49.7618679199219,1
2017,6,2,22,3,51.5676420898438,1
2017,6,2,22,3,53.3734738769531,1
2017,6,2,22,3,55.1793439941406,1
2017,6,2,22,3,56.9851359863281,1
2017,6,2,22,3,58.7910881347656,1
2017,6,2,22,4,0.59707177734375,1
2017,6,2,22,4,2.4029580078125,1
2017,6,2,22,4,4.20876416015625,1
2017,6,2,22,4,6.0147080078125,1
2017,6,2,22,4,7.82068701171875,1
2017,6,2,22,4,9.62643603515625,1
2017,6,2,22,4,11.4324169921875,1
2017,6,2,22,4,13.2383930664062,1
2017,6,2,22,4,15.0442241210937,1
2017,6,2,22,4,16.8499760742187,1
2017,6,2,22,4,18.6557041015625,1
2017,6,2,22,4,20.46149609375,1
2017,6,2,22,4,22.267326171875,1
2017,6,2,22,4,24.0732578125,1
2017,6,2,22,4,25.8789880371094,1
2017,6,2,22,4,27.6849270019531,1
2017,6,2,22,4,29.4908659667969,1
2017,6,2,22,4,31.2966499023437,1
2017,6,2,22,4,33.1024738769531,1
2017,6,2,22,4,34.9084050292969,1
2017,6,2,22,4,36.7142341308594,1
2017,6,2,22,4,38.5200390625,1
2017,6,2,22,4,40.3259548339844,1
2017,6,2,22,4,42.1316650390625,1
2017,6,2,22,4,43.9374030761719,1
2017,6,2,22,4,45.7433640136719,1
2017,6,2,22,4,47.549212890625,1
2017,6,2,22,4,49.3552780761719,1
2017,6,2,22,4,51.1609421386719,1
2017,6,2,22,4,52.9669011230469,1
2017,6,2,22,4,54.7727150878906,1
2017,6,2,22,4,56.5786369628906,1
2017,6,2,22,4,58.3844790039063,1
2017,6,2,22,5,0.190198974609375,1
2017,6,2,22,5,1.99608984375,1
2017,6,2,22,5,3.801873046875,1
2017,6,2,22,5,5.60805883789063,1
2017,6,2,22,5,7.414,1
2017,6,2,22,5,9.21975,1
2017,6,2,22,5,11.0258149414062,1
2017,6,2,22,5,12.8317290039063,1
2017,6,2,22,5,14.6375078125,1
2017,6,2,22,5,16.4434709472656,1
2017,6,2,22,5,18.2494321289062,1
2017,6,2,22,5,20.0553779296875,1
2017,6,2,22,5,21.8612370605469,1
2017,6,2,22,5,23.6671108398438,1
2017,6,2,22,5,25.4728139648437,1
2017,6,2,22,5,27.2785698242187,1
2017,6,2,22,5,29.0844841308594,1
2017,6,2,22,5,30.8904008789062,1
2017,6,2,22,5,32.6965061035156,1
2017,6,2,22,5,34.5021821289062,1
2017,6,2,22,5,36.3079208984375,1
2017,6,2,22,5,38.113837890625,1
2017,6,2,22,5,39.9196789550781,1
2017,6,2,22,5,41.7255471191406,1
2017,6,2,22,5,43.5312768554687,1
2017,6,2,22,5,45.3373000488281,1
2017,6,2,22,5,47.1431879882812,1
2017,6,2,22,5,48.9490739746094,1
2017,6,2,22,5,50.7547578125,1
2017,6,2,22,5,52.5606091308594,1
2017,6,2,22,5,54.3665969238281,1
2017,6,2,22,5,56.1723010253906,1
2017,6,2,22,5,57.9780500488281,1
2017,6,2,22,5,59.7839689941406,1
2017,6,2,22,6,1.58982299804687,1
2017,6,2,22,6,3.39572412109375,1
2017,6,2,22,6,5.20169506835938,1
2017,6,2,22,6,7.00759790039062,1
2017,6,2,22,6,8.81336499023437,1
2017,6,2,22,6,10.6191020507812,1
2017,6,2,22,6,12.42496484375,1
2017,6,2,22,6,14.230787109375,1
2017,6,2,22,6,16.0365720214844,1
2017,6,2,22,6,17.8424521484375,1
2017,6,2,22,6,19.6483359375,1
2017,6,2,22,6,21.45416796875,1
2017,6,2,22,6,23.2601330566406,1
2017,6,2,22,6,25.0659638671875,1
2017,6,2,22,6,26.8718100585937,1
2017,6,2,22,6,28.6777338867188,1
2017,6,2,22,6,30.4833369140625,1
2017,6,2,22,6,32.2892770996094,1
2017,6,2,22,6,34.095240234375,1
2017,6,2,22,6,35.9009709472656,1
2017,6,2,22,6,37.7067319335938,1
2017,6,2,22,6,39.512548828125,1
2017,6,2,22,6,41.3185300292969,1
2017,6,2,22,6,43.1242160644531,1
2017,6,2,22,6,44.9300288085937,1
2017,6,2,22,6,46.7357609863281,1
2017,6,2,22,6,48.5416208496094,1
2017,6,2,22,6,50.3475549316406,1
2017,6,2,22,6,52.1534750976562,1
2017,6,2,22,6,53.9592409667969,1
2017,6,2,22,6,55.7651179199219,1
2017,6,2,22,6,57.5710590820312,1
2017,6,2,22,6,59.3768630371094,1
2017,6,2,22,7,1.18263208007812,1
2017,6,2,22,7,2.98871704101562,1
2017,6,2,22,7,4.79435107421875,1
2017,6,2,22,7,6.60015795898437,1
2017,6,2,22,7,8.40585400390625,1
2017,6,2,22,7,10.2115759277344,1
2017,6,2,22,7,12.0175300292969,1
2017,6,2,22,7,13.82333203125,1
2017,6,2,22,7,15.6292951660156,1
2017,6,2,22,7,17.4351130371094,1
2017,6,2,22,7,19.2408208007813,1
2017,6,2,22,7,21.0465249023438,1
2017,6,2,22,7,22.852251953125,1
2017,6,2,22,7,24.658087890625,1
2017,6,2,22,7,26.4640500488281,1
2017,6,2,22,7,28.2698911132813,1
2017,6,2,22,7,30.075705078125,1
2017,6,2,22,7,31.8814841308594,1
2017,6,2,22,7,33.6871818847656,1
2017,6,2,22,7,35.4930439453125,1
2017,6,2,22,7,37.2987590332031,1
2017,6,2,22,7,39.1044829101562,1
2017,6,2,22,7,40.9104140625,1
2017,6,2,22,7,42.7161650390625,1
2017,6,2,22,7,44.5219670410156,1
2017,6,2,22,7,46.3276928710938,1
2017,6,2,22,7,48.1335197753906,1
2017,6,2,22,7,49.9394880371094,1
2017,6,2,22,7,51.7452299804687,1
2017,6,2,22,7,53.5521560058594,1
2017,6,2,22,7,55.3581159667969,1
2017,6,2,22,7,57.1640649414063,1
2017,6,2,22,7,58.9698278808594,1
2017,6,2,22,8,0.775670166015625,1
2017,6,2,22,8,2.581578125,1
2017,6,2,22,8,4.38740991210937,1
2017,6,2,22,8,6.19314184570313,1
2017,6,2,22,8,7.99888403320313,1
2017,6,2,22,8,9.80464916992188,1
2017,6,2,22,8,11.6124538574219,1
2017,6,2,22,8,13.4164719238281,1
2017,6,2,22,8,15.2222509765625,1
2017,6,2,22,8,17.0281110839844,1
2017,6,2,22,8,18.8339389648437,1
2017,6,2,22,8,20.63991796875,1
2017,6,2,22,8,22.4456420898438,1
2017,6,2,22,8,24.2514699707031,1
2017,6,2,22,8,26.0573649902344,1
2017,6,2,22,8,27.8632158203125,1
2017,6,2,22,8,29.6690319824219,1
2017,6,2,22,8,31.4748051757812,1
2017,6,2,22,8,33.280669921875,1
2017,6,2,22,8,35.0864528808594,1
2017,6,2,22,8,36.8922219238281,1
2017,6,2,22,8,38.698125,1
2017,6,2,22,8,40.503923828125,1
2017,6,2,22,8,42.310326171875,1
2017,6,2,22,8,44.1161909179688,1
2017,6,2,22,8,45.9219738769531,0
