Year,Month,Day,Hour,Minute,Second,Classification
2019,9,7,0,59,57.5997998046875,0
2019,9,7,0,59,59.4498000488281,0
2019,9,7,1,0,1.3497998046875,0
2019,9,7,1,0,3.19980004882812,0
2019,9,7,1,0,5.0497998046875,0
2019,9,7,1,0,6.8997998046875,0
2019,9,7,1,0,8.74980004882812,0
2019,9,7,1,0,10.5997998046875,0
2019,9,7,1,0,12.4498000488281,0
2019,9,7,1,0,14.2997998046875,0
2019,9,7,1,0,16.1497998046875,0
2019,9,7,1,0,17.9998000488281,0
2019,9,7,1,0,19.8497998046875,0
2019,9,7,1,0,21.6998000488281,0
2019,9,7,1,0,23.5497998046875,0
2019,9,7,1,0,25.3997998046875,0
2019,9,7,1,0,27.2498000488281,0
2019,9,7,1,0,29.0997998046875,0
2019,9,7,1,0,30.9498000488281,0
2019,9,7,1,0,32.7997998046875,0
2019,9,7,1,0,34.6497998046875,0
2019,9,7,1,0,36.4998000488281,0
2019,9,7,1,0,38.3497998046875,0
2019,9,7,1,0,40.1998000488281,0
2019,9,7,1,0,42.0497998046875,0
2019,9,7,1,0,43.8997998046875,0
2019,9,7,1,0,45.7498000488281,0
2019,9,7,1,0,47.5997998046875,0
2019,9,7,1,0,49.4498000488281,0
2019,9,7,1,0,51.2997998046875,0
2019,9,7,1,0,53.1497998046875,0
2019,9,7,1,0,54.9998000488281,0
2019,9,7,1,0,56.8497998046875,0
2019,9,7,1,0,58.6998000488281,0
2019,9,7,1,1,0.5497998046875,0
2019,9,7,1,1,2.3997998046875,0
2019,9,7,1,1,4.24980004882813,0
2019,9,7,1,1,6.0997998046875,0
2019,9,7,1,1,7.94980004882813,0
2019,9,7,1,1,9.7997998046875,0
2019,9,7,1,1,11.6497998046875,0
2019,9,7,1,1,13.4998000488281,0
2019,9,7,1,1,15.3497998046875,0
2019,9,7,1,1,17.1998000488281,0
2019,9,7,1,1,19.0497998046875,0
2019,9,7,1,1,20.8997998046875,0
2019,9,7,1,1,22.7498000488281,0
2019,9,7,1,1,24.5997998046875,0
2019,9,7,1,1,26.4498000488281,0
2019,9,7,1,1,28.2997998046875,0
2019,9,7,1,1,30.1497998046875,0
2019,9,7,1,1,31.9998000488281,0
2019,9,7,1,1,33.8497998046875,0
2019,9,7,1,1,35.6497998046875,0
2019,9,7,1,1,37.4998000488281,0
2019,9,7,1,1,39.3997998046875,0
2019,9,7,1,1,41.2498000488281,0
2019,9,7,1,1,43.0497998046875,0
2019,9,7,1,1,44.8997998046875,0
2019,9,7,1,1,46.7498000488281,0
2019,9,7,1,1,48.5997998046875,0
2019,9,7,1,1,50.4498000488281,0
2019,9,7,1,1,52.2997998046875,0
2019,9,7,1,1,54.1497998046875,0
2019,9,7,1,1,55.9998000488281,0
2019,9,7,1,1,57.8497998046875,0
2019,9,7,1,1,59.6998000488281,0
2019,9,7,1,2,1.5497998046875,0
2019,9,7,1,2,3.3997998046875,0
2019,9,7,1,2,5.24980004882813,0
2019,9,7,1,2,7.0997998046875,0
2019,9,7,1,2,8.94980004882813,0
2019,9,7,1,2,10.7997998046875,0
2019,9,7,1,2,12.6497998046875,0
2019,9,7,1,2,14.4998000488281,0
2019,9,7,1,2,16.3497998046875,0
2019,9,7,1,2,18.1998000488281,0
2019,9,7,1,2,20.0997998046875,0
2019,9,7,1,2,21.9498000488281,1
2019,9,7,1,2,23.7997998046875,1
2019,9,7,1,2,25.6497998046875,2
2019,9,7,1,2,27.4998000488281,2
2019,9,7,1,2,29.3497998046875,2
2019,9,7,1,2,31.1998000488281,2
2019,9,7,1,2,33.0497998046875,2
2019,9,7,1,2,34.8997998046875,2
2019,9,7,1,2,36.7498000488281,2
2019,9,7,1,2,38.5997998046875,2
2019,9,7,1,2,40.4498000488281,2
2019,9,7,1,2,42.2997998046875,1
2019,9,7,1,2,44.1497998046875,1
2019,9,7,1,2,45.9998000488281,1
2019,9,7,1,2,47.8497998046875,1
2019,9,7,1,2,49.6998000488281,0
2019,9,7,1,2,51.5497998046875,0
2019,9,7,1,2,53.3997998046875,0
2019,9,7,1,2,55.2498000488281,0
2019,9,7,1,2,57.0997998046875,0
2019,9,7,1,2,58.9498000488281,0
2019,9,7,1,3,0.7997998046875,0
2019,9,7,1,3,2.6497998046875,0
2019,9,7,1,3,4.49980004882813,0
2019,9,7,1,3,6.3497998046875,0
2019,9,7,1,3,8.19980004882813,0
2019,9,7,1,3,10.0497998046875,0
2019,9,7,1,3,11.8997998046875,0
2019,9,7,1,3,13.7498000488281,0
2019,9,7,1,3,15.5997998046875,0
2019,9,7,1,3,17.4498000488281,0
2019,9,7,1,3,19.2997998046875,0
2019,9,7,1,3,21.1497998046875,0
2019,9,7,1,3,22.9998000488281,0
2019,9,7,1,3,24.8497998046875,0
2019,9,7,1,3,26.6998000488281,0
2019,9,7,1,3,28.5497998046875,0
2019,9,7,1,3,30.3997998046875,0
2019,9,7,1,3,32.2498000488281,0
2019,9,7,1,3,34.0997998046875,0
2019,9,7,1,3,35.9498000488281,0
2019,9,7,1,3,37.7997998046875,0
2019,9,7,1,3,39.6497998046875,0
2019,9,7,1,3,41.4998000488281,0
2019,9,7,1,3,43.3497998046875,0
2019,9,7,1,3,45.1998000488281,0
2019,9,7,1,3,47.0497998046875,0
2019,9,7,1,3,48.8997998046875,0
2019,9,7,1,3,50.7498000488281,0
2019,9,7,1,3,52.5997998046875,0
2019,9,7,1,3,54.4498000488281,0
2019,9,7,1,3,56.2498000488281,0
2019,9,7,1,3,58.0997998046875,0
2019,9,7,1,3,59.9998000488281,0
2019,9,7,1,4,1.8497998046875,0
2019,9,7,1,4,3.69980004882812,1
2019,9,7,1,4,5.5497998046875,1
2019,9,7,1,4,7.3997998046875,1
2019,9,7,1,4,9.19980004882813,1
2019,9,7,1,4,11.0497998046875,1
2019,9,7,1,4,12.9498000488281,1
2019,9,7,1,4,14.7997998046875,1
2019,9,7,1,4,16.6497998046875,1
2019,9,7,1,4,18.4998000488281,1
2019,9,7,1,4,20.3497998046875,1
2019,9,7,1,4,22.1998000488281,1
2019,9,7,1,4,24.0497998046875,1
2019,9,7,1,4,25.8997998046875,1
2019,9,7,1,4,27.7498000488281,1
2019,9,7,1,4,29.5997998046875,1
2019,9,7,1,4,31.4498000488281,1
2019,9,7,1,4,33.2997998046875,1
2019,9,7,1,4,35.1497998046875,2
2019,9,7,1,4,36.9998000488281,2
2019,9,7,1,4,38.8497998046875,2
2019,9,7,1,4,40.6998000488281,2
2019,9,7,1,4,42.5497998046875,2
2019,9,7,1,4,44.3997998046875,2
2019,9,7,1,4,46.2498000488281,2
2019,9,7,1,4,48.0997998046875,2
2019,9,7,1,4,49.9498000488281,2
2019,9,7,1,4,51.7997998046875,2
2019,9,7,1,4,53.6497998046875,2
2019,9,7,1,4,55.4998000488281,2
2019,9,7,1,4,57.3497998046875,2
2019,9,7,1,4,59.1998000488281,2
2019,9,7,1,5,1.0497998046875,2
2019,9,7,1,5,2.8997998046875,2
2019,9,7,1,5,4.74980004882813,2
2019,9,7,1,5,6.5997998046875,2
2019,9,7,1,5,8.44980004882813,2
2019,9,7,1,5,10.2997998046875,2
2019,9,7,1,5,12.1497998046875,2
2019,9,7,1,5,13.9998000488281,2
2019,9,7,1,5,15.8497998046875,1
2019,9,7,1,5,17.6998000488281,0
2019,9,7,1,5,19.5497998046875,0
2019,9,7,1,5,21.3997998046875,0
2019,9,7,1,5,23.2498000488281,0
2019,9,7,1,5,25.0997998046875,0
2019,9,7,1,5,26.9498000488281,0
2019,9,7,1,5,28.7997998046875,0
2019,9,7,1,5,30.6497998046875,0
2019,9,7,1,5,32.4998000488281,0
2019,9,7,1,5,34.3497998046875,0
2019,9,7,1,5,36.1998000488281,0
2019,9,7,1,5,38.0497998046875,0
2019,9,7,1,5,39.8997998046875,0
2019,9,7,1,5,41.7498000488281,0
2019,9,7,1,5,43.5997998046875,0
2019,9,7,1,5,45.4498000488281,0
2019,9,7,1,5,47.2997998046875,0
2019,9,7,1,5,49.1497998046875,0
2019,9,7,1,5,50.9998000488281,0
2019,9,7,1,5,52.8497998046875,0
2019,9,7,1,5,54.6998000488281,0
2019,9,7,1,5,56.5497998046875,0
2019,9,7,1,5,58.3997998046875,0
2019,9,7,1,6,0.249800048828125,0
2019,9,7,1,6,2.0997998046875,0
2019,9,7,1,6,3.94980004882812,0
2019,9,7,1,6,5.7997998046875,0
2019,9,7,1,6,7.6497998046875,0
2019,9,7,1,6,9.49980004882812,0
2019,9,7,1,6,11.3497998046875,0
2019,9,7,1,6,13.1998000488281,0
2019,9,7,1,6,15.0497998046875,0
2019,9,7,1,6,16.8997998046875,0
2019,9,7,1,6,18.7498000488281,0
2019,9,7,1,6,20.5997998046875,0
2019,9,7,1,6,22.4498000488281,0
2019,9,7,1,6,24.2997998046875,0
2019,9,7,1,6,26.0997998046875,0
2019,9,7,1,6,27.9498000488281,0
2019,9,7,1,6,29.8497998046875,0
2019,9,7,1,6,31.6998000488281,0
2019,9,7,1,6,33.5497998046875,0
2019,9,7,1,6,35.3997998046875,0
2019,9,7,1,6,37.2498000488281,0
2019,9,7,1,6,39.0997998046875,0
2019,9,7,1,6,40.9498000488281,0
2019,9,7,1,6,42.7997998046875,0
2019,9,7,1,6,44.6497998046875,0
2019,9,7,1,6,46.4998000488281,0
2019,9,7,1,6,48.3497998046875,0
2019,9,7,1,6,50.1998000488281,0
2019,9,7,1,6,52.0497998046875,0
2019,9,7,1,6,53.8997998046875,0
2019,9,7,1,6,55.7498000488281,0
2019,9,7,1,6,57.5997998046875,0
2019,9,7,1,6,59.4498000488281,0
2019,9,7,1,7,1.2997998046875,0
2019,9,7,1,7,3.1497998046875,0
2019,9,7,1,7,4.99980004882813,0
2019,9,7,1,7,6.8497998046875,0
2019,9,7,1,7,8.69980004882813,0
2019,9,7,1,7,10.5497998046875,0
2019,9,7,1,7,12.3997998046875,0
2019,9,7,1,7,14.2498000488281,0
2019,9,7,1,7,16.0997998046875,0
2019,9,7,1,7,17.8997998046875,0
2019,9,7,1,7,19.7498000488281,0
2019,9,7,1,7,21.5997998046875,0
2019,9,7,1,7,23.4498000488281,0
2019,9,7,1,7,25.2997998046875,0
2019,9,7,1,7,27.1497998046875,0
2019,9,7,1,7,28.9998000488281,0
2019,9,7,1,7,30.8497998046875,0
2019,9,7,1,7,32.6998000488281,0
2019,9,7,1,7,34.5497998046875,0
2019,9,7,1,7,36.3997998046875,0
2019,9,7,1,7,38.2498000488281,0
2019,9,7,1,7,40.1497998046875,0
2019,9,7,1,7,41.9998000488281,0
2019,9,7,1,7,43.8497998046875,0
2019,9,7,1,7,45.6998000488281,0
2019,9,7,1,7,47.5497998046875,0
2019,9,7,1,7,49.3997998046875,0
2019,9,7,1,7,51.1998000488281,0
2019,9,7,1,7,53.0997998046875,0
2019,9,7,1,7,54.9498000488281,0
2019,9,7,1,7,56.7997998046875,0
2019,9,7,1,7,58.6497998046875,0
2019,9,7,1,8,0.499800048828125,0
2019,9,7,1,8,2.3497998046875,0
2019,9,7,1,8,4.19980004882813,0
2019,9,7,1,8,6.0497998046875,0
2019,9,7,1,8,7.8997998046875,0
2019,9,7,1,8,9.74980004882812,0
2019,9,7,1,8,11.5997998046875,0
2019,9,7,1,8,13.4498000488281,0
2019,9,7,1,8,15.2997998046875,0
2019,9,7,1,8,17.1497998046875,0
2019,9,7,1,8,18.9998000488281,0
2019,9,7,1,8,20.8497998046875,0
2019,9,7,1,8,22.6998000488281,0
2019,9,7,1,8,24.5497998046875,0
2019,9,7,1,8,26.3997998046875,0
2019,9,7,1,8,28.2498000488281,0
2019,9,7,1,8,30.0997998046875,0
2019,9,7,1,8,31.9498000488281,0
2019,9,7,1,8,33.7997998046875,0
2019,9,7,1,8,35.6497998046875,0
2019,9,7,1,8,37.4998000488281,0
2019,9,7,1,8,39.3497998046875,0
2019,9,7,1,8,41.1998000488281,0
2019,9,7,1,8,43.0497998046875,0
2019,9,7,1,8,44.8997998046875,0
2019,9,7,1,8,46.7498000488281,0
2019,9,7,1,8,48.5997998046875,0
2019,9,7,1,8,50.4498000488281,0
2019,9,7,1,8,52.2997998046875,0
2019,9,7,1,8,54.1497998046875,0
2019,9,7,1,8,55.9998000488281,0
2019,9,7,1,8,57.8497998046875,0
2019,9,7,1,8,59.6998000488281,0
2019,9,7,1,9,1.5497998046875,0
2019,9,7,1,9,3.3997998046875,0
2019,9,7,1,9,5.24980004882813,0
2019,9,7,1,9,7.0997998046875,0
2019,9,7,1,9,8.94980004882813,0
2019,9,7,1,9,10.7997998046875,0
2019,9,7,1,9,12.6497998046875,0
2019,9,7,1,9,14.4998000488281,0
2019,9,7,1,9,16.3497998046875,0
2019,9,7,1,9,18.1998000488281,0
2019,9,7,1,9,20.0497998046875,0
2019,9,7,1,9,21.8997998046875,0
2019,9,7,1,9,23.7498000488281,0
2019,9,7,1,9,25.5997998046875,0
2019,9,7,1,9,27.4498000488281,0
2019,9,7,1,9,29.2997998046875,0
2019,9,7,1,9,31.1497998046875,0
2019,9,7,1,9,32.9998000488281,0
2019,9,7,1,9,34.8497998046875,0
2019,9,7,1,9,36.6998000488281,0
2019,9,7,1,9,38.5497998046875,0
2019,9,7,1,9,40.3997998046875,0
2019,9,7,1,9,42.2498000488281,0
2019,9,7,1,9,44.0997998046875,0
2019,9,7,1,9,45.9498000488281,0
2019,9,7,1,9,47.7997998046875,0
2019,9,7,1,9,49.6497998046875,0
2019,9,7,1,9,51.4998000488281,0
2019,9,7,1,9,53.3497998046875,0
2019,9,7,1,9,55.1998000488281,0
2019,9,7,1,9,57.0497998046875,0
2019,9,7,1,9,58.8997998046875,0
2019,9,7,1,10,0.749800048828125,0
2019,9,7,1,10,2.5997998046875,0
2019,9,7,1,10,4.44980004882813,0
2019,9,7,1,10,6.2997998046875,0
2019,9,7,1,10,8.0997998046875,0
2019,9,7,1,10,9.94980004882813,0
2019,9,7,1,10,11.7997998046875,0
2019,9,7,1,10,13.6998000488281,0
2019,9,7,1,10,15.5497998046875,0
2019,9,7,1,10,17.3997998046875,0
2019,9,7,1,10,19.2498000488281,0
2019,9,7,1,10,21.0997998046875,0
2019,9,7,1,10,22.9498000488281,0
2019,9,7,1,10,24.7997998046875,0
2019,9,7,1,10,26.6497998046875,0
2019,9,7,1,10,28.4998000488281,0
2019,9,7,1,10,30.3497998046875,0
2019,9,7,1,10,32.1998000488281,0
2019,9,7,1,10,34.0497998046875,0
2019,9,7,1,10,35.8997998046875,0
2019,9,7,1,10,37.7498000488281,0
2019,9,7,1,10,39.5997998046875,0
2019,9,7,1,10,41.4498000488281,0
2019,9,7,1,10,43.2997998046875,0
2019,9,7,1,10,45.1497998046875,0
2019,9,7,1,10,46.9998000488281,0
2019,9,7,1,10,48.8497998046875,0
2019,9,7,1,10,50.6998000488281,0
2019,9,7,1,11,56.7997998046875,0
2019,9,7,1,11,58.6497998046875,0
2019,9,7,1,12,0.499800048828125,0
2019,9,7,1,12,2.3497998046875,0
2019,9,7,1,12,4.19980004882813,0
2019,9,7,1,12,6.0497998046875,0
2019,9,7,1,12,7.8997998046875,0
2019,9,7,1,12,9.74980004882812,0
2019,9,7,1,12,11.5997998046875,0
2019,9,7,1,12,13.4498000488281,0
2019,9,7,1,12,15.2997998046875,0
2019,9,7,1,12,17.1497998046875,0
2019,9,7,1,12,18.9998000488281,0
2019,9,7,1,12,20.8497998046875,0
2019,9,7,1,12,22.6998000488281,0
2019,9,7,1,12,24.5497998046875,0
2019,9,7,1,12,26.3997998046875,0
2019,9,7,1,12,28.2498000488281,0
2019,9,7,1,12,30.0997998046875,0
2019,9,7,1,12,31.9498000488281,0
2019,9,7,1,12,33.7997998046875,0
2019,9,7,1,12,35.6497998046875,0
2019,9,7,1,12,37.4998000488281,0
2019,9,7,1,12,39.3497998046875,0
2019,9,7,1,12,41.1998000488281,0
2019,9,7,1,12,43.0497998046875,0
2019,9,7,1,12,44.8997998046875,0
2019,9,7,1,12,46.7498000488281,0
2019,9,7,1,12,48.5997998046875,0
2019,9,7,1,12,50.4498000488281,0
2019,9,7,1,12,52.2997998046875,0
2019,9,7,1,12,54.1497998046875,0
2019,9,7,1,12,55.9998000488281,0
2019,9,7,1,12,57.8497998046875,0
2019,9,7,1,12,59.6998000488281,0
2019,9,7,1,13,1.5497998046875,0
2019,9,7,1,13,3.3997998046875,0
2019,9,7,1,13,5.24980004882813,0
2019,9,7,1,13,7.0997998046875,0
2019,9,7,1,13,8.94980004882813,0
2019,9,7,1,13,10.7997998046875,0
2019,9,7,1,13,12.6497998046875,0
2019,9,7,1,13,14.4998000488281,0
2019,9,7,1,13,16.3497998046875,0
2019,9,7,1,13,18.1998000488281,0
2019,9,7,1,13,19.9998000488281,0
2019,9,7,1,13,21.8997998046875,0
2019,9,7,1,13,23.7498000488281,0
2019,9,7,1,13,25.5997998046875,0
2019,9,7,1,13,27.4498000488281,0
2019,9,7,1,13,29.2997998046875,0
2019,9,7,1,13,31.1497998046875,0
2019,9,7,1,13,32.9998000488281,0
2019,9,7,1,13,34.8497998046875,0
2019,9,7,1,13,36.6998000488281,0
2019,9,7,1,13,38.5497998046875,0
2019,9,7,1,13,40.3997998046875,0
2019,9,7,1,13,42.2498000488281,0
2019,9,7,1,13,44.0997998046875,0
2019,9,7,1,13,45.8997998046875,0
2019,9,7,1,13,47.7498000488281,0
2019,9,7,1,13,49.6497998046875,0
2019,9,7,1,13,51.4998000488281,0
2019,9,7,1,13,53.3497998046875,0
2019,9,7,1,13,55.1998000488281,0
2019,9,7,1,13,57.0497998046875,0
2019,9,7,1,13,58.8997998046875,0
2019,9,7,1,14,0.749800048828125,0
2019,9,7,1,14,2.5997998046875,0
2019,9,7,1,14,4.44980004882813,0
2019,9,7,1,14,6.2997998046875,0
2019,9,7,1,14,8.1497998046875,0
2019,9,7,1,14,9.99980004882812,0
2019,9,7,1,14,11.8497998046875,0
2019,9,7,1,14,13.6998000488281,0
2019,9,7,1,14,15.5497998046875,0
2019,9,7,1,14,17.4498000488281,0
2019,9,7,1,14,19.4498000488281,0
2019,9,7,1,14,21.4998000488281,0
2019,9,7,1,14,23.4498000488281,0
2019,9,7,1,14,25.2997998046875,0
2019,9,7,1,14,27.1998000488281,0
2019,9,7,1,14,28.9998000488281,0
2019,9,7,1,14,30.8497998046875,0
2019,9,7,1,14,32.6998000488281,0
2019,9,7,1,14,34.5497998046875,0
2019,9,7,1,14,36.3997998046875,0
2019,9,7,1,14,38.2498000488281,0
2019,9,7,1,14,40.0997998046875,0
2019,9,7,1,14,41.9498000488281,0
2019,9,7,1,14,43.7997998046875,0
2019,9,7,1,14,45.6497998046875,0
2019,9,7,1,14,47.4998000488281,0
2019,9,7,1,14,49.3497998046875,0
2019,9,7,1,14,51.1998000488281,0
2019,9,7,1,14,53.0497998046875,0
2019,9,7,1,14,54.8997998046875,0
2019,9,7,1,14,56.7498000488281,0
2019,9,7,1,14,58.5997998046875,0
2019,9,7,1,15,0.449800048828125,0
2019,9,7,1,15,2.2997998046875,0
2019,9,7,1,15,4.0997998046875,0
2019,9,7,1,15,5.94980004882813,0
2019,9,7,1,15,7.74980004882813,0
2019,9,7,1,15,9.5497998046875,0
2019,9,7,1,15,11.3497998046875,0
2019,9,7,1,15,13.1497998046875,0
2019,9,7,1,15,14.9998000488281,0
2019,9,7,1,15,16.7997998046875,0
2019,9,7,1,15,18.6497998046875,0
2019,9,7,1,15,20.4498000488281,0
2019,9,7,1,15,22.2997998046875,0
2019,9,7,1,15,24.0997998046875,0
2019,9,7,1,15,25.9498000488281,0
2019,9,7,1,15,27.7997998046875,0
2019,9,7,1,15,29.5997998046875,0
2019,9,7,1,15,31.4498000488281,0
2019,9,7,1,15,33.2997998046875,0
2019,9,7,1,15,35.1497998046875,0
2019,9,7,1,15,36.9998000488281,0
2019,9,7,1,15,38.8497998046875,0
2019,9,7,1,15,40.6998000488281,1
2019,9,7,1,15,42.4998000488281,1
2019,9,7,1,15,44.2997998046875,2
2019,9,7,1,15,45.9998000488281,2
2019,9,7,1,15,47.6497998046875,2
2019,9,7,1,15,49.4498000488281,2
2019,9,7,1,15,51.4998000488281,2
2019,9,7,1,15,53.5497998046875,2
2019,9,7,1,15,55.5497998046875,2
2019,9,7,1,15,57.4998000488281,2
2019,9,7,1,15,59.2997998046875,2
2019,9,7,1,16,1.0997998046875,2
2019,9,7,1,16,2.94980004882812,2
2019,9,7,1,16,4.7997998046875,2
2019,9,7,1,16,6.5997998046875,0
2019,9,7,1,16,8.44980004882813,0
2019,9,7,1,16,10.2997998046875,0
2019,9,7,1,16,12.1497998046875,0
2019,9,7,1,16,13.9998000488281,0
2019,9,7,1,16,15.7997998046875,0
2019,9,7,1,16,17.6497998046875,0
2019,9,7,1,16,19.4998000488281,0
2019,9,7,1,16,21.3497998046875,0
2019,9,7,1,16,23.1998000488281,0
2019,9,7,1,16,25.0497998046875,1
2019,9,7,1,16,26.8997998046875,1
2019,9,7,1,16,28.7498000488281,2
2019,9,7,1,16,30.5997998046875,2
2019,9,7,1,16,32.4498000488281,2
2019,9,7,1,16,34.2997998046875,2
2019,9,7,1,16,36.1497998046875,2
2019,9,7,1,16,37.9998000488281,2
2019,9,7,1,16,39.8497998046875,2
2019,9,7,1,16,41.6998000488281,2
2019,9,7,1,16,43.5497998046875,2
2019,9,7,1,16,45.3997998046875,2
2019,9,7,1,16,47.2498000488281,2
2019,9,7,1,16,49.0997998046875,2
2019,9,7,1,16,50.9498000488281,2
2019,9,7,1,16,52.7997998046875,2
2019,9,7,1,16,54.6497998046875,1
2019,9,7,1,16,56.4498000488281,1
2019,9,7,1,16,58.2997998046875,1
2019,9,7,1,17,0.1497998046875,1
2019,9,7,1,17,1.99980004882813,1
2019,9,7,1,17,3.8997998046875,1
2019,9,7,1,17,5.74980004882813,1
2019,9,7,1,17,7.5997998046875,1
2019,9,7,1,17,9.44980004882813,1
2019,9,7,1,17,11.2498000488281,1
2019,9,7,1,17,13.0997998046875,1
2019,9,7,1,17,14.9498000488281,1
2019,9,7,1,17,16.7997998046875,1
2019,9,7,1,17,18.6497998046875,1
2019,9,7,1,17,20.5497998046875,1
2019,9,7,1,17,22.3997998046875,1
2019,9,7,1,17,24.2498000488281,1
2019,9,7,1,17,26.0997998046875,1
2019,9,7,1,17,27.9498000488281,1
2019,9,7,1,17,29.7997998046875,1
2019,9,7,1,17,31.6497998046875,1
2019,9,7,1,17,33.4998000488281,1
2019,9,7,1,17,35.3497998046875,1
2019,9,7,1,17,37.1998000488281,0
2019,9,7,1,17,39.0497998046875,0
2019,9,7,1,17,40.8997998046875,0
2019,9,7,1,17,42.7498000488281,0
2019,9,7,1,17,44.5997998046875,0
2019,9,7,1,17,46.4498000488281,0
2019,9,7,1,17,48.2997998046875,0
2019,9,7,1,17,50.1497998046875,0
2019,9,7,1,17,51.9998000488281,0
2019,9,7,1,17,53.8497998046875,0
2019,9,7,1,17,55.6998000488281,0
2019,9,7,1,17,57.5497998046875,0
2019,9,7,1,17,59.3997998046875,0
2019,9,7,1,18,1.24980004882813,0
2019,9,7,1,18,3.0997998046875,0
2019,9,7,1,18,4.94980004882813,0
2019,9,7,1,18,6.7997998046875,0
2019,9,7,1,18,8.6497998046875,0
2019,9,7,1,18,10.4998000488281,0
2019,9,7,1,18,12.3497998046875,0
2019,9,7,1,18,14.1998000488281,0
2019,9,7,1,18,16.0497998046875,0
2019,9,7,1,18,17.8997998046875,0
2019,9,7,1,18,19.7498000488281,0
2019,9,7,1,18,21.5997998046875,0
2019,9,7,1,18,23.4498000488281,0
2019,9,7,1,18,25.2997998046875,0
2019,9,7,1,18,27.1497998046875,0
2019,9,7,1,18,28.9998000488281,0
2019,9,7,1,18,30.8497998046875,0
2019,9,7,1,18,32.6998000488281,0
2019,9,7,1,18,34.5497998046875,0
2019,9,7,1,18,36.3997998046875,0
2019,9,7,1,18,38.2498000488281,0
2019,9,7,1,18,40.0997998046875,0
2019,9,7,1,18,41.9498000488281,0
2019,9,7,1,18,43.7997998046875,0
2019,9,7,1,18,45.6497998046875,0
2019,9,7,1,18,47.4998000488281,0
2019,9,7,1,18,49.3497998046875,0
2019,9,7,1,18,51.1998000488281,0
2019,9,7,1,18,53.0497998046875,0
2019,9,7,1,18,54.8997998046875,0
2019,9,7,1,18,56.7498000488281,0
2019,9,7,1,18,58.5997998046875,0
2019,9,7,1,19,0.449800048828125,0
2019,9,7,1,19,2.2997998046875,0
2019,9,7,1,19,4.1497998046875,0
2019,9,7,1,19,5.99980004882813,0
2019,9,7,1,19,7.8497998046875,0
2019,9,7,1,19,9.69980004882813,0
2019,9,7,1,19,11.5497998046875,0
2019,9,7,1,19,13.3997998046875,0
2019,9,7,1,19,15.2498000488281,0
2019,9,7,1,19,17.0497998046875,0
2019,9,7,1,19,18.8497998046875,0
2019,9,7,1,19,20.5497998046875,0
2019,9,7,1,19,22.2498000488281,0
2019,9,7,1,19,23.9998000488281,0
2019,9,7,1,19,25.7997998046875,0
2019,9,7,1,19,27.6497998046875,0
2019,9,7,1,19,29.4998000488281,0
2019,9,7,1,19,31.3497998046875,0
2019,9,7,1,19,33.1998000488281,0
2019,9,7,1,19,35.0497998046875,0
2019,9,7,1,19,36.9498000488281,0
2019,9,7,1,19,38.8497998046875,0
2019,9,7,1,19,40.7997998046875,0
2019,9,7,1,19,42.6998000488281,0
2019,9,7,1,19,44.4498000488281,0
2019,9,7,1,19,46.2498000488281,0
2019,9,7,1,19,48.0497998046875,0
2019,9,7,1,19,49.8997998046875,0
2019,9,7,1,19,51.8497998046875,0
2019,9,7,1,19,53.6998000488281,0
2019,9,7,1,19,55.4998000488281,0
2019,9,7,1,19,57.3997998046875,0
2019,9,7,1,19,59.2498000488281,0
2019,9,7,1,20,1.1497998046875,0
2019,9,7,1,20,2.99980004882813,0
2019,9,7,1,20,4.8997998046875,0
2019,9,7,1,20,6.74980004882813,0
2019,9,7,1,20,8.6497998046875,0
2019,9,7,1,20,10.5497998046875,0
2019,9,7,1,20,12.4498000488281,0
2019,9,7,1,20,14.2997998046875,0
2019,9,7,1,20,16.1497998046875,0
2019,9,7,1,20,17.9498000488281,0
2019,9,7,1,20,19.8497998046875,0
2019,9,7,1,20,21.7498000488281,0
2019,9,7,1,20,23.5997998046875,0
2019,9,7,1,20,25.4498000488281,0
2019,9,7,1,20,27.2997998046875,0
2019,9,7,1,20,29.1998000488281,0
2019,9,7,1,20,31.0497998046875,0
2019,9,7,1,20,32.8997998046875,0
2019,9,7,1,20,34.7498000488281,0
2019,9,7,1,20,36.5997998046875,0
2019,9,7,1,20,38.4498000488281,0
2019,9,7,1,20,40.2997998046875,0
2019,9,7,1,20,42.1497998046875,0
2019,9,7,1,20,43.9998000488281,0
2019,9,7,1,20,45.8497998046875,0
2019,9,7,1,20,47.6998000488281,0
2019,9,7,1,20,49.5997998046875,0
2019,9,7,1,20,51.4498000488281,0
2019,9,7,1,20,53.2997998046875,0
2019,9,7,1,20,55.1497998046875,0
2019,9,7,1,20,56.9998000488281,0
2019,9,7,1,20,58.8497998046875,0
2019,9,7,1,21,0.699800048828125,0
2019,9,7,1,21,2.5497998046875,0
2019,9,7,1,21,4.44980004882813,0
2019,9,7,1,21,6.2997998046875,0
2019,9,7,1,21,8.1497998046875,0
2019,9,7,1,21,9.99980004882812,0
2019,9,7,1,21,11.8497998046875,0
2019,9,7,1,21,13.6497998046875,0
2019,9,7,1,21,15.4998000488281,0
2019,9,7,1,21,17.3497998046875,0
2019,9,7,1,21,19.1998000488281,0
2019,9,7,1,21,21.0497998046875,0
2019,9,7,1,21,22.8997998046875,0
2019,9,7,1,21,24.7498000488281,0
2019,9,7,1,21,26.5997998046875,0
2019,9,7,1,21,28.4498000488281,0
2019,9,7,1,21,30.2997998046875,0
2019,9,7,1,21,32.1497998046875,0
2019,9,7,1,21,33.9998000488281,0
2019,9,7,1,21,35.8497998046875,0
2019,9,7,1,21,37.6998000488281,0
2019,9,7,1,21,39.5497998046875,0
2019,9,7,1,21,41.3997998046875,0
2019,9,7,1,21,43.2498000488281,0
2019,9,7,1,21,45.0997998046875,0
2019,9,7,1,21,46.9498000488281,0
2019,9,7,1,21,48.7997998046875,0
2019,9,7,1,21,50.6497998046875,0
2019,9,7,1,21,52.4998000488281,0
2019,9,7,1,21,54.3497998046875,0
2019,9,7,1,21,56.1998000488281,0
2019,9,7,1,21,58.0497998046875,0
2019,9,7,1,21,59.8997998046875,0
2019,9,7,1,22,1.74980004882813,0
2019,9,7,1,22,3.5997998046875,0
2019,9,7,1,22,5.44980004882813,0
2019,9,7,1,22,7.2997998046875,0
2019,9,7,1,22,9.1497998046875,0
2019,9,7,1,22,10.9998000488281,0
2019,9,7,1,22,12.7997998046875,0
2019,9,7,1,22,14.6497998046875,0
2019,9,7,1,22,16.4998000488281,0
2019,9,7,1,22,18.3497998046875,0
2019,9,7,1,22,20.2498000488281,0
2019,9,7,1,22,22.0997998046875,0
2019,9,7,1,22,23.9498000488281,0
2019,9,7,1,22,25.7997998046875,0
2019,9,7,1,22,27.6497998046875,0
2019,9,7,1,22,29.4498000488281,0
2019,9,7,1,22,31.3497998046875,0
2019,9,7,1,22,33.1998000488281,0
2019,9,7,1,22,35.0497998046875,0
2019,9,7,1,22,36.8997998046875,0
2019,9,7,1,22,38.7498000488281,0
2019,9,7,1,22,40.5997998046875,0
2019,9,7,1,22,42.4498000488281,0
2019,9,7,1,22,44.2997998046875,0
2019,9,7,1,22,46.1497998046875,0
2019,9,7,1,22,47.9998000488281,0
2019,9,7,1,22,49.8497998046875,0
2019,9,7,1,22,51.6998000488281,0
2019,9,7,1,23,57.1998000488281,2
2019,9,7,1,23,59.0497998046875,2
2019,9,7,1,24,0.8997998046875,2
2019,9,7,1,24,2.74980004882813,2
2019,9,7,1,24,4.5997998046875,2
2019,9,7,1,24,6.44980004882813,2
2019,9,7,1,24,8.2997998046875,2
2019,9,7,1,24,10.1497998046875,2
2019,9,7,1,24,11.9998000488281,2
2019,9,7,1,24,13.8497998046875,2
2019,9,7,1,24,15.6998000488281,2
2019,9,7,1,24,17.4998000488281,2
2019,9,7,1,24,19.3497998046875,2
2019,9,7,1,24,21.2498000488281,2
2019,9,7,1,24,23.0997998046875,2
2019,9,7,1,24,24.9498000488281,2
2019,9,7,1,24,26.7997998046875,2
2019,9,7,1,24,28.6497998046875,2
2019,9,7,1,24,30.4998000488281,2
2019,9,7,1,24,32.3497998046875,2
2019,9,7,1,24,34.1497998046875,2
2019,9,7,1,24,35.9998000488281,2
2019,9,7,1,24,37.8997998046875,2
2019,9,7,1,24,39.7498000488281,2
2019,9,7,1,24,41.4998000488281,2
2019,9,7,1,24,43.3497998046875,2
2019,9,7,1,24,45.2997998046875,2
2019,9,7,1,24,47.1497998046875,2
2019,9,7,1,24,48.9998000488281,2
2019,9,7,1,24,50.8497998046875,2
2019,9,7,1,24,52.6998000488281,2
2019,9,7,1,24,54.5497998046875,2
2019,9,7,1,24,56.3997998046875,2
2019,9,7,1,24,58.2498000488281,2
2019,9,7,1,25,0.1497998046875,2
2019,9,7,1,25,1.94980004882812,2
2019,9,7,1,25,3.74980004882813,2
2019,9,7,1,25,5.49980004882813,2
2019,9,7,1,25,7.1497998046875,2
2019,9,7,1,25,8.8497998046875,2
2019,9,7,1,25,10.6497998046875,2
2019,9,7,1,25,12.4998000488281,2
2019,9,7,1,25,14.3497998046875,2
2019,9,7,1,25,16.1998000488281,2
2019,9,7,1,25,18.0497998046875,2
2019,9,7,1,25,19.8997998046875,2
2019,9,7,1,25,21.7498000488281,2
2019,9,7,1,25,23.5997998046875,2
2019,9,7,1,25,25.4498000488281,2
2019,9,7,1,25,27.2997998046875,2
2019,9,7,1,25,29.1497998046875,2
2019,9,7,1,25,30.9998000488281,2
2019,9,7,1,25,32.8497998046875,2
2019,9,7,1,25,34.6998000488281,2
2019,9,7,1,25,36.5497998046875,2
2019,9,7,1,25,38.3997998046875,2
2019,9,7,1,25,40.2498000488281,0
2019,9,7,1,25,42.0997998046875,0
2019,9,7,1,25,43.9498000488281,0
2019,9,7,1,25,45.7997998046875,0
2019,9,7,1,25,47.6497998046875,0
2019,9,7,1,25,49.4998000488281,0
2019,9,7,1,25,51.3497998046875,0
2019,9,7,1,25,53.1998000488281,0
2019,9,7,1,25,55.0497998046875,0
2019,9,7,1,25,56.8997998046875,0
2019,9,7,1,25,58.7498000488281,0
2019,9,7,1,26,0.5997998046875,0
2019,9,7,1,26,2.44980004882812,0
2019,9,7,1,26,4.2997998046875,0
2019,9,7,1,26,6.1497998046875,0
2019,9,7,1,26,7.99980004882813,0
2019,9,7,1,26,9.8497998046875,0
2019,9,7,1,26,11.6998000488281,0
2019,9,7,1,26,13.5497998046875,0
2019,9,7,1,26,15.3997998046875,0
2019,9,7,1,26,17.2498000488281,0
2019,9,7,1,26,19.0997998046875,0
2019,9,7,1,26,20.9498000488281,0
2019,9,7,1,26,22.7997998046875,0
2019,9,7,1,26,24.6497998046875,0
2019,9,7,1,26,26.4998000488281,0
2019,9,7,1,26,28.3497998046875,0
2019,9,7,1,26,30.1998000488281,0
2019,9,7,1,26,32.0497998046875,0
2019,9,7,1,26,33.8997998046875,0
2019,9,7,1,26,35.7498000488281,0
2019,9,7,1,26,37.5997998046875,0
2019,9,7,1,26,39.4498000488281,0
2019,9,7,1,26,41.2997998046875,0
2019,9,7,1,26,43.1497998046875,0
2019,9,7,1,26,44.9998000488281,0
2019,9,7,1,26,46.8497998046875,0
2019,9,7,1,26,48.6998000488281,0
2019,9,7,1,26,50.5997998046875,0
2019,9,7,1,26,52.5497998046875,0
2019,9,7,1,26,54.5997998046875,0
2019,9,7,1,26,56.5997998046875,0
2019,9,7,1,26,58.6497998046875,0
2019,9,7,1,27,0.499800048828125,0
2019,9,7,1,27,2.24980004882813,0
2019,9,7,1,27,3.94980004882812,0
2019,9,7,1,27,5.6497998046875,0
2019,9,7,1,27,7.49980004882813,0
2019,9,7,1,27,9.44980004882813,0
2019,9,7,1,27,11.3497998046875,0
2019,9,7,1,27,13.1998000488281,0
2019,9,7,1,27,15.0497998046875,0
2019,9,7,1,27,16.8997998046875,0
2019,9,7,1,27,18.7498000488281,0
2019,9,7,1,27,20.6497998046875,0
2019,9,7,1,27,22.4998000488281,0
2019,9,7,1,27,24.3497998046875,0
2019,9,7,1,27,26.1998000488281,0
2019,9,7,1,27,28.0497998046875,0
2019,9,7,1,27,29.8997998046875,0
2019,9,7,1,27,31.7498000488281,0
2019,9,7,1,27,33.5997998046875,0
2019,9,7,1,27,35.4498000488281,0
2019,9,7,1,27,37.2997998046875,0
2019,9,7,1,27,39.1497998046875,0
2019,9,7,1,27,40.9998000488281,0
2019,9,7,1,27,42.8997998046875,0
2019,9,7,1,27,44.7498000488281,0
2019,9,7,1,27,46.5997998046875,0
2019,9,7,1,27,48.4498000488281,0
2019,9,7,1,27,50.2997998046875,0
2019,9,7,1,27,52.1497998046875,0
2019,9,7,1,27,53.9998000488281,0
2019,9,7,1,27,55.8497998046875,0
2019,9,7,1,27,57.6998000488281,0
2019,9,7,1,27,59.5497998046875,0
2019,9,7,1,28,1.3997998046875,0
2019,9,7,1,28,3.24980004882813,0
2019,9,7,1,28,5.0997998046875,0
2019,9,7,1,28,6.94980004882813,0
2019,9,7,1,28,8.7997998046875,0
2019,9,7,1,28,10.6497998046875,0
2019,9,7,1,28,12.4998000488281,0
2019,9,7,1,28,14.3497998046875,0
2019,9,7,1,28,16.1998000488281,0
2019,9,7,1,28,18.0497998046875,0
2019,9,7,1,28,19.8997998046875,0
2019,9,7,1,28,21.7498000488281,0
2019,9,7,1,28,23.5997998046875,0
2019,9,7,1,28,25.4498000488281,0
2019,9,7,1,28,27.2997998046875,0
2019,9,7,1,28,29.1497998046875,0
2019,9,7,1,28,30.9998000488281,0
2019,9,7,1,28,32.8497998046875,0
2019,9,7,1,28,34.6998000488281,0
2019,9,7,1,28,36.5497998046875,0
2019,9,7,1,28,38.3997998046875,0
2019,9,7,1,28,40.2498000488281,0
2019,9,7,1,28,42.0997998046875,0
2019,9,7,1,28,43.9498000488281,0
2019,9,7,1,28,45.7997998046875,0
2019,9,7,1,28,47.6497998046875,0
2019,9,7,1,28,49.4998000488281,0
2019,9,7,1,28,51.3497998046875,0
2019,9,7,1,28,53.1497998046875,0
2019,9,7,1,28,54.9998000488281,0
2019,9,7,1,28,56.8497998046875,0
2019,9,7,1,28,58.6998000488281,0
2019,9,7,1,29,0.5497998046875,0
2019,9,7,1,29,2.3997998046875,0
2019,9,7,1,29,4.24980004882813,0
2019,9,7,1,29,6.0997998046875,0
2019,9,7,1,29,7.94980004882813,0
2019,9,7,1,29,9.7997998046875,0
2019,9,7,1,29,11.6497998046875,0
2019,9,7,1,29,13.5497998046875,0
2019,9,7,1,29,15.3997998046875,0
2019,9,7,1,29,17.2498000488281,0
2019,9,7,1,29,19.0997998046875,0
2019,9,7,1,29,20.9498000488281,0
2019,9,7,1,29,22.7997998046875,0
2019,9,7,1,29,24.6497998046875,0
2019,9,7,1,29,26.4998000488281,0
2019,9,7,1,29,28.3497998046875,0
2019,9,7,1,29,30.1998000488281,1
2019,9,7,1,29,32.0497998046875,1
2019,9,7,1,29,33.8997998046875,1
2019,9,7,1,29,35.7498000488281,2
2019,9,7,1,29,37.5997998046875,2
2019,9,7,1,29,39.4498000488281,2
2019,9,7,1,29,41.2997998046875,2
2019,9,7,1,29,43.1497998046875,2
2019,9,7,1,29,44.9998000488281,2
2019,9,7,1,29,46.8497998046875,2
2019,9,7,1,29,48.6998000488281,2
2019,9,7,1,29,50.5497998046875,2
2019,9,7,1,29,52.3997998046875,2
2019,9,7,1,29,54.2498000488281,2
2019,9,7,1,29,56.0997998046875,2
2019,9,7,1,29,57.9498000488281,1
2019,9,7,1,29,59.7997998046875,1
2019,9,7,1,30,1.6497998046875,1
2019,9,7,1,30,3.49980004882813,1
2019,9,7,1,30,5.3497998046875,1
2019,9,7,1,30,7.19980004882813,1
2019,9,7,1,30,9.0497998046875,1
2019,9,7,1,30,10.8997998046875,1
2019,9,7,1,30,12.7498000488281,1
2019,9,7,1,30,14.5997998046875,1
2019,9,7,1,30,16.4498000488281,1
2019,9,7,1,30,18.2997998046875,1
2019,9,7,1,30,20.1497998046875,1
2019,9,7,1,30,21.9998000488281,1
2019,9,7,1,30,23.8497998046875,1
2019,9,7,1,30,25.6998000488281,1
2019,9,7,1,30,27.5497998046875,1
2019,9,7,1,30,29.3997998046875,1
2019,9,7,1,30,31.2498000488281,1
2019,9,7,1,30,33.0997998046875,1
2019,9,7,1,30,34.9498000488281,1
2019,9,7,1,30,36.7997998046875,1
2019,9,7,1,30,38.6497998046875,1
2019,9,7,1,30,40.4998000488281,1
2019,9,7,1,30,42.3497998046875,1
2019,9,7,1,30,44.1998000488281,1
2019,9,7,1,30,46.0497998046875,1
2019,9,7,1,30,47.8997998046875,0
2019,9,7,1,30,49.7498000488281,0
2019,9,7,1,30,51.5997998046875,0
2019,9,7,1,30,53.3997998046875,0
2019,9,7,1,30,55.2498000488281,0
2019,9,7,1,30,57.1497998046875,0
2019,9,7,1,30,58.9998000488281,0
2019,9,7,1,31,0.8497998046875,0
2019,9,7,1,31,2.69980004882812,0
2019,9,7,1,31,4.5497998046875,0
2019,9,7,1,31,6.3997998046875,0
2019,9,7,1,31,8.24980004882812,0
2019,9,7,1,31,10.0997998046875,0
2019,9,7,1,31,11.9498000488281,0
2019,9,7,1,31,13.7997998046875,0
2019,9,7,1,31,15.6497998046875,0
2019,9,7,1,31,17.4998000488281,0
2019,9,7,1,31,19.4498000488281,0
2019,9,7,1,31,21.2997998046875,0
2019,9,7,1,31,23.1497998046875,0
2019,9,7,1,31,25.0997998046875,0
2019,9,7,1,31,26.9498000488281,0
2019,9,7,1,31,28.7498000488281,0
2019,9,7,1,31,30.5497998046875,0
2019,9,7,1,31,32.3997998046875,0
2019,9,7,1,31,34.1998000488281,0
2019,9,7,1,31,36.0497998046875,0
2019,9,7,1,31,37.8997998046875,0
2019,9,7,1,31,39.7498000488281,0
2019,9,7,1,31,41.6497998046875,0
2019,9,7,1,31,43.6998000488281,0
2019,9,7,1,31,45.5497998046875,0
2019,9,7,1,31,47.2997998046875,0
2019,9,7,1,31,49.0997998046875,0
2019,9,7,1,31,50.8997998046875,0
2019,9,7,1,31,52.7498000488281,0
2019,9,7,1,31,54.5997998046875,0
2019,9,7,1,31,56.3997998046875,0
2019,9,7,1,31,58.1998000488281,0
2019,9,7,1,32,0.0497998046875,0
2019,9,7,1,32,1.8997998046875,0
2019,9,7,1,32,3.74980004882813,0
2019,9,7,1,32,5.5997998046875,1
2019,9,7,1,32,7.44980004882813,2
2019,9,7,1,32,9.2997998046875,2
2019,9,7,1,32,11.1497998046875,2
2019,9,7,1,32,12.9998000488281,2
2019,9,7,1,32,14.8497998046875,2
2019,9,7,1,32,16.6998000488281,2
2019,9,7,1,32,18.5497998046875,2
2019,9,7,1,32,20.3997998046875,2
2019,9,7,1,32,22.2498000488281,2
2019,9,7,1,32,24.0497998046875,2
2019,9,7,1,32,25.6998000488281,2
2019,9,7,1,32,27.3497998046875,2
2019,9,7,1,32,29.0997998046875,2
2019,9,7,1,32,30.9498000488281,2
2019,9,7,1,32,32.7997998046875,2
2019,9,7,1,32,34.6998000488281,2
2019,9,7,1,32,36.5497998046875,2
2019,9,7,1,32,38.3997998046875,2
2019,9,7,1,32,40.2498000488281,2
2019,9,7,1,32,42.0997998046875,2
2019,9,7,1,32,43.9998000488281,2
2019,9,7,1,32,45.8497998046875,2
2019,9,7,1,32,47.7498000488281,2
2019,9,7,1,32,49.6497998046875,2
2019,9,7,1,32,51.4998000488281,2
2019,9,7,1,32,53.3997998046875,2
2019,9,7,1,32,55.2997998046875,2
2019,9,7,1,32,57.1497998046875,2
2019,9,7,1,32,59.0497998046875,2
2019,9,7,1,33,0.8997998046875,2
2019,9,7,1,33,2.74980004882813,2
2019,9,7,1,33,4.6497998046875,2
2019,9,7,1,33,6.49980004882813,2
2019,9,7,1,33,8.3497998046875,2
2019,9,7,1,33,10.2498000488281,1
2019,9,7,1,33,12.0997998046875,1
2019,9,7,1,33,13.9498000488281,1
2019,9,7,1,33,15.7997998046875,1
2019,9,7,1,33,17.6497998046875,1
2019,9,7,1,33,19.4998000488281,0
2019,9,7,1,33,21.3497998046875,0
2019,9,7,1,33,23.1998000488281,0
2019,9,7,1,33,25.0997998046875,0
2019,9,7,1,33,26.9498000488281,0
2019,9,7,1,33,28.7997998046875,0
2019,9,7,1,33,30.6497998046875,0
2019,9,7,1,33,32.4998000488281,0
2019,9,7,1,33,34.3497998046875,0
2019,9,7,1,33,36.1998000488281,0
2019,9,7,1,33,38.0497998046875,0
2019,9,7,1,33,39.8997998046875,0
2019,9,7,1,33,41.7997998046875,0
2019,9,7,2,6,49.0497998046875,0
2019,9,7,2,6,50.8997998046875,0
2019,9,7,2,6,52.7498000488281,0
2019,9,7,2,6,54.5997998046875,0
2019,9,7,2,6,56.4498000488281,0
2019,9,7,2,6,58.2997998046875,0
2019,9,7,2,7,0.1497998046875,0
2019,9,7,2,7,1.99980004882813,0
2019,9,7,2,7,3.8497998046875,0
2019,9,7,2,7,5.69980004882813,0
2019,9,7,2,7,7.5497998046875,0
2019,9,7,2,7,9.3997998046875,0
2019,9,7,2,7,11.2498000488281,0
2019,9,7,2,7,13.0997998046875,0
2019,9,7,2,7,14.8997998046875,0
2019,9,7,2,7,16.7498000488281,0
2019,9,7,2,7,18.6497998046875,0
2019,9,7,2,7,20.4998000488281,0
2019,9,7,2,7,22.3497998046875,0
2019,9,7,2,7,24.1998000488281,0
2019,9,7,2,7,26.0497998046875,0
2019,9,7,2,7,27.8997998046875,0
2019,9,7,2,7,29.6998000488281,0
2019,9,7,2,7,31.5497998046875,0
2019,9,7,2,7,33.3997998046875,0
2019,9,7,2,7,35.2498000488281,0
2019,9,7,2,7,37.1497998046875,0
2019,9,7,2,7,38.9998000488281,0
2019,9,7,2,7,40.8497998046875,0
2019,9,7,2,7,42.6998000488281,0
2019,9,7,2,7,44.5497998046875,0
2019,9,7,2,7,46.3997998046875,0
2019,9,7,2,7,48.2498000488281,0
2019,9,7,2,7,50.0997998046875,0
2019,9,7,2,7,51.9498000488281,0
2019,9,7,2,7,53.7997998046875,0
2019,9,7,2,7,55.6497998046875,0
2019,9,7,2,7,57.4998000488281,0
2019,9,7,2,7,59.3497998046875,0
2019,9,7,2,8,1.19980004882813,0
2019,9,7,2,8,2.99980004882813,0
2019,9,7,2,8,4.8997998046875,0
2019,9,7,2,8,6.74980004882813,0
2019,9,7,2,8,8.5997998046875,0
2019,9,7,2,8,10.4498000488281,0
2019,9,7,2,8,12.2997998046875,0
2019,9,7,2,8,14.1497998046875,0
2019,9,7,2,8,15.9998000488281,0
2019,9,7,2,8,17.8497998046875,0
2019,9,7,2,8,19.6998000488281,0
2019,9,7,2,8,21.5497998046875,0
2019,9,7,2,8,23.3997998046875,0
2019,9,7,2,8,25.2498000488281,0
2019,9,7,2,8,27.0997998046875,0
2019,9,7,2,8,28.9498000488281,0
2019,9,7,2,8,30.7997998046875,0
2019,9,7,2,8,32.6497998046875,0
2019,9,7,2,8,34.4998000488281,0
2019,9,7,2,8,36.3497998046875,0
2019,9,7,2,8,38.1998000488281,0
2019,9,7,2,8,40.0497998046875,0
2019,9,7,2,8,41.8997998046875,0
2019,9,7,2,8,43.7498000488281,0
2019,9,7,2,8,45.5997998046875,0
2019,9,7,2,8,47.4498000488281,0
2019,9,7,2,8,49.2997998046875,0
2019,9,7,2,8,51.1497998046875,0
2019,9,7,2,8,52.9998000488281,0
2019,9,7,2,8,54.8497998046875,0
2019,9,7,2,8,56.6998000488281,0
2019,9,7,2,8,58.5497998046875,0
2019,9,7,2,9,0.3997998046875,0
2019,9,7,2,9,2.24980004882813,0
2019,9,7,2,9,4.0997998046875,0
2019,9,7,2,9,5.94980004882813,0
2019,9,7,2,9,7.7997998046875,0
2019,9,7,2,9,9.6497998046875,0
2019,9,7,2,9,11.4998000488281,0
2019,9,7,2,9,13.3497998046875,0
2019,9,7,2,9,15.1998000488281,0
2019,9,7,2,9,17.0497998046875,0
2019,9,7,2,9,18.8997998046875,0
2019,9,7,2,9,20.7498000488281,0
2019,9,7,2,9,22.5997998046875,0
2019,9,7,2,9,24.4498000488281,0
2019,9,7,2,9,26.2997998046875,0
2019,9,7,2,9,28.1497998046875,0
2019,9,7,2,9,29.9998000488281,0
2019,9,7,2,9,31.8497998046875,0
2019,9,7,2,9,33.6998000488281,0
2019,9,7,2,9,35.5497998046875,0
2019,9,7,2,11,3.0497998046875,0
2019,9,7,2,11,4.8997998046875,0
2019,9,7,2,11,6.74980004882813,0
2019,9,7,2,11,8.5997998046875,0
2019,9,7,2,11,10.4498000488281,0
2019,9,7,2,11,12.2997998046875,0
2019,9,7,2,11,14.1497998046875,0
2019,9,7,2,11,15.9998000488281,0
2019,9,7,2,11,17.8497998046875,0
2019,9,7,2,11,19.6998000488281,0
2019,9,7,2,11,21.5497998046875,0
2019,9,7,2,11,23.3997998046875,0
2019,9,7,2,11,25.2498000488281,0
2019,9,7,2,11,27.0997998046875,0
2019,9,7,2,11,28.9498000488281,0
2019,9,7,2,11,30.7997998046875,0
2019,9,7,2,11,32.6497998046875,0
2019,9,7,2,11,34.4998000488281,0
2019,9,7,2,11,36.3497998046875,0
2019,9,7,2,11,38.1998000488281,0
2019,9,7,2,11,40.0497998046875,0
2019,9,7,2,11,41.8997998046875,0
2019,9,7,2,11,43.7498000488281,0
2019,9,7,2,11,45.5997998046875,0
2019,9,7,2,11,47.4498000488281,0
2019,9,7,2,11,49.2997998046875,0
2019,9,7,2,11,51.1497998046875,0
2019,9,7,2,11,52.9998000488281,0
2019,9,7,2,11,54.8497998046875,0
2019,9,7,2,11,56.6998000488281,0
2019,9,7,2,11,58.5497998046875,0
2019,9,7,2,12,0.3997998046875,0
2019,9,7,2,12,2.24980004882813,0
2019,9,7,2,12,4.0997998046875,1
2019,9,7,2,12,5.94980004882813,1
2019,9,7,2,12,7.7997998046875,1
2019,9,7,2,12,9.6497998046875,1
2019,9,7,2,12,11.4998000488281,1
2019,9,7,2,12,13.3497998046875,1
2019,9,7,2,12,15.1998000488281,1
2019,9,7,2,12,17.0497998046875,1
2019,9,7,2,12,18.8997998046875,1
2019,9,7,2,12,20.7498000488281,1
2019,9,7,2,12,22.5997998046875,1
2019,9,7,2,12,24.4498000488281,1
2019,9,7,2,12,26.2997998046875,1
2019,9,7,2,12,28.1497998046875,1
2019,9,7,2,12,29.9998000488281,1
2019,9,7,2,12,31.8497998046875,1
2019,9,7,2,12,33.6998000488281,1
2019,9,7,2,12,35.5497998046875,1
2019,9,7,2,12,37.3997998046875,1
2019,9,7,2,12,39.2498000488281,1
2019,9,7,2,12,41.0997998046875,1
2019,9,7,2,12,42.9498000488281,1
2019,9,7,2,12,44.7997998046875,1
2019,9,7,2,12,46.6497998046875,1
2019,9,7,2,12,48.4998000488281,1
2019,9,7,2,12,50.3497998046875,1
2019,9,7,2,12,52.1998000488281,1
2019,9,7,2,12,54.0497998046875,1
2019,9,7,2,12,55.8997998046875,1
2019,9,7,2,12,57.7498000488281,1
2019,9,7,2,12,59.5497998046875,1
2019,9,7,2,13,1.44980004882813,1
2019,9,7,2,13,3.2997998046875,1
2019,9,7,2,13,5.0997998046875,1
2019,9,7,2,13,6.94980004882813,1
2019,9,7,2,13,8.7997998046875,1
2019,9,7,2,13,10.6497998046875,1
2019,9,7,2,13,12.5497998046875,1
2019,9,7,2,13,14.3997998046875,1
2019,9,7,2,13,16.2498000488281,1
2019,9,7,2,13,18.0997998046875,1
2019,9,7,2,13,19.8997998046875,1
2019,9,7,2,13,21.7498000488281,1
2019,9,7,2,13,23.5997998046875,1
2019,9,7,2,13,25.4998000488281,1
2019,9,7,2,13,27.3497998046875,1
2019,9,7,2,13,29.1998000488281,1
2019,9,7,2,13,31.0497998046875,1
2019,9,7,2,13,32.8997998046875,1
2019,9,7,2,13,34.7498000488281,1
2019,9,7,2,13,36.5997998046875,1
2019,9,7,2,13,38.4498000488281,1
2019,9,7,2,13,40.2997998046875,1
2019,9,7,2,13,42.1497998046875,1
2019,9,7,2,13,43.9998000488281,1
2019,9,7,2,13,45.8497998046875,1
2019,9,7,2,13,47.6998000488281,1
2019,9,7,2,13,49.5497998046875,1
2019,9,7,2,13,51.3997998046875,1
2019,9,7,2,13,53.2498000488281,1
2019,9,7,2,13,55.0997998046875,1
2019,9,7,2,13,56.9498000488281,1
2019,9,7,2,13,58.7997998046875,1
2019,9,7,2,14,0.6497998046875,1
2019,9,7,2,14,2.49980004882813,1
2019,9,7,2,14,4.3497998046875,1
2019,9,7,2,14,6.0997998046875,1
2019,9,7,2,14,7.8997998046875,1
2019,9,7,2,14,9.8497998046875,1
2019,9,7,2,14,11.7498000488281,1
2019,9,7,2,14,13.5497998046875,1
2019,9,7,2,14,15.2997998046875,1
2019,9,7,2,14,17.0997998046875,1
2019,9,7,2,14,19.0497998046875,1
2019,9,7,2,14,20.9498000488281,1
2019,9,7,2,14,22.8497998046875,1
2019,9,7,2,14,24.6998000488281,1
2019,9,7,2,14,26.5497998046875,1
2019,9,7,2,14,28.3997998046875,1
2019,9,7,2,14,30.2498000488281,1
2019,9,7,2,14,32.0997998046875,1
2019,9,7,2,14,33.8997998046875,1
2019,9,7,2,14,35.7498000488281,1
2019,9,7,2,14,37.5497998046875,1
2019,9,7,2,14,39.3997998046875,1
2019,9,7,2,14,41.2997998046875,1
2019,9,7,2,14,43.1497998046875,1
2019,9,7,2,14,44.8997998046875,1
2019,9,7,2,14,46.5997998046875,1
2019,9,7,2,14,48.2997998046875,1
2019,9,7,2,14,50.0497998046875,1
2019,9,7,2,14,51.8997998046875,1
2019,9,7,2,14,53.6998000488281,1
2019,9,7,2,14,55.5497998046875,1
2019,9,7,2,14,57.4498000488281,1
2019,9,7,2,14,59.1998000488281,1
2019,9,7,2,15,1.0997998046875,1
2019,9,7,2,15,3.0497998046875,1
2019,9,7,2,15,4.7997998046875,1
2019,9,7,2,15,6.6497998046875,1
2019,9,7,2,15,8.49980004882812,1
2019,9,7,2,15,10.3997998046875,1
2019,9,7,2,15,12.2498000488281,2
2019,9,7,2,15,14.0997998046875,2
2019,9,7,2,15,15.9498000488281,2
2019,9,7,2,15,17.7997998046875,2
2019,9,7,2,15,19.6497998046875,2
2019,9,7,2,15,21.3997998046875,2
2019,9,7,2,15,23.3497998046875,2
2019,9,7,2,15,25.1998000488281,2
2019,9,7,2,15,27.0497998046875,2
2019,9,7,2,15,28.8497998046875,2
2019,9,7,2,15,30.6998000488281,2
2019,9,7,2,15,32.5497998046875,2
2019,9,7,2,15,34.3997998046875,2
2019,9,7,2,15,36.2997998046875,2
2019,9,7,2,15,38.1998000488281,2
2019,9,7,2,15,39.9498000488281,2
2019,9,7,2,15,41.8497998046875,2
2019,9,7,2,15,43.6998000488281,2
2019,9,7,2,15,45.5497998046875,2
2019,9,7,2,15,47.3497998046875,2
2019,9,7,2,15,49.2997998046875,2
2019,9,7,2,15,51.1497998046875,2
2019,9,7,2,15,52.9998000488281,2
2019,9,7,2,15,54.7997998046875,2
2019,9,7,2,15,56.6998000488281,2
2019,9,7,2,15,58.4998000488281,2
2019,9,7,2,16,0.3497998046875,2
2019,9,7,2,16,2.19980004882812,2
2019,9,7,2,16,4.0997998046875,2
2019,9,7,2,16,5.8997998046875,2
2019,9,7,2,16,7.74980004882813,2
2019,9,7,2,16,9.5997998046875,2
2019,9,7,2,16,11.4498000488281,2
2019,9,7,2,16,13.2997998046875,2
2019,9,7,2,16,15.1497998046875,2
2019,9,7,2,16,16.9998000488281,2
2019,9,7,2,16,18.8497998046875,2
2019,9,7,2,16,20.6998000488281,2
2019,9,7,2,16,22.5497998046875,2
2019,9,7,2,16,24.3997998046875,2
2019,9,7,2,16,26.2498000488281,2
2019,9,7,2,16,28.0997998046875,2
2019,9,7,2,16,29.9498000488281,2
2019,9,7,2,16,31.7997998046875,2
2019,9,7,2,16,33.6497998046875,2
2019,9,7,2,16,35.4998000488281,2
2019,9,7,2,16,37.3497998046875,2
2019,9,7,2,16,39.2498000488281,2
2019,9,7,2,16,41.1497998046875,2
2019,9,7,2,16,43.0497998046875,2
2019,9,7,2,16,44.9998000488281,2
2019,9,7,2,16,46.8997998046875,2
2019,9,7,2,16,48.7498000488281,2
2019,9,7,2,16,50.6497998046875,2
2019,9,7,2,16,52.4998000488281,2
2019,9,7,2,16,54.3497998046875,2
2019,9,7,2,16,56.0997998046875,2
2019,9,7,2,16,57.8497998046875,2
2019,9,7,2,16,59.7498000488281,2
2019,9,7,2,17,1.69980004882812,2
2019,9,7,2,17,3.5997998046875,2
2019,9,7,2,17,5.49980004882813,2
2019,9,7,2,17,7.3497998046875,2
2019,9,7,2,17,9.19980004882813,2
2019,9,7,2,17,11.0997998046875,2
2019,9,7,2,17,12.9498000488281,2
2019,9,7,2,17,14.7997998046875,2
2019,9,7,2,17,16.6998000488281,2
2019,9,7,2,17,18.5497998046875,2
2019,9,7,2,17,20.3997998046875,2
2019,9,7,2,17,22.2498000488281,2
2019,9,7,2,17,24.0997998046875,2
2019,9,7,2,17,25.9498000488281,2
2019,9,7,2,17,27.8997998046875,2
2019,9,7,2,17,29.7498000488281,2
2019,9,7,2,17,31.4998000488281,2
2019,9,7,2,17,33.3997998046875,2
2019,9,7,2,17,35.1998000488281,2
2019,9,7,2,17,37.0497998046875,2
2019,9,7,2,17,38.8997998046875,2
2019,9,7,2,17,40.7498000488281,1
2019,9,7,2,17,42.6497998046875,1
2019,9,7,2,17,44.4998000488281,1
2019,9,7,2,17,46.2997998046875,1
2019,9,7,2,17,48.0997998046875,1
2019,9,7,2,17,49.9998000488281,1
2019,9,7,2,17,51.8497998046875,1
2019,9,7,2,17,53.6998000488281,1
2019,9,7,2,17,55.5497998046875,1
2019,9,7,2,17,57.3997998046875,1
2019,9,7,2,17,59.2498000488281,1
2019,9,7,2,18,1.0997998046875,1
2019,9,7,2,18,2.94980004882812,1
2019,9,7,2,18,4.8497998046875,1
2019,9,7,2,18,6.69980004882813,1
2019,9,7,2,18,8.5497998046875,1
2019,9,7,2,18,10.3997998046875,1
2019,9,7,2,18,12.2498000488281,1
2019,9,7,2,18,14.0997998046875,1
2019,9,7,2,18,15.9498000488281,1
2019,9,7,2,18,17.7997998046875,1
2019,9,7,2,18,19.6497998046875,1
2019,9,7,2,18,21.4998000488281,1
2019,9,7,2,18,23.3497998046875,1
2019,9,7,2,18,25.1998000488281,1
2019,9,7,2,18,27.0497998046875,1
2019,9,7,2,18,28.8997998046875,1
2019,9,7,2,18,30.7498000488281,1
2019,9,7,2,18,32.5997998046875,1
2019,9,7,2,18,34.4498000488281,1
2019,9,7,2,18,36.2997998046875,1
2019,9,7,2,18,38.1497998046875,1
2019,9,7,2,18,39.9998000488281,1
2019,9,7,2,18,41.8497998046875,1
2019,9,7,2,18,43.6998000488281,1
2019,9,7,2,18,45.5497998046875,1
2019,9,7,2,18,47.3997998046875,1
2019,9,7,2,18,49.2498000488281,1
2019,9,7,2,18,51.0997998046875,1
2019,9,7,2,18,52.9498000488281,0
2019,9,7,2,18,54.7997998046875,0
2019,9,7,2,18,56.6497998046875,0
2019,9,7,2,18,58.4998000488281,0
2019,9,7,2,19,0.3497998046875,0
2019,9,7,2,19,2.19980004882812,0
2019,9,7,2,19,4.0497998046875,0
2019,9,7,2,19,5.8997998046875,0
2019,9,7,2,19,7.74980004882813,0
2019,9,7,2,19,9.5997998046875,0
2019,9,7,2,19,11.3997998046875,0
2019,9,7,2,19,13.2997998046875,0
2019,9,7,2,19,15.1497998046875,0
2019,9,7,2,19,16.9998000488281,0
2019,9,7,2,19,18.8497998046875,0
2019,9,7,2,19,20.6497998046875,0
2019,9,7,2,19,22.4998000488281,1
2019,9,7,2,19,24.3497998046875,1
2019,9,7,2,19,26.1998000488281,2
2019,9,7,2,19,28.0497998046875,2
2019,9,7,2,19,29.8997998046875,2
2019,9,7,2,19,31.7498000488281,2
2019,9,7,2,19,33.5997998046875,2
2019,9,7,2,19,35.4998000488281,2
2019,9,7,2,19,37.2997998046875,2
2019,9,7,2,19,39.1497998046875,2
2019,9,7,2,19,40.9998000488281,2
2019,9,7,2,19,42.8497998046875,2
2019,9,7,2,19,44.7997998046875,2
2019,9,7,2,19,46.5997998046875,2
2019,9,7,2,19,48.4498000488281,2
2019,9,7,2,19,50.2997998046875,2
2019,9,7,2,19,52.1998000488281,2
2019,9,7,2,19,54.0997998046875,2
2019,9,7,2,19,55.9498000488281,2
2019,9,7,2,19,57.6998000488281,2
2019,9,7,2,19,59.5997998046875,2
2019,9,7,2,20,1.3997998046875,2
2019,9,7,2,20,3.24980004882813,2
2019,9,7,2,20,5.0997998046875,2
2019,9,7,2,20,6.94980004882813,2
2019,9,7,2,20,8.7997998046875,1
2019,9,7,2,20,10.5997998046875,1
2019,9,7,2,20,12.4998000488281,1
2019,9,7,2,20,14.3497998046875,1
2019,9,7,2,20,16.1497998046875,1
2019,9,7,2,20,17.9998000488281,1
2019,9,7,2,20,19.7997998046875,1
2019,9,7,2,20,21.6998000488281,1
2019,9,7,2,20,23.5497998046875,1
2019,9,7,2,20,25.3997998046875,1
2019,9,7,2,20,27.2498000488281,1
2019,9,7,2,20,29.0997998046875,1
2019,9,7,2,20,30.9498000488281,1
2019,9,7,2,20,32.7997998046875,1
2019,9,7,2,20,34.6497998046875,1
2019,9,7,2,20,36.4998000488281,0
2019,9,7,2,20,38.3497998046875,0
2019,9,7,2,20,40.1998000488281,0
2019,9,7,2,20,42.0497998046875,0
2019,9,7,2,20,43.8997998046875,0
2019,9,7,2,20,45.7498000488281,0
2019,9,7,2,20,47.5997998046875,0
2019,9,7,2,20,49.4498000488281,0
2019,9,7,2,20,51.2997998046875,0
2019,9,7,2,20,53.1497998046875,0
2019,9,7,2,20,55.0497998046875,0
2019,9,7,2,20,56.8997998046875,0
2019,9,7,2,20,58.7498000488281,0
2019,9,7,2,21,0.5997998046875,0
2019,9,7,2,21,2.44980004882812,0
2019,9,7,2,21,4.2997998046875,0
2019,9,7,2,21,6.1497998046875,0
2019,9,7,2,21,7.99980004882813,0
2019,9,7,2,21,9.8497998046875,0
2019,9,7,2,21,11.6998000488281,0
2019,9,7,2,21,13.5497998046875,0
2019,9,7,2,21,15.3997998046875,0
2019,9,7,2,21,17.2498000488281,0
2019,9,7,2,21,19.0997998046875,0
2019,9,7,2,21,20.9498000488281,0
2019,9,7,2,21,22.7997998046875,0
2019,9,7,2,21,24.6497998046875,0
2019,9,7,2,21,26.4998000488281,0
2019,9,7,2,21,28.3497998046875,0
2019,9,7,2,21,30.1998000488281,0
2019,9,7,2,21,32.0497998046875,0
2019,9,7,2,21,33.8997998046875,0
2019,9,7,2,21,35.7498000488281,0
2019,9,7,2,21,37.5997998046875,0
2019,9,7,2,21,39.4498000488281,0
2019,9,7,2,21,41.2997998046875,0
2019,9,7,2,21,43.1497998046875,0
2019,9,7,2,21,44.9998000488281,0
2019,9,7,2,21,46.8497998046875,0
2019,9,7,2,21,48.6998000488281,0
2019,9,7,2,21,50.5497998046875,0
2019,9,7,2,21,52.3997998046875,0
2019,9,7,2,21,54.2498000488281,0
2019,9,7,2,21,56.0997998046875,0
2019,9,7,2,21,57.9498000488281,0
2019,9,7,2,21,59.7997998046875,0
2019,9,7,2,22,1.6497998046875,0
2019,9,7,2,22,3.49980004882813,0
2019,9,7,2,22,5.3497998046875,0
2019,9,7,2,22,7.19980004882813,0
2019,9,7,2,22,9.0497998046875,0
2019,9,7,2,22,10.8997998046875,0
2019,9,7,2,22,12.7498000488281,1
2019,9,7,2,22,14.5997998046875,1
2019,9,7,2,22,16.4498000488281,2
2019,9,7,2,22,18.2997998046875,2
2019,9,7,2,22,20.1497998046875,2
2019,9,7,2,22,21.9998000488281,2
2019,9,7,2,22,23.8497998046875,2
2019,9,7,2,22,25.6998000488281,2
2019,9,7,2,22,27.5497998046875,1
2019,9,7,2,22,29.3997998046875,2
2019,9,7,2,22,31.1998000488281,2
2019,9,7,2,22,33.0497998046875,2
2019,9,7,2,22,34.9498000488281,2
2019,9,7,2,22,36.7997998046875,2
2019,9,7,2,22,38.6497998046875,2
2019,9,7,2,22,40.4998000488281,2
2019,9,7,2,22,42.3497998046875,2
2019,9,7,2,22,44.1998000488281,2
2019,9,7,2,22,46.0497998046875,2
2019,9,7,2,22,47.8997998046875,2
2019,9,7,2,22,49.7498000488281,2
2019,9,7,2,22,51.5997998046875,2
2019,9,7,2,22,53.4498000488281,2
2019,9,7,2,22,55.2997998046875,2
2019,9,7,2,22,57.1497998046875,2
2019,9,7,2,22,58.9998000488281,2
2019,9,7,2,23,0.8497998046875,1
2019,9,7,2,23,2.69980004882812,0
2019,9,7,2,23,4.5497998046875,0
2019,9,7,2,23,6.3997998046875,0
2019,9,7,2,23,8.24980004882812,0
2019,9,7,2,23,10.0997998046875,0
2019,9,7,2,23,11.9498000488281,0
2019,9,7,2,23,13.7997998046875,0
2019,9,7,2,23,15.6497998046875,0
2019,9,7,2,23,17.4998000488281,0
2019,9,7,2,23,19.3497998046875,0
2019,9,7,2,23,21.1998000488281,0
2019,9,7,2,23,23.0497998046875,0
2019,9,7,2,23,24.8997998046875,0
2019,9,7,2,23,26.7498000488281,0
2019,9,7,2,23,28.5997998046875,0
2019,9,7,2,23,30.4498000488281,0
2019,9,7,2,23,32.2997998046875,0
2019,9,7,2,23,34.1497998046875,0
2019,9,7,2,23,35.9998000488281,0
2019,9,7,2,23,37.8497998046875,0
2019,9,7,2,23,39.6998000488281,0
2019,9,7,2,23,41.5497998046875,0
2019,9,7,2,23,43.3997998046875,0
2019,9,7,2,23,45.2498000488281,0
2019,9,7,2,23,47.0997998046875,0
2019,9,7,2,23,48.9498000488281,0
2019,9,7,2,23,50.7997998046875,0
2019,9,7,2,23,52.6497998046875,0
2019,9,7,2,23,54.4998000488281,0
2019,9,7,2,23,56.3497998046875,0
2019,9,7,2,23,58.1998000488281,0
2019,9,7,2,24,0.0497998046875,0
2019,9,7,2,24,1.8997998046875,0
2019,9,7,2,24,3.74980004882813,0
2019,9,7,2,24,5.5997998046875,0
2019,9,7,2,24,7.44980004882813,0
2019,9,7,2,24,9.2997998046875,0
2019,9,7,2,24,11.1497998046875,0
2019,9,7,2,24,12.9998000488281,0
2019,9,7,2,24,14.8497998046875,0
2019,9,7,2,24,16.6998000488281,0
2019,9,7,2,24,18.5497998046875,1
2019,9,7,2,24,20.3997998046875,1
2019,9,7,2,24,22.2498000488281,1
2019,9,7,2,24,24.0997998046875,1
2019,9,7,2,24,25.9498000488281,2
2019,9,7,2,24,27.7997998046875,2
2019,9,7,2,24,29.6497998046875,2
2019,9,7,2,24,31.4998000488281,2
2019,9,7,2,24,33.3497998046875,2
2019,9,7,2,24,35.1998000488281,2
2019,9,7,2,24,37.0497998046875,2
2019,9,7,2,24,38.8997998046875,2
2019,9,7,2,24,40.7498000488281,2
2019,9,7,2,24,42.5997998046875,2
2019,9,7,2,24,44.4498000488281,2
2019,9,7,2,24,46.2997998046875,2
2019,9,7,2,24,48.1497998046875,2
2019,9,7,2,24,49.9998000488281,2
2019,9,7,2,24,51.8497998046875,2
2019,9,7,2,24,53.6998000488281,2
2019,9,7,2,24,55.5497998046875,2
2019,9,7,2,24,57.3997998046875,2
2019,9,7,2,24,59.1998000488281,2
2019,9,7,2,25,1.0997998046875,2
2019,9,7,2,25,2.94980004882812,2
2019,9,7,2,25,4.74980004882813,2
2019,9,7,2,25,6.5997998046875,2
2019,9,7,2,25,8.44980004882813,2
2019,9,7,2,25,10.3497998046875,2
2019,9,7,2,25,12.1497998046875,1
2019,9,7,2,25,13.9998000488281,1
2019,9,7,2,25,15.8497998046875,1
2019,9,7,2,25,17.6998000488281,1
2019,9,7,2,25,19.5497998046875,1
2019,9,7,2,25,21.3997998046875,1
2019,9,7,2,25,23.2498000488281,1
2019,9,7,2,25,25.0997998046875,1
2019,9,7,2,25,26.9498000488281,1
2019,9,7,2,25,28.7997998046875,1
2019,9,7,2,25,30.6497998046875,0
2019,9,7,2,25,32.4998000488281,0
2019,9,7,2,25,34.3497998046875,0
2019,9,7,2,25,36.2498000488281,0
2019,9,7,2,25,38.0997998046875,0
2019,9,7,2,25,39.9498000488281,0
2019,9,7,2,25,41.7997998046875,0
2019,9,7,2,25,43.6497998046875,0
2019,9,7,2,25,45.4998000488281,0
2019,9,7,2,25,47.3497998046875,0
2019,9,7,2,25,49.1998000488281,0
2019,9,7,2,25,51.0497998046875,0
2019,9,7,2,25,52.8997998046875,0
2019,9,7,2,25,54.7498000488281,0
2019,9,7,2,25,56.5997998046875,0
2019,9,7,2,25,58.4498000488281,0
2019,9,7,2,26,0.2997998046875,0
2019,9,7,2,26,2.1497998046875,0
2019,9,7,2,26,3.99980004882813,0
2019,9,7,2,26,5.8497998046875,0
2019,9,7,2,26,7.69980004882813,0
2019,9,7,2,26,9.5497998046875,0
2019,9,7,2,26,11.3997998046875,0
2019,9,7,2,26,13.2498000488281,0
2019,9,7,2,26,15.0997998046875,0
2019,9,7,2,26,16.9498000488281,0
2019,9,7,2,26,18.7997998046875,0
2019,9,7,2,26,20.6497998046875,0
2019,9,7,2,26,22.4998000488281,0
2019,9,7,2,26,24.3497998046875,0
2019,9,7,2,26,26.1998000488281,0
2019,9,7,2,26,28.0497998046875,0
2019,9,7,2,26,29.8997998046875,0
2019,9,7,2,26,31.7498000488281,0
2019,9,7,2,26,33.5997998046875,0
2019,9,7,2,26,35.4498000488281,0
2019,9,7,2,26,37.2997998046875,0
2019,9,7,2,26,39.1497998046875,0
2019,9,7,2,26,40.9998000488281,0
2019,9,7,2,26,42.8497998046875,0
2019,9,7,2,26,44.6998000488281,0
2019,9,7,2,26,46.5497998046875,0
2019,9,7,2,26,48.3997998046875,0
2019,9,7,2,26,50.2498000488281,0
2019,9,7,2,26,52.0997998046875,0
2019,9,7,2,26,53.9498000488281,0
2019,9,7,2,26,55.7997998046875,0
2019,9,7,2,26,57.6497998046875,0
2019,9,7,2,26,59.4998000488281,0
2019,9,7,2,27,1.3497998046875,0
2019,9,7,2,27,3.19980004882812,0
2019,9,7,2,27,5.0497998046875,0
2019,9,7,2,27,6.8997998046875,0
2019,9,7,2,27,8.74980004882812,0
2019,9,7,2,27,10.5997998046875,0
2019,9,7,2,27,12.4498000488281,0
2019,9,7,2,27,14.2997998046875,0
2019,9,7,2,27,16.1497998046875,0
2019,9,7,2,27,17.9998000488281,0
2019,9,7,2,27,19.8497998046875,0
2019,9,7,2,27,21.6998000488281,0
2019,9,7,2,27,23.5497998046875,0
2019,9,7,2,27,25.3997998046875,0
2019,9,7,2,27,27.2498000488281,0
2019,9,7,2,27,29.0997998046875,0
2019,9,7,2,27,30.9498000488281,0
2019,9,7,2,27,32.7997998046875,0
2019,9,7,2,27,34.6497998046875,0
2019,9,7,2,27,36.4998000488281,0
2019,9,7,2,27,38.3497998046875,0
2019,9,7,2,27,40.1998000488281,0
2019,9,7,2,27,42.0497998046875,0
2019,9,7,2,27,43.8997998046875,0
2019,9,7,2,27,45.7498000488281,0
2019,9,7,2,27,47.5997998046875,0
2019,9,7,2,27,49.4498000488281,0
2019,9,7,2,27,51.2997998046875,0
2019,9,7,2,27,53.1497998046875,0
2019,9,7,2,27,54.9998000488281,0
2019,9,7,2,27,56.8497998046875,0
2019,9,7,2,27,58.6998000488281,0
2019,9,7,2,28,0.5497998046875,0
2019,9,7,2,28,2.3997998046875,0
2019,9,7,2,28,4.24980004882813,0
2019,9,7,2,28,6.0997998046875,0
2019,9,7,2,28,7.94980004882813,0
2019,9,7,2,28,9.7997998046875,0
2019,9,7,2,28,11.6497998046875,0
2019,9,7,2,28,13.4998000488281,0
2019,9,7,2,28,15.3497998046875,0
2019,9,7,2,28,17.1998000488281,0
2019,9,7,2,28,19.0497998046875,0
2019,9,7,2,28,20.8997998046875,0
2019,9,7,2,28,22.7498000488281,0
2019,9,7,2,28,24.5997998046875,0
2019,9,7,2,28,26.4498000488281,0
2019,9,7,2,28,28.2997998046875,0
2019,9,7,2,28,30.1497998046875,0
2019,9,7,2,28,31.9998000488281,0
2019,9,7,2,28,33.8497998046875,0
2019,9,7,2,28,35.6998000488281,0
2019,9,7,2,28,37.6497998046875,0
2019,9,7,2,28,39.4998000488281,0
2019,9,7,2,28,41.3497998046875,0
2019,9,7,2,28,43.1998000488281,0
2019,9,7,2,28,45.0997998046875,0
2019,9,7,2,28,46.8997998046875,0
2019,9,7,2,28,48.7498000488281,0
2019,9,7,2,28,50.5497998046875,0
2019,9,7,2,28,52.3997998046875,0
2019,9,7,2,28,54.2498000488281,0
2019,9,7,2,28,56.0997998046875,0
2019,9,7,2,28,57.9498000488281,0
2019,9,7,2,28,59.7498000488281,0
2019,9,7,2,29,1.5997998046875,0
2019,9,7,2,29,3.44980004882812,0
2019,9,7,2,29,5.2997998046875,0
2019,9,7,2,29,7.1497998046875,0
2019,9,7,2,29,8.94980004882813,0
2019,9,7,2,29,10.7997998046875,0
2019,9,7,2,29,12.6998000488281,0
2019,9,7,2,29,14.5497998046875,0
2019,9,7,2,29,16.3997998046875,0
2019,9,7,2,29,18.2498000488281,0
2019,9,7,2,29,20.0997998046875,0
2019,9,7,2,29,21.8997998046875,0
2019,9,7,2,29,23.7997998046875,0
2019,9,7,2,29,25.6497998046875,0
2019,9,7,2,29,27.4998000488281,0
2019,9,7,2,29,29.3497998046875,0
2019,9,7,2,29,31.1998000488281,0
2019,9,7,2,29,32.9998000488281,0
2019,9,7,2,29,34.8497998046875,0
2019,9,7,2,29,36.6998000488281,0
2019,9,7,2,29,38.5497998046875,0
2019,9,7,2,29,40.3997998046875,0
2019,9,7,2,29,42.2498000488281,0
2019,9,7,2,29,44.0997998046875,0
2019,9,7,2,29,45.9498000488281,0
2019,9,7,2,29,47.7997998046875,0
2019,9,7,2,29,49.6998000488281,0
2019,9,7,2,29,51.5497998046875,0
2019,9,7,2,29,53.3997998046875,0
2019,9,7,2,29,55.1998000488281,0
2019,9,7,2,29,57.0497998046875,0
2019,9,7,2,29,58.8997998046875,0
2019,9,7,2,30,0.749800048828125,0
2019,9,7,2,30,2.5997998046875,0
2019,9,7,2,30,4.49980004882813,0
2019,9,7,2,30,6.3497998046875,0
2019,9,7,2,30,8.19980004882813,0
2019,9,7,2,30,10.0497998046875,0
2019,9,7,2,30,11.8997998046875,0
2019,9,7,2,30,13.7498000488281,0
2019,9,7,2,30,15.5497998046875,0
2019,9,7,2,30,17.3997998046875,0
2019,9,7,2,30,19.2997998046875,0
2019,9,7,2,30,21.1497998046875,0
2019,9,7,2,30,22.9998000488281,0
2019,9,7,2,30,24.8497998046875,0
2019,9,7,2,30,26.6998000488281,0
2019,9,7,2,30,28.5497998046875,0
2019,9,7,2,30,30.3997998046875,0
2019,9,7,2,30,32.2498000488281,0
2019,9,7,2,30,34.0997998046875,0
2019,9,7,2,30,35.9498000488281,1
2019,9,7,2,30,37.7997998046875,1
2019,9,7,2,30,39.6497998046875,1
2019,9,7,2,30,41.4998000488281,1
2019,9,7,2,30,43.3497998046875,1
2019,9,7,2,30,45.1998000488281,1
2019,9,7,2,30,47.0497998046875,1
2019,9,7,2,30,48.8997998046875,1
2019,9,7,2,30,50.7498000488281,1
2019,9,7,2,30,52.5997998046875,1
2019,9,7,2,30,54.4498000488281,1
2019,9,7,2,30,56.2997998046875,1
2019,9,7,2,30,58.1497998046875,1
2019,9,7,2,30,59.9998000488281,0
2019,9,7,2,31,1.8497998046875,0
2019,9,7,2,31,3.69980004882812,0
2019,9,7,2,31,5.5497998046875,0
2019,9,7,2,31,7.3997998046875,0
2019,9,7,2,31,9.24980004882812,0
2019,9,7,2,31,11.0997998046875,0
2019,9,7,2,31,12.9498000488281,0
2019,9,7,2,31,14.7997998046875,0
2019,9,7,2,31,16.6497998046875,0
2019,9,7,2,31,18.4998000488281,0
2019,9,7,2,31,20.3497998046875,0
2019,9,7,2,31,22.1998000488281,0
2019,9,7,2,31,24.0497998046875,0
2019,9,7,2,31,25.8997998046875,0
2019,9,7,2,31,27.7498000488281,0
2019,9,7,2,31,29.5997998046875,0
2019,9,7,2,31,31.4498000488281,0
2019,9,7,2,31,33.2997998046875,0
2019,9,7,2,31,35.1497998046875,0
2019,9,7,2,31,36.9998000488281,0
2019,9,7,2,31,38.8497998046875,0
2019,9,7,2,31,40.6998000488281,0
2019,9,7,2,31,42.5497998046875,0
2019,9,7,2,31,44.3997998046875,0
2019,9,7,2,31,46.2498000488281,0
2019,9,7,2,31,48.0997998046875,0
2019,9,7,2,31,49.9498000488281,0
2019,9,7,2,31,51.7997998046875,0
2019,9,7,2,31,53.6497998046875,0
2019,9,7,2,31,55.4998000488281,0
2019,9,7,2,31,57.3497998046875,0
2019,9,7,2,31,59.1998000488281,0
2019,9,7,2,32,1.0497998046875,0
2019,9,7,2,32,2.8997998046875,0
2019,9,7,2,32,4.74980004882813,0
2019,9,7,2,32,6.5997998046875,0
2019,9,7,2,32,8.44980004882813,0
2019,9,7,2,32,10.2997998046875,0
2019,9,7,2,32,12.1497998046875,0
2019,9,7,2,32,13.9998000488281,0
2019,9,7,2,32,15.8497998046875,0
2019,9,7,2,32,17.6998000488281,0
2019,9,7,2,32,19.5497998046875,0
2019,9,7,2,32,21.3497998046875,0
2019,9,7,2,32,23.1998000488281,0
2019,9,7,2,32,25.0997998046875,0
2019,9,7,2,32,26.9498000488281,0
2019,9,7,2,32,28.7997998046875,0
2019,9,7,2,32,30.6497998046875,0
2019,9,7,2,32,32.4998000488281,0
2019,9,7,2,32,34.3497998046875,0
2019,9,7,2,32,36.1998000488281,0
2019,9,7,2,32,37.9998000488281,0
2019,9,7,2,32,39.8997998046875,0
2019,9,7,2,32,41.7498000488281,0
2019,9,7,2,32,43.5997998046875,0
2019,9,7,2,32,45.4498000488281,0
2019,9,7,2,32,47.2997998046875,0
2019,9,7,2,32,49.1497998046875,0
2019,9,7,2,32,50.9998000488281,0
2019,9,7,2,32,52.8497998046875,0
2019,9,7,2,32,54.6998000488281,1
2019,9,7,2,32,56.5497998046875,1
2019,9,7,2,32,58.3997998046875,1
2019,9,7,2,33,0.249800048828125,1
2019,9,7,2,33,2.0497998046875,1
2019,9,7,2,33,3.8997998046875,2
2019,9,7,2,33,5.7997998046875,2
2019,9,7,2,33,7.6497998046875,2
2019,9,7,2,33,9.49980004882812,2
2019,9,7,2,33,11.3497998046875,2
2019,9,7,2,33,13.1998000488281,2
2019,9,7,2,33,15.0497998046875,2
2019,9,7,2,33,16.8997998046875,2
2019,9,7,2,33,18.7498000488281,1
2019,9,7,2,33,20.5997998046875,0
2019,9,7,2,33,22.4498000488281,0
2019,9,7,2,33,24.2997998046875,0
2019,9,7,2,33,26.1497998046875,0
2019,9,7,2,33,27.9998000488281,0
2019,9,7,2,33,29.8497998046875,0
2019,9,7,2,33,31.6998000488281,0
2019,9,7,2,33,33.5497998046875,0
2019,9,7,2,33,35.3997998046875,0
2019,9,7,2,33,37.2498000488281,0
2019,9,7,2,33,39.0997998046875,0
2019,9,7,2,33,40.9498000488281,0
2019,9,7,2,33,42.7997998046875,0
2019,9,7,2,33,44.6497998046875,0
2019,9,7,2,33,46.4998000488281,0
2019,9,7,2,33,48.3497998046875,0
2019,9,7,2,33,50.1998000488281,0
2019,9,7,2,33,52.0497998046875,0
2019,9,7,2,33,53.8997998046875,0
2019,9,7,2,33,55.7498000488281,0
2019,9,7,2,33,57.5997998046875,0
2019,9,7,2,33,59.4498000488281,0
2019,9,7,2,34,1.2997998046875,0
2019,9,7,2,34,3.1497998046875,0
2019,9,7,2,34,4.99980004882813,0
2019,9,7,2,34,6.8497998046875,0
2019,9,7,2,34,8.69980004882813,0
2019,9,7,2,34,10.5497998046875,0
2019,9,7,2,34,12.3997998046875,0
2019,9,7,2,34,14.2498000488281,0
2019,9,7,2,34,16.0997998046875,0
2019,9,7,2,34,17.9498000488281,0
2019,9,7,2,34,19.7997998046875,0
2019,9,7,2,34,21.6497998046875,0
2019,9,7,2,34,23.4998000488281,0
2019,9,7,2,34,25.3497998046875,0
2019,9,7,2,34,27.1998000488281,0
2019,9,7,2,34,29.0497998046875,0
2019,9,7,2,34,30.8497998046875,0
2019,9,7,2,34,32.6998000488281,0
2019,9,7,2,34,34.5497998046875,0
2019,9,7,2,34,36.3997998046875,0
2019,9,7,2,34,38.2498000488281,0
2019,9,7,2,34,40.0997998046875,0
2019,9,7,2,34,41.9498000488281,0
2019,9,7,2,34,43.7997998046875,0
2019,9,7,2,34,45.6998000488281,0
2019,9,7,2,34,47.4998000488281,0
2019,9,7,2,34,49.3497998046875,0
2019,9,7,2,34,51.1998000488281,0
2019,9,7,2,34,53.0997998046875,0
2019,9,7,2,34,54.9498000488281,0
2019,9,7,2,34,56.7997998046875,0
2019,9,7,2,34,58.6497998046875,0
2019,9,7,2,35,0.499800048828125,0
2019,9,7,2,35,2.3497998046875,0
2019,9,7,2,35,4.19980004882813,0
2019,9,7,2,35,6.2997998046875,0
2019,9,7,2,35,8.1497998046875,1
2019,9,7,2,35,9.99980004882812,1
2019,9,7,2,35,11.8497998046875,2
2019,9,7,2,35,13.6998000488281,2
2019,9,7,2,35,15.5497998046875,2
2019,9,7,2,35,17.3997998046875,2
2019,9,7,2,35,19.2498000488281,2
2019,9,7,2,35,21.0997998046875,2
2019,9,7,2,35,22.9498000488281,2
2019,9,7,2,35,24.7997998046875,2
2019,9,7,2,35,26.6497998046875,2
2019,9,7,2,35,28.4998000488281,2
2019,9,7,2,35,30.3497998046875,2
2019,9,7,2,35,32.1998000488281,2
2019,9,7,2,35,34.0497998046875,2
2019,9,7,2,35,35.8997998046875,2
2019,9,7,2,35,37.7498000488281,2
2019,9,7,2,35,39.5997998046875,2
2019,9,7,2,35,41.4498000488281,2
2019,9,7,2,35,43.2997998046875,2
2019,9,7,2,35,45.1497998046875,2
2019,9,7,2,35,46.9998000488281,2
2019,9,7,2,35,48.8497998046875,2
2019,9,7,2,35,50.6998000488281,2
2019,9,7,2,35,52.5497998046875,2
2019,9,7,2,35,54.3997998046875,2
2019,9,7,2,35,56.2498000488281,2
2019,9,7,2,35,58.0997998046875,2
2019,9,7,2,35,59.9498000488281,2
2019,9,7,2,36,1.7997998046875,2
2019,9,7,2,36,3.6497998046875,2
2019,9,7,2,36,5.49980004882813,2
2019,9,7,2,36,7.3497998046875,2
2019,9,7,2,36,9.19980004882813,2
2019,9,7,2,36,11.0497998046875,2
2019,9,7,2,36,12.8997998046875,2
2019,9,7,2,36,14.7498000488281,2
2019,9,7,2,36,16.5997998046875,2
2019,9,7,2,36,18.3997998046875,1
2019,9,7,2,36,20.2997998046875,0
2019,9,7,2,36,22.1497998046875,0
2019,9,7,2,36,23.9998000488281,0
2019,9,7,2,36,25.8497998046875,0
2019,9,7,2,36,27.6998000488281,0
2019,9,7,2,36,29.5497998046875,0
2019,9,7,2,36,31.3997998046875,0
2019,9,7,2,36,33.2498000488281,0
2019,9,7,2,36,35.0997998046875,0
2019,9,7,2,36,36.9498000488281,0
2019,9,7,2,36,38.7997998046875,0
2019,9,7,2,36,40.6497998046875,0
2019,9,7,2,36,42.4998000488281,0
2019,9,7,2,36,44.3497998046875,0
2019,9,7,2,36,46.1998000488281,0
2019,9,7,2,36,48.0497998046875,0
2019,9,7,2,36,49.8997998046875,0
2019,9,7,2,36,51.7498000488281,0
2019,9,7,2,36,53.5997998046875,0
2019,9,7,2,36,55.4498000488281,0
2019,9,7,2,36,57.2997998046875,0
2019,9,7,2,36,59.1497998046875,0
2019,9,7,2,37,0.999800048828125,0
2019,9,7,2,37,2.8497998046875,0
2019,9,7,2,37,4.69980004882813,0
2019,9,7,2,37,6.5497998046875,0
2019,9,7,2,37,8.3997998046875,0
2019,9,7,2,37,10.2498000488281,0
2019,9,7,2,37,12.0997998046875,0
2019,9,7,2,37,13.9498000488281,0
2019,9,7,2,37,15.7997998046875,0
2019,9,7,2,37,17.6497998046875,0
2019,9,7,2,37,19.4998000488281,0
2019,9,7,2,37,21.3497998046875,0
2019,9,7,2,37,23.1998000488281,0
2019,9,7,2,37,25.0497998046875,0
2019,9,7,2,37,26.8997998046875,0
2019,9,7,2,37,28.7498000488281,0
2019,9,7,2,37,30.5997998046875,0
2019,9,7,2,37,32.4498000488281,0
2019,9,7,2,37,34.2997998046875,0
2019,9,7,2,37,36.1497998046875,0
2019,9,7,2,37,37.9998000488281,0
2019,9,7,2,37,39.8497998046875,0
2019,9,7,2,37,41.6998000488281,0
2019,9,7,2,37,43.5497998046875,0
2019,9,7,2,37,45.3997998046875,0
2019,9,7,2,37,47.2498000488281,0
2019,9,7,2,37,49.0997998046875,0
2019,9,7,2,37,50.9498000488281,0
2019,9,7,2,37,52.7997998046875,0
2019,9,7,2,37,54.6497998046875,0
2019,9,7,2,37,56.4998000488281,0
2019,9,7,2,37,58.3497998046875,0
2019,9,7,2,38,0.199800048828125,0
2019,9,7,2,38,1.99980004882813,0
2019,9,7,2,38,3.69980004882812,0
2019,9,7,2,38,5.3497998046875,0
2019,9,7,2,38,7.0497998046875,0
2019,9,7,2,38,8.8997998046875,0
2019,9,7,2,38,10.7498000488281,0
2019,9,7,2,38,12.5997998046875,0
2019,9,7,2,38,14.4498000488281,0
2019,9,7,2,38,16.2997998046875,0
2019,9,7,2,38,18.1497998046875,0
2019,9,7,2,38,19.9998000488281,0
2019,9,7,2,38,21.8497998046875,0
2019,9,7,2,38,23.6998000488281,0
2019,9,7,2,38,25.5497998046875,0
2019,9,7,2,38,27.3997998046875,0
2019,9,7,2,38,29.2498000488281,0
2019,9,7,2,38,31.0997998046875,0
2019,9,7,2,38,32.9498000488281,0
2019,9,7,2,38,34.7997998046875,0
2019,9,7,2,38,36.6497998046875,0
2019,9,7,2,38,38.4998000488281,0
2019,9,7,2,38,40.3497998046875,0
2019,9,7,2,38,42.1998000488281,0
2019,9,7,2,38,44.0497998046875,0
2019,9,7,2,38,45.8997998046875,0
2019,9,7,2,38,47.7498000488281,0
2019,9,7,2,38,49.5997998046875,0
2019,9,7,2,38,51.4498000488281,0
2019,9,7,2,38,53.2997998046875,0
2019,9,7,2,38,55.1497998046875,0
2019,9,7,2,38,56.9998000488281,0
2019,9,7,2,38,58.9498000488281,0
2019,9,7,2,39,0.999800048828125,0
2019,9,7,2,39,3.0497998046875,0
2019,9,7,2,39,4.99980004882813,0
2019,9,7,2,39,6.7997998046875,0
2019,9,7,2,39,8.6497998046875,0
2019,9,7,2,39,10.4998000488281,0
2019,9,7,2,39,12.3497998046875,0
2019,9,7,2,39,14.1998000488281,0
2019,9,7,2,39,16.0497998046875,0
2019,9,7,2,39,17.9498000488281,0
2019,9,7,2,39,19.7498000488281,0
2019,9,7,2,39,21.5997998046875,0
2019,9,7,2,39,23.4498000488281,0
2019,9,7,2,39,25.2997998046875,0
2019,9,7,2,39,27.1497998046875,0
2019,9,7,2,39,28.9998000488281,0
2019,9,7,2,39,30.8497998046875,0
2019,9,7,2,39,32.6998000488281,0
2019,9,7,2,39,34.5497998046875,0
2019,9,7,2,39,36.3997998046875,0
2019,9,7,2,39,38.2498000488281,0
2019,9,7,2,39,40.0997998046875,0
2019,9,7,2,39,41.9498000488281,0
2019,9,7,2,39,43.7997998046875,0
2019,9,7,2,39,45.6497998046875,0
2019,9,7,2,39,47.4998000488281,0
2019,9,7,2,39,49.3497998046875,0
2019,9,7,2,39,51.1998000488281,0
2019,9,7,2,39,53.0497998046875,0
2019,9,7,2,39,54.8997998046875,0
2019,9,7,2,39,56.7498000488281,0
2019,9,7,2,39,58.5997998046875,0
2019,9,7,2,40,0.449800048828125,0
2019,9,7,2,40,2.2997998046875,0
2019,9,7,2,40,4.1497998046875,0
2019,9,7,2,40,5.99980004882813,0
2019,9,7,2,40,7.8497998046875,0
2019,9,7,2,40,9.69980004882813,0
2019,9,7,2,40,11.5497998046875,0
2019,9,7,2,40,13.3997998046875,0
2019,9,7,2,40,15.2498000488281,0
2019,9,7,2,40,17.0997998046875,0
2019,9,7,2,40,18.9498000488281,0
2019,9,7,2,40,20.7997998046875,0
2019,9,7,2,40,22.6497998046875,0
2019,9,7,2,40,24.4498000488281,0
2019,9,7,2,40,26.3497998046875,0
2019,9,7,2,40,28.1998000488281,0
2019,9,7,2,40,30.0497998046875,0
2019,9,7,2,40,31.8997998046875,0
2019,9,7,2,40,33.7498000488281,0
2019,9,7,2,40,35.5997998046875,0
2019,9,7,2,40,37.4498000488281,0
2019,9,7,2,40,39.2997998046875,0
2019,9,7,2,40,41.1497998046875,0
2019,9,7,2,40,42.9998000488281,0
2019,9,7,2,40,44.8497998046875,0
2019,9,7,2,40,46.6998000488281,0
2019,9,7,2,40,48.5497998046875,0
2019,9,7,2,40,50.3997998046875,0
2019,9,7,2,40,52.2498000488281,0
2019,9,7,2,40,54.0997998046875,0
2019,9,7,2,40,55.9498000488281,0
2019,9,7,2,40,57.7997998046875,0
2019,9,7,2,40,59.6497998046875,0
2019,9,7,2,41,1.49980004882813,0
2019,9,7,2,41,3.3497998046875,0
2019,9,7,2,41,5.19980004882813,0
2019,9,7,2,41,7.0497998046875,0
2019,9,7,2,41,8.8997998046875,0
2019,9,7,2,41,10.7498000488281,0
2019,9,7,2,41,12.5997998046875,0
2019,9,7,2,41,14.4498000488281,0
2019,9,7,2,41,16.2997998046875,0
2019,9,7,2,41,18.1497998046875,0
2019,9,7,2,41,19.9998000488281,0
2019,9,7,2,41,21.8497998046875,0
2019,9,7,2,41,23.6998000488281,0
2019,9,7,2,41,25.5497998046875,0
2019,9,7,2,41,27.3997998046875,0
2019,9,7,2,41,29.2498000488281,0
2019,9,7,2,41,31.0997998046875,0
2019,9,7,2,41,32.9498000488281,0
2019,9,7,2,41,34.7997998046875,0
2019,9,7,2,41,36.6497998046875,0
2019,9,7,2,41,38.4998000488281,0
2019,9,7,2,41,40.3497998046875,0
2019,9,7,2,41,42.1998000488281,0
2019,9,7,2,41,44.0497998046875,0
2019,9,7,2,41,45.8997998046875,0
2019,9,7,2,41,47.7498000488281,0
2019,9,7,2,41,49.5997998046875,0
2019,9,7,2,41,51.4498000488281,0
2019,9,7,2,41,53.2997998046875,0
2019,9,7,2,41,55.1497998046875,0
2019,9,7,2,41,56.9998000488281,0
2019,9,7,2,41,58.8497998046875,0
2019,9,7,2,42,0.699800048828125,0
2019,9,7,2,42,2.5497998046875,0
2019,9,7,2,42,4.3997998046875,0
2019,9,7,2,42,6.24980004882813,0
2019,9,7,2,42,8.0997998046875,0
2019,9,7,2,42,9.94980004882813,0
2019,9,7,2,42,11.7997998046875,0
2019,9,7,2,42,13.6497998046875,0
2019,9,7,2,42,15.4998000488281,0
2019,9,7,2,42,17.3497998046875,0
2019,9,7,2,42,19.1998000488281,0
2019,9,7,2,42,21.0497998046875,0
2019,9,7,2,42,22.8997998046875,0
2019,9,7,2,42,24.7498000488281,0
2019,9,7,2,42,26.5997998046875,0
2019,9,7,2,42,28.4498000488281,0
2019,9,7,2,42,30.2997998046875,0
2019,9,7,2,42,32.1497998046875,0
2019,9,7,2,42,33.9998000488281,0
2019,9,7,2,42,35.8497998046875,0
2019,9,7,2,42,37.6998000488281,0
2019,9,7,2,42,39.5497998046875,0
2019,9,7,2,42,41.3997998046875,0
2019,9,7,2,42,43.2498000488281,0
2019,9,7,2,42,45.0997998046875,0
2019,9,7,2,42,46.9498000488281,0
2019,9,7,2,42,48.7997998046875,0
2019,9,7,2,42,50.6497998046875,0
2019,9,7,2,42,52.4998000488281,0
2019,9,7,2,42,54.3497998046875,0
2019,9,7,2,42,56.1998000488281,0
2019,9,7,2,42,58.0497998046875,0
2019,9,7,2,42,59.8997998046875,0
2019,9,7,2,43,1.74980004882813,0
2019,9,7,2,43,3.5997998046875,0
2019,9,7,2,43,5.3997998046875,0
2019,9,7,2,43,7.24980004882813,0
2019,9,7,2,43,9.1497998046875,0
2019,9,7,2,43,10.9998000488281,0
2019,9,7,2,43,12.7997998046875,0
2019,9,7,2,43,14.6497998046875,0
2019,9,7,2,43,16.4998000488281,0
2019,9,7,2,43,18.3497998046875,0
2019,9,7,2,43,20.1998000488281,0
2019,9,7,2,43,22.0997998046875,0
2019,9,7,2,43,23.9498000488281,0
2019,9,7,2,43,25.7997998046875,0
2019,9,7,2,43,27.5997998046875,0
2019,9,7,2,43,29.4998000488281,0
2019,9,7,2,43,31.3497998046875,0
2019,9,7,2,43,33.1998000488281,0
2019,9,7,2,43,35.0497998046875,0
2019,9,7,2,43,36.8997998046875,0
2019,9,7,2,43,38.7498000488281,0
2019,9,7,2,43,40.5997998046875,0
2019,9,7,2,43,42.4498000488281,0
2019,9,7,2,43,44.2997998046875,0
2019,9,7,2,43,46.1497998046875,0
2019,9,7,2,43,47.9998000488281,0
2019,9,7,2,43,49.8497998046875,0
2019,9,7,2,43,51.6998000488281,0
2019,9,7,2,43,53.5497998046875,0
2019,9,7,2,43,55.3997998046875,0
2019,9,7,2,43,57.2498000488281,0
2019,9,7,2,43,59.0997998046875,0
2019,9,7,2,44,0.949800048828125,0
2019,9,7,2,44,2.7997998046875,0
2019,9,7,2,44,4.6497998046875,0
2019,9,7,2,44,6.49980004882813,0
2019,9,7,2,44,8.3497998046875,0
2019,9,7,2,44,10.1998000488281,0
2019,9,7,2,44,12.0497998046875,0
2019,9,7,2,44,13.8997998046875,0
2019,9,7,2,44,15.7498000488281,0
2019,9,7,2,44,17.5997998046875,0
2019,9,7,2,44,19.4498000488281,0
2019,9,7,2,44,21.2997998046875,0
2019,9,7,2,44,23.1497998046875,0
2019,9,7,2,44,24.9998000488281,0
2019,9,7,2,44,26.8497998046875,0
2019,9,7,2,44,28.6998000488281,0
2019,9,7,2,44,30.5497998046875,0
2019,9,7,2,44,32.3997998046875,0
2019,9,7,2,44,34.2498000488281,0
2019,9,7,2,44,36.0997998046875,0
2019,9,7,2,44,37.9498000488281,0
2019,9,7,2,44,39.7997998046875,0
2019,9,7,2,44,41.6497998046875,0
2019,9,7,2,44,43.4998000488281,0
2019,9,7,2,44,45.3497998046875,0
2019,9,7,2,44,47.1998000488281,0
2019,9,7,2,44,49.0497998046875,0
2019,9,7,2,44,50.8997998046875,0
2019,9,7,2,44,52.7498000488281,0
2019,9,7,2,44,54.5997998046875,0
2019,9,7,2,44,56.4498000488281,0
2019,9,7,2,44,58.2997998046875,0
2019,9,7,2,45,0.1497998046875,0
2019,9,7,2,45,1.99980004882813,0
2019,9,7,2,45,3.8497998046875,0
2019,9,7,2,45,5.69980004882813,0
2019,9,7,2,45,7.5497998046875,0
2019,9,7,2,45,9.3997998046875,0
2019,9,7,2,45,11.2498000488281,0
2019,9,7,2,45,13.0997998046875,0
2019,9,7,2,45,14.9498000488281,0
2019,9,7,2,45,16.7997998046875,0
2019,9,7,2,45,18.6497998046875,0
2019,9,7,2,45,20.4998000488281,0
2019,9,7,2,45,22.3497998046875,0
2019,9,7,2,45,24.1998000488281,0
2019,9,7,2,45,26.0497998046875,0
2019,9,7,2,45,27.8997998046875,0
2019,9,7,2,45,29.7498000488281,0
2019,9,7,2,45,31.5997998046875,0
2019,9,7,2,45,33.4498000488281,0
2019,9,7,2,45,35.2997998046875,0
2019,9,7,2,45,37.1497998046875,0
2019,9,7,2,45,38.9998000488281,0
2019,9,7,2,45,40.8497998046875,0
2019,9,7,2,45,42.6998000488281,0
2019,9,7,2,45,44.5497998046875,0
2019,9,7,2,45,46.3997998046875,0
2019,9,7,2,45,48.2498000488281,0
2019,9,7,2,45,50.0997998046875,0
2019,9,7,2,45,51.9498000488281,0
2019,9,7,2,45,53.7997998046875,0
2019,9,7,2,45,55.6497998046875,0
2019,9,7,2,45,57.4998000488281,0
2019,9,7,2,45,59.3497998046875,0
2019,9,7,2,46,1.19980004882813,0
2019,9,7,2,46,3.0497998046875,0
2019,9,7,2,46,4.8997998046875,0
2019,9,7,2,46,6.74980004882813,0
2019,9,7,2,46,8.5997998046875,0
2019,9,7,2,46,10.4498000488281,0
2019,9,7,2,46,12.2997998046875,0
2019,9,7,2,46,14.1497998046875,0
2019,9,7,2,46,15.9998000488281,0
2019,9,7,2,46,17.8497998046875,0
2019,9,7,2,46,19.6998000488281,0
2019,9,7,2,46,21.5497998046875,0
2019,9,7,2,46,23.3997998046875,0
2019,9,7,2,46,25.2498000488281,0
2019,9,7,2,46,27.0997998046875,0
2019,9,7,2,46,28.9498000488281,0
2019,9,7,2,46,30.7997998046875,0
2019,9,7,2,46,32.6497998046875,0
2019,9,7,2,46,34.4998000488281,0
2019,9,7,2,46,36.3497998046875,0
2019,9,7,2,46,38.1998000488281,0
2019,9,7,2,46,40.0497998046875,0
2019,9,7,2,46,41.8997998046875,0
2019,9,7,2,46,43.7498000488281,0
2019,9,7,2,46,45.5997998046875,0
2019,9,7,2,46,47.4498000488281,0
2019,9,7,2,46,49.2997998046875,0
2019,9,7,2,46,51.1497998046875,0
2019,9,7,2,46,52.9998000488281,0
2019,9,7,2,46,54.8497998046875,0
2019,9,7,2,46,56.6998000488281,0
2019,9,7,2,46,58.5497998046875,0
2019,9,7,2,47,0.3997998046875,0
2019,9,7,2,47,2.24980004882813,0
2019,9,7,2,47,4.0997998046875,0
2019,9,7,2,47,5.94980004882813,0
2019,9,7,2,47,7.0497998046875,0
2019,9,7,2,47,8.8997998046875,0
2019,9,7,2,47,10.7498000488281,0
2019,9,7,2,47,12.5997998046875,0
2019,9,7,2,47,14.4498000488281,0
2019,9,7,2,47,16.2997998046875,0
2019,9,7,2,47,18.1497998046875,0
2019,9,7,2,47,19.9998000488281,0
2019,9,7,2,47,21.8497998046875,0
2019,9,7,2,47,23.6998000488281,0
2019,9,7,2,47,25.5497998046875,0
2019,9,7,2,47,27.3997998046875,0
2019,9,7,2,47,29.2498000488281,0
2019,9,7,2,47,31.0997998046875,0
2019,9,7,2,47,32.9498000488281,0
2019,9,7,2,47,34.7997998046875,0
2019,9,7,2,47,36.6497998046875,0
2019,9,7,2,47,38.4998000488281,0
2019,9,7,2,47,40.3497998046875,0
2019,9,7,2,47,42.1998000488281,0
2019,9,7,2,47,44.0497998046875,0
2019,9,7,2,47,45.8997998046875,0
2019,9,7,2,47,47.7498000488281,0
2019,9,7,2,47,49.5997998046875,0
2019,9,7,2,47,51.4498000488281,0
2019,9,7,2,47,53.2997998046875,0
2019,9,7,2,47,55.1497998046875,0
2019,9,7,2,47,56.9998000488281,0
2019,9,7,2,47,58.8497998046875,0
2019,9,7,2,48,0.699800048828125,0
2019,9,7,2,48,2.5497998046875,0
2019,9,7,2,48,4.3997998046875,0
2019,9,7,2,48,6.24980004882813,0
2019,9,7,2,48,8.0997998046875,0
2019,9,7,2,48,9.94980004882813,0
2019,9,7,2,48,11.7997998046875,0
2019,9,7,2,48,13.6497998046875,0
2019,9,7,2,48,15.4998000488281,0
2019,9,7,2,48,17.3497998046875,0
2019,9,7,2,48,19.1998000488281,0
2019,9,7,2,48,21.0497998046875,0
2019,9,7,2,48,22.8997998046875,0
2019,9,7,2,48,24.7498000488281,0
2019,9,7,2,48,26.5997998046875,0
2019,9,7,2,48,28.4498000488281,0
2019,9,7,2,48,30.2997998046875,0
2019,9,7,2,48,32.1497998046875,0
2019,9,7,2,48,33.9998000488281,0
2019,9,7,2,48,35.8497998046875,0
2019,9,7,2,48,37.6998000488281,0
2019,9,7,2,48,39.5497998046875,0
2019,9,7,2,48,41.3997998046875,0
2019,9,7,2,48,43.2498000488281,0
2019,9,7,2,48,45.0997998046875,0
2019,9,7,2,48,46.9498000488281,0
2019,9,7,2,48,48.7997998046875,0
2019,9,7,2,48,50.6497998046875,0
2019,9,7,2,48,52.4998000488281,0
2019,9,7,2,48,54.3497998046875,0
2019,9,7,2,48,56.1998000488281,0
2019,9,7,2,48,58.0497998046875,0
2019,9,7,2,48,59.8997998046875,0
2019,9,7,2,49,1.74980004882813,0
2019,9,7,2,49,3.5997998046875,0
2019,9,7,2,49,5.44980004882813,0
2019,9,7,2,49,7.2997998046875,0
2019,9,7,2,49,9.1497998046875,0
2019,9,7,2,49,10.9998000488281,0
2019,9,7,2,49,12.8497998046875,0
2019,9,7,2,49,14.6998000488281,0
2019,9,7,2,49,16.5497998046875,1
2019,9,7,2,49,18.3997998046875,2
2019,9,7,2,49,20.2498000488281,2
2019,9,7,2,49,22.0997998046875,2
2019,9,7,2,49,23.9498000488281,2
2019,9,7,2,49,25.7997998046875,2
2019,9,7,2,49,27.6497998046875,2
2019,9,7,2,49,29.4998000488281,2
2019,9,7,2,49,31.3497998046875,2
2019,9,7,2,49,33.1998000488281,2
2019,9,7,2,49,35.0497998046875,2
2019,9,7,2,49,36.8997998046875,2
2019,9,7,2,49,38.7498000488281,2
2019,9,7,2,49,40.5997998046875,2
2019,9,7,2,49,42.4498000488281,2
2019,9,7,2,49,44.2997998046875,2
2019,9,7,2,49,46.1497998046875,2
2019,9,7,2,49,47.9998000488281,2
2019,9,7,2,49,49.8497998046875,2
2019,9,7,2,49,51.6998000488281,2
2019,9,7,2,49,53.5497998046875,2
2019,9,7,2,49,55.3997998046875,2
2019,9,7,2,49,57.2498000488281,2
2019,9,7,2,49,59.0997998046875,2
2019,9,7,2,50,0.949800048828125,2
2019,9,7,2,50,2.7997998046875,2
2019,9,7,2,50,4.6497998046875,2
2019,9,7,2,50,6.49980004882813,2
2019,9,7,2,50,8.3497998046875,2
2019,9,7,2,50,10.1998000488281,2
2019,9,7,2,50,12.0497998046875,2
2019,9,7,2,50,13.7997998046875,2
2019,9,7,2,50,15.6497998046875,2
2019,9,7,2,50,17.5997998046875,2
2019,9,7,2,50,19.4498000488281,2
2019,9,7,2,50,21.2997998046875,2
2019,9,7,2,50,23.1497998046875,2
2019,9,7,2,50,24.9998000488281,2
2019,9,7,2,50,26.8497998046875,2
2019,9,7,2,50,28.6998000488281,2
2019,9,7,2,50,30.5497998046875,2
2019,9,7,2,50,32.3997998046875,2
2019,9,7,2,50,34.2498000488281,2
2019,9,7,2,50,36.0997998046875,2
2019,9,7,2,50,37.9498000488281,2
2019,9,7,2,50,39.7997998046875,2
2019,9,7,2,50,41.6497998046875,2
2019,9,7,2,50,43.4498000488281,2
2019,9,7,2,50,45.2997998046875,2
2019,9,7,2,50,47.1497998046875,2
2019,9,7,2,50,48.9998000488281,2
2019,9,7,2,50,50.8497998046875,2
2019,9,7,2,50,52.6998000488281,2
2019,9,7,2,50,54.5497998046875,2
2019,9,7,2,50,56.3997998046875,2
2019,9,7,2,50,58.2498000488281,2
2019,9,7,2,51,0.0997998046875,2
2019,9,7,2,51,1.99980004882813,2
2019,9,7,2,51,3.8997998046875,2
2019,9,7,2,51,5.69980004882813,2
2019,9,7,2,51,7.5497998046875,2
2019,9,7,2,51,9.3497998046875,2
2019,9,7,2,51,11.2498000488281,1
2019,9,7,2,51,13.0997998046875,1
2019,9,7,2,51,14.8997998046875,1
2019,9,7,2,51,16.7498000488281,1
2019,9,7,2,51,18.6497998046875,1
2019,9,7,2,51,20.4998000488281,1
2019,9,7,2,51,22.2997998046875,1
2019,9,7,2,51,24.1998000488281,1
2019,9,7,2,51,26.0497998046875,0
2019,9,7,2,51,27.8997998046875,0
2019,9,7,2,51,29.7498000488281,0
2019,9,7,2,51,31.5997998046875,0
2019,9,7,2,51,33.4498000488281,0
2019,9,7,2,51,35.2997998046875,0
2019,9,7,2,51,37.1497998046875,0
2019,9,7,2,51,38.9998000488281,0
2019,9,7,2,51,40.8497998046875,0
2019,9,7,2,51,42.6998000488281,0
2019,9,7,2,51,44.5497998046875,1
2019,9,7,2,51,46.3997998046875,2
2019,9,7,2,51,48.2498000488281,2
2019,9,7,2,51,50.0997998046875,2
2019,9,7,2,51,51.9498000488281,2
2019,9,7,2,51,53.7997998046875,2
2019,9,7,2,51,55.5997998046875,2
2019,9,7,2,51,57.4498000488281,2
2019,9,7,2,51,59.2997998046875,2
2019,9,7,2,52,1.19980004882813,2
2019,9,7,2,52,3.0497998046875,2
2019,9,7,2,52,4.8997998046875,2
2019,9,7,2,52,6.69980004882813,1
2019,9,7,2,52,8.5497998046875,1
2019,9,7,2,52,10.3997998046875,1
2019,9,7,2,52,12.2498000488281,0
2019,9,7,2,52,14.0997998046875,0
2019,9,7,2,52,15.9498000488281,0
2019,9,7,2,52,17.7997998046875,0
2019,9,7,2,52,19.6998000488281,0
2019,9,7,2,52,21.4998000488281,0
2019,9,7,2,52,23.3497998046875,0
2019,9,7,2,52,25.2498000488281,0
2019,9,7,2,52,27.0997998046875,0
2019,9,7,2,52,28.9498000488281,0
2019,9,7,2,52,30.7997998046875,0
2019,9,7,2,52,32.6497998046875,0
2019,9,7,2,52,34.4998000488281,0
2019,9,7,2,52,36.3497998046875,0
2019,9,7,2,52,38.1998000488281,0
2019,9,7,2,52,40.0497998046875,0
2019,9,7,2,52,41.8997998046875,0
2019,9,7,2,52,43.7498000488281,0
2019,9,7,2,52,45.5997998046875,0
2019,9,7,2,52,47.4498000488281,0
2019,9,7,2,52,49.2997998046875,0
2019,9,7,2,52,51.1497998046875,0
2019,9,7,2,52,52.9998000488281,0
2019,9,7,2,52,54.8497998046875,0
2019,9,7,2,52,56.6998000488281,1
2019,9,7,2,52,58.5497998046875,1
2019,9,7,2,53,0.3997998046875,1
2019,9,7,2,53,2.24980004882813,1
2019,9,7,2,53,4.0997998046875,1
2019,9,7,2,53,5.94980004882813,1
2019,9,7,2,53,7.7997998046875,1
2019,9,7,2,53,9.6497998046875,2
2019,9,7,2,53,11.4498000488281,2
2019,9,7,2,53,13.2997998046875,2
2019,9,7,2,53,15.1998000488281,2
2019,9,7,2,53,17.0497998046875,2
2019,9,7,2,53,18.8997998046875,2
2019,9,7,2,53,20.7498000488281,2
2019,9,7,2,53,22.5997998046875,2
2019,9,7,2,53,24.4498000488281,2
2019,9,7,2,53,26.2997998046875,2
2019,9,7,2,53,28.1497998046875,2
2019,9,7,2,53,29.9998000488281,2
2019,9,7,2,53,31.8497998046875,2
2019,9,7,2,53,33.6998000488281,2
2019,9,7,2,53,35.5497998046875,2
2019,9,7,2,53,37.3997998046875,2
2019,9,7,2,53,39.1497998046875,2
2019,9,7,2,53,41.0497998046875,2
2019,9,7,2,53,42.8997998046875,2
2019,9,7,2,53,44.7498000488281,2
2019,9,7,2,53,46.6497998046875,2
2019,9,7,2,53,48.4998000488281,2
2019,9,7,2,53,50.3497998046875,2
2019,9,7,2,53,52.1497998046875,2
2019,9,7,2,53,53.9998000488281,2
2019,9,7,2,53,55.8497998046875,2
2019,9,7,2,53,57.7498000488281,1
2019,9,7,2,53,59.5997998046875,1
2019,9,7,2,54,1.44980004882813,1
2019,9,7,2,54,3.2997998046875,1
2019,9,7,2,54,5.1497998046875,1
2019,9,7,2,54,6.99980004882813,1
2019,9,7,2,54,8.8497998046875,1
2019,9,7,2,54,10.6998000488281,1
2019,9,7,2,54,12.5497998046875,2
2019,9,7,2,54,14.3997998046875,2
2019,9,7,2,54,16.2498000488281,2
2019,9,7,2,54,18.0997998046875,2
2019,9,7,2,54,19.8997998046875,2
2019,9,7,2,54,21.7997998046875,2
2019,9,7,2,54,23.6497998046875,2
2019,9,7,2,54,25.4498000488281,2
2019,9,7,2,54,27.2997998046875,2
2019,9,7,2,54,29.1497998046875,2
2019,9,7,2,54,30.9998000488281,2
2019,9,7,2,54,32.8497998046875,2
2019,9,7,2,54,34.6998000488281,1
2019,9,7,2,54,36.5497998046875,1
2019,9,7,2,54,38.3997998046875,1
2019,9,7,2,54,40.2498000488281,1
2019,9,7,2,54,42.0997998046875,1
2019,9,7,2,54,43.9498000488281,1
2019,9,7,2,54,45.7997998046875,1
2019,9,7,2,54,47.6998000488281,1
2019,9,7,2,54,49.5497998046875,1
2019,9,7,2,54,51.3997998046875,1
2019,9,7,2,54,53.0997998046875,1
2019,9,7,2,54,54.7498000488281,1
2019,9,7,2,54,56.4998000488281,0
2019,9,7,2,54,58.2997998046875,0
2019,9,7,2,55,0.0997998046875,0
2019,9,7,2,55,1.94980004882812,0
2019,9,7,2,55,3.74980004882813,0
2019,9,7,2,55,5.6497998046875,0
2019,9,7,2,55,7.49980004882813,0
2019,9,7,2,55,9.3497998046875,0
2019,9,7,2,55,11.1998000488281,0
2019,9,7,2,55,13.0497998046875,0
2019,9,7,2,55,14.8997998046875,0
2019,9,7,2,55,16.7498000488281,0
2019,9,7,2,55,18.5997998046875,0
2019,9,7,2,55,20.4498000488281,0
2019,9,7,2,55,22.2997998046875,0
2019,9,7,2,55,24.1497998046875,0
2019,9,7,2,55,25.9998000488281,0
2019,9,7,2,55,27.8497998046875,0
2019,9,7,2,55,29.6998000488281,0
2019,9,7,2,55,31.5497998046875,0
2019,9,7,2,55,33.3997998046875,0
2019,9,7,2,55,35.2498000488281,0
2019,9,7,2,55,37.0997998046875,0
2019,9,7,2,55,38.9498000488281,0
2019,9,7,2,55,40.7997998046875,0
2019,9,7,2,55,42.6497998046875,0
2019,9,7,2,55,44.4998000488281,0
2019,9,7,2,55,46.3497998046875,0
2019,9,7,2,55,48.1998000488281,0
2019,9,7,2,55,50.0497998046875,0
2019,9,7,2,55,51.8997998046875,0
2019,9,7,2,55,53.7498000488281,0
2019,9,7,2,55,55.5997998046875,0
2019,9,7,2,55,57.4498000488281,0
2019,9,7,2,55,59.2997998046875,0
2019,9,7,2,56,1.1497998046875,0
2019,9,7,2,56,2.99980004882813,0
2019,9,7,2,56,4.8497998046875,0
2019,9,7,2,56,6.69980004882813,0
2019,9,7,2,56,8.5497998046875,0
2019,9,7,2,56,10.3997998046875,0
2019,9,7,2,56,12.2498000488281,0
2019,9,7,2,56,14.0997998046875,0
2019,9,7,2,56,15.9498000488281,0
2019,9,7,2,56,17.7997998046875,0
2019,9,7,2,56,19.6497998046875,0
2019,9,7,2,56,21.4998000488281,0
2019,9,7,2,56,23.3497998046875,0
2019,9,7,2,56,25.1998000488281,0
2019,9,7,2,56,27.0497998046875,0
2019,9,7,2,56,28.8997998046875,0
2019,9,7,2,56,30.7997998046875,0
2019,9,7,2,56,32.6998000488281,0
2019,9,7,2,56,34.6497998046875,0
2019,9,7,2,56,36.5497998046875,0
2019,9,7,2,56,38.4498000488281,0
2019,9,7,2,56,40.3497998046875,0
2019,9,7,2,56,42.2498000488281,0
2019,9,7,2,56,44.0997998046875,0
2019,9,7,2,56,45.9498000488281,0
2019,9,7,2,56,47.8497998046875,0
2019,9,7,2,56,49.5997998046875,0
2019,9,7,2,56,51.2498000488281,0
2019,9,7,2,56,53.0497998046875,0
2019,9,7,2,56,54.9998000488281,0
2019,9,7,2,56,56.8497998046875,1
2019,9,7,2,56,58.7498000488281,1
2019,9,7,2,57,0.6497998046875,1
2019,9,7,2,57,2.5497998046875,2
2019,9,7,2,57,4.44980004882813,2
2019,9,7,2,57,6.2997998046875,2
2019,9,7,2,57,8.1497998046875,2
2019,9,7,2,57,9.99980004882812,2
2019,9,7,2,57,11.8997998046875,2
2019,9,7,2,57,13.7498000488281,2
2019,9,7,2,57,15.6497998046875,2
2019,9,7,2,57,17.4998000488281,2
2019,9,7,2,57,19.3997998046875,2
2019,9,7,2,57,21.2997998046875,2
2019,9,7,2,57,23.1497998046875,2
2019,9,7,2,57,24.9998000488281,2
2019,9,7,2,57,26.8497998046875,2
2019,9,7,2,57,28.6998000488281,2
2019,9,7,2,57,30.4498000488281,2
2019,9,7,2,57,32.2997998046875,2
2019,9,7,2,57,34.2498000488281,2
2019,9,7,2,57,35.9998000488281,2
2019,9,7,2,57,37.8497998046875,2
2019,9,7,2,57,39.6998000488281,2
2019,9,7,2,57,41.6497998046875,2
2019,9,7,2,57,43.6497998046875,2
2019,9,7,2,57,45.2997998046875,2
2019,9,7,2,57,47.1497998046875,2
2019,9,7,2,57,48.9498000488281,2
2019,9,7,2,57,50.7997998046875,2
2019,9,7,2,57,52.6497998046875,2
2019,9,7,2,57,54.4498000488281,2
2019,9,7,2,57,56.2997998046875,2
2019,9,7,2,57,58.1497998046875,2
2019,9,7,2,57,59.9998000488281,2
2019,9,7,2,58,1.94980004882812,2
2019,9,7,2,58,3.74980004882813,2
2019,9,7,2,58,5.5497998046875,1
2019,9,7,2,58,7.44980004882813,0
2019,9,7,2,58,9.2997998046875,0
2019,9,7,2,58,11.1497998046875,0
2019,9,7,2,58,12.9998000488281,0
2019,9,7,2,58,14.8497998046875,0
2019,9,7,2,58,16.6998000488281,0
2019,9,7,2,58,18.5497998046875,0
2019,9,7,2,58,20.3997998046875,0
2019,9,7,2,58,22.2498000488281,0
2019,9,7,2,58,24.0997998046875,0
2019,9,7,2,58,25.9998000488281,0
2019,9,7,2,58,27.8497998046875,0
2019,9,7,2,58,29.6998000488281,0
2019,9,7,2,58,31.5497998046875,0
2019,9,7,2,58,33.3997998046875,0
2019,9,7,2,58,35.2498000488281,0
2019,9,7,2,58,37.0997998046875,0
2019,9,7,2,58,38.9498000488281,0
2019,9,7,2,58,40.7997998046875,0
2019,9,7,2,58,42.6497998046875,0
2019,9,7,2,58,44.4998000488281,0
2019,9,7,2,58,46.3497998046875,0
2019,9,7,2,58,48.1998000488281,0
2019,9,7,2,58,50.0497998046875,0
2019,9,7,2,58,51.8997998046875,0
2019,9,7,2,58,53.7498000488281,0
2019,9,7,2,58,55.5997998046875,0
2019,9,7,2,58,57.4498000488281,0
2019,9,7,2,58,59.2997998046875,0
2019,9,7,2,59,1.1497998046875,0
2019,9,7,2,59,2.99980004882813,0
2019,9,7,2,59,4.8497998046875,1
2019,9,7,2,59,6.69980004882813,1
2019,9,7,2,59,8.5497998046875,1
2019,9,7,2,59,10.3997998046875,1
2019,9,7,2,59,12.2498000488281,1
2019,9,7,2,59,14.0997998046875,1
2019,9,7,2,59,15.9498000488281,1
2019,9,7,2,59,17.7997998046875,1
2019,9,7,2,59,19.6497998046875,1
2019,9,7,2,59,21.4998000488281,1
2019,9,7,2,59,23.3497998046875,0
2019,9,7,2,59,25.1998000488281,0
2019,9,7,2,59,27.0497998046875,0
2019,9,7,2,59,28.8997998046875,0
2019,9,7,2,59,30.7498000488281,0
2019,9,7,2,59,32.5997998046875,0
2019,9,7,2,59,34.4498000488281,0
2019,9,7,2,59,36.2997998046875,0
2019,9,7,2,59,38.1497998046875,0
2019,9,7,2,59,39.9998000488281,0
2019,9,7,2,59,41.8497998046875,0
2019,9,7,2,59,43.6998000488281,0
2019,9,7,2,59,45.5497998046875,0
2019,9,7,2,59,47.3997998046875,0
2019,9,7,2,59,49.2498000488281,0
2019,9,7,2,59,51.0497998046875,0
2019,9,7,2,59,52.8997998046875,0
2019,9,7,2,59,54.7997998046875,0
2019,9,7,2,59,56.6497998046875,0
2019,9,7,2,59,58.4998000488281,0
2019,9,7,3,0,0.3497998046875,0
2019,9,7,3,0,2.19980004882812,0
2019,9,7,3,0,4.0497998046875,0
2019,9,7,3,0,5.8997998046875,0
2019,9,7,3,0,7.74980004882813,0
2019,9,7,3,0,9.5997998046875,0
2019,9,7,3,0,11.4498000488281,0
2019,9,7,3,0,13.2997998046875,0
2019,9,7,3,0,15.1497998046875,0
2019,9,7,3,0,16.9998000488281,0
2019,9,7,3,0,18.8497998046875,0
2019,9,7,3,0,20.6998000488281,0
2019,9,7,3,0,22.5497998046875,0
2019,9,7,3,0,24.3997998046875,0
2019,9,7,3,0,26.2498000488281,0
2019,9,7,3,0,28.0997998046875,1
2019,9,7,3,0,29.9498000488281,1
2019,9,7,3,0,31.7997998046875,1
2019,9,7,3,0,33.6497998046875,1
2019,9,7,3,0,35.4998000488281,1
2019,9,7,3,0,37.3497998046875,1
2019,9,7,3,0,39.1998000488281,1
2019,9,7,3,0,41.0497998046875,1
2019,9,7,3,0,42.8997998046875,1
2019,9,7,3,0,44.7498000488281,1
2019,9,7,3,0,46.5997998046875,1
2019,9,7,3,0,48.4498000488281,1
2019,9,7,3,0,50.2997998046875,1
2019,9,7,3,0,52.1497998046875,1
2019,9,7,3,0,53.9998000488281,1
2019,9,7,3,0,55.8497998046875,1
2019,9,7,3,0,57.6998000488281,1
2019,9,7,3,0,59.5497998046875,1
2019,9,7,3,1,1.3497998046875,1
2019,9,7,3,1,3.24980004882813,1
2019,9,7,3,1,5.0997998046875,1
2019,9,7,3,1,6.94980004882813,1
2019,9,7,3,1,8.7997998046875,1
2019,9,7,3,1,10.5997998046875,1
2019,9,7,3,1,12.4998000488281,1
2019,9,7,3,1,14.3497998046875,1
2019,9,7,3,1,16.1998000488281,1
2019,9,7,3,1,18.0497998046875,1
2019,9,7,3,1,19.8997998046875,2
2019,9,7,3,1,21.6998000488281,2
2019,9,7,3,1,23.5497998046875,2
2019,9,7,3,1,25.4498000488281,2
2019,9,7,3,1,27.2498000488281,2
2019,9,7,3,1,29.1998000488281,2
2019,9,7,3,1,30.9998000488281,2
2019,9,7,3,1,32.8497998046875,2
2019,9,7,3,1,34.6998000488281,2
2019,9,7,3,1,36.5497998046875,2
2019,9,7,3,1,38.3997998046875,2
2019,9,7,3,1,40.2498000488281,2
2019,9,7,3,1,42.0497998046875,2
2019,9,7,3,1,43.8997998046875,2
2019,9,7,3,1,45.7997998046875,2
2019,9,7,3,1,47.6497998046875,2
2019,9,7,3,1,49.4998000488281,2
2019,9,7,3,1,51.3497998046875,2
2019,9,7,3,1,53.1497998046875,1
2019,9,7,3,1,55.0497998046875,1
2019,9,7,3,1,56.8997998046875,0
2019,9,7,3,1,58.7498000488281,0
2019,9,7,3,2,0.5997998046875,0
2019,9,7,3,2,2.44980004882812,1
2019,9,7,3,2,4.2997998046875,2
2019,9,7,3,2,6.1497998046875,2
2019,9,7,3,2,7.99980004882813,2
2019,9,7,3,2,9.8497998046875,2
2019,9,7,3,2,11.6998000488281,2
2019,9,7,3,2,13.4998000488281,2
2019,9,7,3,2,15.3497998046875,2
2019,9,7,3,2,17.1998000488281,2
2019,9,7,3,2,19.0997998046875,2
2019,9,7,3,2,20.8997998046875,2
2019,9,7,3,2,22.7498000488281,2
2019,9,7,3,2,24.5997998046875,2
2019,9,7,3,2,26.4498000488281,1
2019,9,7,3,2,28.2997998046875,1
2019,9,7,3,2,30.1497998046875,0
2019,9,7,3,2,31.9998000488281,0
2019,9,7,3,2,33.8497998046875,0
2019,9,7,3,2,35.6998000488281,0
2019,9,7,3,2,37.5497998046875,0
2019,9,7,3,2,39.3997998046875,0
2019,9,7,3,2,41.2997998046875,0
2019,9,7,3,2,43.0997998046875,0
2019,9,7,3,2,44.9498000488281,0
2019,9,7,3,2,46.7997998046875,0
2019,9,7,3,2,48.6998000488281,0
2019,9,7,3,2,50.5497998046875,0
2019,9,7,3,2,52.3997998046875,0
2019,9,7,3,2,54.2498000488281,0
2019,9,7,3,2,56.0997998046875,0
2019,9,7,3,2,57.9498000488281,0
2019,9,7,3,2,59.7997998046875,0
2019,9,7,3,3,1.6497998046875,0
2019,9,7,3,3,54.7997998046875,0
2019,9,7,3,3,56.6497998046875,0
2019,9,7,3,3,58.4998000488281,0
2019,9,7,3,4,0.3497998046875,0
2019,9,7,3,4,2.19980004882812,0
2019,9,7,3,4,4.0497998046875,0
2019,9,7,3,4,5.8997998046875,0
2019,9,7,3,4,7.74980004882813,0
2019,9,7,3,4,9.5997998046875,0
2019,9,7,3,4,11.4498000488281,0
2019,9,7,3,4,13.2997998046875,0
2019,9,7,3,4,15.1497998046875,0
2019,9,7,3,4,16.9998000488281,0
2019,9,7,3,4,18.8497998046875,0
2019,9,7,3,4,20.6998000488281,0
2019,9,7,3,4,22.5497998046875,0
2019,9,7,3,4,24.3997998046875,0
2019,9,7,3,4,26.2498000488281,0
2019,9,7,3,4,28.0997998046875,0
2019,9,7,3,4,29.9498000488281,0
2019,9,7,3,4,31.7997998046875,0
2019,9,7,3,4,33.6497998046875,0
2019,9,7,3,4,35.4998000488281,0
2019,9,7,3,4,37.3497998046875,0
2019,9,7,3,4,39.1998000488281,0
2019,9,7,3,4,41.0497998046875,0
2019,9,7,3,4,42.8997998046875,0
2019,9,7,3,4,44.7498000488281,0
2019,9,7,3,4,46.5997998046875,0
2019,9,7,3,4,48.4498000488281,0
2019,9,7,3,4,50.2997998046875,0
2019,9,7,3,4,52.1497998046875,0
2019,9,7,3,4,53.9998000488281,0
2019,9,7,3,4,55.8497998046875,0
2019,9,7,3,4,57.6998000488281,0
2019,9,7,3,4,59.5497998046875,0
2019,9,7,3,5,1.3997998046875,0
2019,9,7,3,5,3.24980004882813,0
2019,9,7,3,5,5.0997998046875,0
2019,9,7,3,5,6.94980004882813,0
2019,9,7,3,5,8.7997998046875,0
2019,9,7,3,5,10.6497998046875,0
2019,9,7,3,5,12.4998000488281,0
2019,9,7,3,5,14.3497998046875,0
2019,9,7,3,5,16.1998000488281,0
2019,9,7,3,5,18.0497998046875,0
2019,9,7,3,5,19.8997998046875,0
2019,9,7,3,5,21.7498000488281,0
2019,9,7,3,5,23.5997998046875,0
2019,9,7,3,5,25.4498000488281,0
2019,9,7,3,5,27.2997998046875,0
2019,9,7,3,5,29.1497998046875,0
2019,9,7,3,5,30.9998000488281,0
2019,9,7,3,5,32.8497998046875,0
2019,9,7,3,5,34.6998000488281,0
2019,9,7,3,5,36.5497998046875,0
2019,9,7,3,5,38.3997998046875,0
2019,9,7,3,5,40.2498000488281,0
2019,9,7,3,5,42.0997998046875,0
2019,9,7,3,5,43.9498000488281,0
2019,9,7,3,5,45.7997998046875,0
2019,9,7,3,5,47.6497998046875,0
2019,9,7,3,5,49.4998000488281,0
2019,9,7,3,5,51.3497998046875,0
2019,9,7,3,5,53.1998000488281,0
2019,9,7,3,5,55.0497998046875,0
2019,9,7,3,5,56.8997998046875,0
2019,9,7,3,5,58.7498000488281,0
2019,9,7,3,6,0.5997998046875,0
2019,9,7,3,6,2.44980004882812,0
2019,9,7,3,6,4.2997998046875,0
2019,9,7,3,6,6.1497998046875,0
2019,9,7,3,6,7.99980004882813,0
2019,9,7,3,6,9.8497998046875,0
2019,9,7,3,6,11.6998000488281,0
2019,9,7,3,6,13.5497998046875,0
2019,9,7,3,6,15.3997998046875,0
2019,9,7,3,6,17.2498000488281,0
2019,9,7,3,6,19.0997998046875,0
2019,9,7,3,6,20.9498000488281,0
2019,9,7,3,6,22.7997998046875,0
2019,9,7,3,6,24.6497998046875,0
2019,9,7,3,6,26.4998000488281,0
2019,9,7,3,6,28.3497998046875,0
2019,9,7,3,6,30.1998000488281,0
2019,9,7,3,6,32.0497998046875,0
2019,9,7,3,6,33.8997998046875,0
2019,9,7,3,6,35.7498000488281,0
2019,9,7,3,6,37.5997998046875,0
2019,9,7,3,6,39.4498000488281,0
2019,9,7,3,6,41.2997998046875,0
2019,9,7,3,6,43.1497998046875,0
2019,9,7,3,6,44.9998000488281,0
2019,9,7,3,6,46.8497998046875,0
2019,9,7,3,6,48.6998000488281,0
2019,9,7,3,6,50.5497998046875,0
2019,9,7,3,6,52.3997998046875,0
2019,9,7,3,6,54.2498000488281,0
2019,9,7,3,6,56.0997998046875,0
2019,9,7,3,6,57.9498000488281,0
2019,9,7,3,6,59.7997998046875,0
2019,9,7,3,7,1.6497998046875,0
2019,9,7,3,7,3.49980004882813,0
2019,9,7,3,7,5.3497998046875,0
2019,9,7,3,7,7.19980004882813,0
2019,9,7,3,7,9.0497998046875,0
2019,9,7,3,7,10.8997998046875,0
2019,9,7,3,7,12.7498000488281,0
2019,9,7,3,7,14.5997998046875,0
2019,9,7,3,7,16.4498000488281,0
2019,9,7,3,7,18.2997998046875,0
2019,9,7,3,7,20.1497998046875,0
2019,9,7,3,7,21.9998000488281,0
2019,9,7,3,7,23.8497998046875,0
2019,9,7,3,7,25.6998000488281,0
2019,9,7,3,7,27.5497998046875,0
2019,9,7,3,7,29.3997998046875,0
2019,9,7,3,7,31.2498000488281,0
2019,9,7,3,7,33.0997998046875,0
2019,9,7,3,7,34.9498000488281,0
2019,9,7,3,7,36.7997998046875,0
2019,9,7,3,7,38.6497998046875,0
2019,9,7,3,7,40.4998000488281,0
2019,9,7,3,7,42.3497998046875,0
2019,9,7,3,7,44.1998000488281,0
2019,9,7,3,7,46.0497998046875,0
2019,9,7,3,7,47.8997998046875,0
2019,9,7,3,7,49.7498000488281,0
2019,9,7,3,7,51.5997998046875,0
2019,9,7,3,7,53.4498000488281,0
2019,9,7,3,7,55.2997998046875,0
2019,9,7,3,7,57.1497998046875,0
2019,9,7,3,7,58.9998000488281,0
2019,9,7,3,8,0.8497998046875,0
2019,9,7,3,8,2.69980004882812,0
2019,9,7,3,8,4.5497998046875,0
2019,9,7,3,8,6.3997998046875,0
2019,9,7,3,8,8.24980004882812,0
2019,9,7,3,8,10.0997998046875,0
2019,9,7,3,8,11.9498000488281,0
2019,9,7,3,8,13.7997998046875,0
2019,9,7,3,8,15.6497998046875,0
2019,9,7,3,8,17.4998000488281,0
2019,9,7,3,8,19.3497998046875,0
2019,9,7,3,8,21.1998000488281,0
2019,9,7,3,8,23.0497998046875,0
2019,9,7,3,8,24.8997998046875,0
2019,9,7,3,8,26.7498000488281,0
2019,9,7,3,8,28.5997998046875,0
2019,9,7,3,8,30.4498000488281,0
2019,9,7,3,8,32.2997998046875,0
2019,9,7,3,8,34.1497998046875,0
2019,9,7,3,8,35.9998000488281,0
2019,9,7,3,8,37.8497998046875,0
2019,9,7,3,8,39.6998000488281,0
2019,9,7,3,8,41.5497998046875,0
2019,9,7,3,8,43.3997998046875,0
2019,9,7,3,8,45.2498000488281,0
2019,9,7,3,8,47.0997998046875,0
2019,9,7,3,8,48.9498000488281,0
2019,9,7,3,8,50.7997998046875,0
2019,9,7,3,8,52.6497998046875,0
2019,9,7,3,8,54.4998000488281,0
2019,9,7,3,8,56.3497998046875,0
2019,9,7,3,8,58.1998000488281,0
2019,9,7,3,9,0.0497998046875,0
2019,9,7,3,9,1.8997998046875,0
2019,9,7,3,9,3.74980004882813,0
2019,9,7,3,9,5.5997998046875,0
2019,9,7,3,9,7.44980004882813,0
2019,9,7,3,9,9.2997998046875,0
2019,9,7,3,9,11.1497998046875,0
2019,9,7,3,9,12.9998000488281,0
2019,9,7,3,9,14.8497998046875,0
2019,9,7,3,9,16.6998000488281,0
2019,9,7,3,9,18.5497998046875,0
2019,9,7,3,9,20.3997998046875,0
2019,9,7,3,9,22.2498000488281,0
2019,9,7,3,9,24.0997998046875,0
2019,9,7,3,9,25.9498000488281,0
2019,9,7,3,9,27.7997998046875,0
2019,9,7,3,9,29.6497998046875,0
2019,9,7,3,9,31.4998000488281,0
2019,9,7,3,9,33.3497998046875,0
2019,9,7,3,9,35.1998000488281,0
2019,9,7,3,9,37.0497998046875,0
2019,9,7,3,9,38.8997998046875,0
2019,9,7,3,9,40.6998000488281,0
2019,9,7,3,9,42.5997998046875,0
2019,9,7,3,9,44.4498000488281,0
2019,9,7,3,9,46.2997998046875,0
2019,9,7,3,9,48.1497998046875,0
2019,9,7,3,9,49.9998000488281,0
2019,9,7,3,9,51.8497998046875,0
2019,9,7,3,9,53.6998000488281,0
2019,9,7,3,9,55.5497998046875,0
2019,9,7,3,9,57.3997998046875,0
2019,9,7,3,9,59.2498000488281,0
2019,9,7,3,10,1.0997998046875,0
2019,9,7,3,10,2.94980004882812,0
2019,9,7,3,10,4.7997998046875,0
2019,9,7,3,10,6.6497998046875,0
2019,9,7,3,10,8.49980004882812,0
2019,9,7,3,10,10.3497998046875,0
2019,9,7,3,10,12.1998000488281,0
2019,9,7,3,10,14.0497998046875,0
2019,9,7,3,10,15.8997998046875,0
2019,9,7,3,10,17.7498000488281,0
2019,9,7,3,10,19.5997998046875,0
2019,9,7,3,10,21.4498000488281,0
2019,9,7,3,10,23.2997998046875,0
2019,9,7,3,10,25.1497998046875,0
2019,9,7,3,10,26.9998000488281,0
2019,9,7,3,10,28.8497998046875,0
2019,9,7,3,10,30.6998000488281,0
2019,9,7,3,10,32.5497998046875,0
2019,9,7,3,10,34.3997998046875,0
2019,9,7,3,10,36.2498000488281,0
2019,9,7,3,10,38.0997998046875,0
2019,9,7,3,10,39.9498000488281,0
2019,9,7,3,10,41.7997998046875,0
2019,9,7,3,10,43.6497998046875,0
2019,9,7,3,10,45.4998000488281,0
2019,9,7,3,10,47.3497998046875,0
2019,9,7,3,10,49.1998000488281,0
2019,9,7,3,10,51.0497998046875,0
2019,9,7,3,10,52.8997998046875,0
2019,9,7,3,10,54.7498000488281,0
2019,9,7,3,10,56.5997998046875,0
2019,9,7,3,10,58.4498000488281,0
2019,9,7,3,11,0.2997998046875,0
2019,9,7,3,11,2.1497998046875,0
2019,9,7,3,11,3.99980004882813,0
2019,9,7,3,11,5.8497998046875,0
2019,9,7,3,11,7.69980004882813,0
2019,9,7,3,11,9.5497998046875,0
2019,9,7,3,11,11.3997998046875,0
2019,9,7,3,11,13.2498000488281,0
2019,9,7,3,11,15.0997998046875,0
2019,9,7,3,11,16.9498000488281,0
2019,9,7,3,11,18.7997998046875,0
2019,9,7,3,11,20.6497998046875,0
2019,9,7,3,11,22.4998000488281,0
2019,9,7,3,11,24.3497998046875,0
2019,9,7,3,11,26.1998000488281,0
2019,9,7,3,11,28.0497998046875,0
2019,9,7,3,11,29.8997998046875,0
2019,9,7,3,11,31.7498000488281,0
2019,9,7,3,11,33.5997998046875,0
2019,9,7,3,11,35.4498000488281,0
2019,9,7,3,11,37.2997998046875,0
2019,9,7,3,11,39.1497998046875,0
2019,9,7,3,11,40.9998000488281,0
2019,9,7,3,11,42.8497998046875,0
2019,9,7,3,11,44.6998000488281,0
2019,9,7,3,11,46.5497998046875,0
2019,9,7,3,11,48.3997998046875,0
2019,9,7,3,11,50.2498000488281,0
2019,9,7,3,11,52.0997998046875,0
2019,9,7,3,11,53.9498000488281,0
2019,9,7,3,11,55.7997998046875,0
2019,9,7,3,11,57.6497998046875,0
2019,9,7,3,11,59.4998000488281,0
2019,9,7,3,12,1.3497998046875,0
2019,9,7,3,12,3.19980004882812,0
2019,9,7,3,12,5.0497998046875,0
2019,9,7,3,12,6.8997998046875,0
2019,9,7,3,12,8.74980004882812,0
2019,9,7,3,12,10.5997998046875,0
2019,9,7,3,12,12.4498000488281,0
2019,9,7,3,12,14.2997998046875,0
2019,9,7,3,12,16.1497998046875,0
2019,9,7,3,12,17.9998000488281,0
2019,9,7,3,12,19.8497998046875,0
2019,9,7,3,12,21.6998000488281,0
2019,9,7,3,12,23.5497998046875,0
2019,9,7,3,12,25.3997998046875,0
2019,9,7,3,12,27.2498000488281,0
2019,9,7,3,12,29.0997998046875,0
2019,9,7,3,12,30.9498000488281,0
2019,9,7,3,12,32.7997998046875,0
2019,9,7,3,12,34.6497998046875,0
2019,9,7,3,12,36.4998000488281,0
2019,9,7,3,12,38.3497998046875,0
2019,9,7,3,12,40.1998000488281,0
2019,9,7,3,12,42.0497998046875,0
2019,9,7,3,12,43.8997998046875,0
2019,9,7,3,12,45.7498000488281,0
2019,9,7,3,12,47.5997998046875,0
2019,9,7,3,12,49.3997998046875,0
2019,9,7,3,12,51.2498000488281,0
2019,9,7,3,12,53.0997998046875,0
2019,9,7,3,12,54.9998000488281,0
2019,9,7,3,12,56.8497998046875,0
2019,9,7,3,12,58.6998000488281,0
2019,9,7,3,13,0.5497998046875,0
2019,9,7,3,13,2.3997998046875,0
2019,9,7,3,13,4.24980004882813,0
2019,9,7,3,13,6.0997998046875,0
2019,9,7,3,13,7.94980004882813,0
2019,9,7,3,13,9.7997998046875,0
2019,9,7,3,13,11.6497998046875,0
2019,9,7,3,13,13.4998000488281,0
2019,9,7,3,13,15.3497998046875,0
2019,9,7,3,13,17.1998000488281,0
2019,9,7,3,13,19.0497998046875,0
2019,9,7,3,13,20.8997998046875,0
2019,9,7,3,13,22.7498000488281,0
2019,9,7,3,13,24.5997998046875,0
2019,9,7,3,13,26.4498000488281,0
2019,9,7,3,13,28.2997998046875,0
2019,9,7,3,13,30.1497998046875,0
2019,9,7,3,13,31.9998000488281,0
2019,9,7,3,13,33.8497998046875,0
2019,9,7,3,13,35.6998000488281,0
2019,9,7,3,13,37.5497998046875,0
2019,9,7,3,13,39.3997998046875,0
2019,9,7,3,13,41.2498000488281,0
2019,9,7,3,13,43.0997998046875,0
2019,9,7,3,13,44.9498000488281,0
2019,9,7,3,13,46.7997998046875,0
2019,9,7,3,13,48.6497998046875,0
2019,9,7,3,13,50.6497998046875,0
2019,9,7,3,13,52.6998000488281,0
2019,9,7,3,13,54.6497998046875,0
2019,9,7,3,13,56.5497998046875,0
2019,9,7,3,13,58.4498000488281,0
2019,9,7,3,14,0.249800048828125,0
2019,9,7,3,14,2.0997998046875,0
2019,9,7,3,14,3.94980004882812,0
2019,9,7,3,14,5.7997998046875,0
2019,9,7,3,14,7.6497998046875,0
2019,9,7,3,14,9.49980004882812,0
2019,9,7,3,14,11.3497998046875,0
2019,9,7,3,14,13.1998000488281,0
2019,9,7,3,14,15.0497998046875,0
2019,9,7,3,14,16.8997998046875,0
2019,9,7,3,14,18.7498000488281,0
2019,9,7,3,14,20.5997998046875,0
2019,9,7,3,14,22.4498000488281,0
2019,9,7,3,14,24.2997998046875,0
2019,9,7,3,14,26.1497998046875,0
2019,9,7,3,14,27.9998000488281,0
2019,9,7,3,14,29.8497998046875,0
2019,9,7,3,14,31.6998000488281,0
2019,9,7,3,14,33.5497998046875,0
2019,9,7,3,14,35.3997998046875,0
2019,9,7,3,14,37.2498000488281,0
2019,9,7,3,14,39.0997998046875,0
2019,9,7,3,14,40.9498000488281,0
2019,9,7,3,14,42.7997998046875,1
2019,9,7,3,14,44.6497998046875,1
2019,9,7,3,14,46.4498000488281,1
2019,9,7,3,14,48.2498000488281,1
2019,9,7,3,14,50.0497998046875,1
2019,9,7,3,14,51.7997998046875,1
2019,9,7,3,14,53.5997998046875,1
2019,9,7,3,14,55.3997998046875,1
2019,9,7,3,14,57.2498000488281,1
2019,9,7,3,14,59.0497998046875,1
2019,9,7,3,15,0.8997998046875,1
2019,9,7,3,15,2.69980004882812,1
2019,9,7,3,15,4.5497998046875,0
2019,9,7,3,15,6.3997998046875,0
2019,9,7,3,15,8.24980004882812,0
2019,9,7,3,16,6.99980004882813,0
2019,9,7,3,16,8.8497998046875,0
2019,9,7,3,16,10.6497998046875,0
2019,9,7,3,16,12.4998000488281,0
2019,9,7,3,16,14.3497998046875,0
2019,9,7,3,16,16.1998000488281,0
2019,9,7,3,16,18.0497998046875,0
2019,9,7,3,16,19.8997998046875,0
2019,9,7,3,16,21.7498000488281,0
2019,9,7,3,16,23.5997998046875,0
2019,9,7,3,16,25.4498000488281,0
2019,9,7,3,16,27.2997998046875,0
2019,9,7,3,16,29.1497998046875,0
2019,9,7,3,16,30.9998000488281,0
2019,9,7,3,16,32.8497998046875,0
2019,9,7,3,16,34.6998000488281,0
2019,9,7,3,16,36.5497998046875,0
2019,9,7,3,16,38.4498000488281,0
2019,9,7,3,16,40.2997998046875,0
2019,9,7,3,16,42.1497998046875,0
2019,9,7,3,16,43.9998000488281,0
2019,9,7,3,16,45.8497998046875,0
2019,9,7,3,16,47.6998000488281,0
2019,9,7,3,16,49.5497998046875,0
2019,9,7,3,16,51.3997998046875,0
2019,9,7,3,16,53.2498000488281,0
2019,9,7,3,16,55.0997998046875,0
2019,9,7,3,16,56.9498000488281,0
2019,9,7,3,16,58.8497998046875,0
2019,9,7,3,17,0.699800048828125,0
2019,9,7,3,17,2.5497998046875,0
2019,9,7,3,17,4.3997998046875,0
2019,9,7,3,17,6.24980004882813,0
2019,9,7,3,17,8.0997998046875,0
2019,9,7,3,17,9.94980004882813,0
2019,9,7,3,17,11.7997998046875,0
2019,9,7,3,17,13.6497998046875,0
2019,9,7,3,17,15.4998000488281,0
2019,9,7,3,17,17.3497998046875,0
2019,9,7,3,17,19.1998000488281,0
2019,9,7,3,17,21.0497998046875,0
2019,9,7,3,17,22.8997998046875,0
2019,9,7,3,17,24.7498000488281,0
2019,9,7,3,17,26.5997998046875,0
2019,9,7,3,17,28.4498000488281,0
2019,9,7,3,17,30.2997998046875,0
2019,9,7,3,17,32.1497998046875,0
2019,9,7,3,17,33.9998000488281,0
2019,9,7,3,17,35.8497998046875,0
2019,9,7,3,17,37.6998000488281,0
2019,9,7,3,17,39.5497998046875,0
2019,9,7,3,17,41.3997998046875,0
2019,9,7,3,17,43.2498000488281,0
2019,9,7,3,17,45.0997998046875,0
2019,9,7,3,17,46.9498000488281,0
2019,9,7,3,17,48.7997998046875,0
2019,9,7,3,17,50.6497998046875,0
2019,9,7,3,17,52.4998000488281,0
2019,9,7,3,17,54.3497998046875,0
2019,9,7,3,17,56.1998000488281,0
2019,9,7,3,17,58.0497998046875,0
2019,9,7,3,17,59.8497998046875,0
2019,9,7,3,18,1.69980004882812,0
2019,9,7,3,18,3.5497998046875,0
2019,9,7,3,18,5.3997998046875,0
2019,9,7,3,18,7.24980004882813,0
2019,9,7,3,18,9.0997998046875,0
2019,9,7,3,18,10.9498000488281,0
2019,9,7,3,18,12.7997998046875,0
2019,9,7,3,18,14.6497998046875,0
2019,9,7,3,18,16.4998000488281,0
2019,9,7,3,18,18.3497998046875,0
2019,9,7,3,18,20.1998000488281,0
2019,9,7,3,18,22.0497998046875,0
2019,9,7,3,18,23.8997998046875,0
2019,9,7,3,18,25.7498000488281,0
2019,9,7,3,18,27.5997998046875,0
2019,9,7,3,18,29.4998000488281,0
2019,9,7,3,18,31.3497998046875,0
2019,9,7,3,18,33.1998000488281,0
2019,9,7,3,18,34.9998000488281,0
2019,9,7,3,18,36.8997998046875,0
2019,9,7,3,18,38.8497998046875,0
2019,9,7,3,18,40.8997998046875,0
2019,9,7,3,18,42.8997998046875,0
2019,9,7,3,18,44.7997998046875,0
2019,9,7,3,18,46.6497998046875,0
2019,9,7,3,18,48.4998000488281,0
2019,9,7,3,18,50.3497998046875,0
2019,9,7,3,18,52.1998000488281,0
2019,9,7,3,18,54.0497998046875,0
2019,9,7,3,18,55.8997998046875,0
2019,9,7,3,18,57.7498000488281,0
2019,9,7,3,18,59.5997998046875,0
2019,9,7,3,19,1.44980004882813,0
2019,9,7,3,19,3.2997998046875,0
2019,9,7,3,19,5.1497998046875,0
2019,9,7,3,19,6.99980004882813,0
2019,9,7,3,19,8.8497998046875,0
2019,9,7,3,19,10.6998000488281,0
2019,9,7,3,19,12.5497998046875,0
2019,9,7,3,19,14.3997998046875,0
2019,9,7,3,19,16.2498000488281,0
2019,9,7,3,19,18.0997998046875,0
2019,9,7,3,19,19.9498000488281,0
2019,9,7,3,19,21.7997998046875,0
2019,9,7,3,19,23.6497998046875,0
2019,9,7,3,19,25.4998000488281,0
2019,9,7,3,19,27.3497998046875,0
2019,9,7,3,19,29.1998000488281,0
2019,9,7,3,19,31.0497998046875,0
2019,9,7,3,19,32.8997998046875,0
2019,9,7,3,19,34.7498000488281,0
2019,9,7,3,19,36.5997998046875,0
2019,9,7,3,19,38.4498000488281,0
2019,9,7,3,19,40.2997998046875,0
2019,9,7,3,19,42.0997998046875,0
2019,9,7,3,19,43.9498000488281,0
2019,9,7,3,19,45.7997998046875,0
2019,9,7,3,19,47.5997998046875,0
2019,9,7,3,19,49.3997998046875,0
2019,9,7,3,19,51.1497998046875,0
2019,9,7,3,19,52.9498000488281,0
2019,9,7,3,19,54.7997998046875,0
2019,9,7,3,19,56.5997998046875,0
2019,9,7,3,19,58.4498000488281,0
2019,9,7,3,20,0.249800048828125,1
2019,9,7,3,20,2.0997998046875,1
2019,9,7,3,20,3.94980004882812,1
2019,9,7,3,20,5.74980004882813,1
2019,9,7,3,20,7.5997998046875,1
2019,9,7,3,20,9.49980004882812,1
2019,9,7,3,20,11.4998000488281,1
2019,9,7,3,20,13.5497998046875,1
2019,9,7,3,20,15.4498000488281,1
2019,9,7,3,20,17.2997998046875,1
2019,9,7,3,20,19.1497998046875,1
2019,9,7,3,20,20.9998000488281,1
2019,9,7,3,20,22.8497998046875,1
2019,9,7,3,20,24.6998000488281,1
2019,9,7,3,20,26.5497998046875,1
2019,9,7,3,20,28.3997998046875,1
2019,9,7,3,20,30.2498000488281,1
2019,9,7,3,20,32.0997998046875,0
2019,9,7,3,20,33.9498000488281,0
2019,9,7,3,20,35.7997998046875,0
2019,9,7,3,20,37.6497998046875,0
2019,9,7,3,20,39.4998000488281,0
2019,9,7,3,20,41.3497998046875,0
2019,9,7,3,20,43.1998000488281,0
2019,9,7,3,20,45.0497998046875,0
2019,9,7,3,20,46.8997998046875,0
2019,9,7,3,20,48.7498000488281,0
2019,9,7,3,20,50.5997998046875,0
2019,9,7,3,20,52.4498000488281,0
2019,9,7,3,20,54.2997998046875,0
2019,9,7,3,20,56.1497998046875,0
2019,9,7,3,20,57.9998000488281,0
2019,9,7,3,20,59.8497998046875,0
2019,9,7,3,21,1.69980004882812,0
2019,9,7,3,21,3.5497998046875,0
2019,9,7,3,21,5.3997998046875,0
2019,9,7,3,21,7.24980004882813,0
2019,9,7,3,21,9.0997998046875,0
2019,9,7,3,21,10.9498000488281,0
2019,9,7,3,21,12.7997998046875,0
2019,9,7,3,21,14.6497998046875,0
2019,9,7,3,21,16.4998000488281,0
2019,9,7,3,21,18.3497998046875,0
2019,9,7,3,21,20.1998000488281,0
2019,9,7,3,21,22.0497998046875,0
2019,9,7,3,21,23.8997998046875,0
2019,9,7,3,21,25.7498000488281,0
2019,9,7,3,21,27.5997998046875,0
2019,9,7,3,21,29.4498000488281,0
2019,9,7,3,21,31.2997998046875,0
2019,9,7,3,21,33.1497998046875,0
2019,9,7,3,21,34.9998000488281,0
2019,9,7,3,21,36.8497998046875,0
2019,9,7,3,21,38.6998000488281,0
2019,9,7,3,21,40.5497998046875,0
2019,9,7,3,21,42.3997998046875,0
2019,9,7,3,21,44.2498000488281,0
2019,9,7,3,21,46.0997998046875,0
2019,9,7,3,21,47.9498000488281,0
2019,9,7,3,21,49.7997998046875,0
2019,9,7,3,21,51.6497998046875,0
2019,9,7,3,21,53.4998000488281,0
2019,9,7,3,21,55.3497998046875,0
2019,9,7,3,21,57.1998000488281,0
2019,9,7,3,21,59.0497998046875,0
2019,9,7,3,22,0.8997998046875,0
2019,9,7,3,22,2.74980004882813,0
2019,9,7,3,22,4.5997998046875,0
2019,9,7,3,22,6.44980004882813,0
2019,9,7,3,22,8.2997998046875,0
2019,9,7,3,22,10.1497998046875,0
2019,9,7,3,22,11.9998000488281,0
2019,9,7,3,22,13.8497998046875,0
2019,9,7,3,22,15.6998000488281,0
2019,9,7,3,22,17.5497998046875,0
2019,9,7,3,22,19.3997998046875,0
2019,9,7,3,22,21.2498000488281,0
2019,9,7,3,22,23.0997998046875,0
2019,9,7,3,22,24.9498000488281,0
2019,9,7,3,22,26.7997998046875,0
2019,9,7,3,22,28.6497998046875,0
2019,9,7,3,22,30.4998000488281,0
2019,9,7,3,22,32.3497998046875,0
2019,9,7,3,22,34.1998000488281,0
2019,9,7,3,22,36.0497998046875,0
2019,9,7,3,22,37.8997998046875,0
2019,9,7,3,22,39.7498000488281,0
2019,9,7,3,22,41.5997998046875,0
2019,9,7,3,22,43.4498000488281,0
2019,9,7,3,22,45.2997998046875,0
2019,9,7,3,22,47.0997998046875,0
2019,9,7,3,22,48.9498000488281,0
2019,9,7,3,22,50.6998000488281,0
2019,9,7,3,22,52.4998000488281,0
2019,9,7,3,22,54.2997998046875,0
2019,9,7,3,22,56.0997998046875,0
2019,9,7,3,22,57.8997998046875,0
2019,9,7,3,22,59.7498000488281,0
2019,9,7,3,23,1.5497998046875,0
2019,9,7,3,23,3.3997998046875,0
2019,9,7,3,23,5.19980004882813,0
2019,9,7,3,23,7.0497998046875,0
2019,9,7,3,23,8.8997998046875,0
2019,9,7,3,23,10.7498000488281,0
2019,9,7,3,23,12.5497998046875,0
2019,9,7,3,23,14.3997998046875,0
2019,9,7,3,23,16.2498000488281,0
2019,9,7,3,23,18.0997998046875,0
2019,9,7,3,23,19.9498000488281,0
2019,9,7,3,23,21.7997998046875,0
2019,9,7,3,23,23.6497998046875,0
2019,9,7,3,23,25.4998000488281,0
2019,9,7,3,23,27.3497998046875,0
2019,9,7,3,23,29.1998000488281,0
2019,9,7,3,23,31.0497998046875,0
2019,9,7,3,23,32.8997998046875,0
2019,9,7,3,23,34.7498000488281,0
2019,9,7,3,23,36.5997998046875,0
2019,9,7,3,23,38.4498000488281,0
2019,9,7,3,23,40.2997998046875,0
2019,9,7,3,23,42.1497998046875,0
2019,9,7,3,23,43.9998000488281,0
2019,9,7,3,23,45.8497998046875,0
2019,9,7,3,23,47.6998000488281,0
2019,9,7,3,23,49.5497998046875,0
2019,9,7,3,23,51.3497998046875,0
2019,9,7,3,23,53.1998000488281,0
2019,9,7,3,23,55.0997998046875,0
2019,9,7,3,23,56.9498000488281,0
2019,9,7,3,23,58.7498000488281,0
2019,9,7,3,24,0.6497998046875,0
2019,9,7,3,24,2.49980004882813,0
2019,9,7,3,24,4.3497998046875,0
2019,9,7,3,24,6.19980004882813,0
2019,9,7,3,24,8.0497998046875,0
2019,9,7,3,24,9.8997998046875,0
2019,9,7,3,24,11.7498000488281,0
2019,9,7,3,24,13.5997998046875,0
2019,9,7,3,24,15.4498000488281,0
2019,9,7,3,24,17.2997998046875,0
2019,9,7,3,24,19.1497998046875,0
2019,9,7,3,24,20.9498000488281,0
2019,9,7,3,24,22.7997998046875,0
2019,9,7,3,24,24.6497998046875,0
2019,9,7,3,24,26.4998000488281,0
2019,9,7,3,24,28.3997998046875,0
2019,9,7,3,24,30.2498000488281,0
2019,9,7,3,24,32.0997998046875,0
2019,9,7,3,24,33.9498000488281,0
2019,9,7,3,24,35.7997998046875,0
2019,9,7,3,24,37.6497998046875,0
2019,9,7,3,24,39.4998000488281,0
2019,9,7,3,24,41.3497998046875,0
2019,9,7,3,24,43.1497998046875,0
2019,9,7,3,24,44.9998000488281,0
2019,9,7,3,24,46.8997998046875,0
2019,9,7,3,24,48.7498000488281,0
2019,9,7,3,24,50.5997998046875,0
2019,9,7,3,24,52.4498000488281,0
2019,9,7,3,24,54.2997998046875,0
2019,9,7,3,24,56.1497998046875,0
2019,9,7,3,24,57.9998000488281,0
2019,9,7,3,24,59.8497998046875,0
2019,9,7,3,25,1.69980004882812,0
2019,9,7,3,25,3.5497998046875,0
2019,9,7,3,25,5.3997998046875,0
2019,9,7,3,25,7.24980004882813,0
2019,9,7,3,25,9.0997998046875,0
2019,9,7,3,25,10.9498000488281,0
2019,9,7,3,25,12.7997998046875,0
2019,9,7,3,25,14.6497998046875,0
2019,9,7,3,25,16.4998000488281,0
2019,9,7,3,25,18.3497998046875,0
2019,9,7,3,25,20.1998000488281,0
2019,9,7,3,25,22.0497998046875,0
2019,9,7,3,25,23.8997998046875,0
2019,9,7,3,25,25.7498000488281,0
2019,9,7,3,25,27.5997998046875,0
2019,9,7,3,25,29.4498000488281,0
2019,9,7,3,25,31.2997998046875,0
2019,9,7,3,25,33.1497998046875,0
2019,9,7,3,25,34.9998000488281,0
2019,9,7,3,25,36.8497998046875,0
2019,9,7,3,25,38.6998000488281,0
2019,9,7,3,25,40.5497998046875,0
2019,9,7,3,25,42.3997998046875,0
2019,9,7,3,25,44.2498000488281,0
2019,9,7,3,25,46.0997998046875,0
2019,9,7,3,25,47.9498000488281,0
2019,9,7,3,25,49.7997998046875,0
2019,9,7,3,25,51.6497998046875,0
2019,9,7,3,25,53.4998000488281,0
2019,9,7,3,25,55.3497998046875,0
2019,9,7,3,25,57.1998000488281,0
2019,9,7,3,25,59.0497998046875,0
2019,9,7,3,26,0.8997998046875,0
2019,9,7,3,26,2.74980004882813,0
2019,9,7,3,26,4.5997998046875,0
2019,9,7,3,26,6.44980004882813,0
2019,9,7,3,26,8.2997998046875,0
2019,9,7,3,26,10.1497998046875,0
2019,9,7,3,26,11.9998000488281,0
2019,9,7,3,26,13.8497998046875,0
2019,9,7,3,26,15.6998000488281,0
2019,9,7,3,26,17.5497998046875,0
2019,9,7,3,26,19.3997998046875,0
2019,9,7,3,26,21.2498000488281,0
2019,9,7,3,26,23.0997998046875,0
2019,9,7,3,26,24.9498000488281,0
2019,9,7,3,26,26.7997998046875,0
2019,9,7,3,26,28.6497998046875,0
2019,9,7,3,26,30.4998000488281,0
2019,9,7,3,26,32.3497998046875,0
2019,9,7,3,26,34.1998000488281,1
2019,9,7,3,26,36.0497998046875,1
2019,9,7,3,26,37.8997998046875,1
2019,9,7,3,26,39.7498000488281,1
2019,9,7,3,26,41.5997998046875,1
2019,9,7,3,26,43.4498000488281,1
2019,9,7,3,26,45.2997998046875,1
2019,9,7,3,26,47.1497998046875,1
2019,9,7,3,26,48.9998000488281,1
2019,9,7,3,26,50.8497998046875,1
2019,9,7,3,26,52.6998000488281,1
2019,9,7,3,26,54.5497998046875,1
2019,9,7,3,26,56.3997998046875,1
2019,9,7,3,26,58.2498000488281,1
2019,9,7,3,27,0.0997998046875,1
2019,9,7,3,27,1.94980004882812,1
2019,9,7,3,27,3.7997998046875,1
2019,9,7,3,27,5.6497998046875,1
2019,9,7,3,27,7.49980004882813,1
2019,9,7,3,27,9.3497998046875,1
2019,9,7,3,27,11.1998000488281,1
2019,9,7,3,27,13.0497998046875,1
2019,9,7,3,27,14.8997998046875,1
2019,9,7,3,27,16.7498000488281,1
2019,9,7,3,27,18.5997998046875,1
2019,9,7,3,27,20.4498000488281,1
2019,9,7,3,27,22.2997998046875,1
2019,9,7,3,27,24.1497998046875,1
2019,9,7,3,27,25.9998000488281,1
2019,9,7,3,27,27.8497998046875,0
2019,9,7,3,27,29.6998000488281,0
2019,9,7,3,27,31.5497998046875,0
2019,9,7,3,27,33.3997998046875,0
2019,9,7,3,27,35.2498000488281,0
2019,9,7,3,27,37.0997998046875,0
2019,9,7,3,27,38.9498000488281,0
2019,9,7,3,27,40.7997998046875,0
2019,9,7,3,27,42.6497998046875,0
2019,9,7,3,27,44.4998000488281,0
2019,9,7,3,27,46.3497998046875,0
2019,9,7,3,27,48.1998000488281,0
2019,9,7,3,27,50.0497998046875,0
2019,9,7,3,27,51.8997998046875,0
2019,9,7,3,27,53.7498000488281,0
2019,9,7,3,27,55.5997998046875,0
2019,9,7,3,27,57.3997998046875,0
2019,9,7,3,27,59.2498000488281,0
2019,9,7,3,28,1.0997998046875,0
2019,9,7,3,28,2.94980004882812,0
2019,9,7,3,28,4.8497998046875,0
2019,9,7,3,28,6.69980004882813,0
2019,9,7,3,28,8.5497998046875,0
2019,9,7,3,28,10.3497998046875,0
2019,9,7,3,28,12.1998000488281,0
2019,9,7,3,28,14.0497998046875,0
2019,9,7,3,28,15.9498000488281,0
2019,9,7,3,28,17.7997998046875,0
2019,9,7,3,28,19.6497998046875,0
2019,9,7,3,28,21.4998000488281,0
2019,9,7,3,28,23.3497998046875,0
2019,9,7,3,28,25.1998000488281,0
2019,9,7,3,28,27.0497998046875,0
2019,9,7,3,28,28.8997998046875,0
2019,9,7,3,28,30.7498000488281,0
2019,9,7,3,28,32.5997998046875,0
2019,9,7,3,28,34.4498000488281,0
2019,9,7,3,28,36.2997998046875,0
2019,9,7,3,28,38.1497998046875,0
2019,9,7,3,28,39.9998000488281,0
2019,9,7,3,28,41.8497998046875,0
2019,9,7,3,28,43.6998000488281,0
2019,9,7,3,28,45.5497998046875,0
2019,9,7,3,28,47.3997998046875,0
2019,9,7,3,28,49.2498000488281,0
2019,9,7,3,28,51.0997998046875,0
2019,9,7,3,28,52.9498000488281,0
2019,9,7,3,28,54.7997998046875,0
2019,9,7,3,28,56.6497998046875,0
2019,9,7,3,28,58.4998000488281,0
2019,9,7,3,29,0.3497998046875,0
2019,9,7,3,29,2.19980004882812,0
2019,9,7,3,29,4.0497998046875,0
2019,9,7,3,29,5.8997998046875,0
2019,9,7,3,29,7.74980004882813,0
2019,9,7,3,29,9.5997998046875,0
2019,9,7,3,29,11.4498000488281,0
2019,9,7,3,29,13.2997998046875,0
2019,9,7,3,29,15.1497998046875,0
2019,9,7,3,29,16.9998000488281,0
2019,9,7,3,29,18.8497998046875,0
2019,9,7,3,29,20.6998000488281,0
2019,9,7,3,29,22.5497998046875,0
2019,9,7,3,29,24.3997998046875,0
2019,9,7,3,29,26.2498000488281,0
2019,9,7,3,29,28.0997998046875,0
2019,9,7,3,29,29.9498000488281,0
2019,9,7,3,29,31.7997998046875,0
2019,9,7,3,29,33.6497998046875,0
2019,9,7,3,29,35.4998000488281,0
2019,9,7,3,29,37.3497998046875,0
2019,9,7,3,29,39.1998000488281,0
2019,9,7,3,29,41.0497998046875,0
2019,9,7,3,29,42.8997998046875,0
2019,9,7,3,29,44.7498000488281,0
2019,9,7,3,29,46.5997998046875,0
2019,9,7,3,29,48.4498000488281,0
2019,9,7,3,29,50.2997998046875,0
2019,9,7,3,29,52.1497998046875,0
2019,9,7,3,29,53.9998000488281,0
2019,9,7,3,29,55.8497998046875,0
2019,9,7,3,29,57.6998000488281,0
2019,9,7,3,29,59.5497998046875,0
2019,9,7,3,30,1.3997998046875,0
2019,9,7,3,30,3.24980004882813,0
2019,9,7,3,30,5.0997998046875,0
2019,9,7,3,30,6.94980004882813,0
2019,9,7,3,30,8.7997998046875,0
2019,9,7,3,30,10.6497998046875,0
2019,9,7,3,30,12.4998000488281,0
2019,9,7,3,30,14.3497998046875,0
2019,9,7,3,30,16.1998000488281,0
2019,9,7,3,30,18.0497998046875,0
2019,9,7,3,30,19.8997998046875,0
2019,9,7,3,30,21.7498000488281,0
2019,9,7,3,30,23.5997998046875,0
2019,9,7,3,30,25.4498000488281,0
2019,9,7,3,30,27.2997998046875,0
2019,9,7,3,30,29.1497998046875,0
2019,9,7,3,30,31.1998000488281,0
2019,9,7,3,30,33.2498000488281,0
2019,9,7,3,30,35.1998000488281,0
2019,9,7,3,30,37.0997998046875,0
2019,9,7,3,30,38.9498000488281,0
2019,9,7,3,30,40.7498000488281,0
2019,9,7,3,30,42.5997998046875,0
2019,9,7,3,30,44.4498000488281,0
2019,9,7,3,30,46.2997998046875,0
2019,9,7,3,30,48.1497998046875,0
2019,9,7,3,30,49.9998000488281,0
2019,9,7,3,30,51.8497998046875,0
2019,9,7,3,30,53.6998000488281,0
2019,9,7,3,30,55.5497998046875,0
2019,9,7,3,30,57.3997998046875,0
2019,9,7,3,30,59.2498000488281,0
2019,9,7,3,31,1.0997998046875,0
2019,9,7,3,31,2.94980004882812,0
2019,9,7,3,31,4.7997998046875,0
2019,9,7,3,31,6.6497998046875,0
2019,9,7,3,31,8.49980004882812,0
2019,9,7,3,31,10.3497998046875,0
2019,9,7,3,31,12.1998000488281,0
2019,9,7,3,31,14.0497998046875,1
2019,9,7,3,31,15.8497998046875,1
2019,9,7,3,31,17.6497998046875,1
2019,9,7,3,31,19.3997998046875,1
2019,9,7,3,31,21.1497998046875,1
2019,9,7,3,31,22.9498000488281,1
2019,9,7,3,31,24.7997998046875,1
2019,9,7,3,31,26.5997998046875,1
2019,9,7,3,31,28.4498000488281,1
2019,9,7,3,31,30.2498000488281,1
2019,9,7,3,31,32.0997998046875,1
2019,9,7,3,31,33.9498000488281,1
2019,9,7,3,31,35.7997998046875,1
2019,9,7,3,31,37.5997998046875,1
2019,9,7,3,31,39.4998000488281,1
2019,9,7,3,31,41.3497998046875,1
2019,9,7,3,31,43.1497998046875,2
2019,9,7,3,31,44.9498000488281,2
2019,9,7,3,31,46.8497998046875,2
2019,9,7,3,31,48.6998000488281,2
2019,9,7,3,31,50.5997998046875,2
2019,9,7,3,31,52.7498000488281,1
2019,9,7,3,31,54.7997998046875,1
2019,9,7,3,31,56.6497998046875,1
2019,9,7,3,31,58.4998000488281,1
2019,9,7,3,32,0.3497998046875,1
2019,9,7,3,32,2.19980004882812,1
2019,9,7,3,32,3.99980004882813,1
2019,9,7,3,32,5.8997998046875,1
2019,9,7,3,32,7.74980004882813,1
2019,9,7,3,32,9.5997998046875,1
2019,9,7,3,32,11.4498000488281,0
2019,9,7,3,32,13.2997998046875,0
2019,9,7,3,32,15.0997998046875,0
2019,9,7,3,32,16.9498000488281,0
2019,9,7,3,32,18.8497998046875,0
2019,9,7,3,32,20.6998000488281,0
2019,9,7,3,32,22.5497998046875,0
2019,9,7,3,32,24.3497998046875,0
2019,9,7,3,32,26.1998000488281,0
2019,9,7,3,32,27.9998000488281,0
2019,9,7,3,32,29.7498000488281,0
2019,9,7,3,32,31.4498000488281,0
2019,9,7,3,32,33.1998000488281,0
2019,9,7,3,32,34.9998000488281,0
2019,9,7,3,32,36.7997998046875,0
2019,9,7,3,32,38.6497998046875,0
2019,9,7,3,32,40.4998000488281,0
2019,9,7,3,32,42.3497998046875,0
2019,9,7,3,32,44.1998000488281,0
2019,9,7,3,32,46.0497998046875,0
2019,9,7,3,32,47.8997998046875,0
2019,9,7,3,32,49.6998000488281,0
2019,9,7,3,32,51.5497998046875,0
2019,9,7,3,32,53.4498000488281,0
2019,9,7,3,32,55.2997998046875,0
2019,9,7,3,32,57.0997998046875,0
2019,9,7,3,32,58.9498000488281,0
2019,9,7,3,33,0.7997998046875,0
2019,9,7,3,33,2.69980004882812,0
2019,9,7,3,33,4.5497998046875,0
2019,9,7,3,33,6.3997998046875,0
2019,9,7,3,33,8.24980004882812,0
2019,9,7,3,33,10.0497998046875,0
2019,9,7,3,33,11.8997998046875,0
2019,9,7,3,33,13.7498000488281,0
2019,9,7,3,33,15.6497998046875,0
2019,9,7,3,33,17.4498000488281,0
2019,9,7,3,33,19.2997998046875,0
2019,9,7,3,33,21.1497998046875,0
2019,9,7,3,33,22.9998000488281,0
2019,9,7,3,33,24.8497998046875,0
2019,9,7,3,33,26.7498000488281,0
2019,9,7,3,33,28.5997998046875,0
2019,9,7,3,33,30.4498000488281,0
2019,9,7,3,33,32.2997998046875,0
2019,9,7,3,33,34.1497998046875,0
2019,9,7,3,33,35.9998000488281,0
2019,9,7,3,33,37.8497998046875,0
2019,9,7,3,33,39.6998000488281,0
2019,9,7,3,33,41.5497998046875,0
2019,9,7,3,33,43.3997998046875,0
2019,9,7,3,34,27.8497998046875,0
2019,9,7,3,34,29.7498000488281,0
2019,9,7,3,34,31.5997998046875,0
2019,9,7,3,34,33.4498000488281,0
2019,9,7,3,34,35.2997998046875,0
2019,9,7,3,34,37.1497998046875,0
2019,9,7,3,34,38.9998000488281,0
2019,9,7,3,34,40.8497998046875,0
2019,9,7,3,34,42.6998000488281,0
2019,9,7,3,34,44.5497998046875,0
2019,9,7,3,34,46.3997998046875,0
2019,9,7,3,34,48.2498000488281,0
2019,9,7,3,34,50.0997998046875,0
2019,9,7,3,34,51.9498000488281,0
2019,9,7,3,34,53.7997998046875,0
2019,9,7,3,34,55.6497998046875,0
2019,9,7,3,34,57.4998000488281,0
2019,9,7,3,34,59.3497998046875,0
2019,9,7,3,35,1.19980004882813,0
2019,9,7,3,35,3.0497998046875,0
2019,9,7,3,35,4.8997998046875,0
2019,9,7,3,35,6.74980004882813,0
2019,9,7,3,35,8.5997998046875,0
2019,9,7,3,35,10.4498000488281,0
2019,9,7,3,35,12.2997998046875,0
2019,9,7,3,35,14.1497998046875,0
2019,9,7,3,35,15.9998000488281,0
2019,9,7,3,35,17.8497998046875,0
2019,9,7,3,35,19.6998000488281,0
2019,9,7,3,35,21.5497998046875,0
2019,9,7,3,35,23.3997998046875,0
2019,9,7,3,35,25.2498000488281,0
2019,9,7,3,35,27.0997998046875,0
2019,9,7,3,35,28.9498000488281,0
2019,9,7,3,35,30.7997998046875,0
2019,9,7,3,35,32.6497998046875,0
2019,9,7,3,35,34.4998000488281,0
2019,9,7,3,35,36.3497998046875,0
2019,9,7,3,35,38.1998000488281,0
2019,9,7,3,35,40.0497998046875,0
2019,9,7,3,35,41.8997998046875,0
2019,9,7,3,35,43.7498000488281,0
2019,9,7,3,35,45.5997998046875,0
2019,9,7,3,35,47.4498000488281,0
2019,9,7,3,35,49.2997998046875,0
2019,9,7,3,35,51.1497998046875,0
2019,9,7,3,35,52.9998000488281,0
2019,9,7,3,35,54.8497998046875,0
2019,9,7,3,35,56.7997998046875,0
2019,9,7,3,35,58.8497998046875,0
2019,9,7,3,36,0.8497998046875,0
2019,9,7,3,36,2.74980004882813,0
2019,9,7,3,36,4.6497998046875,0
2019,9,7,3,36,6.49980004882813,0
2019,9,7,3,36,8.2997998046875,0
2019,9,7,3,36,10.1497998046875,0
2019,9,7,3,36,11.9998000488281,0
2019,9,7,3,36,13.8497998046875,0
2019,9,7,3,36,15.6998000488281,0
2019,9,7,3,36,17.5497998046875,0
2019,9,7,3,36,19.3997998046875,0
2019,9,7,3,36,21.2498000488281,0
2019,9,7,3,36,23.0997998046875,0
2019,9,7,3,36,24.9498000488281,0
2019,9,7,3,36,26.7997998046875,0
2019,9,7,3,36,28.6497998046875,0
2019,9,7,3,36,30.4998000488281,0
2019,9,7,3,36,32.3497998046875,0
2019,9,7,3,36,34.1998000488281,0
2019,9,7,3,36,36.0497998046875,0
2019,9,7,3,36,37.8997998046875,0
2019,9,7,3,36,39.7498000488281,0
2019,9,7,3,36,41.5997998046875,0
2019,9,7,3,36,43.4498000488281,0
2019,9,7,3,36,45.2997998046875,0
2019,9,7,3,36,47.1497998046875,0
2019,9,7,3,36,48.9998000488281,0
2019,9,7,3,36,50.8497998046875,0
2019,9,7,3,36,52.6998000488281,0
2019,9,7,3,36,54.4998000488281,0
2019,9,7,3,36,56.2997998046875,0
2019,9,7,3,36,58.0497998046875,0
2019,9,7,3,36,59.7997998046875,0
2019,9,7,3,37,1.5497998046875,0
2019,9,7,3,37,3.3497998046875,0
2019,9,7,3,37,5.19980004882813,0
2019,9,7,3,37,6.99980004882813,0
2019,9,7,3,37,8.8497998046875,0
2019,9,7,3,37,10.6998000488281,0
2019,9,7,3,37,12.5497998046875,0
2019,9,7,3,37,14.3997998046875,0
2019,9,7,3,37,16.2498000488281,0
2019,9,7,3,37,18.0997998046875,0
2019,9,7,3,37,19.9498000488281,0
2019,9,7,3,37,21.7997998046875,0
2019,9,7,3,37,23.6497998046875,0
2019,9,7,3,37,25.4998000488281,0
2019,9,7,3,37,27.3497998046875,0
2019,9,7,3,37,29.1998000488281,0
2019,9,7,3,37,31.0497998046875,0
2019,9,7,3,37,32.8497998046875,0
2019,9,7,3,37,34.6998000488281,0
2019,9,7,3,37,36.5497998046875,0
2019,9,7,3,37,38.3997998046875,0
2019,9,7,3,37,40.2498000488281,0
2019,9,7,3,37,42.0997998046875,0
2019,9,7,3,37,43.9498000488281,0
2019,9,7,3,37,45.7997998046875,0
2019,9,7,3,37,47.6497998046875,0
2019,9,7,3,37,49.4998000488281,0
2019,9,7,3,37,51.3497998046875,0
2019,9,7,3,37,53.1998000488281,0
2019,9,7,3,37,55.0497998046875,0
2019,9,7,3,37,56.8997998046875,0
2019,9,7,3,37,58.7498000488281,0
2019,9,7,3,38,0.6497998046875,0
2019,9,7,3,38,2.49980004882813,0
2019,9,7,3,38,4.3497998046875,0
2019,9,7,3,38,6.1497998046875,0
2019,9,7,3,38,7.99980004882813,0
2019,9,7,3,38,9.8997998046875,0
2019,9,7,3,38,11.7498000488281,0
2019,9,7,3,38,13.5497998046875,0
2019,9,7,3,38,15.4498000488281,0
2019,9,7,3,38,17.2997998046875,0
2019,9,7,3,39,15.0497998046875,0
2019,9,7,3,39,16.8497998046875,0
2019,9,7,3,39,18.7498000488281,0
2019,9,7,3,39,20.5997998046875,0
2019,9,7,3,39,22.3997998046875,0
2019,9,7,3,39,24.2498000488281,0
2019,9,7,3,39,26.0997998046875,0
2019,9,7,3,39,27.9998000488281,0
2019,9,7,3,39,29.8497998046875,0
2019,9,7,3,39,31.6497998046875,0
2019,9,7,3,39,33.5497998046875,0
2019,9,7,3,39,35.3997998046875,0
2019,9,7,3,39,37.2498000488281,0
2019,9,7,3,39,39.0497998046875,0
2019,9,7,3,39,40.8997998046875,0
2019,9,7,3,39,42.7498000488281,0
2019,9,7,3,39,44.5997998046875,1
2019,9,7,3,39,46.4498000488281,2
2019,9,7,3,39,48.3497998046875,2
2019,9,7,3,39,50.1998000488281,2
2019,9,7,3,39,51.9998000488281,2
2019,9,7,3,39,53.8497998046875,2
2019,9,7,3,39,55.7498000488281,2
2019,9,7,3,39,57.5997998046875,2
2019,9,7,3,39,59.4498000488281,2
2019,9,7,3,40,1.2997998046875,1
2019,9,7,3,40,3.1497998046875,1
2019,9,7,3,40,4.99980004882813,1
2019,9,7,3,40,6.8497998046875,2
2019,9,7,3,40,8.6497998046875,2
2019,9,7,3,40,10.4998000488281,2
2019,9,7,3,40,12.3997998046875,2
2019,9,7,3,40,14.2498000488281,2
2019,9,7,3,40,16.0997998046875,2
2019,9,7,3,40,17.8997998046875,2
2019,9,7,3,40,19.7498000488281,2
2019,9,7,3,40,21.6497998046875,2
2019,9,7,3,40,23.4998000488281,2
2019,9,7,3,40,25.2997998046875,2
2019,9,7,3,40,27.1497998046875,2
2019,9,7,3,40,29.0497998046875,2
2019,9,7,3,40,30.8997998046875,2
2019,9,7,3,40,32.6998000488281,2
2019,9,7,3,40,34.5497998046875,2
2019,9,7,3,40,36.3997998046875,2
2019,9,7,3,40,38.2498000488281,2
2019,9,7,3,40,40.0997998046875,2
2019,9,7,3,40,41.9498000488281,2
2019,9,7,3,40,43.7997998046875,2
2019,9,7,3,40,45.6998000488281,2
2019,9,7,3,40,47.5497998046875,2
2019,9,7,3,40,49.3497998046875,2
2019,9,7,3,40,51.1998000488281,2
2019,9,7,3,40,53.0497998046875,2
2019,9,7,3,40,54.8997998046875,2
2019,9,7,3,40,56.7498000488281,2
2019,9,7,3,40,58.5997998046875,2
2019,9,7,3,41,0.449800048828125,2
2019,9,7,3,41,2.3497998046875,2
2019,9,7,3,41,4.19980004882813,2
2019,9,7,3,41,6.0497998046875,2
2019,9,7,3,41,7.8997998046875,2
2019,9,7,3,41,9.74980004882812,2
2019,9,7,3,41,11.5997998046875,2
2019,9,7,3,41,13.4498000488281,2
2019,9,7,3,41,15.2997998046875,2
2019,9,7,3,41,17.0997998046875,2
2019,9,7,3,41,18.9998000488281,2
2019,9,7,3,41,20.8497998046875,2
2019,9,7,3,41,22.6998000488281,2
2019,9,7,3,41,24.4998000488281,2
2019,9,7,3,41,26.3497998046875,2
2019,9,7,3,41,28.2498000488281,2
2019,9,7,3,41,30.0497998046875,2
2019,9,7,3,41,31.8997998046875,2
2019,9,7,3,41,33.7498000488281,2
2019,9,7,3,41,35.6998000488281,2
2019,9,7,3,41,37.4998000488281,2
2019,9,7,3,41,39.2997998046875,2
2019,9,7,3,41,41.1998000488281,2
2019,9,7,3,41,43.0497998046875,2
2019,9,7,3,41,44.8497998046875,2
2019,9,7,3,41,46.6998000488281,1
2019,9,7,3,41,48.5497998046875,1
2019,9,7,3,41,50.3997998046875,1
2019,9,7,3,41,52.2498000488281,1
2019,9,7,3,41,54.0997998046875,1
2019,9,7,3,41,55.9998000488281,1
2019,9,7,3,41,57.8497998046875,1
2019,9,7,3,41,59.6998000488281,1
2019,9,7,3,42,1.49980004882813,1
2019,9,7,3,42,3.3997998046875,1
2019,9,7,3,42,5.24980004882813,1
2019,9,7,3,42,7.0497998046875,1
2019,9,7,3,42,8.8997998046875,1
2019,9,7,3,42,10.7997998046875,1
2019,9,7,3,42,12.6497998046875,0
2019,9,7,3,42,14.4498000488281,0
2019,9,7,3,42,16.2997998046875,0
2019,9,7,3,42,18.1497998046875,0
2019,9,7,3,42,19.9998000488281,0
2019,9,7,3,42,21.8497998046875,0
2019,9,7,3,42,23.6998000488281,0
2019,9,7,3,42,25.5497998046875,0
2019,9,7,3,42,27.3997998046875,0
2019,9,7,3,42,29.2498000488281,0
2019,9,7,3,42,31.0997998046875,0
2019,9,7,3,42,32.9498000488281,0
2019,9,7,3,42,34.8497998046875,0
2019,9,7,3,42,36.6497998046875,0
2019,9,7,3,42,38.5497998046875,0
2019,9,7,3,42,40.3997998046875,0
2019,9,7,3,42,42.1998000488281,0
2019,9,7,3,42,44.0997998046875,0
2019,9,7,3,42,45.9498000488281,0
2019,9,7,3,42,47.7498000488281,0
2019,9,7,3,42,49.6497998046875,0
2019,9,7,3,42,51.4498000488281,0
2019,9,7,3,42,53.2997998046875,0
2019,9,7,3,42,55.1497998046875,0
2019,9,7,3,42,56.9998000488281,0
2019,9,7,3,42,58.8497998046875,0
2019,9,7,3,43,0.699800048828125,0
2019,9,7,3,43,2.5497998046875,0
2019,9,7,3,43,4.3997998046875,0
2019,9,7,3,43,6.24980004882813,0
2019,9,7,3,43,8.1497998046875,0
2019,9,7,3,43,9.94980004882813,0
2019,9,7,3,43,11.8497998046875,0
2019,9,7,3,43,13.6497998046875,0
2019,9,7,3,43,15.4998000488281,0
2019,9,7,3,43,17.3997998046875,0
2019,9,7,3,43,19.2498000488281,0
2019,9,7,3,43,21.0497998046875,0
2019,9,7,3,43,22.8997998046875,0
2019,9,7,3,43,24.7498000488281,0
2019,9,7,3,43,26.5997998046875,0
2019,9,7,3,43,28.4498000488281,0
2019,9,7,3,43,30.3497998046875,0
2019,9,7,3,43,32.1497998046875,0
2019,9,7,3,43,34.0497998046875,0
2019,9,7,3,43,35.8997998046875,0
2019,9,7,3,43,37.6998000488281,0
2019,9,7,3,43,39.5497998046875,0
2019,9,7,3,43,41.3997998046875,0
2019,9,7,3,43,43.2498000488281,0
2019,9,7,3,43,45.0997998046875,0
2019,9,7,3,43,46.9498000488281,0
2019,9,7,3,43,48.7997998046875,0
2019,9,7,3,43,50.6497998046875,0
2019,9,7,3,43,52.4998000488281,0
2019,9,7,3,43,54.3497998046875,0
2019,9,7,3,43,56.1998000488281,0
2019,9,7,3,43,58.0497998046875,0
2019,9,7,3,43,59.8997998046875,0
2019,9,7,3,44,1.74980004882813,0
2019,9,7,3,44,3.5997998046875,0
2019,9,7,3,44,5.44980004882813,0
2019,9,7,3,44,7.2997998046875,0
2019,9,7,3,44,9.1497998046875,0
2019,9,7,3,44,10.9998000488281,0
2019,9,7,3,44,12.8497998046875,0
2019,9,7,3,44,14.6998000488281,0
2019,9,7,3,44,16.5497998046875,0
2019,9,7,3,44,18.3997998046875,0
2019,9,7,3,44,20.2498000488281,0
2019,9,7,3,44,22.1497998046875,0
2019,9,7,3,44,23.9498000488281,0
2019,9,7,3,44,25.7997998046875,0
2019,9,7,3,44,27.6998000488281,0
2019,9,7,3,44,29.5497998046875,0
2019,9,7,3,44,31.3497998046875,0
2019,9,7,3,44,33.2498000488281,0
2019,9,7,3,44,35.0997998046875,0
2019,9,7,3,44,36.8997998046875,0
2019,9,7,3,44,38.7997998046875,0
2019,9,7,3,44,40.5997998046875,0
2019,9,7,3,44,42.4498000488281,0
2019,9,7,3,44,44.3497998046875,0
2019,9,7,3,44,46.1998000488281,0
2019,9,7,3,44,48.0497998046875,0
2019,9,7,3,44,49.8997998046875,0
2019,9,7,3,44,51.7498000488281,0
2019,9,7,3,44,53.5997998046875,0
2019,9,7,3,44,55.4498000488281,0
2019,9,7,3,44,57.2997998046875,0
2019,9,7,3,44,59.1497998046875,0
2019,9,7,3,45,0.999800048828125,0
2019,9,7,3,45,2.7997998046875,0
2019,9,7,3,45,4.6497998046875,0
2019,9,7,3,45,6.49980004882813,0
2019,9,7,3,45,8.3497998046875,0
2019,9,7,3,45,10.2498000488281,0
2019,9,7,3,45,12.0997998046875,0
2019,9,7,3,45,13.9498000488281,0
2019,9,7,3,45,15.7997998046875,0
2019,9,7,3,45,17.5997998046875,0
2019,9,7,3,45,19.4498000488281,0
2019,9,7,3,45,21.3497998046875,0
2019,9,7,3,45,23.1998000488281,0
2019,9,7,3,45,24.9998000488281,0
2019,9,7,3,45,26.8997998046875,0
2019,9,7,3,45,28.7498000488281,0
2019,9,7,3,45,30.5997998046875,0
2019,9,7,3,45,32.4498000488281,0
2019,9,7,3,45,34.2997998046875,0
2019,9,7,3,45,36.1497998046875,0
2019,9,7,3,45,37.9498000488281,0
2019,9,7,3,45,39.7997998046875,0
2019,9,7,3,45,41.6998000488281,0
2019,9,7,3,45,43.4998000488281,0
2019,9,7,3,45,45.3497998046875,0
2019,9,7,3,45,47.1998000488281,0
2019,9,7,3,45,49.0497998046875,0
2019,9,7,3,45,50.9498000488281,0
2019,9,7,3,45,52.7997998046875,0
2019,9,7,3,45,54.6497998046875,0
2019,9,7,3,45,56.4998000488281,0
2019,9,7,3,45,58.3497998046875,0
2019,9,7,3,46,0.199800048828125,0
2019,9,7,3,46,2.0497998046875,0
2019,9,7,3,46,3.8997998046875,0
2019,9,7,3,46,5.74980004882813,0
2019,9,7,3,46,7.5997998046875,0
2019,9,7,3,46,9.44980004882813,0
2019,9,7,3,46,11.2997998046875,0
2019,9,7,3,46,13.1497998046875,0
2019,9,7,3,46,14.9998000488281,0
2019,9,7,3,46,16.8497998046875,0
2019,9,7,3,46,18.6998000488281,0
2019,9,7,3,46,20.5497998046875,0
2019,9,7,3,46,22.3997998046875,0
2019,9,7,3,46,24.2498000488281,0
2019,9,7,3,46,26.0997998046875,0
2019,9,7,3,46,27.9498000488281,0
2019,9,7,3,46,29.7997998046875,0
2019,9,7,3,46,31.6497998046875,0
2019,9,7,3,46,33.4498000488281,0
2019,9,7,3,46,35.3497998046875,0
2019,9,7,3,46,37.1998000488281,0
2019,9,7,3,46,38.9998000488281,0
2019,9,7,3,46,40.8997998046875,0
2019,9,7,3,46,42.7498000488281,0
2019,9,7,3,46,44.5997998046875,0
2019,9,7,3,46,46.3997998046875,0
2019,9,7,3,46,48.2997998046875,0
2019,9,7,3,46,50.1497998046875,0
2019,9,7,3,46,51.9998000488281,0
2019,9,7,3,46,53.8497998046875,0
2019,9,7,3,46,55.6998000488281,0
2019,9,7,3,46,57.5497998046875,0
2019,9,7,3,46,59.3997998046875,0
2019,9,7,3,47,1.24980004882813,0
2019,9,7,3,47,3.0497998046875,0
2019,9,7,3,47,4.94980004882813,0
2019,9,7,3,47,6.7997998046875,0
2019,9,7,3,47,8.5997998046875,0
2019,9,7,3,47,10.4498000488281,0
2019,9,7,3,47,12.2997998046875,0
2019,9,7,3,47,14.1497998046875,0
2019,9,7,3,47,15.9998000488281,0
2019,9,7,3,47,17.8497998046875,0
2019,9,7,3,47,19.6998000488281,0
2019,9,7,3,47,21.5997998046875,0
2019,9,7,3,47,23.3997998046875,0
2019,9,7,3,47,25.2997998046875,0
2019,9,7,3,47,27.1497998046875,0
2019,9,7,3,47,28.9498000488281,0
2019,9,7,3,47,30.7997998046875,0
2019,9,7,3,47,32.6497998046875,0
2019,9,7,3,47,34.4998000488281,0
2019,9,7,3,47,36.3497998046875,0
2019,9,7,3,47,38.1998000488281,0
2019,9,7,3,47,40.0497998046875,0
2019,9,7,3,50,27.7498000488281,0
2019,9,7,3,50,29.5997998046875,0
2019,9,7,3,50,31.4498000488281,0
2019,9,7,3,50,33.2997998046875,0
2019,9,7,3,50,35.0997998046875,0
2019,9,7,3,50,36.8497998046875,0
2019,9,7,3,50,38.6497998046875,0
2019,9,7,3,50,40.4998000488281,0
2019,9,7,3,50,42.5497998046875,0
2019,9,7,3,50,44.4498000488281,0
2019,9,7,3,50,46.1998000488281,0
2019,9,7,3,50,47.8497998046875,0
2019,9,7,3,50,49.4498000488281,0
2019,9,7,3,50,51.2498000488281,0
2019,9,7,3,50,53.0497998046875,0
2019,9,7,3,50,54.8997998046875,0
2019,9,7,3,50,56.7997998046875,0
2019,9,7,3,50,58.6497998046875,0
2019,9,7,3,51,0.499800048828125,0
2019,9,7,3,51,2.3497998046875,0
2019,9,7,3,51,4.19980004882813,0
2019,9,7,3,51,6.0497998046875,0
2019,9,7,3,51,7.8997998046875,0
2019,9,7,3,51,9.74980004882812,0
2019,9,7,3,51,11.5997998046875,0
2019,9,7,3,51,13.4498000488281,0
2019,9,7,3,51,15.2997998046875,0
2019,9,7,3,51,17.1497998046875,0
2019,9,7,3,51,18.9998000488281,0
2019,9,7,3,51,20.8497998046875,0
2019,9,7,3,51,22.6998000488281,0
2019,9,7,3,51,24.5497998046875,0
2019,9,7,3,51,26.3997998046875,0
2019,9,7,3,51,28.2498000488281,0
2019,9,7,3,51,30.0997998046875,0
2019,9,7,3,51,31.9498000488281,0
2019,9,7,3,51,33.7997998046875,0
2019,9,7,3,51,35.6497998046875,0
2019,9,7,3,51,37.4998000488281,0
2019,9,7,3,51,39.3497998046875,0
2019,9,7,3,51,41.1998000488281,0
2019,9,7,3,51,43.0497998046875,0
2019,9,7,3,51,44.8997998046875,0
2019,9,7,3,51,46.7498000488281,0
2019,9,7,3,51,48.5997998046875,0
2019,9,7,3,51,50.4498000488281,0
2019,9,7,3,51,52.3497998046875,0
2019,9,7,3,51,54.1998000488281,0
2019,9,7,3,51,56.0997998046875,0
2019,9,7,3,51,57.9998000488281,0
2019,9,7,3,51,59.8497998046875,0
2019,9,7,3,52,1.69980004882812,0
2019,9,7,3,52,3.5497998046875,0
2019,9,7,3,52,5.3997998046875,0
2019,9,7,3,52,7.24980004882813,0
2019,9,7,3,52,9.0997998046875,0
2019,9,7,3,52,10.8997998046875,0
2019,9,7,3,52,12.6998000488281,0
2019,9,7,3,52,14.4998000488281,0
2019,9,7,3,52,16.3497998046875,0
2019,9,7,3,52,18.2498000488281,0
2019,9,7,3,52,20.0997998046875,0
2019,9,7,3,52,21.9498000488281,0
2019,9,7,3,52,23.8497998046875,0
2019,9,7,3,52,25.7498000488281,0
2019,9,7,3,52,27.5997998046875,0
2019,9,7,3,52,29.4998000488281,0
2019,9,7,3,52,31.3997998046875,0
2019,9,7,3,52,33.2997998046875,0
2019,9,7,3,52,35.1497998046875,0
2019,9,7,3,52,37.0497998046875,0
2019,9,7,3,52,38.8997998046875,0
2019,9,7,3,52,40.7997998046875,0
2019,9,7,3,52,42.6497998046875,0
2019,9,7,3,52,44.4998000488281,0
2019,9,7,3,52,46.3497998046875,0
2019,9,7,3,52,48.2498000488281,0
2019,9,7,3,52,50.0997998046875,0
2019,9,7,3,52,51.9498000488281,0
2019,9,7,3,52,53.7997998046875,0
2019,9,7,3,52,55.6497998046875,0
2019,9,7,3,52,57.4998000488281,0
2019,9,7,3,52,59.3997998046875,0
2019,9,7,3,53,1.24980004882813,0
2019,9,7,3,53,3.0997998046875,0
2019,9,7,3,53,4.94980004882813,0
2019,9,7,3,53,6.7997998046875,0
2019,9,7,3,53,8.6497998046875,0
2019,9,7,3,53,10.4998000488281,0
2019,9,7,4,20,58.1497998046875,0
2019,9,7,4,21,0.1497998046875,0
2019,9,7,4,21,2.0497998046875,0
2019,9,7,4,21,4.0497998046875,0
2019,9,7,4,21,5.8997998046875,0
2019,9,7,4,21,7.74980004882813,0
2019,9,7,4,21,9.5497998046875,0
2019,9,7,4,21,11.3497998046875,0
2019,9,7,4,21,13.1497998046875,0
2019,9,7,4,21,14.9498000488281,0
2019,9,7,4,21,16.7498000488281,0
2019,9,7,4,21,18.5497998046875,0
2019,9,7,4,21,20.3997998046875,0
2019,9,7,4,21,22.1998000488281,0
2019,9,7,4,21,24.0497998046875,0
2019,9,7,4,21,25.8497998046875,0
2019,9,7,4,21,27.6998000488281,0
2019,9,7,4,21,29.4998000488281,0
2019,9,7,4,21,31.3497998046875,0
2019,9,7,4,21,33.1998000488281,0
2019,9,7,4,21,35.0497998046875,0
2019,9,7,4,21,36.8997998046875,0
2019,9,7,4,21,38.7498000488281,0
2019,9,7,4,21,40.5997998046875,0
2019,9,7,4,21,42.3997998046875,0
2019,9,7,4,21,44.2498000488281,0
2019,9,7,4,21,46.0997998046875,0
2019,9,7,4,21,47.9498000488281,0
2019,9,7,4,21,49.7997998046875,0
2019,9,7,4,21,51.6497998046875,0
2019,9,7,4,21,53.4998000488281,0
2019,9,7,4,21,55.3497998046875,0
2019,9,7,4,21,57.1497998046875,0
2019,9,7,4,21,58.9998000488281,0
2019,9,7,4,22,0.8497998046875,0
2019,9,7,4,22,2.69980004882812,0
2019,9,7,4,22,4.5497998046875,0
2019,9,7,4,22,6.3997998046875,0
2019,9,7,4,22,8.24980004882812,0
2019,9,7,4,22,10.0997998046875,0
2019,9,7,4,22,11.9498000488281,0
2019,9,7,4,22,13.7997998046875,0
2019,9,7,4,22,15.6497998046875,0
2019,9,7,4,22,17.4998000488281,0
2019,9,7,4,22,19.3997998046875,0
2019,9,7,4,22,21.2498000488281,0
2019,9,7,4,22,23.0997998046875,0
2019,9,7,4,22,24.9498000488281,0
2019,9,7,4,22,26.7997998046875,0
2019,9,7,4,22,28.6497998046875,0
2019,9,7,4,22,30.4998000488281,0
2019,9,7,4,22,32.3497998046875,0
2019,9,7,4,22,34.1998000488281,0
2019,9,7,4,22,36.0497998046875,0
2019,9,7,4,22,37.8997998046875,0
2019,9,7,4,22,39.7498000488281,0
2019,9,7,4,22,41.5997998046875,0
2019,9,7,4,22,43.4498000488281,0
2019,9,7,4,22,45.2997998046875,0
2019,9,7,4,22,47.1497998046875,0
2019,9,7,4,22,48.9998000488281,0
2019,9,7,4,22,50.8497998046875,0
2019,9,7,4,22,52.6998000488281,0
2019,9,7,4,22,54.5497998046875,0
2019,9,7,4,22,56.3997998046875,0
2019,9,7,4,22,58.2498000488281,0
2019,9,7,4,23,0.1497998046875,0
2019,9,7,4,23,1.99980004882813,0
2019,9,7,4,23,3.8497998046875,0
2019,9,7,4,23,5.6497998046875,0
2019,9,7,4,23,7.49980004882813,0
2019,9,7,4,23,9.3997998046875,0
2019,9,7,4,23,11.2498000488281,0
2019,9,7,4,23,13.0997998046875,0
2019,9,7,4,23,14.9498000488281,0
2019,9,7,4,23,16.7997998046875,0
2019,9,7,4,23,18.6497998046875,0
2019,9,7,4,23,20.4998000488281,0
2019,9,7,4,23,22.3497998046875,0
2019,9,7,4,23,24.1998000488281,0
2019,9,7,4,23,26.0497998046875,0
2019,9,7,4,23,27.8997998046875,0
2019,9,7,4,23,29.7498000488281,0
2019,9,7,4,23,31.5497998046875,0
2019,9,7,4,23,33.3997998046875,0
2019,9,7,4,23,35.2498000488281,0
2019,9,7,4,23,37.0997998046875,0
2019,9,7,4,23,38.9498000488281,0
2019,9,7,4,23,40.7997998046875,0
2019,9,7,4,23,42.6497998046875,0
2019,9,7,4,23,44.4998000488281,0
2019,9,7,4,23,46.3497998046875,0
2019,9,7,4,23,48.1998000488281,0
2019,9,7,4,23,50.0497998046875,0
2019,9,7,4,23,51.8997998046875,0
2019,9,7,4,23,53.7498000488281,0
2019,9,7,4,23,55.5997998046875,0
2019,9,7,4,23,57.4498000488281,0
2019,9,7,4,23,59.2997998046875,0
2019,9,7,4,24,1.1497998046875,0
2019,9,7,4,24,2.99980004882813,0
2019,9,7,4,24,4.8497998046875,0
2019,9,7,4,24,6.69980004882813,0
2019,9,7,4,24,8.5497998046875,0
2019,9,7,4,24,10.3997998046875,0
2019,9,7,4,24,12.2498000488281,0
2019,9,7,4,24,14.0997998046875,0
2019,9,7,4,24,15.9498000488281,0
2019,9,7,4,24,17.7997998046875,0
2019,9,7,4,24,19.6497998046875,0
2019,9,7,4,24,21.4998000488281,0
2019,9,7,4,24,23.3497998046875,0
2019,9,7,4,24,25.1998000488281,0
2019,9,7,4,24,27.0497998046875,0
2019,9,7,4,24,28.8997998046875,0
2019,9,7,4,24,30.7498000488281,0
2019,9,7,4,24,32.5997998046875,0
2019,9,7,4,24,34.4498000488281,0
2019,9,7,4,24,36.2997998046875,0
2019,9,7,4,24,38.1497998046875,0
2019,9,7,4,24,39.9998000488281,0
2019,9,7,4,24,41.8497998046875,0
2019,9,7,4,24,43.6998000488281,0
2019,9,7,4,24,45.5497998046875,0
2019,9,7,4,24,47.3997998046875,0
2019,9,7,4,24,49.2498000488281,0
2019,9,7,4,24,51.0997998046875,0
2019,9,7,4,24,52.9498000488281,0
2019,9,7,4,24,54.7997998046875,0
2019,9,7,4,24,56.6497998046875,0
2019,9,7,4,24,58.4998000488281,0
2019,9,7,4,25,0.3497998046875,0
2019,9,7,4,25,2.19980004882812,0
2019,9,7,4,25,4.0497998046875,0
2019,9,7,4,25,5.8997998046875,0
2019,9,7,4,25,7.74980004882813,0
2019,9,7,4,25,9.5997998046875,0
2019,9,7,4,25,11.4498000488281,0
2019,9,7,4,25,13.2997998046875,0
2019,9,7,4,25,15.1497998046875,0
2019,9,7,4,25,16.9998000488281,0
2019,9,7,4,25,18.8497998046875,0
2019,9,7,4,25,20.6998000488281,0
2019,9,7,4,25,53.9998000488281,0
2019,9,7,4,25,55.8497998046875,0
2019,9,7,4,25,57.6998000488281,0
2019,9,7,4,25,59.5497998046875,0
2019,9,7,4,26,1.3997998046875,0
2019,9,7,4,26,3.24980004882813,0
2019,9,7,4,26,5.0997998046875,0
2019,9,7,4,26,6.94980004882813,0
2019,9,7,4,26,8.7997998046875,0
2019,9,7,4,26,10.6497998046875,0
2019,9,7,4,26,12.4998000488281,0
2019,9,7,4,26,14.3497998046875,0
2019,9,7,4,26,16.1998000488281,0
2019,9,7,4,26,18.0497998046875,0
2019,9,7,4,26,19.8997998046875,0
2019,9,7,4,26,21.7498000488281,0
2019,9,7,4,26,23.5997998046875,0
2019,9,7,4,26,25.4498000488281,0
2019,9,7,4,26,27.2997998046875,0
2019,9,7,4,26,29.1497998046875,0
2019,9,7,4,26,30.9998000488281,0
2019,9,7,4,26,32.8497998046875,0
2019,9,7,4,26,34.6998000488281,0
2019,9,7,4,26,36.5497998046875,0
2019,9,7,4,26,38.3997998046875,0
2019,9,7,4,26,40.2498000488281,0
2019,9,7,4,26,42.0997998046875,0
2019,9,7,4,26,43.9498000488281,0
2019,9,7,4,26,45.7997998046875,0
2019,9,7,4,26,47.6497998046875,0
2019,9,7,4,26,49.4998000488281,0
2019,9,7,4,26,51.3497998046875,0
2019,9,7,4,26,53.1998000488281,0
2019,9,7,4,26,55.0497998046875,0
2019,9,7,4,26,56.8997998046875,0
2019,9,7,4,26,58.7498000488281,0
2019,9,7,4,27,0.5997998046875,0
2019,9,7,4,27,2.44980004882812,0
2019,9,7,4,27,4.2997998046875,0
2019,9,7,4,27,6.1497998046875,0
2019,9,7,4,27,7.99980004882813,0
2019,9,7,4,27,9.8497998046875,0
2019,9,7,4,27,11.6998000488281,0
2019,9,7,4,27,13.5497998046875,0
2019,9,7,4,27,15.3997998046875,0
2019,9,7,4,27,17.2498000488281,0
2019,9,7,4,27,19.0997998046875,0
2019,9,7,4,27,20.9498000488281,0
2019,9,7,4,27,22.7997998046875,0
2019,9,7,4,27,24.6497998046875,0
2019,9,7,4,27,26.4998000488281,0
2019,9,7,4,27,28.3497998046875,0
2019,9,7,4,27,30.1998000488281,0
2019,9,7,4,27,32.0497998046875,0
2019,9,7,4,27,33.8997998046875,0
2019,9,7,4,27,35.7498000488281,0
2019,9,7,4,27,37.5997998046875,0
2019,9,7,4,27,39.4498000488281,0
2019,9,7,4,27,41.2997998046875,0
2019,9,7,4,27,43.1497998046875,0
2019,9,7,4,27,44.9998000488281,0
2019,9,7,4,27,46.8497998046875,0
2019,9,7,4,27,48.6998000488281,0
2019,9,7,4,27,50.5497998046875,0
2019,9,7,4,27,52.3997998046875,0
2019,9,7,4,27,54.2498000488281,0
2019,9,7,4,27,56.0997998046875,0
2019,9,7,4,27,57.9498000488281,0
2019,9,7,4,27,59.7997998046875,0
2019,9,7,4,28,1.6497998046875,0
2019,9,7,4,28,3.49980004882813,0
2019,9,7,4,28,5.3497998046875,0
2019,9,7,4,28,7.19980004882813,0
2019,9,7,4,28,9.0497998046875,0
2019,9,7,4,28,10.8997998046875,0
2019,9,7,4,28,12.7498000488281,0
2019,9,7,4,28,14.5997998046875,0
2019,9,7,4,28,16.4498000488281,0
2019,9,7,4,28,18.2997998046875,0
2019,9,7,4,28,20.1497998046875,0
2019,9,7,4,28,21.9998000488281,0
2019,9,7,4,28,23.8497998046875,0
2019,9,7,4,28,25.6998000488281,0
2019,9,7,4,28,27.5497998046875,0
2019,9,7,4,28,29.3997998046875,0
2019,9,7,4,28,31.2498000488281,0
2019,9,7,4,28,33.0997998046875,0
2019,9,7,4,28,34.9498000488281,0
2019,9,7,4,28,36.7997998046875,0
2019,9,7,4,28,38.6497998046875,0
2019,9,7,4,28,40.4998000488281,0
2019,9,7,4,28,42.3497998046875,0
2019,9,7,4,28,44.1998000488281,0
2019,9,7,4,28,46.0497998046875,0
2019,9,7,4,28,47.8997998046875,0
2019,9,7,4,28,49.7498000488281,0
2019,9,7,4,28,51.5997998046875,0
2019,9,7,4,28,53.4498000488281,0
2019,9,7,4,28,55.2997998046875,0
2019,9,7,4,28,57.1497998046875,0
2019,9,7,4,28,58.9998000488281,0
2019,9,7,4,29,0.8497998046875,0
2019,9,7,4,29,2.69980004882812,0
2019,9,7,4,29,4.5497998046875,0
2019,9,7,4,29,6.3997998046875,0
2019,9,7,4,29,8.24980004882812,0
2019,9,7,4,29,10.0997998046875,0
2019,9,7,4,29,11.9498000488281,0
2019,9,7,4,29,13.7997998046875,0
2019,9,7,4,29,15.6497998046875,0
2019,9,7,4,29,17.4998000488281,0
2019,9,7,4,29,19.3497998046875,0
2019,9,7,4,29,21.1998000488281,0
2019,9,7,4,29,23.0497998046875,0
2019,9,7,4,29,24.8997998046875,0
2019,9,7,4,29,26.7498000488281,0
2019,9,7,4,29,28.5997998046875,0
2019,9,7,4,29,30.4498000488281,0
2019,9,7,4,29,32.2997998046875,0
2019,9,7,4,29,34.1497998046875,0
2019,9,7,4,29,35.9998000488281,0
2019,9,7,4,29,37.9998000488281,0
2019,9,7,4,29,40.0497998046875,0
2019,9,7,4,29,41.9498000488281,0
2019,9,7,4,29,43.7498000488281,0
2019,9,7,4,29,45.5997998046875,0
2019,9,7,4,29,47.3997998046875,0
2019,9,7,4,29,49.1998000488281,0
2019,9,7,4,29,50.9998000488281,0
2019,9,7,4,29,52.8497998046875,0
2019,9,7,4,29,54.6497998046875,0
2019,9,7,4,29,56.4998000488281,0
2019,9,7,4,29,58.3497998046875,0
2019,9,7,4,30,0.1497998046875,0
2019,9,7,4,30,1.99980004882813,0
2019,9,7,4,30,3.8497998046875,0
2019,9,7,4,30,5.69980004882813,0
2019,9,7,4,30,7.49980004882813,0
2019,9,7,4,30,9.3497998046875,0
2019,9,7,4,30,11.1998000488281,0
2019,9,7,4,30,13.0497998046875,0
2019,9,7,4,30,14.8997998046875,0
2019,9,7,4,30,16.7498000488281,0
2019,9,7,4,30,18.5997998046875,0
2019,9,7,4,30,20.4498000488281,0
2019,9,7,4,30,22.2997998046875,0
2019,9,7,4,30,24.1497998046875,0
2019,9,7,4,30,25.9998000488281,0
2019,9,7,4,30,27.8497998046875,0
2019,9,7,4,30,29.6497998046875,0
2019,9,7,4,30,31.4998000488281,0
2019,9,7,4,30,33.3497998046875,0
2019,9,7,4,30,35.1998000488281,0
2019,9,7,4,30,37.0497998046875,0
2019,9,7,4,30,38.8997998046875,0
2019,9,7,4,30,40.7498000488281,0
2019,9,7,4,30,42.5997998046875,0
2019,9,7,4,30,44.4498000488281,0
2019,9,7,4,30,46.2997998046875,0
2019,9,7,4,30,48.1497998046875,0
2019,9,7,4,30,49.9998000488281,0
2019,9,7,4,30,51.8497998046875,0
2019,9,7,4,30,53.6998000488281,0
2019,9,7,4,30,55.5497998046875,0
2019,9,7,4,30,57.3997998046875,0
2019,9,7,4,30,59.2498000488281,0
2019,9,7,4,31,1.0997998046875,0
2019,9,7,4,31,2.94980004882812,0
2019,9,7,4,31,4.7997998046875,0
2019,9,7,4,31,6.6497998046875,0
2019,9,7,4,31,8.49980004882812,0
2019,9,7,4,31,10.3497998046875,0
2019,9,7,4,31,12.1998000488281,0
2019,9,7,4,31,14.0497998046875,0
2019,9,7,4,31,15.8997998046875,0
2019,9,7,4,31,17.7498000488281,0
2019,9,7,4,31,19.5997998046875,0
2019,9,7,4,31,21.4498000488281,0
2019,9,7,4,31,23.2997998046875,0
2019,9,7,4,31,25.1497998046875,0
2019,9,7,4,31,26.9998000488281,0
2019,9,7,4,31,28.8497998046875,0
2019,9,7,4,31,30.6998000488281,0
2019,9,7,4,31,32.5497998046875,0
2019,9,7,4,31,34.3997998046875,0
2019,9,7,4,31,36.2498000488281,0
2019,9,7,4,31,38.0997998046875,0
2019,9,7,4,31,39.9498000488281,0
2019,9,7,4,31,41.7997998046875,0
2019,9,7,4,31,43.6998000488281,0
2019,9,7,4,31,45.5497998046875,0
2019,9,7,4,31,47.3997998046875,0
2019,9,7,4,31,49.2498000488281,0
2019,9,7,4,31,51.0497998046875,0
2019,9,7,4,31,52.8997998046875,0
2019,9,7,4,31,54.7498000488281,0
2019,9,7,4,31,56.5997998046875,0
2019,9,7,4,31,58.4498000488281,0
2019,9,7,4,32,0.2997998046875,0
2019,9,7,4,32,2.1497998046875,0
2019,9,7,4,32,3.99980004882813,0
2019,9,7,4,32,5.8497998046875,0
2019,9,7,4,32,7.69980004882813,0
2019,9,7,4,32,9.5497998046875,0
2019,9,7,4,32,11.3997998046875,0
2019,9,7,4,32,13.2498000488281,0
2019,9,7,4,32,15.0997998046875,0
2019,9,7,4,32,16.9498000488281,0
2019,9,7,4,32,18.7997998046875,0
2019,9,7,4,32,20.6497998046875,0
2019,9,7,4,32,22.4998000488281,0
2019,9,7,4,32,24.3497998046875,0
2019,9,7,4,32,26.1998000488281,0
2019,9,7,4,32,28.0497998046875,0
2019,9,7,4,32,29.8997998046875,0
2019,9,7,4,32,31.7498000488281,0
2019,9,7,4,32,33.5997998046875,0
2019,9,7,4,32,35.4498000488281,0
2019,9,7,4,32,37.2997998046875,0
2019,9,7,4,32,39.1497998046875,0
2019,9,7,4,32,40.9998000488281,0
2019,9,7,4,32,42.8497998046875,0
2019,9,7,4,32,44.6998000488281,0
2019,9,7,4,32,46.5497998046875,0
2019,9,7,4,32,48.3997998046875,0
2019,9,7,4,32,50.2498000488281,0
2019,9,7,4,32,52.0997998046875,0
2019,9,7,4,32,53.9498000488281,0
2019,9,7,4,32,55.7997998046875,0
2019,9,7,4,32,57.6497998046875,0
2019,9,7,4,34,38.9998000488281,0
2019,9,7,4,34,40.8497998046875,0
2019,9,7,4,34,42.6998000488281,0
2019,9,7,4,34,44.5497998046875,0
2019,9,7,4,34,46.3997998046875,0
2019,9,7,4,34,48.2498000488281,0
2019,9,7,4,34,50.0997998046875,0
2019,9,7,4,34,51.9498000488281,0
2019,9,7,4,34,53.7997998046875,0
2019,9,7,4,34,55.6497998046875,0
2019,9,7,4,34,57.5497998046875,0
2019,9,7,4,34,59.3497998046875,0
2019,9,7,4,35,1.19980004882813,0
2019,9,7,4,35,3.0497998046875,0
2019,9,7,4,35,4.94980004882813,0
2019,9,7,4,35,6.74980004882813,0
2019,9,7,4,35,8.5997998046875,0
2019,9,7,4,35,10.4498000488281,0
2019,9,7,4,35,12.2997998046875,0
2019,9,7,4,35,14.1497998046875,0
2019,9,7,4,35,15.9998000488281,0
2019,9,7,4,35,17.8497998046875,0
2019,9,7,4,35,19.6998000488281,0
2019,9,7,4,35,21.5497998046875,0
2019,9,7,4,35,23.3997998046875,0
2019,9,7,4,35,25.2498000488281,0
2019,9,7,4,35,27.0997998046875,0
2019,9,7,4,35,28.9498000488281,0
2019,9,7,4,35,30.7997998046875,0
2019,9,7,4,35,32.6497998046875,0
2019,9,7,4,35,34.4998000488281,0
2019,9,7,4,35,36.3497998046875,0
2019,9,7,4,35,38.1998000488281,0
2019,9,7,4,35,40.0497998046875,0
2019,9,7,4,35,41.8997998046875,0
2019,9,7,4,35,43.7498000488281,0
2019,9,7,4,35,45.5997998046875,0
2019,9,7,4,35,47.4498000488281,0
2019,9,7,4,35,49.2997998046875,0
2019,9,7,4,35,51.1497998046875,0
2019,9,7,4,35,52.9998000488281,0
2019,9,7,4,35,54.8497998046875,0
2019,9,7,4,35,56.6998000488281,0
2019,9,7,4,35,58.5497998046875,0
2019,9,7,4,36,0.3997998046875,0
2019,9,7,4,36,2.24980004882813,0
2019,9,7,4,36,4.0997998046875,0
2019,9,7,4,36,5.94980004882813,0
2019,9,7,4,36,7.7997998046875,0
2019,9,7,4,36,9.6497998046875,0
2019,9,7,4,36,11.4998000488281,0
2019,9,7,4,36,13.3497998046875,0
2019,9,7,4,36,15.1998000488281,0
2019,9,7,4,36,17.0497998046875,0
2019,9,7,4,36,18.8997998046875,0
2019,9,7,4,36,20.7498000488281,0
2019,9,7,4,36,22.5997998046875,0
2019,9,7,4,36,24.4498000488281,0
2019,9,7,4,36,26.2997998046875,0
2019,9,7,4,36,28.1497998046875,0
2019,9,7,4,36,29.9998000488281,0
2019,9,7,4,36,31.8497998046875,0
2019,9,7,4,36,33.6998000488281,0
2019,9,7,4,36,35.5497998046875,0
2019,9,7,4,36,37.3997998046875,0
2019,9,7,4,36,39.2498000488281,0
2019,9,7,4,36,41.0997998046875,0
2019,9,7,4,36,42.9498000488281,0
2019,9,7,4,36,44.7997998046875,0
2019,9,7,4,36,46.6497998046875,0
2019,9,7,4,36,48.4998000488281,0
2019,9,7,4,36,50.3497998046875,0
2019,9,7,4,36,52.1998000488281,0
2019,9,7,4,36,54.0497998046875,0
2019,9,7,4,36,55.8997998046875,0
2019,9,7,4,36,57.7498000488281,0
2019,9,7,4,36,59.5997998046875,0
2019,9,7,4,37,1.44980004882813,0
2019,9,7,4,37,3.2997998046875,0
2019,9,7,4,37,5.1497998046875,0
2019,9,7,4,37,6.99980004882813,0
2019,9,7,4,37,8.8497998046875,0
2019,9,7,4,37,10.6998000488281,0
2019,9,7,4,37,12.5497998046875,0
2019,9,7,4,37,14.3997998046875,0
2019,9,7,4,37,16.2498000488281,0
2019,9,7,4,37,18.0997998046875,0
2019,9,7,4,37,19.9498000488281,0
2019,9,7,4,37,21.7997998046875,0
2019,9,7,4,37,23.6497998046875,0
2019,9,7,4,37,25.4998000488281,0
2019,9,7,4,37,27.3497998046875,0
2019,9,7,4,37,29.1998000488281,0
2019,9,7,4,37,31.0497998046875,0
2019,9,7,4,37,32.8997998046875,0
2019,9,7,4,37,34.7498000488281,0
2019,9,7,4,37,36.5997998046875,0
2019,9,7,4,37,38.4498000488281,0
2019,9,7,4,37,40.2997998046875,0
2019,9,7,4,37,42.1497998046875,0
2019,9,7,4,37,43.9998000488281,0
2019,9,7,4,37,45.8497998046875,0
2019,9,7,4,37,47.6998000488281,0
2019,9,7,4,37,49.5497998046875,0
2019,9,7,4,37,51.3997998046875,0
2019,9,7,4,37,53.2498000488281,0
2019,9,7,4,37,55.0997998046875,0
2019,9,7,4,37,56.9498000488281,0
2019,9,7,4,37,58.7997998046875,0
2019,9,7,4,38,0.6497998046875,0
2019,9,7,4,38,2.49980004882813,0
2019,9,7,4,38,4.3497998046875,0
2019,9,7,4,38,6.19980004882813,0
2019,9,7,4,38,8.0497998046875,0
2019,9,7,4,38,9.8997998046875,0
2019,9,7,4,38,11.7498000488281,0
2019,9,7,4,38,13.5997998046875,0
2019,9,7,4,38,15.4498000488281,0
2019,9,7,4,38,17.2997998046875,0
2019,9,7,4,38,19.1497998046875,0
2019,9,7,4,38,20.9998000488281,0
2019,9,7,4,38,22.8497998046875,0
2019,9,7,4,38,24.6998000488281,0
2019,9,7,4,38,26.5497998046875,0
2019,9,7,4,38,28.3997998046875,0
2019,9,7,4,38,30.2498000488281,0
2019,9,7,4,38,32.0997998046875,0
2019,9,7,4,38,33.9498000488281,0
2019,9,7,4,38,35.7997998046875,0
2019,9,7,4,38,37.6497998046875,0
2019,9,7,4,38,39.4998000488281,0
2019,9,7,4,38,41.3497998046875,0
2019,9,7,4,38,43.1998000488281,0
2019,9,7,4,38,45.0497998046875,0
2019,9,7,4,38,46.8997998046875,0
2019,9,7,4,38,48.7498000488281,0
2019,9,7,4,38,50.5997998046875,0
2019,9,7,4,38,52.4498000488281,0
2019,9,7,4,38,54.2997998046875,0
2019,9,7,4,38,56.1497998046875,0
2019,9,7,4,38,57.9998000488281,0
2019,9,7,4,38,59.8497998046875,0
2019,9,7,4,39,1.69980004882812,0
2019,9,7,4,39,3.5497998046875,0
2019,9,7,4,39,5.3997998046875,0
2019,9,7,4,39,7.24980004882813,0
2019,9,7,4,39,9.0997998046875,0
2019,9,7,4,39,10.9498000488281,0
2019,9,7,4,39,12.7997998046875,0
2019,9,7,4,39,14.6497998046875,0
2019,9,7,4,39,16.4998000488281,0
2019,9,7,4,39,18.3497998046875,0
2019,9,7,4,39,20.1998000488281,0
2019,9,7,4,39,22.0497998046875,0
2019,9,7,4,39,23.8997998046875,0
2019,9,7,4,39,25.7498000488281,0
2019,9,7,4,39,27.5997998046875,0
2019,9,7,4,39,29.4498000488281,0
2019,9,7,4,39,31.2997998046875,0
2019,9,7,4,39,33.1497998046875,0
2019,9,7,4,39,34.9998000488281,0
2019,9,7,4,39,36.8497998046875,0
2019,9,7,4,39,38.6998000488281,0
2019,9,7,4,39,40.5497998046875,0
2019,9,7,4,39,42.3997998046875,0
2019,9,7,4,39,44.2498000488281,0
2019,9,7,4,39,46.0497998046875,0
2019,9,7,4,39,47.7498000488281,0
2019,9,7,4,39,49.4498000488281,0
2019,9,7,4,39,51.2498000488281,0
2019,9,7,4,39,53.1497998046875,0
2019,9,7,4,39,54.9998000488281,0
2019,9,7,4,39,56.8997998046875,0
2019,9,7,4,39,58.7997998046875,0
2019,9,7,4,40,0.699800048828125,0
2019,9,7,4,40,2.5497998046875,0
2019,9,7,4,40,4.3997998046875,0
2019,9,7,4,40,6.2997998046875,0
2019,9,7,4,40,8.1497998046875,0
2019,9,7,4,40,10.0497998046875,0
2019,9,7,4,40,11.8997998046875,0
2019,9,7,4,40,13.7498000488281,0
2019,9,7,4,40,15.5997998046875,0
2019,9,7,4,40,17.4998000488281,0
2019,9,7,4,40,19.3497998046875,0
2019,9,7,4,40,21.1998000488281,0
2019,9,7,4,40,23.0497998046875,0
2019,9,7,4,40,24.8997998046875,0
2019,9,7,4,40,26.7498000488281,0
2019,9,7,4,40,28.6497998046875,0
2019,9,7,4,40,30.4998000488281,0
2019,9,7,4,40,32.3497998046875,0
2019,9,7,4,40,34.1998000488281,0
2019,9,7,4,40,36.0497998046875,0
2019,9,7,4,40,37.8997998046875,0
2019,9,7,4,40,39.7498000488281,0
2019,9,7,4,40,41.5997998046875,0
2019,9,7,4,40,43.4498000488281,0
2019,9,7,4,40,45.2997998046875,0
2019,9,7,4,40,47.1497998046875,0
2019,9,7,4,40,49.0497998046875,0
2019,9,7,4,40,50.8997998046875,0
2019,9,7,4,40,52.7498000488281,0
2019,9,7,4,40,54.5997998046875,0
2019,9,7,4,40,56.4498000488281,0
2019,9,7,4,40,58.2997998046875,0
2019,9,7,4,41,0.1497998046875,0
2019,9,7,4,41,1.99980004882813,0
2019,9,7,4,41,3.8497998046875,0
2019,9,7,4,41,5.69980004882813,0
2019,9,7,4,41,7.5497998046875,0
2019,9,7,4,41,9.3997998046875,0
2019,9,7,4,41,11.2498000488281,0
2019,9,7,4,41,13.0997998046875,0
2019,9,7,4,41,14.9498000488281,0
2019,9,7,4,41,16.7997998046875,0
2019,9,7,4,41,18.6497998046875,0
2019,9,7,4,41,20.4998000488281,0
2019,9,7,4,41,22.3497998046875,0
2019,9,7,4,41,24.1998000488281,0
2019,9,7,4,41,26.0497998046875,0
2019,9,7,4,41,27.8997998046875,0
2019,9,7,4,41,29.6998000488281,0
2019,9,7,4,41,31.5497998046875,0
2019,9,7,4,41,33.3997998046875,0
2019,9,7,4,41,35.2498000488281,0
2019,9,7,4,41,37.0997998046875,0
2019,9,7,4,41,38.9498000488281,0
2019,9,7,4,41,40.7997998046875,0
2019,9,7,4,41,42.6497998046875,0
2019,9,7,4,41,44.4998000488281,0
2019,9,7,4,41,46.3497998046875,0
2019,9,7,4,41,48.1998000488281,0
2019,9,7,4,41,50.0497998046875,0
2019,9,7,4,41,51.8997998046875,0
2019,9,7,4,41,53.7498000488281,0
2019,9,7,4,41,55.5997998046875,0
2019,9,7,4,41,57.4498000488281,0
2019,9,7,4,41,59.2997998046875,0
2019,9,7,4,42,1.1497998046875,0
2019,9,7,4,42,2.99980004882813,0
2019,9,7,4,42,4.8497998046875,0
2019,9,7,4,42,6.69980004882813,0
2019,9,7,4,42,8.5497998046875,0
2019,9,7,4,42,10.3997998046875,0
2019,9,7,4,42,12.2498000488281,0
2019,9,7,4,42,14.0997998046875,0
2019,9,7,4,42,15.9498000488281,0
2019,9,7,4,42,17.7997998046875,0
2019,9,7,4,42,19.6497998046875,0
2019,9,7,4,42,21.4998000488281,0
2019,9,7,4,42,23.3497998046875,0
2019,9,7,4,42,25.1998000488281,0
2019,9,7,4,42,27.0497998046875,0
2019,9,7,4,42,28.8997998046875,0
2019,9,7,4,42,30.7498000488281,0
2019,9,7,4,42,32.5997998046875,0
2019,9,7,4,42,34.4498000488281,0
2019,9,7,4,42,36.2997998046875,0
2019,9,7,4,42,38.1497998046875,0
2019,9,7,4,42,39.9998000488281,0
2019,9,7,4,42,41.8497998046875,0
2019,9,7,4,42,43.6998000488281,0
2019,9,7,4,42,45.5497998046875,0
2019,9,7,4,42,47.3997998046875,0
2019,9,7,4,42,49.2498000488281,0
2019,9,7,4,42,51.0997998046875,0
2019,9,7,4,42,52.9498000488281,0
2019,9,7,4,42,54.7997998046875,0
2019,9,7,4,42,56.6497998046875,0
2019,9,7,4,42,58.4998000488281,0
2019,9,7,4,43,0.3497998046875,0
2019,9,7,4,43,2.19980004882812,0
2019,9,7,4,43,4.0497998046875,0
2019,9,7,4,43,5.8997998046875,0
2019,9,7,4,43,7.74980004882813,0
2019,9,7,4,43,9.5997998046875,1
2019,9,7,4,43,11.4498000488281,1
2019,9,7,4,43,13.2997998046875,1
2019,9,7,4,43,15.1497998046875,1
2019,9,7,4,43,16.9998000488281,1
2019,9,7,4,43,18.8497998046875,1
2019,9,7,4,43,20.6998000488281,1
2019,9,7,4,43,22.5497998046875,1
2019,9,7,4,43,24.3997998046875,1
2019,9,7,4,43,26.2498000488281,1
2019,9,7,4,43,28.0997998046875,1
2019,9,7,4,43,29.9498000488281,1
2019,9,7,4,43,31.7997998046875,1
2019,9,7,4,43,33.6497998046875,1
2019,9,7,4,43,35.4998000488281,2
2019,9,7,4,43,37.3497998046875,2
2019,9,7,4,43,39.1998000488281,2
2019,9,7,4,43,41.0497998046875,2
2019,9,7,4,43,42.8997998046875,2
2019,9,7,4,43,44.7498000488281,2
2019,9,7,4,43,46.5997998046875,2
2019,9,7,4,43,48.4498000488281,2
2019,9,7,4,43,50.2997998046875,2
2019,9,7,4,43,52.1497998046875,2
2019,9,7,4,43,53.9998000488281,2
2019,9,7,4,43,55.8497998046875,2
2019,9,7,4,43,57.6998000488281,1
2019,9,7,4,43,59.5497998046875,1
2019,9,7,4,44,1.3997998046875,1
2019,9,7,4,44,3.24980004882813,1
2019,9,7,4,44,5.0997998046875,1
2019,9,7,4,44,6.94980004882813,1
2019,9,7,4,44,8.7997998046875,1
2019,9,7,4,44,10.6497998046875,1
2019,9,7,4,44,12.4998000488281,1
2019,9,7,4,44,14.3497998046875,0
2019,9,7,4,44,16.1998000488281,0
2019,9,7,4,44,18.0497998046875,0
2019,9,7,4,44,19.8997998046875,0
2019,9,7,4,44,21.7498000488281,0
2019,9,7,4,44,23.5997998046875,0
2019,9,7,4,44,25.4498000488281,0
2019,9,7,4,44,27.2997998046875,0
2019,9,7,4,44,29.1497998046875,0
2019,9,7,4,44,30.9998000488281,0
2019,9,7,4,44,32.8497998046875,0
2019,9,7,4,44,34.6998000488281,0
2019,9,7,4,44,36.5497998046875,0
2019,9,7,4,44,38.3997998046875,0
2019,9,7,4,44,40.2498000488281,0
2019,9,7,4,44,42.0997998046875,0
2019,9,7,4,44,43.9498000488281,0
2019,9,7,4,44,45.7997998046875,0
2019,9,7,4,44,47.6497998046875,0
2019,9,7,4,44,49.4998000488281,0
2019,9,7,4,44,51.3497998046875,0
2019,9,7,4,44,53.1998000488281,0
2019,9,7,4,44,55.0497998046875,0
2019,9,7,4,44,56.8997998046875,0
2019,9,7,4,44,58.7498000488281,0
2019,9,7,4,45,0.5997998046875,0
2019,9,7,4,45,2.44980004882812,0
2019,9,7,4,45,4.2997998046875,0
2019,9,7,4,45,6.1497998046875,0
2019,9,7,4,45,7.99980004882813,0
2019,9,7,4,45,9.8497998046875,0
2019,9,7,4,45,11.6998000488281,0
2019,9,7,4,45,13.5497998046875,0
2019,9,7,4,45,15.3997998046875,0
2019,9,7,4,45,17.2498000488281,0
2019,9,7,4,45,19.0997998046875,0
2019,9,7,4,45,20.9498000488281,0
2019,9,7,4,45,22.7997998046875,0
2019,9,7,4,45,24.6497998046875,0
2019,9,7,4,45,26.4998000488281,0
2019,9,7,4,45,28.3497998046875,0
2019,9,7,4,45,30.1998000488281,0
2019,9,7,4,45,32.0497998046875,0
2019,9,7,4,45,33.8997998046875,0
2019,9,7,4,45,35.7498000488281,0
2019,9,7,4,45,37.5997998046875,0
2019,9,7,4,45,39.4498000488281,0
2019,9,7,4,45,41.2997998046875,0
2019,9,7,4,45,43.1497998046875,0
2019,9,7,4,45,44.9998000488281,0
2019,9,7,4,45,46.8497998046875,0
2019,9,7,4,45,48.6998000488281,0
2019,9,7,4,45,50.5497998046875,0
2019,9,7,4,45,52.3997998046875,0
2019,9,7,4,45,54.2498000488281,0
2019,9,7,4,45,56.0997998046875,0
2019,9,7,4,45,57.9498000488281,0
2019,9,7,4,45,59.7997998046875,0
2019,9,7,4,46,1.6497998046875,0
2019,9,7,4,46,3.49980004882813,0
2019,9,7,4,46,5.3497998046875,0
2019,9,7,4,46,7.19980004882813,0
2019,9,7,4,46,9.0497998046875,0
2019,9,7,4,46,10.8997998046875,0
2019,9,7,4,46,12.7498000488281,0
2019,9,7,4,46,14.5997998046875,0
2019,9,7,4,46,16.4498000488281,0
2019,9,7,4,46,18.2997998046875,0
2019,9,7,4,46,20.1497998046875,0
2019,9,7,4,46,21.9998000488281,0
2019,9,7,4,46,23.8497998046875,0
2019,9,7,4,46,25.6998000488281,0
2019,9,7,4,46,27.5497998046875,0
2019,9,7,4,46,29.3997998046875,0
2019,9,7,4,46,31.2498000488281,0
2019,9,7,4,46,33.0997998046875,0
2019,9,7,4,46,34.9498000488281,0
2019,9,7,4,46,36.7997998046875,0
2019,9,7,4,46,38.6497998046875,0
2019,9,7,4,46,40.4998000488281,0
2019,9,7,4,46,42.3497998046875,0
2019,9,7,4,46,44.1998000488281,0
2019,9,7,4,46,46.0497998046875,0
2019,9,7,4,46,47.8997998046875,0
2019,9,7,4,46,49.7498000488281,0
2019,9,7,4,46,51.5997998046875,0
2019,9,7,4,46,53.4498000488281,0
2019,9,7,4,46,55.2997998046875,0
2019,9,7,4,46,57.1497998046875,0
2019,9,7,4,46,58.9998000488281,0
2019,9,7,4,47,0.8497998046875,0
2019,9,7,4,47,2.69980004882812,0
2019,9,7,4,47,4.5497998046875,0
2019,9,7,4,47,6.3997998046875,0
2019,9,7,4,47,8.24980004882812,0
2019,9,7,4,47,10.0997998046875,0
2019,9,7,4,47,11.9498000488281,0
2019,9,7,4,47,13.7997998046875,0
2019,9,7,4,47,15.6497998046875,0
2019,9,7,4,47,17.4998000488281,0
2019,9,7,4,47,19.3497998046875,0
2019,9,7,4,48,7.99980004882813,0
2019,9,7,4,48,9.8497998046875,0
2019,9,7,4,48,11.6998000488281,0
2019,9,7,4,48,13.5497998046875,0
2019,9,7,4,48,15.3997998046875,0
2019,9,7,4,48,17.2498000488281,0
2019,9,7,4,48,19.0997998046875,0
2019,9,7,4,48,20.9498000488281,0
2019,9,7,4,48,22.7997998046875,0
2019,9,7,4,48,24.6497998046875,0
2019,9,7,4,48,26.4998000488281,0
2019,9,7,4,48,28.3497998046875,0
2019,9,7,4,48,30.1998000488281,0
2019,9,7,4,48,32.0497998046875,0
2019,9,7,4,48,33.8997998046875,0
2019,9,7,4,48,35.7498000488281,0
2019,9,7,4,48,37.5997998046875,0
2019,9,7,4,48,39.4498000488281,0
2019,9,7,4,48,41.2997998046875,0
2019,9,7,4,48,43.1497998046875,0
2019,9,7,4,48,44.9998000488281,0
2019,9,7,4,48,46.8497998046875,0
2019,9,7,4,48,48.6998000488281,0
2019,9,7,4,48,50.5497998046875,0
2019,9,7,4,48,52.3997998046875,0
2019,9,7,4,48,54.2498000488281,0
2019,9,7,4,48,56.0997998046875,0
2019,9,7,4,48,57.9498000488281,0
2019,9,7,4,48,59.7997998046875,0
2019,9,7,4,49,1.6497998046875,0
2019,9,7,4,49,3.49980004882813,0
2019,9,7,4,49,5.3497998046875,0
2019,9,7,4,49,7.19980004882813,0
2019,9,7,4,49,9.0497998046875,0
2019,9,7,4,49,10.8997998046875,0
2019,9,7,4,49,12.7498000488281,0
2019,9,7,4,49,14.5997998046875,0
2019,9,7,4,49,16.4498000488281,0
2019,9,7,4,49,18.2997998046875,0
2019,9,7,4,49,20.1497998046875,0
2019,9,7,4,49,21.9998000488281,0
2019,9,7,4,49,23.8497998046875,0
2019,9,7,4,49,25.6998000488281,0
2019,9,7,4,49,27.5497998046875,0
2019,9,7,4,49,29.3997998046875,0
2019,9,7,4,49,31.2498000488281,0
2019,9,7,4,49,33.0997998046875,0
2019,9,7,4,49,34.9498000488281,0
2019,9,7,4,49,36.7997998046875,0
2019,9,7,4,49,38.6497998046875,0
2019,9,7,4,49,40.4998000488281,0
2019,9,7,4,49,42.3497998046875,0
2019,9,7,4,49,44.1998000488281,0
2019,9,7,4,49,46.0497998046875,0
2019,9,7,4,49,47.8997998046875,0
2019,9,7,4,49,49.7498000488281,0
2019,9,7,4,49,51.5997998046875,0
2019,9,7,4,49,53.4498000488281,0
2019,9,7,4,49,55.2997998046875,0
2019,9,7,4,49,57.1497998046875,0
2019,9,7,4,49,58.9998000488281,0
2019,9,7,4,50,0.8497998046875,0
2019,9,7,4,50,2.69980004882812,0
2019,9,7,4,50,4.5497998046875,0
2019,9,7,4,50,6.3997998046875,0
2019,9,7,4,50,8.24980004882812,0
2019,9,7,4,50,10.0997998046875,0
2019,9,7,4,50,11.9498000488281,0
2019,9,7,4,50,13.7997998046875,0
2019,9,7,4,50,15.6497998046875,0
2019,9,7,4,50,17.4998000488281,0
2019,9,7,4,50,19.3497998046875,0
2019,9,7,4,50,21.1998000488281,0
2019,9,7,4,50,23.0497998046875,0
2019,9,7,4,50,24.8997998046875,0
2019,9,7,4,50,26.7498000488281,0
2019,9,7,4,50,28.5997998046875,0
2019,9,7,4,50,30.4498000488281,0
2019,9,7,4,50,32.2997998046875,0
2019,9,7,4,50,34.1497998046875,0
2019,9,7,4,50,35.9998000488281,0
2019,9,7,4,50,37.8497998046875,0
2019,9,7,4,50,39.6998000488281,0
2019,9,7,4,50,41.5497998046875,0
2019,9,7,4,50,43.3997998046875,0
2019,9,7,4,50,45.2498000488281,0
2019,9,7,4,50,47.0997998046875,0
2019,9,7,4,50,48.9498000488281,0
2019,9,7,4,50,50.7997998046875,0
2019,9,7,4,50,52.6497998046875,0
2019,9,7,4,50,54.4998000488281,0
2019,9,7,4,50,56.3497998046875,0
2019,9,7,4,50,58.1998000488281,0
2019,9,7,4,51,0.0497998046875,0
2019,9,7,4,51,1.8997998046875,0
2019,9,7,4,51,3.74980004882813,0
2019,9,7,4,51,5.5997998046875,0
2019,9,7,4,51,7.44980004882813,0
2019,9,7,4,51,9.2997998046875,0
2019,9,7,4,51,11.1497998046875,0
2019,9,7,4,51,12.9998000488281,0
2019,9,7,4,51,14.8497998046875,0
2019,9,7,4,51,16.6998000488281,0
2019,9,7,4,51,18.5497998046875,0
2019,9,7,4,51,20.3997998046875,0
2019,9,7,4,51,22.2498000488281,0
2019,9,7,4,51,24.0997998046875,0
2019,9,7,4,51,25.9498000488281,0
2019,9,7,4,51,27.7997998046875,0
2019,9,7,4,51,29.6497998046875,0
2019,9,7,4,51,31.4998000488281,0
2019,9,7,4,51,33.3497998046875,0
2019,9,7,4,51,35.1998000488281,0
2019,9,7,4,51,37.0497998046875,0
2019,9,7,4,51,38.8997998046875,0
2019,9,7,4,51,40.7498000488281,0
2019,9,7,4,51,42.5997998046875,0
2019,9,7,4,51,44.4498000488281,0
2019,9,7,4,51,46.2997998046875,0
2019,9,7,4,51,48.1497998046875,0
2019,9,7,4,51,49.9998000488281,0
2019,9,7,4,51,51.8497998046875,0
2019,9,7,4,51,53.6998000488281,0
2019,9,7,4,51,55.5497998046875,0
2019,9,7,4,51,57.3997998046875,0
2019,9,7,4,51,59.2498000488281,0
2019,9,7,4,52,1.0997998046875,0
2019,9,7,4,52,2.94980004882812,0
2019,9,7,4,52,4.7997998046875,0
2019,9,7,4,52,6.6497998046875,0
2019,9,7,4,52,8.49980004882812,0
2019,9,7,4,52,10.3497998046875,0
2019,9,7,4,52,12.1998000488281,0
2019,9,7,4,52,14.0497998046875,0
2019,9,7,4,52,15.8997998046875,0
2019,9,7,4,52,17.7498000488281,0
2019,9,7,4,52,19.5997998046875,0
2019,9,7,4,52,21.4498000488281,0
2019,9,7,4,52,23.2997998046875,0
2019,9,7,4,52,25.1497998046875,0
2019,9,7,4,52,26.9998000488281,0
2019,9,7,4,52,28.8497998046875,0
2019,9,7,4,52,30.6998000488281,0
2019,9,7,4,52,32.5497998046875,0
2019,9,7,4,52,34.3997998046875,0
2019,9,7,4,52,36.2498000488281,0
2019,9,7,4,52,38.0997998046875,0
2019,9,7,4,52,39.9498000488281,0
2019,9,7,4,52,41.7997998046875,0
2019,9,7,4,52,43.6497998046875,0
2019,9,7,4,52,45.4998000488281,0
2019,9,7,4,52,47.3497998046875,0
2019,9,7,4,52,49.1998000488281,0
2019,9,7,4,52,51.0497998046875,0
2019,9,7,4,52,52.8997998046875,0
2019,9,7,4,52,54.7498000488281,0
2019,9,7,4,52,56.5997998046875,0
2019,9,7,4,52,58.4498000488281,0
2019,9,7,4,53,59.9998000488281,0
2019,9,7,4,54,1.8497998046875,0
2019,9,7,4,54,3.69980004882812,0
2019,9,7,4,54,5.5497998046875,0
2019,9,7,4,54,7.3997998046875,0
2019,9,7,4,54,9.24980004882812,0
2019,9,7,4,54,11.0997998046875,0
2019,9,7,4,54,12.9498000488281,0
2019,9,7,4,54,14.7997998046875,0
2019,9,7,4,54,16.6497998046875,0
2019,9,7,4,54,18.4998000488281,0
2019,9,7,4,54,20.3497998046875,0
2019,9,7,4,54,22.1998000488281,0
2019,9,7,4,54,24.0497998046875,0
2019,9,7,4,54,25.8997998046875,0
2019,9,7,4,54,27.7498000488281,0
2019,9,7,4,54,29.5997998046875,0
2019,9,7,4,54,31.4498000488281,0
2019,9,7,4,54,33.2997998046875,0
2019,9,7,4,54,35.1497998046875,0
2019,9,7,4,54,36.9998000488281,0
2019,9,7,4,54,38.8497998046875,0
2019,9,7,4,54,40.6998000488281,0
2019,9,7,4,54,42.5497998046875,0
2019,9,7,4,54,44.3997998046875,0
2019,9,7,4,54,46.2498000488281,0
2019,9,7,4,54,48.0997998046875,0
2019,9,7,4,54,49.9498000488281,0
2019,9,7,4,54,51.7997998046875,0
2019,9,7,4,54,53.6497998046875,0
2019,9,7,4,54,55.4998000488281,0
2019,9,7,4,54,57.3497998046875,0
2019,9,7,4,54,59.1998000488281,0
2019,9,7,4,55,1.0497998046875,0
2019,9,7,4,55,2.8997998046875,0
2019,9,7,4,55,4.74980004882813,1
2019,9,7,4,55,6.5997998046875,1
2019,9,7,4,55,8.44980004882813,2
2019,9,7,4,55,10.2997998046875,2
2019,9,7,4,55,12.1497998046875,2
2019,9,7,4,55,13.9998000488281,2
2019,9,7,4,55,15.8497998046875,2
2019,9,7,4,55,17.6998000488281,2
2019,9,7,4,55,19.5497998046875,2
2019,9,7,4,55,21.3997998046875,2
2019,9,7,4,55,23.2498000488281,2
2019,9,7,4,55,25.0997998046875,2
2019,9,7,4,55,26.9498000488281,2
2019,9,7,4,55,28.7997998046875,2
2019,9,7,4,55,30.6497998046875,2
2019,9,7,4,55,32.4998000488281,2
2019,9,7,4,55,34.3497998046875,2
2019,9,7,4,55,36.1998000488281,2
2019,9,7,4,55,38.0497998046875,2
2019,9,7,4,55,39.8997998046875,2
2019,9,7,4,55,41.7498000488281,2
2019,9,7,4,55,43.5997998046875,2
2019,9,7,4,55,45.4498000488281,2
2019,9,7,4,55,47.2997998046875,2
2019,9,7,4,55,49.1497998046875,2
2019,9,7,4,55,50.9998000488281,2
2019,9,7,4,55,52.8497998046875,2
2019,9,7,4,55,54.6998000488281,2
2019,9,7,4,55,56.5497998046875,2
2019,9,7,4,55,58.3997998046875,1
2019,9,7,4,56,0.249800048828125,1
2019,9,7,4,56,2.0997998046875,0
2019,9,7,4,56,3.94980004882812,0
2019,9,7,4,56,5.7997998046875,0
2019,9,7,4,56,7.6497998046875,0
2019,9,7,4,56,9.49980004882812,0
2019,9,7,4,56,11.3497998046875,0
2019,9,7,4,56,13.1998000488281,0
2019,9,7,4,56,15.0497998046875,0
2019,9,7,4,56,16.8997998046875,0
2019,9,7,4,56,18.7498000488281,0
2019,9,7,4,56,20.5997998046875,0
2019,9,7,4,56,22.4498000488281,0
2019,9,7,4,56,24.2997998046875,0
2019,9,7,4,56,26.1497998046875,0
2019,9,7,4,56,27.9998000488281,0
2019,9,7,4,56,29.8497998046875,0
2019,9,7,4,56,31.6998000488281,0
2019,9,7,4,56,33.5497998046875,0
2019,9,7,4,56,35.3997998046875,0
2019,9,7,4,56,37.2498000488281,0
2019,9,7,4,56,39.0997998046875,0
2019,9,7,4,56,40.9498000488281,0
2019,9,7,4,56,42.7997998046875,0
2019,9,7,4,56,44.6497998046875,0
2019,9,7,4,56,46.4998000488281,0
2019,9,7,4,56,48.3497998046875,0
2019,9,7,4,56,50.1998000488281,0
2019,9,7,4,56,52.0497998046875,0
2019,9,7,4,56,53.8997998046875,0
2019,9,7,4,56,55.7498000488281,0
2019,9,7,4,56,57.5997998046875,0
2019,9,7,4,56,59.4498000488281,0
2019,9,7,4,57,1.2997998046875,0
2019,9,7,4,57,3.1497998046875,0
2019,9,7,4,57,4.99980004882813,0
2019,9,7,4,57,6.8497998046875,0
2019,9,7,4,57,8.69980004882813,0
2019,9,7,4,57,10.5497998046875,0
2019,9,7,4,57,12.3997998046875,0
2019,9,7,4,57,14.2498000488281,0
2019,9,7,4,57,16.0997998046875,0
2019,9,7,4,57,17.9498000488281,0
2019,9,7,4,57,19.7997998046875,0
2019,9,7,4,57,21.6497998046875,0
2019,9,7,4,57,23.4998000488281,0
2019,9,7,4,57,25.3497998046875,0
2019,9,7,4,57,27.1998000488281,0
2019,9,7,4,57,29.0497998046875,0
2019,9,7,4,57,30.8997998046875,0
2019,9,7,4,57,32.7498000488281,0
2019,9,7,4,57,34.5997998046875,0
2019,9,7,4,57,36.4498000488281,0
2019,9,7,4,57,38.2997998046875,0
2019,9,7,4,57,40.1497998046875,0
2019,9,7,4,57,41.9998000488281,0
2019,9,7,4,57,43.8497998046875,0
2019,9,7,4,57,45.6998000488281,0
2019,9,7,4,57,47.5497998046875,0
2019,9,7,4,57,49.3997998046875,0
2019,9,7,4,57,51.2498000488281,0
2019,9,7,4,57,53.0997998046875,0
2019,9,7,4,57,54.9498000488281,0
2019,9,7,4,57,56.7997998046875,0
2019,9,7,4,57,58.6497998046875,0
2019,9,7,4,58,0.499800048828125,0
2019,9,7,4,58,2.3497998046875,0
2019,9,7,4,58,4.19980004882813,0
2019,9,7,4,58,6.0497998046875,0
2019,9,7,4,58,7.8997998046875,0
2019,9,7,4,58,9.74980004882812,0
2019,9,7,4,58,11.5997998046875,0
2019,9,7,4,58,13.4498000488281,0
2019,9,7,4,58,15.2997998046875,0
2019,9,7,4,58,17.1497998046875,0
2019,9,7,4,58,18.9998000488281,0
2019,9,7,4,58,20.8497998046875,0
2019,9,7,4,58,22.6998000488281,0
2019,9,7,4,58,24.5497998046875,0
2019,9,7,4,58,26.3997998046875,0
2019,9,7,4,58,28.2498000488281,0
2019,9,7,4,58,30.0997998046875,0
2019,9,7,4,58,31.9498000488281,0
2019,9,7,4,58,33.7997998046875,0
2019,9,7,4,58,35.6497998046875,0
2019,9,7,4,58,37.4998000488281,0
2019,9,7,4,58,39.3497998046875,0
2019,9,7,4,58,41.1998000488281,0
2019,9,7,4,58,43.0497998046875,0
2019,9,7,4,58,44.8997998046875,0
2019,9,7,4,58,46.7498000488281,0
2019,9,7,4,58,48.5997998046875,0
2019,9,7,4,58,50.4498000488281,0
2019,9,7,4,58,52.2997998046875,0
2019,9,7,4,58,54.1497998046875,0
2019,9,7,4,58,55.9998000488281,0
2019,9,7,4,58,57.8497998046875,0
2019,9,7,4,58,59.6998000488281,0
2019,9,7,4,59,1.5497998046875,0
2019,9,7,4,59,3.3997998046875,0
2019,9,7,4,59,5.24980004882813,0
2019,9,7,4,59,7.0997998046875,0
2019,9,7,4,59,8.94980004882813,0
2019,9,7,4,59,10.7997998046875,0
2019,9,7,4,59,12.6497998046875,0
2019,9,7,4,59,14.4998000488281,0
2019,9,7,4,59,16.3497998046875,0
2019,9,7,4,59,18.1998000488281,0
2019,9,7,4,59,20.0497998046875,0
2019,9,7,4,59,21.8997998046875,0
2019,9,7,4,59,23.7498000488281,0
2019,9,7,4,59,25.5997998046875,0
2019,9,7,4,59,27.4498000488281,0
2019,9,7,4,59,29.2997998046875,0
2019,9,7,4,59,31.1497998046875,0
2019,9,7,4,59,32.9998000488281,0
2019,9,7,4,59,34.8497998046875,0
2019,9,7,4,59,36.6998000488281,0
2019,9,7,4,59,38.5497998046875,0
2019,9,7,4,59,40.3997998046875,0
2019,9,7,4,59,42.2498000488281,0
2019,9,7,4,59,44.0997998046875,0
2019,9,7,4,59,45.9498000488281,0
2019,9,7,4,59,47.7997998046875,0
2019,9,7,4,59,49.6497998046875,0
2019,9,7,4,59,51.4998000488281,0
2019,9,7,4,59,53.3497998046875,0
2019,9,7,4,59,55.1998000488281,0
2019,9,7,4,59,57.0497998046875,0
2019,9,7,4,59,58.8997998046875,0
2019,9,7,5,0,0.749800048828125,0
2019,9,7,5,0,2.5997998046875,0
2019,9,7,5,0,4.44980004882813,0
2019,9,7,5,0,6.2997998046875,0
2019,9,7,5,0,8.1497998046875,0
2019,9,7,5,0,9.99980004882812,0
2019,9,7,5,0,11.8497998046875,0
2019,9,7,5,0,13.6998000488281,0
2019,9,7,5,0,15.5497998046875,0
2019,9,7,5,0,17.3997998046875,0
2019,9,7,5,0,19.2498000488281,0
2019,9,7,5,0,21.0997998046875,0
2019,9,7,5,0,22.9498000488281,0
2019,9,7,5,0,24.7997998046875,0
2019,9,7,5,0,26.6497998046875,0
2019,9,7,5,0,28.4998000488281,0
2019,9,7,5,0,30.3497998046875,0
2019,9,7,5,0,32.1998000488281,0
2019,9,7,5,0,34.0497998046875,0
2019,9,7,5,0,35.8997998046875,0
2019,9,7,5,0,37.7498000488281,0
2019,9,7,5,0,39.5997998046875,0
2019,9,7,5,0,41.4498000488281,0
2019,9,7,5,0,43.2997998046875,0
2019,9,7,5,0,45.1497998046875,0
2019,9,7,5,0,46.9998000488281,0
2019,9,7,5,0,48.8497998046875,0
2019,9,7,5,0,50.6998000488281,0
2019,9,7,5,0,52.5497998046875,0
2019,9,7,5,0,54.3997998046875,0
2019,9,7,5,0,56.2498000488281,0
2019,9,7,5,0,58.0997998046875,0
2019,9,7,5,0,59.9498000488281,0
2019,9,7,5,1,1.7997998046875,0
2019,9,7,5,1,3.6497998046875,0
2019,9,7,5,1,5.49980004882813,0
2019,9,7,5,1,7.3497998046875,0
2019,9,7,5,1,9.19980004882813,0
2019,9,7,5,1,11.0497998046875,0
2019,9,7,5,1,12.8997998046875,0
2019,9,7,5,1,14.7498000488281,0
2019,9,7,5,1,16.5997998046875,0
2019,9,7,5,1,18.4498000488281,0
2019,9,7,5,1,20.2997998046875,0
2019,9,7,5,1,22.1998000488281,0
2019,9,7,5,1,23.9998000488281,0
2019,9,7,5,1,25.8497998046875,0
2019,9,7,5,1,27.6998000488281,0
2019,9,7,5,1,29.5497998046875,0
2019,9,7,5,1,31.3997998046875,0
2019,9,7,5,1,33.2498000488281,0
2019,9,7,5,1,35.0997998046875,0
2019,9,7,5,1,36.9498000488281,0
2019,9,7,5,1,38.7997998046875,0
2019,9,7,5,1,40.6497998046875,0
2019,9,7,5,1,42.4998000488281,0
2019,9,7,5,1,44.3497998046875,0
2019,9,7,5,1,46.1998000488281,0
2019,9,7,5,1,48.0497998046875,0
2019,9,7,5,1,49.8997998046875,0
2019,9,7,5,1,51.7498000488281,0
2019,9,7,5,1,53.5997998046875,0
2019,9,7,5,1,55.4498000488281,0
2019,9,7,5,1,57.2997998046875,0
2019,9,7,5,1,59.1497998046875,0
2019,9,7,5,2,0.999800048828125,0
2019,9,7,5,2,2.8497998046875,0
2019,9,7,5,2,4.69980004882813,0
2019,9,7,5,2,6.5497998046875,0
2019,9,7,5,2,8.3997998046875,0
2019,9,7,5,2,10.2498000488281,0
2019,9,7,5,3,13.9998000488281,0
2019,9,7,5,3,15.8497998046875,0
2019,9,7,5,3,17.6998000488281,0
2019,9,7,5,3,19.5497998046875,0
2019,9,7,5,3,21.3997998046875,0
2019,9,7,5,3,23.2498000488281,0
2019,9,7,5,3,25.0997998046875,0
2019,9,7,5,3,26.9498000488281,0
2019,9,7,5,3,28.7997998046875,0
2019,9,7,5,3,30.6497998046875,0
2019,9,7,5,3,32.4998000488281,0
2019,9,7,5,3,34.3497998046875,0
2019,9,7,5,3,36.1998000488281,0
2019,9,7,5,3,38.0497998046875,0
2019,9,7,5,3,39.8997998046875,0
2019,9,7,5,3,41.7498000488281,0
2019,9,7,5,3,43.5997998046875,0
2019,9,7,5,3,45.4498000488281,0
2019,9,7,5,3,47.2997998046875,0
2019,9,7,5,3,49.1497998046875,0
2019,9,7,5,3,50.9998000488281,0
2019,9,7,5,3,52.8497998046875,0
2019,9,7,5,3,54.6998000488281,0
2019,9,7,5,3,56.5497998046875,0
2019,9,7,5,3,58.3997998046875,0
2019,9,7,5,4,0.249800048828125,0
2019,9,7,5,4,2.0997998046875,0
2019,9,7,5,4,3.94980004882812,0
2019,9,7,5,4,5.7997998046875,0
2019,9,7,5,4,7.6497998046875,0
2019,9,7,5,4,9.49980004882812,0
2019,9,7,5,4,11.3497998046875,0
2019,9,7,5,4,13.1998000488281,0
2019,9,7,5,4,15.0497998046875,0
2019,9,7,5,4,16.8997998046875,0
2019,9,7,5,4,18.7498000488281,0
2019,9,7,5,4,20.5997998046875,0
2019,9,7,5,4,22.4498000488281,0
2019,9,7,5,4,24.2997998046875,0
2019,9,7,5,4,26.1497998046875,0
2019,9,7,5,4,27.9998000488281,0
2019,9,7,5,4,29.8497998046875,0
2019,9,7,5,4,31.6998000488281,0
2019,9,7,5,4,33.5497998046875,0
2019,9,7,5,4,35.3997998046875,0
2019,9,7,5,4,37.2498000488281,0
2019,9,7,5,4,39.0997998046875,0
2019,9,7,5,4,40.9498000488281,0
2019,9,7,5,4,42.7997998046875,0
2019,9,7,5,4,44.6497998046875,0
2019,9,7,5,4,46.4998000488281,0
2019,9,7,5,4,48.3497998046875,0
2019,9,7,5,4,50.1998000488281,0
2019,9,7,5,4,52.0497998046875,0
2019,9,7,5,4,53.8997998046875,0
2019,9,7,5,4,55.7498000488281,0
2019,9,7,5,4,57.5997998046875,0
2019,9,7,5,4,59.4498000488281,0
2019,9,7,5,5,1.2997998046875,0
2019,9,7,5,5,3.1497998046875,0
2019,9,7,5,5,4.99980004882813,0
2019,9,7,5,5,6.8497998046875,0
2019,9,7,5,5,8.69980004882813,0
2019,9,7,5,5,10.5497998046875,0
2019,9,7,5,5,12.3997998046875,0
2019,9,7,5,5,14.2498000488281,0
2019,9,7,5,5,16.0997998046875,0
2019,9,7,5,5,17.9498000488281,0
2019,9,7,5,5,19.7997998046875,0
2019,9,7,5,5,21.6497998046875,0
2019,9,7,5,5,23.4998000488281,0
2019,9,7,5,5,25.3497998046875,0
2019,9,7,5,5,27.1998000488281,0
2019,9,7,5,5,29.0497998046875,0
2019,9,7,5,5,30.8997998046875,0
2019,9,7,5,5,32.7498000488281,0
2019,9,7,5,5,34.5997998046875,0
2019,9,7,5,5,36.4498000488281,0
2019,9,7,5,5,38.2997998046875,0
2019,9,7,5,5,40.1497998046875,0
2019,9,7,5,5,41.9998000488281,0
2019,9,7,5,5,43.8497998046875,0
2019,9,7,5,5,45.6998000488281,0
2019,9,7,5,5,47.5497998046875,0
2019,9,7,5,5,49.3997998046875,0
2019,9,7,5,5,51.2498000488281,0
2019,9,7,5,5,53.0997998046875,0
2019,9,7,5,5,54.9498000488281,0
2019,9,7,5,5,56.7997998046875,0
2019,9,7,5,5,58.6497998046875,0
2019,9,7,5,6,0.499800048828125,0
2019,9,7,5,6,2.3497998046875,0
2019,9,7,5,6,4.19980004882813,0
2019,9,7,5,6,6.0497998046875,0
2019,9,7,5,6,7.8997998046875,0
2019,9,7,5,6,9.74980004882812,0
2019,9,7,5,6,11.5997998046875,0
2019,9,7,5,6,13.4498000488281,0
2019,9,7,5,6,15.2997998046875,0
2019,9,7,5,6,17.1497998046875,0
2019,9,7,5,6,18.9998000488281,0
2019,9,7,5,6,20.8497998046875,0
2019,9,7,5,6,22.6998000488281,0
2019,9,7,5,6,24.5497998046875,0
2019,9,7,5,6,26.3997998046875,0
2019,9,7,5,6,28.2498000488281,0
2019,9,7,5,6,30.0997998046875,0
2019,9,7,5,6,31.9498000488281,0
2019,9,7,5,6,33.7997998046875,0
2019,9,7,5,6,35.6497998046875,0
2019,9,7,5,6,37.4998000488281,0
2019,9,7,5,6,39.3497998046875,0
2019,9,7,5,6,41.1998000488281,0
2019,9,7,5,6,43.0497998046875,0
2019,9,7,5,6,44.8997998046875,0
2019,9,7,5,6,46.7498000488281,0
2019,9,7,5,6,48.5997998046875,0
2019,9,7,5,6,50.4498000488281,0
2019,9,7,5,6,52.2997998046875,0
2019,9,7,5,6,54.1497998046875,0
2019,9,7,5,6,55.9998000488281,0
2019,9,7,5,6,57.8497998046875,0
2019,9,7,5,6,59.6998000488281,0
2019,9,7,5,7,1.5497998046875,0
2019,9,7,5,7,3.3997998046875,0
2019,9,7,5,7,5.24980004882813,0
2019,9,7,5,7,7.0997998046875,0
2019,9,7,5,7,8.94980004882813,0
2019,9,7,5,7,10.7997998046875,0
2019,9,7,5,7,12.6497998046875,0
2019,9,7,5,7,14.4998000488281,0
2019,9,7,5,7,16.3497998046875,0
2019,9,7,5,7,18.1998000488281,0
2019,9,7,5,7,20.0497998046875,0
2019,9,7,5,7,21.8997998046875,0
2019,9,7,5,7,23.7498000488281,0
2019,9,7,5,7,25.5997998046875,0
2019,9,7,5,7,27.4498000488281,0
2019,9,7,5,7,29.2997998046875,0
2019,9,7,5,7,31.1497998046875,0
2019,9,7,5,7,32.9998000488281,0
2019,9,7,5,7,34.8497998046875,0
2019,9,7,5,7,36.6998000488281,0
2019,9,7,5,7,38.5497998046875,0
2019,9,7,5,7,40.3997998046875,0
2019,9,7,5,7,42.2498000488281,0
2019,9,7,5,7,44.0997998046875,0
2019,9,7,5,7,45.9498000488281,0
2019,9,7,5,7,47.7997998046875,0
2019,9,7,5,7,49.6497998046875,0
2019,9,7,5,7,51.4998000488281,0
2019,9,7,5,7,53.3497998046875,0
2019,9,7,5,7,55.1998000488281,0
2019,9,7,5,7,57.0497998046875,0
2019,9,7,5,7,58.8997998046875,0
2019,9,7,5,8,0.749800048828125,0
2019,9,7,5,8,2.5997998046875,0
2019,9,7,5,8,4.44980004882813,0
2019,9,7,5,8,6.2997998046875,0
2019,9,7,5,8,8.1497998046875,0
2019,9,7,5,8,9.99980004882812,0
2019,9,7,5,8,11.8497998046875,0
2019,9,7,5,8,13.6998000488281,0
2019,9,7,5,8,15.5497998046875,0
2019,9,7,5,8,17.3997998046875,0
2019,9,7,5,8,19.2498000488281,0
2019,9,7,5,8,21.0997998046875,0
2019,9,7,5,8,22.9498000488281,0
2019,9,7,5,8,24.7997998046875,0
2019,9,7,5,8,26.6497998046875,0
2019,9,7,5,8,28.4998000488281,0
2019,9,7,5,8,30.3497998046875,0
2019,9,7,5,8,32.1998000488281,0
2019,9,7,5,8,34.0497998046875,0
2019,9,7,5,8,35.8997998046875,0
2019,9,7,5,8,37.7498000488281,0
2019,9,7,5,8,39.5997998046875,0
2019,9,7,5,8,41.4498000488281,0
2019,9,7,5,8,43.2997998046875,0
2019,9,7,5,8,45.1497998046875,0
2019,9,7,5,8,46.9998000488281,0
2019,9,7,5,8,48.8497998046875,0
2019,9,7,5,8,50.6998000488281,0
2019,9,7,5,8,52.5497998046875,0
2019,9,7,5,8,54.3997998046875,0
2019,9,7,5,8,56.2498000488281,0
2019,9,7,5,8,58.0997998046875,0
2019,9,7,5,8,59.9498000488281,0
2019,9,7,5,9,1.7997998046875,0
2019,9,7,5,9,3.6497998046875,0
2019,9,7,5,9,5.49980004882813,0
2019,9,7,5,9,7.3497998046875,0
2019,9,7,5,9,9.19980004882813,0
2019,9,7,5,9,11.0497998046875,0
2019,9,7,5,9,12.8997998046875,0
2019,9,7,5,9,14.7498000488281,0
2019,9,7,5,9,16.5997998046875,0
2019,9,7,5,9,18.4498000488281,0
2019,9,7,5,9,20.2997998046875,0
2019,9,7,5,9,22.1497998046875,0
2019,9,7,5,9,23.9998000488281,0
2019,9,7,5,9,25.8497998046875,0
2019,9,7,5,9,27.6998000488281,0
2019,9,7,5,9,29.5497998046875,0
2019,9,7,5,9,31.3997998046875,0
2019,9,7,5,9,33.2498000488281,0
2019,9,7,5,9,35.0997998046875,0
2019,9,7,5,9,36.9498000488281,0
2019,9,7,5,9,38.7997998046875,0
2019,9,7,5,9,40.6497998046875,0
2019,9,7,5,9,42.4998000488281,0
2019,9,7,5,9,44.3497998046875,0
2019,9,7,5,9,46.1998000488281,0
2019,9,7,5,9,48.0497998046875,0
2019,9,7,5,9,49.8997998046875,0
2019,9,7,5,9,51.7498000488281,0
2019,9,7,5,9,53.5997998046875,0
2019,9,7,5,9,55.4498000488281,0
2019,9,7,5,9,57.2997998046875,0
2019,9,7,5,9,59.1497998046875,0
2019,9,7,5,10,0.999800048828125,0
2019,9,7,5,10,2.8497998046875,0
2019,9,7,5,10,4.69980004882813,0
2019,9,7,5,10,6.5497998046875,0
2019,9,7,5,10,8.3997998046875,0
2019,9,7,5,10,10.2498000488281,0
2019,9,7,5,10,12.0997998046875,0
2019,9,7,5,10,13.9498000488281,0
2019,9,7,5,10,15.7997998046875,0
2019,9,7,5,10,17.6497998046875,0
2019,9,7,5,10,19.4998000488281,0
2019,9,7,5,10,21.3497998046875,0
2019,9,7,5,10,23.1998000488281,0
2019,9,7,5,10,25.0497998046875,0
2019,9,7,5,10,26.8997998046875,0
2019,9,7,5,10,28.7498000488281,0
2019,9,7,5,10,30.5997998046875,0
2019,9,7,5,10,32.4498000488281,0
2019,9,7,5,10,34.2997998046875,0
2019,9,7,5,10,36.1497998046875,0
2019,9,7,5,10,37.9998000488281,0
2019,9,7,5,10,39.8497998046875,0
2019,9,7,5,10,41.6998000488281,0
2019,9,7,5,10,43.5497998046875,0
2019,9,7,5,10,45.3997998046875,0
2019,9,7,5,10,47.2498000488281,0
2019,9,7,5,10,49.0997998046875,0
2019,9,7,5,10,50.9498000488281,0
2019,9,7,5,10,52.7997998046875,0
2019,9,7,5,10,54.6497998046875,0
2019,9,7,5,10,56.4998000488281,0
2019,9,7,5,10,58.3497998046875,0
2019,9,7,5,11,0.199800048828125,0
2019,9,7,5,11,2.0497998046875,0
2019,9,7,5,11,3.8997998046875,0
2019,9,7,5,11,5.74980004882813,0
2019,9,7,5,11,7.5997998046875,0
2019,9,7,5,11,9.44980004882813,0
2019,9,7,5,11,11.2997998046875,0
2019,9,7,5,11,13.1497998046875,0
2019,9,7,5,11,14.9998000488281,0
2019,9,7,5,11,16.8497998046875,0
2019,9,7,5,11,18.6998000488281,0
2019,9,7,5,11,20.5497998046875,0
2019,9,7,5,11,22.3997998046875,0
2019,9,7,5,11,24.2498000488281,0
2019,9,7,5,11,26.0997998046875,0
2019,9,7,5,11,27.9498000488281,0
2019,9,7,5,11,29.7997998046875,0
2019,9,7,5,11,31.6497998046875,0
2019,9,7,5,11,33.4998000488281,0
2019,9,7,5,11,35.3497998046875,0
2019,9,7,5,11,37.1998000488281,0
2019,9,7,5,11,39.0497998046875,0
2019,9,7,5,11,40.8997998046875,0
2019,9,7,5,11,42.7498000488281,0
2019,9,7,5,11,44.5997998046875,0
2019,9,7,5,11,46.4498000488281,0
2019,9,7,5,11,48.2997998046875,0
2019,9,7,5,11,50.1497998046875,0
2019,9,7,5,11,51.9998000488281,0
2019,9,7,5,11,53.8497998046875,0
2019,9,7,5,11,55.6998000488281,0
2019,9,7,5,11,57.5497998046875,0
2019,9,7,5,11,59.3997998046875,0
2019,9,7,5,12,1.24980004882813,0
2019,9,7,5,12,3.0997998046875,0
2019,9,7,5,12,4.94980004882813,0
2019,9,7,5,12,6.7997998046875,0
2019,9,7,5,12,8.6497998046875,0
2019,9,7,5,12,10.4998000488281,0
2019,9,7,5,12,12.3497998046875,0
2019,9,7,5,12,14.1998000488281,0
2019,9,7,5,12,16.0497998046875,0
2019,9,7,5,12,17.8997998046875,0
2019,9,7,5,12,19.7498000488281,0
2019,9,7,5,12,21.5997998046875,0
2019,9,7,5,12,23.4498000488281,0
2019,9,7,5,12,25.2997998046875,0
2019,9,7,5,12,27.1497998046875,0
2019,9,7,5,12,28.9998000488281,0
2019,9,7,5,12,30.8497998046875,0
2019,9,7,5,12,32.6998000488281,0
2019,9,7,5,12,34.5497998046875,0
2019,9,7,5,12,36.3997998046875,0
2019,9,7,5,12,38.2498000488281,0
2019,9,7,5,12,40.0997998046875,0
2019,9,7,5,12,41.9498000488281,0
2019,9,7,5,12,43.7997998046875,0
2019,9,7,5,12,45.6497998046875,0
2019,9,7,5,12,47.4998000488281,0
2019,9,7,5,12,49.3497998046875,0
2019,9,7,5,12,51.1998000488281,0
2019,9,7,5,12,53.0497998046875,0
2019,9,7,5,12,54.8997998046875,0
2019,9,7,5,12,56.7498000488281,0
2019,9,7,5,12,58.5997998046875,0
2019,9,7,5,13,0.449800048828125,0
2019,9,7,5,13,2.2997998046875,0
2019,9,7,5,13,4.1497998046875,0
2019,9,7,5,13,5.99980004882813,0
2019,9,7,5,13,7.8497998046875,0
2019,9,7,5,13,9.69980004882813,0
2019,9,7,5,13,11.5497998046875,0
2019,9,7,5,13,13.3997998046875,0
2019,9,7,5,13,15.2498000488281,0
2019,9,7,5,13,17.0997998046875,0
2019,9,7,5,13,18.9498000488281,0
2019,9,7,5,13,20.7997998046875,0
2019,9,7,5,13,22.6497998046875,0
2019,9,7,5,13,24.4998000488281,0
2019,9,7,5,13,26.3497998046875,0
2019,9,7,5,13,28.1998000488281,0
2019,9,7,5,13,30.0497998046875,0
2019,9,7,5,13,31.8997998046875,0
2019,9,7,5,13,33.7498000488281,0
2019,9,7,5,13,35.5997998046875,0
2019,9,7,5,13,37.4498000488281,0
2019,9,7,5,13,39.2997998046875,0
2019,9,7,5,13,41.1497998046875,0
2019,9,7,5,13,42.9998000488281,0
2019,9,7,5,13,44.8497998046875,0
2019,9,7,5,13,46.6998000488281,0
2019,9,7,5,13,48.5497998046875,0
2019,9,7,5,13,50.3997998046875,0
2019,9,7,5,13,52.2498000488281,0
2019,9,7,5,13,54.0997998046875,0
2019,9,7,5,13,55.9498000488281,0
2019,9,7,5,13,57.7997998046875,0
2019,9,7,5,13,59.6497998046875,0
2019,9,7,5,14,1.49980004882813,0
2019,9,7,5,14,3.3497998046875,0
2019,9,7,5,14,5.19980004882813,0
2019,9,7,5,14,7.0497998046875,0
2019,9,7,5,14,8.8997998046875,0
2019,9,7,5,14,10.7498000488281,0
2019,9,7,5,14,12.5997998046875,0
2019,9,7,5,14,14.4498000488281,0
2019,9,7,5,14,16.2997998046875,0
2019,9,7,5,14,18.1497998046875,0
2019,9,7,5,14,19.9998000488281,0
2019,9,7,5,14,21.8497998046875,0
2019,9,7,5,14,23.6998000488281,0
2019,9,7,5,14,25.5497998046875,0
2019,9,7,5,14,27.3997998046875,0
2019,9,7,5,14,29.2498000488281,0
2019,9,7,5,14,31.0997998046875,0
2019,9,7,5,14,32.9498000488281,0
2019,9,7,5,14,34.7997998046875,0
2019,9,7,5,14,36.6497998046875,0
2019,9,7,5,14,38.4998000488281,0
2019,9,7,5,14,40.3497998046875,0
2019,9,7,5,14,42.1998000488281,0
2019,9,7,5,14,44.0497998046875,0
2019,9,7,5,14,45.8997998046875,0
2019,9,7,5,14,47.7498000488281,0
2019,9,7,5,14,49.5997998046875,0
2019,9,7,5,14,51.4498000488281,0
2019,9,7,5,14,53.2997998046875,0
2019,9,7,5,14,55.1497998046875,0
2019,9,7,5,14,56.9998000488281,0
2019,9,7,5,14,58.8497998046875,0
2019,9,7,5,15,0.699800048828125,0
2019,9,7,5,15,2.5497998046875,0
2019,9,7,5,15,4.3997998046875,0
2019,9,7,5,15,15.4998000488281,0
2019,9,7,5,15,17.3497998046875,0
2019,9,7,5,15,19.1998000488281,0
2019,9,7,5,15,21.0497998046875,0
2019,9,7,5,15,22.8997998046875,0
2019,9,7,5,15,24.7498000488281,0
2019,9,7,5,15,26.5997998046875,0
2019,9,7,5,15,28.4498000488281,0
2019,9,7,5,15,30.2997998046875,0
2019,9,7,5,15,32.1497998046875,0
2019,9,7,5,15,33.9998000488281,0
2019,9,7,5,15,35.8497998046875,0
2019,9,7,5,15,37.6998000488281,0
2019,9,7,5,15,39.5497998046875,0
2019,9,7,5,15,41.3997998046875,0
2019,9,7,5,15,43.2498000488281,0
2019,9,7,5,15,45.0997998046875,0
2019,9,7,5,15,46.9498000488281,0
2019,9,7,5,15,48.7997998046875,0
2019,9,7,5,15,50.6497998046875,0
2019,9,7,5,15,52.4998000488281,0
2019,9,7,5,15,54.3497998046875,0
2019,9,7,5,15,56.1998000488281,0
2019,9,7,5,15,58.0497998046875,0
2019,9,7,5,15,59.8997998046875,0
2019,9,7,5,16,1.74980004882813,0
2019,9,7,5,16,3.5997998046875,0
2019,9,7,5,16,5.44980004882813,0
2019,9,7,5,16,7.2997998046875,0
2019,9,7,5,16,9.1497998046875,0
2019,9,7,5,16,10.9998000488281,0
2019,9,7,5,16,12.8497998046875,0
2019,9,7,5,16,14.6998000488281,0
2019,9,7,5,16,16.5497998046875,0
2019,9,7,5,16,18.3997998046875,0
2019,9,7,5,16,20.2498000488281,0
2019,9,7,5,16,22.0997998046875,0
2019,9,7,5,16,23.9498000488281,0
2019,9,7,5,16,25.7997998046875,0
2019,9,7,5,16,27.6497998046875,0
2019,9,7,5,16,29.4998000488281,0
2019,9,7,5,16,31.3497998046875,0
2019,9,7,5,16,33.1998000488281,0
2019,9,7,5,16,35.0497998046875,0
2019,9,7,5,16,36.8997998046875,0
2019,9,7,5,16,38.7498000488281,0
2019,9,7,5,16,40.5997998046875,0
2019,9,7,5,16,42.4498000488281,0
2019,9,7,5,16,44.2997998046875,0
2019,9,7,5,16,46.1497998046875,0
2019,9,7,5,16,47.9998000488281,0
2019,9,7,5,16,49.8497998046875,0
2019,9,7,5,16,51.6998000488281,0
2019,9,7,5,16,53.5497998046875,0
2019,9,7,5,16,55.3997998046875,0
2019,9,7,5,16,57.2498000488281,0
2019,9,7,5,16,59.0997998046875,0
2019,9,7,5,17,0.949800048828125,0
2019,9,7,5,17,2.7997998046875,0
2019,9,7,5,17,4.6497998046875,0
2019,9,7,5,17,6.49980004882813,0
2019,9,7,5,17,8.3497998046875,0
2019,9,7,5,17,10.1998000488281,0
2019,9,7,5,17,12.0497998046875,0
2019,9,7,5,17,13.8997998046875,0
2019,9,7,5,17,15.7498000488281,0
2019,9,7,5,17,17.5997998046875,0
2019,9,7,5,17,19.4498000488281,0
2019,9,7,5,17,21.2997998046875,0
2019,9,7,5,17,23.1497998046875,0
2019,9,7,5,17,24.9998000488281,0
2019,9,7,5,17,26.8497998046875,0
2019,9,7,5,17,28.6998000488281,0
2019,9,7,5,17,30.5497998046875,0
2019,9,7,5,17,32.3997998046875,0
2019,9,7,5,17,34.2498000488281,0
2019,9,7,5,17,36.0997998046875,0
2019,9,7,5,17,37.9498000488281,0
2019,9,7,5,17,39.7997998046875,0
2019,9,7,5,17,41.6497998046875,0
2019,9,7,5,17,43.4998000488281,0
2019,9,7,5,17,45.3497998046875,0
2019,9,7,5,17,47.1998000488281,0
2019,9,7,5,17,49.0497998046875,0
2019,9,7,5,17,50.8997998046875,0
2019,9,7,5,17,52.7498000488281,0
2019,9,7,5,17,54.5997998046875,0
2019,9,7,5,17,56.4498000488281,0
2019,9,7,5,17,58.2997998046875,0
2019,9,7,5,18,0.1497998046875,0
2019,9,7,5,18,1.99980004882813,0
2019,9,7,5,18,3.8497998046875,0
2019,9,7,5,18,5.69980004882813,0
2019,9,7,5,18,7.5497998046875,0
2019,9,7,5,18,9.3997998046875,0
2019,9,7,5,18,11.2498000488281,0
2019,9,7,5,18,13.0997998046875,0
2019,9,7,5,18,14.9498000488281,0
2019,9,7,5,18,16.7997998046875,0
2019,9,7,5,18,18.6497998046875,0
2019,9,7,5,18,20.4998000488281,0
2019,9,7,5,18,22.3497998046875,0
2019,9,7,5,18,24.1998000488281,0
2019,9,7,5,18,26.0497998046875,0
2019,9,7,5,18,27.8997998046875,0
2019,9,7,5,18,29.7498000488281,0
2019,9,7,5,18,31.5997998046875,0
2019,9,7,5,18,33.4498000488281,0
2019,9,7,5,18,35.2997998046875,0
2019,9,7,5,18,37.1497998046875,0
2019,9,7,5,18,38.9998000488281,0
2019,9,7,5,18,40.8497998046875,0
2019,9,7,5,18,42.6998000488281,0
2019,9,7,5,18,44.5497998046875,0
2019,9,7,5,18,46.3997998046875,0
2019,9,7,5,18,48.2498000488281,0
2019,9,7,5,18,50.0997998046875,0
2019,9,7,5,18,51.9498000488281,0
2019,9,7,5,18,53.7997998046875,0
2019,9,7,5,18,55.6497998046875,0
2019,9,7,5,18,57.4998000488281,0
2019,9,7,5,18,59.3497998046875,0
2019,9,7,5,19,1.19980004882813,0
2019,9,7,5,19,3.0497998046875,0
2019,9,7,5,19,4.8997998046875,0
2019,9,7,5,19,6.74980004882813,0
2019,9,7,5,19,8.5997998046875,0
2019,9,7,5,19,10.4498000488281,0
2019,9,7,5,19,12.2997998046875,0
2019,9,7,5,19,14.1497998046875,0
2019,9,7,5,19,15.9998000488281,0
2019,9,7,5,19,17.8497998046875,0
2019,9,7,5,19,19.6998000488281,0
2019,9,7,5,19,21.5497998046875,0
2019,9,7,5,19,23.3997998046875,0
2019,9,7,5,19,25.2498000488281,0
2019,9,7,5,19,27.0997998046875,0
2019,9,7,5,19,28.9498000488281,0
2019,9,7,5,19,30.7997998046875,0
2019,9,7,5,19,32.6497998046875,0
2019,9,7,5,19,34.4998000488281,0
2019,9,7,5,19,36.3497998046875,0
2019,9,7,5,19,38.1998000488281,0
2019,9,7,5,19,40.0497998046875,0
2019,9,7,5,19,41.8997998046875,0
2019,9,7,5,19,43.7498000488281,0
2019,9,7,5,19,45.5997998046875,0
2019,9,7,5,19,47.4498000488281,0
2019,9,7,5,19,49.2997998046875,0
2019,9,7,5,19,51.1497998046875,0
2019,9,7,5,19,52.9998000488281,0
2019,9,7,5,19,54.8497998046875,0
2019,9,7,5,19,56.6998000488281,0
2019,9,7,5,19,58.5497998046875,0
2019,9,7,5,20,0.3997998046875,0
2019,9,7,5,20,2.24980004882813,0
2019,9,7,5,20,4.0997998046875,0
2019,9,7,5,20,5.94980004882813,0
2019,9,7,5,20,7.7997998046875,0
2019,9,7,5,20,9.6497998046875,0
2019,9,7,5,20,11.4998000488281,0
2019,9,7,5,20,13.3497998046875,0
2019,9,7,5,20,15.1998000488281,0
2019,9,7,5,20,17.0497998046875,0
2019,9,7,5,20,18.8997998046875,0
2019,9,7,5,20,20.7498000488281,0
2019,9,7,5,20,22.5997998046875,0
2019,9,7,5,20,24.4498000488281,0
2019,9,7,5,20,26.2997998046875,0
2019,9,7,5,20,28.1497998046875,0
2019,9,7,5,20,29.9998000488281,0
2019,9,7,5,20,31.8497998046875,0
2019,9,7,5,20,33.6998000488281,0
2019,9,7,5,20,35.5497998046875,0
2019,9,7,5,20,37.3997998046875,0
2019,9,7,5,20,39.2498000488281,0
2019,9,7,5,20,41.0997998046875,0
2019,9,7,5,20,42.9498000488281,0
2019,9,7,5,20,44.7997998046875,0
2019,9,7,5,20,46.6497998046875,0
2019,9,7,5,20,48.4998000488281,0
2019,9,7,5,20,50.3497998046875,0
2019,9,7,5,20,52.1998000488281,0
2019,9,7,5,20,54.0497998046875,0
2019,9,7,5,20,55.8997998046875,0
2019,9,7,5,20,57.7498000488281,0
2019,9,7,5,20,59.5997998046875,0
2019,9,7,5,21,1.44980004882813,0
2019,9,7,5,21,3.2997998046875,0
2019,9,7,5,21,5.1497998046875,0
2019,9,7,5,21,6.99980004882813,0
2019,9,7,5,21,8.8497998046875,0
2019,9,7,5,21,10.6998000488281,0
2019,9,7,5,21,12.5497998046875,0
2019,9,7,5,21,14.3997998046875,0
2019,9,7,5,21,16.2498000488281,0
2019,9,7,5,21,18.0997998046875,0
2019,9,7,5,21,19.9498000488281,0
2019,9,7,5,21,21.7997998046875,0
2019,9,7,5,21,23.6497998046875,0
2019,9,7,5,21,25.4998000488281,0
2019,9,7,5,21,27.3497998046875,0
2019,9,7,5,21,29.1998000488281,0
2019,9,7,5,21,31.0497998046875,0
2019,9,7,5,21,32.8997998046875,0
2019,9,7,5,21,34.7498000488281,0
2019,9,7,5,21,36.5997998046875,0
2019,9,7,5,21,38.4498000488281,0
2019,9,7,5,21,40.2997998046875,0
2019,9,7,5,21,42.1497998046875,0
2019,9,7,5,21,43.9998000488281,0
2019,9,7,5,21,45.8497998046875,0
2019,9,7,5,21,47.6998000488281,0
2019,9,7,5,21,49.5497998046875,0
2019,9,7,5,21,51.3997998046875,0
2019,9,7,5,21,53.2498000488281,0
2019,9,7,5,21,55.0997998046875,0
2019,9,7,5,21,56.9498000488281,0
2019,9,7,5,21,58.7997998046875,0
2019,9,7,5,22,0.6497998046875,0
2019,9,7,5,22,2.49980004882813,0
2019,9,7,5,22,4.3497998046875,0
2019,9,7,5,22,6.19980004882813,0
2019,9,7,5,22,8.0497998046875,0
2019,9,7,5,22,9.8997998046875,0
2019,9,7,5,22,11.7498000488281,0
2019,9,7,5,22,13.5997998046875,0
2019,9,7,5,22,15.4498000488281,0
2019,9,7,5,22,17.2997998046875,0
2019,9,7,5,22,19.1497998046875,0
2019,9,7,5,26,0.699800048828125,0
2019,9,7,5,26,2.5497998046875,0
2019,9,7,5,26,4.3997998046875,0
2019,9,7,5,26,6.24980004882813,0
2019,9,7,5,26,8.0997998046875,0
2019,9,7,5,26,9.94980004882813,0
2019,9,7,5,26,11.7997998046875,0
2019,9,7,5,26,13.6497998046875,0
2019,9,7,5,26,15.4998000488281,0
2019,9,7,5,26,17.3497998046875,0
2019,9,7,5,26,19.1998000488281,0
2019,9,7,5,26,21.0497998046875,0
2019,9,7,5,26,22.8997998046875,0
2019,9,7,5,26,24.7498000488281,0
2019,9,7,5,26,26.5997998046875,0
2019,9,7,5,26,28.4498000488281,0
2019,9,7,5,26,30.2997998046875,0
2019,9,7,5,26,32.1497998046875,0
2019,9,7,5,26,33.9998000488281,0
2019,9,7,5,26,35.8497998046875,0
2019,9,7,5,26,37.6998000488281,0
2019,9,7,5,26,39.5497998046875,0
2019,9,7,5,26,41.3997998046875,0
2019,9,7,5,26,43.2498000488281,0
2019,9,7,5,26,45.0997998046875,0
2019,9,7,5,26,46.9498000488281,0
2019,9,7,5,26,48.7997998046875,0
2019,9,7,5,26,50.6497998046875,0
2019,9,7,5,26,52.4998000488281,0
2019,9,7,5,26,54.3497998046875,0
2019,9,7,5,26,56.1998000488281,0
2019,9,7,5,26,58.0497998046875,0
2019,9,7,5,26,59.8997998046875,0
2019,9,7,5,27,1.74980004882813,0
2019,9,7,5,27,3.5997998046875,0
2019,9,7,5,27,5.44980004882813,0
2019,9,7,5,27,7.2997998046875,0
2019,9,7,5,27,9.1497998046875,0
2019,9,7,5,27,10.9998000488281,0
2019,9,7,5,27,12.8497998046875,0
2019,9,7,5,27,14.6998000488281,0
2019,9,7,5,27,16.5497998046875,0
2019,9,7,5,27,18.3997998046875,0
2019,9,7,5,27,20.2498000488281,0
2019,9,7,5,27,22.0997998046875,0
2019,9,7,5,27,23.9498000488281,0
2019,9,7,5,27,25.7997998046875,0
2019,9,7,5,27,27.6497998046875,0
2019,9,7,5,27,29.4998000488281,0
2019,9,7,5,27,31.3497998046875,0
2019,9,7,5,27,33.1998000488281,0
2019,9,7,5,27,35.0497998046875,0
2019,9,7,5,27,36.8997998046875,0
2019,9,7,5,27,38.7498000488281,0
2019,9,7,5,27,40.5997998046875,0
2019,9,7,5,27,42.4498000488281,0
2019,9,7,5,27,44.2997998046875,0
2019,9,7,5,27,46.1497998046875,0
2019,9,7,5,27,47.9998000488281,0
2019,9,7,5,27,49.8497998046875,0
2019,9,7,5,27,51.6998000488281,0
2019,9,7,5,27,53.5497998046875,0
2019,9,7,5,27,55.3997998046875,0
2019,9,7,5,27,57.2498000488281,0
2019,9,7,5,27,59.0997998046875,0
2019,9,7,5,28,0.949800048828125,0
2019,9,7,5,28,2.7997998046875,0
2019,9,7,5,28,4.6497998046875,0
2019,9,7,5,28,6.49980004882813,0
2019,9,7,5,28,8.3497998046875,0
2019,9,7,5,28,10.1998000488281,0
2019,9,7,5,28,12.0497998046875,0
2019,9,7,5,28,13.8997998046875,0
2019,9,7,5,28,15.7498000488281,0
2019,9,7,5,28,17.5997998046875,0
2019,9,7,5,28,19.4498000488281,0
2019,9,7,5,28,21.2997998046875,0
2019,9,7,5,28,23.1497998046875,0
2019,9,7,5,28,24.9998000488281,0
2019,9,7,5,28,26.8497998046875,0
2019,9,7,5,28,28.6998000488281,0
2019,9,7,5,28,30.5497998046875,0
2019,9,7,5,28,32.3997998046875,0
2019,9,7,5,28,34.2498000488281,0
2019,9,7,5,28,36.0997998046875,0
2019,9,7,5,28,37.9498000488281,0
2019,9,7,5,28,39.7997998046875,0
2019,9,7,5,28,41.6497998046875,0
2019,9,7,5,28,43.4998000488281,0
2019,9,7,5,28,45.3497998046875,0
2019,9,7,5,28,47.1998000488281,0
2019,9,7,5,28,49.0497998046875,0
2019,9,7,5,28,50.8997998046875,0
2019,9,7,5,28,52.7498000488281,0
2019,9,7,5,28,54.5997998046875,0
2019,9,7,5,28,56.4498000488281,0
2019,9,7,5,28,58.2997998046875,0
2019,9,7,5,29,0.1497998046875,0
2019,9,7,5,29,1.99980004882813,0
2019,9,7,5,29,3.8497998046875,0
2019,9,7,5,29,5.69980004882813,0
2019,9,7,5,29,7.5497998046875,0
2019,9,7,5,29,9.3997998046875,0
2019,9,7,5,29,11.2498000488281,0
2019,9,7,5,29,13.0997998046875,0
2019,9,7,5,29,14.9498000488281,0
2019,9,7,5,29,16.7997998046875,0
2019,9,7,5,29,18.6497998046875,0
2019,9,7,5,30,12.9998000488281,0
2019,9,7,5,30,14.8497998046875,0
2019,9,7,5,30,16.6998000488281,0
2019,9,7,5,30,18.5497998046875,0
2019,9,7,5,30,20.3997998046875,0
2019,9,7,5,30,22.2498000488281,0
2019,9,7,5,30,24.0997998046875,0
2019,9,7,5,30,25.9498000488281,0
2019,9,7,5,30,27.7997998046875,0
2019,9,7,5,30,29.6497998046875,0
2019,9,7,5,30,31.4998000488281,0
2019,9,7,5,30,33.3497998046875,0
2019,9,7,5,30,35.1998000488281,0
2019,9,7,5,30,37.0497998046875,0
2019,9,7,5,30,38.8997998046875,0
2019,9,7,5,30,40.7498000488281,0
2019,9,7,5,30,42.5997998046875,0
2019,9,7,5,30,44.4498000488281,0
2019,9,7,5,30,46.2997998046875,0
2019,9,7,5,30,48.1497998046875,0
2019,9,7,5,30,49.9998000488281,0
2019,9,7,5,30,51.8497998046875,0
2019,9,7,5,30,53.6998000488281,0
2019,9,7,5,30,55.5497998046875,0
2019,9,7,5,30,57.3997998046875,0
2019,9,7,5,30,59.2498000488281,0
2019,9,7,5,31,1.0997998046875,0
2019,9,7,5,31,2.94980004882812,0
2019,9,7,5,31,4.7997998046875,0
2019,9,7,5,31,6.6497998046875,0
2019,9,7,5,31,8.49980004882812,0
2019,9,7,5,31,10.3497998046875,0
2019,9,7,5,31,12.1998000488281,0
2019,9,7,5,31,14.0497998046875,0
2019,9,7,5,31,15.8997998046875,0
2019,9,7,5,31,17.7498000488281,0
2019,9,7,5,31,19.5997998046875,0
2019,9,7,5,31,21.4498000488281,0
2019,9,7,5,31,23.2997998046875,0
2019,9,7,5,31,25.1497998046875,0
2019,9,7,5,31,26.9998000488281,0
2019,9,7,5,31,28.8497998046875,0
2019,9,7,5,31,30.6998000488281,0
2019,9,7,5,31,32.5497998046875,0
2019,9,7,5,31,34.3997998046875,0
2019,9,7,5,31,36.2498000488281,0
2019,9,7,5,31,38.0997998046875,0
2019,9,7,5,31,39.9498000488281,0
2019,9,7,5,31,41.7997998046875,0
2019,9,7,5,31,43.6497998046875,0
2019,9,7,5,31,45.4998000488281,0
2019,9,7,5,31,47.3497998046875,0
2019,9,7,5,31,49.1998000488281,0
2019,9,7,5,31,51.0497998046875,0
2019,9,7,5,31,52.8997998046875,0
2019,9,7,5,31,54.7498000488281,0
2019,9,7,5,31,56.5997998046875,0
2019,9,7,5,31,58.4498000488281,0
2019,9,7,5,32,0.2997998046875,0
2019,9,7,5,32,2.1497998046875,0
2019,9,7,5,32,3.99980004882813,0
2019,9,7,5,32,5.8497998046875,0
2019,9,7,5,32,7.69980004882813,0
2019,9,7,5,32,9.5497998046875,0
2019,9,7,5,32,11.3997998046875,0
2019,9,7,5,32,13.2498000488281,0
2019,9,7,5,32,15.0997998046875,0
2019,9,7,5,32,16.9498000488281,0
2019,9,7,5,32,18.7997998046875,0
2019,9,7,5,32,20.6497998046875,0
2019,9,7,5,32,22.4998000488281,0
2019,9,7,5,32,24.3497998046875,0
2019,9,7,5,32,26.1998000488281,0
2019,9,7,5,32,28.0497998046875,0
2019,9,7,5,32,29.8997998046875,0
2019,9,7,5,32,31.7498000488281,0
2019,9,7,5,32,33.5997998046875,0
2019,9,7,5,32,35.4498000488281,0
2019,9,7,5,32,37.2997998046875,0
2019,9,7,5,32,39.1497998046875,0
2019,9,7,5,32,40.9998000488281,0
2019,9,7,5,32,42.8497998046875,0
2019,9,7,5,32,44.6998000488281,0
2019,9,7,5,32,46.5497998046875,0
2019,9,7,5,32,48.3997998046875,0
2019,9,7,5,32,50.2498000488281,0
2019,9,7,5,32,52.0997998046875,0
2019,9,7,5,32,53.9498000488281,0
2019,9,7,5,32,55.7997998046875,0
2019,9,7,5,32,57.6497998046875,0
2019,9,7,5,32,59.4998000488281,0
2019,9,7,5,33,1.3497998046875,0
2019,9,7,5,33,3.19980004882812,0
2019,9,7,5,33,5.0497998046875,0
2019,9,7,5,33,6.8997998046875,0
2019,9,7,5,33,8.74980004882812,0
2019,9,7,5,33,10.5997998046875,0
2019,9,7,5,33,12.4498000488281,0
2019,9,7,5,33,14.2997998046875,0
2019,9,7,5,33,16.1497998046875,0
2019,9,7,5,33,17.9998000488281,0
2019,9,7,5,33,19.8497998046875,0
2019,9,7,5,33,21.6998000488281,0
2019,9,7,5,33,23.5497998046875,0
2019,9,7,5,33,25.3997998046875,0
2019,9,7,5,33,27.2498000488281,0
2019,9,7,5,33,29.0997998046875,0
2019,9,7,5,33,30.9498000488281,0
2019,9,7,5,33,32.7997998046875,0
2019,9,7,5,33,34.6497998046875,0
2019,9,7,5,33,36.4998000488281,0
2019,9,7,5,33,38.3497998046875,0
2019,9,7,5,33,40.1998000488281,0
2019,9,7,5,33,42.0497998046875,0
2019,9,7,5,33,43.8997998046875,0
2019,9,7,5,33,45.7498000488281,0
2019,9,7,5,33,47.5997998046875,0
2019,9,7,5,33,49.4498000488281,0
2019,9,7,5,33,51.2997998046875,0
2019,9,7,5,33,53.1497998046875,0
2019,9,7,5,33,54.9998000488281,0
2019,9,7,5,33,56.8497998046875,0
2019,9,7,5,33,58.6998000488281,0
2019,9,7,5,34,0.5497998046875,0
2019,9,7,5,34,2.3997998046875,0
2019,9,7,5,34,4.24980004882813,0
2019,9,7,5,34,6.0997998046875,0
2019,9,7,5,34,7.94980004882813,0
2019,9,7,5,34,9.7997998046875,1
2019,9,7,5,34,11.6497998046875,1
2019,9,7,5,34,13.4998000488281,1
2019,9,7,5,34,15.3497998046875,1
2019,9,7,5,34,17.1998000488281,1
2019,9,7,5,34,19.0497998046875,1
2019,9,7,5,34,20.8997998046875,1
2019,9,7,5,34,22.7498000488281,1
2019,9,7,5,34,24.5997998046875,1
2019,9,7,5,34,26.4498000488281,1
2019,9,7,5,34,28.2997998046875,1
2019,9,7,5,34,30.1497998046875,1
2019,9,7,5,34,31.9998000488281,1
2019,9,7,5,34,33.8497998046875,1
2019,9,7,5,34,35.6998000488281,1
2019,9,7,5,34,37.5497998046875,1
2019,9,7,5,34,39.3997998046875,1
2019,9,7,5,34,41.2498000488281,1
2019,9,7,5,34,43.0997998046875,1
2019,9,7,5,34,44.9498000488281,1
2019,9,7,5,34,46.7997998046875,1
2019,9,7,5,34,48.6497998046875,1
2019,9,7,5,34,50.4998000488281,1
2019,9,7,5,34,52.3497998046875,1
2019,9,7,5,34,54.1998000488281,1
2019,9,7,5,34,56.0497998046875,1
2019,9,7,5,34,57.8997998046875,1
2019,9,7,5,34,59.7498000488281,1
2019,9,7,5,35,1.5997998046875,1
2019,9,7,5,35,3.44980004882812,1
2019,9,7,5,35,5.2997998046875,1
2019,9,7,5,35,7.1497998046875,1
2019,9,7,5,35,8.99980004882812,1
2019,9,7,5,35,10.8497998046875,1
2019,9,7,5,35,12.6998000488281,1
2019,9,7,5,35,14.5497998046875,1
2019,9,7,5,35,16.3997998046875,1
2019,9,7,5,35,18.2498000488281,1
2019,9,7,5,35,20.0997998046875,1
2019,9,7,5,35,21.9498000488281,0
2019,9,7,5,35,23.7997998046875,0
2019,9,7,5,35,25.6497998046875,1
2019,9,7,5,35,27.4998000488281,1
2019,9,7,5,35,29.3497998046875,1
2019,9,7,5,35,31.1998000488281,1
2019,9,7,5,35,33.0497998046875,1
2019,9,7,5,35,34.8997998046875,2
2019,9,7,5,35,36.7498000488281,2
2019,9,7,5,35,38.5997998046875,2
2019,9,7,5,35,40.4498000488281,2
2019,9,7,5,35,42.2997998046875,2
2019,9,7,5,35,44.1497998046875,2
2019,9,7,5,35,45.9998000488281,2
2019,9,7,5,35,47.8497998046875,2
2019,9,7,5,35,49.6998000488281,2
2019,9,7,5,35,51.5497998046875,2
2019,9,7,5,35,53.3997998046875,1
2019,9,7,5,35,55.2498000488281,1
2019,9,7,5,35,57.0997998046875,1
2019,9,7,5,35,58.9498000488281,1
2019,9,7,5,36,0.7997998046875,1
2019,9,7,5,36,2.6497998046875,1
2019,9,7,5,36,4.49980004882813,1
2019,9,7,5,36,6.3497998046875,1
2019,9,7,5,36,8.19980004882813,1
2019,9,7,5,36,10.0497998046875,1
2019,9,7,5,36,11.8997998046875,1
2019,9,7,5,36,13.7498000488281,1
2019,9,7,5,36,15.5997998046875,1
2019,9,7,5,36,17.4498000488281,1
2019,9,7,5,36,19.2997998046875,1
2019,9,7,5,36,21.1497998046875,1
2019,9,7,5,36,22.9998000488281,1
2019,9,7,5,36,24.8497998046875,1
2019,9,7,5,36,26.6998000488281,1
2019,9,7,5,36,28.5497998046875,1
2019,9,7,5,36,30.3997998046875,1
2019,9,7,5,36,32.2498000488281,1
2019,9,7,5,36,34.0997998046875,1
2019,9,7,5,36,35.9498000488281,1
2019,9,7,5,36,37.7997998046875,1
2019,9,7,5,36,39.6497998046875,1
2019,9,7,5,36,41.4998000488281,1
2019,9,7,5,36,43.3497998046875,1
2019,9,7,5,36,45.1998000488281,1
2019,9,7,5,36,47.0497998046875,1
2019,9,7,5,36,48.8997998046875,1
2019,9,7,5,36,50.7498000488281,1
2019,9,7,5,36,52.5997998046875,1
2019,9,7,5,36,54.4498000488281,1
2019,9,7,5,36,56.2997998046875,1
2019,9,7,5,36,58.1497998046875,1
2019,9,7,5,36,59.9998000488281,1
2019,9,7,5,37,1.8497998046875,1
2019,9,7,5,37,3.69980004882812,1
2019,9,7,5,37,5.5497998046875,1
2019,9,7,5,37,7.3997998046875,1
2019,9,7,5,37,9.24980004882812,1
2019,9,7,5,37,11.0997998046875,1
2019,9,7,5,37,12.9498000488281,1
2019,9,7,5,37,14.7498000488281,1
2019,9,7,5,37,16.5497998046875,0
2019,9,7,5,37,18.4498000488281,0
2019,9,7,5,37,20.3497998046875,0
2019,9,7,5,37,22.1497998046875,0
2019,9,7,5,37,23.9998000488281,0
2019,9,7,5,37,25.8497998046875,0
2019,9,7,5,37,27.7498000488281,0
2019,9,7,5,37,29.5997998046875,0
2019,9,7,5,37,31.4498000488281,0
2019,9,7,5,37,33.2997998046875,0
2019,9,7,5,37,35.1497998046875,0
2019,9,7,5,37,36.9998000488281,0
2019,9,7,5,37,38.8497998046875,0
2019,9,7,5,37,40.6998000488281,0
2019,9,7,5,37,42.5497998046875,0
2019,9,7,5,37,44.3997998046875,0
2019,9,7,5,37,46.2498000488281,0
2019,9,7,5,37,48.0997998046875,0
2019,9,7,5,37,49.9498000488281,0
2019,9,7,5,37,51.7997998046875,0
2019,9,7,5,37,53.6497998046875,0
2019,9,7,5,37,55.4998000488281,0
2019,9,7,5,37,57.3497998046875,0
2019,9,7,5,37,59.2498000488281,0
2019,9,7,5,38,1.0997998046875,0
2019,9,7,5,38,2.8997998046875,0
2019,9,7,5,38,4.74980004882813,0
2019,9,7,5,38,6.5997998046875,0
2019,9,7,5,38,8.44980004882813,0
2019,9,7,5,38,10.2997998046875,0
2019,9,7,5,38,12.1497998046875,0
2019,9,7,5,38,13.9998000488281,0
2019,9,7,5,38,15.8497998046875,0
2019,9,7,5,38,17.6998000488281,0
2019,9,7,5,38,19.5497998046875,0
2019,9,7,5,38,21.3997998046875,0
2019,9,7,5,38,23.2997998046875,0
2019,9,7,5,38,25.1497998046875,0
2019,9,7,5,38,26.9998000488281,0
2019,9,7,5,38,28.8497998046875,0
2019,9,7,5,38,30.7498000488281,0
2019,9,7,5,38,32.5497998046875,0
2019,9,7,5,38,34.4498000488281,0
2019,9,7,5,38,36.2997998046875,0
2019,9,7,5,38,38.1497998046875,0
2019,9,7,5,38,39.9498000488281,0
2019,9,7,5,38,41.7997998046875,0
2019,9,7,5,38,43.6497998046875,0
2019,9,7,5,38,45.4998000488281,0
2019,9,7,5,38,47.3497998046875,0
2019,9,7,5,38,49.1998000488281,0
2019,9,7,5,38,51.0497998046875,0
2019,9,7,5,38,52.8997998046875,0
2019,9,7,5,38,54.7498000488281,0
2019,9,7,5,38,56.5497998046875,0
2019,9,7,5,38,58.3997998046875,0
2019,9,7,5,39,0.2997998046875,0
2019,9,7,5,39,2.0997998046875,0
2019,9,7,5,39,3.94980004882812,0
2019,9,7,5,39,5.7997998046875,0
2019,9,7,5,39,7.6497998046875,0
2019,9,7,5,39,9.49980004882812,0
2019,9,7,5,39,11.3497998046875,0
2019,9,7,5,39,13.1998000488281,0
2019,9,7,5,39,51.0497998046875,0
2019,9,7,5,39,52.8997998046875,0
2019,9,7,5,39,54.7498000488281,0
2019,9,7,5,39,56.5997998046875,0
2019,9,7,5,39,58.4498000488281,0
2019,9,7,5,40,0.2997998046875,0
2019,9,7,5,40,2.1497998046875,0
2019,9,7,5,40,3.99980004882813,0
2019,9,7,5,40,5.8497998046875,0
2019,9,7,5,40,7.69980004882813,0
2019,9,7,5,40,9.5497998046875,0
2019,9,7,5,40,11.3997998046875,0
2019,9,7,5,40,13.2498000488281,0
2019,9,7,5,40,15.0997998046875,0
2019,9,7,5,40,16.9498000488281,0
2019,9,7,5,40,18.7997998046875,0
2019,9,7,5,40,20.5997998046875,0
2019,9,7,5,40,22.3997998046875,0
2019,9,7,5,40,24.1497998046875,0
2019,9,7,5,40,25.9498000488281,0
2019,9,7,5,40,27.7498000488281,0
2019,9,7,5,40,29.5497998046875,0
2019,9,7,5,40,31.3997998046875,0
2019,9,7,5,40,33.1998000488281,0
2019,9,7,5,40,34.9998000488281,0
2019,9,7,5,40,36.7498000488281,0
2019,9,7,5,40,38.3997998046875,0
2019,9,7,5,40,40.0497998046875,0
2019,9,7,5,40,41.8497998046875,0
2019,9,7,5,40,43.6497998046875,0
2019,9,7,5,40,45.4998000488281,0
2019,9,7,5,40,47.3497998046875,0
2019,9,7,5,40,49.1998000488281,0
2019,9,7,5,40,51.0997998046875,0
2019,9,7,5,40,52.9498000488281,0
2019,9,7,5,40,54.7997998046875,0
2019,9,7,5,40,56.5997998046875,0
2019,9,7,5,40,58.4998000488281,0
2019,9,7,5,41,0.3497998046875,0
2019,9,7,5,41,2.19980004882812,0
2019,9,7,5,41,4.0497998046875,0
2019,9,7,5,41,5.8997998046875,0
2019,9,7,5,41,7.69980004882813,0
2019,9,7,5,41,9.5997998046875,0
2019,9,7,5,41,11.4498000488281,0
2019,9,7,5,41,13.2997998046875,0
2019,9,7,5,41,15.1497998046875,0
2019,9,7,5,41,16.9998000488281,0
2019,9,7,5,41,18.8497998046875,0
2019,9,7,5,41,20.6998000488281,0
2019,9,7,5,41,22.5497998046875,0
2019,9,7,5,41,24.3997998046875,0
2019,9,7,5,41,26.1998000488281,0
2019,9,7,5,41,28.0497998046875,0
2019,9,7,5,41,29.8997998046875,0
2019,9,7,5,41,31.7498000488281,0
2019,9,7,5,41,33.5997998046875,0
2019,9,7,5,41,35.4498000488281,0
2019,9,7,5,41,37.2997998046875,0
2019,9,7,5,41,39.1497998046875,0
2019,9,7,5,41,41.0497998046875,0
2019,9,7,5,41,42.8997998046875,0
2019,9,7,5,41,44.7498000488281,0
2019,9,7,5,41,46.5997998046875,0
2019,9,7,5,41,48.3997998046875,0
2019,9,7,5,41,50.2498000488281,0
2019,9,7,5,41,52.1497998046875,0
2019,9,7,5,41,53.9498000488281,0
2019,9,7,5,41,55.8497998046875,0
2019,9,7,5,41,57.6998000488281,0
2019,9,7,5,41,59.5497998046875,0
2019,9,7,5,42,1.3497998046875,0
2019,9,7,5,42,3.24980004882813,0
2019,9,7,5,42,5.0997998046875,0
2019,9,7,5,42,6.8997998046875,0
2019,9,7,5,42,8.74980004882812,0
2019,9,7,5,42,10.5997998046875,0
2019,9,7,5,42,12.4498000488281,0
2019,9,7,5,42,14.2997998046875,0
2019,9,7,5,42,16.1497998046875,0
2019,9,7,5,42,18.0497998046875,0
2019,9,7,5,42,19.8497998046875,0
2019,9,7,5,42,21.6998000488281,0
2019,9,7,5,42,23.5497998046875,0
2019,9,7,5,42,25.3997998046875,0
2019,9,7,5,42,27.2498000488281,0
2019,9,7,5,42,29.0997998046875,0
2019,9,7,5,42,30.9498000488281,0
2019,9,7,5,42,32.7997998046875,0
2019,9,7,5,42,34.6998000488281,0
2019,9,7,5,42,36.5497998046875,0
2019,9,7,5,42,38.3497998046875,0
2019,9,7,5,42,40.1998000488281,0
2019,9,7,5,42,42.0497998046875,0
2019,9,7,5,42,43.9498000488281,0
2019,9,7,5,42,45.7498000488281,0
2019,9,7,5,42,47.5997998046875,0
2019,9,7,5,42,49.4498000488281,0
2019,9,7,5,42,51.2997998046875,0
2019,9,7,5,42,53.1998000488281,0
2019,9,7,5,42,55.0497998046875,0
2019,9,7,5,42,56.8997998046875,0
2019,9,7,5,42,58.7498000488281,0
2019,9,7,5,43,0.5997998046875,0
2019,9,7,5,43,2.44980004882812,0
2019,9,7,5,43,4.24980004882813,0
2019,9,7,5,43,6.0997998046875,0
2019,9,7,5,43,7.94980004882813,0
2019,9,7,5,43,9.8497998046875,0
2019,9,7,5,43,11.6998000488281,0
2019,9,7,5,43,13.4998000488281,0
2019,9,7,5,43,15.3497998046875,0
2019,9,7,5,43,17.1998000488281,0
2019,9,7,5,43,19.0997998046875,0
2019,9,7,5,43,20.8997998046875,0
2019,9,7,5,43,22.7498000488281,0
2019,9,7,5,43,24.5997998046875,0
2019,9,7,5,43,26.4498000488281,0
2019,9,7,5,43,28.3497998046875,0
2019,9,7,5,43,30.1998000488281,0
2019,9,7,5,43,32.0497998046875,0
2019,9,7,5,43,33.8997998046875,0
2019,9,7,5,43,35.7498000488281,0
2019,9,7,5,43,37.5497998046875,0
2019,9,7,5,43,39.3997998046875,0
2019,9,7,5,43,41.2498000488281,0
2019,9,7,5,43,43.0997998046875,0
2019,9,7,5,43,44.9498000488281,0
2019,9,7,5,43,46.8497998046875,0
2019,9,7,5,43,48.6998000488281,0
2019,9,7,5,43,50.4998000488281,0
2019,9,7,5,43,52.3497998046875,0
2019,9,7,5,43,54.1998000488281,0
2019,9,7,5,43,56.0997998046875,0
2019,9,7,5,43,57.9498000488281,0
2019,9,7,5,43,59.8997998046875,0
2019,9,7,5,44,1.7997998046875,0
2019,9,7,5,44,3.6497998046875,0
2019,9,7,5,44,5.49980004882813,0
2019,9,7,5,44,7.3497998046875,0
2019,9,7,5,44,9.24980004882812,0
2019,9,7,5,44,11.0997998046875,0
2019,9,7,5,44,12.9998000488281,0
2019,9,7,5,44,14.8497998046875,0
2019,9,7,5,44,16.6998000488281,0
2019,9,7,5,44,18.5997998046875,0
2019,9,7,5,44,20.4498000488281,0
2019,9,7,5,44,22.3497998046875,0
2019,9,7,5,44,24.1998000488281,0
2019,9,7,5,44,26.0497998046875,0
2019,9,7,5,44,27.8997998046875,0
2019,9,7,5,44,29.7997998046875,0
2019,9,7,5,44,31.6497998046875,0
2019,9,7,5,44,33.4998000488281,0
2019,9,7,5,44,35.3497998046875,0
2019,9,7,5,44,37.1998000488281,0
2019,9,7,5,44,39.0497998046875,0
2019,9,7,5,44,40.8997998046875,0
2019,9,7,5,44,42.7498000488281,0
2019,9,7,5,44,44.5997998046875,0
2019,9,7,5,44,46.4998000488281,0
2019,9,7,5,44,48.2997998046875,0
2019,9,7,5,44,50.1497998046875,0
2019,9,7,5,44,51.9998000488281,0
2019,9,7,5,44,53.8997998046875,0
2019,9,7,5,44,55.7498000488281,0
2019,9,7,5,44,57.5497998046875,0
2019,9,7,5,44,59.4498000488281,0
2019,9,7,5,45,1.2997998046875,0
2019,9,7,5,45,3.1497998046875,0
2019,9,7,5,45,4.99980004882813,0
2019,9,7,5,45,6.8497998046875,0
2019,9,7,5,45,8.69980004882813,0
2019,9,7,5,45,10.5497998046875,0
2019,9,7,5,45,12.3997998046875,0
2019,9,7,5,45,14.2498000488281,0
2019,9,7,5,45,16.0997998046875,0
2019,9,7,5,45,17.9498000488281,0
2019,9,7,5,46,18.9998000488281,0
2019,9,7,5,46,20.8497998046875,0
2019,9,7,5,46,22.6998000488281,0
2019,9,7,5,46,24.5497998046875,0
2019,9,7,5,46,26.3997998046875,0
2019,9,7,5,46,28.2498000488281,0
2019,9,7,5,46,30.0997998046875,0
2019,9,7,5,46,31.9498000488281,0
2019,9,7,5,46,33.7997998046875,0
2019,9,7,5,46,35.6497998046875,0
2019,9,7,5,46,37.4998000488281,0
2019,9,7,5,46,39.3497998046875,0
2019,9,7,5,46,41.1998000488281,0
2019,9,7,5,46,43.0497998046875,0
2019,9,7,5,46,44.8997998046875,0
2019,9,7,5,46,46.7498000488281,0
2019,9,7,5,46,48.5997998046875,0
2019,9,7,5,46,50.4498000488281,0
2019,9,7,5,46,52.2997998046875,0
2019,9,7,5,46,54.1497998046875,0
2019,9,7,5,46,55.9998000488281,0
2019,9,7,5,46,57.8497998046875,0
2019,9,7,5,46,59.6998000488281,0
2019,9,7,5,47,1.5497998046875,0
2019,9,7,5,47,3.3997998046875,0
2019,9,7,5,47,5.24980004882813,0
2019,9,7,5,47,7.0997998046875,0
2019,9,7,5,47,8.94980004882813,0
2019,9,7,5,47,10.7997998046875,0
2019,9,7,5,47,12.6497998046875,0
2019,9,7,5,47,14.4998000488281,0
2019,9,7,5,47,16.3497998046875,0
2019,9,7,5,47,18.1998000488281,0
2019,9,7,5,47,20.0497998046875,0
2019,9,7,5,47,21.8997998046875,0
2019,9,7,5,47,23.7498000488281,0
2019,9,7,5,47,25.5997998046875,0
2019,9,7,5,47,27.4498000488281,0
2019,9,7,5,47,29.2997998046875,0
2019,9,7,5,47,31.1497998046875,0
2019,9,7,5,47,33.0497998046875,0
2019,9,7,5,47,34.8997998046875,0
2019,9,7,5,47,36.6998000488281,0
2019,9,7,5,47,38.5497998046875,0
2019,9,7,5,47,40.4498000488281,0
2019,9,7,5,47,42.2997998046875,0
2019,9,7,5,47,44.1497998046875,0
2019,9,7,5,47,45.9498000488281,0
2019,9,7,5,47,47.7997998046875,0
2019,9,7,5,47,49.6497998046875,0
2019,9,7,5,47,51.5497998046875,0
2019,9,7,5,47,53.3997998046875,0
2019,9,7,5,47,55.2498000488281,0
2019,9,7,5,47,57.0997998046875,0
2019,9,7,5,47,58.9498000488281,0
2019,9,7,5,48,0.7997998046875,0
2019,9,7,5,48,2.5997998046875,0
2019,9,7,5,48,4.44980004882813,0
2019,9,7,5,48,6.2997998046875,0
2019,9,7,5,48,8.1497998046875,0
2019,9,7,5,48,9.99980004882812,0
2019,9,7,5,48,11.8497998046875,0
2019,9,7,5,48,13.6998000488281,0
2019,9,7,5,48,15.5497998046875,0
2019,9,7,5,48,17.3997998046875,0
2019,9,7,5,48,19.2498000488281,0
2019,9,7,5,48,21.0997998046875,0
2019,9,7,5,48,22.9498000488281,0
2019,9,7,5,48,24.7997998046875,0
2019,9,7,5,48,26.6497998046875,1
2019,9,7,5,48,28.4998000488281,1
2019,9,7,5,48,30.3497998046875,1
2019,9,7,5,48,32.1998000488281,1
2019,9,7,5,48,34.0497998046875,1
2019,9,7,5,48,35.8997998046875,1
2019,9,7,5,48,37.7498000488281,1
2019,9,7,5,48,39.5997998046875,1
2019,9,7,5,48,41.4498000488281,1
2019,9,7,5,48,43.2997998046875,1
2019,9,7,5,48,45.1497998046875,1
2019,9,7,5,48,46.9998000488281,1
2019,9,7,5,48,48.8497998046875,1
2019,9,7,5,48,50.6998000488281,1
2019,9,7,5,48,52.5497998046875,1
2019,9,7,5,48,54.3997998046875,1
2019,9,7,5,48,56.2498000488281,1
2019,9,7,5,48,58.0997998046875,1
2019,9,7,5,48,59.9498000488281,1
2019,9,7,5,49,1.7997998046875,1
2019,9,7,5,49,3.6497998046875,1
2019,9,7,5,49,5.49980004882813,1
2019,9,7,5,49,7.3497998046875,1
2019,9,7,5,49,9.19980004882813,1
2019,9,7,5,49,11.0497998046875,1
2019,9,7,5,49,12.8997998046875,1
2019,9,7,5,49,14.7498000488281,1
2019,9,7,5,49,16.5997998046875,1
2019,9,7,5,49,18.4498000488281,1
2019,9,7,5,49,20.2997998046875,1
2019,9,7,5,49,22.1497998046875,1
2019,9,7,5,49,23.9998000488281,1
2019,9,7,5,49,25.8497998046875,1
2019,9,7,5,49,27.6998000488281,1
2019,9,7,5,49,29.5497998046875,1
2019,9,7,5,49,31.3997998046875,1
2019,9,7,5,49,33.2498000488281,1
2019,9,7,5,49,35.0997998046875,1
2019,9,7,5,49,36.9498000488281,1
2019,9,7,5,49,38.7997998046875,1
2019,9,7,5,49,40.6497998046875,1
2019,9,7,5,49,42.4998000488281,1
2019,9,7,5,49,44.3497998046875,1
2019,9,7,5,49,46.1998000488281,1
2019,9,7,5,49,48.0497998046875,1
2019,9,7,5,49,49.8997998046875,1
2019,9,7,5,49,51.7997998046875,1
2019,9,7,5,49,53.6497998046875,1
2019,9,7,5,49,55.4998000488281,1
2019,9,7,5,49,57.2997998046875,1
2019,9,7,5,49,59.1497998046875,0
2019,9,7,5,50,0.999800048828125,0
2019,9,7,5,50,2.8997998046875,0
2019,9,7,5,50,4.69980004882813,0
2019,9,7,5,50,6.5497998046875,0
2019,9,7,5,50,8.3997998046875,0
2019,9,7,5,50,10.2498000488281,0
2019,9,7,5,50,12.0997998046875,1
2019,9,7,5,50,13.9498000488281,1
2019,9,7,5,50,15.7997998046875,1
2019,9,7,5,50,17.6497998046875,1
2019,9,7,5,50,19.4998000488281,1
2019,9,7,5,50,21.3497998046875,1
2019,9,7,5,50,23.1998000488281,1
2019,9,7,5,50,25.0497998046875,1
2019,9,7,5,50,26.8997998046875,1
2019,9,7,5,50,28.7498000488281,1
2019,9,7,5,50,30.5997998046875,1
2019,9,7,5,50,32.4498000488281,1
2019,9,7,5,50,34.2997998046875,1
2019,9,7,5,50,36.1497998046875,1
2019,9,7,5,50,37.9998000488281,1
2019,9,7,5,50,39.8497998046875,1
2019,9,7,5,50,41.6998000488281,1
2019,9,7,5,50,43.5497998046875,1
2019,9,7,5,50,45.3997998046875,1
2019,9,7,5,50,47.2498000488281,1
2019,9,7,5,50,49.0997998046875,1
2019,9,7,5,50,50.9498000488281,1
2019,9,7,5,50,52.7997998046875,1
2019,9,7,5,50,54.6497998046875,1
2019,9,7,5,50,56.4998000488281,1
2019,9,7,5,50,58.3497998046875,1
2019,9,7,5,51,0.199800048828125,1
2019,9,7,5,51,2.0497998046875,1
2019,9,7,5,51,3.8997998046875,1
2019,9,7,5,51,5.74980004882813,1
2019,9,7,5,51,7.5997998046875,1
2019,9,7,5,51,9.44980004882813,1
2019,9,7,5,51,11.2997998046875,1
2019,9,7,5,51,13.1497998046875,1
2019,9,7,5,51,14.9998000488281,1
2019,9,7,5,51,16.8497998046875,1
2019,9,7,5,51,18.6998000488281,1
2019,9,7,5,51,20.5497998046875,1
2019,9,7,5,51,22.3997998046875,1
2019,9,7,5,51,24.2498000488281,1
2019,9,7,5,51,26.0997998046875,1
2019,9,7,5,51,27.9498000488281,1
2019,9,7,5,51,29.7997998046875,0
2019,9,7,5,51,31.6497998046875,0
2019,9,7,5,51,33.4998000488281,0
2019,9,7,5,51,35.3497998046875,0
2019,9,7,5,51,37.1998000488281,0
2019,9,7,5,51,39.0497998046875,0
2019,9,7,5,51,40.8997998046875,0
2019,9,7,5,51,42.7498000488281,0
2019,9,7,5,51,44.5997998046875,0
2019,9,7,5,51,46.4498000488281,0
2019,9,7,5,51,48.2997998046875,0
2019,9,7,5,51,50.1497998046875,0
2019,9,7,5,51,51.9998000488281,0
2019,9,7,5,51,53.8497998046875,0
2019,9,7,5,51,55.6998000488281,0
2019,9,7,5,51,57.5497998046875,0
2019,9,7,5,51,59.3997998046875,0
2019,9,7,5,52,1.24980004882813,0
2019,9,7,5,52,3.0997998046875,0
2019,9,7,5,52,4.94980004882813,0
2019,9,7,5,52,6.7997998046875,0
2019,9,7,5,52,8.6497998046875,0
2019,9,7,5,52,10.4998000488281,0
2019,9,7,5,52,12.3497998046875,0
2019,9,7,5,52,14.1998000488281,0
2019,9,7,5,52,16.0497998046875,0
2019,9,7,5,52,17.8997998046875,0
2019,9,7,5,52,19.7498000488281,0
2019,9,7,5,52,21.5997998046875,0
2019,9,7,5,52,23.4498000488281,0
2019,9,7,5,52,25.2997998046875,0
2019,9,7,5,52,27.1497998046875,0
2019,9,7,5,52,28.9998000488281,0
2019,9,7,5,52,30.8497998046875,0
2019,9,7,5,52,32.6998000488281,0
2019,9,7,5,52,34.5497998046875,0
2019,9,7,5,52,36.3997998046875,0
2019,9,7,5,52,38.2498000488281,0
2019,9,7,5,52,40.0997998046875,0
2019,9,7,5,52,41.9498000488281,0
2019,9,7,5,52,43.7997998046875,0
2019,9,7,5,52,45.6497998046875,0
2019,9,7,5,52,47.4998000488281,0
2019,9,7,5,52,49.3497998046875,0
2019,9,7,5,52,51.1998000488281,0
2019,9,7,5,52,53.0497998046875,0
2019,9,7,5,52,54.8997998046875,0
2019,9,7,5,52,56.7498000488281,0
2019,9,7,5,52,58.5997998046875,0
2019,9,7,5,53,0.449800048828125,0
2019,9,7,5,53,2.2997998046875,0
2019,9,7,5,53,4.1497998046875,0
2019,9,7,5,53,5.99980004882813,0
2019,9,7,5,53,7.8497998046875,0
2019,9,7,5,53,9.69980004882813,0
2019,9,7,5,53,11.5497998046875,0
2019,9,7,5,53,13.3997998046875,0
2019,9,7,5,53,15.2498000488281,0
2019,9,7,5,53,17.0997998046875,0
2019,9,7,5,53,18.9498000488281,0
2019,9,7,5,53,20.7997998046875,0
2019,9,7,5,53,22.6497998046875,0
2019,9,7,5,53,24.4998000488281,0
2019,9,7,5,53,26.3497998046875,0
2019,9,7,5,53,28.1998000488281,0
2019,9,7,5,53,30.0497998046875,0
2019,9,7,5,53,31.8997998046875,0
2019,9,7,5,53,33.7498000488281,0
2019,9,7,5,53,35.5997998046875,0
2019,9,7,5,53,37.4498000488281,0
2019,9,7,5,53,39.2997998046875,0
2019,9,7,5,53,41.1497998046875,0
2019,9,7,5,53,42.9998000488281,0
2019,9,7,5,53,44.8497998046875,0
2019,9,7,5,53,46.6998000488281,0
2019,9,7,5,53,48.5497998046875,0
2019,9,7,5,53,50.3997998046875,0
2019,9,7,5,53,52.2498000488281,0
2019,9,7,5,53,54.0997998046875,0
2019,9,7,5,53,55.9498000488281,0
2019,9,7,5,53,57.7997998046875,0
2019,9,7,5,53,59.6497998046875,0
2019,9,7,5,54,1.49980004882813,0
2019,9,7,5,54,3.3497998046875,0
2019,9,7,5,54,5.19980004882813,0
2019,9,7,5,54,7.0497998046875,0
2019,9,7,5,54,8.8997998046875,0
2019,9,7,5,54,10.7498000488281,0
2019,9,7,5,54,12.5997998046875,0
2019,9,7,5,54,14.4498000488281,0
2019,9,7,5,54,16.2997998046875,0
2019,9,7,5,54,18.1497998046875,0
2019,9,7,5,54,19.9998000488281,0
2019,9,7,5,54,21.8497998046875,0
2019,9,7,5,54,23.6998000488281,0
2019,9,7,5,54,25.5497998046875,0
2019,9,7,5,54,27.3997998046875,0
2019,9,7,5,54,29.2498000488281,0
2019,9,7,5,54,31.0997998046875,0
2019,9,7,5,54,32.9498000488281,0
2019,9,7,5,54,34.7997998046875,0
2019,9,7,5,54,36.6497998046875,0
2019,9,7,5,54,38.4998000488281,0
2019,9,7,5,54,40.3497998046875,0
2019,9,7,5,54,42.1998000488281,0
2019,9,7,5,54,44.0497998046875,0
2019,9,7,5,54,45.8997998046875,0
2019,9,7,5,54,47.7498000488281,0
2019,9,7,5,54,49.5997998046875,0
2019,9,7,5,54,51.4498000488281,0
2019,9,7,5,54,53.2997998046875,0
2019,9,7,5,54,55.1497998046875,0
2019,9,7,5,54,56.9998000488281,0
2019,9,7,5,54,58.8497998046875,0
2019,9,7,5,55,0.699800048828125,0
2019,9,7,5,55,2.5497998046875,0
2019,9,7,5,55,4.3997998046875,0
2019,9,7,5,55,6.24980004882813,0
2019,9,7,5,55,8.0997998046875,0
2019,9,7,5,55,9.94980004882813,0
2019,9,7,5,55,11.7997998046875,0
2019,9,7,5,55,13.6497998046875,0
2019,9,7,5,55,15.4998000488281,0
2019,9,7,5,55,17.3497998046875,0
2019,9,7,5,55,19.1998000488281,0
2019,9,7,5,55,21.0497998046875,0
2019,9,7,5,55,22.8997998046875,0
2019,9,7,5,55,24.7498000488281,0
2019,9,7,5,55,26.5997998046875,0
2019,9,7,5,55,28.4498000488281,0
2019,9,7,5,55,30.2997998046875,0
2019,9,7,5,55,32.1497998046875,0
2019,9,7,5,55,33.9998000488281,0
2019,9,7,5,55,35.8497998046875,0
2019,9,7,5,55,37.6998000488281,0
2019,9,7,5,55,39.5497998046875,0
2019,9,7,5,55,41.3997998046875,0
2019,9,7,5,55,43.2498000488281,0
2019,9,7,5,55,45.0997998046875,0
2019,9,7,5,55,46.9498000488281,0
2019,9,7,5,55,48.7997998046875,0
2019,9,7,5,55,50.6497998046875,0
2019,9,7,5,55,52.4998000488281,0
2019,9,7,5,55,54.3497998046875,0
2019,9,7,5,55,56.1998000488281,0
2019,9,7,5,55,58.0497998046875,0
2019,9,7,5,55,59.8997998046875,0
2019,9,7,5,56,1.74980004882813,0
2019,9,7,5,56,3.5997998046875,0
2019,9,7,5,56,5.44980004882813,0
2019,9,7,5,56,7.2997998046875,0
2019,9,7,5,56,9.1497998046875,0
2019,9,7,5,56,10.9998000488281,0
2019,9,7,5,56,12.8497998046875,0
2019,9,7,5,56,14.6998000488281,0
2019,9,7,5,56,16.5497998046875,0
2019,9,7,5,56,18.3997998046875,0
2019,9,7,5,56,20.2498000488281,0
2019,9,7,5,56,22.0997998046875,0
2019,9,7,5,56,23.9498000488281,0
2019,9,7,5,56,25.7997998046875,0
2019,9,7,5,56,27.6497998046875,0
2019,9,7,5,56,29.4998000488281,0
2019,9,7,5,56,31.3497998046875,0
2019,9,7,5,56,33.1998000488281,0
2019,9,7,5,56,35.0497998046875,0
2019,9,7,5,56,36.8997998046875,0
2019,9,7,5,56,38.7498000488281,0
2019,9,7,5,56,40.5997998046875,0
2019,9,7,5,56,42.4498000488281,0
2019,9,7,5,56,44.2997998046875,0
2019,9,7,5,56,46.1497998046875,0
2019,9,7,5,56,47.9998000488281,0
2019,9,7,5,56,49.8497998046875,0
2019,9,7,5,56,51.6998000488281,0
2019,9,7,5,56,53.5497998046875,0
2019,9,7,5,56,55.3997998046875,0
2019,9,7,5,56,57.2498000488281,0
2019,9,7,5,56,59.0997998046875,0
2019,9,7,5,57,0.949800048828125,0
2019,9,7,5,57,2.7997998046875,0
2019,9,7,5,57,4.6497998046875,0
2019,9,7,5,57,6.49980004882813,0
2019,9,7,5,57,8.3497998046875,0
2019,9,7,5,57,10.1998000488281,0
2019,9,7,5,57,12.0497998046875,0
2019,9,7,5,57,13.8997998046875,0
2019,9,7,5,57,15.7498000488281,0
2019,9,7,5,57,17.5997998046875,0
2019,9,7,5,57,19.4498000488281,0
2019,9,7,5,57,21.2997998046875,0
2019,9,7,5,57,23.1497998046875,0
2019,9,7,5,57,24.9998000488281,0
2019,9,7,5,57,26.8497998046875,0
2019,9,7,5,57,28.6998000488281,0
2019,9,7,5,57,30.5497998046875,0
2019,9,7,5,57,32.3997998046875,0
2019,9,7,5,57,34.2498000488281,0
2019,9,7,5,57,36.0997998046875,0
2019,9,7,5,57,37.9498000488281,0
2019,9,7,5,57,39.7997998046875,0
2019,9,7,5,57,41.6497998046875,0
2019,9,7,5,57,43.4998000488281,0
2019,9,7,5,57,45.3497998046875,0
2019,9,7,5,57,47.1998000488281,0
2019,9,7,5,57,49.0497998046875,0
2019,9,7,5,57,50.8997998046875,0
2019,9,7,5,57,52.7997998046875,0
2019,9,7,5,57,54.6497998046875,0
2019,9,7,5,57,56.4998000488281,0
2019,9,7,5,57,58.3497998046875,0
2019,9,7,5,58,0.1497998046875,0
2019,9,7,5,58,1.99980004882813,0
2019,9,7,5,58,3.8997998046875,0
2019,9,7,5,58,5.69980004882813,0
2019,9,7,5,58,7.5497998046875,0
2019,9,7,5,58,9.3997998046875,0
2019,9,7,5,58,11.2498000488281,0
2019,9,7,5,58,13.1497998046875,0
2019,9,7,5,58,14.9998000488281,0
2019,9,7,5,58,16.8497998046875,0
2019,9,7,5,58,18.6497998046875,0
2019,9,7,5,58,20.5497998046875,0
2019,9,7,5,58,22.3497998046875,0
2019,9,7,5,58,24.1998000488281,0
2019,9,7,5,58,26.0497998046875,0
2019,9,7,5,58,27.8997998046875,0
2019,9,7,5,58,29.7498000488281,0
2019,9,7,5,58,31.5997998046875,0
2019,9,7,5,58,33.4498000488281,0
2019,9,7,5,58,35.2997998046875,0
2019,9,7,5,58,37.1497998046875,0
2019,9,7,5,58,38.9998000488281,0
2019,9,7,5,58,40.8497998046875,0
2019,9,7,5,58,42.6998000488281,0
2019,9,7,5,58,44.5497998046875,0
2019,9,7,5,58,46.3997998046875,0
2019,9,7,5,58,48.2498000488281,0
2019,9,7,5,58,50.1497998046875,0
2019,9,7,5,58,51.9498000488281,0
2019,9,7,5,58,53.7997998046875,0
2019,9,7,5,58,55.6497998046875,0
2019,9,7,5,58,57.4998000488281,0
2019,9,7,5,58,59.3497998046875,0
2019,9,7,5,59,1.19980004882813,0
2019,9,7,5,59,3.0497998046875,0
2019,9,7,5,59,4.8997998046875,0
2019,9,7,5,59,6.74980004882813,0
2019,9,7,5,59,8.5997998046875,0
2019,9,7,5,59,10.4498000488281,0
2019,9,7,5,59,12.2997998046875,0
2019,9,7,5,59,14.1497998046875,0
2019,9,7,5,59,15.9998000488281,0
2019,9,7,5,59,17.8497998046875,0
2019,9,7,5,59,19.6998000488281,0
2019,9,7,5,59,21.5497998046875,0
2019,9,7,5,59,23.3997998046875,0
2019,9,7,5,59,25.2498000488281,0
2019,9,7,5,59,27.0497998046875,0
2019,9,7,5,59,28.9498000488281,0
2019,9,7,5,59,30.7997998046875,0
2019,9,7,5,59,32.6497998046875,0
2019,9,7,5,59,34.4998000488281,0
2019,9,7,5,59,36.3497998046875,0
2019,9,7,5,59,38.1998000488281,0
2019,9,7,5,59,40.0497998046875,0
2019,9,7,5,59,41.8997998046875,0
2019,9,7,5,59,43.7498000488281,0
2019,9,7,5,59,45.5997998046875,0
2019,9,7,5,59,47.4498000488281,0
2019,9,7,5,59,49.2997998046875,0
2019,9,7,5,59,51.1497998046875,0
2019,9,7,5,59,52.9998000488281,0
2019,9,7,5,59,54.8497998046875,0
2019,9,7,5,59,56.6998000488281,0
2019,9,7,5,59,58.5497998046875,0
2019,9,7,6,0,0.3997998046875,0
2019,9,7,6,0,2.24980004882813,0
2019,9,7,6,0,4.0997998046875,0
2019,9,7,6,0,5.94980004882813,0
2019,9,7,6,0,7.7997998046875,0
2019,9,7,6,0,9.6497998046875,0
2019,9,7,6,0,11.4998000488281,0
2019,9,7,6,0,13.3497998046875,0
2019,9,7,6,0,15.1998000488281,0
2019,9,7,6,0,17.0497998046875,0
2019,9,7,6,0,18.8997998046875,0
2019,9,7,6,0,20.7498000488281,0
2019,9,7,6,0,22.5997998046875,0
2019,9,7,6,0,24.4498000488281,0
2019,9,7,6,0,26.2997998046875,0
2019,9,7,6,0,28.1497998046875,0
2019,9,7,6,0,29.9998000488281,0
2019,9,7,6,0,31.8497998046875,0
2019,9,7,6,0,33.6998000488281,0
2019,9,7,6,0,35.5497998046875,0
2019,9,7,6,0,37.3997998046875,0
2019,9,7,6,0,39.2498000488281,0
2019,9,7,6,0,41.0997998046875,0
2019,9,7,6,0,42.9498000488281,0
2019,9,7,6,0,44.7997998046875,0
2019,9,7,6,0,46.6497998046875,0
2019,9,7,6,0,48.4998000488281,0
2019,9,7,6,0,50.3497998046875,0
2019,9,7,6,0,52.1998000488281,0
2019,9,7,6,0,54.0497998046875,0
2019,9,7,6,0,55.8997998046875,0
2019,9,7,6,0,57.7498000488281,0
2019,9,7,6,0,59.5997998046875,0
2019,9,7,6,1,1.44980004882813,0
2019,9,7,6,1,3.2997998046875,0
2019,9,7,6,1,5.1497998046875,0
2019,9,7,6,1,6.99980004882813,0
2019,9,7,6,1,8.8497998046875,0
2019,9,7,6,1,10.6998000488281,0
2019,9,7,6,1,12.5497998046875,0
2019,9,7,6,1,14.3997998046875,0
2019,9,7,6,1,16.2498000488281,0
2019,9,7,6,1,18.0997998046875,0
2019,9,7,6,1,19.9498000488281,0
2019,9,7,6,1,21.7997998046875,0
2019,9,7,6,1,23.6497998046875,0
2019,9,7,6,1,25.4998000488281,0
2019,9,7,6,1,27.3497998046875,0
2019,9,7,6,1,29.1998000488281,0
2019,9,7,6,1,31.0497998046875,0
2019,9,7,6,1,32.8997998046875,0
2019,9,7,6,1,34.7498000488281,0
2019,9,7,6,1,36.5997998046875,0
2019,9,7,6,1,38.4498000488281,0
2019,9,7,6,1,40.2997998046875,0
2019,9,7,6,1,42.1497998046875,0
2019,9,7,6,1,43.9998000488281,0
2019,9,7,6,1,45.8497998046875,0
2019,9,7,6,1,47.6998000488281,0
2019,9,7,6,1,49.5497998046875,0
2019,9,7,6,1,51.3997998046875,0
2019,9,7,6,1,53.2498000488281,0
2019,9,7,6,1,55.0997998046875,0
2019,9,7,6,1,56.9498000488281,0
2019,9,7,6,1,58.7997998046875,0
2019,9,7,6,2,0.699800048828125,0
2019,9,7,6,2,2.69980004882812,0
2019,9,7,6,2,4.49980004882813,0
2019,9,7,6,2,6.3497998046875,0
2019,9,7,6,2,8.1497998046875,0
2019,9,7,6,2,9.99980004882812,0
2019,9,7,6,2,11.8497998046875,0
2019,9,7,6,6,13.9998000488281,0
2019,9,7,6,6,15.8497998046875,0
2019,9,7,6,6,17.6998000488281,0
2019,9,7,6,6,19.5497998046875,0
2019,9,7,6,6,21.3997998046875,0
2019,9,7,6,6,23.2498000488281,0
2019,9,7,6,6,25.0997998046875,0
2019,9,7,6,6,26.9498000488281,0
2019,9,7,6,6,28.7997998046875,0
2019,9,7,6,6,30.6497998046875,0
2019,9,7,6,6,32.4998000488281,0
2019,9,7,6,6,34.3497998046875,0
2019,9,7,6,6,36.1998000488281,0
2019,9,7,6,6,38.0497998046875,0
2019,9,7,6,6,39.8997998046875,0
2019,9,7,6,6,41.7498000488281,0
2019,9,7,6,6,43.5997998046875,0
2019,9,7,6,6,45.4498000488281,0
2019,9,7,6,6,47.2997998046875,0
2019,9,7,6,6,49.1497998046875,0
2019,9,7,6,6,50.9998000488281,0
2019,9,7,6,6,52.8497998046875,0
2019,9,7,6,6,54.6998000488281,0
2019,9,7,6,6,56.5497998046875,0
2019,9,7,6,6,58.3997998046875,0
2019,9,7,6,7,0.249800048828125,0
2019,9,7,6,7,2.0997998046875,0
2019,9,7,6,7,3.94980004882812,0
2019,9,7,6,7,5.7997998046875,0
2019,9,7,6,7,7.6497998046875,0
2019,9,7,6,7,9.49980004882812,0
2019,9,7,6,7,11.3497998046875,0
2019,9,7,6,7,13.1998000488281,0
2019,9,7,6,7,15.0497998046875,0
2019,9,7,6,7,16.8997998046875,0
2019,9,7,6,7,18.7498000488281,0
2019,9,7,6,7,20.5997998046875,0
2019,9,7,6,7,22.4498000488281,0
2019,9,7,6,7,24.2997998046875,0
2019,9,7,6,7,26.1497998046875,0
2019,9,7,6,7,27.9998000488281,0
2019,9,7,6,7,29.8497998046875,0
2019,9,7,6,7,31.6998000488281,0
2019,9,7,6,7,33.5497998046875,0
2019,9,7,6,7,35.3997998046875,0
2019,9,7,6,7,37.2498000488281,0
2019,9,7,6,7,39.0997998046875,0
2019,9,7,6,7,40.9498000488281,0
2019,9,7,6,7,42.7997998046875,0
2019,9,7,6,7,44.6497998046875,0
2019,9,7,6,7,46.4998000488281,0
2019,9,7,6,7,48.3497998046875,0
2019,9,7,6,7,50.1998000488281,0
2019,9,7,6,7,52.0497998046875,0
2019,9,7,6,7,53.8997998046875,0
2019,9,7,6,7,55.7498000488281,0
2019,9,7,6,7,57.5997998046875,0
2019,9,7,6,7,59.4498000488281,0
2019,9,7,6,8,1.2997998046875,0
2019,9,7,6,8,3.1497998046875,0
2019,9,7,6,8,4.99980004882813,0
2019,9,7,6,8,6.8497998046875,0
2019,9,7,6,8,8.69980004882813,0
2019,9,7,6,8,10.5497998046875,0
2019,9,7,6,8,12.3997998046875,0
2019,9,7,6,8,14.2498000488281,0
2019,9,7,6,8,16.0997998046875,0
2019,9,7,6,8,17.9498000488281,0
2019,9,7,6,8,19.7997998046875,0
2019,9,7,6,8,21.6497998046875,0
2019,9,7,6,8,23.4998000488281,0
2019,9,7,6,8,25.3497998046875,0
2019,9,7,6,8,27.1998000488281,0
2019,9,7,6,8,29.0497998046875,0
2019,9,7,6,8,30.8997998046875,0
2019,9,7,6,8,32.8497998046875,0
2019,9,7,6,8,34.6998000488281,0
2019,9,7,6,8,36.5497998046875,0
2019,9,7,6,8,38.3997998046875,0
2019,9,7,6,8,40.2498000488281,0
2019,9,7,6,8,42.0497998046875,0
2019,9,7,6,8,43.8997998046875,0
2019,9,7,6,8,45.7498000488281,0
2019,9,7,6,8,47.5997998046875,0
2019,9,7,6,8,49.4498000488281,0
2019,9,7,6,8,51.2997998046875,0
2019,9,7,6,8,53.1497998046875,0
2019,9,7,6,8,54.9998000488281,0
2019,9,7,6,8,56.8497998046875,0
2019,9,7,6,8,58.6998000488281,0
2019,9,7,6,9,0.5497998046875,0
2019,9,7,6,9,2.3497998046875,0
2019,9,7,6,9,4.19980004882813,0
2019,9,7,6,9,6.0497998046875,0
2019,9,7,6,9,7.8997998046875,0
2019,9,7,6,9,9.74980004882812,0
2019,9,7,6,9,11.5997998046875,0
2019,9,7,6,9,13.4498000488281,0
2019,9,7,6,9,15.2997998046875,0
2019,9,7,6,9,17.1497998046875,0
2019,9,7,6,9,18.9998000488281,0
2019,9,7,6,9,20.8497998046875,0
2019,9,7,6,9,22.6998000488281,0
2019,9,7,6,9,24.5497998046875,0
2019,9,7,6,9,26.3997998046875,0
2019,9,7,6,9,28.2498000488281,0
2019,9,7,6,9,30.0997998046875,0
2019,9,7,6,9,31.9498000488281,0
2019,9,7,6,9,33.7997998046875,0
2019,9,7,6,9,35.6497998046875,0
2019,9,7,6,9,37.4998000488281,0
2019,9,7,6,9,39.3497998046875,0
2019,9,7,6,9,41.1998000488281,0
2019,9,7,6,9,43.0497998046875,0
2019,9,7,6,9,44.8997998046875,0
2019,9,7,6,9,46.7498000488281,0
2019,9,7,6,9,48.5997998046875,0
2019,9,7,6,9,50.4498000488281,0
2019,9,7,6,9,52.2997998046875,0
2019,9,7,6,9,54.1497998046875,0
2019,9,7,6,9,55.9998000488281,0
2019,9,7,6,9,57.8497998046875,0
2019,9,7,6,9,59.6998000488281,0
2019,9,7,6,10,1.5497998046875,0
2019,9,7,6,10,3.3997998046875,0
2019,9,7,6,10,5.24980004882813,0
2019,9,7,6,10,7.0997998046875,0
2019,9,7,6,10,8.94980004882813,0
2019,9,7,6,10,10.7997998046875,0
2019,9,7,6,10,12.6497998046875,0
2019,9,7,6,10,14.4998000488281,0
2019,9,7,6,10,16.3497998046875,0
2019,9,7,6,10,18.1998000488281,0
2019,9,7,6,10,20.0497998046875,0
2019,9,7,6,10,21.8997998046875,0
2019,9,7,6,10,23.7498000488281,0
2019,9,7,6,10,25.5997998046875,0
2019,9,7,6,10,27.4498000488281,0
2019,9,7,6,10,29.2997998046875,0
2019,9,7,6,10,31.1497998046875,0
2019,9,7,6,10,32.9998000488281,0
2019,9,7,6,10,34.8497998046875,0
2019,9,7,6,10,36.6998000488281,0
2019,9,7,6,10,38.5497998046875,0
2019,9,7,6,10,40.3997998046875,0
2019,9,7,6,10,42.2498000488281,0
2019,9,7,6,10,44.0997998046875,0
2019,9,7,6,10,45.9498000488281,0
2019,9,7,6,10,47.7997998046875,0
2019,9,7,6,10,49.6497998046875,0
2019,9,7,6,10,51.4998000488281,0
2019,9,7,6,10,53.3497998046875,0
2019,9,7,6,10,55.1998000488281,0
2019,9,7,6,10,57.0497998046875,0
2019,9,7,6,10,58.8997998046875,0
2019,9,7,6,11,0.749800048828125,0
2019,9,7,6,11,2.5997998046875,0
2019,9,7,6,11,4.44980004882813,0
2019,9,7,6,11,6.2997998046875,0
2019,9,7,6,11,8.1497998046875,0
2019,9,7,6,11,9.99980004882812,0
2019,9,7,6,11,11.8497998046875,0
2019,9,7,6,11,13.6998000488281,0
2019,9,7,6,11,15.5497998046875,0
2019,9,7,6,11,17.3997998046875,0
2019,9,7,6,11,19.2498000488281,0
2019,9,7,6,11,21.0997998046875,0
2019,9,7,6,11,22.9498000488281,0
2019,9,7,6,11,24.7997998046875,0
2019,9,7,6,11,26.6497998046875,0
2019,9,7,6,11,28.4998000488281,0
2019,9,7,6,11,30.3497998046875,0
2019,9,7,6,11,32.1998000488281,0
2019,9,7,6,11,34.0497998046875,0
2019,9,7,6,11,35.8997998046875,0
2019,9,7,6,11,37.7498000488281,0
2019,9,7,6,11,39.5997998046875,0
2019,9,7,6,11,41.4498000488281,0
2019,9,7,6,11,43.2997998046875,0
2019,9,7,6,11,45.1497998046875,0
2019,9,7,6,11,46.9998000488281,0
2019,9,7,6,11,48.8497998046875,0
2019,9,7,6,11,50.6998000488281,0
2019,9,7,6,11,52.5497998046875,0
2019,9,7,6,11,54.3997998046875,0
2019,9,7,6,11,56.2498000488281,0
2019,9,7,6,11,58.0997998046875,0
2019,9,7,6,11,59.9498000488281,0
2019,9,7,6,12,1.7997998046875,0
2019,9,7,6,12,3.6497998046875,0
2019,9,7,6,12,5.49980004882813,0
2019,9,7,6,12,7.3497998046875,0
2019,9,7,6,12,9.19980004882813,0
2019,9,7,6,12,11.0497998046875,0
2019,9,7,6,12,12.8997998046875,0
2019,9,7,6,12,14.7498000488281,0
2019,9,7,6,12,16.5997998046875,0
2019,9,7,6,12,18.4498000488281,0
2019,9,7,6,12,20.2997998046875,0
2019,9,7,6,12,22.1497998046875,0
2019,9,7,6,12,23.9998000488281,0
2019,9,7,6,12,25.8497998046875,0
2019,9,7,6,12,27.6998000488281,0
2019,9,7,6,12,29.5497998046875,0
2019,9,7,6,12,31.3997998046875,0
2019,9,7,6,12,33.2498000488281,0
2019,9,7,6,12,35.0997998046875,0
2019,9,7,6,12,36.9498000488281,0
2019,9,7,6,12,38.7997998046875,0
2019,9,7,6,12,40.6497998046875,0
2019,9,7,6,12,42.4998000488281,0
2019,9,7,6,12,44.3497998046875,0
2019,9,7,6,12,46.1998000488281,0
2019,9,7,6,12,48.0497998046875,0
2019,9,7,6,12,49.8997998046875,0
2019,9,7,6,12,51.7498000488281,0
2019,9,7,6,12,53.5997998046875,0
2019,9,7,6,12,55.4498000488281,0
2019,9,7,6,12,57.2997998046875,0
2019,9,7,6,12,59.1497998046875,0
2019,9,7,6,13,0.999800048828125,0
2019,9,7,6,13,2.8497998046875,0
2019,9,7,6,13,4.69980004882813,0
2019,9,7,6,13,6.5497998046875,0
2019,9,7,6,13,8.3997998046875,0
2019,9,7,6,13,10.2498000488281,0
2019,9,7,6,13,12.0997998046875,0
2019,9,7,6,13,13.9498000488281,0
2019,9,7,6,13,15.7997998046875,0
2019,9,7,6,13,17.6497998046875,0
2019,9,7,6,13,19.4998000488281,0
2019,9,7,6,13,21.3497998046875,0
2019,9,7,6,13,23.1998000488281,0
2019,9,7,6,13,25.0497998046875,0
2019,9,7,6,13,26.8997998046875,0
2019,9,7,6,13,28.7498000488281,0
2019,9,7,6,13,30.5997998046875,0
2019,9,7,6,13,32.4498000488281,0
2019,9,7,6,13,34.2997998046875,0
2019,9,7,6,13,36.1497998046875,0
2019,9,7,6,13,37.9998000488281,0
2019,9,7,6,13,39.8497998046875,0
2019,9,7,6,13,41.6998000488281,0
2019,9,7,6,13,43.5497998046875,0
2019,9,7,6,13,45.3997998046875,0
2019,9,7,6,13,47.2498000488281,0
2019,9,7,6,13,49.0997998046875,0
2019,9,7,6,13,50.9498000488281,0
2019,9,7,6,13,52.7997998046875,0
2019,9,7,6,13,54.6497998046875,0
2019,9,7,6,13,56.4998000488281,0
2019,9,7,6,13,58.3497998046875,0
2019,9,7,6,14,0.199800048828125,0
2019,9,7,6,14,2.0497998046875,0
2019,9,7,6,14,3.8997998046875,0
2019,9,7,6,14,5.74980004882813,0
2019,9,7,6,14,7.5997998046875,0
2019,9,7,6,14,9.44980004882813,0
2019,9,7,6,14,11.2997998046875,0
2019,9,7,6,14,13.1497998046875,0
2019,9,7,6,14,14.9998000488281,0
2019,9,7,6,14,16.8497998046875,0
2019,9,7,6,14,18.6998000488281,0
2019,9,7,6,14,20.5497998046875,0
2019,9,7,6,14,22.3997998046875,0
2019,9,7,6,14,24.2498000488281,0
2019,9,7,6,14,26.0997998046875,0
2019,9,7,6,14,27.9498000488281,0
2019,9,7,6,14,29.7997998046875,0
2019,9,7,6,14,31.6497998046875,0
2019,9,7,6,14,33.4998000488281,0
2019,9,7,6,14,35.3497998046875,0
2019,9,7,6,14,37.1998000488281,0
2019,9,7,6,14,39.0497998046875,0
2019,9,7,6,14,40.8997998046875,0
2019,9,7,6,14,42.7498000488281,0
2019,9,7,6,14,44.5997998046875,0
2019,9,7,6,14,46.4498000488281,0
2019,9,7,6,14,48.2997998046875,0
2019,9,7,6,14,50.1497998046875,0
2019,9,7,6,14,51.9998000488281,0
2019,9,7,6,14,53.8497998046875,0
2019,9,7,6,14,55.6998000488281,0
2019,9,7,6,14,57.5497998046875,0
2019,9,7,6,14,59.3997998046875,0
2019,9,7,6,15,1.24980004882813,0
2019,9,7,6,15,3.0997998046875,0
2019,9,7,6,15,4.94980004882813,0
2019,9,7,6,15,6.7997998046875,0
2019,9,7,6,15,8.6497998046875,0
2019,9,7,6,15,10.4998000488281,0
2019,9,7,6,15,12.3497998046875,0
2019,9,7,6,15,14.1998000488281,0
2019,9,7,6,15,16.0497998046875,0
2019,9,7,6,15,17.8997998046875,0
2019,9,7,6,15,19.7498000488281,0
2019,9,7,6,15,21.5997998046875,0
2019,9,7,6,15,23.4498000488281,0
2019,9,7,6,15,25.2997998046875,0
2019,9,7,6,15,27.1497998046875,0
2019,9,7,6,15,28.9998000488281,0
2019,9,7,6,15,30.8497998046875,0
2019,9,7,6,15,32.6998000488281,0
2019,9,7,6,15,34.5497998046875,0
2019,9,7,6,15,36.3997998046875,0
2019,9,7,6,15,38.2498000488281,0
2019,9,7,6,15,40.0997998046875,0
2019,9,7,6,15,41.9498000488281,0
2019,9,7,6,15,43.7997998046875,0
2019,9,7,6,15,45.6497998046875,0
2019,9,7,6,15,47.4998000488281,0
2019,9,7,6,15,49.3497998046875,0
2019,9,7,6,15,51.1998000488281,0
2019,9,7,6,15,53.0497998046875,0
2019,9,7,6,15,54.8997998046875,0
2019,9,7,6,15,56.7498000488281,0
2019,9,7,6,15,58.5997998046875,0
2019,9,7,6,16,0.449800048828125,0
2019,9,7,6,16,2.2997998046875,0
2019,9,7,6,16,4.1497998046875,0
2019,9,7,6,16,5.99980004882813,0
2019,9,7,6,16,7.8497998046875,0
2019,9,7,6,16,9.69980004882813,0
2019,9,7,6,16,11.5497998046875,0
2019,9,7,6,16,13.3997998046875,0
2019,9,7,6,16,15.2498000488281,0
2019,9,7,6,16,17.0997998046875,0
2019,9,7,6,16,18.9498000488281,0
2019,9,7,6,16,20.7997998046875,0
2019,9,7,6,16,22.6497998046875,0
2019,9,7,6,16,24.4998000488281,0
2019,9,7,6,16,26.3497998046875,0
2019,9,7,6,16,28.1998000488281,0
2019,9,7,6,16,30.0497998046875,0
2019,9,7,6,17,17.9998000488281,0
2019,9,7,6,17,19.8497998046875,0
2019,9,7,6,17,21.6998000488281,0
2019,9,7,6,17,23.5497998046875,0
2019,9,7,6,17,25.3997998046875,0
2019,9,7,6,17,27.2498000488281,0
2019,9,7,6,17,29.0997998046875,0
2019,9,7,6,17,30.9498000488281,0
2019,9,7,6,17,32.7997998046875,0
2019,9,7,6,17,34.6497998046875,0
2019,9,7,6,17,36.4998000488281,0
2019,9,7,6,17,38.3497998046875,0
2019,9,7,6,17,40.1998000488281,0
2019,9,7,6,17,42.0497998046875,0
2019,9,7,6,17,43.8997998046875,0
2019,9,7,6,17,45.7498000488281,0
2019,9,7,6,17,47.5997998046875,0
2019,9,7,6,17,49.4498000488281,0
2019,9,7,6,17,51.2997998046875,0
2019,9,7,6,17,53.1497998046875,0
2019,9,7,6,17,54.9998000488281,0
2019,9,7,6,17,56.8497998046875,0
2019,9,7,6,17,58.6998000488281,0
2019,9,7,6,18,0.5497998046875,0
2019,9,7,6,18,2.3997998046875,0
2019,9,7,6,18,4.24980004882813,0
2019,9,7,6,18,6.0997998046875,0
2019,9,7,6,18,7.94980004882813,0
2019,9,7,6,18,9.7997998046875,0
2019,9,7,6,18,11.6497998046875,0
2019,9,7,6,18,13.4998000488281,0
2019,9,7,6,18,15.3497998046875,0
2019,9,7,6,18,17.1998000488281,0
2019,9,7,6,18,19.0497998046875,0
2019,9,7,6,18,20.8997998046875,0
2019,9,7,6,18,22.7498000488281,0
2019,9,7,6,18,24.5997998046875,0
2019,9,7,6,18,26.4498000488281,0
2019,9,7,6,18,28.2997998046875,0
2019,9,7,6,18,30.1497998046875,0
2019,9,7,6,18,31.9998000488281,0
2019,9,7,6,18,33.8497998046875,0
2019,9,7,6,18,35.6998000488281,0
2019,9,7,6,18,37.5497998046875,0
2019,9,7,6,18,39.3997998046875,0
2019,9,7,6,18,41.2498000488281,0
2019,9,7,6,18,43.0997998046875,0
2019,9,7,6,18,44.9498000488281,0
2019,9,7,6,18,46.7997998046875,0
2019,9,7,6,18,48.6497998046875,0
2019,9,7,6,18,50.4998000488281,0
2019,9,7,6,18,52.3497998046875,0
2019,9,7,6,18,54.1998000488281,0
2019,9,7,6,18,56.0497998046875,0
2019,9,7,6,18,57.8997998046875,0
2019,9,7,6,18,59.7498000488281,0
2019,9,7,6,19,1.5997998046875,0
2019,9,7,6,19,3.44980004882812,0
2019,9,7,6,19,5.2997998046875,0
2019,9,7,6,19,7.1497998046875,0
2019,9,7,6,19,8.99980004882812,0
2019,9,7,6,19,10.8497998046875,0
2019,9,7,6,19,12.6998000488281,0
2019,9,7,6,19,14.5497998046875,0
2019,9,7,6,19,16.3997998046875,0
2019,9,7,6,19,18.2498000488281,0
2019,9,7,6,19,20.0997998046875,0
2019,9,7,6,19,21.9498000488281,0
2019,9,7,6,19,23.7997998046875,0
2019,9,7,6,19,25.6497998046875,0
2019,9,7,6,19,27.4998000488281,0
2019,9,7,6,19,29.3497998046875,0
2019,9,7,6,19,31.1998000488281,0
2019,9,7,6,19,33.0497998046875,0
2019,9,7,6,19,34.8997998046875,0
2019,9,7,6,19,36.7498000488281,0
2019,9,7,6,19,38.5997998046875,0
2019,9,7,6,19,40.4498000488281,0
2019,9,7,6,19,42.2997998046875,0
2019,9,7,6,19,44.1497998046875,0
2019,9,7,6,19,45.9998000488281,0
2019,9,7,6,19,47.8497998046875,0
2019,9,7,6,19,49.6998000488281,0
2019,9,7,6,19,51.5497998046875,0
2019,9,7,6,19,53.3997998046875,0
2019,9,7,6,19,55.2498000488281,0
2019,9,7,6,19,57.0997998046875,0
2019,9,7,6,19,58.9498000488281,0
2019,9,7,6,20,0.7997998046875,0
2019,9,7,6,20,2.6497998046875,0
2019,9,7,6,20,4.49980004882813,0
2019,9,7,6,20,6.3497998046875,0
2019,9,7,6,20,8.19980004882813,0
2019,9,7,6,20,10.0497998046875,0
2019,9,7,6,20,11.8997998046875,0
2019,9,7,6,20,13.7498000488281,0
2019,9,7,6,20,15.5997998046875,0
2019,9,7,6,20,17.4498000488281,0
2019,9,7,6,20,19.2997998046875,0
2019,9,7,6,20,21.1497998046875,0
2019,9,7,6,20,22.9998000488281,0
2019,9,7,6,20,24.8497998046875,0
2019,9,7,6,20,26.6998000488281,0
2019,9,7,6,20,28.5497998046875,0
2019,9,7,6,20,30.3997998046875,0
2019,9,7,6,20,32.2498000488281,0
2019,9,7,6,20,34.0997998046875,0
2019,9,7,6,20,35.9498000488281,0
2019,9,7,6,20,37.7997998046875,0
2019,9,7,6,20,39.6497998046875,0
2019,9,7,6,20,41.4998000488281,0
2019,9,7,6,20,43.3497998046875,0
2019,9,7,6,20,45.1998000488281,0
2019,9,7,6,20,47.0497998046875,0
2019,9,7,6,20,48.8997998046875,0
2019,9,7,6,20,50.7498000488281,0
2019,9,7,6,20,52.5997998046875,0
2019,9,7,6,20,54.4498000488281,0
2019,9,7,6,20,56.2997998046875,0
2019,9,7,6,20,58.1497998046875,0
2019,9,7,6,20,59.9998000488281,0
2019,9,7,6,21,1.8497998046875,0
2019,9,7,6,21,3.69980004882812,0
2019,9,7,6,21,5.5497998046875,0
2019,9,7,6,21,7.3997998046875,0
2019,9,7,6,21,9.24980004882812,0
2019,9,7,6,21,11.0997998046875,0
2019,9,7,6,21,12.9498000488281,0
2019,9,7,6,21,14.7997998046875,0
2019,9,7,6,21,16.6497998046875,0
2019,9,7,6,21,18.4998000488281,0
2019,9,7,6,21,20.3497998046875,0
2019,9,7,6,21,22.1998000488281,0
2019,9,7,6,21,24.0497998046875,0
2019,9,7,6,21,25.8997998046875,0
2019,9,7,6,21,27.7498000488281,0
2019,9,7,6,21,29.5997998046875,0
2019,9,7,6,21,31.4498000488281,0
2019,9,7,6,21,33.2997998046875,0
2019,9,7,6,21,35.1497998046875,0
2019,9,7,6,21,36.9998000488281,0
2019,9,7,6,21,38.8497998046875,0
2019,9,7,6,21,40.6998000488281,0
2019,9,7,6,21,42.5497998046875,0
2019,9,7,6,21,44.3997998046875,0
2019,9,7,6,21,46.2498000488281,0
2019,9,7,6,21,48.0997998046875,0
2019,9,7,6,21,49.9498000488281,0
2019,9,7,6,21,51.7997998046875,0
2019,9,7,6,21,53.6497998046875,0
2019,9,7,6,21,55.4998000488281,0
2019,9,7,6,21,57.3497998046875,0
2019,9,7,6,21,59.1998000488281,0
2019,9,7,6,22,1.0497998046875,0
2019,9,7,6,22,2.8997998046875,0
2019,9,7,6,22,4.74980004882813,0
2019,9,7,6,22,6.5997998046875,0
2019,9,7,6,22,8.44980004882813,0
2019,9,7,6,22,10.2997998046875,0
2019,9,7,6,22,12.1497998046875,0
2019,9,7,6,22,13.9998000488281,0
2019,9,7,6,22,15.8497998046875,0
2019,9,7,6,22,17.6998000488281,0
2019,9,7,6,22,19.5497998046875,0
2019,9,7,6,22,21.3997998046875,0
2019,9,7,6,22,23.2498000488281,0
2019,9,7,6,22,25.0997998046875,0
2019,9,7,6,22,26.9498000488281,0
2019,9,7,6,22,28.7997998046875,0
2019,9,7,6,22,30.6497998046875,0
2019,9,7,6,22,32.4998000488281,0
2019,9,7,6,22,34.3497998046875,0
2019,9,7,6,22,36.1998000488281,0
2019,9,7,6,22,38.0497998046875,0
2019,9,7,6,22,39.8997998046875,0
2019,9,7,6,22,41.7498000488281,0
2019,9,7,6,22,43.5997998046875,0
2019,9,7,6,22,45.4498000488281,0
2019,9,7,6,22,47.2997998046875,0
2019,9,7,6,22,49.1497998046875,0
2019,9,7,6,22,50.9998000488281,0
2019,9,7,6,22,52.8497998046875,0
2019,9,7,6,22,54.6998000488281,0
2019,9,7,6,22,56.5497998046875,0
2019,9,7,6,22,58.3997998046875,0
2019,9,7,6,23,0.249800048828125,0
2019,9,7,6,23,2.0997998046875,0
2019,9,7,6,23,3.94980004882812,0
2019,9,7,6,23,5.7997998046875,0
2019,9,7,6,23,7.6497998046875,0
2019,9,7,6,23,9.49980004882812,0
2019,9,7,6,23,11.3497998046875,0
2019,9,7,6,23,13.1998000488281,0
2019,9,7,6,23,15.0497998046875,0
2019,9,7,6,23,16.8997998046875,0
2019,9,7,6,23,18.7498000488281,0
2019,9,7,6,23,20.5997998046875,0
2019,9,7,6,23,22.4498000488281,0
2019,9,7,6,23,24.2997998046875,0
2019,9,7,6,23,26.1497998046875,0
2019,9,7,6,23,27.9998000488281,0
2019,9,7,6,23,29.8497998046875,0
2019,9,7,6,23,31.6998000488281,0
2019,9,7,6,23,33.5497998046875,0
2019,9,7,6,23,35.3997998046875,0
2019,9,7,6,23,37.2498000488281,0
2019,9,7,6,23,39.0997998046875,0
2019,9,7,6,23,40.9498000488281,0
2019,9,7,6,23,42.7997998046875,0
2019,9,7,6,23,44.6497998046875,0
2019,9,7,6,23,46.4998000488281,0
2019,9,7,6,23,48.3497998046875,0
2019,9,7,6,23,50.1998000488281,0
2019,9,7,6,23,52.0497998046875,0
2019,9,7,6,23,53.8997998046875,0
2019,9,7,6,23,55.7498000488281,0
2019,9,7,6,23,57.5997998046875,0
2019,9,7,6,23,59.4498000488281,0
2019,9,7,6,24,1.2997998046875,0
2019,9,7,6,24,3.1497998046875,0
2019,9,7,6,24,4.99980004882813,0
2019,9,7,6,24,6.8497998046875,0
2019,9,7,6,24,8.69980004882813,0
2019,9,7,6,24,10.5497998046875,0
2019,9,7,6,24,12.3997998046875,0
2019,9,7,6,24,14.2498000488281,0
2019,9,7,6,24,16.0997998046875,0
2019,9,7,6,24,17.9498000488281,0
2019,9,7,6,24,19.7997998046875,0
2019,9,7,6,24,21.6497998046875,0
2019,9,7,6,24,23.4998000488281,0
2019,9,7,6,24,25.3497998046875,0
2019,9,7,6,24,27.1998000488281,0
2019,9,7,6,24,29.0497998046875,0
2019,9,7,6,24,30.8997998046875,0
2019,9,7,6,24,32.7498000488281,0
2019,9,7,6,24,34.5997998046875,0
2019,9,7,6,24,36.4498000488281,0
2019,9,7,6,24,38.2997998046875,0
2019,9,7,6,24,40.1497998046875,0
2019,9,7,6,24,41.9998000488281,0
2019,9,7,6,24,43.8497998046875,0
2019,9,7,6,24,45.6998000488281,0
2019,9,7,6,24,47.5497998046875,0
2019,9,7,6,24,49.3997998046875,0
2019,9,7,6,24,51.2498000488281,0
2019,9,7,6,24,53.0997998046875,0
2019,9,7,6,24,54.9498000488281,0
2019,9,7,6,24,56.7997998046875,0
2019,9,7,6,24,58.6497998046875,0
2019,9,7,6,25,0.499800048828125,0
2019,9,7,6,25,2.3497998046875,0
2019,9,7,6,25,4.19980004882813,0
2019,9,7,6,25,6.0497998046875,0
2019,9,7,6,25,7.8997998046875,0
2019,9,7,6,25,9.74980004882812,0
2019,9,7,6,25,11.5997998046875,0
2019,9,7,6,25,13.4498000488281,0
2019,9,7,6,25,15.2997998046875,0
2019,9,7,6,25,17.1497998046875,0
2019,9,7,6,25,18.9998000488281,0
2019,9,7,6,25,20.8497998046875,0
2019,9,7,6,25,22.6998000488281,0
2019,9,7,6,25,24.5497998046875,0
2019,9,7,6,25,26.3997998046875,0
2019,9,7,6,25,28.2498000488281,0
2019,9,7,6,25,30.0997998046875,0
2019,9,7,6,25,31.9498000488281,0
2019,9,7,6,25,33.7997998046875,0
2019,9,7,6,25,35.6497998046875,0
2019,9,7,6,25,37.4998000488281,0
2019,9,7,6,25,39.3497998046875,0
2019,9,7,6,25,41.1998000488281,0
2019,9,7,6,25,43.0497998046875,0
2019,9,7,6,25,44.8997998046875,0
2019,9,7,6,25,46.7498000488281,0
2019,9,7,6,25,48.5997998046875,0
2019,9,7,6,25,50.4498000488281,0
2019,9,7,6,25,52.2997998046875,0
2019,9,7,6,25,54.1497998046875,0
2019,9,7,6,25,55.9998000488281,0
2019,9,7,6,25,57.8497998046875,0
2019,9,7,6,25,59.6998000488281,0
2019,9,7,6,26,1.5497998046875,0
2019,9,7,6,26,3.3997998046875,0
2019,9,7,6,26,5.24980004882813,0
2019,9,7,6,26,7.0997998046875,0
2019,9,7,6,26,8.94980004882813,0
2019,9,7,6,26,10.7997998046875,0
2019,9,7,6,26,12.6497998046875,0
2019,9,7,6,26,14.4998000488281,0
2019,9,7,6,26,16.3497998046875,0
2019,9,7,6,26,18.1998000488281,0
2019,9,7,6,26,20.0497998046875,0
2019,9,7,6,26,21.8997998046875,0
2019,9,7,6,26,23.7498000488281,0
2019,9,7,6,26,25.5997998046875,0
2019,9,7,6,26,27.4498000488281,0
2019,9,7,6,26,29.2997998046875,0
2019,9,7,6,26,31.1497998046875,0
2019,9,7,6,26,32.9998000488281,0
2019,9,7,6,26,34.8497998046875,0
2019,9,7,6,26,36.6998000488281,0
2019,9,7,6,26,38.5497998046875,0
2019,9,7,6,26,40.3997998046875,0
2019,9,7,6,26,42.2498000488281,0
2019,9,7,6,27,36.2498000488281,0
2019,9,7,6,27,38.0997998046875,0
2019,9,7,6,27,39.9498000488281,0
2019,9,7,6,27,41.7997998046875,0
2019,9,7,6,27,43.6497998046875,0
2019,9,7,6,27,45.4998000488281,0
2019,9,7,6,27,47.3497998046875,0
2019,9,7,6,27,49.1998000488281,0
2019,9,7,6,27,51.0497998046875,0
2019,9,7,6,27,52.8997998046875,0
2019,9,7,6,27,54.7498000488281,0
2019,9,7,6,27,56.5997998046875,0
2019,9,7,6,27,58.4498000488281,0
2019,9,7,6,28,0.2997998046875,0
2019,9,7,6,28,2.1497998046875,0
2019,9,7,6,28,3.99980004882813,0
2019,9,7,6,28,5.8497998046875,0
2019,9,7,6,28,7.69980004882813,0
2019,9,7,6,28,9.5497998046875,0
2019,9,7,6,28,11.3997998046875,0
2019,9,7,6,28,13.2498000488281,0
2019,9,7,6,28,15.0997998046875,0
2019,9,7,6,28,16.9498000488281,0
2019,9,7,6,28,18.7997998046875,0
2019,9,7,6,28,20.6497998046875,0
2019,9,7,6,28,22.4998000488281,0
2019,9,7,6,28,24.3497998046875,0
2019,9,7,6,28,26.1998000488281,0
2019,9,7,6,28,28.0497998046875,0
2019,9,7,6,28,29.8997998046875,0
2019,9,7,6,28,31.7498000488281,0
2019,9,7,6,28,33.5997998046875,0
2019,9,7,6,28,35.4498000488281,0
2019,9,7,6,28,37.2997998046875,0
2019,9,7,6,28,39.1497998046875,0
2019,9,7,6,28,40.9998000488281,0
2019,9,7,6,28,42.8497998046875,0
2019,9,7,6,28,44.6998000488281,0
2019,9,7,6,28,46.5497998046875,0
2019,9,7,6,28,48.3997998046875,0
2019,9,7,6,28,50.2498000488281,0
2019,9,7,6,28,52.0997998046875,0
2019,9,7,6,28,53.9498000488281,0
2019,9,7,6,28,55.7997998046875,0
2019,9,7,6,28,57.6497998046875,0
2019,9,7,6,28,59.4998000488281,0
2019,9,7,6,29,1.3497998046875,0
2019,9,7,6,29,3.19980004882812,0
2019,9,7,6,29,5.0497998046875,0
2019,9,7,6,29,6.8997998046875,0
2019,9,7,6,29,8.74980004882812,0
2019,9,7,6,29,10.5997998046875,0
2019,9,7,6,29,12.4498000488281,0
2019,9,7,6,29,14.2997998046875,0
2019,9,7,6,29,16.1497998046875,0
2019,9,7,6,29,17.9998000488281,0
2019,9,7,6,29,19.8497998046875,0
2019,9,7,6,29,21.6998000488281,0
2019,9,7,6,29,23.5497998046875,0
2019,9,7,6,29,25.3997998046875,0
2019,9,7,6,29,27.2498000488281,0
2019,9,7,6,29,29.0997998046875,0
2019,9,7,6,29,30.9498000488281,0
2019,9,7,6,29,32.6998000488281,0
2019,9,7,6,29,34.3997998046875,0
2019,9,7,6,29,35.9998000488281,1
2019,9,7,6,29,37.8497998046875,1
2019,9,7,6,29,39.7498000488281,1
2019,9,7,6,29,41.6998000488281,1
2019,9,7,6,29,43.6998000488281,1
2019,9,7,6,29,45.5497998046875,1
2019,9,7,6,29,47.3997998046875,1
2019,9,7,6,29,49.2997998046875,1
2019,9,7,6,29,51.1497998046875,1
2019,9,7,6,29,53.0497998046875,1
2019,9,7,6,29,54.8997998046875,1
2019,9,7,6,29,56.7498000488281,1
2019,9,7,6,29,58.6497998046875,1
2019,9,7,6,30,0.499800048828125,1
2019,9,7,6,30,2.3497998046875,1
2019,9,7,6,30,4.19980004882813,1
2019,9,7,6,30,6.0497998046875,1
2019,9,7,6,30,7.8997998046875,1
2019,9,7,6,30,9.7997998046875,1
2019,9,7,6,30,11.6497998046875,1
2019,9,7,6,30,13.4998000488281,1
2019,9,7,6,30,15.3997998046875,1
2019,9,7,6,30,17.2498000488281,1
2019,9,7,6,30,19.0497998046875,1
2019,9,7,6,30,20.8997998046875,1
2019,9,7,6,30,22.7498000488281,1
2019,9,7,6,30,24.5997998046875,1
2019,9,7,6,30,26.4498000488281,1
2019,9,7,6,30,28.2997998046875,1
2019,9,7,6,30,30.1497998046875,1
2019,9,7,6,30,31.9998000488281,1
2019,9,7,6,30,33.8497998046875,1
2019,9,7,6,30,35.6998000488281,1
2019,9,7,6,30,37.5497998046875,2
2019,9,7,6,30,39.3997998046875,2
2019,9,7,6,30,41.2498000488281,2
2019,9,7,6,30,43.0997998046875,2
2019,9,7,6,30,44.9498000488281,2
2019,9,7,6,30,46.7997998046875,2
2019,9,7,6,30,48.6497998046875,2
2019,9,7,6,30,50.4998000488281,2
2019,9,7,6,30,52.3497998046875,2
2019,9,7,6,30,54.1998000488281,2
2019,9,7,6,30,55.9998000488281,2
2019,9,7,6,30,57.8997998046875,1
2019,9,7,6,30,59.7498000488281,1
2019,9,7,6,31,1.5997998046875,1
2019,9,7,6,31,3.44980004882812,1
2019,9,7,6,31,5.2997998046875,1
2019,9,7,6,31,7.1497998046875,1
2019,9,7,6,31,8.99980004882812,1
2019,9,7,6,31,10.8497998046875,1
2019,9,7,6,31,12.6998000488281,1
2019,9,7,6,31,14.5497998046875,1
2019,9,7,6,31,16.3997998046875,1
2019,9,7,6,31,18.2498000488281,1
2019,9,7,6,31,20.0997998046875,1
2019,9,7,6,31,21.9498000488281,1
2019,9,7,6,31,23.7997998046875,1
2019,9,7,6,31,25.6497998046875,1
2019,9,7,6,31,27.4998000488281,1
2019,9,7,6,31,29.3497998046875,1
2019,9,7,6,31,31.1998000488281,1
2019,9,7,6,31,33.0497998046875,1
2019,9,7,6,31,34.8997998046875,1
2019,9,7,6,31,36.7498000488281,0
2019,9,7,6,31,38.5997998046875,0
2019,9,7,6,31,40.4498000488281,0
2019,9,7,6,31,42.2997998046875,0
2019,9,7,6,31,44.1497998046875,0
2019,9,7,6,31,45.9998000488281,0
2019,9,7,6,31,47.8497998046875,0
2019,9,7,6,31,49.6998000488281,0
2019,9,7,6,31,51.5497998046875,0
2019,9,7,6,31,53.3997998046875,0
2019,9,7,6,31,55.2498000488281,0
2019,9,7,6,31,57.0997998046875,0
2019,9,7,6,31,58.9498000488281,0
2019,9,7,6,32,0.7997998046875,0
2019,9,7,6,32,2.6497998046875,0
2019,9,7,6,32,4.49980004882813,0
2019,9,7,6,32,6.3497998046875,0
2019,9,7,6,32,8.19980004882813,0
2019,9,7,6,32,10.0497998046875,0
2019,9,7,6,32,11.8997998046875,0
2019,9,7,6,32,13.7498000488281,0
2019,9,7,6,32,15.5997998046875,0
2019,9,7,6,32,17.4498000488281,0
2019,9,7,6,32,19.2997998046875,0
2019,9,7,6,32,21.1497998046875,0
2019,9,7,6,32,22.9998000488281,0
2019,9,7,6,32,24.8497998046875,0
2019,9,7,6,32,26.6998000488281,0
2019,9,7,6,32,28.5497998046875,0
2019,9,7,6,32,30.3997998046875,0
2019,9,7,6,32,32.2498000488281,0
2019,9,7,6,32,34.0997998046875,0
2019,9,7,6,32,35.9498000488281,0
2019,9,7,6,32,37.7997998046875,0
2019,9,7,6,32,39.6497998046875,0
2019,9,7,6,32,41.4998000488281,0
2019,9,7,6,32,43.3497998046875,0
2019,9,7,6,32,45.1998000488281,1
2019,9,7,6,32,47.0497998046875,1
2019,9,7,6,32,48.8997998046875,1
2019,9,7,6,32,50.7498000488281,1
2019,9,7,6,32,52.5997998046875,1
2019,9,7,6,32,54.4498000488281,1
2019,9,7,6,32,56.2997998046875,1
2019,9,7,6,32,58.1497998046875,2
2019,9,7,6,32,59.9998000488281,2
2019,9,7,6,33,1.8497998046875,2
2019,9,7,6,33,3.69980004882812,2
2019,9,7,6,33,5.5497998046875,2
2019,9,7,6,33,7.44980004882813,2
2019,9,7,6,33,9.2997998046875,2
2019,9,7,6,33,11.1497998046875,2
2019,9,7,6,33,12.9498000488281,2
2019,9,7,6,33,14.7997998046875,2
2019,9,7,6,33,16.6497998046875,2
2019,9,7,6,33,18.4998000488281,2
2019,9,7,6,33,20.3497998046875,2
2019,9,7,6,33,22.1998000488281,2
2019,9,7,6,33,24.0497998046875,2
2019,9,7,6,33,25.8997998046875,2
2019,9,7,6,33,27.7498000488281,2
2019,9,7,6,33,29.5997998046875,2
2019,9,7,6,33,31.4498000488281,2
2019,9,7,6,33,33.2997998046875,2
2019,9,7,6,33,35.1497998046875,2
2019,9,7,6,33,37.0497998046875,2
2019,9,7,6,33,38.8497998046875,2
2019,9,7,6,33,40.5997998046875,2
2019,9,7,6,33,42.5497998046875,2
2019,9,7,6,33,44.3497998046875,2
2019,9,7,6,33,46.1998000488281,2
2019,9,7,6,33,48.1998000488281,2
2019,9,7,6,33,49.9498000488281,2
2019,9,7,6,33,51.7997998046875,2
2019,9,7,6,33,53.6998000488281,2
2019,9,7,6,33,55.5497998046875,2
2019,9,7,6,33,57.3997998046875,2
2019,9,7,6,33,59.1998000488281,2
2019,9,7,6,34,1.0497998046875,2
2019,9,7,6,34,2.94980004882812,2
2019,9,7,6,34,4.74980004882813,2
2019,9,7,6,34,6.5997998046875,2
2019,9,7,6,34,8.44980004882813,1
2019,9,7,6,34,10.3497998046875,1
2019,9,7,6,34,12.1998000488281,1
2019,9,7,6,34,13.9998000488281,1
2019,9,7,6,34,15.8997998046875,1
2019,9,7,6,34,17.7498000488281,1
2019,9,7,6,34,19.5997998046875,1
2019,9,7,6,34,21.4498000488281,1
2019,9,7,6,34,23.2997998046875,1
2019,9,7,6,34,25.0997998046875,1
2019,9,7,6,34,26.9498000488281,0
2019,9,7,6,34,28.7997998046875,0
2019,9,7,6,34,30.6497998046875,0
2019,9,7,6,34,32.4998000488281,0
2019,9,7,6,34,34.3497998046875,0
2019,9,7,6,34,36.1998000488281,0
2019,9,7,6,34,38.0497998046875,0
2019,9,7,6,34,39.8997998046875,0
2019,9,7,6,34,41.7498000488281,0
2019,9,7,6,34,43.5997998046875,0
2019,9,7,6,34,45.4498000488281,0
2019,9,7,6,34,47.2997998046875,0
2019,9,7,6,34,49.1497998046875,0
2019,9,7,6,34,50.9998000488281,0
2019,9,7,6,34,52.8497998046875,0
2019,9,7,6,34,54.6998000488281,0
2019,9,7,6,34,56.5497998046875,0
2019,9,7,6,34,58.3997998046875,0
2019,9,7,6,35,0.249800048828125,0
2019,9,7,6,35,2.0997998046875,0
2019,9,7,6,35,3.94980004882812,0
2019,9,7,6,35,5.7997998046875,0
2019,9,7,6,35,7.6497998046875,0
2019,9,7,6,35,9.49980004882812,0
2019,9,7,6,35,11.3497998046875,0
2019,9,7,6,35,13.1998000488281,0
2019,9,7,6,35,15.0497998046875,0
2019,9,7,6,35,16.8997998046875,0
2019,9,7,6,35,18.7498000488281,0
2019,9,7,6,35,20.5997998046875,0
2019,9,7,6,35,22.4498000488281,0
2019,9,7,6,35,24.2997998046875,0
2019,9,7,6,35,26.1497998046875,0
2019,9,7,6,35,27.9998000488281,0
2019,9,7,6,35,29.8497998046875,0
2019,9,7,6,35,31.6998000488281,0
2019,9,7,6,35,33.5497998046875,0
2019,9,7,6,35,35.3997998046875,0
2019,9,7,6,35,37.2498000488281,0
2019,9,7,6,35,39.0997998046875,0
2019,9,7,6,35,40.9498000488281,0
2019,9,7,6,35,42.7997998046875,0
2019,9,7,6,35,44.6497998046875,0
2019,9,7,6,35,46.4998000488281,0
2019,9,7,6,35,48.3497998046875,0
2019,9,7,6,35,50.1998000488281,0
2019,9,7,6,35,52.0497998046875,0
2019,9,7,6,35,53.8997998046875,0
2019,9,7,6,35,55.7498000488281,0
2019,9,7,6,35,57.5997998046875,0
2019,9,7,6,35,59.4498000488281,0
2019,9,7,6,36,1.2997998046875,0
2019,9,7,6,36,3.1497998046875,0
2019,9,7,6,36,4.99980004882813,0
2019,9,7,6,36,6.8497998046875,0
2019,9,7,6,36,8.69980004882813,0
2019,9,7,6,36,10.5497998046875,0
2019,9,7,6,36,12.3997998046875,1
2019,9,7,6,36,14.2498000488281,2
2019,9,7,6,36,16.0997998046875,2
2019,9,7,6,36,17.9498000488281,2
2019,9,7,6,36,19.7997998046875,2
2019,9,7,6,36,21.6497998046875,2
2019,9,7,6,36,23.4998000488281,2
2019,9,7,6,36,25.3497998046875,2
2019,9,7,6,36,27.1998000488281,1
2019,9,7,6,36,29.0497998046875,1
2019,9,7,6,36,30.8997998046875,1
2019,9,7,6,36,32.7498000488281,1
2019,9,7,6,36,34.5997998046875,1
2019,9,7,6,36,36.4498000488281,1
2019,9,7,6,36,38.2997998046875,1
2019,9,7,6,36,40.1497998046875,1
2019,9,7,6,36,41.9998000488281,1
2019,9,7,6,36,43.8497998046875,1
2019,9,7,6,36,45.6998000488281,1
2019,9,7,6,36,47.5497998046875,1
2019,9,7,6,36,49.3997998046875,1
2019,9,7,6,36,51.2498000488281,0
2019,9,7,6,36,53.0997998046875,0
2019,9,7,6,36,54.9498000488281,0
2019,9,7,6,36,56.7997998046875,0
2019,9,7,6,36,58.6497998046875,0
2019,9,7,6,37,0.499800048828125,0
2019,9,7,6,37,2.3497998046875,0
2019,9,7,6,37,4.19980004882813,0
2019,9,7,6,37,6.0497998046875,0
2019,9,7,6,37,7.8997998046875,0
2019,9,7,6,37,9.74980004882812,0
2019,9,7,6,37,11.5997998046875,0
2019,9,7,6,37,13.4498000488281,0
2019,9,7,6,37,15.2997998046875,0
2019,9,7,6,37,17.1497998046875,0
2019,9,7,6,37,18.9998000488281,0
2019,9,7,6,37,20.8497998046875,0
2019,9,7,6,37,22.6998000488281,0
2019,9,7,6,37,24.5497998046875,0
2019,9,7,6,37,26.3997998046875,0
2019,9,7,6,37,28.2498000488281,0
2019,9,7,6,37,30.0997998046875,0
2019,9,7,6,37,31.9498000488281,0
2019,9,7,6,37,33.7997998046875,0
2019,9,7,6,37,35.6497998046875,0
2019,9,7,6,37,37.4998000488281,0
2019,9,7,6,37,39.3497998046875,0
2019,9,7,6,37,41.1998000488281,0
2019,9,7,6,37,43.0497998046875,0
2019,9,7,6,37,44.8997998046875,0
2019,9,7,6,37,46.7498000488281,0
2019,9,7,6,37,48.5997998046875,0
2019,9,7,6,37,50.4498000488281,0
2019,9,7,6,37,52.2997998046875,0
2019,9,7,6,37,54.1497998046875,0
2019,9,7,6,37,55.9998000488281,0
2019,9,7,6,37,57.8497998046875,0
2019,9,7,6,37,59.6998000488281,0
2019,9,7,6,38,1.5497998046875,0
2019,9,7,6,38,3.3997998046875,0
2019,9,7,6,38,5.24980004882813,0
2019,9,7,6,38,7.0997998046875,0
2019,9,7,6,38,8.94980004882813,0
2019,9,7,6,38,10.7997998046875,0
2019,9,7,6,38,12.6497998046875,0
2019,9,7,6,38,14.4998000488281,0
2019,9,7,6,38,16.3497998046875,0
2019,9,7,6,38,18.1998000488281,0
2019,9,7,6,38,20.0497998046875,0
2019,9,7,6,38,21.8997998046875,0
2019,9,7,6,38,23.7498000488281,0
2019,9,7,6,38,25.5997998046875,0
2019,9,7,6,38,27.4498000488281,0
2019,9,7,6,38,29.2997998046875,0
2019,9,7,6,38,31.1497998046875,0
2019,9,7,6,38,32.9998000488281,0
2019,9,7,6,38,34.8497998046875,0
2019,9,7,6,38,36.6998000488281,0
2019,9,7,6,38,38.5497998046875,0
2019,9,7,6,38,40.3997998046875,0
2019,9,7,6,38,42.2498000488281,0
2019,9,7,6,38,44.0997998046875,0
2019,9,7,6,38,45.9498000488281,0
2019,9,7,6,38,47.7997998046875,0
2019,9,7,6,38,49.6497998046875,0
2019,9,7,6,38,51.4998000488281,0
2019,9,7,6,38,53.3497998046875,0
2019,9,7,6,38,55.1998000488281,0
2019,9,7,6,38,57.0497998046875,0
2019,9,7,6,38,58.8997998046875,0
2019,9,7,6,39,0.749800048828125,0
2019,9,7,6,39,2.5997998046875,0
2019,9,7,6,39,4.44980004882813,0
2019,9,7,6,39,6.2997998046875,0
2019,9,7,6,39,8.19980004882813,0
2019,9,7,6,39,9.99980004882812,0
2019,9,7,6,39,11.8997998046875,0
2019,9,7,6,39,13.7498000488281,0
2019,9,7,6,39,15.5997998046875,1
2019,9,7,6,39,17.3997998046875,1
2019,9,7,6,39,19.2498000488281,1
2019,9,7,6,39,21.0997998046875,1
2019,9,7,6,39,22.9498000488281,1
2019,9,7,6,39,24.7997998046875,1
2019,9,7,6,39,26.6497998046875,1
2019,9,7,6,39,28.4998000488281,1
2019,9,7,6,39,30.2498000488281,1
2019,9,7,6,39,32.1998000488281,1
2019,9,7,6,39,33.9498000488281,1
2019,9,7,6,39,35.7997998046875,1
2019,9,7,6,39,37.7498000488281,0
2019,9,7,6,39,39.6497998046875,0
2019,9,7,6,39,41.4498000488281,0
2019,9,7,6,39,43.2997998046875,0
2019,9,7,6,39,45.1497998046875,0
2019,9,7,6,39,46.9998000488281,0
2019,9,7,6,39,48.8497998046875,0
2019,9,7,6,39,50.6998000488281,0
2019,9,7,6,39,52.5497998046875,0
2019,9,7,6,39,54.3997998046875,0
2019,9,7,6,39,56.2498000488281,0
2019,9,7,6,39,58.0497998046875,0
2019,9,7,6,39,59.7997998046875,0
2019,9,7,6,40,1.49980004882813,0
2019,9,7,6,40,3.19980004882812,0
2019,9,7,6,40,4.99980004882813,0
2019,9,7,6,40,6.8497998046875,0
2019,9,7,6,40,8.69980004882813,0
2019,9,7,6,40,10.4998000488281,0
2019,9,7,6,40,12.3997998046875,0
2019,9,7,6,40,14.2498000488281,0
2019,9,7,6,40,16.0997998046875,0
2019,9,7,6,40,17.9498000488281,0
2019,9,7,6,40,19.7997998046875,0
2019,9,7,6,40,21.6497998046875,0
2019,9,7,6,40,23.4998000488281,0
2019,9,7,6,40,25.3497998046875,0
2019,9,7,6,40,27.1998000488281,0
2019,9,7,6,40,29.0497998046875,0
2019,9,7,6,40,30.8997998046875,0
2019,9,7,6,40,32.7498000488281,0
2019,9,7,6,40,34.5997998046875,0
2019,9,7,6,40,36.4498000488281,0
2019,9,7,6,40,38.2997998046875,0
2019,9,7,6,40,40.1497998046875,0
2019,9,7,6,40,41.9998000488281,0
2019,9,7,6,40,43.8497998046875,0
2019,9,7,6,40,45.6998000488281,0
2019,9,7,6,40,47.5497998046875,0
2019,9,7,6,40,49.3997998046875,0
2019,9,7,6,40,51.2498000488281,0
2019,9,7,6,40,53.0997998046875,0
2019,9,7,6,40,54.9498000488281,0
2019,9,7,6,40,56.7997998046875,0
2019,9,7,6,40,58.6497998046875,0
2019,9,7,6,41,0.499800048828125,0
2019,9,7,6,41,2.3497998046875,0
2019,9,7,6,41,4.19980004882813,0
2019,9,7,6,41,6.0497998046875,0
2019,9,7,6,41,7.8997998046875,0
2019,9,7,6,41,9.74980004882812,0
2019,9,7,6,41,11.5997998046875,0
2019,9,7,6,41,13.4498000488281,0
2019,9,7,6,41,15.2997998046875,0
2019,9,7,6,41,17.1497998046875,0
2019,9,7,6,41,18.9998000488281,0
2019,9,7,6,41,20.8497998046875,0
2019,9,7,6,41,22.6998000488281,0
2019,9,7,6,41,24.5497998046875,0
2019,9,7,6,41,26.3997998046875,0
2019,9,7,6,41,28.2498000488281,0
2019,9,7,6,41,30.0997998046875,0
2019,9,7,6,41,31.9498000488281,0
2019,9,7,6,41,33.7997998046875,0
2019,9,7,6,41,35.6497998046875,0
2019,9,7,6,41,37.4998000488281,0
2019,9,7,6,41,39.3497998046875,0
2019,9,7,6,41,41.1998000488281,0
2019,9,7,6,41,43.0497998046875,0
2019,9,7,6,41,44.8997998046875,0
2019,9,7,6,41,46.7498000488281,0
2019,9,7,6,41,48.5997998046875,0
2019,9,7,6,41,50.4498000488281,0
2019,9,7,6,41,52.2997998046875,0
2019,9,7,6,41,54.1497998046875,0
2019,9,7,6,41,55.9998000488281,0
2019,9,7,6,41,57.8497998046875,0
2019,9,7,6,41,59.6998000488281,0
2019,9,7,6,42,1.5497998046875,0
2019,9,7,6,42,3.3997998046875,0
2019,9,7,6,42,5.24980004882813,0
2019,9,7,6,42,7.0997998046875,0
2019,9,7,6,42,8.94980004882813,0
2019,9,7,6,42,10.8497998046875,0
2019,9,7,6,42,12.7498000488281,0
2019,9,7,6,42,14.6497998046875,0
2019,9,7,6,42,16.5497998046875,0
2019,9,7,6,42,18.4498000488281,0
2019,9,7,6,42,20.3497998046875,0
2019,9,7,6,42,22.2498000488281,0
2019,9,7,6,42,24.0997998046875,0
2019,9,7,6,42,25.9998000488281,0
2019,9,7,6,42,27.8497998046875,0
2019,9,7,6,42,29.6998000488281,0
2019,9,7,6,42,31.5997998046875,0
2019,9,7,6,42,33.4498000488281,0
2019,9,7,6,42,35.2997998046875,0
2019,9,7,6,42,37.1497998046875,0
2019,9,7,6,42,38.9998000488281,0
2019,9,7,6,42,40.8497998046875,0
2019,9,7,6,42,42.6998000488281,0
2019,9,7,6,42,44.5497998046875,0
2019,9,7,6,42,46.3997998046875,0
2019,9,7,6,42,48.2997998046875,0
2019,9,7,6,42,50.1497998046875,0
2019,9,7,6,42,51.9998000488281,0
2019,9,7,6,42,53.8497998046875,0
2019,9,7,6,42,55.6998000488281,0
2019,9,7,6,42,57.5497998046875,0
2019,9,7,6,42,59.3997998046875,0
2019,9,7,6,43,1.24980004882813,0
2019,9,7,6,43,3.0997998046875,0
2019,9,7,6,43,4.94980004882813,0
2019,9,7,6,43,6.7997998046875,0
2019,9,7,6,43,8.6497998046875,0
2019,9,7,6,43,10.4998000488281,0
2019,9,7,6,43,12.3497998046875,0
2019,9,7,6,43,14.1998000488281,0
2019,9,7,6,43,16.0497998046875,0
2019,9,7,6,43,17.8997998046875,0
2019,9,7,6,43,19.7498000488281,0
2019,9,7,6,43,21.5997998046875,0
2019,9,7,6,43,23.4498000488281,0
2019,9,7,6,43,25.2997998046875,0
2019,9,7,6,43,27.1497998046875,0
2019,9,7,6,43,28.9998000488281,0
2019,9,7,6,43,30.8497998046875,0
2019,9,7,6,43,32.6998000488281,0
2019,9,7,6,43,34.5497998046875,0
2019,9,7,6,43,36.4498000488281,0
2019,9,7,6,43,38.2498000488281,0
2019,9,7,6,43,40.0997998046875,0
2019,9,7,6,43,41.9498000488281,0
2019,9,7,6,43,43.7997998046875,0
2019,9,7,6,43,45.6497998046875,0
2019,9,7,6,43,47.4998000488281,0
2019,9,7,6,43,49.3497998046875,0
2019,9,7,6,43,51.1998000488281,0
2019,9,7,6,43,53.0497998046875,0
2019,9,7,6,43,54.8997998046875,0
2019,9,7,6,43,56.7498000488281,0
2019,9,7,6,43,58.5997998046875,0
2019,9,7,6,44,0.449800048828125,0
2019,9,7,6,44,2.2997998046875,0
2019,9,7,6,44,4.1497998046875,0
2019,9,7,6,44,5.99980004882813,0
2019,9,7,6,44,7.8497998046875,0
2019,9,7,6,44,9.69980004882813,0
2019,9,7,6,44,11.5497998046875,0
2019,9,7,6,44,13.3997998046875,0
2019,9,7,6,44,15.2498000488281,0
2019,9,7,6,44,17.0997998046875,0
2019,9,7,6,44,18.9498000488281,0
2019,9,7,6,44,20.7997998046875,0
2019,9,7,6,44,22.6497998046875,0
2019,9,7,6,44,24.4998000488281,0
2019,9,7,6,44,26.3497998046875,0
2019,9,7,6,44,28.1998000488281,0
2019,9,7,6,44,30.0497998046875,0
2019,9,7,6,44,31.8997998046875,0
2019,9,7,6,44,33.7498000488281,0
2019,9,7,6,44,35.5997998046875,0
2019,9,7,6,44,37.4498000488281,0
2019,9,7,6,44,39.2997998046875,0
2019,9,7,6,44,41.1497998046875,0
2019,9,7,6,44,42.9998000488281,0
2019,9,7,6,44,44.8497998046875,0
2019,9,7,6,44,46.6998000488281,0
2019,9,7,6,44,48.5497998046875,0
2019,9,7,6,44,50.3997998046875,0
2019,9,7,6,44,52.2498000488281,0
2019,9,7,6,44,54.0997998046875,0
2019,9,7,6,44,55.9498000488281,0
2019,9,7,6,44,57.7997998046875,0
2019,9,7,6,44,59.6497998046875,0
2019,9,7,6,45,1.49980004882813,0
2019,9,7,6,45,3.3497998046875,0
2019,9,7,6,45,5.19980004882813,0
2019,9,7,6,45,7.0497998046875,0
2019,9,7,6,45,8.8997998046875,0
2019,9,7,6,45,10.7498000488281,0
2019,9,7,6,45,12.5997998046875,0
2019,9,7,6,45,14.4498000488281,0
2019,9,7,6,45,16.2997998046875,0
2019,9,7,6,45,18.1497998046875,0
2019,9,7,6,45,19.9998000488281,0
2019,9,7,6,45,21.8497998046875,0
2019,9,7,6,45,23.6998000488281,0
2019,9,7,6,45,25.5497998046875,0
2019,9,7,6,45,27.3997998046875,0
2019,9,7,6,45,29.2498000488281,0
2019,9,7,6,45,31.0997998046875,0
2019,9,7,6,45,32.9498000488281,0
2019,9,7,6,45,34.7997998046875,0
2019,9,7,6,45,36.6497998046875,0
2019,9,7,6,45,38.4998000488281,0
2019,9,7,6,45,40.3497998046875,0
2019,9,7,6,45,42.1998000488281,0
2019,9,7,6,45,44.0497998046875,0
2019,9,7,6,45,45.8997998046875,0
2019,9,7,6,45,47.7498000488281,0
2019,9,7,6,45,49.5997998046875,0
2019,9,7,6,45,51.4498000488281,0
2019,9,7,6,45,53.2997998046875,0
2019,9,7,6,45,55.1497998046875,0
2019,9,7,6,45,56.9998000488281,0
2019,9,7,6,45,58.8497998046875,0
2019,9,7,6,46,0.699800048828125,0
2019,9,7,6,46,2.5497998046875,0
2019,9,7,6,46,4.3997998046875,0
2019,9,7,6,46,6.24980004882813,0
2019,9,7,6,46,8.0997998046875,0
2019,9,7,6,46,9.94980004882813,0
2019,9,7,6,46,11.7997998046875,0
2019,9,7,6,46,13.6497998046875,0
2019,9,7,6,46,15.4998000488281,0
2019,9,7,6,46,17.3497998046875,0
2019,9,7,6,46,19.1998000488281,0
2019,9,7,6,46,21.0497998046875,0
2019,9,7,6,46,22.8997998046875,0
2019,9,7,6,46,24.7498000488281,0
2019,9,7,6,46,26.5997998046875,0
2019,9,7,6,46,28.4498000488281,0
2019,9,7,6,46,30.2997998046875,0
2019,9,7,6,46,32.1497998046875,0
2019,9,7,6,46,33.9998000488281,0
2019,9,7,6,46,35.8497998046875,0
2019,9,7,6,46,37.6998000488281,0
2019,9,7,6,46,39.5497998046875,0
2019,9,7,6,46,41.3997998046875,0
2019,9,7,6,46,43.2498000488281,0
2019,9,7,6,46,45.0997998046875,0
2019,9,7,6,46,46.9498000488281,0
2019,9,7,6,46,48.7997998046875,0
2019,9,7,6,46,50.6497998046875,0
2019,9,7,6,46,52.4998000488281,0
2019,9,7,6,46,54.3497998046875,0
2019,9,7,6,46,56.1998000488281,0
2019,9,7,6,46,58.0497998046875,0
2019,9,7,6,46,59.8997998046875,0
2019,9,7,6,47,1.74980004882813,0
2019,9,7,6,47,3.5997998046875,0
2019,9,7,6,47,5.44980004882813,0
2019,9,7,6,47,7.2997998046875,0
2019,9,7,6,47,9.1497998046875,0
2019,9,7,6,47,10.9998000488281,0
2019,9,7,6,47,12.8497998046875,0
2019,9,7,6,47,14.6998000488281,0
2019,9,7,6,47,16.5497998046875,0
2019,9,7,6,47,18.3997998046875,0
2019,9,7,6,47,20.2498000488281,0
2019,9,7,6,47,22.0997998046875,0
2019,9,7,6,47,23.9498000488281,0
2019,9,7,6,47,25.7997998046875,0
2019,9,7,6,47,27.6497998046875,0
2019,9,7,6,47,29.4998000488281,0
2019,9,7,6,47,31.3497998046875,0
2019,9,7,6,47,33.1998000488281,0
2019,9,7,6,47,35.0497998046875,0
2019,9,7,6,47,36.8997998046875,0
2019,9,7,6,47,38.7498000488281,0
2019,9,7,6,47,40.5997998046875,0
2019,9,7,6,47,42.4498000488281,0
2019,9,7,6,47,44.2997998046875,0
2019,9,7,6,47,46.1497998046875,0
2019,9,7,6,47,47.9998000488281,0
2019,9,7,6,47,49.8497998046875,0
2019,9,7,6,47,51.6998000488281,0
2019,9,7,6,47,53.5497998046875,0
2019,9,7,6,47,55.3997998046875,0
2019,9,7,6,47,57.2498000488281,0
2019,9,7,6,47,59.0997998046875,0
2019,9,7,6,48,0.949800048828125,0
2019,9,7,6,48,2.7997998046875,0
2019,9,7,6,48,4.6497998046875,0
2019,9,7,6,48,6.49980004882813,0
2019,9,7,6,48,8.3497998046875,0
2019,9,7,6,48,10.1998000488281,0
2019,9,7,6,48,12.0497998046875,0
2019,9,7,6,48,13.8997998046875,0
2019,9,7,6,48,15.7498000488281,0
2019,9,7,6,48,17.5997998046875,0
2019,9,7,6,48,19.4498000488281,0
2019,9,7,6,48,21.2997998046875,0
2019,9,7,6,48,23.1497998046875,1
2019,9,7,6,48,24.9998000488281,1
2019,9,7,6,48,26.8497998046875,1
2019,9,7,6,48,28.6998000488281,1
2019,9,7,6,48,30.5497998046875,1
2019,9,7,6,48,32.3997998046875,1
2019,9,7,6,48,34.2498000488281,1
2019,9,7,6,48,36.0997998046875,1
2019,9,7,6,48,37.9498000488281,1
2019,9,7,6,48,39.7997998046875,1
2019,9,7,6,48,41.6497998046875,1
2019,9,7,6,48,43.4998000488281,1
2019,9,7,6,48,45.3497998046875,1
2019,9,7,6,48,47.1998000488281,1
2019,9,7,6,48,49.0497998046875,1
2019,9,7,6,48,50.8997998046875,1
2019,9,7,6,48,52.7498000488281,1
2019,9,7,6,48,54.5997998046875,1
2019,9,7,6,48,56.4498000488281,1
2019,9,7,6,48,58.2997998046875,1
2019,9,7,6,49,0.1497998046875,1
2019,9,7,6,49,1.99980004882813,1
2019,9,7,6,49,3.8497998046875,1
2019,9,7,6,49,5.69980004882813,1
2019,9,7,6,49,7.5497998046875,1
2019,9,7,6,49,9.3997998046875,1
2019,9,7,6,49,11.2498000488281,1
2019,9,7,6,49,13.0997998046875,1
2019,9,7,6,49,14.9498000488281,1
2019,9,7,6,49,16.7997998046875,1
2019,9,7,6,49,18.6497998046875,0
2019,9,7,6,49,20.4998000488281,0
2019,9,7,6,49,22.3997998046875,0
2019,9,7,6,49,24.2498000488281,0
2019,9,7,6,49,26.0997998046875,0
2019,9,7,6,49,27.9498000488281,0
2019,9,7,6,49,29.7997998046875,0
2019,9,7,6,49,31.6497998046875,0
2019,9,7,6,49,33.4998000488281,0
2019,9,7,6,49,35.3497998046875,0
2019,9,7,6,49,37.1497998046875,0
2019,9,7,6,49,38.9998000488281,0
2019,9,7,6,49,40.8497998046875,0
2019,9,7,6,49,42.6998000488281,0
2019,9,7,6,49,44.5497998046875,1
2019,9,7,6,49,46.4498000488281,1
2019,9,7,6,49,48.2498000488281,1
2019,9,7,6,49,50.0997998046875,1
2019,9,7,6,49,51.9498000488281,1
2019,9,7,6,49,53.7997998046875,1
2019,9,7,6,49,55.5997998046875,1
2019,9,7,6,49,57.4998000488281,1
2019,9,7,6,49,59.3497998046875,1
2019,9,7,6,50,1.19980004882813,1
2019,9,7,6,50,3.0497998046875,1
2019,9,7,6,50,4.8997998046875,1
2019,9,7,6,50,6.74980004882813,1
2019,9,7,6,50,8.5997998046875,1
2019,9,7,6,50,10.4498000488281,1
2019,9,7,6,50,12.2997998046875,1
2019,9,7,6,50,14.1497998046875,1
2019,9,7,6,50,15.9998000488281,1
2019,9,7,6,50,17.8497998046875,1
2019,9,7,6,50,19.6998000488281,1
2019,9,7,6,50,21.5497998046875,1
2019,9,7,6,50,23.4498000488281,1
2019,9,7,6,50,25.2997998046875,1
2019,9,7,6,50,27.0997998046875,1
2019,9,7,6,50,28.9498000488281,1
2019,9,7,6,50,30.7997998046875,1
2019,9,7,6,50,32.6497998046875,1
2019,9,7,6,50,34.4998000488281,1
2019,9,7,6,50,36.3497998046875,1
2019,9,7,6,50,38.1998000488281,1
2019,9,7,6,50,40.0497998046875,1
2019,9,7,6,50,41.8997998046875,1
2019,9,7,6,50,43.7498000488281,1
2019,9,7,6,50,45.5997998046875,1
2019,9,7,6,50,47.4498000488281,1
2019,9,7,6,50,49.2997998046875,1
2019,9,7,6,50,51.1497998046875,1
2019,9,7,6,50,52.9998000488281,1
2019,9,7,6,50,54.8497998046875,1
2019,9,7,6,50,56.6998000488281,1
2019,9,7,6,50,58.5497998046875,1
2019,9,7,6,51,0.3997998046875,1
2019,9,7,6,51,2.24980004882813,1
2019,9,7,6,51,4.0997998046875,1
2019,9,7,6,51,5.94980004882813,1
2019,9,7,6,51,7.7997998046875,1
2019,9,7,6,51,9.6497998046875,1
2019,9,7,6,51,11.4998000488281,1
2019,9,7,6,51,13.3497998046875,1
2019,9,7,6,51,15.1998000488281,1
2019,9,7,6,51,17.0497998046875,1
2019,9,7,6,51,18.8997998046875,1
2019,9,7,6,51,20.7498000488281,1
2019,9,7,6,51,22.5997998046875,1
2019,9,7,6,51,24.4498000488281,1
2019,9,7,6,51,26.2997998046875,1
2019,9,7,6,51,28.1497998046875,1
2019,9,7,6,51,29.9998000488281,1
2019,9,7,6,51,31.8497998046875,1
2019,9,7,6,51,33.6998000488281,1
2019,9,7,6,51,35.5497998046875,1
2019,9,7,6,51,37.3997998046875,1
2019,9,7,6,51,39.2498000488281,1
2019,9,7,6,51,41.0997998046875,1
2019,9,7,6,51,42.9498000488281,1
2019,9,7,6,51,44.7997998046875,1
2019,9,7,6,51,46.6497998046875,1
2019,9,7,6,51,48.4998000488281,1
2019,9,7,6,51,50.3497998046875,1
2019,9,7,6,51,52.1998000488281,1
2019,9,7,6,51,54.0497998046875,1
2019,9,7,6,51,55.8997998046875,1
2019,9,7,6,51,57.7498000488281,1
2019,9,7,6,51,59.5997998046875,1
2019,9,7,6,52,1.44980004882813,1
2019,9,7,6,52,3.2997998046875,1
2019,9,7,6,52,5.1497998046875,1
2019,9,7,6,52,6.99980004882813,1
2019,9,7,6,52,8.8497998046875,1
2019,9,7,6,52,10.6998000488281,1
2019,9,7,6,52,12.5497998046875,1
2019,9,7,6,52,14.3997998046875,1
2019,9,7,6,52,16.2498000488281,1
2019,9,7,6,52,18.0997998046875,1
2019,9,7,6,52,19.9498000488281,1
2019,9,7,6,52,21.7997998046875,1
2019,9,7,6,52,23.6497998046875,1
2019,9,7,6,52,25.4998000488281,1
2019,9,7,6,52,27.3497998046875,1
2019,9,7,6,52,29.1998000488281,1
2019,9,7,6,52,31.0497998046875,1
2019,9,7,6,52,32.8997998046875,1
2019,9,7,6,52,34.7498000488281,1
2019,9,7,6,52,36.5997998046875,1
2019,9,7,6,52,38.4498000488281,1
2019,9,7,6,52,40.2997998046875,1
2019,9,7,6,52,42.1497998046875,1
2019,9,7,6,52,43.9998000488281,1
2019,9,7,6,52,45.8497998046875,1
2019,9,7,6,52,47.6998000488281,1
2019,9,7,6,52,49.5497998046875,1
2019,9,7,6,52,51.3997998046875,1
2019,9,7,6,52,53.2498000488281,1
2019,9,7,6,52,55.0997998046875,1
2019,9,7,6,52,56.9498000488281,1
2019,9,7,6,52,58.7997998046875,1
2019,9,7,6,53,0.6497998046875,1
2019,9,7,6,53,2.49980004882813,1
2019,9,7,6,53,4.3497998046875,1
2019,9,7,6,53,6.19980004882813,1
2019,9,7,6,53,8.0497998046875,1
2019,9,7,6,53,9.8997998046875,1
2019,9,7,6,53,11.7498000488281,1
2019,9,7,6,53,13.5997998046875,1
2019,9,7,6,53,15.4498000488281,1
2019,9,7,6,53,17.3497998046875,1
2019,9,7,6,53,19.1998000488281,1
2019,9,7,6,53,20.9998000488281,1
2019,9,7,6,53,22.8497998046875,1
2019,9,7,6,53,24.7498000488281,1
2019,9,7,6,53,26.5997998046875,1
2019,9,7,6,53,28.4498000488281,1
2019,9,7,6,53,30.2997998046875,1
2019,9,7,6,53,32.0997998046875,1
2019,9,7,6,53,33.9498000488281,1
2019,9,7,6,53,35.7997998046875,1
2019,9,7,6,53,37.6497998046875,1
2019,9,7,6,53,39.4998000488281,1
2019,9,7,6,53,41.3497998046875,1
2019,9,7,6,53,43.1998000488281,0
2019,9,7,6,53,45.0497998046875,0
2019,9,7,6,53,46.8997998046875,0
2019,9,7,6,53,48.7498000488281,0
2019,9,7,6,53,50.5997998046875,0
2019,9,7,6,53,52.4498000488281,0
2019,9,7,6,53,54.2997998046875,0
2019,9,7,6,53,56.1497998046875,0
2019,9,7,6,53,57.9998000488281,0
2019,9,7,6,53,59.8497998046875,0
2019,9,7,6,54,1.69980004882812,0
2019,9,7,6,54,3.5497998046875,0
2019,9,7,6,54,5.3997998046875,0
2019,9,7,6,54,7.24980004882813,0
2019,9,7,6,54,9.0997998046875,0
2019,9,7,6,54,10.8997998046875,0
2019,9,7,6,54,12.5997998046875,0
2019,9,7,6,54,14.2997998046875,0
2019,9,7,6,54,16.0497998046875,0
2019,9,7,6,54,17.8497998046875,0
2019,9,7,6,54,19.6998000488281,0
2019,9,7,6,54,21.5497998046875,0
2019,9,7,6,54,23.3997998046875,0
2019,9,7,6,54,25.2498000488281,0
2019,9,7,6,54,27.0997998046875,0
2019,9,7,6,54,28.9498000488281,0
2019,9,7,6,54,30.7997998046875,0
2019,9,7,6,54,32.6497998046875,0
2019,9,7,6,54,34.4998000488281,0
2019,9,7,6,54,36.3497998046875,0
2019,9,7,6,54,38.1998000488281,0
2019,9,7,6,54,40.0497998046875,0
2019,9,7,6,54,41.8997998046875,0
2019,9,7,6,54,43.7498000488281,0
2019,9,7,6,54,45.5997998046875,0
2019,9,7,6,54,47.4498000488281,0
2019,9,7,6,54,49.2997998046875,0
2019,9,7,6,54,51.1497998046875,0
2019,9,7,6,54,52.9998000488281,0
2019,9,7,6,54,54.8497998046875,0
2019,9,7,6,54,56.6998000488281,0
2019,9,7,6,54,58.5497998046875,0
2019,9,7,6,55,0.3997998046875,0
2019,9,7,6,55,2.24980004882813,0
2019,9,7,6,55,4.0997998046875,0
2019,9,7,6,55,5.94980004882813,0
2019,9,7,6,55,7.7997998046875,0
2019,9,7,6,55,9.6497998046875,0
2019,9,7,6,55,11.4998000488281,0
2019,9,7,6,55,13.3497998046875,0
2019,9,7,6,55,15.1998000488281,0
2019,9,7,6,55,17.0497998046875,0
2019,9,7,6,55,18.8997998046875,0
2019,9,7,6,55,20.7498000488281,0
2019,9,7,6,55,22.5997998046875,0
2019,9,7,6,55,24.4498000488281,0
2019,9,7,6,55,26.2997998046875,0
2019,9,7,6,55,28.1497998046875,0
2019,9,7,6,55,29.9998000488281,0
2019,9,7,6,55,31.8497998046875,0
2019,9,7,6,55,33.6998000488281,0
2019,9,7,6,55,35.5497998046875,0
2019,9,7,6,55,37.3997998046875,0
2019,9,7,6,55,39.2498000488281,0
2019,9,7,6,55,41.0997998046875,0
2019,9,7,6,55,42.9498000488281,0
2019,9,7,6,55,44.7997998046875,0
2019,9,7,6,55,46.6497998046875,0
2019,9,7,6,55,48.4998000488281,0
2019,9,7,6,55,50.3497998046875,0
2019,9,7,6,55,52.1998000488281,0
2019,9,7,6,55,54.0497998046875,0
2019,9,7,6,55,55.8997998046875,0
2019,9,7,6,55,57.7498000488281,0
2019,9,7,6,55,59.5997998046875,0
2019,9,7,6,56,1.44980004882813,0
2019,9,7,6,56,3.2997998046875,0
2019,9,7,6,56,5.1497998046875,0
2019,9,7,6,56,6.99980004882813,0
2019,9,7,6,56,8.8497998046875,0
2019,9,7,6,56,10.6998000488281,0
2019,9,7,6,56,12.5497998046875,0
2019,9,7,6,56,14.3997998046875,0
2019,9,7,6,56,16.2997998046875,0
2019,9,7,6,56,18.1497998046875,0
2019,9,7,6,57,24.7997998046875,0
2019,9,7,6,57,26.6497998046875,0
2019,9,7,6,57,28.4498000488281,0
2019,9,7,6,57,30.2997998046875,0
2019,9,7,6,57,32.1998000488281,0
2019,9,7,6,57,34.0997998046875,0
2019,9,7,6,57,35.9498000488281,0
2019,9,7,6,57,37.8497998046875,1
2019,9,7,6,57,39.7997998046875,1
2019,9,7,6,57,41.8997998046875,1
2019,9,7,6,57,43.7997998046875,1
2019,9,7,6,57,45.6497998046875,1
2019,9,7,6,57,47.4998000488281,1
2019,9,7,6,57,49.3497998046875,1
2019,9,7,6,57,51.1998000488281,1
2019,9,7,6,57,53.0497998046875,1
2019,9,7,6,57,54.8497998046875,1
2019,9,7,6,57,56.7498000488281,1
2019,9,7,6,57,58.5997998046875,1
2019,9,7,6,58,0.449800048828125,1
2019,9,7,6,58,2.2997998046875,1
2019,9,7,6,58,4.1497998046875,1
2019,9,7,6,58,5.99980004882813,1
2019,9,7,6,58,7.8497998046875,1
2019,9,7,6,58,9.69980004882813,1
2019,9,7,6,58,11.5497998046875,1
2019,9,7,6,58,13.3997998046875,1
2019,9,7,6,58,15.2498000488281,1
2019,9,7,6,58,17.0997998046875,1
2019,9,7,6,58,18.9498000488281,1
2019,9,7,6,58,20.7997998046875,1
2019,9,7,6,58,22.5997998046875,1
2019,9,7,6,58,24.3997998046875,1
2019,9,7,6,58,26.1497998046875,1
2019,9,7,6,58,27.8497998046875,1
2019,9,7,6,58,29.4998000488281,1
2019,9,7,6,58,31.1998000488281,1
2019,9,7,6,58,32.8997998046875,1
2019,9,7,6,58,34.6497998046875,1
2019,9,7,6,58,36.4498000488281,1
2019,9,7,6,58,38.2498000488281,1
2019,9,7,6,58,40.0997998046875,1
2019,9,7,6,58,41.9498000488281,1
2019,9,7,6,58,43.7997998046875,1
2019,9,7,6,58,45.6497998046875,1
2019,9,7,6,58,47.4998000488281,1
2019,9,7,6,58,49.3497998046875,1
2019,9,7,6,58,51.1998000488281,1
2019,9,7,6,58,53.0497998046875,1
2019,9,7,6,58,54.8997998046875,1
2019,9,7,6,58,56.7498000488281,1
2019,9,7,6,58,58.5997998046875,1
2019,9,7,6,59,0.449800048828125,1
2019,9,7,6,59,2.2997998046875,1
2019,9,7,6,59,4.1497998046875,1
2019,9,7,6,59,5.99980004882813,1
2019,9,7,6,59,7.8497998046875,1
2019,9,7,6,59,9.69980004882813,1
2019,9,7,6,59,11.5997998046875,1
2019,9,7,6,59,13.4498000488281,1
2019,9,7,6,59,15.2997998046875,1
2019,9,7,6,59,17.1998000488281,1
2019,9,7,6,59,19.1497998046875,1
2019,9,7,6,59,21.0497998046875,1
2019,9,7,6,59,22.9498000488281,1
2019,9,7,6,59,24.7997998046875,1
2019,9,7,6,59,26.6998000488281,1
2019,9,7,6,59,28.5997998046875,1
2019,9,7,6,59,30.4498000488281,1
2019,9,7,6,59,32.2997998046875,1
2019,9,7,6,59,34.1497998046875,1
2019,9,7,6,59,36.0497998046875,1
2019,9,7,6,59,37.8997998046875,1
2019,9,7,6,59,39.7498000488281,1
2019,9,7,6,59,41.5997998046875,1
2019,9,7,6,59,43.4498000488281,1
2019,9,7,6,59,45.2997998046875,1
2019,9,7,6,59,47.1998000488281,1
2019,9,7,6,59,48.9998000488281,1
2019,9,7,6,59,50.8497998046875,1
2019,9,7,6,59,52.6998000488281,1
2019,9,7,6,59,54.5497998046875,1
2019,9,7,6,59,56.3997998046875,1
2019,9,7,6,59,58.2997998046875,1
2019,9,7,7,0,0.1497998046875,1
2019,9,7,7,0,1.99980004882813,1
2019,9,7,7,0,3.8497998046875,1
2019,9,7,7,0,5.69980004882813,1
2019,9,7,7,0,7.5497998046875,0
2019,9,7,7,0,9.3997998046875,0
2019,9,7,7,0,11.2498000488281,0
2019,9,7,7,0,13.0997998046875,0
2019,9,7,7,0,14.9998000488281,1
2019,9,7,7,0,16.8497998046875,1
2019,9,7,7,0,18.6998000488281,1
2019,9,7,7,0,20.4998000488281,1
2019,9,7,7,0,22.3497998046875,1
2019,9,7,7,0,24.1998000488281,1
2019,9,7,7,0,26.0497998046875,1
2019,9,7,7,0,27.8997998046875,1
2019,9,7,7,0,29.7498000488281,1
2019,9,7,7,0,31.5997998046875,1
2019,9,7,7,0,33.4498000488281,1
2019,9,7,7,0,35.2997998046875,1
2019,9,7,7,0,37.1497998046875,1
2019,9,7,7,0,38.9998000488281,1
2019,9,7,7,0,40.8497998046875,1
2019,9,7,7,0,42.7498000488281,1
2019,9,7,7,0,44.5997998046875,1
2019,9,7,7,0,46.3997998046875,1
2019,9,7,7,0,48.2498000488281,1
2019,9,7,7,0,50.0997998046875,1
2019,9,7,7,0,51.9998000488281,1
2019,9,7,7,0,53.7997998046875,1
2019,9,7,7,0,55.6497998046875,2
2019,9,7,7,0,57.4998000488281,2
2019,9,7,7,0,59.3497998046875,2
2019,9,7,7,1,1.19980004882813,2
2019,9,7,7,1,3.0497998046875,2
2019,9,7,7,1,4.8997998046875,2
2019,9,7,7,1,6.74980004882813,2
2019,9,7,7,1,8.5997998046875,2
2019,9,7,7,1,10.4998000488281,2
2019,9,7,7,1,12.3497998046875,2
2019,9,7,7,1,14.1998000488281,2
2019,9,7,7,1,16.0497998046875,2
2019,9,7,7,1,17.8497998046875,2
2019,9,7,7,1,19.7498000488281,2
2019,9,7,7,1,21.5997998046875,2
2019,9,7,7,1,23.4498000488281,2
2019,9,7,7,1,25.2498000488281,2
2019,9,7,7,1,27.0997998046875,2
2019,9,7,7,1,28.8997998046875,2
2019,9,7,7,1,30.7498000488281,2
2019,9,7,7,1,32.6497998046875,2
2019,9,7,7,1,34.4998000488281,2
2019,9,7,7,1,36.3497998046875,2
2019,9,7,7,1,38.1998000488281,2
2019,9,7,7,1,40.0497998046875,2
2019,9,7,7,1,41.9498000488281,2
2019,9,7,7,1,43.7997998046875,2
2019,9,7,7,1,45.5997998046875,2
2019,9,7,7,1,47.4498000488281,2
2019,9,7,7,1,49.2997998046875,2
2019,9,7,7,1,51.1497998046875,2
2019,9,7,7,1,52.9998000488281,2
2019,9,7,7,1,54.8497998046875,2
2019,9,7,7,1,56.6998000488281,1
2019,9,7,7,1,58.5497998046875,1
2019,9,7,7,2,0.3997998046875,1
2019,9,7,7,2,2.24980004882813,1
2019,9,7,7,2,4.0997998046875,1
2019,9,7,7,2,5.94980004882813,1
2019,9,7,7,2,7.7997998046875,1
2019,9,7,7,2,9.6497998046875,1
2019,9,7,7,2,11.5497998046875,1
2019,9,7,7,2,13.3997998046875,1
2019,9,7,7,2,15.1998000488281,1
2019,9,7,7,2,17.0997998046875,1
2019,9,7,7,2,18.9498000488281,1
2019,9,7,7,2,20.7997998046875,1
2019,9,7,7,2,22.6998000488281,1
2019,9,7,7,2,24.4998000488281,1
2019,9,7,7,2,26.3497998046875,1
2019,9,7,7,2,28.1998000488281,1
2019,9,7,7,2,30.0497998046875,1
2019,9,7,7,2,31.8497998046875,1
2019,9,7,7,2,33.6998000488281,1
2019,9,7,7,2,35.5497998046875,1
2019,9,7,7,2,37.3997998046875,1
2019,9,7,7,2,39.2498000488281,1
2019,9,7,7,2,41.0997998046875,1
2019,9,7,7,2,42.9498000488281,1
2019,9,7,7,2,44.7997998046875,1
2019,9,7,7,2,46.6497998046875,1
2019,9,7,7,2,48.4498000488281,1
2019,9,7,7,2,50.2997998046875,1
2019,9,7,7,2,52.1497998046875,1
2019,9,7,7,2,53.9998000488281,1
2019,9,7,7,2,55.8997998046875,1
2019,9,7,7,2,57.7498000488281,1
2019,9,7,7,2,59.5997998046875,1
2019,9,7,7,3,1.44980004882813,1
2019,9,7,7,3,3.2997998046875,1
2019,9,7,7,3,5.1497998046875,1
2019,9,7,7,3,6.99980004882813,1
2019,9,7,7,3,8.8497998046875,1
2019,9,7,7,3,10.6998000488281,1
2019,9,7,7,3,12.5497998046875,1
2019,9,7,7,3,14.3997998046875,1
2019,9,7,7,3,16.2498000488281,1
2019,9,7,7,3,18.0997998046875,1
2019,9,7,7,3,19.8997998046875,1
2019,9,7,7,3,21.7997998046875,1
2019,9,7,7,3,23.6497998046875,1
2019,9,7,7,3,25.4998000488281,1
2019,9,7,7,3,27.3497998046875,1
2019,9,7,7,3,29.1998000488281,1
2019,9,7,7,3,31.0497998046875,1
2019,9,7,7,3,32.8997998046875,1
2019,9,7,7,3,34.7498000488281,1
2019,9,7,7,3,36.5997998046875,1
2019,9,7,7,3,38.4498000488281,1
2019,9,7,7,3,40.2997998046875,1
2019,9,7,7,3,42.1497998046875,1
2019,9,7,7,3,43.9998000488281,1
2019,9,7,7,3,45.8497998046875,1
2019,9,7,7,3,47.6998000488281,1
2019,9,7,7,3,49.5497998046875,1
2019,9,7,7,3,51.3997998046875,1
2019,9,7,7,3,53.2498000488281,1
2019,9,7,7,3,55.0997998046875,1
2019,9,7,7,3,56.9498000488281,1
2019,9,7,7,3,58.7997998046875,1
2019,9,7,7,4,0.6497998046875,1
2019,9,7,7,4,2.49980004882813,1
2019,9,7,7,4,4.3497998046875,1
2019,9,7,7,4,6.19980004882813,1
2019,9,7,7,4,8.0497998046875,1
2019,9,7,7,4,9.8997998046875,1
2019,9,7,7,4,11.7498000488281,1
2019,9,7,7,4,13.5997998046875,1
2019,9,7,7,4,15.4498000488281,1
2019,9,7,7,4,17.2997998046875,0
2019,9,7,7,4,19.1497998046875,0
2019,9,7,7,4,20.9998000488281,0
2019,9,7,7,4,22.8497998046875,0
2019,9,7,7,4,24.6998000488281,0
2019,9,7,7,4,26.5497998046875,0
2019,9,7,7,4,28.3997998046875,0
2019,9,7,7,4,30.2498000488281,0
2019,9,7,7,4,32.0997998046875,0
2019,9,7,7,4,33.9498000488281,0
2019,9,7,7,4,35.7997998046875,0
2019,9,7,7,4,37.6497998046875,0
2019,9,7,7,4,39.4998000488281,0
2019,9,7,7,4,41.3497998046875,0
2019,9,7,7,4,43.1998000488281,0
2019,9,7,7,4,45.0497998046875,0
2019,9,7,7,4,46.8997998046875,0
2019,9,7,7,4,48.7498000488281,0
2019,9,7,7,4,50.5997998046875,1
2019,9,7,7,4,52.4498000488281,1
2019,9,7,7,4,54.2997998046875,1
2019,9,7,7,4,56.1497998046875,1
2019,9,7,7,4,57.9998000488281,1
2019,9,7,7,4,59.8497998046875,1
2019,9,7,7,5,1.69980004882812,1
2019,9,7,7,5,3.5497998046875,1
2019,9,7,7,5,5.3997998046875,1
2019,9,7,7,5,7.24980004882813,1
2019,9,7,7,5,9.0997998046875,1
2019,9,7,7,5,10.9498000488281,0
2019,9,7,7,5,12.7997998046875,0
2019,9,7,7,5,14.6497998046875,0
2019,9,7,7,5,16.4998000488281,0
2019,9,7,7,5,18.3497998046875,0
2019,9,7,7,5,20.1998000488281,0
2019,9,7,7,5,22.0497998046875,0
2019,9,7,7,5,23.8997998046875,0
2019,9,7,7,5,25.7498000488281,0
2019,9,7,7,5,27.5997998046875,0
2019,9,7,7,5,29.4498000488281,0
2019,9,7,7,5,31.2997998046875,0
2019,9,7,7,5,33.1497998046875,0
2019,9,7,7,5,35.0497998046875,0
2019,9,7,7,5,36.8997998046875,0
2019,9,7,7,5,38.6998000488281,0
2019,9,7,7,5,40.5497998046875,0
2019,9,7,7,5,42.3997998046875,0
2019,9,7,7,5,44.2498000488281,0
2019,9,7,7,5,46.0997998046875,0
2019,9,7,7,5,47.9498000488281,0
2019,9,7,7,5,49.7997998046875,0
2019,9,7,7,5,51.6497998046875,0
2019,9,7,7,5,53.4998000488281,0
2019,9,7,7,5,55.3497998046875,0
2019,9,7,7,5,57.1998000488281,0
2019,9,7,7,5,59.0497998046875,0
2019,9,7,7,6,0.8997998046875,0
2019,9,7,7,6,2.74980004882813,0
2019,9,7,7,6,4.5997998046875,0
2019,9,7,7,6,6.44980004882813,0
2019,9,7,7,6,8.2997998046875,0
2019,9,7,7,6,10.1497998046875,0
2019,9,7,7,6,11.9998000488281,0
2019,9,7,7,6,13.8497998046875,0
2019,9,7,7,6,15.6998000488281,0
2019,9,7,7,6,17.5497998046875,0
2019,9,7,7,6,19.3997998046875,0
2019,9,7,7,6,21.2498000488281,0
2019,9,7,7,6,23.0997998046875,0
2019,9,7,7,6,24.9498000488281,0
2019,9,7,7,6,26.7997998046875,0
2019,9,7,7,6,28.6497998046875,0
2019,9,7,7,6,30.4998000488281,0
2019,9,7,7,6,32.3497998046875,0
2019,9,7,7,6,34.1998000488281,0
2019,9,7,7,6,36.0497998046875,0
2019,9,7,7,6,37.8997998046875,0
2019,9,7,7,6,39.7498000488281,0
2019,9,7,7,6,41.5997998046875,0
2019,9,7,7,6,43.4498000488281,0
2019,9,7,7,6,45.2997998046875,0
2019,9,7,7,6,47.1497998046875,0
2019,9,7,7,6,48.9998000488281,0
2019,9,7,7,6,50.8497998046875,0
2019,9,7,7,6,52.6998000488281,0
2019,9,7,7,6,54.5497998046875,0
2019,9,7,7,6,56.3997998046875,0
2019,9,7,7,6,58.2498000488281,0
2019,9,7,7,7,0.0997998046875,0
2019,9,7,7,7,1.94980004882812,0
2019,9,7,7,7,3.7997998046875,0
2019,9,7,7,7,5.6497998046875,0
2019,9,7,7,7,7.49980004882813,0
2019,9,7,7,7,9.3497998046875,0
2019,9,7,7,7,11.1998000488281,0
2019,9,7,7,7,13.0497998046875,0
2019,9,7,7,7,14.8997998046875,0
2019,9,7,7,7,16.7498000488281,0
2019,9,7,7,7,18.5997998046875,0
2019,9,7,7,7,20.4498000488281,0
2019,9,7,7,7,22.2997998046875,0
2019,9,7,7,7,24.1497998046875,0
2019,9,7,7,7,25.9998000488281,0
2019,9,7,7,7,27.8497998046875,0
2019,9,7,7,7,29.6998000488281,0
2019,9,7,7,7,31.5497998046875,0
2019,9,7,7,7,33.3997998046875,0
2019,9,7,7,7,35.2498000488281,0
2019,9,7,7,7,37.0997998046875,0
2019,9,7,7,7,38.9498000488281,0
2019,9,7,7,7,40.7997998046875,0
2019,9,7,7,7,42.6497998046875,0
2019,9,7,7,7,44.4998000488281,0
2019,9,7,7,7,46.3497998046875,0
2019,9,7,7,7,48.1998000488281,0
2019,9,7,7,7,50.0497998046875,0
2019,9,7,7,7,51.8997998046875,0
2019,9,7,7,7,53.7498000488281,0
2019,9,7,7,7,55.5997998046875,1
2019,9,7,7,7,57.4498000488281,1
2019,9,7,7,7,59.2997998046875,1
2019,9,7,7,8,1.1497998046875,1
2019,9,7,7,8,2.99980004882813,1
2019,9,7,7,8,4.8497998046875,1
2019,9,7,7,8,6.69980004882813,1
2019,9,7,7,8,8.5497998046875,1
2019,9,7,7,8,10.3997998046875,1
2019,9,7,7,8,12.2498000488281,1
2019,9,7,7,8,14.0997998046875,1
2019,9,7,7,8,15.9498000488281,1
2019,9,7,7,8,17.7997998046875,1
2019,9,7,7,8,19.6497998046875,1
2019,9,7,7,8,21.4998000488281,1
2019,9,7,7,8,23.3497998046875,1
2019,9,7,7,8,25.1998000488281,1
2019,9,7,7,8,27.0497998046875,1
2019,9,7,7,8,28.8997998046875,1
2019,9,7,7,8,30.7498000488281,1
2019,9,7,7,8,32.5997998046875,0
2019,9,7,7,8,34.4498000488281,0
2019,9,7,7,8,36.2997998046875,0
2019,9,7,7,8,38.1497998046875,0
2019,9,7,7,8,39.9998000488281,0
2019,9,7,7,8,41.8497998046875,0
2019,9,7,7,8,43.6998000488281,0
2019,9,7,7,8,45.5497998046875,0
2019,9,7,7,8,47.3997998046875,0
2019,9,7,7,8,49.2498000488281,0
2019,9,7,7,8,51.0997998046875,0
2019,9,7,7,8,52.9498000488281,0
2019,9,7,7,8,54.7997998046875,0
2019,9,7,7,8,56.6497998046875,0
2019,9,7,7,8,58.4998000488281,0
2019,9,7,7,9,0.3497998046875,0
2019,9,7,7,9,2.19980004882812,0
2019,9,7,7,9,4.0497998046875,0
2019,9,7,7,9,5.8997998046875,0
2019,9,7,7,9,7.74980004882813,0
2019,9,7,7,9,9.5997998046875,0
2019,9,7,7,9,11.4498000488281,0
2019,9,7,7,9,13.2997998046875,0
2019,9,7,7,9,15.1497998046875,0
2019,9,7,7,9,16.9998000488281,0
2019,9,7,7,9,18.8497998046875,0
2019,9,7,7,9,20.6998000488281,0
2019,9,7,7,9,22.5497998046875,0
2019,9,7,7,9,24.3997998046875,0
2019,9,7,7,9,26.2498000488281,0
2019,9,7,7,9,28.0997998046875,0
2019,9,7,7,9,29.9498000488281,0
2019,9,7,7,9,31.7997998046875,0
2019,9,7,7,9,33.6497998046875,0
2019,9,7,7,9,35.4998000488281,0
2019,9,7,7,9,37.3497998046875,0
2019,9,7,7,9,39.1998000488281,0
2019,9,7,7,9,41.0497998046875,0
2019,9,7,7,9,42.8997998046875,0
2019,9,7,7,9,44.7498000488281,0
2019,9,7,7,9,46.5997998046875,0
2019,9,7,7,9,48.4498000488281,0
2019,9,7,7,9,50.2997998046875,0
2019,9,7,7,9,52.1497998046875,0
2019,9,7,7,9,53.9998000488281,0
2019,9,7,7,9,55.8497998046875,0
2019,9,7,7,9,57.6998000488281,0
2019,9,7,7,9,59.5497998046875,0
2019,9,7,7,10,1.3997998046875,0
2019,9,7,7,10,3.24980004882813,0
2019,9,7,7,10,5.0997998046875,0
2019,9,7,7,10,6.94980004882813,0
2019,9,7,7,10,8.7997998046875,0
2019,9,7,7,10,10.6497998046875,0
2019,9,7,7,10,12.4998000488281,0
2019,9,7,7,10,14.3497998046875,0
2019,9,7,7,10,16.1998000488281,0
2019,9,7,7,10,18.0497998046875,0
2019,9,7,7,10,19.8997998046875,0
2019,9,7,7,10,21.7498000488281,0
2019,9,7,7,10,23.5997998046875,0
2019,9,7,7,10,25.4498000488281,0
2019,9,7,7,10,27.2997998046875,0
2019,9,7,7,10,29.1497998046875,0
2019,9,7,7,10,30.9998000488281,0
2019,9,7,7,10,32.8497998046875,0
2019,9,7,7,10,34.6998000488281,0
2019,9,7,7,10,36.5497998046875,0
2019,9,7,7,10,38.3997998046875,0
2019,9,7,7,10,40.2498000488281,0
2019,9,7,7,10,42.0997998046875,0
2019,9,7,7,10,43.9498000488281,0
2019,9,7,7,10,45.7997998046875,0
2019,9,7,7,10,47.6497998046875,0
2019,9,7,7,10,49.4998000488281,0
2019,9,7,7,10,51.3497998046875,0
2019,9,7,7,10,53.1998000488281,0
2019,9,7,7,10,55.0497998046875,0
2019,9,7,7,10,56.8997998046875,0
2019,9,7,7,10,58.7498000488281,0
2019,9,7,7,11,0.5997998046875,0
2019,9,7,7,11,2.44980004882812,0
2019,9,7,7,11,4.2997998046875,0
2019,9,7,7,11,6.1497998046875,0
2019,9,7,7,11,7.99980004882813,0
2019,9,7,7,11,9.8497998046875,0
2019,9,7,7,11,11.6998000488281,0
2019,9,7,7,11,13.5497998046875,0
2019,9,7,7,11,15.3997998046875,0
2019,9,7,7,11,17.2498000488281,0
2019,9,7,7,11,19.0997998046875,0
2019,9,7,7,11,20.9498000488281,0
2019,9,7,7,11,22.7997998046875,0
2019,9,7,7,11,24.6497998046875,0
2019,9,7,7,11,26.4998000488281,0
2019,9,7,7,11,28.3497998046875,0
2019,9,7,7,11,30.1998000488281,0
2019,9,7,7,11,32.0497998046875,0
2019,9,7,7,11,33.8997998046875,0
2019,9,7,7,11,35.7498000488281,0
2019,9,7,7,11,37.5997998046875,0
2019,9,7,7,11,39.4498000488281,0
2019,9,7,7,11,41.2997998046875,0
2019,9,7,7,11,43.1497998046875,0
2019,9,7,7,11,44.9998000488281,0
2019,9,7,7,11,46.8497998046875,0
2019,9,7,7,11,48.6998000488281,0
2019,9,7,7,11,50.5497998046875,0
2019,9,7,7,11,52.3997998046875,0
2019,9,7,7,11,54.2498000488281,0
2019,9,7,7,11,56.0997998046875,0
2019,9,7,7,11,57.9498000488281,0
2019,9,7,7,11,59.7997998046875,0
2019,9,7,7,12,1.6497998046875,0
2019,9,7,7,12,3.49980004882813,0
2019,9,7,7,12,5.3497998046875,0
2019,9,7,7,12,7.19980004882813,0
2019,9,7,7,12,9.0497998046875,0
2019,9,7,7,12,10.8997998046875,0
2019,9,7,7,12,12.7498000488281,0
2019,9,7,7,12,14.5997998046875,0
2019,9,7,7,12,16.4498000488281,0
2019,9,7,7,12,18.2997998046875,0
2019,9,7,7,12,20.1497998046875,0
2019,9,7,7,12,21.9998000488281,0
2019,9,7,7,12,23.8497998046875,0
2019,9,7,7,12,25.6998000488281,0
2019,9,7,7,12,27.5497998046875,0
2019,9,7,7,12,29.3997998046875,0
2019,9,7,7,12,31.2498000488281,0
2019,9,7,7,12,33.0997998046875,0
2019,9,7,7,12,34.9498000488281,0
2019,9,7,7,12,36.7997998046875,0
2019,9,7,7,12,38.6497998046875,0
2019,9,7,7,12,40.4998000488281,0
2019,9,7,7,12,42.3497998046875,0
2019,9,7,7,12,44.1998000488281,0
2019,9,7,7,12,46.0497998046875,0
2019,9,7,7,12,47.8997998046875,0
2019,9,7,7,12,49.7498000488281,0
2019,9,7,7,12,51.5997998046875,0
2019,9,7,7,12,53.4498000488281,0
2019,9,7,7,12,55.2997998046875,0
2019,9,7,7,12,57.1497998046875,0
2019,9,7,7,12,58.9998000488281,0
2019,9,7,7,13,0.8497998046875,0
2019,9,7,7,13,2.69980004882812,0
2019,9,7,7,13,4.5497998046875,0
2019,9,7,7,13,6.3997998046875,0
2019,9,7,7,13,8.24980004882812,0
2019,9,7,7,13,10.0997998046875,0
2019,9,7,7,13,11.9498000488281,0
2019,9,7,7,13,13.7997998046875,0
2019,9,7,7,13,15.6497998046875,0
2019,9,7,7,13,17.4998000488281,0
2019,9,7,7,13,19.3497998046875,0
2019,9,7,7,13,21.1998000488281,0
2019,9,7,7,13,23.0497998046875,0
2019,9,7,7,13,24.8997998046875,0
2019,9,7,7,13,26.7498000488281,0
2019,9,7,7,13,28.5997998046875,0
2019,9,7,7,13,30.4498000488281,0
2019,9,7,7,13,32.2997998046875,0
2019,9,7,7,13,34.1497998046875,0
2019,9,7,7,13,35.9998000488281,0
2019,9,7,7,13,37.8497998046875,0
2019,9,7,7,13,39.6998000488281,0
2019,9,7,7,13,41.5497998046875,0
2019,9,7,7,13,43.3997998046875,0
2019,9,7,7,13,45.2498000488281,0
2019,9,7,7,13,47.0997998046875,0
2019,9,7,7,13,48.9498000488281,0
2019,9,7,7,13,50.7997998046875,0
2019,9,7,7,13,52.6497998046875,0
2019,9,7,7,13,54.4998000488281,0
2019,9,7,7,13,56.3497998046875,0
2019,9,7,7,13,58.1998000488281,0
2019,9,7,7,14,0.0497998046875,0
2019,9,7,7,14,1.8997998046875,0
2019,9,7,7,14,3.74980004882813,0
2019,9,7,7,14,5.5997998046875,0
2019,9,7,7,14,7.44980004882813,0
2019,9,7,7,14,9.2997998046875,0
2019,9,7,7,14,11.1497998046875,0
2019,9,7,7,14,12.9998000488281,0
2019,9,7,7,14,14.8497998046875,0
2019,9,7,7,14,16.6998000488281,0
2019,9,7,7,14,18.5497998046875,0
2019,9,7,7,14,20.3997998046875,0
2019,9,7,7,14,22.2498000488281,0
2019,9,7,7,14,24.0997998046875,0
2019,9,7,7,14,25.9498000488281,0
2019,9,7,7,14,27.6497998046875,0
2019,9,7,7,14,29.3997998046875,0
2019,9,7,7,14,31.0997998046875,0
2019,9,7,7,14,32.9498000488281,0
2019,9,7,7,14,34.8497998046875,0
2019,9,7,7,14,36.5497998046875,0
2019,9,7,7,14,38.2997998046875,0
2019,9,7,7,14,40.1497998046875,0
2019,9,7,7,14,41.9998000488281,0
2019,9,7,7,14,43.8497998046875,0
2019,9,7,7,14,45.6998000488281,0
2019,9,7,7,14,47.5497998046875,0
2019,9,7,7,14,49.3997998046875,0
2019,9,7,7,14,51.2498000488281,0
2019,9,7,7,14,53.0997998046875,0
2019,9,7,7,14,54.9498000488281,0
2019,9,7,7,14,56.7997998046875,0
2019,9,7,7,14,58.6497998046875,0
2019,9,7,7,15,0.499800048828125,0
2019,9,7,7,15,2.3497998046875,0
2019,9,7,7,15,4.19980004882813,0
2019,9,7,7,15,6.0497998046875,0
2019,9,7,7,15,7.94980004882813,0
2019,9,7,7,15,10.1497998046875,0
2019,9,7,7,15,12.1998000488281,0
2019,9,7,7,15,14.0497998046875,0
2019,9,7,7,15,15.8997998046875,0
2019,9,7,7,15,17.7498000488281,0
2019,9,7,7,15,19.5997998046875,0
2019,9,7,7,15,21.4498000488281,0
2019,9,7,7,15,23.2997998046875,0
2019,9,7,7,15,25.1497998046875,0
2019,9,7,7,15,26.9998000488281,0
2019,9,7,7,15,28.8497998046875,0
2019,9,7,7,15,30.6998000488281,0
2019,9,7,7,15,32.5497998046875,0
2019,9,7,7,15,34.3997998046875,0
2019,9,7,7,15,36.2498000488281,0
2019,9,7,7,15,38.0997998046875,0
2019,9,7,7,15,39.7997998046875,0
2019,9,7,7,15,41.3497998046875,0
2019,9,7,7,15,43.1998000488281,0
2019,9,7,7,15,44.8997998046875,0
2019,9,7,7,15,46.7498000488281,0
2019,9,7,7,15,48.5997998046875,0
2019,9,7,7,15,50.4498000488281,0
2019,9,7,7,15,52.2997998046875,0
2019,9,7,7,15,54.1497998046875,0
2019,9,7,7,15,55.9998000488281,0
2019,9,7,7,15,57.8497998046875,0
2019,9,7,7,15,59.6998000488281,0
2019,9,7,7,16,1.5497998046875,0
2019,9,7,7,16,3.3997998046875,0
2019,9,7,7,16,5.24980004882813,0
2019,9,7,7,16,7.0997998046875,0
2019,9,7,7,16,8.94980004882813,0
2019,9,7,7,16,10.7997998046875,0
2019,9,7,7,16,12.6497998046875,0
2019,9,7,7,16,14.4998000488281,0
2019,9,7,7,16,16.3497998046875,0
2019,9,7,7,16,18.1998000488281,0
2019,9,7,7,16,20.0497998046875,0
2019,9,7,7,16,21.8997998046875,0
2019,9,7,7,16,23.7498000488281,0
2019,9,7,7,16,25.5997998046875,0
2019,9,7,7,16,27.4498000488281,0
2019,9,7,7,16,29.2997998046875,0
2019,9,7,7,16,31.1497998046875,0
2019,9,7,7,16,33.0497998046875,0
2019,9,7,7,16,35.0497998046875,0
2019,9,7,7,16,36.7997998046875,0
2019,9,7,7,16,38.8497998046875,0
2019,9,7,7,16,40.9998000488281,0
2019,9,7,7,16,42.8497998046875,0
2019,9,7,7,16,44.6998000488281,0
2019,9,7,7,16,46.5497998046875,0
2019,9,7,7,16,48.3997998046875,0
2019,9,7,7,16,50.2498000488281,0
2019,9,7,7,16,52.0497998046875,0
2019,9,7,7,16,53.8997998046875,0
2019,9,7,7,16,55.7498000488281,0
2019,9,7,7,16,57.5997998046875,0
2019,9,7,7,16,59.4998000488281,0
2019,9,7,7,17,1.3497998046875,0
2019,9,7,7,17,3.19980004882812,0
2019,9,7,7,17,4.99980004882813,0
2019,9,7,7,17,6.8497998046875,0
2019,9,7,7,17,8.69980004882813,0
2019,9,7,7,17,10.5497998046875,0
2019,9,7,7,17,12.4498000488281,0
2019,9,7,7,17,14.2997998046875,0
2019,9,7,7,17,16.1497998046875,0
2019,9,7,7,17,17.9998000488281,0
2019,9,7,7,17,19.6998000488281,0
2019,9,7,7,17,21.2997998046875,0
2019,9,7,7,17,22.9498000488281,0
2019,9,7,7,17,24.7997998046875,0
2019,9,7,7,17,26.6497998046875,0
2019,9,7,7,17,28.4998000488281,0
2019,9,7,7,21,17.7498000488281,0
2019,9,7,7,21,19.5997998046875,0
2019,9,7,7,21,21.4498000488281,0
2019,9,7,7,21,23.2997998046875,0
2019,9,7,7,21,25.1497998046875,0
2019,9,7,7,21,26.9998000488281,0
2019,9,7,7,21,28.8497998046875,0
2019,9,7,7,21,30.6998000488281,0
2019,9,7,7,21,32.9998000488281,0
2019,9,7,7,21,34.9498000488281,0
2019,9,7,7,21,36.7997998046875,0
2019,9,7,7,21,38.5997998046875,0
2019,9,7,7,21,40.4498000488281,0
2019,9,7,7,21,42.3497998046875,0
2019,9,7,7,21,44.1998000488281,0
2019,9,7,7,21,46.0497998046875,0
2019,9,7,7,21,47.8997998046875,0
2019,9,7,7,21,49.7498000488281,0
2019,9,7,7,21,51.5997998046875,0
2019,9,7,7,21,53.4498000488281,0
2019,9,7,7,21,55.2997998046875,0
2019,9,7,7,21,57.1497998046875,0
2019,9,7,7,21,58.8997998046875,0
2019,9,7,7,22,0.6497998046875,0
2019,9,7,7,22,2.44980004882812,0
2019,9,7,7,22,4.24980004882813,0
2019,9,7,7,22,5.94980004882813,0
2019,9,7,7,22,7.69980004882813,0
2019,9,7,7,22,9.5497998046875,0
2019,9,7,7,22,11.3997998046875,0
2019,9,7,7,22,13.2498000488281,0
2019,9,7,7,22,15.0997998046875,0
2019,9,7,7,22,16.9498000488281,0
2019,9,7,7,22,18.7997998046875,0
2019,9,7,7,22,20.6497998046875,0
2019,9,7,7,22,22.4998000488281,0
2019,9,7,7,22,24.3497998046875,0
2019,9,7,7,22,26.1998000488281,0
2019,9,7,7,22,28.0497998046875,0
2019,9,7,7,22,29.8997998046875,0
2019,9,7,7,22,31.7498000488281,0
2019,9,7,7,22,33.5997998046875,0
2019,9,7,7,22,35.4498000488281,0
2019,9,7,7,22,37.2997998046875,0
2019,9,7,7,22,39.1497998046875,0
2019,9,7,7,22,40.9998000488281,0
2019,9,7,7,22,42.8497998046875,0
2019,9,7,7,22,44.6998000488281,0
2019,9,7,7,22,46.5497998046875,0
2019,9,7,7,22,48.3997998046875,0
2019,9,7,7,22,50.2498000488281,0
2019,9,7,7,22,52.0997998046875,0
2019,9,7,7,22,53.9498000488281,0
2019,9,7,7,22,55.7997998046875,0
2019,9,7,7,22,57.6497998046875,0
2019,9,7,7,22,59.4998000488281,0
2019,9,7,7,23,1.3497998046875,0
2019,9,7,7,23,3.24980004882813,0
2019,9,7,7,23,5.5497998046875,0
2019,9,7,7,23,7.44980004882813,0
2019,9,7,7,23,9.2997998046875,0
2019,9,7,7,23,11.0997998046875,0
2019,9,7,7,23,12.9498000488281,0
2019,9,7,7,23,14.8497998046875,0
2019,9,7,7,23,16.6998000488281,0
2019,9,7,7,23,18.5497998046875,0
2019,9,7,7,23,20.3997998046875,0
2019,9,7,7,23,22.2498000488281,0
2019,9,7,7,23,24.0997998046875,0
2019,9,7,7,23,25.9498000488281,0
2019,9,7,7,23,27.7997998046875,0
2019,9,7,7,23,29.6497998046875,0
2019,9,7,7,23,31.3997998046875,0
2019,9,7,7,23,33.0997998046875,0
2019,9,7,7,23,34.7997998046875,0
2019,9,7,7,23,36.5497998046875,0
2019,9,7,7,23,38.3497998046875,0
2019,9,7,7,23,40.1998000488281,0
2019,9,7,7,23,42.0497998046875,0
2019,9,7,7,23,43.8997998046875,0
2019,9,7,7,23,45.7498000488281,0
2019,9,7,7,23,47.5997998046875,0
2019,9,7,7,23,49.4498000488281,0
2019,9,7,7,23,51.2997998046875,0
2019,9,7,7,23,53.1497998046875,0
2019,9,7,7,23,54.9998000488281,0
2019,9,7,7,23,56.8497998046875,0
2019,9,7,7,23,58.6998000488281,0
2019,9,7,7,24,0.5497998046875,0
2019,9,7,7,24,2.3997998046875,0
2019,9,7,7,24,4.24980004882813,0
2019,9,7,7,24,6.0997998046875,0
2019,9,7,7,24,36.2498000488281,0
2019,9,7,7,24,38.0997998046875,0
2019,9,7,7,24,39.9498000488281,0
2019,9,7,7,24,41.7997998046875,0
2019,9,7,7,24,43.6497998046875,0
2019,9,7,7,24,45.4998000488281,0
2019,9,7,7,24,47.3497998046875,0
2019,9,7,7,24,49.2498000488281,0
2019,9,7,7,24,51.0997998046875,0
2019,9,7,7,24,52.9498000488281,0
2019,9,7,7,24,54.7997998046875,0
2019,9,7,7,24,56.5997998046875,0
2019,9,7,7,24,58.3997998046875,0
2019,9,7,7,25,0.1497998046875,0
2019,9,7,7,25,1.8497998046875,0
2019,9,7,7,25,3.5497998046875,0
2019,9,7,7,25,5.2997998046875,0
2019,9,7,7,25,7.1497998046875,0
2019,9,7,7,25,8.99980004882812,0
2019,9,7,7,25,10.8497998046875,0
2019,9,7,7,25,12.6998000488281,0
2019,9,7,7,25,14.5497998046875,0
2019,9,7,7,25,16.3997998046875,0
2019,9,7,7,25,18.2498000488281,0
2019,9,7,7,25,20.0997998046875,0
2019,9,7,7,25,21.9498000488281,0
2019,9,7,7,25,23.7997998046875,0
2019,9,7,7,25,25.6497998046875,0
2019,9,7,7,25,27.4998000488281,0
2019,9,7,7,25,29.3497998046875,0
2019,9,7,7,25,31.1998000488281,0
2019,9,7,7,25,33.0497998046875,0
2019,9,7,7,25,34.8997998046875,0
2019,9,7,7,25,36.7498000488281,0
2019,9,7,7,25,38.5997998046875,0
2019,9,7,7,25,40.4498000488281,0
2019,9,7,7,25,42.2997998046875,0
2019,9,7,7,25,44.1497998046875,0
2019,9,7,7,25,45.9998000488281,0
2019,9,7,7,25,47.8497998046875,0
2019,9,7,7,25,49.6998000488281,0
2019,9,7,7,25,51.5497998046875,0
2019,9,7,7,25,53.3997998046875,0
2019,9,7,7,25,55.2498000488281,0
2019,9,7,7,25,57.4998000488281,0
2019,9,7,7,25,59.4998000488281,0
2019,9,7,7,26,1.3497998046875,0
2019,9,7,7,26,3.19980004882812,0
2019,9,7,7,26,5.0497998046875,0
2019,9,7,7,26,6.8997998046875,0
2019,9,7,7,26,8.74980004882812,0
2019,9,7,7,26,10.5997998046875,0
2019,9,7,7,26,12.4498000488281,0
2019,9,7,7,26,14.2997998046875,0
2019,9,7,7,26,16.1497998046875,0
2019,9,7,7,26,17.9998000488281,0
2019,9,7,7,26,19.8497998046875,0
2019,9,7,7,26,21.6998000488281,0
2019,9,7,7,26,23.5997998046875,0
2019,9,7,7,26,25.3997998046875,0
2019,9,7,7,26,27.0997998046875,0
2019,9,7,7,26,28.8497998046875,0
2019,9,7,7,26,30.5997998046875,0
2019,9,7,7,26,32.2997998046875,0
2019,9,7,7,26,34.0997998046875,0
2019,9,7,7,26,35.9498000488281,0
2019,9,7,7,26,37.7997998046875,0
2019,9,7,7,26,39.6497998046875,0
2019,9,7,7,26,41.4998000488281,0
2019,9,7,7,26,43.3497998046875,0
2019,9,7,7,26,45.1998000488281,0
2019,9,7,7,26,47.0497998046875,0
2019,9,7,7,26,48.8997998046875,0
2019,9,7,7,26,50.7498000488281,0
2019,9,7,7,26,52.5997998046875,0
2019,9,7,7,26,54.4498000488281,0
2019,9,7,7,26,56.2997998046875,0
2019,9,7,7,26,58.1497998046875,0
2019,9,7,7,26,59.9998000488281,0
2019,9,7,7,27,1.8497998046875,0
2019,9,7,7,27,3.69980004882812,0
2019,9,7,7,27,5.5497998046875,0
2019,9,7,7,27,7.3997998046875,0
2019,9,7,7,27,9.24980004882812,0
2019,9,7,7,27,11.0997998046875,0
2019,9,7,7,27,12.9498000488281,0
2019,9,7,7,27,14.7997998046875,0
2019,9,7,7,27,16.6497998046875,0
2019,9,7,7,27,18.4998000488281,0
2019,9,7,7,27,20.3497998046875,0
2019,9,7,7,27,22.4998000488281,0
2019,9,7,7,27,24.5997998046875,0
2019,9,7,7,27,26.4998000488281,0
2019,9,7,7,27,28.3497998046875,0
2019,9,7,7,27,30.1497998046875,0
2019,9,7,7,27,31.9998000488281,0
2019,9,7,7,27,33.8997998046875,0
2019,9,7,7,27,35.7498000488281,0
2019,9,7,7,27,37.5997998046875,0
2019,9,7,7,27,39.4498000488281,0
2019,9,7,7,27,41.2997998046875,0
2019,9,7,7,27,43.1497998046875,0
