Year,Month,Day,Hour,Minute,Second,Classification
2017,6,11,17,12,26.32445703125,0
2017,6,11,17,12,28.1301931152344,0
2017,6,11,17,12,29.9361721191406,0
2017,6,11,17,12,31.7418820800781,0
2017,6,11,17,12,33.5475710449219,0
2017,6,11,17,12,35.3534528808594,0
2017,6,11,17,12,37.1595600585937,0
2017,6,11,17,12,38.9653688964844,0
2017,6,11,17,12,40.7713210449219,0
2017,6,11,17,12,42.577291015625,0
2017,6,11,17,12,44.3832021484375,0
2017,6,11,17,12,46.1889499511719,0
2017,6,11,17,12,47.994826171875,0
2017,6,11,17,12,49.8008061523438,0
2017,6,11,17,12,51.606541015625,0
2017,6,11,17,12,53.4123530273437,0
2017,6,11,17,12,55.2181320800781,0
2017,6,11,17,12,57.0241188964844,0
2017,6,11,17,12,58.8301110839844,0
2017,6,11,17,13,0.63602587890625,0
2017,6,11,17,13,2.4418330078125,0
2017,6,11,17,13,4.24767700195313,0
2017,6,11,17,13,6.05349389648438,0
2017,6,11,17,13,7.85917895507813,0
2017,6,11,17,13,9.664958984375,0
2017,6,11,17,13,11.4709338378906,0
2017,6,11,17,13,13.2766369628906,0
2017,6,11,17,13,15.0823959960937,0
2017,6,11,17,13,16.88837109375,0
2017,6,11,17,13,18.6942319335937,0
2017,6,11,17,13,20.5007780761719,0
2017,6,11,17,13,22.3059399414063,0
2017,6,11,17,13,24.1127119140625,0
2017,6,11,17,13,25.9184118652344,0
2017,6,11,17,13,27.7241508789063,0
2017,6,11,17,13,29.5299270019531,0
2017,6,11,17,13,31.33562109375,0
2017,6,11,17,13,33.1413889160156,0
2017,6,11,17,13,34.9473317871094,0
2017,6,11,17,13,36.7532180175781,0
2017,6,11,17,13,38.5591740722656,0
2017,6,11,17,13,40.3650290527344,0
2017,6,11,17,13,42.1711208496094,0
2017,6,11,17,13,43.9768491210937,0
2017,6,11,17,13,45.7826728515625,0
2017,6,11,17,13,47.58854296875,0
2017,6,11,17,13,49.3945200195312,0
2017,6,11,17,13,51.2003369140625,0
2017,6,11,17,13,53.0113920898438,0
2017,6,11,17,13,54.8173251953125,0
2017,6,11,17,13,56.6232041015625,0
2017,6,11,17,13,58.4291311035156,0
2017,6,11,17,14,0.235030029296875,0
2017,6,11,17,14,2.04106811523438,0
2017,6,11,17,14,3.84664208984375,0
2017,6,11,17,14,5.652458984375,0
2017,6,11,17,14,7.45839990234375,0
2017,6,11,17,14,9.26439306640625,0
2017,6,11,17,14,11.0700720214844,0
2017,6,11,17,14,12.875951171875,0
2017,6,11,17,14,14.6820109863281,0
2017,6,11,17,14,16.48779296875,0
2017,6,11,17,14,18.2937709960937,0
2017,6,11,17,14,20.0995769042969,0
2017,6,11,17,14,21.9053090820312,0
2017,6,11,17,14,23.7110441894531,0
2017,6,11,17,14,25.5170139160156,0
2017,6,11,17,14,27.3230009765625,0
2017,6,11,17,14,29.1287060546875,0
2017,6,11,17,14,30.934625,0
2017,6,11,17,14,32.740328125,0
2017,6,11,17,14,34.5460949707031,0
2017,6,11,17,14,36.3521931152344,0
2017,6,11,17,14,38.1643420410156,0
2017,6,11,17,14,39.9703090820312,0
2017,6,11,17,14,41.7763317871094,0
2017,6,11,17,14,43.5823159179687,0
2017,6,11,17,14,45.388046875,0
2017,6,11,17,14,47.1939348144531,0
2017,6,11,17,14,48.9998200683594,0
2017,6,11,17,14,50.8057329101563,0
2017,6,11,17,14,52.6116049804687,0
2017,6,11,17,14,54.4173720703125,0
2017,6,11,17,14,56.2239279785156,0
2017,6,11,17,14,58.0298901367187,0
2017,6,11,17,14,59.8355969238281,0
2017,6,11,17,15,1.6413330078125,0
2017,6,11,17,15,3.44705200195312,0
2017,6,11,17,15,5.252873046875,0
2017,6,11,17,15,7.0585,0
2017,6,11,17,15,8.86431201171875,0
2017,6,11,17,15,10.6700529785156,0
2017,6,11,17,15,12.4758869628906,0
2017,6,11,17,15,14.28166796875,0
2017,6,11,17,15,16.0874709472656,0
2017,6,11,17,15,17.8935698242188,0
2017,6,11,17,15,19.6994541015625,0
2017,6,11,17,15,21.5053220214844,0
2017,6,11,17,15,23.31112109375,0
2017,6,11,17,15,25.1168989257812,0
2017,6,11,17,15,26.9228051757812,0
2017,6,11,17,15,28.7285769042969,0
2017,6,11,17,15,30.5345119628906,0
2017,6,11,17,15,32.3404299316406,0
2017,6,11,17,15,34.1463288574219,0
2017,6,11,17,15,35.9521420898437,0
2017,6,11,17,15,37.7578239746094,0
2017,6,11,17,15,39.5638461914062,0
2017,6,11,17,15,41.369546875,0
2017,6,11,17,15,43.1755190429688,0
2017,6,11,17,15,44.9812451171875,0
2017,6,11,17,15,46.7870129394531,0
2017,6,11,17,15,48.5928508300781,0
2017,6,11,17,15,50.39862890625,0
2017,6,11,17,15,52.204583984375,0
2017,6,11,17,15,54.0104201660156,0
2017,6,11,17,15,55.8163500976562,0
2017,6,11,17,15,57.6221362304687,0
2017,6,11,17,15,59.4278540039062,0
2017,6,11,17,16,1.233630859375,0
2017,6,11,17,16,3.03951416015625,0
2017,6,11,17,16,4.84538598632813,0
2017,6,11,17,16,6.65122607421875,0
2017,6,11,17,16,8.45701196289063,0
2017,6,11,17,16,10.2628020019531,0
2017,6,11,17,16,12.06854296875,0
2017,6,11,17,16,13.8744680175781,0
2017,6,11,17,16,15.6803310546875,0
2017,6,11,17,16,17.4861359863281,0
2017,6,11,17,16,19.2918920898437,0
2017,6,11,17,16,21.0977600097656,0
2017,6,11,17,16,22.9035119628906,0
2017,6,11,17,16,24.7094240722656,0
2017,6,11,17,16,26.5153620605469,0
2017,6,11,17,16,28.3260859375,0
2017,6,11,17,16,30.13180078125,0
2017,6,11,17,16,31.93753515625,0
2017,6,11,17,16,33.7434499511719,0
2017,6,11,17,16,35.5492319335938,0
2017,6,11,17,16,37.3551489257813,0
2017,6,11,17,16,39.1607810058594,0
2017,6,11,17,16,40.9667661132813,0
2017,6,11,17,16,42.7727338867187,0
2017,6,11,17,16,44.5785190429688,0
2017,6,11,17,16,46.3842248535156,0
2017,6,11,17,16,48.1899777832031,0
2017,6,11,17,16,49.9958369140625,0
2017,6,11,17,16,51.8017868652344,0
2017,6,11,17,16,53.6075698242187,0
2017,6,11,17,16,55.4134079589844,0
2017,6,11,17,16,57.2193020019531,0
2017,6,11,17,16,59.0249870605469,0
2017,6,11,17,17,0.830923095703125,0
2017,6,11,17,17,2.63689208984375,0
2017,6,11,17,17,4.44268603515625,0
2017,6,11,17,17,6.24861181640625,0
2017,6,11,17,17,8.05455200195312,0
2017,6,11,17,17,9.86032885742187,0
2017,6,11,17,17,11.6663369140625,0
2017,6,11,17,17,13.4721711425781,0
2017,6,11,17,17,15.2780339355469,0
2017,6,11,17,17,17.0839719238281,0
2017,6,11,17,17,18.8899331054687,0
2017,6,11,17,17,20.6960029296875,0
2017,6,11,17,17,22.5016450195312,0
2017,6,11,17,17,24.3075390625,0
2017,6,11,17,17,26.1132409667969,0
2017,6,11,17,17,27.9190310058594,0
2017,6,11,17,17,29.724751953125,0
2017,6,11,17,17,31.530458984375,0
2017,6,11,17,17,33.3363449707031,0
2017,6,11,17,17,35.1420529785156,0
2017,6,11,17,17,36.947873046875,0
2017,6,11,17,17,38.7538420410156,0
2017,6,11,17,17,40.5598259277344,0
2017,6,11,17,17,42.3657739257812,0
2017,6,11,17,17,44.1715119628906,0
2017,6,11,17,17,45.9775759277344,0
2017,6,11,17,17,47.7835148925781,0
2017,6,11,17,17,49.5892619628906,0
2017,6,11,17,17,51.3950200195313,0
2017,6,11,17,17,53.2087768554687,0
2017,6,11,17,17,55.0146860351563,0
2017,6,11,17,17,56.8206520996094,0
2017,6,11,17,17,58.6265500488281,0
2017,6,11,17,18,0.432385986328125,0
2017,6,11,17,18,2.23815209960937,0
2017,6,11,17,18,4.04396704101562,0
2017,6,11,17,18,5.84977880859375,0
2017,6,11,17,18,7.65576684570313,0
2017,6,11,17,18,9.46166479492187,0
2017,6,11,17,18,11.2674812011719,0
2017,6,11,17,18,13.0733271484375,0
2017,6,11,17,18,14.8790190429687,0
2017,6,11,17,18,16.6847629394531,0
2017,6,11,17,18,18.4906010742187,0
2017,6,11,17,18,20.2964711914063,0
2017,6,11,17,18,22.1022329101562,0
2017,6,11,17,18,23.9083500976562,0
2017,6,11,17,18,25.7142690429687,0
2017,6,11,17,18,27.5199709472656,0
2017,6,11,17,18,29.3257309570313,0
2017,6,11,17,18,31.1314138183594,0
2017,6,11,17,18,32.9373610839844,0
2017,6,11,17,18,34.7433269042969,0
2017,6,11,17,18,36.5492160644531,0
2017,6,11,17,18,38.3550668945312,0
2017,6,11,17,18,40.1610390625,0
2017,6,11,17,18,41.9667739257812,0
2017,6,11,17,18,43.7725278320313,0
2017,6,11,17,18,45.5785930175781,0
2017,6,11,17,18,47.3844851074219,0
2017,6,11,17,18,49.1903159179688,0
2017,6,11,17,18,50.9961291503906,0
2017,6,11,17,18,52.8018798828125,0
2017,6,11,17,18,54.6076208496094,0
2017,6,11,17,18,56.4135480957031,0
2017,6,11,17,18,58.2193488769531,0
2017,6,11,17,19,0.0252470703125,0
2017,6,11,17,19,1.83123999023438,0
2017,6,11,17,19,3.63715795898437,0
2017,6,11,17,19,5.443037109375,0
2017,6,11,17,19,7.2488759765625,0
2017,6,11,17,19,9.05459692382813,0
2017,6,11,17,19,10.8605129394531,0
2017,6,11,17,19,12.6663562011719,0
2017,6,11,17,19,14.4721770019531,0
2017,6,11,17,19,16.2779489746094,0
2017,6,11,17,19,18.0837609863281,0
2017,6,11,17,19,19.8897041015625,0
2017,6,11,17,19,21.6955920410156,0
2017,6,11,17,19,23.5015480957031,0
2017,6,11,17,19,25.3074509277344,0
2017,6,11,17,19,27.1133920898437,0
2017,6,11,17,19,28.9193178710937,0
2017,6,11,17,19,30.7249428710937,0
2017,6,11,17,19,32.5308288574219,0
2017,6,11,17,19,34.3365649414063,0
2017,6,11,17,19,36.1423640136719,0
2017,6,11,17,19,37.9480539550781,0
2017,6,11,17,19,39.7538500976562,0
2017,6,11,17,19,41.5598430175781,0
2017,6,11,17,19,43.3655400390625,0
2017,6,11,17,19,45.1712600097656,0
2017,6,11,17,19,46.9771608886719,0
2017,6,11,17,19,48.782998046875,0
2017,6,11,17,19,50.58891796875,0
2017,6,11,17,19,52.3946340332031,0
2017,6,11,17,19,54.2007109375,0
2017,6,11,17,19,56.0066208496094,0
2017,6,11,17,19,57.8124089355469,0
2017,6,11,17,19,59.6183200683594,0
2017,6,11,17,20,1.4242958984375,0
2017,6,11,17,20,3.230130859375,0
2017,6,11,17,20,5.0359111328125,0
2017,6,11,17,20,6.84172387695313,0
2017,6,11,17,20,8.64761596679688,0
2017,6,11,17,20,10.4534831542969,0
2017,6,11,17,20,12.2592622070313,0
2017,6,11,17,20,14.0652150878906,0
2017,6,11,17,20,15.8711159667969,0
2017,6,11,17,20,17.6769020996094,0
2017,6,11,17,20,19.482666015625,0
2017,6,11,17,20,21.2884890136719,0
2017,6,11,17,20,23.0944140625,0
2017,6,11,17,20,24.9002990722656,0
2017,6,11,17,20,26.7062719726562,0
2017,6,11,17,20,28.512078125,0
2017,6,11,17,20,30.3178168945313,0
2017,6,11,17,20,32.1235458984375,0
2017,6,11,17,20,33.9293439941406,0
2017,6,11,17,20,35.7350910644531,0
2017,6,11,17,20,37.5411611328125,0
2017,6,11,17,20,39.3468708496094,0
2017,6,11,17,20,41.1528530273438,0
2017,6,11,17,20,42.9586538085938,0
2017,6,11,17,20,44.7645759277344,0
2017,6,11,17,20,46.5704790039063,0
2017,6,11,17,20,48.376205078125,0
2017,6,11,17,20,50.1819738769531,0
2017,6,11,17,20,51.9878681640625,0
2017,6,11,17,20,53.7938408203125,0
2017,6,11,17,20,55.5998051757812,0
2017,6,11,17,20,57.4057590332031,0
2017,6,11,17,20,59.2116259765625,1
2017,6,11,17,21,1.01738696289062,1
2017,6,11,17,21,2.82311303710937,1
2017,6,11,17,21,4.62899584960937,1
2017,6,11,17,21,6.434791015625,1
2017,6,11,17,21,8.24072412109375,1
2017,6,11,17,21,10.0466440429687,1
2017,6,11,17,21,11.8526550292969,1
2017,6,11,17,21,13.6585668945312,1
2017,6,11,17,21,15.4643220214844,1
2017,6,11,17,21,17.2702580566406,1
2017,6,11,17,21,19.0761169433594,1
2017,6,11,17,21,20.8819831542969,1
2017,6,11,17,21,22.6877839355469,1
2017,6,11,17,21,24.4936379394531,1
2017,6,11,17,21,26.2995961914062,1
2017,6,11,17,21,28.1055600585937,1
2017,6,11,17,21,29.911251953125,1
2017,6,11,17,21,31.7169899902344,1
2017,6,11,17,21,33.5237980957031,1
2017,6,11,17,21,35.3296179199219,1
2017,6,11,17,21,37.1353869628906,1
2017,6,11,17,21,38.9412280273437,1
2017,6,11,17,21,40.7470729980469,1
2017,6,11,17,21,42.5528740234375,1
2017,6,11,17,21,44.3585168457031,1
2017,6,11,17,21,46.1643989257812,1
2017,6,11,17,21,47.97037109375,1
2017,6,11,17,21,49.7761220703125,1
2017,6,11,17,21,51.5820190429688,1
2017,6,11,17,21,53.3879819335937,1
2017,6,11,17,21,55.193837890625,1
2017,6,11,17,21,56.9995600585938,1
2017,6,11,17,21,58.8052849121094,1
2017,6,11,17,22,0.611176025390625,0
2017,6,11,17,22,2.4170771484375,0
2017,6,11,17,22,4.222966796875,0
2017,6,11,17,22,6.028955078125,0
2017,6,11,17,22,7.834748046875,0
2017,6,11,17,22,9.64059985351562,0
2017,6,11,17,22,11.4463950195313,0
2017,6,11,17,22,13.2522080078125,0
2017,6,11,17,22,15.0581528320313,0
2017,6,11,17,22,16.863955078125,0
2017,6,11,17,22,18.6699040527344,0
2017,6,11,17,22,20.4756960449219,0
2017,6,11,17,22,22.2814130859375,0
2017,6,11,17,22,24.0872231445313,0
2017,6,11,17,22,25.8930329589844,0
2017,6,11,17,22,27.6987268066406,0
2017,6,11,17,22,29.5045090332031,0
2017,6,11,17,22,31.3103178710938,0
2017,6,11,17,22,33.1160319824219,0
2017,6,11,17,22,34.9219201660156,0
2017,6,11,17,22,36.7278498535156,0
2017,6,11,17,22,38.533615234375,0
2017,6,11,17,22,40.3395949707031,0
2017,6,11,17,22,42.1455180664062,0
2017,6,11,17,22,43.9512788085937,0
2017,6,11,17,22,45.7572250976563,0
2017,6,11,17,22,47.5629899902344,0
2017,6,11,17,22,49.368794921875,0
2017,6,11,17,22,51.1756049804687,0
2017,6,11,17,22,52.9814260253906,0
2017,6,11,17,22,54.7873781738281,0
2017,6,11,17,22,56.5930649414062,0
2017,6,11,17,22,58.399046875,0
2017,6,11,17,23,0.204927001953125,0
2017,6,11,17,23,2.01063110351563,0
2017,6,11,17,23,3.81646606445312,0
2017,6,11,17,23,5.62217993164063,0
2017,6,11,17,23,7.4279521484375,0
2017,6,11,17,23,9.23374609375,0
2017,6,11,17,23,11.0396508789063,0
2017,6,11,17,23,12.8456860351563,0
2017,6,11,17,23,14.65154296875,0
2017,6,11,17,23,16.4573269042969,0
2017,6,11,17,23,18.2630268554687,0
2017,6,11,17,23,20.0688449707031,0
2017,6,11,17,23,21.8748090820312,0
2017,6,11,17,23,23.6806320800781,0
2017,6,11,17,23,25.4865798339844,0
2017,6,11,17,23,27.2924990234375,0
2017,6,11,17,23,29.0983049316406,0
2017,6,11,17,23,30.9042470703125,0
2017,6,11,17,23,32.7100161132812,0
2017,6,11,17,23,34.5159689941406,0
2017,6,11,17,23,36.3218930664062,0
2017,6,11,17,23,38.1282729492187,0
2017,6,11,17,23,39.93408984375,0
2017,6,11,17,23,41.7399780273438,0
2017,6,11,17,23,43.5460358886719,0
2017,6,11,17,23,45.3518569335938,0
2017,6,11,17,23,47.1578110351563,0
2017,6,11,17,23,48.9637438964844,0
2017,6,11,17,23,50.7696750488281,0
2017,6,11,17,23,52.5756379394531,0
2017,6,11,17,23,54.3814641113281,0
2017,6,11,17,23,56.1873081054688,0
2017,6,11,17,23,57.9932509765625,0
2017,6,11,17,23,59.7990241699219,0
2017,6,11,17,24,1.604958984375,0
2017,6,11,17,24,3.41069799804688,0
2017,6,11,17,24,5.2167529296875,0
2017,6,11,17,24,7.022671875,0
2017,6,11,17,24,8.828623046875,0
2017,6,11,17,24,10.6345939941406,0
2017,6,11,17,24,12.440333984375,0
2017,6,11,17,24,14.2460151367187,0
2017,6,11,17,24,16.0518439941406,0
2017,6,11,17,24,17.8575771484375,0
2017,6,11,17,24,19.6633798828125,0
2017,6,11,17,24,21.46916796875,0
2017,6,11,17,24,23.274919921875,0
2017,6,11,17,24,25.0808200683594,0
2017,6,11,17,24,26.8865261230469,0
2017,6,11,17,24,28.692501953125,0
2017,6,11,17,24,30.4983449707031,0
2017,6,11,17,24,32.3040900878906,0
2017,6,11,17,24,34.1099838867188,0
2017,6,11,17,24,35.9157021484375,0
2017,6,11,17,24,37.721626953125,0
2017,6,11,17,24,39.5275759277344,0
2017,6,11,17,24,41.3333481445313,0
2017,6,11,17,24,43.1392739257812,0
2017,6,11,17,24,44.9451079101563,0
2017,6,11,17,24,46.7508640136719,0
2017,6,11,17,24,48.5568481445313,0
2017,6,11,17,24,50.3627199707031,0
2017,6,11,17,24,52.1685729980469,0
2017,6,11,17,24,53.9743090820312,0
2017,6,11,17,24,55.7800109863281,0
2017,6,11,17,24,57.5858229980469,0
2017,6,11,17,24,59.3917861328125,0
2017,6,11,17,25,1.19786596679687,0
2017,6,11,17,25,3.00363110351562,0
2017,6,11,17,25,4.8094921875,0
2017,6,11,17,25,6.6154638671875,0
2017,6,11,17,25,8.42138696289062,0
2017,6,11,17,25,10.227169921875,0
2017,6,11,17,25,12.0328820800781,0
2017,6,11,17,25,13.8387299804688,0
2017,6,11,17,25,15.6444909667969,0
2017,6,11,17,25,17.4503049316406,0
2017,6,11,17,25,19.2561640625,0
2017,6,11,17,25,21.06208203125,0
2017,6,11,17,25,22.8678701171875,0
2017,6,11,17,25,24.6736398925781,0
2017,6,11,17,25,26.4794350585938,0
2017,6,11,17,25,28.2853879394531,0
2017,6,11,17,25,30.0913249511719,0
2017,6,11,17,25,31.8972399902344,0
2017,6,11,17,25,33.7029309082031,0
2017,6,11,17,25,35.5087668457031,0
2017,6,11,17,25,37.314701171875,0
2017,6,11,17,25,39.1206689453125,0
2017,6,11,17,25,40.926625,0
2017,6,11,17,25,42.7324230957031,0
2017,6,11,17,25,44.5381879882813,0
2017,6,11,17,25,46.3441538085938,0
2017,6,11,17,25,48.1499389648437,0
2017,6,11,17,25,49.9556469726562,0
2017,6,11,17,25,51.7615407714844,0
2017,6,11,17,25,53.5673020019531,0
2017,6,11,17,25,55.3732319335938,1
2017,6,11,17,25,57.1793388671875,1
2017,6,11,17,25,58.985078125,1
2017,6,11,17,26,0.7907919921875,1
2017,6,11,17,26,2.59651000976563,1
2017,6,11,17,26,4.40224609375,1
2017,6,11,17,26,6.20814404296875,1
2017,6,11,17,26,8.01865502929688,1
2017,6,11,17,26,9.82438305664063,1
2017,6,11,17,26,11.6321130371094,1
2017,6,11,17,26,13.4380791015625,1
2017,6,11,17,26,15.2438439941406,1
2017,6,11,17,26,17.0497551269531,1
2017,6,11,17,26,18.8554658203125,1
2017,6,11,17,26,20.6612839355469,1
2017,6,11,17,26,22.467205078125,1
2017,6,11,17,26,24.2730729980469,1
2017,6,11,17,26,26.0790368652344,1
2017,6,11,17,26,27.8848481445313,1
2017,6,11,17,26,29.6908171386719,0
2017,6,11,17,26,31.4967390136719,0
2017,6,11,17,26,33.3024699707031,0
2017,6,11,17,26,35.1083911132813,0
2017,6,11,17,26,36.9143449707031,0
2017,6,11,17,26,38.7201599121094,0
2017,6,11,17,26,40.5258859863281,0
2017,6,11,17,26,42.3316459960937,0
2017,6,11,17,26,44.137576171875,0
2017,6,11,17,26,45.9432749023438,0
2017,6,11,17,26,47.7490581054687,0
2017,6,11,17,26,49.5549250488281,0
2017,6,11,17,26,51.360958984375,0
2017,6,11,17,26,53.1669340820312,0
2017,6,11,17,26,54.9726950683594,0
2017,6,11,17,26,56.7784169921875,0
2017,6,11,17,26,58.5842531738281,0
2017,6,11,17,27,0.390223876953125,0
2017,6,11,17,27,2.19614111328125,0
2017,6,11,17,27,4.00206005859375,0
2017,6,11,17,27,5.80775,0
2017,6,11,17,27,7.6134619140625,0
2017,6,11,17,27,9.4191689453125,0
2017,6,11,17,27,11.2249060058594,0
2017,6,11,17,27,13.0306840820313,0
2017,6,11,17,27,14.8364770507812,0
2017,6,11,17,27,16.6421640625,0
2017,6,11,17,27,18.4478518066406,0
2017,6,11,17,27,20.2538400878906,0
2017,6,11,17,27,22.0597370605469,0
2017,6,11,17,27,23.8656040039062,0
2017,6,11,17,27,25.67162890625,0
2017,6,11,17,27,27.4774069824219,0
2017,6,11,17,27,29.2833828125,0
2017,6,11,17,27,31.0893439941406,0
2017,6,11,17,27,32.8953039550781,0
2017,6,11,17,27,34.7013901367188,0
2017,6,11,17,27,36.5069870605469,0
2017,6,11,17,27,38.3127319335938,0
2017,6,11,17,27,40.1185979003906,0
2017,6,11,17,27,41.9245490722656,0
2017,6,11,17,27,43.7303249511719,0
2017,6,11,17,27,45.5361110839844,0
2017,6,11,17,27,47.3418811035156,0
2017,6,11,17,27,49.147791015625,0
2017,6,11,17,27,50.9538159179687,0
2017,6,11,17,27,52.7596198730469,0
2017,6,11,17,27,54.5654750976562,0
2017,6,11,17,27,56.3712858886719,0
2017,6,11,17,27,58.1771188964844,0
2017,6,11,17,27,59.9828579101562,0
2017,6,11,17,28,1.78876000976563,0
2017,6,11,17,28,3.5946298828125,0
2017,6,11,17,28,5.40038110351562,0
2017,6,11,17,28,7.20609399414063,0
2017,6,11,17,28,9.01186889648437,0
2017,6,11,17,28,10.8178029785156,0
2017,6,11,17,28,12.6236359863281,0
2017,6,11,17,28,14.4293898925781,0
2017,6,11,17,28,16.2352170410156,0
2017,6,11,17,28,18.0411669921875,0
2017,6,11,17,28,19.8468759765625,0
2017,6,11,17,28,21.6527868652344,0
2017,6,11,17,28,23.4658840332031,0
2017,6,11,17,28,25.271591796875,0
2017,6,11,17,28,27.0774089355469,0
2017,6,11,17,28,28.883251953125,0
2017,6,11,17,28,30.6890119628906,0
2017,6,11,17,28,32.4949819335937,0
2017,6,11,17,28,34.3007041015625,0
2017,6,11,17,28,36.1066149902344,0
2017,6,11,17,28,37.9124379882812,0
2017,6,11,17,28,39.7181730957031,0
2017,6,11,17,28,41.5241079101563,0
2017,6,11,17,28,43.3298781738281,0
2017,6,11,17,28,45.1375178222656,0
2017,6,11,17,28,46.943255859375,0
2017,6,11,17,28,48.7491450195312,0
2017,6,11,17,28,50.5549069824219,0
2017,6,11,17,28,52.3608420410156,0
2017,6,11,17,28,54.1668229980469,0
2017,6,11,17,28,55.9733059082031,0
2017,6,11,17,28,57.7792160644531,0
2017,6,11,17,28,59.5849851074219,0
2017,6,11,17,29,1.39084008789063,0
2017,6,11,17,29,3.1965419921875,0
2017,6,11,17,29,5.00240576171875,0
2017,6,11,17,29,6.80836596679687,0
2017,6,11,17,29,8.61407080078125,0
2017,6,11,17,29,10.4198488769531,0
2017,6,11,17,29,12.2259350585938,0
2017,6,11,17,29,14.0316879882813,0
2017,6,11,17,29,15.8373908691406,0
2017,6,11,17,29,17.6432080078125,0
2017,6,11,17,29,19.4491379394531,0
2017,6,11,17,29,21.2548771972656,0
2017,6,11,17,29,23.0605710449219,0
2017,6,11,17,29,24.8665090332031,0
2017,6,11,17,29,26.6724938964844,0
2017,6,11,17,29,28.4781779785156,0
2017,6,11,17,29,30.2841589355469,0
2017,6,11,17,29,32.0899560546875,0
2017,6,11,17,29,33.8956640625,0
2017,6,11,17,29,35.7015959472656,0
2017,6,11,17,29,37.5075659179687,0
2017,6,11,17,29,39.3135290527344,0
2017,6,11,17,29,41.1192600097656,0
2017,6,11,17,29,42.9256130371094,0
2017,6,11,17,29,44.7311730957031,0
2017,6,11,17,29,46.537251953125,0
2017,6,11,17,29,48.3480649414062,0
2017,6,11,17,29,50.1537958984375,0
2017,6,11,17,29,51.959755859375,0
2017,6,11,17,29,53.7654450683594,0
2017,6,11,17,29,55.5711689453125,0
2017,6,11,17,29,57.3772038574219,0
2017,6,11,17,29,59.1830649414063,0
2017,6,11,17,30,0.988903076171875,0
2017,6,11,17,30,2.79477197265625,0
2017,6,11,17,30,4.60059008789062,0
2017,6,11,17,30,6.4065029296875,0
2017,6,11,17,30,8.21244409179688,0
2017,6,11,17,30,10.0181511230469,0
2017,6,11,17,30,11.8240148925781,0
2017,6,11,17,30,13.6299470214844,0
2017,6,11,17,30,15.4356401367187,0
2017,6,11,17,30,17.2415390625,0
2017,6,11,17,30,19.0476799316406,0
2017,6,11,17,30,20.8532978515625,0
2017,6,11,17,30,22.6590490722656,0
2017,6,11,17,30,24.4647778320312,0
2017,6,11,17,30,26.2705319824219,0
2017,6,11,17,30,28.0762390136719,0
2017,6,11,17,30,29.8821489257813,0
2017,6,11,17,30,31.6881520996094,0
2017,6,11,17,30,33.4938569335937,0
2017,6,11,17,30,35.2996918945313,0
2017,6,11,17,30,37.1055249023438,0
2017,6,11,17,30,38.91125,0
2017,6,11,17,30,40.7169458007812,0
2017,6,11,17,30,42.5227639160156,0
2017,6,11,17,30,44.328587890625,0
2017,6,11,17,30,46.1344040527344,0
2017,6,11,17,30,47.9403100585938,0
2017,6,11,17,30,49.7460788574219,0
2017,6,11,17,30,51.5518798828125,0
2017,6,11,17,30,53.3576240234375,0
2017,6,11,17,30,55.1635571289062,0
2017,6,11,17,30,56.9693620605469,0
2017,6,11,17,30,58.77516796875,0
2017,6,11,17,31,0.581074951171875,0
2017,6,11,17,31,2.38686108398438,0
2017,6,11,17,31,4.19268701171875,0
2017,6,11,17,31,5.99877905273437,0
2017,6,11,17,31,7.80448999023437,0
2017,6,11,17,31,9.61039501953125,0
2017,6,11,17,31,11.4161040039063,0
2017,6,11,17,31,13.2309790039062,0
2017,6,11,17,31,15.0366750488281,0
2017,6,11,17,31,16.8424328613281,0
2017,6,11,17,31,18.6482429199219,0
2017,6,11,17,31,20.4540390625,0
2017,6,11,17,31,22.294625,0
2017,6,11,17,31,24.0996489257812,0
2017,6,11,17,31,25.9054670410156,0
2017,6,11,17,31,27.7113029785156,0
2017,6,11,17,31,29.5171088867187,0
2017,6,11,17,31,31.3230200195312,0
2017,6,11,17,31,33.1289211425781,0
2017,6,11,17,31,34.9347390136719,0
2017,6,11,17,31,36.740626953125,0
2017,6,11,17,31,38.5464621582031,0
2017,6,11,17,31,40.3524001464844,0
2017,6,11,17,31,42.1582680664063,0
2017,6,11,17,31,43.9640200195312,0
2017,6,11,17,31,45.770125,0
2017,6,11,17,31,47.5761088867187,0
2017,6,11,17,31,49.3819990234375,0
2017,6,11,17,31,51.1877180175781,0
2017,6,11,17,31,52.9936120605469,0
2017,6,11,17,31,54.799328125,0
2017,6,11,17,31,56.6050539550781,0
2017,6,11,17,31,58.4108510742187,0
2017,6,11,17,32,0.21664990234375,0
2017,6,11,17,32,2.02259497070313,0
2017,6,11,17,32,3.82829296875,0
2017,6,11,17,32,5.634123046875,0
2017,6,11,17,32,7.4399619140625,0
2017,6,11,17,32,9.2458779296875,0
2017,6,11,17,32,11.0516181640625,0
2017,6,11,17,32,12.8573862304687,0
2017,6,11,17,32,14.6632221679687,0
2017,6,11,17,32,16.4689760742188,0
2017,6,11,17,32,18.2748151855469,0
2017,6,11,17,32,20.0806589355469,0
2017,6,11,17,32,21.8864389648438,0
2017,6,11,17,32,23.6922351074219,0
2017,6,11,17,32,25.498123046875,0
2017,6,11,17,32,27.3039528808594,0
2017,6,11,17,32,29.1098149414062,0
2017,6,11,17,32,30.91570703125,0
2017,6,11,17,32,32.721625,0
2017,6,11,17,32,34.5275080566406,0
2017,6,11,17,32,36.3333181152344,0
2017,6,11,17,32,38.13928515625,0
2017,6,11,17,32,39.9449829101562,0
2017,6,11,17,32,41.7507810058594,0
2017,6,11,17,32,43.5567429199219,0
2017,6,11,17,32,45.3627109375,0
2017,6,11,17,32,47.168505859375,0
2017,6,11,17,32,48.974376953125,0
2017,6,11,17,32,50.7801879882812,0
2017,6,11,17,32,52.5858918457031,0
2017,6,11,17,32,54.3918469238281,0
2017,6,11,17,32,56.1978229980469,0
2017,6,11,17,32,58.0105988769531,0
2017,6,11,17,32,59.81646484375,0
2017,6,11,17,33,1.62240283203125,0
2017,6,11,17,33,3.42811791992187,0
2017,6,11,17,33,5.234,0
2017,6,11,17,33,7.03996606445313,0
2017,6,11,17,33,8.84585913085938,0
2017,6,11,17,33,10.6516889648437,0
2017,6,11,17,33,12.4573181152344,0
2017,6,11,17,33,14.2630290527344,0
2017,6,11,17,33,16.0687209472656,0
2017,6,11,17,33,17.8745571289063,0
2017,6,11,17,33,19.6803869628906,0
2017,6,11,17,33,21.4860871582031,0
2017,6,11,17,33,23.2919069824219,0
2017,6,11,17,33,25.0977631835937,0
2017,6,11,17,33,26.903578125,0
2017,6,11,17,33,28.7094851074219,0
2017,6,11,17,33,30.5152038574219,0
2017,6,11,17,33,32.3210261230469,0
2017,6,11,17,33,34.1268688964844,0
2017,6,11,17,33,35.9327631835937,0
2017,6,11,17,33,37.7384938964844,0
2017,6,11,17,33,39.5443330078125,0
2017,6,11,17,33,41.3502800292969,0
2017,6,11,17,33,43.1560190429688,0
2017,6,11,17,33,44.9619929199219,0
2017,6,11,17,33,46.7677509765625,0
2017,6,11,17,33,48.5735070800781,0
2017,6,11,17,33,50.3793420410156,0
2017,6,11,17,33,52.1852419433594,0
2017,6,11,17,33,53.9911159667969,0
2017,6,11,17,33,55.7969528808594,0
2017,6,11,17,33,57.603041015625,0
2017,6,11,17,33,59.408798828125,0
2017,6,11,17,34,1.21472412109375,0
2017,6,11,17,34,3.02058203125,0
2017,6,11,17,34,4.82645703125,0
2017,6,11,17,34,6.63219409179688,0
2017,6,11,17,34,8.43807690429687,0
2017,6,11,17,34,10.2439401855469,0
2017,6,11,17,34,12.0497561035156,0
2017,6,11,17,34,13.8555119628906,0
2017,6,11,17,34,15.6613559570312,0
2017,6,11,17,34,17.4672309570313,0
2017,6,11,17,34,19.2729689941406,0
2017,6,11,17,34,21.0787939453125,0
2017,6,11,17,34,22.88458203125,0
2017,6,11,17,34,24.690576171875,0
2017,6,11,17,34,26.4963540039063,0
2017,6,11,17,34,28.3020749511719,0
2017,6,11,17,34,30.1078139648437,0
2017,6,11,17,34,31.9135310058594,0
2017,6,11,17,34,33.7193820800781,0
2017,6,11,17,34,35.5256281738281,0
2017,6,11,17,34,37.3309887695313,0
2017,6,11,17,34,39.1369130859375,0
2017,6,11,17,34,40.9426359863281,0
2017,6,11,17,34,42.7486040039063,0
2017,6,11,17,34,44.5543410644531,0
2017,6,11,17,34,46.3601931152344,0
2017,6,11,17,34,48.1678518066406,0
2017,6,11,17,34,49.9735341796875,0
2017,6,11,17,34,51.7793059082031,0
2017,6,11,17,34,53.5851750488281,0
2017,6,11,17,34,55.3909030761719,0
2017,6,11,17,34,57.1966569824219,0
2017,6,11,17,34,59.0024680175781,0
2017,6,11,17,35,0.808327880859375,0
2017,6,11,17,35,2.61420288085937,0
2017,6,11,17,35,4.42003881835937,0
2017,6,11,17,35,6.2259580078125,0
2017,6,11,17,35,8.03176489257812,0
2017,6,11,17,35,9.83760083007813,0
2017,6,11,17,35,11.64349609375,0
2017,6,11,17,35,13.4494289550781,0
2017,6,11,17,35,15.2553989257813,0
2017,6,11,17,35,17.0611528320313,0
2017,6,11,17,35,18.8671789550781,0
2017,6,11,17,35,20.6729108886719,0
2017,6,11,17,35,22.4787700195313,0
2017,6,11,17,35,24.2845629882813,0
2017,6,11,17,35,26.0904750976562,0
2017,6,11,17,35,27.8962058105469,0
2017,6,11,17,35,29.70212890625,0
2017,6,11,17,35,31.5080549316406,0
2017,6,11,17,35,33.31404296875,0
2017,6,11,17,35,35.1198249511719,0
2017,6,11,17,35,36.9255581054688,0
2017,6,11,17,35,38.7315458984375,0
2017,6,11,17,35,40.5375739746094,0
2017,6,11,17,35,42.3435070800781,0
2017,6,11,17,35,44.1493708496094,0
2017,6,11,17,35,45.95508203125,0
2017,6,11,17,35,47.7609040527344,0
2017,6,11,17,35,49.5667678222656,0
2017,6,11,17,35,51.3726831054688,0
2017,6,11,17,35,53.1786000976563,0
2017,6,11,17,35,54.9849938964844,0
2017,6,11,17,35,56.7907839355469,0
2017,6,11,17,35,58.5964829101562,0
2017,6,11,17,36,0.4024140625,0
2017,6,11,17,36,2.2082861328125,0
2017,6,11,17,36,4.01422900390625,0
2017,6,11,17,36,5.81997607421875,0
2017,6,11,17,36,7.62585498046875,0
2017,6,11,17,36,9.4315830078125,0
2017,6,11,17,36,11.2375349121094,0
2017,6,11,17,36,13.0434411621094,0
2017,6,11,17,36,14.849380859375,0
2017,6,11,17,36,16.6553630371094,0
2017,6,11,17,36,18.4613149414063,0
2017,6,11,17,36,20.2671879882813,0
2017,6,11,17,36,22.0729011230469,0
2017,6,11,17,36,23.8788259277344,0
2017,6,11,17,36,25.6847670898437,0
2017,6,11,17,36,27.4904660644531,0
2017,6,11,17,36,29.2962797851563,0
2017,6,11,17,36,31.1022351074219,0
2017,6,11,17,36,32.9085668945312,0
2017,6,11,17,36,34.7138928222656,0
2017,6,11,17,36,36.5196420898437,0
2017,6,11,17,36,38.3255830078125,0
2017,6,11,17,36,40.1314880371094,0
2017,6,11,17,36,41.9372680664062,0
2017,6,11,17,36,43.7430698242188,0
2017,6,11,17,36,45.5489790039062,0
2017,6,11,17,36,47.3548039550781,0
2017,6,11,17,36,49.1605908203125,0
2017,6,11,17,36,50.9665551757813,0
2017,6,11,17,36,52.7724558105469,0
2017,6,11,17,36,54.578255859375,0
2017,6,11,17,36,56.384037109375,0
2017,6,11,17,36,58.1918481445312,0
2017,6,11,17,36,59.9958449707031,0
2017,6,11,17,37,1.80164184570312,0
2017,6,11,17,37,3.60740209960937,0
2017,6,11,17,37,5.41317211914062,0
2017,6,11,17,37,7.2188798828125,0
2017,6,11,17,37,9.02480297851563,0
2017,6,11,17,37,10.8307648925781,0
2017,6,11,17,37,12.6366127929687,0
2017,6,11,17,37,14.4423449707031,0
2017,6,11,17,37,16.2480668945312,0
2017,6,11,17,37,18.0538698730469,0
2017,6,11,17,37,19.8596069335937,0
2017,6,11,17,37,21.6653371582031,0
2017,6,11,17,37,23.4712829589844,0
2017,6,11,17,37,25.277033203125,0
2017,6,11,17,37,27.0828569335937,0
2017,6,11,17,37,28.8887919921875,0
2017,6,11,17,37,30.6946079101563,0
2017,6,11,17,37,32.5003569335937,0
2017,6,11,17,37,34.3061162109375,0
2017,6,11,17,37,36.1118430175781,0
2017,6,11,17,37,37.9178310546875,0
2017,6,11,17,37,39.7235539550781,0
2017,6,11,17,37,41.5294509277344,0
2017,6,11,17,37,43.3352209472656,0
2017,6,11,17,37,45.1412238769531,0
2017,6,11,17,37,46.9470200195313,0
2017,6,11,17,37,48.7529931640625,0
2017,6,11,17,37,50.558708984375,0
2017,6,11,17,37,52.3646950683594,0
2017,6,11,17,37,54.1705678710938,0
2017,6,11,17,37,55.9763588867187,0
2017,6,11,17,37,57.7823679199219,0
2017,6,11,17,37,59.5882548828125,0
2017,6,11,17,38,1.3941240234375,0
2017,6,11,17,38,3.20010083007812,0
2017,6,11,17,38,5.00594995117187,0
2017,6,11,17,38,6.81188012695312,0
2017,6,11,17,38,8.6177060546875,0
2017,6,11,17,38,10.4235830078125,0
2017,6,11,17,38,12.229541015625,0
2017,6,11,17,38,14.0352580566406,0
2017,6,11,17,38,15.841001953125,0
2017,6,11,17,38,17.6469541015625,0
2017,6,11,17,38,19.4528041992188,0
2017,6,11,17,38,21.2586879882812,0
2017,6,11,17,38,23.0646391601563,0
2017,6,11,17,38,24.8704870605469,0
2017,6,11,17,38,26.6762158203125,0
2017,6,11,17,38,28.4821149902344,0
2017,6,11,17,38,30.2879208984375,0
2017,6,11,17,38,32.0938051757812,0
2017,6,11,17,38,33.8996848144531,0
2017,6,11,17,38,35.7055510253906,0
2017,6,11,17,38,37.5113271484375,0
2017,6,11,17,38,39.3172309570312,0
2017,6,11,17,38,41.1230659179688,0
2017,6,11,17,38,42.9288078613281,0
2017,6,11,17,38,44.7347529296875,0
2017,6,11,17,38,46.5406540527344,0
2017,6,11,17,38,48.3463908691406,0
2017,6,11,17,38,50.152375,0
2017,6,11,17,38,51.9583229980469,0
2017,6,11,17,38,53.7640849609375,0
2017,6,11,17,38,55.5743869628906,0
2017,6,11,17,38,57.3802790527344,0
2017,6,11,17,38,59.1859809570312,0
2017,6,11,17,39,0.991949951171875,0
2017,6,11,17,39,2.7976650390625,0
2017,6,11,17,39,4.6036259765625,0
2017,6,11,17,39,6.40956103515625,0
2017,6,11,17,39,8.21548291015625,0
2017,6,11,17,39,10.02133203125,0
2017,6,11,17,39,11.8273251953125,0
2017,6,11,17,39,13.6333488769531,0
2017,6,11,17,39,15.4390070800781,0
2017,6,11,17,39,17.2448449707031,0
2017,6,11,17,39,19.0505930175781,0
2017,6,11,17,39,20.8565720214844,0
2017,6,11,17,39,22.662458984375,0
2017,6,11,17,39,24.4682578125,0
2017,6,11,17,39,26.2741870117188,0
2017,6,11,17,39,28.0801770019531,0
2017,6,11,17,39,29.8859370117187,0
2017,6,11,17,39,31.6917687988281,0
2017,6,11,17,39,33.4974748535156,0
2017,6,11,17,39,35.3033991699219,0
2017,6,11,17,39,37.1091889648438,0
2017,6,11,17,39,38.9151000976562,0
2017,6,11,17,39,40.7210239257813,0
2017,6,11,17,39,42.5267309570312,0
2017,6,11,17,39,44.3327189941406,0
2017,6,11,17,39,46.138623046875,0
2017,6,11,17,39,47.9446469726563,0
2017,6,11,17,39,49.7505888671875,0
2017,6,11,17,39,51.5564260253906,0
2017,6,11,17,39,53.362169921875,0
2017,6,11,17,39,55.1680751953125,0
2017,6,11,17,39,56.9739748535156,0
2017,6,11,17,39,58.7798239746094,0
2017,6,11,17,40,0.58568896484375,0
2017,6,11,17,40,2.391546875,0
2017,6,11,17,40,4.19740014648437,0
2017,6,11,17,40,6.0032041015625,0
2017,6,11,17,40,7.80892407226562,0
2017,6,11,17,40,9.61500903320312,0
2017,6,11,17,40,11.4206860351562,0
2017,6,11,17,40,13.226419921875,0
2017,6,11,17,40,15.0322028808594,0
2017,6,11,17,40,16.8380078125,0
2017,6,11,17,40,18.6437270507813,0
2017,6,11,17,40,20.4562658691406,0
2017,6,11,17,40,22.2620830078125,0
2017,6,11,17,40,24.0679790039062,0
2017,6,11,17,40,25.8738010253906,0
2017,6,11,17,40,27.6794929199219,0
2017,6,11,17,40,29.4853352050781,0
2017,6,11,17,40,31.2909819335937,0
2017,6,11,17,40,33.0968830566406,0
2017,6,11,17,40,34.902755859375,0
2017,6,11,17,40,36.7086350097656,0
2017,6,11,17,40,38.5144340820313,0
2017,6,11,17,40,40.3201479492188,0
2017,6,11,17,40,42.1259001464844,0
2017,6,11,17,40,43.9317788085937,0
2017,6,11,17,40,45.7376130371094,0
2017,6,11,17,40,47.5433259277344,0
2017,6,11,17,40,49.3491608886719,0
2017,6,11,17,40,51.1549931640625,0
2017,6,11,17,40,52.9607709960937,0
2017,6,11,17,40,54.7665600585937,0
2017,6,11,17,40,56.5725009765625,0
2017,6,11,17,40,58.3784438476562,0
2017,6,11,17,41,0.184169921875,0
2017,6,11,17,41,1.98998510742187,0
2017,6,11,17,41,3.79639599609375,0
2017,6,11,17,41,5.60195483398437,0
2017,6,11,17,41,7.407666015625,0
2017,6,11,17,41,9.21336376953125,0
2017,6,11,17,41,11.0193620605469,0
2017,6,11,17,41,12.8252971191406,0
2017,6,11,17,41,14.6312619628906,0
2017,6,11,17,41,16.4372890625,0
2017,6,11,17,41,18.2431979980469,0
2017,6,11,17,41,20.0491459960937,0
2017,6,11,17,41,21.8550419921875,0
2017,6,11,17,41,23.6609409179688,0
2017,6,11,17,41,25.4671259765625,0
2017,6,11,17,41,27.2730219726562,0
2017,6,11,17,41,29.0789709472656,0
2017,6,11,17,41,30.8847980957031,0
2017,6,11,17,41,32.6907199707031,0
2017,6,11,17,41,34.496583984375,0
2017,6,11,17,41,36.3025251464844,0
2017,6,11,17,41,38.108294921875,0
2017,6,11,17,41,39.9141071777344,0
2017,6,11,17,41,41.7198190917969,0
2017,6,11,17,41,43.5257570800781,0
2017,6,11,17,41,45.3387690429687,0
2017,6,11,17,41,47.1446408691406,0
2017,6,11,17,41,48.9506220703125,0
2017,6,11,17,41,50.7564111328125,0
2017,6,11,17,41,52.5622370605469,0
2017,6,11,17,41,54.3682758789063,0
2017,6,11,17,41,56.1742729492187,0
2017,6,11,17,41,57.9799689941406,0
2017,6,11,17,41,59.7859038085938,0
2017,6,11,17,42,1.59177001953125,0
2017,6,11,17,42,3.397833984375,0
2017,6,11,17,42,5.20364819335938,0
2017,6,11,17,42,7.00959985351562,0
2017,6,11,17,42,8.81555102539063,0
2017,6,11,17,42,10.6212819824219,0
2017,6,11,17,42,12.4270681152344,0
2017,6,11,17,42,14.2327639160156,0
2017,6,11,17,42,16.0386650390625,0
2017,6,11,17,42,17.8444467773438,0
2017,6,11,17,42,19.6503388671875,0
2017,6,11,17,42,21.4563220214844,0
2017,6,11,17,42,23.2620891113281,0
2017,6,11,17,42,25.0681291503906,0
2017,6,11,17,42,26.8740151367188,0
2017,6,11,17,42,28.6799050292969,0
2017,6,11,17,42,30.4856550292969,0
2017,6,11,17,42,32.2913520507812,0
2017,6,11,17,42,34.097083984375,0
2017,6,11,17,42,35.9029360351563,0
2017,6,11,17,42,37.7090700683594,0
2017,6,11,17,42,39.5146389160156,0
2017,6,11,17,42,41.3204340820312,0
2017,6,11,17,42,43.1261350097656,0
2017,6,11,17,42,44.9318530273437,0
2017,6,11,17,42,46.7375639648438,0
2017,6,11,17,42,48.5433129882813,0
2017,6,11,17,42,50.3491420898438,0
2017,6,11,17,42,52.1551169433594,0
2017,6,11,17,42,53.9610769042969,0
2017,6,11,17,42,55.7667780761719,0
2017,6,11,17,42,57.572505859375,0
2017,6,11,17,42,59.3784909667969,0
2017,6,11,17,43,1.18419506835937,0
2017,6,11,17,43,2.989998046875,0
2017,6,11,17,43,4.7959951171875,0
2017,6,11,17,43,6.60168994140625,0
2017,6,11,17,43,8.40765087890625,0
2017,6,11,17,43,10.220623046875,0
2017,6,11,17,43,12.0264599609375,0
2017,6,11,17,43,13.8323928222656,0
2017,6,11,17,43,15.638212890625,0
2017,6,11,17,43,17.4439221191406,0
2017,6,11,17,43,19.2497409667969,0
2017,6,11,17,43,21.0555041503906,0
2017,6,11,17,43,22.8614831542969,0
2017,6,11,17,43,24.6673811035156,0
2017,6,11,17,43,26.4733068847656,0
2017,6,11,17,43,28.2791530761719,0
2017,6,11,17,43,30.0850629882813,0
2017,6,11,17,43,31.8910051269531,0
2017,6,11,17,43,33.6967739257813,0
2017,6,11,17,43,35.5025061035156,0
2017,6,11,17,43,37.3084970703125,0
2017,6,11,17,43,39.1144609375,0
2017,6,11,17,43,40.9205310058594,0
2017,6,11,17,43,42.7262800292969,0
2017,6,11,17,43,44.532130859375,0
2017,6,11,17,43,46.3380261230469,0
2017,6,11,17,43,48.1438430175781,0
2017,6,11,17,43,49.9497731933594,0
2017,6,11,17,43,51.7555908203125,0
2017,6,11,17,43,53.5613530273437,0
2017,6,11,17,43,55.3672358398438,0
2017,6,11,17,43,57.1733000488281,0
2017,6,11,17,43,58.9792839355469,0
2017,6,11,17,44,0.785177001953125,0
2017,6,11,17,44,2.59089599609375,0
2017,6,11,17,44,4.39689208984375,0
2017,6,11,17,44,6.2028720703125,0
2017,6,11,17,44,8.01130297851562,0
2017,6,11,17,44,9.81705493164062,0
2017,6,11,18,1,20.2697419433594,0
2017,6,11,18,1,22.0755651855469,0
2017,6,11,18,1,23.8815151367188,0
2017,6,11,18,1,25.6873620605469,0
2017,6,11,18,1,27.4931298828125,0
2017,6,11,18,1,29.2989521484375,0
2017,6,11,18,1,31.1048837890625,0
2017,6,11,18,1,32.9107250976562,0
2017,6,11,18,1,34.7165278320312,0
2017,6,11,18,1,36.5225100097656,0
2017,6,11,18,1,38.3284240722656,0
2017,6,11,18,1,40.1343579101562,0
2017,6,11,18,1,41.9402150878906,0
2017,6,11,18,1,43.7459609375,0
2017,6,11,18,1,45.551783203125,0
2017,6,11,18,1,47.3577580566406,0
2017,6,11,18,1,49.163701171875,0
2017,6,11,18,1,50.96966015625,1
2017,6,11,18,1,52.7755981445313,1
2017,6,11,18,1,54.5814321289063,1
2017,6,11,18,1,56.3873059082031,1
2017,6,11,18,1,58.1933000488281,1
2017,6,11,18,1,59.9993620605469,1
2017,6,11,18,2,1.80532104492187,1
2017,6,11,18,2,3.61109985351563,1
2017,6,11,18,2,5.41699291992188,1
2017,6,11,18,2,7.22299096679687,1
2017,6,11,18,2,9.02892504882812,1
2017,6,11,18,2,10.8348239746094,1
2017,6,11,18,2,12.6407270507812,1
2017,6,11,18,2,14.446626953125,1
2017,6,11,18,2,16.2526330566406,1
2017,6,11,18,2,18.0584360351563,1
2017,6,11,18,2,19.8644357910156,1
2017,6,11,18,2,21.6704350585937,1
2017,6,11,18,2,23.4764357910156,1
2017,6,11,18,2,25.2822211914063,1
2017,6,11,18,2,27.088130859375,1
2017,6,11,18,2,28.8940139160156,2
2017,6,11,18,2,30.6999609375,2
2017,6,11,18,2,32.5056628417969,2
2017,6,11,18,2,34.3115590820313,2
2017,6,11,18,2,36.1174479980469,2
2017,6,11,18,2,37.9232170410156,2
2017,6,11,18,2,39.7292189941406,2
2017,6,11,18,2,41.5350759277344,2
2017,6,11,18,2,43.3409641113281,2
2017,6,11,18,2,45.1467600097656,2
2017,6,11,18,2,46.9524609375,2
2017,6,11,18,2,48.7583129882812,2
2017,6,11,18,2,50.5642280273438,2
2017,6,11,18,2,52.3701389160156,2
2017,6,11,18,2,54.1759650878906,2
2017,6,11,18,2,55.9817878417969,2
2017,6,11,18,2,57.7876899414062,2
2017,6,11,18,2,59.5934379882813,2
2017,6,11,18,3,1.39935815429687,2
2017,6,11,18,3,3.2051669921875,2
2017,6,11,18,3,5.0109638671875,2
2017,6,11,18,3,6.81674194335938,2
2017,6,11,18,3,8.62269506835938,2
2017,6,11,18,3,10.4285319824219,2
2017,6,11,18,3,12.2343249511719,2
2017,6,11,18,3,14.0401279296875,2
2017,6,11,18,3,15.8459011230469,2
2017,6,11,18,3,17.6518107910156,2
2017,6,11,18,3,19.4576379394531,2
2017,6,11,18,3,21.26350390625,2
2017,6,11,18,3,23.0693400878906,2
2017,6,11,18,3,24.8752648925781,2
2017,6,11,18,3,26.681171875,2
2017,6,11,18,3,28.4869370117188,2
2017,6,11,18,3,30.2929079589844,2
2017,6,11,18,3,32.0987570800781,2
2017,6,11,18,3,33.904623046875,2
2017,6,11,18,3,35.7105969238281,2
2017,6,11,18,3,37.5165090332031,2
2017,6,11,18,3,39.3238129882812,2
2017,6,11,18,3,41.1295439453125,2
2017,6,11,18,3,42.9354169921875,2
2017,6,11,18,3,44.7413571777344,2
2017,6,11,18,3,46.5470520019531,2
2017,6,11,18,3,48.3529250488281,2
2017,6,11,18,3,50.1588471679688,2
2017,6,11,18,3,51.9648029785156,2
2017,6,11,18,3,53.7705380859375,2
2017,6,11,18,3,55.5763271484375,2
2017,6,11,18,3,57.3821469726563,2
2017,6,11,18,3,59.1880710449219,2
2017,6,11,18,4,0.994036865234375,2
2017,6,11,18,4,2.79983715820312,2
2017,6,11,18,4,4.60563403320312,1
2017,6,11,18,4,6.41142602539063,1
2017,6,11,18,4,8.21714208984375,0
2017,6,11,18,4,10.0230561523438,0
2017,6,11,18,4,11.8289069824219,0
2017,6,11,18,4,13.6348400878906,0
2017,6,11,18,4,15.4407770996094,0
2017,6,11,18,4,17.2465739746094,0
2017,6,11,18,4,19.0526088867188,0
2017,6,11,18,4,20.8584931640625,0
2017,6,11,18,4,22.6643449707031,0
2017,6,11,18,4,24.4702080078125,0
2017,6,11,18,4,26.2759440917969,0
2017,6,11,18,4,28.0816530761719,0
2017,6,11,18,4,29.8875251464844,0
2017,6,11,18,4,31.6934641113281,0
2017,6,11,18,4,33.499373046875,0
2017,6,11,18,4,35.3052170410156,0
2017,6,11,18,4,37.1110510253906,0
2017,6,11,18,4,38.9168430175781,0
2017,6,11,18,4,40.7228090820312,0
2017,6,11,18,4,42.5286379394531,0
2017,6,11,18,4,44.3344809570313,0
2017,6,11,18,4,46.1403168945313,0
2017,6,11,18,4,47.9460869140625,0
2017,6,11,18,4,49.7518120117187,0
2017,6,11,18,4,51.5575480957031,0
2017,6,11,18,4,53.3634860839844,0
2017,6,11,18,4,55.1692250976563,0
2017,6,11,18,4,56.9749501953125,0
2017,6,11,18,4,58.7808310546875,0
2017,6,11,18,5,0.586698974609375,0
2017,6,11,18,5,2.39447509765625,0
2017,6,11,18,5,4.20020092773438,0
2017,6,11,18,5,6.00599291992187,0
2017,6,11,18,5,7.81192504882813,0
2017,6,11,18,5,9.61781689453125,0
2017,6,11,18,5,11.4236579589844,0
2017,6,11,18,5,13.2294631347656,0
2017,6,11,18,5,15.0354360351563,0
2017,6,11,18,5,16.8412458496094,0
2017,6,11,18,5,18.6470720214844,0
2017,6,11,18,5,20.4527941894531,0
2017,6,11,18,5,22.2586650390625,0
2017,6,11,18,5,24.0644799804688,0
2017,6,11,18,5,25.8703420410156,0
2017,6,11,18,5,27.6760671386719,0
2017,6,11,18,5,29.4818640136719,0
2017,6,11,18,5,31.2877768554687,0
2017,6,11,18,5,33.0939360351562,0
2017,6,11,18,5,34.8995559082031,0
2017,6,11,18,5,36.7054140625,0
2017,6,11,18,5,38.5113930664062,0
2017,6,11,18,5,40.3172490234375,0
2017,6,11,18,5,42.1231159667969,0
2017,6,11,18,5,43.9291040039062,0
2017,6,11,18,5,45.7350090332031,0
2017,6,11,18,5,47.5409470214844,0
2017,6,11,18,5,49.3467541503906,0
2017,6,11,18,5,51.1527380371094,0
2017,6,11,18,5,52.9586350097656,0
2017,6,11,18,5,54.7644670410156,0
2017,6,11,18,5,56.5702829589844,0
2017,6,11,18,5,58.3760209960938,0
2017,6,11,18,6,0.18186083984375,0
2017,6,11,18,6,1.98778198242187,0
2017,6,11,18,6,3.79361791992187,0
2017,6,11,18,6,5.59953686523438,0
2017,6,11,18,6,7.40540405273437,0
2017,6,11,18,6,9.21130493164062,0
2017,6,11,18,6,11.0170700683594,0
2017,6,11,18,6,12.8228811035156,0
2017,6,11,18,6,14.6287299804687,0
2017,6,11,18,6,16.4344560546875,0
2017,6,11,18,6,18.2402199707031,0
2017,6,11,18,6,20.0459641113281,0
2017,6,11,18,6,21.8516809082031,0
2017,6,11,18,6,23.6576340332031,0
2017,6,11,18,6,25.4635520019531,0
2017,6,11,18,6,27.2765310058594,0
2017,6,11,18,6,29.0822890625,0
2017,6,11,18,6,30.888087890625,0
2017,6,11,18,6,32.6939658203125,0
2017,6,11,18,6,34.4998540039063,0
2017,6,11,18,6,36.3057790527344,0
2017,6,11,18,6,38.1117180175781,0
2017,6,11,18,6,39.9175578613281,0
2017,6,11,18,6,41.7235229492187,0
2017,6,11,18,6,43.5293049316406,0
2017,6,11,18,6,45.3352770996094,0
2017,6,11,18,6,47.1411728515625,0
2017,6,11,18,6,48.9471098632812,0
2017,6,11,18,6,50.7528969726563,0
2017,6,11,18,6,52.5588830566406,0
2017,6,11,18,6,54.364833984375,0
2017,6,11,18,6,56.1707719726562,0
2017,6,11,18,6,57.9765861816406,0
2017,6,11,18,6,59.7825209960938,0
2017,6,11,18,7,1.58838891601563,0
2017,6,11,18,7,3.39437377929687,0
2017,6,11,18,7,5.20010888671875,0
2017,6,11,18,7,7.00626000976562,0
2017,6,11,18,7,8.811912109375,0
2017,6,11,18,7,10.6178779296875,0
2017,6,11,18,7,12.4236540527344,0
2017,6,11,18,7,14.2294619140625,0
2017,6,11,18,7,16.0352919921875,0
2017,6,11,18,7,17.8410771484375,0
2017,6,11,18,7,19.6469331054688,0
2017,6,11,18,7,21.4526391601562,0
2017,6,11,18,7,23.258583984375,0
2017,6,11,18,7,25.0643288574219,0
2017,6,11,18,7,26.8700490722656,0
2017,6,11,18,7,28.6759050292969,0
2017,6,11,18,7,30.4818088378906,0
2017,6,11,18,7,32.2875419921875,0
2017,6,11,18,7,34.0933088378906,0
2017,6,11,18,7,35.8992529296875,0
2017,6,11,18,7,37.7050739746094,0
2017,6,11,18,7,39.5109660644531,0
2017,6,11,18,7,41.3170300292969,0
2017,6,11,18,7,43.1228361816406,0
2017,6,11,18,7,44.9288298339844,0
2017,6,11,18,7,46.7345559082031,0
2017,6,11,18,7,48.5403188476563,0
2017,6,11,18,7,50.3461430664062,0
2017,6,11,18,7,52.1518549804687,0
2017,6,11,18,7,53.9577971191406,0
2017,6,11,18,7,55.7635888671875,0
2017,6,11,18,7,57.5693181152344,0
2017,6,11,18,7,59.3752189941406,0
2017,6,11,18,8,1.181212890625,0
2017,6,11,18,8,2.98710693359375,0
2017,6,11,18,8,4.79290283203125,0
2017,6,11,18,8,6.59860791015625,0
2017,6,11,18,8,8.40459399414062,0
2017,6,11,18,8,10.2104899902344,0
2017,6,11,18,8,12.0163569335937,0
2017,6,11,18,8,13.822330078125,0
2017,6,11,18,8,15.6282939453125,0
2017,6,11,18,8,17.4340979003906,0
2017,6,11,18,8,19.2399270019531,0
2017,6,11,18,8,21.0462490234375,0
2017,6,11,18,8,22.8521020507813,0
2017,6,11,18,8,24.6580969238281,0
2017,6,11,18,8,26.46387109375,0
2017,6,11,18,8,28.26979296875,0
2017,6,11,18,8,30.0757990722656,0
2017,6,11,18,8,31.8817319335937,0
2017,6,11,18,8,33.6876450195313,0
2017,6,11,18,8,35.4935200195313,0
2017,6,11,18,8,37.2993010253906,0
2017,6,11,18,8,39.1052199707031,0
2017,6,11,18,8,40.9111689453125,0
2017,6,11,18,8,42.7170769042969,0
2017,6,11,18,8,44.5228229980469,0
2017,6,11,18,8,46.3304379882812,0
2017,6,11,18,8,48.1344509277344,0
2017,6,11,18,8,49.9404521484375,0
2017,6,11,18,8,51.7500151367188,0
2017,6,11,18,8,53.5559260253906,0
2017,6,11,18,8,55.3618801269531,0
2017,6,11,18,8,57.167869140625,0
2017,6,11,18,8,58.9738330078125,0
2017,6,11,18,9,0.7797041015625,0
2017,6,11,18,9,2.5855400390625,0
2017,6,11,18,9,4.39153784179688,0
2017,6,11,18,9,6.19743994140625,0
2017,6,11,18,9,8.00315698242187,0
2017,6,11,18,9,9.8090078125,0
2017,6,11,18,9,11.6147619628906,0
2017,6,11,18,9,13.4206149902344,0
2017,6,11,18,9,15.2265539550781,0
2017,6,11,18,9,17.0325329589844,0
2017,6,11,18,9,18.838330078125,0
2017,6,11,18,9,20.6442729492187,0
2017,6,11,18,9,22.4502280273438,0
2017,6,11,18,9,24.2561081542969,0
2017,6,11,18,9,26.0619909667969,0
2017,6,11,18,9,27.8677939453125,0
2017,6,11,18,9,29.6736669921875,0
2017,6,11,18,9,31.4797770996094,0
2017,6,11,18,9,33.2855888671875,0
2017,6,11,18,9,35.0914560546875,0
2017,6,11,18,9,36.8974450683594,0
2017,6,11,18,9,38.7032670898437,0
2017,6,11,18,9,40.5091059570313,0
2017,6,11,18,9,42.3148439941406,0
2017,6,11,18,9,44.1207819824219,0
2017,6,11,18,9,45.9265891113281,0
2017,6,11,18,9,47.7325590820313,0
2017,6,11,18,9,49.5385510253906,0
2017,6,11,18,9,51.3442958984375,0
2017,6,11,18,9,53.1500949707031,0
2017,6,11,18,9,54.95595703125,0
2017,6,11,18,9,56.7616689453125,0
2017,6,11,18,9,58.5674428710938,0
2017,6,11,18,10,0.37331103515625,0
2017,6,11,18,10,2.17926416015625,0
2017,6,11,18,10,3.98517211914062,0
2017,6,11,18,10,5.79111791992188,0
2017,6,11,18,10,7.59686206054687,0
2017,6,11,18,10,9.40259106445312,0
2017,6,11,18,10,11.2085012207031,0
2017,6,11,18,10,13.0181159667969,0
2017,6,11,18,10,14.8240300292969,0
2017,6,11,18,10,16.6322209472656,0
2017,6,11,18,10,18.4381689453125,0
2017,6,11,18,10,20.2439489746094,0
2017,6,11,18,10,22.0498181152344,0
2017,6,11,18,10,23.8555200195313,0
2017,6,11,18,10,25.6614328613281,0
2017,6,11,18,10,27.467291015625,0
2017,6,11,18,10,29.2729951171875,0
2017,6,11,18,10,31.0788969726562,0
2017,6,11,18,10,32.8848701171875,0
2017,6,11,18,10,34.6906508789062,0
2017,6,11,18,10,36.4966271972656,0
2017,6,11,18,10,38.3024089355469,0
2017,6,11,18,10,40.1082580566406,0
2017,6,11,18,10,41.9141481933594,0
2017,6,11,18,10,43.7199230957031,0
2017,6,11,18,10,45.5257729492187,0
2017,6,11,18,10,47.3316398925781,0
2017,6,11,18,10,49.1373469238281,0
2017,6,11,18,10,50.9434689941406,0
2017,6,11,18,10,52.7493049316406,0
2017,6,11,18,10,54.5553049316406,0
2017,6,11,18,10,56.3610620117188,0
2017,6,11,18,10,58.1667880859375,0
2017,6,11,18,10,59.9726049804688,0
2017,6,11,18,11,1.7785830078125,0
2017,6,11,18,11,3.58430419921875,0
2017,6,11,18,11,5.39008081054688,0
2017,6,11,18,11,7.19585620117187,0
2017,6,11,18,11,9.0016748046875,0
2017,6,11,18,11,10.8074880371094,0
2017,6,11,18,11,12.6132358398437,0
2017,6,11,18,11,14.4189401855469,0
2017,6,11,18,11,16.2249379882813,0
2017,6,11,18,11,18.0308178710937,0
2017,6,11,18,11,19.8367368164063,0
2017,6,11,18,11,21.6424838867188,0
2017,6,11,18,11,23.4484780273438,0
2017,6,11,18,11,25.2545959472656,0
2017,6,11,18,11,27.0604689941406,0
2017,6,11,18,11,28.8664580078125,0
2017,6,11,18,11,30.6724499511719,0
2017,6,11,18,11,32.478380859375,0
2017,6,11,18,11,34.2883059082031,0
2017,6,11,18,11,36.090203125,0
2017,6,11,18,11,37.8959318847656,0
2017,6,11,18,11,39.7016899414063,0
2017,6,11,18,11,41.5076821289062,0
2017,6,11,18,11,43.313498046875,0
2017,6,11,18,11,45.1192551269531,0
2017,6,11,18,11,46.9252280273437,0
2017,6,11,18,11,48.7310842285156,0
2017,6,11,18,11,50.5369870605469,0
2017,6,11,18,11,52.3429128417969,0
2017,6,11,18,11,54.1488881835937,0
2017,6,11,18,11,55.9550710449219,0
2017,6,11,18,11,57.7608408203125,0
2017,6,11,18,11,59.5666279296875,0
2017,6,11,18,12,1.3724140625,0
2017,6,11,18,12,3.17828198242188,0
2017,6,11,18,12,4.98411889648438,0
2017,6,11,18,12,6.789923828125,0
2017,6,11,18,12,8.59594116210937,0
2017,6,11,18,12,10.4018459472656,0
2017,6,11,18,12,12.207625,0
2017,6,11,18,12,14.0135678710938,0
2017,6,11,18,12,15.8192729492187,0
2017,6,11,18,12,17.6253369140625,0
2017,6,11,18,12,19.4310310058594,0
2017,6,11,18,12,21.2369909667969,0
2017,6,11,18,12,23.0428530273437,0
2017,6,11,18,12,24.8488239746094,0
2017,6,11,18,12,26.6550109863281,0
2017,6,11,18,12,28.4605969238281,0
2017,6,11,18,12,30.2664799804687,0
2017,6,11,18,12,32.07224609375,0
2017,6,11,18,12,33.8781560058594,0
2017,6,11,18,12,35.6838911132812,0
2017,6,11,18,12,37.4897160644531,0
2017,6,11,18,12,39.2957612304687,0
2017,6,11,18,12,41.1016040039063,0
2017,6,11,18,12,42.9075278320312,0
2017,6,11,18,20,4.072951171875,0
2017,6,11,18,20,5.87886083984375,0
2017,6,11,18,20,7.6847470703125,0
2017,6,11,18,20,9.49045703125,0
2017,6,11,18,20,11.2963271484375,0
2017,6,11,18,20,13.1024521484375,0
2017,6,11,18,20,14.9081818847656,0
2017,6,11,18,20,16.714041015625,0
2017,6,11,18,20,18.5200090332031,0
2017,6,11,18,20,20.32591015625,0
2017,6,11,18,20,22.1316818847656,0
2017,6,11,18,20,23.9374831542969,0
2017,6,11,18,20,25.7433540039063,0
2017,6,11,18,20,27.5492790527344,0
2017,6,11,18,20,29.3551789550781,0
2017,6,11,18,20,31.1610920410156,0
2017,6,11,18,20,32.9668901367188,0
2017,6,11,18,20,34.7727170410156,0
2017,6,11,18,20,36.5784658203125,0
2017,6,11,18,20,38.3844389648438,0
2017,6,11,18,20,40.1901879882813,0
2017,6,11,18,20,41.9960620117187,0
2017,6,11,18,20,43.801873046875,0
2017,6,11,18,20,45.6076479492188,0
2017,6,11,18,20,47.4134440917969,0
2017,6,11,18,20,49.2194279785156,0
2017,6,11,18,20,51.02525390625,0
2017,6,11,18,20,52.8311801757812,0
2017,6,11,18,20,54.6371811523438,0
2017,6,11,18,20,56.4429299316406,0
2017,6,11,18,20,58.2488588867188,0
2017,6,11,18,21,0.054822998046875,0
2017,6,11,18,21,1.86059692382813,0
2017,6,11,18,21,3.66638305664063,0
2017,6,11,18,21,5.47220385742188,0
2017,6,11,18,21,7.27811694335938,0
2017,6,11,18,21,9.0843388671875,0
2017,6,11,18,21,10.8903420410156,0
2017,6,11,18,21,12.6961201171875,0
2017,6,11,18,21,14.5018972167969,0
2017,6,11,18,21,16.3078452148437,0
2017,6,11,18,21,18.1139660644531,0
2017,6,11,18,21,19.9198388671875,0
2017,6,11,18,21,21.7257380371094,0
2017,6,11,18,21,23.5316411132812,0
2017,6,11,18,21,25.3375270996094,0
2017,6,11,18,21,27.1435290527344,0
2017,6,11,18,21,28.9492648925781,0
2017,6,11,18,21,30.7550261230469,0
2017,6,11,18,21,32.5609680175781,0
2017,6,11,18,21,34.3668078613281,0
2017,6,11,18,21,36.1726328125,0
2017,6,11,18,21,37.978490234375,0
2017,6,11,18,21,39.7843771972656,0
2017,6,11,18,21,41.5900720214844,0
2017,6,11,18,21,43.3960029296875,0
2017,6,11,18,21,45.20174609375,0
2017,6,11,18,21,47.0074770507812,0
2017,6,11,18,21,48.8133220214844,0
2017,6,11,18,21,50.6190219726562,0
2017,6,11,18,21,52.4248408203125,0
2017,6,11,18,21,54.2304958496094,0
2017,6,11,18,21,56.0363029785156,0
2017,6,11,18,21,57.8420451660156,0
2017,6,11,18,21,59.6480141601563,0
2017,6,11,18,22,1.45399682617187,0
2017,6,11,18,22,3.259994140625,0
2017,6,11,18,22,5.06585107421875,0
2017,6,11,18,22,6.87165698242188,0
2017,6,11,18,22,8.67761791992188,0
2017,6,11,18,22,10.483580078125,0
2017,6,11,18,22,12.2893190917969,0
2017,6,11,18,22,14.0953969726562,0
2017,6,11,18,22,15.9010678710937,0
2017,6,11,18,22,17.7067749023437,0
2017,6,11,18,22,19.5126628417969,0
2017,6,11,18,22,21.3185251464844,0
2017,6,11,18,22,23.1242312011719,0
2017,6,11,18,22,24.9301818847656,0
2017,6,11,18,22,26.7361870117188,0
2017,6,11,18,22,28.5418979492188,0
2017,6,11,18,22,30.3478510742187,0
2017,6,11,18,22,32.1535949707031,0
2017,6,11,18,22,33.9595561523438,0
2017,6,11,18,22,35.7653798828125,0
2017,6,11,18,22,37.5711860351563,0
2017,6,11,18,22,39.3771801757812,0
2017,6,11,18,22,41.1829938964844,0
2017,6,11,18,22,42.9889541015625,0
2017,6,11,18,22,44.7948049316406,0
2017,6,11,18,22,46.60055078125,0
2017,6,11,18,22,48.4064250488281,0
2017,6,11,18,22,50.2122458496094,0
2017,6,11,18,22,52.0180119628906,0
2017,6,11,18,22,53.8239938964844,0
2017,6,11,18,22,55.6297919921875,0
2017,6,11,18,22,57.4357258300781,0
2017,6,11,18,22,59.2416560058594,0
2017,6,11,18,23,1.04744921875,0
2017,6,11,18,23,2.8533349609375,0
2017,6,11,18,23,4.65910400390625,0
2017,6,11,18,23,6.465041015625,0
2017,6,11,18,23,8.27093505859375,0
2017,6,11,18,23,10.0768981933594,0
2017,6,11,18,23,11.8826611328125,0
2017,6,11,18,23,13.6884389648437,1
2017,6,11,18,23,15.4943520507813,1
2017,6,11,18,23,17.3001259765625,1
2017,6,11,18,23,19.1059401855469,2
2017,6,11,18,23,20.9118439941406,2
2017,6,11,18,23,22.7176730957031,2
2017,6,11,18,23,24.5234189453125,2
2017,6,11,18,23,26.329126953125,2
2017,6,11,18,23,28.1350961914063,2
2017,6,11,18,23,29.9409780273437,2
2017,6,11,18,23,31.7468869628906,2
2017,6,11,18,23,33.5527250976562,2
2017,6,11,18,23,35.3587019042969,2
2017,6,11,18,23,37.16462890625,2
2017,6,11,18,23,38.9705310058594,2
2017,6,11,18,23,40.7764289550781,2
2017,6,11,18,23,42.5822150878906,2
2017,6,11,18,23,44.3882719726562,2
2017,6,11,18,23,46.1940778808594,2
2017,6,11,18,23,47.9999731445313,1
2017,6,11,18,23,49.8057619628906,1
2017,6,11,18,23,51.6116408691406,1
2017,6,11,18,23,53.4174680175781,1
2017,6,11,18,23,55.2232438964844,1
2017,6,11,18,23,57.0291691894531,1
2017,6,11,18,23,58.8349099121094,1
2017,6,11,18,24,0.6408740234375,1
2017,6,11,18,24,2.44687109375,1
2017,6,11,18,24,4.25265283203125,1
2017,6,11,18,24,6.05864404296875,0
2017,6,11,18,24,7.86440112304687,0
2017,6,11,18,24,9.67023803710937,0
2017,6,11,18,24,11.475998046875,0
2017,6,11,18,24,13.2817810058594,0
2017,6,11,18,24,15.0876501464844,0
2017,6,11,18,24,16.8933598632813,0
2017,6,11,18,24,18.6991110839844,0
2017,6,11,18,24,20.5049560546875,0
2017,6,11,18,24,22.3109560546875,0
2017,6,11,18,24,24.116755859375,0
2017,6,11,18,24,25.9224819335938,0
2017,6,11,18,24,27.7285380859375,0
2017,6,11,18,24,29.5342358398437,0
2017,6,11,18,24,31.3401611328125,0
2017,6,11,18,24,33.1460458984375,0
2017,6,11,18,24,34.9519069824219,0
2017,6,11,18,24,36.757787109375,0
2017,6,11,18,24,38.5635581054688,0
2017,6,11,18,24,40.3694780273438,0
2017,6,11,18,24,42.1754528808594,0
2017,6,11,18,24,43.9812490234375,0
2017,6,11,18,24,45.7871979980469,0
2017,6,11,18,24,47.5930720214844,0
2017,6,11,18,24,49.3991831054688,0
2017,6,11,18,24,51.2049389648437,0
2017,6,11,18,24,53.0170749511719,0
2017,6,11,18,24,54.8227819824219,0
2017,6,11,18,24,56.6285720214844,0
2017,6,11,18,24,58.4343149414062,0
2017,6,11,18,25,0.240017822265625,0
2017,6,11,18,25,2.04585693359375,0
2017,6,11,18,25,3.85170385742187,0
2017,6,11,18,25,5.65747998046875,0
2017,6,11,18,25,7.46325903320312,0
2017,6,11,18,25,9.2692001953125,0
2017,6,11,18,25,11.0751120605469,0
2017,6,11,18,25,12.8808190917969,0
2017,6,11,18,25,14.6866708984375,0
2017,6,11,18,25,16.4925661621094,0
2017,6,11,18,25,18.2984560546875,0
2017,6,11,18,25,20.1044030761719,0
2017,6,11,18,25,21.9104829101563,0
2017,6,11,18,25,23.7164370117187,0
2017,6,11,18,25,25.5223630371094,0
2017,6,11,18,25,27.32825,0
2017,6,11,18,25,29.1342329101562,0
2017,6,11,18,25,30.9403811035156,0
2017,6,11,18,25,32.746287109375,0
2017,6,11,18,25,34.5521220703125,0
2017,6,11,18,25,36.3580888671875,0
2017,6,11,18,25,38.1639499511719,0
2017,6,11,18,25,39.9697390136719,0
2017,6,11,18,25,41.7756430664063,0
2017,6,11,18,25,43.5815908203125,0
2017,6,11,18,25,45.3873540039063,0
2017,6,11,18,25,47.1932470703125,0
2017,6,11,18,25,48.9990698242188,0
2017,6,11,18,25,50.8048630371094,0
2017,6,11,18,25,52.6108579101562,0
2017,6,11,18,25,54.4167648925781,0
2017,6,11,18,25,56.2226550292969,0
2017,6,11,18,25,58.0285229492187,0
2017,6,11,18,25,59.8343239746094,0
2017,6,11,18,26,1.6402099609375,0
2017,6,11,18,26,3.44605712890625,0
2017,6,11,18,26,5.25182885742188,0
2017,6,11,18,26,7.05761694335937,0
2017,6,11,18,26,8.86356201171875,0
2017,6,11,18,26,10.6694670410156,0
2017,6,11,18,26,12.4751860351563,0
2017,6,11,18,26,14.2819440917969,0
2017,6,11,18,26,16.08704296875,0
2017,6,11,18,26,17.8929328613281,0
2017,6,11,18,26,19.6988679199219,0
2017,6,11,18,26,21.5048549804687,0
2017,6,11,18,26,23.3107619628906,0
2017,6,11,18,26,25.1166630859375,0
2017,6,11,18,26,26.9226240234375,0
2017,6,11,18,26,28.7283771972656,0
2017,6,11,18,26,30.5341069335938,0
2017,6,11,18,26,32.3398991699219,0
2017,6,11,18,26,34.1457788085937,0
2017,6,11,18,26,35.9515200195313,0
2017,6,11,18,26,37.7572600097656,0
2017,6,11,18,26,39.5632687988281,0
2017,6,11,18,26,41.3698061523437,0
2017,6,11,18,26,43.1748549804688,0
2017,6,11,18,26,44.9807409667969,0
2017,6,11,18,26,46.7866999511719,0
2017,6,11,18,26,48.5925751953125,0
2017,6,11,18,26,50.3982570800781,0
2017,6,11,18,26,52.204005859375,0
2017,6,11,18,26,54.0098139648438,0
2017,6,11,18,26,55.8156040039063,0
2017,6,11,18,26,57.6213969726562,0
2017,6,11,18,26,59.4274030761719,0
2017,6,11,18,27,1.23344116210938,0
2017,6,11,18,27,3.03931909179687,0
2017,6,11,18,27,4.84506616210937,0
2017,6,11,18,27,6.65432299804687,0
2017,6,11,18,27,8.46019189453125,0
2017,6,11,18,27,10.2659899902344,0
2017,6,11,18,27,12.0717580566406,0
2017,6,11,18,27,13.8775581054688,0
2017,6,11,18,27,15.6836081542969,0
2017,6,11,18,27,17.4894831542969,0
2017,6,11,18,27,19.2954567871094,0
2017,6,11,18,27,21.1013139648438,0
2017,6,11,18,27,22.9072939453125,0
2017,6,11,18,27,24.7131098632813,0
2017,6,11,18,27,26.5188811035156,0
2017,6,11,18,27,28.3248278808594,0
2017,6,11,18,27,30.1306469726563,0
2017,6,11,18,27,31.9365930175781,0
2017,6,11,18,27,33.7423220214844,0
2017,6,11,18,27,35.5481181640625,0
2017,6,11,18,27,37.3541540527344,0
2017,6,11,18,27,39.1600681152344,0
2017,6,11,18,27,40.9658278808594,0
2017,6,11,18,27,42.7716081542969,0
2017,6,11,18,27,44.5774230957031,0
2017,6,11,18,27,46.3833588867188,0
2017,6,11,18,27,48.1893110351563,0
2017,6,11,18,27,49.9950500488281,0
2017,6,11,18,27,51.8009418945312,0
2017,6,11,18,27,53.6069250488281,0
2017,6,11,18,27,55.4127348632813,0
2017,6,11,18,27,57.2185900878906,1
2017,6,11,18,27,59.024537109375,1
2017,6,11,18,28,0.8304609375,1
2017,6,11,18,28,2.63630517578125,1
2017,6,11,18,28,4.4420400390625,1
2017,6,11,18,28,6.24785815429687,1
2017,6,11,18,28,8.05355395507813,1
2017,6,11,18,28,9.85937915039062,1
2017,6,11,18,28,11.6651579589844,1
2017,6,11,18,28,13.4711220703125,1
2017,6,11,18,28,15.2769899902344,1
2017,6,11,18,28,17.0829909667969,1
2017,6,11,18,28,18.8888049316406,1
2017,6,11,18,28,20.6945478515625,1
2017,6,11,18,28,22.5005529785156,1
2017,6,11,18,28,24.306423828125,2
2017,6,11,18,28,26.1122971191406,2
2017,6,11,18,28,27.9181469726562,2
2017,6,11,18,28,29.7241311035156,2
2017,6,11,18,28,31.5366708984375,2
2017,6,11,18,28,33.3424790039062,2
2017,6,11,18,28,35.14825390625,2
2017,6,11,18,28,36.9539689941406,2
2017,6,11,18,28,38.7598811035156,2
2017,6,11,18,28,40.5659770507812,2
2017,6,11,18,28,42.3717338867188,2
2017,6,11,18,28,44.1775,2
2017,6,11,18,28,45.9833627929687,2
2017,6,11,18,28,47.7892590332031,2
2017,6,11,18,28,49.5951518554687,2
2017,6,11,18,28,51.4010500488281,2
2017,6,11,18,28,53.2068859863281,2
2017,6,11,18,28,55.0127290039063,2
2017,6,11,18,28,56.818669921875,2
2017,6,11,18,28,58.6246469726563,2
2017,6,11,18,29,0.430367919921875,2
2017,6,11,18,29,2.23627392578125,2
2017,6,11,18,29,4.04202514648437,2
2017,6,11,18,29,5.84773901367187,2
2017,6,11,18,29,7.65347412109375,2
2017,6,11,18,29,9.45942797851563,2
2017,6,11,18,29,11.2652060546875,2
2017,6,11,18,29,13.0709938964844,2
2017,6,11,18,29,14.8769260253906,2
2017,6,11,18,29,16.6827280273437,2
2017,6,11,18,29,18.4887248535156,2
2017,6,11,18,29,20.2945607910156,2
2017,6,11,18,29,22.1003000488281,2
2017,6,11,18,29,23.9061179199219,2
2017,6,11,18,29,25.7119541015625,2
2017,6,11,18,29,27.5178571777344,2
2017,6,11,18,29,29.3236110839844,2
2017,6,11,18,29,31.1295529785156,2
2017,6,11,18,29,32.9354270019531,2
2017,6,11,18,29,34.7412209472656,2
2017,6,11,18,29,36.5473371582031,2
2017,6,11,18,29,38.3530458984375,2
2017,6,11,18,29,40.1588439941406,2
2017,6,11,18,29,41.9647199707031,2
2017,6,11,18,29,43.7706999511719,2
2017,6,11,18,29,45.5765280761719,2
2017,6,11,18,29,47.3823781738281,2
2017,6,11,18,29,49.1882729492187,2
2017,6,11,18,29,50.9942687988281,1
2017,6,11,18,29,52.8000678710938,1
2017,6,11,18,29,54.6058928222656,1
2017,6,11,18,29,56.4187351074219,1
2017,6,11,18,29,58.2245280761719,1
2017,6,11,18,30,0.030350830078125,1
2017,6,11,18,30,1.83619995117187,1
2017,6,11,18,30,3.64214404296875,1
2017,6,11,18,30,5.44826000976563,1
2017,6,11,18,30,7.25418994140625,1
2017,6,11,18,30,9.06019213867187,1
2017,6,11,18,30,10.866166015625,1
2017,6,11,18,30,12.6720920410156,1
2017,6,11,18,30,14.4781311035156,1
2017,6,11,18,30,16.2839360351562,1
2017,6,11,18,30,18.0897189941406,1
2017,6,11,18,30,19.8956840820312,1
2017,6,11,18,30,21.7016430664062,1
2017,6,11,18,30,23.507587890625,1
2017,6,11,18,30,25.3134501953125,1
2017,6,11,18,30,27.1193420410156,1
2017,6,11,18,30,28.9250649414063,1
2017,6,11,18,30,30.7307709960937,1
2017,6,11,18,30,32.5366940917969,1
2017,6,11,18,30,34.3426420898437,1
2017,6,11,18,30,36.1486279296875,1
2017,6,11,18,30,37.95445703125,1
2017,6,11,18,30,39.7604311523437,1
2017,6,11,18,30,41.5661520996094,1
2017,6,11,18,30,43.3719379882813,1
2017,6,11,18,30,45.1776979980469,1
2017,6,11,18,30,46.9835290527344,1
2017,6,11,18,30,48.7894621582031,1
2017,6,11,18,30,50.59519921875,1
2017,6,11,18,30,52.400998046875,1
2017,6,11,18,30,54.206912109375,1
2017,6,11,18,30,56.0129060058594,1
2017,6,11,18,30,57.8206999511719,1
2017,6,11,18,30,59.6245830078125,1
2017,6,11,18,31,1.43056616210938,1
2017,6,11,18,31,3.23656005859375,1
2017,6,11,18,31,5.04246313476563,1
2017,6,11,18,31,6.84845703125,1
2017,6,11,18,31,8.65420288085937,1
2017,6,11,18,31,10.4602019042969,1
2017,6,11,18,31,12.266001953125,1
2017,6,11,18,31,14.0719440917969,1
2017,6,11,18,31,15.8779348144531,1
2017,6,11,18,31,17.6836809082031,1
2017,6,11,18,31,19.4895881347656,1
2017,6,11,18,31,21.3008188476562,1
2017,6,11,18,31,23.1068029785156,1
2017,6,11,18,31,24.9125891113281,1
2017,6,11,18,31,26.7182971191406,1
2017,6,11,18,31,28.5241530761719,1
2017,6,11,18,31,30.3302651367188,1
2017,6,11,18,31,32.1361120605469,1
2017,6,11,18,31,33.9419450683594,1
2017,6,11,18,31,35.7479228515625,1
2017,6,11,18,31,37.5536611328125,1
2017,6,11,18,31,39.35954296875,1
2017,6,11,18,31,41.1655358886719,1
2017,6,11,18,31,42.9715390625,1
2017,6,11,18,31,44.7773088378906,1
2017,6,11,18,31,46.5830148925781,1
2017,6,11,18,31,48.3890190429687,1
2017,6,11,18,31,50.1947961425781,1
2017,6,11,18,31,52.0007219238281,1
2017,6,11,18,31,53.806705078125,1
2017,6,11,18,31,55.61241015625,1
2017,6,11,18,31,57.4181359863281,1
2017,6,11,18,31,59.2239560546875,1
2017,6,11,18,32,1.02989208984375,1
2017,6,11,18,32,2.83569409179688,1
2017,6,11,18,32,4.64158520507813,1
2017,6,11,18,32,6.44756591796875,1
2017,6,11,18,32,8.2533369140625,1
2017,6,11,18,32,10.0593181152344,1
2017,6,11,18,32,11.8652009277344,1
2017,6,11,18,32,13.6711440429688,1
2017,6,11,18,32,15.4768659667969,1
2017,6,11,18,32,17.282583984375,1
2017,6,11,18,32,19.0884819335938,1
2017,6,11,18,32,20.8942189941406,1
2017,6,11,18,32,22.70008203125,1
2017,6,11,18,32,24.5059479980469,1
2017,6,11,18,32,26.3117270507813,1
2017,6,11,18,32,28.117671875,1
2017,6,11,18,32,29.9235510253906,1
2017,6,11,18,32,31.7293830566406,1
2017,6,11,18,32,33.5351591796875,1
2017,6,11,18,32,35.3409340820312,1
2017,6,11,18,32,37.1466760253906,1
2017,6,11,18,32,38.9525249023437,1
2017,6,11,18,32,40.7582368164063,1
2017,6,11,18,32,42.5641811523437,1
2017,6,11,18,32,44.3699479980469,1
2017,6,11,18,32,46.1756689453125,1
2017,6,11,18,32,47.9817309570313,1
2017,6,11,18,32,49.787673828125,1
2017,6,11,18,32,51.5934899902344,1
2017,6,11,18,32,53.3992951660156,1
2017,6,11,18,32,55.2051611328125,1
2017,6,11,18,32,57.0110290527344,1
2017,6,11,18,32,58.816876953125,1
2017,6,11,18,33,0.62288916015625,1
2017,6,11,18,33,2.4287900390625,1
2017,6,11,18,33,4.23460791015625,1
2017,6,11,18,33,6.04053588867187,1
2017,6,11,18,33,7.8464560546875,1
2017,6,11,18,33,9.65252490234375,1
2017,6,11,18,33,11.4584790039063,1
2017,6,11,18,33,13.2643388671875,1
2017,6,11,18,33,15.070333984375,1
2017,6,11,18,33,16.8763010253906,1
2017,6,11,18,33,18.6822380371094,0
2017,6,11,18,33,20.4878598632813,0
2017,6,11,18,33,22.2938481445312,0
2017,6,11,18,33,24.0996799316406,0
2017,6,11,18,33,25.905416015625,0
2017,6,11,18,33,27.71141015625,0
2017,6,11,18,33,29.5173850097656,0
2017,6,11,18,33,31.3250029296875,0
2017,6,11,18,33,33.1307839355469,0
2017,6,11,18,33,34.9367690429687,0
2017,6,11,18,33,36.7425209960938,0
2017,6,11,18,33,38.5485178222656,0
2017,6,11,18,33,40.3542358398438,0
2017,6,11,18,33,42.1600739746094,0
2017,6,11,18,33,43.9660397949219,1
2017,6,11,18,33,45.7741921386719,1
2017,6,11,18,33,47.58008203125,1
2017,6,11,18,33,49.3858298339844,1
2017,6,11,18,33,51.1917687988281,1
2017,6,11,18,33,52.9977719726563,1
2017,6,11,18,33,54.8038940429688,1
2017,6,11,18,33,56.6096350097656,1
2017,6,11,18,33,58.4155158691406,1
2017,6,11,18,34,0.22143896484375,1
2017,6,11,18,34,2.02717407226563,1
2017,6,11,18,34,3.83290014648438,1
2017,6,11,18,34,5.63885595703125,1
2017,6,11,18,34,7.44461694335938,1
2017,6,11,18,34,9.25061010742188,1
2017,6,11,18,34,11.0564128417969,1
2017,6,11,18,34,12.8623271484375,1
2017,6,11,18,34,14.6680988769531,1
2017,6,11,18,34,16.4742329101562,1
2017,6,11,18,34,18.2800231933594,1
2017,6,11,18,34,20.0858859863281,1
2017,6,11,18,34,21.8918928222656,1
2017,6,11,18,34,23.6976279296875,1
2017,6,11,18,34,25.5036169433594,1
2017,6,11,18,34,27.3095249023437,1
2017,6,11,18,34,29.1152670898438,1
2017,6,11,18,34,30.9210200195313,1
2017,6,11,18,34,32.7269699707031,1
2017,6,11,18,34,34.5328090820312,1
2017,6,11,18,34,36.3386550292969,1
2017,6,11,18,34,38.1451420898438,1
2017,6,11,18,34,39.9509931640625,1
2017,6,11,18,34,41.756708984375,1
2017,6,11,18,34,43.5626198730469,1
2017,6,11,18,34,45.3684138183594,1
2017,6,11,18,34,47.1742060546875,1
2017,6,11,18,34,48.9799240722656,1
2017,6,11,18,34,50.7857629394531,1
2017,6,11,18,34,52.5916591796875,1
2017,6,11,18,34,54.3974880371094,1
2017,6,11,18,34,56.2033947753906,1
2017,6,11,18,34,58.0138271484375,1
2017,6,11,18,34,59.8196489257813,1
2017,6,11,18,35,1.62564892578125,1
2017,6,11,18,35,3.43155297851562,1
2017,6,11,18,35,5.23739404296875,1
2017,6,11,18,35,7.04338696289062,1
2017,6,11,18,35,8.84928002929687,1
2017,6,11,18,35,10.6566030273437,1
2017,6,11,18,35,12.4623569335937,1
2017,6,11,18,35,14.2680600585938,1
2017,6,11,18,35,16.0739250488281,1
2017,6,11,18,35,17.8796940917969,1
2017,6,11,18,35,19.6858479003906,1
2017,6,11,18,35,21.4914602050781,1
2017,6,11,18,35,23.2973249511719,1
2017,6,11,18,35,25.1030930175781,1
2017,6,11,18,35,26.9090590820312,1
2017,6,11,18,35,28.7150048828125,1
2017,6,11,18,35,30.5208120117187,1
2017,6,11,18,35,32.328212890625,1
2017,6,11,18,35,34.1341030273437,1
2017,6,11,18,35,35.9398879394531,1
2017,6,11,18,35,37.7459370117188,1
2017,6,11,18,35,39.551625,1
2017,6,11,18,35,41.3573679199219,1
2017,6,11,18,35,43.1633129882812,1
2017,6,11,18,35,44.9692248535156,1
2017,6,11,18,35,46.7751181640625,1
2017,6,11,18,35,48.5809670410156,1
2017,6,11,18,35,50.3870109863281,0
2017,6,11,18,35,52.1929230957031,1
2017,6,11,18,38,35.5796950683594,1
2017,6,11,18,38,37.4243889160156,1
2017,6,11,18,38,39.2301508789063,1
2017,6,11,18,38,41.1669870605469,1
2017,6,11,18,38,42.9728510742188,1
2017,6,11,18,38,44.8847109375,1
2017,6,11,18,38,46.8326149902344,1
2017,6,11,18,38,48.6736591796875,1
2017,6,11,18,38,50.6211098632812,1
2017,6,11,18,38,52.4270078125,1
2017,6,11,18,38,54.2329499511719,1
2017,6,11,18,38,56.2573940429687,1
2017,6,11,18,38,58.2113850097656,1
2017,6,11,18,39,0.1015361328125,1
2017,6,11,18,39,1.93631005859375,1
2017,6,11,18,39,3.83084204101563,1
2017,6,11,18,39,5.78267797851563,1
2017,6,11,18,39,7.75817602539063,1
2017,6,11,18,39,9.62106396484375,1
2017,6,11,18,39,11.4420471191406,1
2017,6,11,18,39,13.3218081054687,1
2017,6,11,18,39,15.2113010253906,1
2017,6,11,18,39,17.0338950195313,1
2017,6,11,18,39,18.8606579589844,1
2017,6,11,18,39,20.8988439941406,1
2017,6,11,18,39,22.7047587890625,1
2017,6,11,18,39,24.6106760253906,1
2017,6,11,18,39,26.5567709960937,1
2017,6,11,18,39,28.4419609375,1
2017,6,11,18,39,30.2946970214844,1
2017,6,11,18,39,32.3581030273438,1
2017,6,11,18,39,34.21183984375,1
2017,6,11,18,39,36.2774880371094,1
2017,6,11,18,39,38.242375,1
2017,6,11,18,39,40.0483010253906,1
2017,6,11,18,39,42.0165769042969,1
2017,6,11,18,39,43.8929230957031,1
2017,6,11,18,39,45.8845241699219,1
2017,6,11,18,39,47.6903020019531,1
2017,6,11,18,39,49.5621459960937,1
2017,6,11,18,39,51.5938352050781,1
2017,6,11,18,39,53.4139689941406,1
2017,6,11,18,39,55.2197380371094,1
2017,6,11,18,39,57.0255129394531,1
2017,6,11,18,39,58.8313720703125,1
2017,6,11,18,40,0.637198974609375,1
2017,6,11,18,40,2.443083984375,1
2017,6,11,18,40,4.24901708984375,1
2017,6,11,18,40,6.05497412109375,1
2017,6,11,18,40,7.86090698242188,1
2017,6,11,18,40,9.66665014648438,1
2017,6,11,18,40,11.472755859375,0
2017,6,11,18,40,13.2786140136719,0
2017,6,11,18,40,15.0935029296875,0
2017,6,11,18,40,16.8992551269531,0
2017,6,11,18,40,18.7050568847656,0
2017,6,11,18,40,20.5108999023437,0
2017,6,11,18,40,22.3166689453125,0
2017,6,11,18,40,24.1226550292969,0
2017,6,11,18,40,25.9283830566406,0
2017,6,11,18,40,27.73412890625,0
2017,6,11,18,40,29.5400920410156,0
2017,6,11,18,40,31.3460888671875,0
2017,6,11,18,40,33.1517961425781,0
2017,6,11,18,40,34.95762109375,0
2017,6,11,18,40,36.7633430175781,0
2017,6,11,18,40,38.5690510253906,0
2017,6,11,18,40,40.3748330078125,0
2017,6,11,18,40,42.1808168945312,0
2017,6,11,18,40,43.9868229980469,0
2017,6,11,18,40,45.7927409667969,0
2017,6,11,18,40,47.598419921875,0
2017,6,11,18,40,49.404328125,0
2017,6,11,18,40,51.2102409667969,0
2017,6,11,18,40,53.0160041503906,0
2017,6,11,18,40,54.8218291015625,0
2017,6,11,18,40,56.627576171875,0
2017,6,11,18,40,58.4336020507813,0
2017,6,11,18,41,0.23943994140625,0
2017,6,11,18,41,2.045453125,0
2017,6,11,18,41,3.85136303710938,0
2017,6,11,18,41,5.65713598632813,0
2017,6,11,18,41,7.46286303710937,0
2017,6,11,18,41,9.26878686523438,0
2017,6,11,18,41,11.0747211914062,0
2017,6,11,18,41,12.8804260253906,0
2017,6,11,18,41,14.6861328125,0
2017,6,11,18,41,16.492080078125,0
2017,6,11,18,41,18.2980791015625,0
2017,6,11,18,41,20.1039060058594,0
2017,6,11,18,41,21.9095981445313,0
2017,6,11,18,41,23.7154560546875,0
2017,6,11,18,41,25.5212409667969,0
2017,6,11,18,41,27.3272080078125,0
2017,6,11,18,41,29.1330510253906,0
2017,6,11,18,41,30.938791015625,0
2017,6,11,18,41,32.7448249511719,0
2017,6,11,18,41,34.5506770019531,0
2017,6,11,18,41,36.3565559082031,0
2017,6,11,18,41,38.1624489746094,0
2017,6,11,18,41,39.9684250488281,0
2017,6,11,18,41,41.7743371582031,0
2017,6,11,18,41,43.5801301269531,0
2017,6,11,18,41,45.3858371582031,0
2017,6,11,18,41,47.1917019042969,0
2017,6,11,18,41,48.9976450195312,0
2017,6,11,18,41,50.8034719238281,0
2017,6,11,18,41,52.6093991699219,0
2017,6,11,18,41,54.416001953125,0
2017,6,11,18,41,56.2219650878906,0
2017,6,11,18,41,58.0279108886719,0
2017,6,11,18,41,59.8338898925781,0
2017,6,11,18,42,1.6396201171875,0
2017,6,11,18,42,3.44572094726563,0
2017,6,11,18,42,5.25155590820312,0
2017,6,11,18,42,7.057455078125,0
2017,6,11,18,42,8.86345703125,0
2017,6,11,18,42,10.6692409667969,0
2017,6,11,18,42,12.4758688964844,0
2017,6,11,18,42,14.2811240234375,0
2017,6,11,18,42,16.0868930664063,0
2017,6,11,18,42,17.8928540039063,0
2017,6,11,18,42,19.6987258300781,0
2017,6,11,18,42,21.5045539550781,0
2017,6,11,18,42,23.3104140625,0
2017,6,11,18,42,25.1162661132812,1
2017,6,11,18,42,26.9222409667969,1
2017,6,11,18,42,28.7280390625,1
2017,6,11,18,42,30.5337861328125,1
2017,6,11,18,42,32.3395988769531,1
2017,6,11,18,42,34.1455170898438,1
2017,6,11,18,42,35.951162109375,1
2017,6,11,18,42,37.7570190429688,1
2017,6,11,18,42,39.5628911132813,1
2017,6,11,18,42,41.368876953125,1
2017,6,11,18,42,43.1747160644531,1
2017,6,11,18,42,44.9806220703125,1
2017,6,11,18,42,46.7864880371094,1
2017,6,11,18,42,48.5922980957031,1
2017,6,11,18,42,50.3982797851562,1
2017,6,11,18,42,52.2042041015625,1
2017,6,11,18,42,54.0101889648437,1
2017,6,11,18,42,55.8161740722656,1
2017,6,11,18,42,57.621958984375,1
2017,6,11,18,42,59.4279479980469,1
2017,6,11,18,43,1.23372705078125,1
2017,6,11,18,43,3.03951904296875,1
2017,6,11,18,43,4.84542114257813,1
2017,6,11,18,43,6.65118701171875,1
2017,6,11,18,43,8.45702514648437,1
2017,6,11,18,43,10.2627729492187,1
2017,6,11,18,43,12.0684868164062,1
2017,6,11,18,43,13.8743210449219,1
2017,6,11,18,43,15.6801459960937,1
2017,6,11,18,43,17.485873046875,1
2017,6,11,18,43,19.2915969238281,1
2017,6,11,18,43,21.0979819335938,1
2017,6,11,18,43,22.9038669433594,1
2017,6,11,18,43,24.7098740234375,1
2017,6,11,18,43,26.5158049316406,1
2017,6,11,18,43,28.3215300292969,1
2017,6,11,18,43,30.1272849121094,1
2017,6,11,18,43,31.933212890625,1
2017,6,11,18,43,33.7393310546875,1
2017,6,11,18,43,35.5452680664063,1
2017,6,11,18,43,37.351201171875,1
2017,6,11,18,43,39.1570581054687,1
2017,6,11,18,43,40.9628940429687,1
2017,6,11,18,43,42.7686618652344,1
2017,6,11,18,43,44.5745539550781,1
2017,6,11,18,43,46.3804008789063,1
2017,6,11,18,43,48.1863410644531,1
2017,6,11,18,43,49.9921081542969,1
2017,6,11,18,43,51.7980339355469,1
2017,6,11,18,43,53.6040439453125,1
2017,6,11,18,43,55.4111979980469,1
2017,6,11,18,43,57.2171918945312,1
2017,6,11,18,43,59.0231909179687,1
2017,6,11,18,44,0.829099853515625,1
2017,6,11,18,44,2.635087890625,1
2017,6,11,18,44,4.44086108398437,1
2017,6,11,18,44,6.24677709960937,1
2017,6,11,18,44,8.0526171875,1
2017,6,11,18,44,9.85860620117188,1
2017,6,11,18,44,11.6645168457031,1
2017,6,11,18,44,13.4704311523437,1
2017,6,11,18,44,15.2763190917969,1
2017,6,11,18,44,17.0820849609375,1
2017,6,11,18,44,18.8880588378906,1
2017,6,11,18,44,20.6938469238281,1
2017,6,11,18,44,22.4996591796875,1
2017,6,11,18,44,24.3054431152344,1
2017,6,11,18,44,26.111255859375,1
2017,6,11,18,44,27.9171071777344,1
2017,6,11,18,44,29.7229169921875,1
2017,6,11,18,44,31.5288920898438,1
2017,6,11,18,44,33.3348649902344,1
2017,6,11,18,44,35.1407749023438,1
2017,6,11,18,44,36.9464189453125,1
2017,6,11,18,44,38.7522668457031,1
2017,6,11,18,44,40.5579829101562,1
2017,6,11,18,44,42.3638430175781,1
2017,6,11,18,44,44.1710209960938,1
2017,6,11,18,44,45.9768420410156,1
2017,6,11,18,44,47.7859899902344,1
2017,6,11,18,44,49.5919038085937,1
2017,6,11,18,44,51.4787731933594,1
2017,6,11,18,44,53.2844919433594,1
2017,6,11,18,44,55.0903251953125,1
2017,6,11,18,44,56.8963229980469,1
2017,6,11,18,44,58.7020927734375,1
2017,6,11,18,45,0.50790185546875,1
2017,6,11,18,45,2.31361010742188,1
2017,6,11,18,45,4.11956298828125,1
2017,6,11,18,45,5.92543188476562,1
2017,6,11,18,45,7.73115600585937,1
2017,6,11,18,45,9.53709301757812,1
2017,6,11,18,45,11.3429208984375,1
2017,6,11,18,45,13.1488220214844,1
2017,6,11,18,45,14.9544799804688,2
2017,6,11,18,45,16.76041796875,2
2017,6,11,18,45,18.5663371582031,2
2017,6,11,18,45,20.3722680664062,2
2017,6,11,18,45,22.1781689453125,2
2017,6,11,18,45,23.9841530761719,2
2017,6,11,18,45,25.7900419921875,2
2017,6,11,18,45,27.5959460449219,2
2017,6,11,18,45,29.4016799316406,1
2017,6,11,18,45,31.2075158691406,1
2017,6,11,18,45,33.0132861328125,1
2017,6,11,18,45,34.8192529296875,1
2017,6,11,18,45,36.62508984375,1
2017,6,11,18,45,38.4309958496094,0
2017,6,11,18,45,40.2368569335937,0
2017,6,11,18,45,42.0427160644531,0
2017,6,11,18,45,43.8484147949219,0
2017,6,11,18,45,45.65412890625,0
2017,6,11,18,45,47.4599140625,0
2017,6,11,18,45,49.265626953125,0
2017,6,11,18,45,51.0714108886719,0
2017,6,11,18,45,52.8773549804688,0
2017,6,11,18,45,54.6831628417969,0
2017,6,11,18,45,56.4889450683594,0
2017,6,11,18,45,58.2947238769531,0
2017,6,11,18,46,0.100841064453125,0
2017,6,11,18,46,1.90681689453125,0
2017,6,11,18,46,3.72343798828125,0
2017,6,11,18,46,5.51848291015625,0
2017,6,11,18,46,7.32446411132813,0
2017,6,11,18,46,9.13032690429688,0
2017,6,11,18,46,10.9362048339844,0
2017,6,11,18,46,12.7421411132812,0
2017,6,11,18,46,14.5481008300781,0
2017,6,11,18,46,16.3540480957031,1
2017,6,11,18,46,18.1600239257812,1
2017,6,11,18,46,19.9659760742188,1
2017,6,11,18,46,21.77187890625,1
2017,6,11,18,46,23.5778330078125,1
2017,6,11,18,46,25.3839560546875,1
2017,6,11,18,46,27.1898811035156,1
2017,6,11,18,46,28.9957111816406,2
2017,6,11,18,46,30.8014479980469,2
2017,6,11,18,46,32.6073740234375,2
2017,6,11,18,46,34.4132749023438,2
2017,6,11,18,46,36.2191218261719,2
2017,6,11,18,46,38.0250749511719,2
2017,6,11,18,46,39.8309250488281,2
2017,6,11,18,46,41.6368188476563,2
2017,6,11,18,46,43.442625,2
2017,6,11,18,46,45.2484619140625,2
2017,6,11,18,46,47.0544389648437,2
2017,6,11,18,46,48.8601630859375,2
2017,6,11,18,46,50.6660070800781,2
2017,6,11,18,46,52.4719340820312,2
2017,6,11,18,46,54.2777280273437,2
2017,6,11,18,46,56.0836740722656,2
2017,6,11,18,46,57.889462890625,2
2017,6,11,18,46,59.695408203125,2
2017,6,11,18,47,1.50113696289063,2
2017,6,11,18,47,3.30684497070312,2
2017,6,11,18,47,5.11263598632812,2
2017,6,11,18,47,6.91861303710937,2
2017,6,11,18,47,8.72450219726563,2
2017,6,11,18,47,10.5301608886719,2
2017,6,11,18,47,12.3358759765625,2
2017,6,11,18,47,14.14158203125,2
2017,6,11,18,47,15.9473679199219,2
2017,6,11,18,47,17.7532609863281,2
2017,6,11,18,47,19.5590998535156,2
2017,6,11,18,47,21.3669919433594,2
2017,6,11,18,47,23.1728178710937,1
2017,6,11,18,47,24.9787180175781,0
2017,6,11,18,47,26.7848510742188,0
2017,6,11,18,47,28.5906889648437,0
2017,6,11,18,47,30.3965720214844,0
2017,6,11,18,47,32.2024719238281,0
2017,6,11,18,47,34.0083562011719,0
2017,6,11,18,47,35.8143352050781,0
2017,6,11,18,47,37.6201169433594,0
2017,6,11,18,47,39.4260070800781,0
2017,6,11,18,47,41.231744140625,0
2017,6,11,18,47,43.037541015625,0
2017,6,11,18,47,44.8432668457031,0
2017,6,11,18,47,46.6489860839844,0
2017,6,11,18,47,48.4546999511719,0
2017,6,11,18,47,50.2605859375,0
2017,6,11,18,47,52.0664438476563,0
2017,6,11,18,47,53.8723308105469,0
2017,6,11,18,47,55.6780358886719,0
2017,6,11,18,47,57.4840031738281,0
2017,6,11,18,47,59.2899880371094,0
2017,6,11,18,48,1.09598706054688,0
2017,6,11,18,48,2.90165307617188,0
2017,6,11,18,48,4.70748999023438,0
2017,6,11,18,48,6.51347216796875,0
2017,6,11,18,48,8.31934692382812,0
2017,6,11,18,48,10.1251169433594,0
2017,6,11,18,48,11.9309890136719,0
2017,6,11,18,48,13.7368229980469,0
2017,6,11,18,48,15.542587890625,0
2017,6,11,18,48,17.3484038085938,0
2017,6,11,18,48,19.1543837890625,0
2017,6,11,18,48,20.9603869628906,0
2017,6,11,18,48,22.7661909179687,0
2017,6,11,18,48,24.5719040527344,0
2017,6,11,18,48,26.3779270019531,0
2017,6,11,18,48,28.1836350097656,0
2017,6,11,18,48,29.9896098632812,0
2017,6,11,18,48,31.7953278808594,0
2017,6,11,18,48,33.6012758789063,0
2017,6,11,18,48,35.4070329589844,0
2017,6,11,18,48,37.2130129394531,0
2017,6,11,18,48,39.0190009765625,0
2017,6,11,18,48,40.8249250488281,0
2017,6,11,18,48,42.6308830566406,0
2017,6,11,18,48,44.4366828613281,0
2017,6,11,18,48,46.2423911132813,0
2017,6,11,18,48,48.0485051269531,0
2017,6,11,18,48,49.8542521972656,0
2017,6,11,18,48,51.6599899902344,0
2017,6,11,18,48,53.4662800292969,0
2017,6,11,18,48,55.2721701660156,0
2017,6,11,18,48,57.0779790039063,0
2017,6,11,18,48,58.883701171875,0
2017,6,11,18,49,0.6895908203125,0
2017,6,11,18,49,2.495337890625,0
2017,6,11,18,49,4.30127099609375,0
2017,6,11,18,49,6.10711694335938,0
2017,6,11,18,49,7.91282299804687,0
2017,6,11,18,49,9.71886499023437,0
2017,6,11,18,49,11.5248051757812,0
2017,6,11,18,49,13.3306701660156,0
2017,6,11,18,49,15.1364851074219,0
2017,6,11,18,49,16.9424008789062,0
2017,6,11,18,49,18.7481311035156,0
2017,6,11,18,49,20.5538869628906,0
2017,6,11,18,49,22.3596169433594,0
2017,6,11,18,49,24.1653950195312,0
2017,6,11,18,49,25.97112890625,0
2017,6,11,18,49,27.7770380859375,0
2017,6,11,18,49,29.5828029785156,0
2017,6,11,18,49,31.3885988769531,0
2017,6,11,18,49,33.1944289550781,0
2017,6,11,18,49,35.0002041015625,0
2017,6,11,18,49,36.8061162109375,1
2017,6,11,18,49,38.61196484375,1
2017,6,11,18,49,40.4178049316406,1
2017,6,11,18,49,42.2235910644531,1
2017,6,11,18,49,44.0295510253906,1
2017,6,11,18,49,45.8353420410156,2
2017,6,11,18,49,47.6410771484375,2
2017,6,11,18,49,49.4469680175781,2
2017,6,11,18,49,51.2528637695313,2
2017,6,11,18,49,53.0588181152344,2
2017,6,11,18,49,54.8645361328125,2
2017,6,11,18,49,56.6704541015625,2
2017,6,11,18,49,58.4762521972656,2
2017,6,11,18,50,0.281951904296875,1
2017,6,11,18,50,2.08777392578125,1
2017,6,11,18,50,3.8935029296875,1
2017,6,11,18,50,5.69926586914062,1
2017,6,11,18,50,7.50513208007813,1
2017,6,11,18,50,9.31152392578125,1
2017,6,11,18,50,11.1175209960938,1
2017,6,11,18,50,12.9234841308594,1
2017,6,11,18,50,14.7292768554688,1
2017,6,11,18,50,16.5351000976563,1
2017,6,11,18,50,18.3412180175781,1
2017,6,11,18,50,20.1469389648437,1
2017,6,11,18,50,21.9528999023437,1
2017,6,11,18,50,23.7588078613281,1
2017,6,11,18,50,25.5645539550781,0
2017,6,11,18,50,27.3723701171875,0
2017,6,11,18,50,29.1762719726562,0
2017,6,11,18,50,30.9821291503906,0
2017,6,11,18,50,32.7879650878906,0
2017,6,11,18,50,34.5936940917969,0
2017,6,11,18,50,36.3994650878906,0
2017,6,11,18,50,38.2062189941406,0
2017,6,11,18,50,40.012044921875,0
2017,6,11,18,50,41.8178588867188,0
2017,6,11,18,50,43.6236340332031,0
2017,6,11,18,50,45.42937890625,0
2017,6,11,18,50,47.2351921386719,0
2017,6,11,18,50,49.0410490722656,0
2017,6,11,18,50,50.8468479003906,0
2017,6,11,18,50,52.6528461914062,0
2017,6,11,18,50,54.4593400878906,0
2017,6,11,18,50,56.26516015625,0
2017,6,11,18,50,58.0709489746094,0
2017,6,11,18,50,59.8767600097656,0
2017,6,11,18,51,1.6825439453125,0
2017,6,11,18,51,3.48853588867187,0
2017,6,11,18,51,5.29445288085938,0
2017,6,11,18,51,7.1003759765625,0
2017,6,11,18,51,8.90615112304688,0
2017,6,11,18,51,10.7120869140625,0
2017,6,11,18,51,12.51783203125,0
2017,6,11,18,51,14.3236970214844,0
2017,6,11,18,51,16.1294279785156,0
2017,6,11,18,51,17.9354270019531,0
2017,6,11,18,51,19.7412939453125,0
2017,6,11,18,51,21.5470529785156,0
2017,6,11,18,51,23.3529729003906,0
2017,6,11,18,51,25.1588640136719,0
2017,6,11,18,51,26.96466796875,0
2017,6,11,18,51,28.7706240234375,0
2017,6,11,18,51,30.5764350585937,0
2017,6,11,18,51,32.3827290039062,0
2017,6,11,18,51,34.1880209960937,0
2017,6,11,18,51,35.9939948730469,0
2017,6,11,18,51,37.7999948730469,0
2017,6,11,18,51,39.6059838867187,0
2017,6,11,18,51,41.4117009277344,0
2017,6,11,18,51,43.2175148925781,0
2017,6,11,18,51,45.0233029785156,0
2017,6,11,18,51,46.829087890625,0
2017,6,11,18,51,48.6349338378906,0
2017,6,11,18,51,50.4408500976563,0
2017,6,11,18,51,52.2467092285156,0
2017,6,11,18,51,54.0526918945313,0
2017,6,11,18,51,55.8583310546875,0
2017,6,11,18,51,57.6642590332031,0
2017,6,11,18,51,59.4700310058594,0
2017,6,11,18,52,1.27591796875,0
2017,6,11,18,52,3.08173999023438,0
2017,6,11,18,52,4.88752197265625,0
2017,6,11,18,52,6.69360083007813,0
2017,6,11,18,52,8.49942895507813,0
2017,6,11,18,52,10.3052312011719,0
2017,6,11,18,52,12.1109499511719,0
2017,6,11,18,52,13.9167880859375,0
2017,6,11,18,52,15.7226101074219,0
2017,6,11,18,52,17.5283059082031,0
2017,6,11,18,52,19.3344929199219,0
2017,6,11,18,52,21.1404221191406,0
2017,6,11,18,52,22.9463459472656,0
2017,6,11,18,52,24.7523000488281,0
2017,6,11,18,52,26.5580339355469,0
2017,6,11,18,59,50.8559270019531,0
2017,6,11,18,59,52.6617990722656,0
2017,6,11,18,59,54.4674931640625,0
2017,6,11,18,59,56.2734721679687,0
2017,6,11,18,59,58.0792380371094,0
2017,6,11,18,59,59.8849338378906,0
2017,6,11,19,0,1.6908369140625,0
2017,6,11,19,0,3.49668994140625,0
2017,6,11,19,0,5.30265893554687,0
2017,6,11,19,0,7.10851904296875,0
2017,6,11,19,0,8.91440307617187,0
2017,6,11,19,0,10.7202780761719,0
2017,6,11,19,0,12.5262119140625,0
2017,6,11,19,0,14.3322060546875,0
2017,6,11,19,0,16.1380100097656,0
2017,6,11,19,0,17.9437109375,0
2017,6,11,19,0,19.7494270019531,0
2017,6,11,19,0,21.5552749023438,0
2017,6,11,19,0,23.3610461425781,0
2017,6,11,19,0,25.1667880859375,0
2017,6,11,19,0,26.9727739257813,0
2017,6,11,19,0,28.7786479492188,0
2017,6,11,19,0,30.5846081542969,0
2017,6,11,19,0,32.3934030761719,0
2017,6,11,19,0,34.1992199707031,0
2017,6,11,19,0,36.0051101074219,0
2017,6,11,19,0,37.8110859375,0
2017,6,11,19,0,39.6168352050781,0
2017,6,11,19,0,41.42283203125,0
2017,6,11,19,0,43.2287978515625,0
2017,6,11,19,0,45.0345090332031,0
2017,6,11,19,0,46.8403020019531,0
2017,6,11,19,0,48.6462861328125,0
2017,6,11,19,0,50.4522709960938,0
2017,6,11,19,0,52.258119140625,0
2017,6,11,19,0,54.0638110351562,0
2017,6,11,19,0,55.8696789550781,0
2017,6,11,19,0,57.6753791503906,0
2017,6,11,19,0,59.4811499023438,0
2017,6,11,19,1,1.28697607421875,0
2017,6,11,19,1,3.09310302734375,0
2017,6,11,19,1,4.898794921875,0
2017,6,11,19,1,6.7045009765625,0
2017,6,11,19,1,8.51044604492187,0
2017,6,11,19,1,10.316380859375,0
2017,6,11,19,1,12.12220703125,0
2017,6,11,19,1,13.9282009277344,0
2017,6,11,19,1,15.7339838867188,0
2017,6,11,19,1,17.5399689941406,0
2017,6,11,19,1,19.345951171875,0
2017,6,11,19,1,21.151876953125,0
2017,6,11,19,1,22.9578239746094,0
2017,6,11,19,1,24.76383984375,0
2017,6,11,19,1,26.5696630859375,0
2017,6,11,19,1,28.3754848632813,0
2017,6,11,19,1,30.1813540039063,0
2017,6,11,19,1,31.9872680664063,0
2017,6,11,19,1,33.793083984375,0
2017,6,11,19,1,35.5990048828125,0
2017,6,11,19,1,37.4048911132813,0
2017,6,11,19,1,39.2106049804688,0
2017,6,11,19,1,41.0165578613281,0
2017,6,11,19,1,42.822369140625,0
2017,6,11,19,1,44.628330078125,0
2017,6,11,19,1,46.4344321289063,0
2017,6,11,19,1,48.2401569824219,0
2017,6,11,19,1,50.0460131835938,0
2017,6,11,19,1,51.8519770507813,0
2017,6,11,19,1,53.6578701171875,0
2017,6,11,19,1,55.4637351074219,0
2017,6,11,19,1,57.2695,0
2017,6,11,19,1,59.0754868164062,0
2017,6,11,19,2,0.881402099609375,0
2017,6,11,19,2,2.687248046875,0
2017,6,11,19,2,4.49315698242188,0
2017,6,11,19,2,6.29888696289063,0
2017,6,11,19,2,8.10481811523437,0
2017,6,11,19,2,9.91069287109375,0
2017,6,11,19,2,11.7165688476562,0
2017,6,11,19,2,13.5223969726562,0
2017,6,11,19,2,15.3281450195313,0
2017,6,11,19,2,17.1339169921875,0
2017,6,11,19,2,18.9398449707031,0
2017,6,11,19,2,20.7475148925781,0
2017,6,11,19,2,22.5534118652344,0
2017,6,11,19,2,24.3593210449219,0
2017,6,11,19,2,26.1653120117188,0
2017,6,11,19,2,27.971125,0
2017,6,11,19,2,29.7768508300781,0
2017,6,11,19,2,31.5828239746094,0
2017,6,11,19,2,33.3885751953125,0
2017,6,11,19,2,35.1942971191406,0
2017,6,11,19,2,37.0001020507813,0
2017,6,11,19,2,38.8060031738281,0
2017,6,11,19,2,40.6116970214844,0
2017,6,11,19,2,42.4175009765625,0
2017,6,11,19,2,44.2234069824219,0
2017,6,11,19,2,46.0291650390625,0
2017,6,11,19,2,47.8350500488281,0
2017,6,11,19,2,49.6408801269531,0
2017,6,11,19,2,51.4466208496094,0
2017,6,11,19,2,53.2525629882812,0
2017,6,11,19,2,55.0583120117187,0
2017,6,11,19,2,56.8675461425781,0
2017,6,11,19,2,58.6734609375,0
2017,6,11,19,3,0.479156982421875,0
2017,6,11,19,3,2.2850361328125,0
2017,6,11,19,3,4.09091088867187,0
2017,6,11,19,3,5.89688793945312,0
2017,6,11,19,3,7.70284692382813,0
2017,6,11,19,3,9.50871215820312,0
2017,6,11,19,3,11.3144089355469,0
2017,6,11,19,3,13.1203310546875,0
2017,6,11,19,3,14.9262299804688,0
2017,6,11,19,3,16.7318620605469,0
2017,6,11,19,3,18.5377719726563,0
2017,6,11,19,3,20.3435910644531,0
2017,6,11,19,3,22.1494279785156,0
2017,6,11,19,3,23.9551479492187,0
2017,6,11,19,3,25.76104296875,0
2017,6,11,19,3,27.566962890625,0
2017,6,11,19,3,29.3727150878906,0
2017,6,11,19,3,31.1785859375,0
2017,6,11,19,3,32.9844990234375,0
2017,6,11,19,3,34.7904848632813,0
2017,6,11,19,3,36.5963371582031,0
2017,6,11,19,3,38.4021750488281,0
2017,6,11,19,3,40.2079279785156,0
2017,6,11,19,3,42.0136918945312,0
2017,6,11,19,3,43.8194990234375,0
2017,6,11,19,3,45.6254370117188,0
2017,6,11,19,3,47.4312099609375,0
2017,6,11,19,3,49.2370629882813,0
2017,6,11,19,3,51.0429348144531,1
2017,6,11,19,3,52.848828125,1
2017,6,11,19,3,54.6547561035156,1
2017,6,11,19,3,56.4605639648438,1
2017,6,11,19,3,58.2663901367187,1
2017,6,11,19,4,0.0722080078125,1
2017,6,11,19,4,1.87820288085938,1
2017,6,11,19,4,3.68413891601563,1
2017,6,11,19,4,5.490123046875,1
2017,6,11,19,4,7.2959521484375,1
2017,6,11,19,4,9.10166186523437,1
2017,6,11,19,4,10.907740234375,1
2017,6,11,19,4,12.7135261230469,1
2017,6,11,19,4,14.5194458007813,1
2017,6,11,19,4,16.3252001953125,1
2017,6,11,19,4,18.1309990234375,1
2017,6,11,19,4,19.9368410644531,1
2017,6,11,19,4,21.7513999023437,1
2017,6,11,19,4,23.5571040039063,1
2017,6,11,19,4,25.3628188476562,1
2017,6,11,19,4,27.1687861328125,1
2017,6,11,19,4,28.9747131347656,1
2017,6,11,19,4,30.7806398925781,1
2017,6,11,19,4,32.5864829101562,1
2017,6,11,19,4,34.3923198242188,1
2017,6,11,19,4,36.1983439941406,1
2017,6,11,19,4,38.0040668945312,2
2017,6,11,19,4,39.8097990722656,2
2017,6,11,19,4,41.6155720214844,2
2017,6,11,19,4,43.4213549804687,2
2017,6,11,19,4,45.2270998535156,2
2017,6,11,19,4,47.0330688476563,2
2017,6,11,19,4,48.8391860351563,2
2017,6,11,19,4,50.64491015625,2
2017,6,11,19,4,52.4507329101562,2
2017,6,11,19,4,54.2564890136719,2
2017,6,11,19,4,56.062416015625,2
2017,6,11,19,4,57.8682829589844,2
2017,6,11,19,4,59.6742189941406,2
2017,6,11,19,5,1.47991479492187,2
2017,6,11,19,5,3.28569384765625,2
2017,6,11,19,5,5.0916650390625,2
2017,6,11,19,5,6.89735595703125,2
2017,6,11,19,5,8.7032890625,2
2017,6,11,19,5,10.50924609375,2
2017,6,11,19,5,12.3151728515625,2
2017,6,11,19,5,14.1208969726563,2
2017,6,11,19,5,15.9268391113281,2
2017,6,11,19,5,17.7327338867188,2
2017,6,11,19,5,19.5385397949219,2
2017,6,11,19,5,21.3445300292969,2
2017,6,11,19,5,23.1505029296875,2
2017,6,11,19,5,24.9563579101562,2
2017,6,11,19,5,26.7621359863281,1
2017,6,11,19,5,28.5679279785156,1
2017,6,11,19,5,30.3738359375,1
2017,6,11,19,5,32.1797680664062,1
2017,6,11,19,5,33.98545703125,1
2017,6,11,19,5,35.7911970214844,1
2017,6,11,19,5,37.5971030273437,1
2017,6,11,19,5,39.4029318847656,1
2017,6,11,19,5,41.2087600097656,1
2017,6,11,19,5,43.0171899414063,1
2017,6,11,19,5,44.8228918457031,1
2017,6,11,19,5,46.63124609375,1
2017,6,11,19,5,48.437208984375,1
2017,6,11,19,5,50.2429030761719,1
2017,6,11,19,5,52.0486950683594,1
2017,6,11,19,5,53.8545520019531,1
2017,6,11,19,5,55.6603610839844,1
2017,6,11,19,5,57.4662448730469,1
2017,6,11,19,5,59.2720061035156,1
2017,6,11,19,6,1.0777841796875,1
2017,6,11,19,6,2.88355297851562,1
2017,6,11,19,6,4.6892890625,1
2017,6,11,19,6,6.49506811523437,1
2017,6,11,19,6,8.30087719726562,1
2017,6,11,19,6,10.1066389160156,1
2017,6,11,19,6,11.9126337890625,1
2017,6,11,19,6,13.7186159667969,1
2017,6,11,19,6,15.5243278808594,1
2017,6,11,19,6,17.3301630859375,1
2017,6,11,19,6,19.1358708496094,1
2017,6,11,19,6,20.941708984375,1
2017,6,11,19,6,22.7474689941406,1
2017,6,11,19,6,24.5533540039063,1
2017,6,11,19,6,26.3593420410156,1
2017,6,11,19,6,28.16520703125,1
2017,6,11,19,6,29.9709499511719,1
2017,6,11,19,6,31.7768928222656,1
2017,6,11,19,6,33.5829721679687,1
2017,6,11,19,6,35.3888190917969,1
2017,6,11,19,6,37.1947919921875,1
2017,6,11,19,6,39.0007800292969,1
2017,6,11,19,6,40.8064790039062,1
2017,6,11,19,6,42.6121899414062,1
2017,6,11,19,6,44.4179790039062,1
2017,6,11,19,6,46.2240710449219,1
2017,6,11,19,6,48.0299721679688,1
2017,6,11,19,6,49.835787109375,1
2017,6,11,19,6,51.6416420898437,1
2017,6,11,19,6,53.4475041503906,1
2017,6,11,19,6,55.2553862304688,1
2017,6,11,19,6,57.0611611328125,1
2017,6,11,19,6,58.8670129394531,1
2017,6,11,19,7,0.67306494140625,1
2017,6,11,19,7,2.47887109375,1
2017,6,11,19,7,4.28476904296875,1
2017,6,11,19,7,6.09056396484375,1
2017,6,11,19,7,7.89630297851563,1
2017,6,11,19,7,9.70205688476562,1
2017,6,11,19,7,11.5148820800781,1
2017,6,11,19,7,13.321365234375,1
2017,6,11,19,7,15.1272390136719,1
2017,6,11,19,7,16.9329309082031,1
2017,6,11,19,7,18.7389020996094,1
2017,6,11,19,7,20.5446118164062,1
2017,6,11,19,7,22.350580078125,1
2017,6,11,19,7,24.1565,1
2017,6,11,19,7,25.9624379882812,1
2017,6,11,19,7,27.7682631835937,1
2017,6,11,19,7,29.5743520507813,1
2017,6,11,19,7,31.3802209472656,1
2017,6,11,19,7,33.1860380859375,1
2017,6,11,19,7,34.9919099121094,1
2017,6,11,19,7,36.7976220703125,1
2017,6,11,19,7,38.6035180664063,1
2017,6,11,19,7,40.4092939453125,1
2017,6,11,19,7,42.21516796875,1
2017,6,11,19,7,44.0209489746094,1
2017,6,11,19,7,45.8268020019531,1
2017,6,11,19,7,47.6326879882812,1
2017,6,11,19,7,49.4384028320313,1
2017,6,11,19,7,51.2443161621094,1
2017,6,11,19,7,53.0499138183594,1
2017,6,11,19,7,54.8558071289062,1
2017,6,11,19,7,56.6616750488281,1
2017,6,11,19,7,58.4676069335937,1
2017,6,11,19,8,0.27356494140625,1
2017,6,11,19,8,2.07935400390625,1
2017,6,11,19,8,3.8851689453125,1
2017,6,11,19,8,5.69098901367188,1
2017,6,11,19,8,7.496916015625,1
2017,6,11,19,8,9.30269409179687,1
2017,6,11,19,8,11.1084831542969,1
2017,6,11,19,8,12.9144331054687,1
2017,6,11,19,8,14.7202890625,1
2017,6,11,19,8,16.5260178222656,1
2017,6,11,19,8,18.3318940429687,1
2017,6,11,19,8,20.1377180175781,1
2017,6,11,19,8,22.1001389160156,1
2017,6,11,19,8,23.9061511230469,1
2017,6,11,19,8,25.7118598632813,1
2017,6,11,19,8,27.5177790527344,1
2017,6,11,19,8,29.3239428710937,1
2017,6,11,19,8,31.1299289550781,1
2017,6,11,19,8,32.9358229980469,1
2017,6,11,19,8,34.7416821289062,1
2017,6,11,19,8,36.5475949707031,1
2017,6,11,19,8,38.3533488769531,1
2017,6,11,19,8,40.159251953125,1
2017,6,11,19,8,41.9650827636719,1
2017,6,11,19,8,43.770880859375,1
2017,6,11,19,8,45.5768930664062,1
2017,6,11,19,8,47.3827541503906,1
2017,6,11,19,8,49.1887189941406,1
2017,6,11,19,8,50.9946630859375,1
2017,6,11,19,8,52.8003981933594,1
2017,6,11,19,8,54.606326171875,1
2017,6,11,19,8,56.4120849609375,1
2017,6,11,19,8,58.2281748046875,1
2017,6,11,19,9,0.03392919921875,1
2017,6,11,19,9,1.83989819335937,1
2017,6,11,19,9,3.64572412109375,1
2017,6,11,19,9,5.45163598632813,1
2017,6,11,19,9,7.25952783203125,1
2017,6,11,19,9,9.06526293945313,1
2017,6,11,19,9,10.871083984375,1
2017,6,11,19,9,12.677169921875,1
2017,6,11,19,9,14.4831499023438,1
2017,6,11,19,9,16.2889658203125,1
2017,6,11,19,9,18.0950539550781,1
2017,6,11,19,9,19.9007770996094,1
2017,6,11,19,9,21.7065988769531,1
2017,6,11,19,9,23.5124189453125,1
2017,6,11,19,9,25.3182001953125,1
2017,6,11,19,9,27.12391796875,1
2017,6,11,19,9,28.9298610839844,1
2017,6,11,19,9,30.7358278808594,1
2017,6,11,19,9,32.5415729980469,1
2017,6,11,19,9,34.347375,1
2017,6,11,19,9,36.1532021484375,1
2017,6,11,19,9,37.9590991210938,1
2017,6,11,19,9,39.764921875,1
2017,6,11,19,9,41.5708330078125,1
2017,6,11,19,9,43.3768159179687,1
2017,6,11,19,9,45.1825261230469,1
2017,6,11,19,9,46.9884738769531,1
2017,6,11,19,9,48.7943959960937,1
2017,6,11,19,9,50.600166015625,1
2017,6,11,19,9,52.4060329589844,1
2017,6,11,19,9,54.2119409179687,1
2017,6,11,19,9,56.0180200195312,1
2017,6,11,19,9,57.823791015625,1
2017,6,11,19,9,59.6295090332031,1
2017,6,11,19,10,1.435205078125,1
2017,6,11,19,10,3.2411279296875,1
2017,6,11,19,10,5.046828125,1
2017,6,11,19,10,6.8525380859375,1
2017,6,11,19,10,8.65861010742188,1
2017,6,11,19,10,10.4645559082031,1
2017,6,11,19,10,12.2705080566406,1
2017,6,11,19,10,14.0762600097656,1
2017,6,11,19,10,15.8820500488281,1
2017,6,11,19,10,17.68783203125,1
2017,6,11,19,10,19.4935769042969,1
2017,6,11,19,10,21.2994089355469,1
2017,6,11,19,10,23.1053959960938,1
2017,6,11,19,10,24.9113020019531,1
2017,6,11,19,10,26.7172670898438,1
2017,6,11,19,10,28.523248046875,1
2017,6,11,19,10,30.3291989746094,1
2017,6,11,19,10,32.1351572265625,1
2017,6,11,19,10,33.9410478515625,1
2017,6,11,19,10,35.7469321289063,1
2017,6,11,19,10,37.5527429199219,1
2017,6,11,19,10,39.3585920410156,1
2017,6,11,19,10,41.1645520019531,1
2017,6,11,19,10,42.9705368652344,1
2017,6,11,19,10,44.7762971191406,1
2017,6,11,19,10,46.5819880371094,1
2017,6,11,19,10,48.3879768066406,1
2017,6,11,19,10,50.193912109375,1
2017,6,11,19,10,52.0000131835938,1
2017,6,11,19,10,53.8058969726562,1
2017,6,11,19,10,55.6118229980469,1
2017,6,11,19,10,57.4177570800781,1
2017,6,11,19,10,59.2236240234375,1
2017,6,11,19,11,1.0296640625,1
2017,6,11,19,11,2.83530004882812,1
2017,6,11,19,11,4.64098608398437,1
2017,6,11,19,11,6.44675122070313,1
2017,6,11,19,11,8.25264916992188,1
2017,6,11,19,11,10.0585729980469,1
2017,6,11,19,11,11.8644130859375,1
2017,6,11,19,11,13.6704741210938,1
2017,6,11,19,11,15.4762380371094,1
2017,6,11,19,11,17.2819990234375,1
2017,6,11,19,11,19.0878129882813,1
2017,6,11,19,11,20.8935830078125,1
2017,6,11,19,11,22.6993740234375,1
2017,6,11,19,11,24.505078125,1
2017,6,11,19,11,26.3110500488281,1
2017,6,11,19,11,28.1169599609375,1
2017,6,11,19,11,29.92271484375,1
2017,6,11,19,11,31.7286611328125,1
2017,6,11,19,11,33.5346359863281,1
2017,6,11,19,11,35.34050390625,1
2017,6,11,19,11,37.1461069335937,1
2017,6,11,19,11,38.9520659179688,1
2017,6,11,19,11,40.7578051757813,1
2017,6,11,19,11,42.5636721191406,1
2017,6,11,19,11,44.3694838867187,1
2017,6,11,19,11,46.175291015625,1
2017,6,11,19,11,47.9812341308594,1
2017,6,11,19,11,49.7871079101563,1
2017,6,11,19,11,51.5929018554688,1
2017,6,11,19,11,53.3987561035156,1
2017,6,11,19,11,55.2045659179688,1
2017,6,11,19,11,57.01025390625,1
2017,6,11,19,11,58.8160830078125,1
2017,6,11,19,12,0.62185400390625,1
2017,6,11,19,12,2.42754614257812,1
2017,6,11,19,12,4.2334951171875,1
2017,6,11,19,12,6.03923803710938,1
2017,6,11,19,12,7.8452109375,1
2017,6,11,19,12,9.6512919921875,1
2017,6,11,19,12,11.4568659667969,1
2017,6,11,19,12,13.2642661132813,1
2017,6,11,19,12,15.0699880371094,1
2017,6,11,19,12,16.8758271484375,1
2017,6,11,19,12,18.6816999511719,1
2017,6,11,19,12,20.4875590820313,1
2017,6,11,19,12,22.2934519042969,1
2017,6,11,19,12,24.0992290039062,1
2017,6,11,19,12,25.9049748535156,1
2017,6,11,19,12,27.7107939453125,1
2017,6,11,19,12,29.5166818847656,1
2017,6,11,19,12,31.322712890625,1
2017,6,11,19,12,33.1286350097656,1
2017,6,11,19,12,34.9346198730469,1
2017,6,11,19,12,36.7403317871094,1
2017,6,11,19,12,38.5461098632813,1
2017,6,11,19,12,40.3520920410156,1
2017,6,11,19,12,42.1579580078125,1
2017,6,11,19,12,43.9636599121094,1
2017,6,11,19,12,45.7695639648437,1
2017,6,11,19,12,47.5754768066406,1
2017,6,11,19,12,49.3814311523438,1
2017,6,11,19,12,51.1872038574219,1
2017,6,11,19,12,52.9931049804688,1
2017,6,11,19,12,54.7988540039062,1
2017,6,11,19,12,56.6046669921875,1
2017,6,11,19,12,58.4106218261719,1
2017,6,11,19,13,0.2166171875,1
2017,6,11,19,13,2.02249291992187,1
2017,6,11,19,13,3.8281640625,1
2017,6,11,19,13,5.63388305664063,1
2017,6,11,19,13,7.43959594726562,1
2017,6,11,19,13,9.24528002929688,1
2017,6,11,19,13,11.0510319824219,1
2017,6,11,19,13,12.8569208984375,1
2017,6,11,19,13,14.6630051269531,1
2017,6,11,19,13,16.46878515625,1
2017,6,11,19,13,18.2745148925781,1
2017,6,11,19,13,20.0803908691406,1
2017,6,11,19,13,21.8863679199219,1
2017,6,11,19,13,23.6921989746094,1
2017,6,11,19,13,25.497921875,1
2017,6,11,19,13,27.3038740234375,1
2017,6,11,19,13,29.1097751464844,1
2017,6,11,19,13,30.9156159667969,1
2017,6,11,19,13,32.7213349609375,1
2017,6,11,19,13,34.527087890625,1
2017,6,11,19,13,36.3329328613281,1
2017,6,11,19,13,38.1388869628906,1
2017,6,11,19,13,39.9446589355469,1
2017,6,11,19,13,41.7504748535156,1
2017,6,11,19,13,43.5563918457031,1
2017,6,11,19,13,45.3622861328125,1
2017,6,11,19,13,47.1680458984375,1
2017,6,11,19,13,48.9740690917969,1
2017,6,11,19,13,50.7797700195312,1
2017,6,11,19,13,52.5854899902344,1
2017,6,11,19,13,54.3914289550781,1
2017,6,11,19,13,56.1972829589844,1
2017,6,11,19,13,58.0030561523438,1
2017,6,11,19,13,59.8087580566406,1
2017,6,11,19,14,1.61477197265625,1
2017,6,11,19,14,3.42073291015625,1
2017,6,11,19,14,5.2266259765625,1
2017,6,11,19,14,7.03257495117187,1
2017,6,11,19,14,8.8382890625,1
2017,6,11,19,14,10.6441728515625,1
2017,6,11,19,14,12.450158203125,1
2017,6,11,19,14,14.2559929199219,1
2017,6,11,19,14,16.0618549804687,1
2017,6,11,19,14,17.867583984375,1
2017,6,11,19,14,19.6734519042969,1
2017,6,11,19,14,21.47920703125,1
2017,6,11,19,14,23.2851469726562,1
2017,6,11,19,14,25.0910129394531,1
2017,6,11,19,14,26.8968588867187,1
2017,6,11,19,14,28.7027331542969,1
2017,6,11,19,14,30.5086779785156,1
2017,6,11,19,14,32.3145480957031,1
2017,6,11,19,14,34.12045703125,1
2017,6,11,19,14,35.9261501464844,1
2017,6,11,19,14,37.7319790039062,1
2017,6,11,19,14,39.5377080078125,1
2017,6,11,19,14,41.3434929199219,1
2017,6,11,19,14,43.1499580078125,1
2017,6,11,19,14,44.9559909667969,1
2017,6,11,19,14,46.7619440917969,1
2017,6,11,19,14,48.567916015625,1
2017,6,11,19,14,50.3736948242188,1
2017,6,11,19,14,52.1794938964844,1
2017,6,11,19,14,53.9855090332031,1
2017,6,11,19,14,55.7913078613281,1
2017,6,11,19,14,57.5970629882813,1
2017,6,11,19,14,59.4029699707031,1
2017,6,11,19,15,1.20885791015625,1
2017,6,11,19,15,3.0147978515625,1
2017,6,11,19,15,4.82051806640625,1
2017,6,11,19,15,6.62639404296875,1
2017,6,11,19,15,8.43214111328125,1
2017,6,11,19,15,10.2379309082031,1
2017,6,11,19,15,12.0438188476563,1
2017,6,11,19,15,13.8495600585938,1
2017,6,11,19,15,15.6553508300781,1
2017,6,11,19,15,17.461251953125,1
2017,6,11,19,15,19.2688330078125,1
2017,6,11,19,15,21.0745339355469,1
2017,6,11,19,15,22.88037890625,1
2017,6,11,19,15,24.6862690429687,1
2017,6,11,19,15,26.4919829101562,1
2017,6,11,19,15,28.2979619140625,1
2017,6,11,19,15,30.1036611328125,1
2017,6,11,19,15,31.9094699707031,1
2017,6,11,19,15,33.7152080078125,1
2017,6,11,19,15,35.5210759277344,1
2017,6,11,19,15,37.3269770507813,1
2017,6,11,19,15,39.1329519042969,1
2017,6,11,19,15,40.9388579101563,1
2017,6,11,19,15,42.74483203125,1
2017,6,11,19,15,44.5508000488281,1
2017,6,11,19,15,46.356544921875,1
2017,6,11,19,15,48.1622319335938,1
2017,6,11,19,15,49.9682131347656,1
2017,6,11,19,15,51.7740791015625,1
2017,6,11,19,15,53.5798308105469,1
2017,6,11,19,15,55.3856779785156,1
2017,6,11,19,15,57.1916340332031,1
2017,6,11,19,15,58.9974689941406,1
2017,6,11,19,16,0.803452880859375,1
2017,6,11,19,16,2.60927514648438,1
2017,6,11,19,16,4.41521997070313,1
2017,6,11,19,16,6.22110205078125,1
2017,6,11,19,16,8.02711889648437,1
2017,6,11,19,16,9.83285815429688,1
2017,6,11,19,16,11.6386088867187,1
2017,6,11,19,16,13.4445939941406,1
2017,6,11,19,16,15.2503481445312,1
2017,6,11,19,16,17.056251953125,1
2017,6,11,19,16,18.8621140136719,1
2017,6,11,19,16,20.6680231933594,1
2017,6,11,19,16,22.4740090332031,1
2017,6,11,19,16,24.2799938964844,1
2017,6,11,19,16,26.0857509765625,1
2017,6,11,19,16,27.8914499511719,1
2017,6,11,19,16,29.6974399414063,1
2017,6,11,19,16,31.5031999511719,1
2017,6,11,19,16,33.3091010742188,1
2017,6,11,19,16,35.1148901367187,1
2017,6,11,19,16,36.920658203125,1
2017,6,11,19,16,38.7264919433594,1
2017,6,11,19,16,40.5324758300781,1
2017,6,11,19,16,42.3383901367188,1
2017,6,11,19,16,44.1443720703125,1
2017,6,11,19,16,45.9504321289063,1
2017,6,11,19,16,47.7563139648437,1
2017,6,11,19,16,49.5620529785156,1
2017,6,11,19,16,51.3678181152344,1
2017,6,11,19,16,53.1737019042969,1
2017,6,11,19,16,54.9796030273437,1
2017,6,11,19,16,56.7853068847656,1
2017,6,11,19,16,58.5910791015625,1
2017,6,11,19,17,0.397026123046875,1
2017,6,11,19,17,2.20288110351563,1
2017,6,11,19,17,4.00880688476563,1
2017,6,11,19,17,5.814701171875,1
2017,6,11,19,17,7.6206650390625,1
2017,6,11,19,17,9.42663793945312,1
2017,6,11,19,17,11.2324250488281,1
2017,6,11,19,17,13.038373046875,1
2017,6,11,19,17,14.8442358398437,1
2017,6,11,19,17,16.6501040039063,1
2017,6,11,19,17,18.4560209960937,1
2017,6,11,19,17,20.261830078125,1
2017,6,11,19,17,22.0677758789063,1
2017,6,11,19,17,23.8735659179688,1
2017,6,11,19,17,25.6795549316406,1
2017,6,11,19,17,27.4853579101562,1
2017,6,11,19,17,29.3024899902344,1
2017,6,11,19,17,31.108376953125,1
2017,6,11,19,17,32.9141809082031,1
2017,6,11,19,17,34.7199340820313,1
2017,6,11,19,17,36.5257648925781,1
2017,6,11,19,17,38.3316149902344,1
2017,6,11,19,17,40.1375319824219,1
2017,6,11,19,17,41.9433801269531,1
2017,6,11,19,17,43.7491970214844,1
2017,6,11,19,17,45.5551809082031,1
2017,6,11,19,17,47.361205078125,1
2017,6,11,19,17,49.1668569335937,1
2017,6,11,19,17,50.9726901855469,1
2017,6,11,19,17,52.7784499511719,1
2017,6,11,19,17,54.58420703125,1
2017,6,11,19,17,56.3899169921875,1
2017,6,11,19,17,58.1956848144531,1
2017,6,11,19,18,0.0017890625,1
2017,6,11,19,18,1.80746704101563,1
2017,6,11,19,18,3.613296875,1
2017,6,11,19,18,5.41903295898438,1
2017,6,11,19,18,7.22498291015625,1
2017,6,11,19,18,9.0309091796875,1
2017,6,11,19,18,10.836744140625,1
2017,6,11,19,18,12.64250390625,1
2017,6,11,19,18,14.4484418945312,1
2017,6,11,19,18,16.2541450195313,1
2017,6,11,19,18,18.0601049804688,1
2017,6,11,19,18,49.6974689941406,1
2017,6,11,19,18,51.5067761230469,1
2017,6,11,19,18,53.3473420410156,1
2017,6,11,19,18,55.2934838867187,1
2017,6,11,19,18,57.1596450195312,1
2017,6,11,19,18,59.1068859863281,1
2017,6,11,19,19,1.01947094726562,1
2017,6,11,19,19,2.86915795898437,1
2017,6,11,19,19,4.8115087890625,1
2017,6,11,19,19,6.6950859375,1
2017,6,11,19,19,8.54219287109375,1
2017,6,11,19,19,10.3573950195312,1
2017,6,11,19,19,12.2991818847656,1
2017,6,11,19,19,14.1050998535156,1
2017,6,11,19,19,16.1457729492187,1
2017,6,11,19,19,17.9517299804687,1
2017,6,11,19,19,19.7574799804688,1
2017,6,11,19,19,21.7017067871094,1
2017,6,11,19,19,23.5126159667969,1
2017,6,11,19,19,25.5058659667969,1
2017,6,11,19,19,27.3117380371094,1
2017,6,11,19,19,29.1484528808594,1
2017,6,11,19,19,31.1012849121094,1
2017,6,11,19,19,32.9460720214844,1
2017,6,11,19,19,34.8528571777344,1
2017,6,11,19,19,36.7007238769531,1
2017,6,11,19,19,38.5064389648438,1
2017,6,11,19,19,40.3339750976562,1
2017,6,11,19,19,42.2911650390625,1
2017,6,11,19,19,44.0968571777344,1
2017,6,11,19,19,46.0343068847656,1
2017,6,11,19,19,47.9866198730469,1
2017,6,11,19,19,49.9760991210938,1
2017,6,11,19,19,52.00346484375,1
2017,6,11,19,19,53.9888188476562,1
2017,6,11,19,19,55.9797739257813,1
2017,6,11,19,19,58.0141779785156,1
2017,6,11,19,19,59.9776540527344,1
2017,6,11,19,20,2.0085439453125,1
2017,6,11,19,20,3.95598095703125,1
2017,6,11,19,20,5.84057495117187,1
2017,6,11,19,20,7.77992895507812,1
2017,6,11,19,20,9.67614501953125,1
2017,6,11,19,20,11.5160988769531,1
2017,6,11,19,20,13.3340471191406,1
2017,6,11,19,20,15.41933984375,1
2017,6,11,19,20,17.2966010742187,1
2017,6,11,19,20,19.2966159667969,1
2017,6,11,19,20,21.3186359863281,1
2017,6,11,19,20,23.2382509765625,1
2017,6,11,19,20,25.2170209960938,1
2017,6,11,19,20,27.0592839355469,1
2017,6,11,19,20,29.0224431152344,1
2017,6,11,19,20,30.8151071777344,1
2017,6,11,19,20,32.8063149414062,1
2017,6,11,19,20,34.8133559570312,1
2017,6,11,19,20,36.6678449707031,1
2017,6,11,19,20,38.5763869628906,1
2017,6,11,19,20,40.4284050292969,1
2017,6,11,19,20,42.3025500488281,1
2017,6,11,19,20,44.1084360351563,1
2017,6,11,19,20,45.9919108886719,1
2017,6,11,19,20,47.8075520019531,1
2017,6,11,19,20,49.6586989746094,1
2017,6,11,19,20,51.7518498535156,1
2017,6,11,19,20,53.5720500488281,1
2017,6,11,19,20,55.4267800292969,1
2017,6,11,19,20,57.2979140625,1
2017,6,11,19,20,59.1850122070312,1
2017,6,11,19,21,1.05656494140625,1
2017,6,11,19,21,2.95226318359375,1
2017,6,11,19,21,4.94038891601562,1
2017,6,11,19,21,7.02576708984375,1
2017,6,11,19,21,8.93881982421875,1
2017,6,11,19,21,10.7748251953125,1
2017,6,11,19,21,12.7745920410156,1
2017,6,11,19,21,14.6493388671875,1
2017,6,11,19,21,16.6980769042969,1
2017,6,11,19,21,18.5038391113281,1
2017,6,11,19,21,20.3463540039062,1
2017,6,11,19,21,22.1522570800781,1
2017,6,11,19,21,24.0100620117188,1
2017,6,11,19,21,26.0125620117187,1
2017,6,11,19,21,27.9594580078125,1
2017,6,11,19,21,29.9552358398437,1
2017,6,11,19,21,32.0243581542969,1
2017,6,11,19,21,33.9690390625,1
2017,6,11,19,21,36.0473798828125,1
2017,6,11,19,21,37.8636779785156,1
2017,6,11,19,21,39.7040341796875,1
2017,6,11,19,21,41.5692839355469,1
2017,6,11,19,21,43.4762399902344,1
2017,6,11,19,21,45.3149689941406,1
2017,6,11,19,21,47.2996098632812,1
2017,6,11,19,21,49.137619140625,1
2017,6,11,19,21,51.0837041015625,1
2017,6,11,19,21,52.9927280273438,1
2017,6,11,19,21,54.9498200683594,1
2017,6,11,19,21,57.1454091796875,1
2017,6,11,19,21,58.9851228027344,1
2017,6,11,19,22,0.84547314453125,1
2017,6,11,19,22,2.75361108398438,1
2017,6,11,19,22,4.65052392578125,1
2017,6,11,19,22,6.47136303710938,1
2017,6,11,19,22,8.35693701171875,1
2017,6,11,19,22,10.3009018554687,1
2017,6,11,19,22,12.4063168945312,1
2017,6,11,19,22,14.3046491699219,1
2017,6,11,19,22,16.3005910644531,1
2017,6,11,19,22,18.3387761230469,1
2017,6,11,19,22,20.1445651855469,1
2017,6,11,19,22,21.9507580566406,1
2017,6,11,19,22,23.7723269042969,1
2017,6,11,19,22,25.6857668457031,1
2017,6,11,19,22,27.4917080078125,1
2017,6,11,19,22,29.3070549316406,1
2017,6,11,19,22,31.3119899902344,1
2017,6,11,19,22,33.3593559570312,1
2017,6,11,19,22,35.3012348632813,1
2017,6,11,19,22,37.4210930175781,1
2017,6,11,19,22,39.3026372070313,1
2017,6,11,19,22,41.1332829589844,1
2017,6,11,19,22,42.96204296875,1
2017,6,11,19,22,44.8069619140625,1
2017,6,11,19,22,46.7420700683594,1
2017,6,11,19,22,48.548,1
2017,6,11,19,22,50.5280439453125,1
2017,6,11,19,22,52.3339460449219,1
2017,6,11,19,22,54.1397658691406,1
2017,6,11,19,22,56.1024560546875,1
2017,6,11,19,22,57.9333540039063,1
2017,6,11,19,23,0.068360107421875,1
2017,6,11,19,23,2.02139794921875,1
2017,6,11,19,23,3.8272021484375,1
2017,6,11,19,23,5.63317211914062,1
2017,6,11,19,23,7.43914794921875,1
2017,6,11,19,23,9.24498193359375,1
2017,6,11,19,23,11.0507141113281,1
2017,6,11,19,23,12.8566040039063,1
2017,6,11,19,23,14.6625510253906,1
2017,6,11,19,23,16.4684609375,1
2017,6,11,19,23,18.2830141601562,1
2017,6,11,19,23,20.0888701171875,1
2017,6,11,19,23,21.8947800292969,1
2017,6,11,19,23,23.7006599121094,1
2017,6,11,19,23,25.5064311523438,1
2017,6,11,19,23,27.3121669921875,1
2017,6,11,19,23,29.1180620117187,1
2017,6,11,19,23,30.9238940429688,1
2017,6,11,19,23,32.7298701171875,1
2017,6,11,19,23,34.535748046875,1
2017,6,11,19,23,36.3414399414063,1
2017,6,11,19,23,38.1472138671875,1
2017,6,11,19,23,39.9529360351562,1
2017,6,11,19,23,41.7588930664063,1
2017,6,11,19,23,43.5646518554688,1
2017,6,11,19,23,45.370412109375,1
2017,6,11,19,23,47.1762490234375,1
2017,6,11,19,23,48.9822390136719,1
2017,6,11,19,23,50.7879819335937,1
2017,6,11,19,23,52.5939230957031,1
2017,6,11,19,23,54.3998662109375,1
2017,6,11,19,23,56.2058068847656,1
2017,6,11,19,23,58.0116030273438,1
2017,6,11,19,23,59.8173010253906,1
2017,6,11,19,24,1.62332006835938,1
2017,6,11,19,24,3.42906298828125,1
2017,6,11,19,24,5.23484619140625,1
2017,6,11,19,24,7.04060888671875,1
2017,6,11,19,24,8.84649389648438,1
2017,6,11,19,24,10.6524450683594,1
2017,6,11,19,24,12.4582509765625,1
2017,6,11,19,24,14.2640700683594,1
2017,6,11,19,24,16.0700122070313,1
2017,6,11,19,24,17.8759748535156,1
2017,6,11,19,24,19.6819438476562,1
2017,6,11,19,24,21.4877551269531,1
2017,6,11,19,24,23.2937429199219,1
2017,6,11,19,24,25.0995,1
2017,6,11,19,24,26.9060500488281,1
2017,6,11,19,24,28.7119829101563,1
2017,6,11,19,24,30.5176840820312,1
2017,6,11,19,24,32.3234519042969,1
2017,6,11,19,24,34.1293791503906,1
2017,6,11,19,24,35.9350720214844,1
2017,6,11,19,24,37.7408149414062,1
2017,6,11,19,24,39.5465168457031,1
2017,6,11,19,24,41.3524931640625,1
2017,6,11,19,24,43.1583640136719,1
2017,6,11,19,24,44.9643518066406,1
2017,6,11,19,24,46.7701298828125,1
2017,6,11,19,24,48.5760559082031,1
2017,6,11,19,24,50.3818220214844,1
2017,6,11,19,24,52.1876359863281,1
2017,6,11,19,24,53.9935090332031,1
2017,6,11,19,24,55.7994841308594,1
2017,6,11,19,24,57.6054060058594,1
2017,6,11,19,24,59.4111909179688,1
2017,6,11,19,25,1.2169658203125,1
2017,6,11,19,25,3.0228349609375,1
2017,6,11,19,25,4.82875,1
2017,6,11,19,25,6.63463891601562,1
2017,6,11,19,25,8.4404951171875,1
2017,6,11,19,25,10.2462680664062,1
2017,6,11,19,25,12.0522270507812,1
2017,6,11,19,25,13.857916015625,1
2017,6,11,19,25,15.6636479492188,1
2017,6,11,19,25,17.4695319824219,1
2017,6,11,19,25,19.2752790527344,1
2017,6,11,19,25,21.0811511230469,1
2017,6,11,19,25,22.8869350585937,1
2017,6,11,19,25,24.6927741699219,1
2017,6,11,19,25,26.4985959472656,1
2017,6,11,19,25,28.3044829101562,1
2017,6,11,19,25,30.1103679199219,1
2017,6,11,19,25,31.9161149902344,1
2017,6,11,19,25,33.7218889160156,1
2017,6,11,19,25,35.5277180175781,1
2017,6,11,19,25,37.3334689941406,1
2017,6,11,19,25,39.1394279785156,1
2017,6,11,19,25,40.9453430175781,1
2017,6,11,19,25,42.7511831054687,1
2017,6,11,19,25,44.5571420898438,1
2017,6,11,19,25,46.3630209960938,1
2017,6,11,19,25,48.1689790039063,1
2017,6,11,19,25,49.9747490234375,1
2017,6,11,19,25,51.7807351074219,1
2017,6,11,19,25,53.5866350097656,1
2017,6,11,19,25,55.3924091796875,1
2017,6,11,19,25,57.19812109375,1
2017,6,11,19,25,59.0039460449219,1
2017,6,11,19,26,0.809845947265625,1
2017,6,11,19,26,2.61568896484375,1
2017,6,11,19,26,4.42154296875,1
2017,6,11,19,26,6.22747705078125,1
2017,6,11,19,26,8.03339404296875,1
2017,6,11,19,26,9.83934204101562,1
2017,6,11,19,26,11.6451770019531,1
2017,6,11,19,26,13.451087890625,1
2017,6,11,19,26,15.2569899902344,1
2017,6,11,19,26,17.0628940429688,1
2017,6,11,19,26,18.8688811035156,1
2017,6,11,19,26,20.6748540039063,1
2017,6,11,19,26,22.480791015625,1
2017,6,11,19,26,24.2870200195313,1
2017,6,11,19,26,26.0927177734375,1
2017,6,11,19,26,27.8985610351562,1
2017,6,11,19,26,29.7043879394531,1
2017,6,11,19,26,31.5103779296875,1
2017,6,11,19,26,33.3161311035156,1
2017,6,11,19,26,35.1218149414062,1
2017,6,11,19,26,36.9275729980469,1
2017,6,11,19,26,38.7333610839844,1
2017,6,11,19,26,40.5393410644531,1
2017,6,11,19,26,42.3452319335938,1
2017,6,11,19,26,44.1509230957031,1
2017,6,11,19,26,45.9568349609375,1
2017,6,11,19,26,47.7627648925781,1
2017,6,11,19,26,49.5687729492187,1
2017,6,11,19,26,51.3744929199219,1
2017,6,11,19,26,53.1804379882812,1
2017,6,11,19,26,54.9863220214844,1
2017,6,11,19,26,56.7922561035156,1
2017,6,11,19,26,58.5981518554687,1
2017,6,11,19,27,0.403947998046875,1
2017,6,11,19,27,2.20969897460937,1
2017,6,11,19,27,4.01538305664062,1
2017,6,11,19,27,5.82118383789062,1
2017,6,11,19,27,7.62710815429688,1
2017,6,11,19,27,9.43298510742187,1
2017,6,11,19,27,11.238953125,1
2017,6,11,19,27,13.0447731933594,1
2017,6,11,19,27,14.8506159667969,1
2017,6,11,19,27,16.6564809570312,1
2017,6,11,19,27,18.4623698730469,1
2017,6,11,19,27,20.2681240234375,1
2017,6,11,19,27,22.0738989257813,1
2017,6,11,19,27,23.879919921875,1
2017,6,11,19,27,25.685669921875,1
2017,6,11,19,27,27.4915830078125,1
2017,6,11,19,27,29.29733984375,1
2017,6,11,19,27,31.1032861328125,1
2017,6,11,19,27,32.9110200195313,1
2017,6,11,19,27,34.7149538574219,1
2017,6,11,19,27,36.5206850585937,1
2017,6,11,19,27,38.3266569824219,1
2017,6,11,19,27,40.13233984375,1
2017,6,11,19,27,41.9382299804687,1
2017,6,11,19,27,43.7439829101562,1
2017,6,11,19,27,45.5498020019531,1
2017,6,11,19,27,47.3556750488281,1
2017,6,11,19,27,49.1615739746094,1
2017,6,11,19,27,50.9675080566406,1
2017,6,11,19,27,52.7733728027344,1
2017,6,11,19,27,54.5793149414063,1
2017,6,11,19,27,56.3851708984375,1
2017,6,11,19,27,58.2016630859375,1
2017,6,11,19,28,0.007379150390625,1
2017,6,11,19,28,1.8132861328125,1
2017,6,11,19,28,3.61919189453125,1
2017,6,11,19,28,5.4250791015625,1
2017,6,11,19,28,7.23101220703125,1
2017,6,11,19,28,9.03691284179687,1
2017,6,11,19,28,10.8428991699219,1
2017,6,11,19,28,12.6486508789062,1
2017,6,11,19,28,14.4543549804688,1
2017,6,11,19,28,16.26008203125,1
2017,6,11,19,28,18.0659580078125,1
2017,6,11,19,28,19.8719270019531,1
2017,6,11,19,28,21.6779089355469,1
2017,6,11,19,28,23.4920339355469,1
2017,6,11,19,28,25.2978088378906,1
2017,6,11,19,28,27.1035849609375,1
2017,6,11,19,28,28.9095639648437,1
2017,6,11,19,28,30.7152468261719,1
2017,6,11,19,28,32.5212258300781,1
2017,6,11,19,28,34.3269399414063,1
2017,6,11,19,28,36.1326909179688,1
2017,6,11,19,28,37.9385209960938,1
2017,6,11,19,28,39.7443020019531,1
2017,6,11,19,28,41.5502231445313,1
2017,6,11,19,28,43.3559958496094,1
2017,6,11,19,28,45.1618630371094,1
2017,6,11,19,28,46.9678359375,1
2017,6,11,19,28,48.7736708984375,1
2017,6,11,19,28,50.5796049804688,1
2017,6,11,19,28,52.3855520019531,1
2017,6,11,19,28,54.1915249023438,1
2017,6,11,19,28,55.9972229003906,1
2017,6,11,19,28,57.8029379882813,1
2017,6,11,19,28,59.608876953125,1
2017,6,11,19,29,1.41476708984375,1
2017,6,11,19,29,3.22051586914063,1
2017,6,11,19,29,5.02639794921875,1
2017,6,11,19,29,6.8321689453125,1
2017,6,11,19,29,8.63811987304688,1
2017,6,11,19,29,10.44395703125,1
2017,6,11,19,29,12.2498920898437,1
2017,6,11,19,29,14.0556240234375,1
2017,6,11,19,29,15.8616059570312,1
2017,6,11,19,29,17.6674047851563,1
2017,6,11,19,29,19.4733930664062,1
2017,6,11,19,29,21.2791130371094,1
2017,6,11,19,29,23.0850871582031,1
2017,6,11,19,29,24.8909140625,1
2017,6,11,19,29,26.6967348632813,1
2017,6,11,19,29,28.5025598144531,1
2017,6,11,19,29,30.3084919433594,1
2017,6,11,19,29,32.1142868652344,1
2017,6,11,19,29,33.9202229003906,1
2017,6,11,19,29,35.7260270996094,1
2017,6,11,19,29,37.5317290039062,1
2017,6,11,19,29,39.3374399414063,1
2017,6,11,19,29,41.143578125,1
2017,6,11,19,29,42.9497380371094,1
2017,6,11,19,29,44.7556711425781,1
2017,6,11,19,29,46.5613950195312,1
2017,6,11,19,29,48.3738610839844,1
2017,6,11,19,29,50.1797331542969,1
2017,6,11,19,29,51.9856901855469,1
2017,6,11,19,29,53.7916511230469,0
2017,6,11,19,29,55.5976159667969,1
2017,6,11,19,29,57.4035581054687,1
2017,6,11,19,29,59.2093620605469,1
2017,6,11,19,30,1.01505810546875,1
2017,6,11,19,30,2.82097290039062,1
2017,6,11,19,30,4.6268330078125,1
2017,6,11,19,30,6.43281787109375,1
2017,6,11,19,30,8.23881787109375,1
2017,6,11,19,30,10.0445209960938,1
2017,6,11,19,30,11.8503251953125,1
2017,6,11,19,30,13.6560329589844,1
2017,6,11,19,30,15.4618479003906,1
2017,6,11,19,30,17.2676999511719,1
2017,6,11,19,30,19.0737431640625,1
2017,6,11,19,30,20.8795659179688,1
2017,6,11,19,30,22.6853388671875,1
2017,6,11,19,30,24.4913239746094,1
2017,6,11,19,30,26.2970190429687,1
2017,6,11,19,30,28.1027780761719,1
2017,6,11,19,30,29.908716796875,1
2017,6,11,19,30,31.7146169433594,1
2017,6,11,19,30,33.5205129394531,1
2017,6,11,19,30,35.326423828125,1
2017,6,11,19,30,37.1321970214844,1
2017,6,11,19,30,38.9380710449219,1
2017,6,11,19,30,40.7440400390625,1
2017,6,11,19,30,42.5496550292969,1
2017,6,11,19,30,44.3554321289063,1
2017,6,11,19,30,46.1611640625,1
2017,6,11,19,30,47.9670268554688,1
2017,6,11,19,30,49.7730051269531,1
2017,6,11,19,30,51.5789899902344,1
2017,6,11,19,30,53.3847700195313,1
2017,6,11,19,30,55.19075,1
2017,6,11,19,30,56.9966049804688,1
2017,6,11,19,30,58.8023549804687,1
2017,6,11,19,31,0.608156982421875,1
2017,6,11,19,31,2.41411303710938,1
2017,6,11,19,31,4.21990112304688,1
2017,6,11,19,31,6.02564916992188,1
2017,6,11,19,31,7.8314541015625,1
2017,6,11,19,31,9.637419921875,1
2017,6,11,19,31,11.4432729492188,1
2017,6,11,19,31,13.24904296875,1
2017,6,11,19,31,15.0550300292969,1
2017,6,11,19,31,16.8608090820312,1
2017,6,11,19,31,18.6667111816406,1
2017,6,11,19,31,20.4726811523437,1
2017,6,11,19,31,22.2783979492187,1
2017,6,11,19,31,24.08425390625,1
2017,6,11,19,31,25.8901401367187,1
2017,6,11,19,31,27.69599609375,1
2017,6,11,19,31,29.5017758789063,1
2017,6,11,19,31,31.3077231445312,1
2017,6,11,19,31,33.1135300292969,1
2017,6,11,19,31,34.919326171875,1
2017,6,11,19,31,36.7250329589844,1
2017,6,11,19,31,38.530908203125,1
2017,6,11,19,31,40.336833984375,1
2017,6,11,19,31,42.1428010253906,1
2017,6,11,19,31,43.9486030273438,1
2017,6,11,19,31,45.754544921875,1
2017,6,11,19,31,47.5603649902344,1
2017,6,11,19,31,49.3661689453125,1
2017,6,11,19,31,51.1721201171875,1
2017,6,11,19,31,52.9778959960937,1
2017,6,11,19,31,54.7836179199219,1
2017,6,11,19,31,56.5895969238281,1
2017,6,11,19,31,58.3953198242188,1
2017,6,11,19,32,0.2012919921875,1
2017,6,11,19,32,2.00711987304688,1
2017,6,11,19,32,3.81305419921875,1
2017,6,11,19,32,5.61898217773437,1
2017,6,11,19,32,7.42483715820313,1
2017,6,11,19,32,9.2305390625,1
2017,6,11,19,32,11.0364470214844,1
2017,6,11,19,32,12.8476108398437,1
2017,6,11,19,32,14.6535200195312,1
2017,6,11,19,32,16.4594340820313,1
2017,6,11,19,32,18.2652048339844,1
2017,6,11,19,32,20.0711550292969,1
2017,6,11,19,32,21.8772458496094,1
2017,6,11,19,32,23.6829851074219,1
2017,6,11,19,32,25.4886701660156,1
2017,6,11,19,32,27.2945739746094,1
2017,6,11,19,32,29.100501953125,1
2017,6,11,19,32,30.9064250488281,1
2017,6,11,19,32,32.7124089355469,1
2017,6,11,19,32,34.5182038574219,1
2017,6,11,19,32,36.3239851074219,1
2017,6,11,19,32,38.1296740722656,1
2017,6,11,19,32,39.9354418945313,1
2017,6,11,19,32,41.7411750488281,1
2017,6,11,19,32,43.5470539550781,1
2017,6,11,19,32,45.35279296875,1
2017,6,11,19,32,47.1586579589844,1
2017,6,11,19,32,48.9645610351563,1
2017,6,11,19,32,50.7704128417969,1
2017,6,11,19,32,52.5762919921875,1
2017,6,11,19,32,54.3821789550781,1
2017,6,11,19,32,56.1881979980469,1
2017,6,11,19,32,57.9940900878906,1
2017,6,11,19,32,59.799869140625,1
2017,6,11,19,33,1.60579614257813,1
2017,6,11,19,33,3.41161108398438,1
2017,6,11,19,33,5.21763403320313,1
2017,6,11,19,33,7.02348901367187,1
2017,6,11,19,33,8.82919995117187,1
2017,6,11,19,33,10.6351049804687,1
2017,6,11,19,33,12.4408171386719,1
2017,6,11,19,33,14.2466589355469,1
2017,6,11,19,33,16.0524731445312,1
2017,6,11,19,33,17.8583479003906,1
2017,6,11,19,33,19.6640871582031,1
2017,6,11,19,33,21.4700178222656,1
2017,6,11,19,33,23.2759599609375,1
2017,6,11,19,33,25.0817690429688,1
2017,6,11,19,33,26.8876628417969,1
2017,6,11,19,33,28.6935109863281,1
2017,6,11,19,33,30.499330078125,1
2017,6,11,19,33,32.3052690429688,1
2017,6,11,19,33,34.1112280273437,1
2017,6,11,19,33,35.9172028808594,1
2017,6,11,19,33,37.7299240722656,1
2017,6,11,19,33,39.5356381835937,1
2017,6,11,19,33,41.3416171875,1
2017,6,11,19,33,43.147330078125,1
2017,6,11,19,33,44.9530791015625,1
2017,6,11,19,33,46.7589929199219,1
2017,6,11,19,33,48.5648459472656,1
2017,6,11,19,33,50.370794921875,1
2017,6,11,19,33,52.1768449707031,1
2017,6,11,19,33,53.98271484375,1
2017,6,11,19,33,55.7887868652344,1
2017,6,11,19,33,57.5945971679688,1
2017,6,11,19,33,59.400373046875,1
2017,6,11,19,34,1.20605712890625,1
2017,6,11,19,34,3.01802709960937,1
2017,6,11,19,34,4.82394189453125,1
2017,6,11,19,34,6.6299541015625,1
2017,6,11,19,34,8.43591186523438,1
2017,6,11,19,34,10.2417541503906,1
2017,6,11,19,34,12.0475419921875,1
2017,6,11,19,34,13.8533178710938,1
2017,6,11,19,34,15.6591430664062,1
2017,6,11,19,34,17.464869140625,1
2017,6,11,19,34,19.2707661132813,1
2017,6,11,19,34,21.0766899414063,1
2017,6,11,19,34,22.8826040039062,1
2017,6,11,19,34,24.6885048828125,1
2017,6,11,19,34,26.4942231445313,1
2017,6,11,19,34,28.3001120605469,1
2017,6,11,19,34,30.1058879394531,1
2017,6,11,19,34,31.9116188964844,1
2017,6,11,19,34,33.7174880371094,1
2017,6,11,19,34,35.5232009277344,1
2017,6,11,19,34,37.3289890136719,1
2017,6,11,19,34,39.1349431152344,1
2017,6,11,19,34,40.9427448730469,1
2017,6,11,19,34,42.7485659179687,1
2017,6,11,19,34,44.554373046875,1
2017,6,11,19,34,46.3603649902344,1
2017,6,11,19,34,48.1662209472656,1
2017,6,11,19,34,49.97194921875,1
2017,6,11,19,34,51.7777978515625,1
2017,6,11,19,34,53.58354296875,1
2017,6,11,19,34,55.389421875,1
2017,6,11,19,34,57.1952661132812,1
2017,6,11,19,34,59.0010610351562,1
2017,6,11,19,35,0.806981201171875,1
2017,6,11,19,35,2.61290991210937,1
2017,6,11,19,35,4.41860009765625,1
2017,6,11,19,35,6.22442797851563,1
2017,6,11,19,35,8.03032592773437,1
2017,6,11,19,35,9.8362587890625,1
2017,6,11,19,35,11.64207421875,1
2017,6,11,19,35,13.4480559082031,1
2017,6,11,19,35,15.2538439941406,1
2017,6,11,19,35,17.0597319335937,1
2017,6,11,19,35,18.8656279296875,1
2017,6,11,19,35,20.6715100097656,1
2017,6,11,19,35,22.4772609863281,1
2017,6,11,19,35,24.2831130371094,1
2017,6,11,19,35,26.0888139648438,1
2017,6,11,19,35,27.8945620117188,1
2017,6,11,19,35,29.7003081054687,1
2017,6,11,19,35,31.5060200195312,1
2017,6,11,19,35,33.3119279785156,1
2017,6,11,19,35,35.1178400878906,1
2017,6,11,19,35,36.9236281738281,1
2017,6,11,19,35,38.7294130859375,1
2017,6,11,19,35,40.5350969238281,1
2017,6,11,19,35,42.3408029785156,1
2017,6,11,19,35,44.1467858886719,1
2017,6,11,19,35,45.9525400390625,1
2017,6,11,19,35,47.7583640136719,1
2017,6,11,19,35,49.5642580566406,1
2017,6,11,19,35,51.3700981445312,1
2017,6,11,19,35,53.1760119628906,1
2017,6,11,19,35,54.9819809570312,1
2017,6,11,19,35,56.7877270507812,1
2017,6,11,19,35,58.5936530761719,1
2017,6,11,19,36,0.3995380859375,1
2017,6,11,19,36,2.20550610351563,1
2017,6,11,19,36,4.01126904296875,1
2017,6,11,19,36,5.81721997070312,1
2017,6,11,19,36,7.6229208984375,1
2017,6,11,19,36,9.42868212890625,1
2017,6,11,19,36,11.2346579589844,1
2017,6,11,19,36,13.0405620117187,1
2017,6,11,19,36,14.8465310058594,1
2017,6,11,19,36,16.6526279296875,1
2017,6,11,19,36,18.4584069824219,1
2017,6,11,19,36,20.2643310546875,1
2017,6,11,19,36,22.070216796875,1
2017,6,11,19,36,23.876,1
2017,6,11,19,36,25.6817390136719,1
2017,6,11,19,36,27.4875310058594,1
2017,6,11,19,36,29.2933029785156,1
2017,6,11,19,36,31.0992788085937,1
2017,6,11,19,36,32.9051960449219,1
2017,6,11,19,36,34.7109799804687,1
2017,6,11,19,36,36.5168779296875,1
2017,6,11,19,36,38.3225920410156,1
2017,6,11,19,36,40.1283249511719,1
2017,6,11,19,36,41.9342229003906,1
2017,6,11,19,36,43.7400678710937,1
2017,6,11,19,36,45.5458830566406,1
2017,6,11,19,36,47.3518110351563,1
2017,6,11,19,36,49.157583984375,1
2017,6,11,19,36,50.9635539550781,1
2017,6,11,19,36,52.7693410644531,1
2017,6,11,19,36,54.5751540527344,1
2017,6,11,19,36,56.3810830078125,1
2017,6,11,19,36,58.1870539550781,1
2017,6,11,19,36,59.99292578125,1
2017,6,11,19,37,1.7986318359375,1
2017,6,11,19,37,3.60447509765625,1
2017,6,11,19,37,5.41042504882812,1
2017,6,11,19,37,7.21612084960937,1
2017,6,11,19,37,9.0218388671875,1
2017,6,11,19,37,10.8276770019531,1
2017,6,11,19,37,12.6333950195312,1
2017,6,11,19,37,14.4392221679688,1
2017,6,11,19,37,16.2449809570312,1
2017,6,11,19,37,18.0507199707031,1
2017,6,11,19,37,19.8566921386719,1
2017,6,11,19,37,21.6626350097656,1
2017,6,11,19,37,23.4683981933594,1
2017,6,11,19,37,25.2743881835938,1
2017,6,11,19,37,27.0800991210937,1
2017,6,11,19,37,28.8860258789062,1
2017,6,11,19,37,30.6917829589844,1
2017,6,11,19,37,32.4975190429687,1
2017,6,11,19,37,34.3034719238281,1
2017,6,11,19,37,36.1091940917969,1
2017,6,11,19,37,37.9152180175781,1
2017,6,11,19,37,39.7209350585938,1
2017,6,11,19,37,41.5266850585937,1
2017,6,11,19,37,43.3324921875,1
2017,6,11,19,37,45.1383901367187,1
2017,6,11,19,37,46.944208984375,1
2017,6,11,19,37,48.7500588378906,1
2017,6,11,19,37,50.5558640136719,1
2017,6,11,19,37,52.3616682128906,1
2017,6,11,19,37,54.1673549804688,1
2017,6,11,19,37,55.973083984375,1
2017,6,11,19,37,57.7788530273438,1
2017,6,11,19,37,59.5846218261719,1
2017,6,11,19,38,1.390453125,1
2017,6,11,19,38,3.19618505859375,1
2017,6,11,19,38,5.00210009765625,1
2017,6,11,19,38,6.8078798828125,1
2017,6,11,19,38,8.61365893554687,1
2017,6,11,19,38,10.4194738769531,1
2017,6,11,19,38,12.2253288574219,1
2017,6,11,19,38,14.0309309082031,1
2017,6,11,19,38,15.8366350097656,1
2017,6,11,19,38,17.6468210449219,1
2017,6,11,19,38,19.4525180664062,1
2017,6,11,19,38,21.2584350585938,1
2017,6,11,19,38,23.0641669921875,1
2017,6,11,19,38,24.8699069824219,1
2017,6,11,19,38,26.6758950195313,1
2017,6,11,19,38,28.4817268066406,1
2017,6,11,19,38,30.2875490722656,1
2017,6,11,19,38,32.0932351074219,1
2017,6,11,19,38,33.8992058105469,1
2017,6,11,19,38,35.7050349121094,1
2017,6,11,19,38,37.5110070800781,1
2017,6,11,19,38,39.3166889648437,1
2017,6,11,19,38,41.1223918457031,1
2017,6,11,19,38,42.9283129882812,1
2017,6,11,19,38,44.73412890625,1
2017,6,11,19,38,46.5399201660156,1
2017,6,11,19,38,48.3457099609375,1
2017,6,11,19,38,50.1516899414062,1
2017,6,11,19,38,51.9574001464844,1
2017,6,11,19,38,53.7632160644531,1
2017,6,11,19,38,55.5689758300781,1
2017,6,11,19,38,57.3749509277344,1
2017,6,11,19,38,59.1807370605469,1
2017,6,11,19,39,0.986675048828125,1
2017,6,11,19,39,2.79247680664063,1
2017,6,11,19,39,4.59845483398438,1
2017,6,11,19,39,6.40425903320313,1
2017,6,11,19,39,8.21014916992188,1
2017,6,11,19,39,10.0159868164063,1
2017,6,11,19,39,11.8217529296875,1
2017,6,11,19,39,13.6276318359375,1
2017,6,11,19,39,15.43358203125,1
2017,6,11,19,39,17.2393410644531,1
2017,6,11,19,39,19.0451101074219,1
2017,6,11,19,39,20.8507941894531,1
2017,6,11,19,39,22.6565209960938,1
2017,6,11,19,39,24.4622790527344,1
2017,6,11,19,39,26.2681140136719,1
2017,6,11,19,39,28.0738708496094,0
2017,6,11,19,39,29.8795810546875,0
2017,6,11,19,39,31.6854650878906,0
2017,6,11,19,39,33.4914418945312,0
2017,6,11,19,39,35.2971489257813,0
2017,6,11,19,39,37.102958984375,0
2017,6,11,19,39,38.9089208984375,0
2017,6,11,19,39,40.7148608398438,0
2017,6,11,19,39,42.5289641113281,0
2017,6,11,19,39,44.334666015625,0
2017,6,11,19,39,46.1405920410156,0
2017,6,11,19,39,47.9464750976562,0
2017,6,11,19,39,49.7522919921875,0
2017,6,11,19,39,51.5583889160156,0
2017,6,11,19,39,53.3641750488281,0
2017,6,11,19,39,55.1701618652344,0
2017,6,11,19,39,56.9759309082031,0
2017,6,11,19,39,58.7818540039062,0
2017,6,11,19,40,0.587697998046875,0
2017,6,11,19,40,2.3936181640625,0
2017,6,11,19,40,4.1994609375,0
2017,6,11,19,40,6.00524096679688,0
2017,6,11,19,40,7.81118798828125,0
2017,6,11,19,40,9.61706005859375,0
2017,6,11,19,40,11.4227900390625,0
2017,6,11,19,40,13.2287221679687,0
2017,6,11,19,40,15.0346611328125,0
2017,6,11,19,40,16.840591796875,0
2017,6,11,19,40,18.646375,0
2017,6,11,19,40,20.4521049804688,0
2017,6,11,19,40,22.2580700683594,0
2017,6,11,19,40,24.0639118652344,0
2017,6,11,19,40,25.8696330566406,0
2017,6,11,19,40,27.6753161621094,0
2017,6,11,19,40,29.4812670898438,0
2017,6,11,19,40,31.2872209472656,0
2017,6,11,19,40,33.0931750488281,0
2017,6,11,19,40,34.8991110839844,0
2017,6,11,19,40,36.7049650878906,0
2017,6,11,19,40,38.5109060058594,0
2017,6,11,19,40,40.3166330566406,0
2017,6,11,19,40,42.12233203125,0
2017,6,11,19,40,43.9280510253906,0
2017,6,11,19,40,45.7339438476562,0
2017,6,11,19,40,47.539876953125,0
2017,6,11,19,40,49.3456599121094,0
2017,6,11,19,40,51.1516120605469,0
2017,6,11,19,40,52.957376953125,0
2017,6,11,19,40,54.7630810546875,0
2017,6,11,19,40,56.5689580078125,0
2017,6,11,19,40,58.3746669921875,0
2017,6,11,19,41,0.18056396484375,0
2017,6,11,19,41,1.98630908203125,0
2017,6,11,19,41,3.7920009765625,0
2017,6,11,19,41,5.59777001953125,0
2017,6,11,19,41,7.41125708007812,0
2017,6,11,19,41,9.21707690429687,0
2017,6,11,19,41,11.022875,0
2017,6,11,19,41,12.8288469238281,0
2017,6,11,19,41,14.6347260742188,0
2017,6,11,19,41,16.4405778808594,0
2017,6,11,19,41,18.2463559570312,0
2017,6,11,19,41,20.0522800292969,0
2017,6,11,19,41,21.85808203125,0
2017,6,11,19,41,23.6638400878906,0
2017,6,11,19,41,25.4696440429687,0
2017,6,11,19,41,27.2755100097656,0
2017,6,11,19,41,29.0816779785156,0
2017,6,11,19,41,30.8874440917969,0
2017,6,11,19,41,32.6933100585938,0
2017,6,11,19,41,34.4992939453125,0
2017,6,11,19,41,36.3051159667969,0
2017,6,11,19,41,38.110953125,0
2017,6,11,19,41,39.9167060546875,0
2017,6,11,19,41,41.7223979492188,0
2017,6,11,19,41,43.5281911621094,0
2017,6,11,19,41,45.3339389648438,0
2017,6,11,19,41,47.1399140625,0
2017,6,11,19,41,48.9458972167969,0
2017,6,11,19,41,50.7516960449219,0
2017,6,11,19,41,52.5575100097656,0
2017,6,11,19,41,54.363203125,0
2017,6,11,19,41,56.1690969238281,0
2017,6,11,19,41,57.9749702148438,0
2017,6,11,19,41,59.7808508300781,0
2017,6,11,19,42,1.58663793945313,0
2017,6,11,19,42,3.39253002929687,0
2017,6,11,19,42,5.19848901367187,0
2017,6,11,19,42,7.0044638671875,0
2017,6,11,19,42,8.81033984375,0
2017,6,11,19,42,10.6160510253906,0
2017,6,11,19,42,12.4221120605469,0
2017,6,11,19,42,14.2278020019531,0
2017,6,11,19,42,16.0334880371094,0
2017,6,11,19,42,17.8393659667969,0
2017,6,11,19,42,19.6450810546875,0
2017,6,11,19,42,21.4507880859375,0
2017,6,11,19,42,23.2567409667969,0
2017,6,11,19,42,25.0624731445312,0
2017,6,11,19,42,26.8683071289062,0
2017,6,11,19,42,28.6741330566406,0
2017,6,11,19,42,30.4800700683594,0
2017,6,11,19,42,32.2859741210938,0
2017,6,11,19,42,34.092080078125,0
2017,6,11,19,42,35.8980490722656,0
2017,6,11,19,42,37.7038820800781,0
2017,6,11,19,42,39.5096140136719,0
2017,6,11,19,42,41.3153120117188,0
2017,6,11,19,42,43.1210988769531,0
2017,6,11,19,42,44.9269689941406,0
2017,6,11,19,42,46.7328649902344,0
2017,6,11,19,42,48.5388159179687,0
2017,6,11,19,42,50.3447438964844,0
2017,6,11,19,42,52.1506440429688,0
2017,6,11,19,42,53.95637109375,0
2017,6,11,19,42,55.762375,0
2017,6,11,19,42,57.5682099609375,0
2017,6,11,19,42,59.3741350097656,0
2017,6,11,19,43,1.17997412109375,0
2017,6,11,19,43,2.98585595703125,0
2017,6,11,19,43,4.79158081054687,0
2017,6,11,19,43,6.5975419921875,0
2017,6,11,19,43,8.403291015625,0
2017,6,11,19,43,10.2091650390625,0
2017,6,11,19,43,12.0150100097656,0
2017,6,11,19,43,13.8208210449219,0
2017,6,11,19,43,15.6266369628906,0
2017,6,11,19,43,17.4323908691406,0
2017,6,11,19,43,19.2383520507812,0
2017,6,11,19,43,21.0442431640625,0
2017,6,11,19,43,22.8499660644531,0
2017,6,11,19,43,24.6558298339844,0
2017,6,11,19,43,26.4616320800781,0
2017,6,11,19,43,28.26758203125,0
2017,6,11,19,43,30.0735959472656,0
2017,6,11,19,43,31.8845600585937,0
2017,6,11,19,43,33.6903469238281,0
2017,6,11,19,43,35.4962858886719,0
2017,6,11,19,43,37.30208984375,0
2017,6,11,19,43,39.1080100097656,0
2017,6,11,19,43,40.9140698242187,0
2017,6,11,19,43,42.7199580078125,0
2017,6,11,19,43,44.5256960449219,0
2017,6,11,19,43,46.3316030273438,0
2017,6,11,19,43,48.1373779296875,0
2017,6,11,19,43,49.9431091308594,0
2017,6,11,19,43,51.7489609375,0
2017,6,11,19,43,53.5548149414062,0
2017,6,11,19,43,55.3605959472656,0
2017,6,11,19,43,57.1663688964844,0
2017,6,11,19,43,58.9721779785156,0
2017,6,11,19,44,0.77810107421875,0
2017,6,11,19,44,2.58423217773437,0
2017,6,11,19,44,4.38983203125,0
2017,6,11,19,44,6.19573803710937,0
2017,6,11,19,44,8.00160107421875,0
2017,6,11,19,44,9.80739819335938,0
2017,6,11,19,44,11.6131511230469,0
2017,6,11,19,44,13.418998046875,0
2017,6,11,19,44,15.2249370117187,0
2017,6,11,19,44,17.0308549804687,0
2017,6,11,19,44,18.8366140136719,0
2017,6,11,19,44,20.6424379882813,0
2017,6,11,19,44,22.4481311035156,0
2017,6,11,19,44,24.2540239257813,0
2017,6,11,19,44,26.059923828125,0
2017,6,11,19,44,27.8658569335938,0
2017,6,11,19,44,29.6716020507812,0
2017,6,11,19,44,31.4775419921875,0
2017,6,11,19,44,33.2833669433594,0
2017,6,11,19,44,35.0891530761719,0
2017,6,11,19,44,36.8951179199219,0
2017,6,11,19,44,38.700876953125,0
2017,6,11,19,44,40.5067319335937,0
2017,6,11,19,44,42.3130231933594,0
2017,6,11,19,44,44.1191599121094,0
2017,6,11,19,44,45.9249189453125,0
2017,6,11,19,44,47.7308110351563,0
2017,6,11,19,44,49.5367041015625,0
2017,6,11,19,44,51.3424631347656,0
2017,6,11,19,44,53.1483491210938,0
2017,6,11,19,44,54.9542338867187,0
2017,6,11,19,44,56.766794921875,0
2017,6,11,19,44,58.5726999511719,0
2017,6,11,19,45,0.378681884765625,0
2017,6,11,19,45,2.18440014648437,0
2017,6,11,19,45,3.9901669921875,0
2017,6,11,19,45,5.79619091796875,0
2017,6,11,19,45,7.60209497070313,0
2017,6,11,19,45,9.40804516601563,0
2017,6,11,19,45,11.214005859375,0
2017,6,11,19,45,13.0199111328125,0
2017,6,11,19,45,14.8257819824219,0
2017,6,11,19,45,16.6315109863281,0
2017,6,11,19,45,18.4374470214844,0
2017,6,11,19,45,20.2434221191406,0
2017,6,11,19,45,22.049375,0
2017,6,11,19,45,23.8551108398437,0
2017,6,11,19,45,25.6610651855469,0
2017,6,11,19,45,27.4670451660156,0
2017,6,11,19,45,29.2729089355469,0
2017,6,11,19,45,31.0788249511719,0
2017,6,11,19,45,32.8847749023438,0
2017,6,11,19,45,34.6905700683594,0
2017,6,11,19,45,36.4964240722656,0
2017,6,11,19,45,38.3022360839844,0
2017,6,11,19,45,40.1081350097656,0
2017,6,11,19,45,41.9138530273437,0
2017,6,11,19,45,43.7198200683594,0
2017,6,11,19,45,45.5257180175781,0
2017,6,11,19,45,47.3315078125,0
2017,6,11,19,45,49.1375178222656,0
2017,6,11,19,45,50.9433840332031,0
2017,6,11,19,45,52.749337890625,0
2017,6,11,19,45,54.5551469726563,0
2017,6,11,19,45,56.3610051269531,0
2017,6,11,19,45,58.1669699707031,0
2017,6,11,19,45,59.9727839355469,0
2017,6,11,19,46,1.77871704101562,0
2017,6,11,19,46,3.58452294921875,0
2017,6,11,19,46,5.39027807617188,0
2017,6,11,19,46,7.196166015625,0
2017,6,11,19,46,9.0019208984375,0
2017,6,11,19,46,10.8079040527344,0
2017,6,11,19,46,12.6136091308594,0
2017,6,11,19,46,14.4194470214844,0
2017,6,11,19,46,16.2252590332031,0
2017,6,11,19,46,18.0311240234375,0
2017,6,11,19,46,19.8370249023437,0
2017,6,11,19,46,21.6427551269531,0
2017,6,11,19,46,23.4485791015625,0
2017,6,11,19,46,25.254498046875,0
2017,6,11,19,46,27.0624060058594,0
2017,6,11,19,46,28.8690380859375,0
2017,6,11,19,46,30.6748107910156,0
2017,6,11,19,46,32.4807209472656,0
2017,6,11,19,46,34.2866730957031,0
2017,6,11,19,46,36.0924321289063,0
2017,6,11,19,46,37.8982919921875,0
2017,6,11,19,46,39.7039741210938,0
2017,6,11,19,46,41.5099658203125,0
2017,6,11,19,46,43.3159028320312,0
2017,6,11,19,46,45.1217470703125,0
2017,6,11,19,46,46.9277009277344,0
2017,6,11,19,46,48.7336271972656,0
2017,6,11,19,46,50.5395739746094,0
2017,6,11,19,46,52.3453420410156,0
2017,6,11,19,46,54.1511088867188,0
2017,6,11,19,46,55.9569260253906,0
2017,6,11,19,46,57.7627839355469,0
2017,6,11,19,46,59.5686359863281,0
2017,6,11,19,47,1.37448095703125,0
2017,6,11,19,47,3.18026000976562,0
2017,6,11,19,47,4.98614819335937,0
2017,6,11,19,47,6.79190502929688,0
2017,6,11,19,47,8.59788696289062,0
2017,6,11,19,47,10.4037248535156,0
2017,6,11,19,47,12.2097111816406,0
2017,6,11,19,47,14.0155029296875,0
2017,6,11,19,47,15.8214331054687,0
2017,6,11,19,47,17.6272121582031,0
2017,6,11,19,47,19.4330891113281,0
2017,6,11,19,47,21.2389699707031,0
2017,6,11,19,47,23.0447231445313,0
2017,6,11,19,47,24.8506179199219,0
2017,6,11,19,47,26.6563669433594,0
2017,6,11,19,47,28.4621430664062,0
2017,6,11,19,47,30.2679750976563,0
2017,6,11,19,47,32.0739299316406,0
2017,6,11,19,47,33.88005078125,0
2017,6,11,19,47,35.6857609863281,0
2017,6,11,19,47,37.4915329589844,0
2017,6,11,19,47,39.297291015625,0
2017,6,11,19,47,41.1031430664062,0
2017,6,11,19,47,42.9090549316406,0
2017,6,11,19,47,44.7149528808594,0
2017,6,11,19,47,46.5206430664063,0
2017,6,11,19,47,48.3264338378906,0
2017,6,11,19,47,50.1323540039063,0
2017,6,11,19,47,51.9380649414063,0
2017,6,11,19,47,53.7438159179688,0
2017,6,11,19,47,55.55121484375,0
2017,6,11,19,47,57.3569270019531,0
2017,6,11,19,47,59.1627900390625,0
2017,6,11,19,48,0.968590087890625,0
2017,6,11,19,48,2.77432104492188,0
2017,6,11,19,48,4.58031103515625,0
2017,6,11,19,48,6.38613110351563,0
2017,6,11,19,48,8.1919169921875,0
2017,6,11,19,56,40.8623271484375,0
2017,6,11,19,56,42.6680390625,0
2017,6,11,19,56,44.4739020996094,0
2017,6,11,19,56,46.2797209472656,0
2017,6,11,19,56,48.0854909667969,0
2017,6,11,19,56,49.891375,0
2017,6,11,19,56,51.6972370605469,0
2017,6,11,19,56,53.5030009765625,0
2017,6,11,19,56,55.3088449707031,0
2017,6,11,19,56,57.1147858886719,0
2017,6,11,19,56,58.9206940917969,0
2017,6,11,19,57,0.72637890625,0
2017,6,11,19,57,2.532166015625,0
2017,6,11,19,57,4.337955078125,0
2017,6,11,19,57,6.14393090820313,0
2017,6,11,19,57,7.94980493164062,0
2017,6,11,19,57,9.75570288085937,0
2017,6,11,19,57,11.5617119140625,0
2017,6,11,19,57,13.3675529785156,0
2017,6,11,19,57,15.1733010253906,0
2017,6,11,19,57,16.9833029785156,0
2017,6,11,19,57,18.789076171875,0
2017,6,11,19,57,20.5949240722656,0
2017,6,11,19,57,22.4007739257813,0
2017,6,11,19,57,24.2064619140625,0
2017,6,11,19,57,26.014216796875,0
2017,6,11,19,57,27.8201989746094,0
2017,6,11,19,57,29.626087890625,0
2017,6,11,19,57,31.4317751464844,0
2017,6,11,19,57,33.2375231933594,0
2017,6,11,19,57,35.0434760742188,0
2017,6,11,19,57,36.8494360351563,0
2017,6,11,19,57,38.6552131347656,0
2017,6,11,19,57,40.4611120605469,0
2017,6,11,19,57,42.2668291015625,0
2017,6,11,19,57,44.072669921875,0
2017,6,11,19,57,45.8784731445312,0
2017,6,11,19,57,47.6843510742188,0
2017,6,11,19,57,49.4900949707031,0
2017,6,11,19,57,51.2960378417969,0
2017,6,11,19,57,53.1019460449219,0
2017,6,11,19,57,54.9078828125,0
2017,6,11,19,57,56.7138500976562,0
2017,6,11,19,57,58.5197160644531,0
2017,6,11,19,58,0.325553955078125,0
2017,6,11,19,58,2.13126196289062,0
2017,6,11,19,58,3.93711401367187,0
2017,6,11,19,58,5.7428349609375,0
2017,6,11,19,58,7.54864819335937,0
2017,6,11,19,58,9.3545419921875,0
2017,6,11,19,58,11.1604040527344,0
2017,6,11,19,58,12.966208984375,0
2017,6,11,19,58,14.7720087890625,0
2017,6,11,19,58,16.577837890625,0
2017,6,11,19,58,18.3837111816406,0
2017,6,11,19,58,20.1896669921875,0
2017,6,11,19,58,21.9954189453125,0
2017,6,11,19,58,23.8011259765625,0
2017,6,11,19,58,25.6068740234375,0
2017,6,11,19,58,27.4126748046875,0
2017,6,11,19,58,29.2185400390625,0
2017,6,11,19,58,31.0244428710938,0
2017,6,11,19,58,32.8301389160156,0
2017,6,11,19,58,34.6358681640625,0
2017,6,11,19,58,36.4415720214844,0
2017,6,11,19,58,38.2472829589844,0
2017,6,11,19,58,40.0531459960937,0
2017,6,11,19,58,41.8654321289062,0
2017,6,11,19,58,43.6712990722656,0
2017,6,11,19,58,45.4772509765625,0
2017,6,11,19,58,47.2829848632812,0
2017,6,11,19,58,49.0888439941406,0
2017,6,11,19,58,50.8947119140625,0
2017,6,11,19,58,52.7005610351562,0
2017,6,11,19,58,54.5064990234375,0
2017,6,11,19,58,56.3122749023438,0
2017,6,11,19,58,58.1182138671875,0
2017,6,11,19,58,59.9239780273438,0
2017,6,11,19,59,1.72981494140625,0
2017,6,11,19,59,3.53557397460937,0
2017,6,11,19,59,5.34156616210938,0
2017,6,11,19,59,7.14725805664063,0
2017,6,11,19,59,8.95294409179687,0
2017,6,11,19,59,10.7586359863281,0
2017,6,11,19,59,12.564791015625,0
2017,6,11,19,59,14.3705229492187,0
2017,6,11,19,59,16.1763369140625,0
2017,6,11,19,59,17.9821318359375,0
2017,6,11,19,59,19.7878908691406,0
2017,6,11,19,59,21.5937080078125,0
2017,6,11,19,59,23.3995910644531,0
2017,6,11,19,59,25.2054069824219,0
2017,6,11,19,59,27.0113859863281,0
2017,6,11,19,59,28.8172451171875,0
2017,6,11,19,59,30.6229680175781,0
2017,6,11,19,59,32.4288508300781,0
2017,6,11,19,59,34.2346030273438,0
2017,6,11,19,59,36.0405700683594,0
2017,6,11,19,59,37.8463891601562,0
2017,6,11,19,59,39.652087890625,0
2017,6,11,19,59,41.4577770996094,0
2017,6,11,19,59,43.2638908691406,0
2017,6,11,19,59,45.0696950683594,0
2017,6,11,19,59,46.8756079101562,0
2017,6,11,19,59,48.6813681640625,0
2017,6,11,19,59,50.4873601074219,0
2017,6,11,19,59,52.2932780761719,0
2017,6,11,19,59,54.0992587890625,0
2017,6,11,19,59,55.90500390625,0
2017,6,11,19,59,57.71070703125,0
2017,6,11,19,59,59.5184279785156,0
2017,6,11,20,0,1.32426000976562,0
2017,6,11,20,0,3.13008178710938,0
2017,6,11,20,0,4.93610498046875,0
2017,6,11,20,0,6.74771899414062,0
2017,6,11,20,0,8.55344384765625,0
2017,6,11,20,0,10.359208984375,0
2017,6,11,20,0,12.1649189453125,0
2017,6,11,20,0,13.9707160644531,0
2017,6,11,20,0,15.7768420410156,0
2017,6,11,20,0,17.5825551757812,0
2017,6,11,20,0,19.3883540039063,0
2017,6,11,20,0,21.1940961914062,0
2017,6,11,20,0,22.9999968261719,0
2017,6,11,20,0,24.80591796875,0
2017,6,11,20,0,26.6118229980469,0
2017,6,11,20,0,28.4176020507813,0
2017,6,11,20,0,30.2234089355469,0
2017,6,11,20,0,32.029130859375,0
2017,6,11,20,0,33.8348459472656,0
2017,6,11,20,0,35.6406569824219,0
2017,6,11,20,0,37.4465239257812,0
2017,6,11,20,0,39.25237890625,0
2017,6,11,20,0,41.0580729980469,0
2017,6,11,20,0,42.8640251464844,0
2017,6,11,20,0,44.6698400878906,0
2017,6,11,20,0,46.4756811523438,0
2017,6,11,20,0,48.281626953125,0
2017,6,11,20,0,50.0877329101562,0
2017,6,11,20,0,51.8935009765625,0
2017,6,11,20,0,53.699333984375,0
2017,6,11,20,0,55.5051860351562,0
2017,6,11,20,0,57.3110520019531,0
2017,6,11,20,0,59.1168439941406,0
2017,6,11,20,1,0.9227509765625,0
2017,6,11,20,1,2.72863110351562,0
2017,6,11,20,1,4.53459301757812,0
2017,6,11,20,1,6.34040307617188,0
2017,6,11,20,1,8.1462109375,0
2017,6,11,20,1,9.95196801757812,0
2017,6,11,20,1,11.7579870605469,0
2017,6,11,20,1,13.5638708496094,0
2017,6,11,20,1,15.3697219238281,0
2017,6,11,20,1,17.1756149902344,0
2017,6,11,20,1,18.9813181152344,0
2017,6,11,20,1,20.7870668945313,0
2017,6,11,20,1,22.5928608398438,0
2017,6,11,20,1,24.3987351074219,0
2017,6,11,20,1,26.2044638671875,0
2017,6,11,20,1,28.0170349121094,0
2017,6,11,20,1,29.8227780761719,0
2017,6,11,20,1,31.6296259765625,0
2017,6,11,20,1,33.4353178710938,0
2017,6,11,20,1,35.2412360839844,0
2017,6,11,20,1,37.0471398925781,0
2017,6,11,20,1,38.8528669433594,0
2017,6,11,20,1,40.6587810058594,0
2017,6,11,20,1,42.4646101074219,0
2017,6,11,20,1,44.2704418945313,0
2017,6,11,20,1,46.0761889648438,0
2017,6,11,20,1,47.8819089355469,0
2017,6,11,20,1,49.6878669433594,0
2017,6,11,20,1,51.4938430175781,0
2017,6,11,20,1,53.2995478515625,0
2017,6,11,20,1,55.1054799804688,0
2017,6,11,20,1,56.9113718261719,0
2017,6,11,20,1,58.7170888671875,0
2017,6,11,20,2,0.522787109375,0
2017,6,11,20,2,2.32848901367187,0
2017,6,11,20,2,4.1342822265625,0
2017,6,11,20,2,5.94027001953125,0
2017,6,11,20,2,7.74613305664063,0
2017,6,11,20,2,9.55186694335938,0
2017,6,11,20,2,11.3576789550781,0
2017,6,11,20,2,13.1636450195313,0
2017,6,11,20,2,14.969458984375,0
2017,6,11,20,2,16.7752448730469,0
2017,6,11,20,2,18.5811479492187,0
2017,6,11,20,2,20.3871240234375,0
2017,6,11,20,2,22.19291796875,0
2017,6,11,20,2,23.998626953125,0
2017,6,11,20,2,25.8044050292969,0
2017,6,11,20,2,27.6102368164062,0
2017,6,11,20,2,29.41616015625,0
2017,6,11,20,2,31.2220109863281,0
2017,6,11,20,2,33.0279670410156,0
2017,6,11,20,2,34.833751953125,0
2017,6,11,20,2,36.6395991210938,0
2017,6,11,20,2,38.4455510253906,0
2017,6,11,20,2,40.2513388671875,0
2017,6,11,20,2,42.0572709960937,0
2017,6,11,20,2,43.8629838867188,0
2017,6,11,20,2,45.6688010253906,0
2017,6,11,20,2,47.4745029296875,0
2017,6,11,20,2,49.2803959960938,0
2017,6,11,20,2,51.0863740234375,0
2017,6,11,20,2,52.89233984375,0
2017,6,11,20,2,54.6982250976562,0
2017,6,11,20,2,56.5118879394531,0
2017,6,11,20,2,58.3176721191406,0
2017,6,11,20,3,0.123390869140625,0
2017,6,11,20,3,1.929126953125,0
2017,6,11,20,3,3.73486596679688,0
2017,6,11,20,3,5.54080395507813,0
2017,6,11,20,3,7.34650610351563,0
2017,6,11,20,3,9.1525,0
2017,6,11,20,3,10.9584030761719,0
2017,6,11,20,3,12.7641708984375,0
2017,6,11,20,3,14.5700620117188,0
2017,6,11,20,3,16.3757800292969,0
2017,6,11,20,3,18.181662109375,0
2017,6,11,20,3,19.9875559082031,0
2017,6,11,20,3,21.7935122070312,0
2017,6,11,20,3,23.5993859863281,0
2017,6,11,20,3,25.405251953125,0
2017,6,11,20,3,27.2111088867188,0
2017,6,11,20,3,29.0169499511719,0
2017,6,11,20,3,30.8230529785156,0
2017,6,11,20,3,32.629,0
2017,6,11,20,3,34.4349748535156,0
2017,6,11,20,3,36.2407700195312,0
2017,6,11,20,3,38.0466818847656,0
2017,6,11,20,3,39.8526630859375,0
2017,6,11,20,3,41.658546875,0
2017,6,11,20,3,43.464416015625,0
2017,6,11,20,3,45.2703039550781,0
2017,6,11,20,3,47.0760720214844,0
2017,6,11,20,3,48.8818801269531,0
2017,6,11,20,3,50.6876398925781,0
2017,6,11,20,3,52.4936420898438,0
2017,6,11,20,3,54.2994321289062,0
2017,6,11,20,3,56.1051469726563,0
2017,6,11,20,3,57.9110961914063,0
2017,6,11,20,3,59.7169260253906,0
2017,6,11,20,4,1.52275903320312,0
2017,6,11,20,4,3.32856396484375,0
2017,6,11,20,4,5.13467504882813,0
2017,6,11,20,4,6.9404990234375,1
2017,6,11,20,4,8.74636694335937,1
2017,6,11,20,4,10.552166015625,1
2017,6,11,20,4,12.3581430664062,1
2017,6,11,20,4,14.1640068359375,1
2017,6,11,20,4,15.9698637695312,1
2017,6,11,20,4,17.775830078125,1
2017,6,11,20,4,19.5817580566406,1
2017,6,11,20,4,21.3877380371094,1
2017,6,11,20,4,23.1937790527344,1
2017,6,11,20,4,24.9996188964844,1
2017,6,11,20,4,26.8053220214844,1
2017,6,11,20,4,28.6111501464844,1
2017,6,11,20,4,30.4170139160156,1
2017,6,11,20,4,32.2229868164062,1
2017,6,11,20,4,34.0287199707031,1
2017,6,11,20,4,35.8347819824219,1
2017,6,11,20,4,37.6405100097656,1
2017,6,11,20,4,39.4463889160156,1
2017,6,11,20,4,41.2522160644531,1
2017,6,11,20,4,43.0581838378906,1
2017,6,11,20,4,44.864130859375,1
2017,6,11,20,4,46.6699770507812,1
2017,6,11,20,4,48.47595703125,1
2017,6,11,20,4,50.2818259277344,1
2017,6,11,20,4,52.0877048339844,1
2017,6,11,20,4,53.8934399414062,1
2017,6,11,20,4,55.6992131347656,1
2017,6,11,20,4,57.5051638183594,1
2017,6,11,20,4,59.3110891113281,1
2017,6,11,20,5,1.11699096679687,1
2017,6,11,20,5,2.9227431640625,1
2017,6,11,20,5,4.72865600585938,1
2017,6,11,20,5,6.53435107421875,1
2017,6,11,20,5,8.340087890625,1
2017,6,11,20,5,10.145826171875,1
2017,6,11,20,5,11.9517041015625,1
2017,6,11,20,5,13.7575358886719,1
2017,6,11,20,5,15.5635170898437,1
2017,6,11,20,5,17.3692800292969,1
2017,6,11,20,5,19.1750170898437,1
2017,6,11,20,5,20.9868937988281,1
2017,6,11,20,5,22.7927800292969,1
2017,6,11,20,5,24.5985949707031,1
2017,6,11,20,5,26.4042990722656,1
2017,6,11,20,5,28.2102138671875,1
2017,6,11,20,5,30.0160529785156,1
2017,6,11,20,5,31.8217609863281,1
2017,6,11,20,5,33.62754296875,1
2017,6,11,20,5,35.4332429199219,1
2017,6,11,20,5,37.2390161132813,1
2017,6,11,20,5,39.0449619140625,1
2017,6,11,20,5,40.8506828613281,1
2017,6,11,20,5,42.6566689453125,1
2017,6,11,20,5,44.4623879394531,1
2017,6,11,20,5,46.2683229980469,1
2017,6,11,20,5,48.0740610351562,1
2017,6,11,20,5,49.8798679199219,1
2017,6,11,20,5,51.6856259765625,1
2017,6,11,20,5,53.491541015625,1
2017,6,11,20,5,55.2973430175781,1
2017,6,11,20,5,57.103333984375,1
2017,6,11,20,5,58.9090700683594,1
2017,6,11,20,6,0.714930908203125,1
2017,6,11,20,6,2.52082299804688,1
2017,6,11,20,6,4.32680615234375,1
2017,6,11,20,6,6.13261596679687,1
2017,6,11,20,6,7.93859008789063,1
2017,6,11,20,6,9.74458203125,1
2017,6,11,20,6,11.5505349121094,1
2017,6,11,20,6,13.3562570800781,1
2017,6,11,20,6,15.1621770019531,1
2017,6,11,20,6,16.9678969726562,1
2017,6,11,20,6,18.7738508300781,1
2017,6,11,20,6,20.5797060546875,1
2017,6,11,20,6,22.3854279785156,1
2017,6,11,20,6,24.1914111328125,1
2017,6,11,20,6,25.9975268554687,1
2017,6,11,20,6,27.8034328613281,1
2017,6,11,20,6,29.6093049316406,1
2017,6,11,20,6,31.4152219238281,1
2017,6,11,20,6,33.2212160644531,1
2017,6,11,20,6,35.028994140625,1
2017,6,11,20,6,36.8329311523437,1
2017,6,11,20,6,38.6387939453125,1
2017,6,11,20,6,40.4447587890625,1
2017,6,11,20,6,42.2506760253906,1
2017,6,11,20,6,44.0565700683594,1
2017,6,11,20,6,45.868787109375,1
2017,6,11,20,6,47.6745368652344,1
2017,6,11,20,6,49.4803369140625,1
2017,6,11,20,6,51.2860961914063,1
2017,6,11,20,6,53.0920200195312,1
2017,6,11,20,6,54.8980300292969,1
2017,6,11,20,6,56.703787109375,1
2017,6,11,20,6,58.509671875,1
2017,6,11,20,7,0.315639892578125,1
2017,6,11,20,7,2.12146997070312,1
2017,6,11,20,7,3.92725805664062,1
2017,6,11,20,7,5.73297509765625,1
2017,6,11,20,7,7.53885009765625,1
2017,6,11,20,7,9.34473901367187,1
2017,6,11,20,7,11.1506169433594,1
2017,6,11,20,7,12.9563859863281,1
2017,6,11,20,7,14.7621711425781,1
2017,6,11,20,7,16.5679560546875,1
2017,6,11,20,7,18.3737648925781,1
2017,6,11,20,7,20.1797060546875,1
2017,6,11,20,7,21.9856770019531,1
2017,6,11,20,7,23.7916130371094,1
2017,6,11,20,7,25.5975659179688,1
2017,6,11,20,7,27.4035087890625,1
2017,6,11,20,7,29.209373046875,1
2017,6,11,20,7,31.0150620117188,1
2017,6,11,20,7,32.8209951171875,1
2017,6,11,20,7,34.6268562011719,1
2017,6,11,20,7,36.4326020507812,1
2017,6,11,20,7,38.2385009765625,1
2017,6,11,20,7,40.0444699707031,1
2017,6,11,20,7,41.8503039550781,1
2017,6,11,20,7,43.656203125,1
2017,6,11,20,7,45.4619069824219,1
2017,6,11,20,7,47.267873046875,1
2017,6,11,20,7,49.073837890625,1
2017,6,11,20,7,50.8797861328125,1
2017,6,11,20,7,52.6855729980469,1
2017,6,11,20,7,54.4912709960938,1
2017,6,11,20,7,56.2971101074219,1
2017,6,11,20,7,58.1028930664063,1
2017,6,11,20,7,59.9088088378906,1
2017,6,11,20,8,1.71468310546875,1
2017,6,11,20,8,3.5205,1
2017,6,11,20,8,5.32635400390625,1
2017,6,11,20,8,7.13218701171875,0
2017,6,11,20,8,8.9380380859375,0
2017,6,11,20,8,10.7510749511719,0
2017,6,11,20,8,12.5570649414062,0
2017,6,11,20,8,14.3628430175781,1
2017,6,11,20,8,16.1687131347656,1
2017,6,11,20,8,17.974544921875,1
2017,6,11,20,8,19.7803190917969,1
2017,6,11,20,8,21.5861979980469,1
2017,6,11,20,8,23.3919118652344,1
2017,6,11,20,8,25.1977639160156,1
2017,6,11,20,8,27.0037551269531,1
2017,6,11,20,8,28.8096010742188,1
2017,6,11,20,8,30.615375,1
2017,6,11,20,8,32.421333984375,1
2017,6,11,20,8,34.2277680664062,1
2017,6,11,20,8,36.0331540527344,1
2017,6,11,20,8,37.8388801269531,1
2017,6,11,20,8,39.644658203125,1
2017,6,11,20,8,41.4507919921875,1
2017,6,11,20,8,43.2566530761719,1
2017,6,11,20,8,45.0626049804687,1
2017,6,11,20,8,46.8685358886719,1
2017,6,11,20,8,48.6744631347656,1
2017,6,11,20,8,50.4802819824219,1
2017,6,11,20,8,52.2861889648438,1
2017,6,11,20,8,54.0921608886719,1
2017,6,11,20,8,55.8980910644531,1
2017,6,11,20,8,57.7038649902344,1
2017,6,11,20,8,59.5097639160156,1
2017,6,11,20,9,1.31568701171875,1
2017,6,11,20,9,3.12156689453125,1
2017,6,11,20,9,4.92752514648438,1
2017,6,11,20,9,6.73351586914062,1
2017,6,11,20,9,8.53936010742187,1
2017,6,11,20,9,10.3453120117188,1
2017,6,11,20,9,12.15124609375,1
2017,6,11,20,9,13.9571098632813,1
2017,6,11,20,9,15.7629489746094,1
2017,6,11,20,9,17.5687438964844,1
2017,6,11,20,9,19.3745871582031,1
2017,6,11,20,9,21.1803020019531,1
2017,6,11,20,9,22.986041015625,1
2017,6,11,20,9,24.7918579101562,1
2017,6,11,20,9,26.5977739257813,1
2017,6,11,20,9,28.4037438964844,1
2017,6,11,20,9,30.2094360351563,1
2017,6,11,20,9,32.01529296875,1
2017,6,11,20,9,33.8211821289063,1
2017,6,11,20,9,35.6330061035156,1
2017,6,11,20,9,37.4387919921875,1
2017,6,11,20,9,39.2446589355469,1
2017,6,11,20,9,41.0503859863281,1
2017,6,11,20,9,42.8561088867188,1
2017,6,11,20,9,44.6620532226562,1
2017,6,11,20,9,46.4678840332031,1
2017,6,11,20,9,48.2739028320312,1
2017,6,11,20,9,50.0795939941406,1
2017,6,11,20,9,51.8854389648438,1
2017,6,11,20,9,53.691373046875,1
2017,6,11,20,9,55.4972280273438,1
2017,6,11,20,9,57.3031840820313,1
2017,6,11,20,9,59.1091508789062,1
2017,6,11,20,10,0.915033203125,1
2017,6,11,20,10,2.72097900390625,1
2017,6,11,20,10,4.52677612304687,1
2017,6,11,20,10,6.33295703125,1
2017,6,11,20,10,8.138666015625,1
2017,6,11,20,10,9.94439501953125,1
2017,6,11,20,10,11.750205078125,1
2017,6,11,20,10,13.5560419921875,1
2017,6,11,20,10,15.3618259277344,1
2017,6,11,20,10,17.1675568847656,1
2017,6,11,20,10,18.9736240234375,1
2017,6,11,20,10,20.77933203125,1
2017,6,11,20,10,22.5851560058594,1
2017,6,11,20,10,24.3910698242188,1
2017,6,11,20,10,26.1969641113281,1
2017,6,11,20,10,28.0027150878906,1
2017,6,11,20,10,29.8085261230469,1
2017,6,11,20,10,31.6145187988281,1
2017,6,11,20,10,33.4203559570312,1
2017,6,11,20,10,35.2263220214844,1
2017,6,11,20,10,37.0321259765625,1
2017,6,11,20,10,38.8380729980469,1
2017,6,11,20,10,40.6438669433594,1
2017,6,11,20,10,42.4497680664062,1
2017,6,11,20,10,44.2556860351563,1
2017,6,11,20,10,46.0615720214844,1
2017,6,11,20,10,47.8674777832031,1
2017,6,11,20,10,49.6735729980469,1
2017,6,11,20,10,51.4792021484375,1
2017,6,11,20,10,53.2851669921875,1
2017,6,11,20,10,55.0910239257813,1
2017,6,11,20,10,56.8969360351563,1
2017,6,11,20,10,58.7026569824219,1
2017,6,11,20,11,0.51515380859375,1
2017,6,11,20,11,2.3210029296875,1
2017,6,11,20,11,4.12687109375,0
2017,6,11,20,11,5.93270385742187,0
2017,6,11,20,11,7.738666015625,0
2017,6,11,20,11,9.54454809570312,0
2017,6,11,20,11,11.3504350585937,0
2017,6,11,20,11,13.1563588867188,0
2017,6,11,20,11,14.9622751464844,0
2017,6,11,20,11,16.7681149902344,0
2017,6,11,20,11,18.5738371582031,0
2017,6,11,20,11,20.3796560058594,0
2017,6,11,20,11,22.1858840332031,0
2017,6,11,20,11,23.99187109375,0
2017,6,11,20,11,25.7976770019531,0
2017,6,11,20,11,27.6035881347656,0
2017,6,11,20,11,29.4093999023438,0
2017,6,11,20,11,31.2155849609375,0
2017,6,11,20,11,33.0237980957031,0
2017,6,11,20,11,34.8296779785156,0
2017,6,11,20,11,36.6354450683594,0
2017,6,11,20,11,38.4414150390625,0
2017,6,11,20,11,40.2471989746094,0
2017,6,11,20,11,42.0531721191406,0
2017,6,11,20,11,43.8588679199219,0
2017,6,11,20,11,45.6649221191406,0
2017,6,11,20,11,47.4706860351562,1
2017,6,11,20,11,49.2765600585938,1
2017,6,11,20,11,51.0824799804687,1
2017,6,11,20,11,52.8882849121094,1
2017,6,11,20,11,54.6941689453125,1
2017,6,11,20,11,56.4999289550781,1
2017,6,11,20,11,58.305791015625,1
2017,6,11,20,12,0.11147802734375,1
2017,6,11,20,12,1.91723486328125,1
2017,6,11,20,12,3.72296411132813,1
2017,6,11,20,12,5.52868286132813,1
2017,6,11,20,12,7.3346591796875,1
2017,6,11,20,12,9.14047412109375,1
2017,6,11,20,12,10.9463090820313,1
2017,6,11,20,12,12.75216796875,1
2017,6,11,20,12,14.5580571289063,1
2017,6,11,20,12,16.3640480957031,1
2017,6,11,20,12,18.1698439941406,1
2017,6,11,20,12,19.9757958984375,1
2017,6,11,20,12,21.7815239257813,1
2017,6,11,20,12,23.5874519042969,1
2017,6,11,20,12,25.3932580566406,1
2017,6,11,20,12,27.1990639648437,1
2017,6,11,20,12,29.0050471191406,1
2017,6,11,20,12,30.8107590332031,1
2017,6,11,20,12,32.6165849609375,1
2017,6,11,20,12,34.4225681152344,1
2017,6,11,20,12,36.2282761230469,1
2017,6,11,20,12,38.0340739746094,1
2017,6,11,20,12,39.8399819335937,1
2017,6,11,20,12,41.6457590332031,1
2017,6,11,20,12,43.4516611328125,1
2017,6,11,20,12,45.2574619140625,1
2017,6,11,20,12,47.0632009277344,1
2017,6,11,20,12,48.8688859863281,1
2017,6,11,20,12,50.6748090820313,1
2017,6,11,20,12,52.4805268554688,1
2017,6,11,20,12,54.286533203125,1
2017,6,11,20,12,56.0922619628906,1
2017,6,11,20,12,57.898169921875,1
2017,6,11,20,12,59.7041198730469,1
2017,6,11,20,13,1.50996704101562,1
2017,6,11,20,13,3.31573095703125,1
2017,6,11,20,13,5.12144091796875,1
2017,6,11,20,13,6.92750317382812,1
2017,6,11,20,13,8.73339111328125,1
2017,6,11,20,13,10.5396740722656,1
2017,6,11,20,13,12.34545703125,1
2017,6,11,20,13,14.1511730957031,1
2017,6,11,20,13,15.9569169921875,1
2017,6,11,20,13,17.7628579101562,1
2017,6,11,20,13,19.5686870117188,1
2017,6,11,20,13,21.3746398925781,1
2017,6,11,20,13,23.1805578613281,1
2017,6,11,20,13,24.9886889648437,1
2017,6,11,20,13,26.794580078125,1
2017,6,11,20,13,28.600380859375,1
2017,6,11,20,13,30.4061721191406,1
2017,6,11,20,13,32.2120729980469,1
2017,6,11,20,13,34.0181101074219,1
2017,6,11,20,13,35.8240710449219,1
2017,6,11,20,13,37.6297778320313,1
2017,6,11,20,13,39.43554296875,1
2017,6,11,20,13,41.2413720703125,1
2017,6,11,20,13,43.0470900878906,1
2017,6,11,20,13,44.8528991699219,1
2017,6,11,20,13,46.6586330566406,1
2017,6,11,20,13,48.4643391113281,1
2017,6,11,20,13,50.27012890625,1
2017,6,11,20,13,52.0759921875,1
2017,6,11,20,13,53.8817309570313,1
2017,6,11,20,13,55.687623046875,1
2017,6,11,20,13,57.4934379882813,1
2017,6,11,20,13,59.2993828125,1
2017,6,11,20,14,1.105166015625,1
2017,6,11,20,14,2.91101196289063,1
2017,6,11,20,14,4.71686499023437,1
2017,6,11,20,14,6.522708984375,1
2017,6,11,20,14,8.3286728515625,1
2017,6,11,20,14,10.1346071777344,1
2017,6,11,20,14,11.9405629882813,1
2017,6,11,20,14,13.7463530273437,1
2017,6,11,20,14,15.5521901855469,1
2017,6,11,20,14,17.3579951171875,1
2017,6,11,20,14,19.1637248535156,1
2017,6,11,20,14,20.9697160644531,1
2017,6,11,20,14,22.7755471191406,1
2017,6,11,20,14,24.5812680664062,1
2017,6,11,20,14,26.386953125,1
2017,6,11,20,14,28.1928310546875,1
2017,6,11,20,14,29.9986628417969,1
2017,6,11,20,14,31.8045319824219,1
2017,6,11,20,14,33.6106108398438,1
2017,6,11,20,14,35.4165480957031,1
2017,6,11,20,14,37.2224020996094,1
2017,6,11,20,14,39.0283698730469,1
2017,6,11,20,14,40.8341318359375,1
2017,6,11,20,14,42.6404050292969,1
2017,6,11,20,14,44.446078125,1
2017,6,11,20,14,46.2520190429687,1
2017,6,11,20,14,48.0584409179688,1
2017,6,11,20,14,49.8718950195313,1
2017,6,11,20,14,51.677828125,1
2017,6,11,20,14,53.4836450195313,1
2017,6,11,20,14,55.2895258789062,1
2017,6,11,20,14,57.0953811035156,1
2017,6,11,20,14,58.9011799316406,1
2017,6,11,20,15,0.707037841796875,1
2017,6,11,20,15,2.51302416992187,1
2017,6,11,20,15,4.31882690429688,1
2017,6,11,20,15,6.12467407226563,1
2017,6,11,20,15,7.93053881835938,1
2017,6,11,20,15,9.73646215820312,1
2017,6,11,20,15,11.5435180664062,1
2017,6,11,20,15,13.3492609863281,1
2017,6,11,20,15,15.1550930175781,1
2017,6,11,20,15,16.9611640625,1
2017,6,11,20,15,18.7669670410156,1
2017,6,11,20,15,20.572951171875,1
2017,6,11,20,15,22.3788649902344,1
2017,6,11,20,15,24.1847160644531,1
2017,6,11,20,15,25.9905888671875,1
2017,6,11,20,15,27.7965441894531,1
2017,6,11,20,15,29.6022639160156,1
2017,6,11,20,15,31.4081550292969,1
2017,6,11,20,15,33.2140610351562,1
2017,6,11,20,15,35.0200258789063,1
2017,6,11,20,15,36.8258090820312,1
2017,6,11,20,15,38.6316818847656,1
2017,6,11,20,15,40.4374890136719,1
2017,6,11,20,15,42.2434289550781,1
2017,6,11,20,15,44.0491518554688,1
2017,6,11,20,15,45.8548569335938,1
2017,6,11,20,15,47.6607309570312,1
2017,6,11,20,15,49.4666899414063,1
2017,6,11,20,15,51.2726408691406,1
2017,6,11,20,15,53.0783510742188,1
2017,6,11,20,15,54.88425,1
2017,6,11,20,15,56.6899440917969,1
2017,6,11,20,15,58.4958530273437,1
2017,6,11,20,16,0.301837890625,1
2017,6,11,20,16,2.1685380859375,1
2017,6,11,20,16,3.9742880859375,1
2017,6,11,20,16,5.78027392578125,1
2017,6,11,20,16,7.58607592773437,1
2017,6,11,20,16,9.39200708007813,1
2017,6,11,20,16,11.1978171386719,1
2017,6,11,20,16,13.0048979492187,1
2017,6,11,20,16,14.8105969238281,1
2017,6,11,20,16,16.6164008789063,1
2017,6,11,20,16,18.4223859863281,1
2017,6,11,20,16,20.2281779785156,1
2017,6,11,20,16,22.0339428710937,1
2017,6,11,20,16,23.839869140625,1
2017,6,11,20,16,25.6457761230469,1
2017,6,11,20,16,27.4514912109375,1
2017,6,11,20,16,29.2574360351562,1
2017,6,11,20,16,31.0651938476562,1
2017,6,11,20,16,32.8689829101562,1
2017,6,11,20,16,34.6748259277344,1
2017,6,11,20,16,36.4805751953125,1
2017,6,11,20,16,38.2864538574219,1
2017,6,11,20,16,40.0924321289063,1
2017,6,11,20,16,41.8981499023437,1
2017,6,11,20,16,43.7040109863281,1
2017,6,11,20,16,45.5099060058594,1
2017,6,11,20,16,47.3157661132812,1
2017,6,11,20,16,49.1215949707031,1
2017,6,11,20,16,50.9275329589844,1
2017,6,11,20,16,52.7335241699219,1
2017,6,11,20,16,54.5392080078125,1
2017,6,11,20,16,56.3450251464844,1
2017,6,11,20,16,58.1509399414062,1
2017,6,11,20,16,59.9569040527344,1
2017,6,11,20,17,1.76277197265625,1
2017,6,11,20,17,3.5687001953125,1
2017,6,11,20,17,5.37476806640625,0
2017,6,11,20,17,7.18064306640625,0
2017,6,11,20,17,8.98646801757812,0
2017,6,11,20,17,10.79237890625,0
2017,6,11,20,17,12.5983168945312,0
2017,6,11,20,17,14.404546875,0
2017,6,11,20,17,16.2100178222656,0
2017,6,11,20,17,18.0158000488281,0
2017,6,11,20,17,19.8216989746094,0
2017,6,11,20,17,21.6282419433594,0
2017,6,11,20,17,23.4340678710937,0
2017,6,11,20,17,29.0933908691406,0
2017,6,11,20,17,30.8992119140625,0
2017,6,11,20,17,32.7050849609375,0
2017,6,11,20,17,34.5107419433594,0
2017,6,11,20,17,36.3164328613281,0
2017,6,11,20,17,38.1221508789062,0
2017,6,11,20,17,39.9280690917969,0
2017,6,11,20,17,41.7337990722656,0
2017,6,11,20,17,43.5395400390625,0
2017,6,11,20,17,45.3455559082031,0
2017,6,11,20,17,47.1515,0
2017,6,11,20,17,48.957369140625,0
2017,6,11,20,17,50.7632509765625,0
2017,6,11,20,17,52.5690368652344,0
2017,6,11,20,17,54.3748627929687,0
2017,6,11,20,17,56.1805520019531,0
2017,6,11,20,17,57.9866828613281,0
2017,6,11,20,17,59.7925178222656,0
2017,6,11,20,18,1.74263916015625,0
2017,6,11,20,18,3.5484580078125,0
2017,6,11,20,18,5.40761083984375,0
2017,6,11,20,18,7.45415307617187,0
2017,6,11,20,18,9.26005200195313,0
2017,6,11,20,18,11.0841489257812,0
2017,6,11,20,18,13.0438161621094,0
2017,6,11,20,18,14.8709489746094,0
2017,6,11,20,18,16.9252629394531,0
2017,6,11,20,18,18.7473220214844,0
2017,6,11,20,18,20.9453630371094,0
2017,6,11,20,18,22.8021120605469,1
2017,6,11,20,18,24.64403515625,1
2017,6,11,20,18,26.5732639160156,1
2017,6,11,20,18,28.4150720214844,1
2017,6,11,20,18,30.534673828125,1
2017,6,11,20,18,32.4173159179688,1
2017,6,11,20,18,34.3137280273437,1
2017,6,11,20,18,36.1506870117188,1
2017,6,11,20,18,38.1176198730469,1
2017,6,11,20,18,40.0438781738281,1
2017,6,11,20,18,42.0667019042969,1
2017,6,11,20,18,43.8974140625,1
2017,6,11,20,18,45.8001020507812,1
2017,6,11,20,18,47.8035590820312,1
2017,6,11,20,18,49.6521369628906,1
2017,6,11,20,18,51.6769421386719,1
2017,6,11,20,18,53.5310319824219,1
2017,6,11,20,18,55.4686430664063,1
2017,6,11,20,18,57.4382041015625,1
2017,6,11,20,18,59.2622648925781,1
2017,6,11,20,19,1.60289306640625,1
2017,6,11,20,19,3.438375,1
2017,6,11,20,19,5.34056298828125,1
2017,6,11,20,19,7.23769409179688,1
2017,6,11,20,19,9.07843212890625,1
2017,6,11,20,19,11.1515209960937,1
2017,6,11,20,19,13.2033840332031,1
2017,6,11,20,19,15.1286630859375,1
2017,6,11,20,19,17.03630078125,1
2017,6,11,20,19,18.9032399902344,1
2017,6,11,20,19,20.8753581542969,1
2017,6,11,20,19,22.704533203125,1
2017,6,11,20,19,24.5469738769531,1
2017,6,11,20,19,26.503583984375,1
2017,6,11,20,19,28.4390810546875,1
2017,6,11,20,19,30.6252260742188,1
2017,6,11,20,19,32.4411440429688,1
2017,6,11,20,19,34.2786918945312,1
2017,6,11,20,19,36.1810190429687,1
2017,6,11,20,19,38.1493010253906,1
2017,6,11,20,19,40.1178859863281,1
2017,6,11,20,19,42.2657270507813,1
2017,6,11,20,19,44.1298188476563,1
2017,6,11,20,19,46.1698369140625,1
2017,6,11,20,19,48.0504990234375,1
2017,6,11,20,19,49.8594401855469,1
2017,6,11,20,19,51.7725620117187,1
2017,6,11,20,19,53.6383591308594,1
2017,6,11,20,19,55.4710610351562,1
2017,6,11,20,19,57.2768190917969,1
2017,6,11,20,19,59.0827429199219,1
2017,6,11,20,20,1.10555297851563,1
2017,6,11,20,20,2.91146484375,1
2017,6,11,20,20,4.80379516601563,1
2017,6,11,20,20,6.74857299804687,1
2017,6,11,20,20,8.6579599609375,1
2017,6,11,20,20,10.5476938476562,1
2017,6,11,20,20,12.5106899414063,1
2017,6,11,20,20,14.4406618652344,1
2017,6,11,20,20,16.2965610351563,1
2017,6,11,20,20,18.1531650390625,1
2017,6,11,20,20,20.1017780761719,1
2017,6,11,20,20,22.0264799804687,1
2017,6,11,20,20,23.8498540039062,1
2017,6,11,20,20,25.7712568359375,1
2017,6,11,20,20,27.6209970703125,1
2017,6,11,20,20,29.441171875,1
2017,6,11,20,20,31.5748669433594,1
2017,6,11,20,20,33.4412810058594,1
2017,6,11,20,20,35.2471689453125,1
2017,6,11,20,20,37.3426240234375,1
2017,6,11,20,20,39.210294921875,1
2017,6,11,20,20,41.0223801269531,1
2017,6,11,20,20,43.0463139648437,1
2017,6,11,20,20,44.8717309570312,1
2017,6,11,20,20,46.7109921875,1
2017,6,11,20,20,48.5630209960937,1
2017,6,11,20,20,50.5880981445313,1
2017,6,11,20,20,52.442337890625,1
2017,6,11,20,20,54.2511647949219,1
2017,6,11,20,20,56.3225551757812,1
2017,6,11,20,20,58.2136179199219,1
2017,6,11,20,21,0.18211376953125,1
2017,6,11,20,21,2.141158203125,1
2017,6,11,20,21,4.126619140625,1
2017,6,11,20,21,5.99072094726562,1
2017,6,11,20,21,7.88643994140625,1
2017,6,11,20,21,9.6922568359375,1
2017,6,11,20,21,11.7064890136719,1
2017,6,11,20,21,13.5325578613281,1
2017,6,11,20,21,15.5643100585937,1
2017,6,11,20,21,17.4429431152344,1
2017,6,11,20,21,19.2880539550781,1
2017,6,11,20,21,21.2844150390625,1
2017,6,11,20,21,23.2331259765625,1
2017,6,11,20,21,25.0831450195313,1
2017,6,11,20,21,27.1685739746094,1
2017,6,11,20,21,29.0738989257813,1
2017,6,11,20,21,30.8798498535156,1
2017,6,11,20,21,32.8232429199219,1
2017,6,11,20,21,34.6758251953125,1
2017,6,11,20,21,36.6308911132813,1
2017,6,11,20,21,38.4435319824219,1
2017,6,11,20,21,40.2492580566406,1
2017,6,11,20,21,42.1817270507812,1
2017,6,11,20,21,44.104873046875,1
2017,6,11,20,21,45.9939770507812,1
2017,6,11,20,21,47.9459370117187,1
2017,6,11,20,21,49.8238298339844,1
2017,6,11,20,21,51.7680119628906,1
2017,6,11,20,21,53.6466010742188,1
2017,6,11,20,21,55.5036069335938,1
2017,6,11,20,21,57.4444150390625,1
2017,6,11,20,21,59.2597099609375,1
2017,6,11,20,22,1.14690502929687,1
2017,6,11,20,22,3.104373046875,1
2017,6,11,20,22,4.98243798828125,1
2017,6,11,20,22,6.83647290039062,1
2017,6,11,20,22,8.642205078125,1
2017,6,11,20,22,10.5274680175781,1
2017,6,11,20,22,12.4855290527344,1
2017,6,11,20,22,14.4450319824219,1
2017,6,11,20,22,16.5279689941406,1
2017,6,11,20,22,18.4455339355469,1
2017,6,11,20,22,20.4486511230469,1
2017,6,11,20,22,22.2545458984375,1
2017,6,11,20,22,24.065330078125,1
2017,6,11,20,22,25.991408203125,1
2017,6,11,20,22,27.8062329101563,1
2017,6,11,20,22,29.6713540039062,1
2017,6,11,20,22,31.5162202148437,1
2017,6,11,20,22,33.4457668457031,1
2017,6,11,20,22,35.3148120117188,1
2017,6,11,20,22,37.3084689941406,1
2017,6,11,20,22,39.1608420410156,1
2017,6,11,20,22,41.0797678222656,1
2017,6,11,20,22,43.0187448730469,1
2017,6,11,20,22,44.8246281738281,1
2017,6,11,20,22,46.6517219238281,1
2017,6,11,20,22,48.4575148925781,1
2017,6,11,20,22,50.4727121582031,1
2017,6,11,20,22,52.3155830078125,1
2017,6,11,20,22,54.1493520507813,1
2017,6,11,20,22,56.1317399902344,1
2017,6,11,20,22,57.9712810058594,1
2017,6,11,20,22,59.9074270019531,1
2017,6,11,20,23,1.85027905273438,1
2017,6,11,20,23,3.65635498046875,1
2017,6,11,20,23,5.61867309570312,1
2017,6,11,20,23,7.5748740234375,1
2017,6,11,20,23,9.44672900390625,1
2017,6,11,20,23,11.4667229003906,1
2017,6,11,20,23,13.3978010253906,1
2017,6,11,20,23,15.2035478515625,1
2017,6,11,20,23,17.0538098144531,1
2017,6,11,20,23,18.9296118164063,1
2017,6,11,20,23,20.7355639648437,1
2017,6,11,20,23,22.5412941894531,1
2017,6,11,20,23,24.3471320800781,1
2017,6,11,20,23,26.1528830566406,1
2017,6,11,20,23,27.9586511230469,1
2017,6,11,20,23,29.764626953125,1
2017,6,11,20,23,31.570537109375,1
2017,6,11,20,23,33.3765759277344,1
2017,6,11,20,23,35.1821940917969,1
2017,6,11,20,23,36.98816796875,1
2017,6,11,20,23,38.7939091796875,1
2017,6,11,20,23,40.5996909179688,1
2017,6,11,20,23,42.4056750488281,1
2017,6,11,20,23,44.2114890136719,1
2017,6,11,20,23,46.01754296875,1
2017,6,11,20,23,47.8233139648437,1
2017,6,11,20,23,49.6291079101563,1
2017,6,11,20,23,51.4348569335937,1
2017,6,11,20,23,53.2405939941406,1
2017,6,11,20,23,55.0464890136719,1
2017,6,11,20,23,56.8523701171875,1
2017,6,11,20,23,58.6582829589844,1
2017,6,11,20,24,0.464205078125,1
2017,6,11,20,24,2.2699599609375,1
2017,6,11,20,24,4.0758828125,1
2017,6,11,20,24,5.8816650390625,1
2017,6,11,20,24,7.6875400390625,1
2017,6,11,20,24,9.49316821289062,1
2017,6,11,20,24,11.299125,1
2017,6,11,20,24,13.1089699707031,1
2017,6,11,20,24,14.9149428710937,1
2017,6,11,20,24,16.7208239746094,1
2017,6,11,20,24,18.5267529296875,1
2017,6,11,20,24,20.3326870117188,1
2017,6,11,20,24,22.1386740722656,1
2017,6,11,20,24,23.9443850097656,1
2017,6,11,20,24,25.7501508789063,1
2017,6,11,20,24,27.5559948730469,1
2017,6,11,20,24,29.3617380371094,1
2017,6,11,20,24,31.1674880371094,1
2017,6,11,20,24,32.9734440917969,1
2017,6,11,20,24,34.7794240722656,1
2017,6,11,20,24,36.5853500976563,1
2017,6,11,20,24,38.391169921875,1
2017,6,11,20,24,40.1969809570313,1
2017,6,11,20,24,42.0026989746094,1
2017,6,11,20,24,43.8085400390625,1
2017,6,11,20,24,45.6141818847656,1
2017,6,11,20,24,47.4200859375,1
2017,6,11,20,24,49.2257941894531,1
2017,6,11,20,24,51.031619140625,1
2017,6,11,20,24,52.8374340820313,1
2017,6,11,20,24,54.6433078613281,1
2017,6,11,20,24,56.449255859375,1
2017,6,11,20,24,58.2551701660156,1
2017,6,11,20,25,0.061096923828125,1
2017,6,11,20,25,1.8668388671875,1
2017,6,11,20,25,3.67255493164062,1
2017,6,11,20,25,5.4783681640625,1
2017,6,11,20,25,7.28426098632812,1
2017,6,11,20,25,9.09016479492188,1
2017,6,11,20,25,10.8960720214844,1
2017,6,11,20,25,12.7018010253906,1
2017,6,11,20,25,14.5075610351563,1
2017,6,11,20,25,16.3133559570312,1
2017,6,11,20,25,18.11941015625,1
2017,6,11,20,25,19.9253549804688,1
2017,6,11,20,25,21.731203125,1
2017,6,11,20,25,23.5369140625,1
2017,6,11,20,25,25.3426608886719,1
2017,6,11,20,25,27.148587890625,1
2017,6,11,20,25,28.954330078125,1
2017,6,11,20,25,30.7601240234375,1
2017,6,11,20,25,32.5659790039062,1
2017,6,11,20,25,34.3719699707031,1
2017,6,11,20,25,36.1776669921875,1
2017,6,11,20,25,37.9914018554688,1
2017,6,11,20,25,39.7972280273437,1
2017,6,11,20,25,41.6032058105469,1
2017,6,11,20,25,43.4089860839844,1
2017,6,11,20,25,45.2147478027344,1
2017,6,11,20,25,47.0204790039063,1
2017,6,11,20,25,48.826373046875,1
2017,6,11,20,25,50.6320910644531,1
2017,6,11,20,25,52.4379870605469,1
2017,6,11,20,25,54.2438291015625,1
2017,6,11,20,25,56.0498120117187,1
2017,6,11,20,25,57.8556479492187,1
2017,6,11,20,25,59.6616079101562,1
2017,6,11,20,26,1.46746484375,1
2017,6,11,20,26,3.27323901367187,1
2017,6,11,20,26,5.0790478515625,1
2017,6,11,20,26,6.8848701171875,1
2017,6,11,20,26,8.69094604492187,1
2017,6,11,20,26,10.4968989257813,1
2017,6,11,20,26,12.3028400878906,1
2017,6,11,20,26,14.1086240234375,1
2017,6,11,20,26,15.9145080566406,1
2017,6,11,20,26,17.720333984375,1
2017,6,11,20,26,19.5262019042969,1
2017,6,11,20,26,21.3320668945312,1
2017,6,11,20,26,23.137916015625,1
2017,6,11,20,26,24.9438020019531,1
2017,6,11,20,26,26.7497661132813,1
2017,6,11,20,26,28.5556020507812,1
2017,6,11,20,26,30.3615461425781,1
2017,6,11,20,26,32.1672490234375,1
2017,6,11,20,26,33.9730871582031,1
2017,6,11,20,26,35.7789250488281,1
2017,6,11,20,26,37.5848278808594,1
2017,6,11,20,26,39.3906318359375,1
2017,6,11,20,26,41.1963940429687,1
2017,6,11,20,26,43.0093120117187,1
2017,6,11,20,26,44.81516796875,1
2017,6,11,20,26,46.6210009765625,1
2017,6,11,20,26,48.426994140625,0
2017,6,11,20,26,50.2329760742187,0
2017,6,11,20,26,52.0387780761719,0
2017,6,11,20,26,53.8444860839844,0
2017,6,11,20,26,55.6503698730469,0
2017,6,11,20,26,57.4562280273437,0
2017,6,11,20,26,59.2623549804687,0
2017,6,11,20,27,1.06830200195313,0
2017,6,11,20,27,2.87407080078125,0
2017,6,11,20,27,4.68006616210937,0
2017,6,11,20,27,6.48605200195312,0
2017,6,11,20,27,8.29193310546875,0
2017,6,11,20,27,10.097673828125,0
2017,6,11,20,27,11.9035549316406,0
2017,6,11,20,27,13.7093129882812,0
2017,6,11,20,27,15.51529296875,0
2017,6,11,20,27,17.3210859375,0
2017,6,11,20,27,19.1268779296875,0
2017,6,11,20,27,20.9333620605469,0
2017,6,11,20,27,22.7391938476562,0
2017,6,11,20,27,24.5450349121094,0
2017,6,11,20,27,26.350796875,0
2017,6,11,20,27,28.1566760253906,0
2017,6,11,20,27,29.9626069335938,0
2017,6,11,20,27,31.7683820800781,0
2017,6,11,20,27,33.5741879882813,0
2017,6,11,20,27,35.38,0
2017,6,11,20,27,37.1857221679687,0
2017,6,11,20,27,38.991626953125,0
2017,6,11,20,27,40.79750390625,1
2017,6,11,20,27,42.603333984375,1
2017,6,11,20,27,44.4091489257813,1
2017,6,11,20,27,46.2149870605469,1
2017,6,11,20,27,48.0209719238281,1
2017,6,11,20,27,49.8269602050781,1
2017,6,11,20,27,51.6329880371094,1
2017,6,11,20,27,53.4385859375,1
2017,6,11,20,27,55.2443930664063,1
2017,6,11,20,27,57.0502751464844,1
2017,6,11,20,27,58.8560759277344,1
2017,6,11,20,28,0.6618349609375,1
2017,6,11,20,28,2.46751684570313,1
2017,6,11,20,28,4.273544921875,1
2017,6,11,20,28,6.07923510742187,1
2017,6,11,20,28,7.8852109375,1
2017,6,11,20,28,9.69111108398437,1
2017,6,11,20,28,11.4970300292969,1
2017,6,11,20,28,13.3028259277344,1
2017,6,11,20,28,15.1088120117188,1
2017,6,11,20,28,16.9146750488281,1
2017,6,11,20,28,18.7206198730469,1
2017,6,11,20,28,20.5264870605469,1
2017,6,11,20,28,22.3324770507813,1
2017,6,11,20,28,24.1382719726562,1
2017,6,11,20,28,25.9443239746094,1
2017,6,11,20,28,27.7551989746094,1
2017,6,11,20,28,29.5611538085938,1
2017,6,11,20,28,31.3670559082031,1
2017,6,11,20,28,33.1728088378906,1
2017,6,11,20,28,34.9787158203125,1
2017,6,11,20,28,36.7847468261719,1
2017,6,11,20,28,38.5906291503906,1
2017,6,11,20,28,40.3968869628906,1
2017,6,11,20,28,42.2028759765625,1
2017,6,11,20,28,44.0086589355469,1
2017,6,11,20,28,45.8149020996094,1
2017,6,11,20,28,47.6202648925781,1
2017,6,11,20,28,49.4259780273438,1
2017,6,11,20,28,51.2318430175781,1
2017,6,11,20,28,53.0375720214844,1
2017,6,11,20,28,54.8435539550781,1
2017,6,11,20,28,56.649541015625,1
2017,6,11,20,28,58.4554851074219,1
2017,6,11,20,29,0.261179931640625,1
2017,6,11,20,29,2.0671640625,1
2017,6,11,20,29,3.87285205078125,1
2017,6,11,20,29,5.67872998046875,1
2017,6,11,20,29,7.484703125,1
2017,6,11,20,29,9.29068212890625,1
2017,6,11,20,29,11.0965400390625,1
2017,6,11,20,29,12.9024519042969,1
2017,6,11,20,29,14.7083708496094,1
2017,6,11,20,29,16.5141989746094,1
2017,6,11,20,29,18.3199770507813,1
2017,6,11,20,29,20.1259899902344,0
2017,6,11,20,29,21.9318908691406,0
2017,6,11,20,29,23.7376640625,0
2017,6,11,20,29,25.5436499023437,0
2017,6,11,20,29,27.3494909667969,0
2017,6,11,20,29,29.1553718261719,0
2017,6,11,20,29,30.96116796875,0
2017,6,11,20,29,32.7669079589844,0
2017,6,11,20,29,34.5726589355469,0
2017,6,11,20,29,36.3784221191406,0
2017,6,11,20,29,38.1842260742187,0
2017,6,11,20,29,39.990125,0
2017,6,11,20,29,41.7959621582031,0
2017,6,11,20,29,43.6021088867188,0
2017,6,11,20,29,45.4073439941406,0
2017,6,11,20,29,47.2131669921875,0
2017,6,11,20,29,49.0189350585937,0
2017,6,11,20,29,50.8248439941406,0
2017,6,11,20,29,52.6376418457031,0
2017,6,11,20,29,54.4434619140625,0
2017,6,11,20,29,56.249375,0
2017,6,11,20,29,58.0550920410156,0
2017,6,11,20,29,59.8608488769531,0
2017,6,11,20,30,1.66672387695312,0
2017,6,11,20,30,3.472630859375,0
2017,6,11,20,30,5.27861181640625,0
2017,6,11,20,30,7.0844580078125,0
2017,6,11,20,30,8.89022216796875,0
2017,6,11,20,30,10.6960239257812,0
2017,6,11,20,30,12.5017958984375,0
2017,6,11,20,30,14.3076899414063,0
2017,6,11,20,30,16.1136701660156,0
2017,6,11,20,30,17.9194599609375,0
2017,6,11,20,30,19.72541796875,0
2017,6,11,20,30,21.531173828125,0
2017,6,11,20,30,23.3370891113281,0
2017,6,11,20,30,25.1426669921875,0
2017,6,11,20,30,26.9485490722656,0
2017,6,11,20,30,28.7543249511719,1
2017,6,11,20,30,30.5602351074219,1
2017,6,11,20,30,32.365962890625,1
2017,6,11,20,30,34.1719240722656,1
2017,6,11,20,30,35.9777490234375,1
2017,6,11,20,30,37.7834560546875,1
2017,6,11,20,30,39.5893349609375,1
2017,6,11,20,30,41.3951489257812,1
2017,6,11,20,30,43.2011220703125,1
2017,6,11,20,30,45.0069089355469,1
2017,6,11,20,30,46.8126882324219,1
2017,6,11,20,30,48.6185031738281,1
2017,6,11,20,30,50.4244870605469,1
2017,6,11,20,30,52.2303020019531,1
2017,6,11,20,30,54.0362790527344,1
2017,6,11,20,30,55.8422570800781,1
2017,6,11,20,30,57.6482561035156,1
2017,6,11,20,30,59.4541220703125,1
2017,6,11,20,31,1.25993383789063,1
2017,6,11,20,31,3.06563818359375,1
2017,6,11,20,31,4.8715849609375,1
2017,6,11,20,31,6.67747509765625,1
2017,6,11,20,31,8.48327709960937,1
2017,6,11,20,31,10.3341821289062,1
2017,6,11,20,31,12.1399880371094,1
2017,6,11,20,31,13.9458420410156,1
2017,6,11,20,31,15.7516450195312,1
2017,6,11,20,31,17.5575229492188,1
2017,6,11,20,31,19.3633889160156,1
2017,6,11,20,31,21.1690927734375,1
2017,6,11,20,31,22.9748681640625,1
2017,6,11,20,31,24.7808520507812,1
2017,6,11,20,31,26.5868210449219,1
2017,6,11,20,31,28.3926411132813,1
2017,6,11,20,31,30.1985859375,1
2017,6,11,20,31,32.0042290039062,1
2017,6,11,20,31,33.8101489257812,1
2017,6,11,20,31,35.6158901367187,1
2017,6,11,20,31,37.4216440429688,1
2017,6,11,20,31,39.2275180664062,1
2017,6,11,20,31,41.0332890625,1
2017,6,11,20,31,42.8393718261719,1
2017,6,11,20,31,44.6452360839844,1
2017,6,11,20,31,46.4511608886719,1
2017,6,11,20,31,48.2569011230469,1
2017,6,11,20,31,50.062791015625,1
2017,6,11,20,31,51.868705078125,1
2017,6,11,20,31,53.6744189453125,1
2017,6,11,20,31,55.4801408691406,1
2017,6,11,20,31,57.2861240234375,1
2017,6,11,20,31,59.0920451660156,1
2017,6,11,20,32,0.89802294921875,1
2017,6,11,20,32,2.70384497070313,1
2017,6,11,20,32,4.50964990234375,1
2017,6,11,20,32,6.31535498046875,1
2017,6,11,20,32,8.121123046875,1
2017,6,11,20,32,9.92700610351562,1
2017,6,11,20,32,11.7329240722656,1
2017,6,11,20,32,13.5386208496094,1
2017,6,11,20,32,15.3444760742188,1
2017,6,11,20,32,17.1505288085938,1
2017,6,11,20,32,18.9564609375,1
2017,6,11,20,32,20.7621889648438,1
2017,6,11,20,32,22.5681618652344,1
2017,6,11,20,32,24.373953125,1
2017,6,11,20,32,26.1798420410156,1
2017,6,11,20,32,27.9855390625,1
2017,6,11,20,32,29.7914030761719,1
2017,6,11,20,32,31.5971970214844,1
2017,6,11,20,32,33.4070480957031,1
2017,6,11,20,32,35.2128559570313,1
2017,6,11,20,32,37.0186301269531,1
2017,6,11,20,32,38.8246008300781,1
2017,6,11,20,32,40.6306469726563,1
2017,6,11,20,32,42.4364479980469,1
2017,6,11,20,32,44.2422631835937,1
2017,6,11,20,32,46.0481228027344,1
2017,6,11,20,32,47.8539040527344,1
2017,6,11,20,32,49.6596831054688,1
2017,6,11,20,32,51.4655239257812,1
2017,6,11,20,32,53.2713740234375,1
2017,6,11,20,32,55.0772270507812,1
2017,6,11,20,32,56.883126953125,1
2017,6,11,20,32,58.6889260253906,1
2017,6,11,20,33,0.49468798828125,1
2017,6,11,20,33,2.30052587890625,1
2017,6,11,20,33,4.10638305664062,1
2017,6,11,20,33,5.91231787109375,1
2017,6,11,20,33,7.71800390625,1
2017,6,11,20,33,9.52390405273438,1
2017,6,11,20,33,11.3298071289062,1
2017,6,11,20,33,13.1356101074219,1
2017,6,11,20,33,14.9414958496094,1
2017,6,11,20,33,16.7473928222656,1
2017,6,11,20,33,18.553169921875,1
2017,6,11,20,33,20.3590190429688,1
2017,6,11,20,33,22.1649221191406,1
2017,6,11,20,33,23.970669921875,1
2017,6,11,20,33,25.7765190429688,1
2017,6,11,20,33,27.5824431152344,1
2017,6,11,20,33,29.3883610839844,1
2017,6,11,20,33,31.1940688476563,1
2017,6,11,20,33,32.9999821777344,1
2017,6,11,20,33,34.8056779785156,1
2017,6,11,20,33,36.6115300292969,1
2017,6,11,20,33,38.4173469238281,1
2017,6,11,20,33,40.2232202148437,1
2017,6,11,20,33,42.0290209960937,1
2017,6,11,20,33,43.8349370117188,1
2017,6,11,20,33,45.6407790527344,1
2017,6,11,20,33,47.4466979980469,1
2017,6,11,20,33,49.2526809082031,1
2017,6,11,20,33,51.0585930175781,1
2017,6,11,20,33,52.8643229980469,1
2017,6,11,20,33,54.6700439453125,1
2017,6,11,20,33,56.4760161132812,1
2017,6,11,20,33,58.2818359375,1
2017,6,11,20,34,0.087779052734375,1
2017,6,11,20,34,1.89371118164062,0
2017,6,11,20,34,3.69958715820313,0
2017,6,11,20,34,5.50536206054687,0
2017,6,11,20,34,7.31109692382813,0
2017,6,11,20,34,9.11682006835938,0
2017,6,11,20,34,10.9226921386719,0
2017,6,11,20,34,12.7284528808594,0
2017,6,11,20,34,14.5343220214844,0
2017,6,11,20,34,16.3402819824219,0
2017,6,11,20,34,18.146208984375,0
2017,6,11,20,34,19.9521401367188,0
2017,6,11,20,34,21.7580458984375,0
2017,6,11,20,34,23.5646169433594,0
2017,6,11,20,34,25.3704040527344,0
2017,6,11,20,34,27.1763510742188,0
2017,6,11,20,34,28.9822358398437,0
2017,6,11,20,34,30.7881369628906,0
2017,6,11,20,34,32.5940690917969,0
2017,6,11,20,34,34.3999838867188,0
2017,6,11,20,34,36.2059309082031,0
2017,6,11,20,34,38.0116528320313,0
2017,6,11,20,34,39.8175249023437,0
2017,6,11,20,34,41.6234309082031,0
2017,6,11,20,34,43.4292241210938,0
2017,6,11,20,34,45.2349428710938,0
2017,6,11,20,34,47.0406459960938,0
2017,6,11,20,34,48.8464140625,0
2017,6,11,20,34,50.6523488769531,0
2017,6,11,20,34,52.4582829589844,0
2017,6,11,20,34,54.2642919921875,0
2017,6,11,20,34,56.0702360839844,0
2017,6,11,20,34,57.8761359863281,0
2017,6,11,20,34,59.6818359375,0
2017,6,11,20,35,1.48769091796875,0
2017,6,11,20,35,3.29351904296875,0
2017,6,11,20,35,5.09946801757812,0
2017,6,11,20,35,6.90542407226562,0
2017,6,11,20,35,8.71118603515625,0
2017,6,11,20,35,10.5170559082031,0
2017,6,11,20,35,12.32291796875,0
2017,6,11,20,35,14.1289079589844,0
2017,6,11,20,35,15.9348801269531,0
2017,6,11,20,35,17.7407270507812,0
2017,6,11,20,35,19.5465190429688,0
2017,6,11,20,35,21.3523759765625,0
2017,6,11,20,35,23.1583491210937,0
2017,6,11,20,35,24.9641508789062,0
2017,6,11,20,35,26.7700559082031,0
2017,6,11,20,35,28.5759621582031,0
2017,6,11,20,35,30.3816940917969,0
2017,6,11,20,35,32.1874001464844,0
2017,6,11,20,35,33.9933391113281,0
2017,6,11,20,35,35.7990219726562,0
2017,6,11,20,35,37.604994140625,0
2017,6,11,20,35,39.4106892089844,0
2017,6,11,20,35,41.2164919433594,0
2017,6,11,20,35,43.0222019042969,0
2017,6,11,20,35,44.8280219726563,0
2017,6,11,20,35,46.6337290039062,0
2017,6,11,20,35,48.4397189941406,0
2017,6,11,20,35,50.2455891113281,0
2017,6,11,20,35,52.0512978515625,0
2017,6,11,20,35,53.8570090332031,0
2017,6,11,20,35,55.6629470214844,0
2017,6,11,20,35,57.4688410644531,0
2017,6,11,20,35,59.2746328125,0
2017,6,11,20,36,1.08038891601563,0
2017,6,11,20,36,2.88614501953125,0
2017,6,11,20,36,4.69219702148438,0
2017,6,11,20,36,6.4980419921875,0
2017,6,11,20,36,8.30376098632813,0
2017,6,11,20,36,10.1097189941406,0
2017,6,11,20,36,11.9157451171875,0
2017,6,11,20,36,13.7271130371094,0
2017,6,11,20,36,15.5328420410156,0
2017,6,11,20,36,17.3386010742188,0
2017,6,11,20,36,19.1444621582031,0
2017,6,11,20,36,20.9503811035156,0
2017,6,11,20,36,22.7564770507812,0
2017,6,11,20,36,24.56245703125,0
2017,6,11,20,36,26.368294921875,0
2017,6,11,20,36,28.1739919433594,0
2017,6,11,20,36,29.9798530273438,0
2017,6,11,20,36,31.7858139648438,0
2017,6,11,20,36,33.5915871582031,0
2017,6,11,20,36,35.3974111328125,0
2017,6,11,20,36,37.2033879394531,0
2017,6,11,20,36,39.0091298828125,0
2017,6,11,20,36,40.815083984375,0
2017,6,11,20,36,42.6208078613281,0
2017,6,11,20,36,44.4287199707031,0
2017,6,11,20,36,46.234458984375,0
2017,6,11,20,36,48.0403330078125,0
2017,6,11,20,36,49.8462751464844,0
2017,6,11,20,36,51.6522651367188,0
2017,6,11,20,36,53.4580759277344,0
2017,6,11,20,36,55.2639790039063,0
2017,6,11,20,36,57.0697009277344,0
2017,6,11,20,36,58.8755258789063,0
2017,6,11,20,37,0.681219970703125,0
2017,6,11,20,37,2.48722192382813,0
2017,6,11,20,37,4.29293701171875,0
2017,6,11,20,37,6.09865893554687,0
2017,6,11,20,37,7.90456396484375,0
2017,6,11,20,37,9.71047705078125,0
2017,6,11,20,37,11.5164631347656,0
2017,6,11,20,37,13.3222670898438,0
2017,6,11,20,37,15.1279499511719,0
2017,6,11,20,37,16.9336518554687,0
2017,6,11,20,37,18.7393879394531,0
2017,6,11,20,37,20.5453601074219,0
2017,6,11,20,37,22.3510720214844,0
2017,6,11,20,37,24.1569489746094,0
2017,6,11,20,37,25.962673828125,0
2017,6,11,20,37,27.7685051269531,0
2017,6,11,20,37,29.5741748046875,0
2017,6,11,20,37,31.3801259765625,0
2017,6,11,20,37,33.1859169921875,0
2017,6,11,20,37,34.9916579589844,0
2017,6,11,20,37,36.7975229492188,0
2017,6,11,20,37,38.6101049804687,0
2017,6,11,20,37,40.4157939453125,0
2017,6,11,20,37,42.2217529296875,0
2017,6,11,20,37,44.0274560546875,0
2017,6,11,20,37,45.8331899414063,0
2017,6,11,20,37,47.6390319824219,0
2017,6,11,20,37,49.444916015625,0
2017,6,11,20,37,51.2507570800781,0
2017,6,11,20,37,53.0565031738281,0
2017,6,11,20,37,54.8623190917969,0
2017,6,11,20,37,56.6681999511719,0
2017,6,11,20,37,58.4739431152344,0
2017,6,11,20,38,0.279947998046875,0
2017,6,11,20,38,2.08571997070313,0
2017,6,11,20,38,3.89158618164062,0
2017,6,11,20,38,5.697341796875,0
2017,6,11,20,38,7.50315307617188,0
2017,6,11,20,38,9.3090009765625,0
2017,6,11,20,38,11.1147280273437,0
2017,6,11,20,38,12.9204650878906,0
2017,6,11,20,38,14.7262690429688,0
2017,6,11,20,38,16.5320439453125,0
2017,6,11,20,38,18.33783203125,0
2017,6,11,20,38,20.1437060546875,0
2017,6,11,20,38,21.9495720214844,0
2017,6,11,20,38,23.7554741210938,0
2017,6,11,20,38,25.5613820800781,0
2017,6,11,20,38,27.3671611328125,0
2017,6,11,20,38,29.1730319824219,0
2017,6,11,20,38,30.9789938964844,0
2017,6,11,20,38,32.784953125,0
2017,6,11,20,38,34.5907690429688,0
2017,6,11,20,38,36.3966489257812,0
2017,6,11,20,38,38.2025290527344,0
2017,6,11,20,38,40.008380859375,0
2017,6,11,20,38,41.8142170410156,0
2017,6,11,20,38,43.6202399902344,0
2017,6,11,20,38,45.4259118652344,0
2017,6,11,20,38,47.2316140136719,0
2017,6,11,20,38,49.0373999023438,0
2017,6,11,20,38,50.8430830078125,0
2017,6,11,20,38,52.6488391113281,0
2017,6,11,20,38,54.4545500488281,0
2017,6,11,20,38,56.2606550292969,0
2017,6,11,20,38,58.0662351074219,0
2017,6,11,20,38,59.8719790039062,0
2017,6,11,20,39,1.67780004882813,0
2017,6,11,20,39,3.48348315429687,0
2017,6,11,20,39,5.28931811523437,0
2017,6,11,20,39,7.09517602539063,0
2017,6,11,20,39,8.90114819335938,0
2017,6,11,20,39,10.7070009765625,0
2017,6,11,20,39,12.5128679199219,0
2017,6,11,20,39,14.3187919921875,0
2017,6,11,20,39,16.1247780761719,0
2017,6,11,20,39,17.9306481933594,0
2017,6,11,20,39,19.7363669433594,0
2017,6,11,20,39,21.5421560058594,0
2017,6,11,20,39,23.3479541015625,0
2017,6,11,20,39,25.1537810058594,0
2017,6,11,20,39,26.9596381835937,0
2017,6,11,20,39,28.765626953125,0
2017,6,11,20,39,30.5717360839844,0
2017,6,11,20,39,32.3776149902344,0
2017,6,11,20,39,34.1835959472656,0
2017,6,11,20,39,35.9894599609375,0
2017,6,11,20,39,37.7951879882812,0
2017,6,11,20,39,39.6011618652344,0
2017,6,11,20,39,41.4070041503906,0
2017,6,11,20,39,43.2127668457031,0
2017,6,11,20,39,45.0185520019531,0
2017,6,11,20,39,46.8244140625,0
2017,6,11,20,39,48.6302619628906,0
2017,6,11,20,39,50.4359709472656,0
2017,6,11,20,39,52.2419309082031,0
2017,6,11,20,39,54.0477270507812,0
2017,6,11,20,39,55.8537121582031,0
2017,6,11,20,39,57.6595571289063,0
2017,6,11,20,39,59.4652531738281,0
2017,6,11,20,40,1.27102001953125,0
2017,6,11,20,40,3.0838251953125,0
2017,6,11,20,40,4.88980688476563,0
2017,6,11,20,40,6.6957080078125,0
2017,6,11,20,40,8.5015439453125,0
2017,6,11,20,40,10.3074240722656,0
2017,6,11,20,40,12.1133251953125,0
2017,6,11,20,40,13.9190190429688,0
2017,6,11,20,40,15.7247778320313,0
2017,6,11,20,40,17.5306958007812,0
2017,6,11,20,40,19.3366430664062,0
2017,6,11,20,40,21.1425300292969,0
2017,6,11,20,40,22.9482980957031,0
2017,6,11,20,40,24.7541350097656,0
2017,6,11,20,40,26.5599829101563,0
2017,6,11,20,40,28.3659611816406,0
2017,6,11,20,40,30.1718559570313,0
2017,6,11,20,40,31.9776369628906,0
2017,6,11,20,40,33.783791015625,0
2017,6,11,20,40,35.589580078125,0
2017,6,11,20,40,37.3954201660156,0
2017,6,11,20,40,39.201294921875,0
2017,6,11,20,40,41.0070400390625,0
2017,6,11,20,40,42.8128859863281,0
2017,6,11,20,40,44.6188728027344,0
2017,6,11,20,40,46.4247690429687,0
2017,6,11,20,40,48.2307370605469,0
2017,6,11,20,40,50.0365231933594,0
2017,6,11,20,40,51.8423591308594,0
2017,6,11,20,40,53.6483449707031,0
2017,6,11,20,40,55.4544150390625,0
2017,6,11,20,40,57.2601010742188,0
2017,6,11,20,40,59.0659069824219,0
2017,6,11,20,41,0.8718701171875,0
2017,6,11,20,41,2.67764208984375,0
2017,6,11,20,41,4.48340795898438,0
2017,6,11,20,41,6.28928588867188,0
2017,6,11,20,41,8.09501611328125,0
2017,6,11,20,41,9.90077197265625,0
2017,6,11,20,41,11.7066801757812,0
2017,6,11,20,41,13.5125278320312,0
2017,6,11,20,41,15.31825,0
2017,6,11,20,41,17.12416796875,0
2017,6,11,20,41,18.9297880859375,0
2017,6,11,20,41,20.7356928710938,0
2017,6,11,20,41,22.5416091308594,0
2017,6,11,20,41,24.3474819335937,0
2017,6,11,20,41,26.1533720703125,0
2017,6,11,20,41,27.9657180175781,0
2017,6,11,20,41,29.7714699707031,0
2017,6,11,20,41,31.5773540039063,0
2017,6,11,20,41,33.3832741699219,0
2017,6,11,20,41,35.1891479492188,0
2017,6,11,20,41,36.9951799316406,0
2017,6,11,20,41,38.8010649414063,0
2017,6,11,20,41,40.6067609863281,0
2017,6,11,20,41,42.4127241210938,0
2017,6,11,20,41,44.2187048339844,0
2017,6,11,20,41,46.0245400390625,0
2017,6,11,20,41,47.8303950195313,0
2017,6,11,20,41,49.6362651367187,0
2017,6,11,20,41,51.4421730957031,0
2017,6,11,20,41,53.2498679199219,0
2017,6,11,20,41,55.0557780761719,0
2017,6,11,20,41,56.8616560058594,0
2017,6,11,20,41,58.667419921875,0
2017,6,11,20,42,0.47318701171875,0
2017,6,11,20,42,2.278873046875,0
2017,6,11,20,42,4.08472290039063,0
2017,6,11,20,42,5.89052880859375,0
2017,6,11,20,42,7.69640209960937,0
2017,6,11,20,42,9.502201171875,0
2017,6,11,20,42,11.3081379394531,0
2017,6,11,20,42,13.1139060058594,0
2017,6,11,20,42,14.9198049316406,0
2017,6,11,20,42,16.7257709960938,0
2017,6,11,20,42,18.5315771484375,0
2017,6,11,20,42,20.3373999023438,0
2017,6,11,20,42,22.1433110351562,0
2017,6,11,20,42,23.949201171875,0
2017,6,11,20,42,25.7549899902344,0
2017,6,11,20,42,27.5608078613281,0
2017,6,11,20,42,29.36683203125,0
2017,6,11,20,42,31.1726350097656,0
2017,6,11,20,42,32.97844921875,0
2017,6,11,20,42,34.7842099609375,0
2017,6,11,20,42,36.5899291992188,0
2017,6,11,20,42,38.3959128417969,0
2017,6,11,20,42,40.2018371582031,0
2017,6,11,20,42,42.0077839355469,0
2017,6,11,20,42,43.8136821289063,0
2017,6,11,20,42,45.6194370117188,0
2017,6,11,20,42,47.4252670898438,0
2017,6,11,20,42,49.2311010742187,0
2017,6,11,20,42,51.0370610351562,0
2017,6,11,20,42,52.8479680175781,0
2017,6,11,20,42,54.653919921875,0
2017,6,11,20,42,56.4599111328125,0
2017,6,11,20,42,58.2657119140625,0
2017,6,11,20,43,0.071623046875,0
2017,6,11,20,43,1.87762182617187,0
2017,6,11,20,43,3.6835078125,0
2017,6,11,20,43,5.48927294921875,0
2017,6,11,20,43,7.29505493164062,0
2017,6,11,20,43,9.1009619140625,0
2017,6,11,20,43,10.9066560058594,0
2017,6,11,20,43,12.7124030761719,0
2017,6,11,20,43,14.5183920898438,0
2017,6,11,20,43,16.3242380371094,0
2017,6,11,20,43,18.1300180664063,0
2017,6,11,20,43,19.9359509277344,0
2017,6,11,20,43,21.7417641601563,0
2017,6,11,20,43,23.5476401367188,0
2017,6,11,20,43,25.3535610351563,0
2017,6,11,20,43,27.1595148925781,0
2017,6,11,20,43,28.9654951171875,0
2017,6,11,20,43,30.7713698730469,0
2017,6,11,20,43,32.5771611328125,0
2017,6,11,20,43,34.3830029296875,0
2017,6,11,20,43,36.1889379882813,0
2017,6,11,20,43,37.99475,0
2017,6,11,20,43,39.8007431640625,0
2017,6,11,20,43,41.6064501953125,0
2017,6,11,20,43,43.4123430175781,0
2017,6,11,20,43,45.2183981933594,0
2017,6,11,20,43,47.0243520507813,0
2017,6,11,20,43,48.830126953125,0
2017,6,11,20,59,30.5931030273438,0
2017,6,11,20,59,32.3988581542969,0
2017,6,11,20,59,34.2047180175781,0
2017,6,11,20,59,36.0106989746094,0
2017,6,11,20,59,37.8166110839844,0
2017,6,11,20,59,39.6223569335937,0
2017,6,11,20,59,41.4283291015625,0
2017,6,11,20,59,43.2370998535156,0
2017,6,11,20,59,45.0429948730469,0
2017,6,11,20,59,46.8487690429687,0
2017,6,11,20,59,48.6545241699219,0
2017,6,11,20,59,50.4604990234375,0
2017,6,11,20,59,52.2663039550781,0
2017,6,11,20,59,54.0721140136719,0
2017,6,11,20,59,55.8778737792969,0
2017,6,11,20,59,57.6838081054687,0
2017,6,11,20,59,59.4895439453125,0
2017,6,11,21,0,1.29547607421875,0
2017,6,11,21,0,3.10134008789062,0
2017,6,11,21,0,4.90709912109375,0
2017,6,11,21,0,6.71304296875,0
2017,6,11,21,0,8.5189189453125,0
2017,6,11,21,0,10.3246340332031,0
2017,6,11,21,0,12.1304709472656,0
2017,6,11,21,0,13.9362338867187,0
2017,6,11,21,0,15.742,0
2017,6,11,21,0,17.5477209472656,0
2017,6,11,21,0,19.3536569824219,0
2017,6,11,21,0,21.1592268066406,0
2017,6,11,21,0,22.9651469726562,0
2017,6,11,21,0,24.7710920410156,0
2017,6,11,21,0,26.5768659667969,0
2017,6,11,21,0,28.3825568847656,0
2017,6,11,21,0,30.1882770996094,0
2017,6,11,21,0,31.9942231445313,0
2017,6,11,21,0,33.8001669921875,0
2017,6,11,21,0,35.6061611328125,0
2017,6,11,21,0,37.4118901367188,0
2017,6,11,21,0,39.2178508300781,0
2017,6,11,21,0,41.02366796875,0
2017,6,11,21,0,42.8293950195312,0
2017,6,11,21,0,44.6358740234375,0
2017,6,11,21,0,46.4417670898438,0
2017,6,11,21,0,48.2477299804687,0
2017,6,11,21,0,50.0534289550781,0
2017,6,11,21,0,51.8593120117187,0
2017,6,11,21,0,53.6652299804688,0
2017,6,11,21,0,55.4712131347656,0
2017,6,11,21,0,57.2770109863281,0
2017,6,11,21,0,59.08279296875,0
2017,6,11,21,1,0.88872607421875,0
2017,6,11,21,1,2.6944580078125,0
2017,6,11,21,1,4.50043896484375,0
2017,6,11,21,1,6.30615405273438,0
2017,6,11,21,1,8.11209790039062,0
2017,6,11,21,1,9.91794799804688,0
2017,6,11,21,1,11.7237019042969,0
2017,6,11,21,1,13.5293879394531,0
2017,6,11,21,1,15.3354670410156,0
2017,6,11,21,1,17.1414348144531,0
2017,6,11,21,1,18.947130859375,0
2017,6,11,21,1,20.7528649902344,0
2017,6,11,21,1,22.5586140136719,0
2017,6,11,21,1,24.3645310058594,0
2017,6,11,21,1,26.1703259277344,0
2017,6,11,21,1,27.9760129394531,0
2017,6,11,21,1,29.7819860839844,0
2017,6,11,21,1,31.5877189941406,0
2017,6,11,21,1,33.3934699707031,0
2017,6,11,21,1,35.1993430175781,0
2017,6,11,21,1,37.005294921875,0
2017,6,11,21,1,38.8110380859375,0
2017,6,11,21,1,40.6169069824219,0
2017,6,11,21,1,42.422669921875,0
2017,6,11,21,1,44.2286159667969,0
2017,6,11,21,1,46.0343640136719,0
2017,6,11,21,1,47.8401220703125,0
2017,6,11,21,1,49.6459990234375,0
2017,6,11,21,1,51.4515900878906,0
2017,6,11,21,1,53.2573669433594,0
2017,6,11,21,1,55.0631059570312,0
2017,6,11,21,1,56.8689301757813,0
2017,6,11,21,1,58.674830078125,0
2017,6,11,21,2,0.480802978515625,0
2017,6,11,21,2,2.2866708984375,0
2017,6,11,21,2,4.0925810546875,0
2017,6,11,21,2,5.8983359375,0
2017,6,11,21,2,7.70411499023438,0
2017,6,11,21,2,9.51006591796875,0
2017,6,11,21,2,11.3159968261719,0
2017,6,11,21,2,13.1217338867188,0
2017,6,11,21,2,14.9275778808594,0
2017,6,11,21,2,16.7332749023438,0
2017,6,11,21,2,18.5390529785156,0
2017,6,11,21,2,20.3449047851562,0
2017,6,11,21,2,22.1508210449219,0
2017,6,11,21,2,23.9565581054688,0
2017,6,11,21,2,25.7623840332031,0
2017,6,11,21,2,27.56833203125,0
2017,6,11,21,2,29.3740170898438,0
2017,6,11,21,2,31.1799030761719,0
2017,6,11,21,2,32.9856291503906,0
2017,6,11,21,2,34.7915498046875,0
2017,6,11,21,2,36.5975529785156,0
2017,6,11,21,2,38.4033698730469,0
2017,6,11,21,2,40.2093190917969,0
2017,6,11,21,2,42.0152470703125,0
2017,6,11,21,2,43.8210471191406,0
2017,6,11,21,2,45.626837890625,0
2017,6,11,21,2,47.4325991210938,0
2017,6,11,21,2,49.2385629882813,0
2017,6,11,21,2,51.0444250488281,0
2017,6,11,21,2,52.850330078125,0
2017,6,11,21,2,54.65612890625,0
2017,6,11,21,2,56.4618950195312,0
2017,6,11,21,2,58.2678210449219,0
2017,6,11,21,3,0.073676025390625,0
2017,6,11,21,3,1.88111083984375,0
2017,6,11,21,3,3.68685693359375,0
2017,6,11,21,3,5.49276293945312,0
2017,6,11,21,3,7.29872802734375,0
2017,6,11,21,3,9.10455615234375,0
2017,6,11,21,3,10.9103059082031,0
2017,6,11,21,3,12.71621484375,0
2017,6,11,21,3,14.5221330566406,0
2017,6,11,21,3,16.3278178710937,0
2017,6,11,21,3,18.1335319824219,0
2017,6,11,21,3,19.9395139160156,0
2017,6,11,21,3,21.7452509765625,0
2017,6,11,21,3,23.5510690917969,0
2017,6,11,21,3,25.3570280761719,0
2017,6,11,21,3,27.1628469238281,0
2017,6,11,21,3,28.968955078125,0
2017,6,11,21,3,30.774669921875,0
2017,6,11,21,3,32.5804108886719,0
2017,6,11,21,3,34.3863950195312,0
2017,6,11,21,3,36.1922800292969,0
2017,6,11,21,3,37.9982109375,0
2017,6,11,21,3,39.8040869140625,0
2017,6,11,21,3,41.6100229492188,0
2017,6,11,21,3,43.4158100585937,0
2017,6,11,21,3,45.2216169433594,0
2017,6,11,21,3,47.0274760742187,0
2017,6,11,21,3,48.833380859375,0
2017,6,11,21,3,50.6392429199219,0
2017,6,11,21,3,52.4449699707031,0
2017,6,11,21,3,54.2506831054688,0
2017,6,11,21,3,56.0563740234375,0
2017,6,11,21,3,57.8623481445313,0
2017,6,11,21,3,59.6682761230469,0
2017,6,11,21,4,1.47396997070313,0
2017,6,11,21,4,3.27988793945313,0
2017,6,11,21,4,5.0857109375,0
2017,6,11,21,4,6.891576171875,0
2017,6,11,21,4,8.697294921875,0
2017,6,11,21,4,10.5032390136719,0
2017,6,11,21,4,12.3089990234375,0
2017,6,11,21,4,14.1147380371094,0
2017,6,11,21,4,15.9204431152344,0
2017,6,11,21,4,17.7261550292969,0
2017,6,11,21,4,19.5319450683594,0
2017,6,11,21,4,21.3376960449219,0
2017,6,11,21,4,23.1435690917969,0
2017,6,11,21,4,24.9493500976563,0
2017,6,11,21,4,26.7616059570313,0
2017,6,11,21,4,28.5673598632813,0
2017,6,11,21,4,30.3731599121094,0
2017,6,11,21,4,32.1790830078125,0
2017,6,11,21,4,33.9848840332031,0
2017,6,11,21,4,35.7908620605469,0
2017,6,11,21,4,37.5967529296875,0
2017,6,11,21,4,39.4024438476563,0
2017,6,11,21,4,41.2082250976563,0
2017,6,11,21,4,43.0139929199219,0
2017,6,11,21,4,44.8199228515625,0
2017,6,11,21,4,46.6256220703125,0
2017,6,11,21,4,48.4316188964844,0
2017,6,11,21,4,50.2374499511719,0
2017,6,11,21,4,52.043291015625,0
2017,6,11,21,4,53.8491489257813,0
2017,6,11,21,4,55.6550678710937,0
2017,6,11,21,4,57.4611159667969,0
2017,6,11,21,4,59.2669279785156,0
2017,6,11,21,5,1.0728291015625,0
2017,6,11,21,5,2.87867993164063,0
2017,6,11,21,5,4.68455200195312,0
2017,6,11,21,5,6.49023510742188,0
2017,6,11,21,5,8.29597583007813,0
2017,6,11,21,5,10.1022490234375,0
2017,6,11,21,5,11.9082009277344,0
2017,6,11,21,5,13.71395703125,0
2017,6,11,21,5,15.5197670898438,0
2017,6,11,21,5,17.325748046875,0
2017,6,11,21,5,19.1316271972656,0
2017,6,11,21,5,20.9373549804688,0
2017,6,11,21,5,22.743125,0
2017,6,11,21,5,24.5489140625,0
2017,6,11,21,5,26.3546608886719,0
2017,6,11,21,5,28.1604460449219,0
2017,6,11,21,5,29.9662880859375,0
2017,6,11,21,5,31.7721130371094,0
2017,6,11,21,5,33.57782421875,0
2017,6,11,21,5,35.384001953125,0
2017,6,11,21,5,37.1898969726562,0
2017,6,11,21,5,38.9957348632812,0
2017,6,11,21,5,40.8014541015625,0
2017,6,11,21,5,42.6073811035156,0
2017,6,11,21,5,44.4131428222656,0
2017,6,11,21,5,46.2190439453125,0
2017,6,11,21,5,48.02487109375,0
2017,6,11,21,5,49.8307419433594,0
2017,6,11,21,5,51.6433798828125,0
2017,6,11,21,5,53.449208984375,0
2017,6,11,21,5,55.254962890625,0
2017,6,11,21,5,57.0608139648438,0
2017,6,11,21,5,58.866703125,0
2017,6,11,21,6,0.672678955078125,0
2017,6,11,21,6,2.478421875,0
2017,6,11,21,6,4.28436401367188,0
2017,6,11,21,6,6.09020092773437,0
2017,6,11,21,6,7.89594091796875,0
2017,6,11,21,6,9.70173413085937,0
2017,6,11,21,6,11.5075510253906,0
2017,6,11,21,6,13.3141789550781,0
2017,6,11,21,6,15.1201259765625,0
2017,6,11,21,6,16.9258068847656,0
2017,6,11,21,6,18.7317280273437,0
2017,6,11,21,6,20.5376140136719,0
2017,6,11,21,6,22.3436301269531,0
2017,6,11,21,6,24.1496127929687,0
2017,6,11,21,6,25.9555949707031,0
2017,6,11,21,6,27.7614018554688,0
2017,6,11,21,6,29.5672961425781,0
2017,6,11,21,6,31.3732590332031,0
2017,6,11,21,6,33.1789228515625,0
2017,6,11,21,6,34.9846547851563,0
2017,6,11,21,6,36.7905090332031,0
2017,6,11,21,6,38.5962609863281,0
2017,6,11,21,6,40.4021430664063,0
2017,6,11,21,6,42.2080949707031,0
2017,6,11,21,6,44.0139619140625,0
2017,6,11,21,6,45.819828125,0
2017,6,11,21,6,47.6255920410156,0
2017,6,11,21,6,49.4312761230469,0
2017,6,11,21,6,51.2371398925781,0
2017,6,11,21,6,53.0430031738281,0
2017,6,11,21,6,54.8488259277344,0
2017,6,11,21,6,56.6549360351562,0
2017,6,11,21,6,58.461546875,0
2017,6,11,21,7,0.267227783203125,0
2017,6,11,21,7,2.07298901367187,0
2017,6,11,21,7,3.87875610351563,0
2017,6,11,21,7,5.68481298828125,0
2017,6,11,21,7,7.49052319335938,0
2017,6,11,21,7,9.29639916992187,0
2017,6,11,21,7,11.1022229003906,0
2017,6,11,21,7,12.9081572265625,0
2017,6,11,21,7,14.7138779296875,0
2017,6,11,21,7,16.5196481933594,0
2017,6,11,21,7,18.3255300292969,0
2017,6,11,21,7,20.1315090332031,0
2017,6,11,21,7,21.9372709960938,0
2017,6,11,21,7,23.7431098632813,0
2017,6,11,21,7,25.5489147949219,0
2017,6,11,21,7,27.354708984375,0
2017,6,11,21,7,29.1604450683594,0
2017,6,11,21,7,30.9663310546875,0
2017,6,11,21,7,32.7721259765625,0
2017,6,11,21,7,34.5780971679687,0
2017,6,11,21,7,36.3840588378906,0
2017,6,11,21,7,38.1897990722656,0
2017,6,11,21,7,39.995671875,0
2017,6,11,21,7,41.8015949707031,0
2017,6,11,21,7,43.6074008789062,0
2017,6,11,21,7,45.4132790527344,0
2017,6,11,21,7,47.2191921386719,0
2017,6,11,21,7,49.0251091308594,0
2017,6,11,21,7,50.8308859863281,0
2017,6,11,21,7,52.6367700195312,0
2017,6,11,21,7,54.4424890136719,0
2017,6,11,21,7,56.248419921875,0
2017,6,11,21,7,58.0545490722656,0
2017,6,11,21,7,59.8600629882812,0
2017,6,11,21,8,1.66635888671875,0
2017,6,11,21,8,3.47220483398437,0
2017,6,11,21,8,5.27814794921875,0
2017,6,11,21,8,7.08405493164063,0
2017,6,11,21,8,8.8900009765625,0
2017,6,11,21,8,10.6959599609375,0
2017,6,11,21,8,12.5016401367188,0
2017,6,11,21,8,14.3075620117187,0
2017,6,11,21,8,16.117212890625,0
2017,6,11,21,8,17.9231101074219,0
2017,6,11,21,8,19.72900390625,0
2017,6,11,21,8,21.5348630371094,0
2017,6,11,21,8,23.340748046875,0
2017,6,11,21,8,25.1466169433594,0
2017,6,11,21,8,26.9524499511719,0
2017,6,11,21,8,28.7584260253906,0
2017,6,11,21,8,30.5641000976563,0
2017,6,11,21,8,32.3699609375,0
2017,6,11,21,8,34.1757790527344,0
2017,6,11,21,8,35.9816479492187,0
2017,6,11,21,8,37.7874150390625,0
2017,6,11,21,8,39.5931220703125,0
2017,6,11,21,8,41.3990180664062,0
2017,6,11,21,8,43.2049260253906,0
2017,6,11,21,8,45.0109079589844,0
2017,6,11,21,8,46.8169829101562,0
2017,6,11,21,8,48.6227429199219,0
2017,6,11,21,8,50.4284770507812,0
2017,6,11,21,8,52.2342209472656,0
2017,6,11,21,8,54.0401198730469,0
2017,6,11,21,8,55.8460729980469,0
2017,6,11,21,8,57.6520239257813,0
2017,6,11,21,8,59.4577680664063,0
2017,6,11,21,9,1.26346801757812,0
2017,6,11,21,9,3.06929907226563,0
2017,6,11,21,9,4.87519091796875,0
2017,6,11,21,9,6.68109790039063,0
2017,6,11,21,9,8.48701098632812,0
2017,6,11,21,9,10.2928439941406,0
2017,6,11,21,9,12.098587890625,0
2017,6,11,21,9,13.9043950195313,0
2017,6,11,21,9,15.7102202148437,0
2017,6,11,21,9,17.515912109375,0
2017,6,11,21,9,19.3218510742187,0
2017,6,11,21,9,21.1276669921875,0
2017,6,11,21,9,22.933548828125,0
2017,6,11,21,9,24.7395187988281,0
2017,6,11,21,9,26.5452580566406,0
2017,6,11,21,9,28.35103515625,0
2017,6,11,21,9,30.1567409667969,0
2017,6,11,21,9,31.962591796875,0
2017,6,11,21,9,33.7684519042969,0
2017,6,11,21,9,35.5743989257813,0
2017,6,11,21,9,37.3803151855469,0
2017,6,11,21,9,39.1862321777344,0
2017,6,11,21,9,40.999458984375,0
2017,6,11,21,9,42.8053801269531,0
2017,6,11,21,9,44.6111938476563,0
2017,6,11,21,9,46.4170991210937,0
2017,6,11,21,9,48.22283203125,0
2017,6,11,21,9,50.0286350097656,0
2017,6,11,21,9,51.83458203125,0
2017,6,11,21,9,53.6405629882813,0
2017,6,11,21,9,55.4463879394531,0
2017,6,11,21,9,57.2522448730469,0
2017,6,11,21,9,59.0579790039062,0
2017,6,11,21,10,0.863698974609375,0
2017,6,11,21,10,2.66942822265625,0
2017,6,11,21,10,4.47518603515625,0
2017,6,11,21,10,6.28101098632813,0
2017,6,11,21,10,8.0868271484375,0
2017,6,11,21,10,9.89261694335937,0
2017,6,11,21,10,11.6984118652344,0
2017,6,11,21,10,13.5041430664063,0
2017,6,11,21,10,15.3098879394531,0
2017,6,11,21,10,17.1157897949219,0
2017,6,11,21,10,18.9214831542969,0
2017,6,11,21,10,20.7274050292969,0
2017,6,11,21,10,22.5331098632813,0
2017,6,11,21,10,24.3389189453125,0
2017,6,11,21,10,26.1446828613281,0
2017,6,11,21,10,27.9504858398438,0
2017,6,11,21,10,29.7563020019531,0
2017,6,11,21,10,31.5622590332031,0
2017,6,11,21,10,33.3680600585937,0
2017,6,11,21,10,35.1739399414063,0
2017,6,11,21,10,36.9799958496094,0
2017,6,11,21,10,38.7857529296875,0
2017,6,11,21,10,40.5915029296875,0
2017,6,11,21,10,42.3972622070312,0
2017,6,11,21,10,44.2031989746094,0
2017,6,11,21,10,46.0089130859375,0
2017,6,11,21,10,47.8146159667969,0
2017,6,11,21,10,49.6204020996094,0
2017,6,11,21,10,51.4263640136719,0
2017,6,11,21,10,53.2322290039062,0
2017,6,11,21,10,55.0381979980469,0
2017,6,11,21,10,56.8439260253906,0
2017,6,11,21,10,58.6498762207031,0
2017,6,11,21,11,0.455629150390625,0
2017,6,11,21,11,2.26159399414062,0
2017,6,11,21,11,4.06734985351563,0
2017,6,11,21,11,5.88157104492188,0
2017,6,11,21,11,7.68731396484375,0
2017,6,11,21,11,9.49311596679687,0
2017,6,11,21,11,11.2989509277344,0
2017,6,11,21,11,13.1048779296875,0
2017,6,11,21,11,14.9108049316406,0
2017,6,11,21,11,16.7167060546875,0
2017,6,11,21,11,18.5225129394531,0
2017,6,11,21,11,20.3282680664062,0
2017,6,11,21,11,22.1340170898437,0
2017,6,11,21,11,23.9398269042969,0
2017,6,11,21,11,25.7455061035156,0
2017,6,11,21,11,27.5514270019531,0
2017,6,11,21,11,29.3573168945313,0
2017,6,11,21,11,31.1632658691406,0
2017,6,11,21,11,32.9692321777344,0
2017,6,11,21,11,34.7749599609375,0
2017,6,11,21,11,36.5808369140625,0
2017,6,11,21,11,38.3865490722656,0
2017,6,11,21,11,40.1922341308594,0
2017,6,11,21,11,41.997916015625,0
2017,6,11,21,11,43.8037839355469,0
2017,6,11,21,11,45.6097231445313,0
2017,6,11,21,11,47.4156030273437,0
2017,6,11,21,11,49.2214401855469,0
2017,6,11,21,11,51.0272080078125,0
2017,6,11,21,11,52.8329548339844,0
2017,6,11,21,11,54.638875,0
2017,6,11,21,11,56.4446279296875,0
2017,6,11,21,11,58.2505642089844,0
2017,6,11,21,12,0.0562998046875,0
2017,6,11,21,12,1.86228295898438,0
2017,6,11,21,12,3.66799487304687,0
2017,6,11,21,12,5.47377294921875,0
2017,6,11,21,12,7.27975,0
2017,6,11,21,12,9.0855458984375,0
2017,6,11,21,12,10.893248046875,0
2017,6,11,21,12,12.6973229980469,0
2017,6,11,21,12,14.5030729980469,0
2017,6,11,21,12,16.3087758789062,0
2017,6,11,21,12,18.1145561523437,0
2017,6,11,21,12,19.9202448730469,0
2017,6,11,21,12,21.7260610351562,0
2017,6,11,21,12,23.5321479492187,0
2017,6,11,21,12,25.3375461425781,0
2017,6,11,21,12,27.1433530273437,0
2017,6,11,21,12,28.9490817871094,0
2017,6,11,21,12,30.7548889160156,0
2017,6,11,21,12,32.5607819824219,0
2017,6,11,21,12,34.3666259765625,0
2017,6,11,21,12,36.1724650878906,0
2017,6,11,21,12,37.978126953125,0
2017,6,11,21,12,39.7840380859375,0
2017,6,11,21,12,41.5899228515625,0
2017,6,11,21,12,43.3957751464844,0
2017,6,11,21,12,45.2015080566406,0
2017,6,11,21,12,47.0072409667969,0
2017,6,11,21,12,48.8131799316406,0
2017,6,11,21,12,50.6189489746094,0
2017,6,11,21,12,52.4285581054688,0
2017,6,11,21,12,54.2345310058594,0
2017,6,11,21,12,56.040328125,0
2017,6,11,21,12,57.8460869140625,0
2017,6,11,21,12,59.652044921875,0
2017,6,11,21,13,1.457794921875,0
2017,6,11,21,13,3.26364208984375,0
2017,6,11,21,13,5.06938012695313,0
2017,6,11,21,13,6.87530712890625,0
2017,6,11,21,13,8.68125805664062,0
2017,6,11,21,13,10.48696484375,0
2017,6,11,21,13,12.2927971191406,0
2017,6,11,21,13,14.098505859375,0
2017,6,11,21,13,15.9045129394531,0
2017,6,11,21,13,17.7146657714844,0
2017,6,11,21,13,19.5205480957031,0
2017,6,11,21,13,21.3264438476563,0
2017,6,11,21,13,23.1322141113281,0
2017,6,11,21,13,24.9381052246094,0
2017,6,11,21,13,26.7441430664062,0
2017,6,11,21,13,28.550044921875,0
2017,6,11,21,13,30.35596484375,0
2017,6,11,21,13,32.1617009277344,0
2017,6,11,21,13,33.9675642089844,0
2017,6,11,21,13,35.7735200195312,0
2017,6,11,21,13,37.5794560546875,0
2017,6,11,21,13,39.3853190917969,0
2017,6,11,21,13,41.1911020507812,0
2017,6,11,21,13,42.99680078125,0
2017,6,11,21,13,44.8026879882812,0
2017,6,11,21,13,46.6085258789062,0
2017,6,11,21,13,48.4145852050781,0
2017,6,11,21,13,50.2201879882813,0
2017,6,11,21,13,52.0261560058594,0
2017,6,11,21,13,53.83187890625,0
2017,6,11,21,13,55.6377680664063,0
2017,6,11,21,13,57.4434541015625,0
2017,6,11,21,13,59.2493859863281,0
2017,6,11,21,14,1.055375,0
2017,6,11,21,14,2.86129296875,0
2017,6,11,21,14,4.667130859375,0
2017,6,11,21,14,6.47282299804688,0
2017,6,11,21,14,8.27877587890625,0
2017,6,11,21,14,10.0846459960937,0
2017,6,11,21,14,11.8903120117188,0
2017,6,11,21,14,13.6960739746094,0
2017,6,11,21,14,15.5020090332031,0
2017,6,11,21,14,17.3079509277344,0
2017,6,11,21,14,19.1136437988281,0
2017,6,11,21,14,20.9193471679687,0
2017,6,11,21,14,22.7256960449219,0
2017,6,11,21,14,24.5314118652344,0
2017,6,11,21,14,26.3371301269531,0
2017,6,11,21,14,28.1429680175781,0
2017,6,11,21,14,29.9489108886719,0
2017,6,11,21,14,31.7546401367187,0
2017,6,11,21,14,33.5605681152344,0
2017,6,11,21,14,35.3664580078125,0
2017,6,11,21,14,37.1722180175781,0
2017,6,11,21,14,38.9779528808594,0
2017,6,11,21,14,40.7839301757813,0
2017,6,11,21,14,42.59758203125,0
2017,6,11,21,14,44.4035490722656,0
2017,6,11,21,14,46.2092668457031,0
2017,6,11,21,14,48.0150280761719,0
2017,6,11,21,14,49.8209318847656,0
2017,6,11,21,14,51.62662109375,0
2017,6,11,21,14,53.4324729003906,0
2017,6,11,21,14,55.2381999511719,0
2017,6,11,21,14,57.0441689453125,0
2017,6,11,21,14,58.8500270996094,0
2017,6,11,21,15,0.655946044921875,0
2017,6,11,21,15,2.46157104492187,0
2017,6,11,21,15,4.26740405273438,0
2017,6,11,21,15,6.07338989257812,0
2017,6,11,21,15,7.87913208007812,0
2017,6,11,21,15,9.68490698242188,0
2017,6,11,21,15,11.4907770996094,0
2017,6,11,21,15,13.296880859375,0
2017,6,11,21,15,15.1027229003906,0
2017,6,11,21,15,16.9084560546875,0
2017,6,11,21,15,18.71474609375,0
2017,6,11,21,15,20.5204680175781,0
2017,6,11,21,15,22.326287109375,0
2017,6,11,21,15,24.1320400390625,0
2017,6,11,21,15,25.9377861328125,0
2017,6,11,21,15,27.7436320800781,0
2017,6,11,21,15,29.549375,0
2017,6,11,21,15,31.3552729492188,0
2017,6,11,21,15,33.1611279296875,0
2017,6,11,21,15,34.9669489746094,0
2017,6,11,21,15,36.7725949707031,0
2017,6,11,21,15,38.57841796875,0
2017,6,11,21,15,40.3841281738281,0
2017,6,11,21,15,42.1900688476562,0
2017,6,11,21,15,43.99592578125,0
2017,6,11,21,15,45.8017458496094,0
2017,6,11,21,15,47.6076340332031,0
2017,6,11,21,15,49.4134760742187,0
2017,6,11,21,15,51.2193090820313,0
2017,6,11,21,15,53.0251301269531,0
2017,6,11,21,15,54.8311049804688,0
2017,6,11,21,15,56.6369060058594,0
2017,6,11,21,15,58.44275,0
2017,6,11,21,16,0.24847607421875,0
2017,6,11,21,16,2.054166015625,0
2017,6,11,21,16,3.85998608398438,0
2017,6,11,21,16,5.665744140625,0
2017,6,11,21,16,7.47157202148438,0
2017,6,11,21,16,9.2773798828125,0
2017,6,11,21,16,11.0831179199219,0
2017,6,11,21,16,12.8890368652344,0
2017,6,11,21,16,14.6948129882812,0
2017,6,11,21,16,16.5007019042969,0
2017,6,11,21,16,18.3066411132812,0
2017,6,11,21,16,20.1124118652344,0
2017,6,11,21,16,21.9184909667969,0
2017,6,11,21,16,23.7242470703125,0
2017,6,11,21,16,25.5300739746094,0
2017,6,11,21,16,27.335794921875,0
2017,6,11,21,16,29.1415600585938,0
2017,6,11,21,16,30.9474169921875,0
2017,6,11,21,16,32.75312890625,0
2017,6,11,21,16,34.5588889160156,0
2017,6,11,21,16,36.3646459960937,0
2017,6,11,21,16,38.1705981445312,0
2017,6,11,21,16,39.9764458007812,0
2017,6,11,21,16,41.7822290039063,0
2017,6,11,21,16,43.58816796875,0
2017,6,11,21,16,45.3939689941406,0
2017,6,11,21,16,47.1998032226563,0
2017,6,11,21,16,49.00575390625,0
2017,6,11,21,16,50.8116428222656,0
2017,6,11,21,16,52.6174089355469,0
2017,6,11,21,16,54.4233830566406,0
2017,6,11,21,16,56.2292099609375,0
2017,6,11,21,16,58.0350397949219,0
2017,6,11,21,16,59.8410251464844,0
2017,6,11,21,17,1.64673095703125,0
2017,6,11,21,17,3.4527021484375,0
2017,6,11,21,17,5.25865283203125,0
2017,6,11,21,17,7.07067602539063,0
2017,6,11,21,17,8.87652490234375,0
2017,6,11,21,17,10.6824650878906,0
2017,6,11,21,17,12.4883520507813,0
2017,6,11,21,17,14.2940629882813,0
2017,6,11,21,17,16.0998891601562,0
2017,6,11,21,17,17.9058061523438,0
2017,6,11,21,17,19.7115100097656,0
2017,6,11,21,17,21.5174638671875,0
2017,6,11,21,17,23.3233591308594,0
2017,6,11,21,17,25.1292829589844,0
2017,6,11,21,17,26.93524609375,0
2017,6,11,21,17,28.7410222167969,0
2017,6,11,21,17,30.5468190917969,0
2017,6,11,21,17,32.352625,0
2017,6,11,21,17,34.15858203125,0
2017,6,11,21,17,35.9645070800781,0
2017,6,11,21,17,37.7704880371094,0
2017,6,11,21,17,39.5762919921875,0
2017,6,11,21,17,41.3820852050781,0
2017,6,11,21,17,43.1880520019531,0
2017,6,11,21,17,44.993841796875,0
2017,6,11,21,17,46.79962890625,0
2017,6,11,21,17,48.6054689941406,0
2017,6,11,21,17,50.4115068359375,0
2017,6,11,21,17,52.2174809570312,0
2017,6,11,21,17,54.0233859863281,0
2017,6,11,21,17,55.829248046875,0
2017,6,11,21,17,57.6350961914062,0
2017,6,11,21,17,59.4408190917969,0
2017,6,11,21,18,1.24678100585938,0
2017,6,11,21,18,3.05255786132813,0
2017,6,11,21,18,4.8582900390625,0
2017,6,11,21,18,6.66398413085938,0
2017,6,11,21,18,8.46977807617188,0
2017,6,11,21,18,10.2755251464844,0
2017,6,11,21,18,12.0815051269531,0
2017,6,11,21,18,13.8872380371094,0
2017,6,11,21,18,15.6932119140625,0
2017,6,11,21,18,17.4990180664063,0
2017,6,11,21,18,19.3048078613281,0
2017,6,11,21,18,21.1106850585937,0
2017,6,11,21,18,22.9164909667969,0
2017,6,11,21,18,24.7224719238281,0
2017,6,11,21,18,26.5282648925781,0
2017,6,11,21,18,28.3342199707031,0
2017,6,11,21,18,30.1401340332031,0
2017,6,11,21,18,31.9534809570312,0
2017,6,11,21,18,33.7592290039062,0
2017,6,11,21,18,35.565076171875,0
2017,6,11,21,18,37.3710471191406,0
2017,6,11,21,18,39.1769440917969,0
2017,6,11,21,18,40.9829567871094,0
2017,6,11,21,18,42.7887900390625,0
2017,6,11,21,18,44.5945598144531,0
2017,6,11,21,18,46.400291015625,0
2017,6,11,21,18,48.2061779785156,0
2017,6,11,21,18,50.0121569824219,0
2017,6,11,21,18,51.8179819335937,0
2017,6,11,21,18,53.6237309570312,0
2017,6,11,21,18,55.4296501464844,0
2017,6,11,21,18,57.2354750976562,0
2017,6,11,21,18,59.0413840332031,0
2017,6,11,21,19,0.847134033203125,0
2017,6,11,21,19,2.653244140625,0
2017,6,11,21,19,4.45902612304687,0
2017,6,11,21,19,6.26473193359375,0
2017,6,11,21,19,8.07065502929687,0
2017,6,11,21,19,9.8763740234375,0
2017,6,11,21,19,11.6822678222656,0
2017,6,11,21,19,13.488087890625,0
2017,6,11,21,19,15.2938588867188,0
2017,6,11,21,19,17.099703125,0
2017,6,11,21,19,18.9054838867187,0
2017,6,11,21,19,20.7113891601563,0
2017,6,11,21,19,22.5173640136719,0
2017,6,11,21,19,24.3233481445312,0
2017,6,11,21,19,26.1290258789063,0
2017,6,11,21,19,27.934876953125,0
2017,6,11,21,19,29.7406918945312,0
2017,6,11,21,19,31.5464738769531,0
2017,6,11,21,19,33.3524050292969,0
2017,6,11,21,19,35.1582761230469,0
2017,6,11,21,19,36.9646540527344,0
2017,6,11,21,19,38.7705080566406,0
2017,6,11,21,19,40.5764729003906,0
2017,6,11,21,19,42.3821640625,0
2017,6,11,21,19,44.1878518066406,0
2017,6,11,21,19,45.9939321289063,0
2017,6,11,21,19,47.7996440429688,0
2017,6,11,21,19,49.6055158691406,0
2017,6,11,21,19,51.4114931640625,0
2017,6,11,21,19,53.2172509765625,0
2017,6,11,21,19,55.0229470214844,0
2017,6,11,21,19,56.8288439941406,0
2017,6,11,21,19,58.6346499023438,0
2017,6,11,21,20,0.44054296875,0
2017,6,11,21,20,2.24648095703125,0
2017,6,11,21,20,4.05225122070313,0
2017,6,11,21,20,5.858166015625,0
2017,6,11,21,20,7.6639990234375,0
2017,6,11,21,20,9.46990307617187,0
2017,6,11,21,20,11.2761372070312,0
2017,6,11,21,33,58.7975300292969,0
2017,6,11,21,34,0.60335400390625,0
2017,6,11,21,34,2.40910913085937,0
2017,6,11,21,34,4.214875,0
2017,6,11,21,34,6.02770483398437,0
2017,6,11,21,34,7.83364697265625,1
2017,6,11,21,34,9.63946899414062,1
2017,6,11,21,34,11.4451730957031,1
2017,6,11,21,34,13.2509899902344,1
2017,6,11,21,34,15.0570270996094,1
2017,6,11,21,34,16.8628818359375,1
2017,6,11,21,34,18.6687687988281,1
2017,6,11,21,34,20.4744990234375,1
2017,6,11,21,34,22.2804729003906,1
2017,6,11,21,34,24.08628515625,1
2017,6,11,21,34,25.8921540527344,1
2017,6,11,21,34,27.6978811035156,1
2017,6,11,21,34,29.503666015625,1
2017,6,11,21,34,31.3093659667969,1
2017,6,11,21,34,33.11529296875,1
2017,6,11,21,34,34.9212229003906,1
2017,6,11,21,34,36.7273308105469,1
2017,6,11,21,34,38.5332697753906,1
2017,6,11,21,34,40.3389658203125,1
2017,6,11,21,34,42.1449079589844,1
2017,6,11,21,34,43.9508759765625,1
2017,6,11,21,34,45.7566760253906,1
2017,6,11,21,34,47.5626149902344,1
2017,6,11,21,34,49.3685368652344,1
2017,6,11,21,34,51.1745300292969,1
2017,6,11,21,34,52.9802849121094,1
2017,6,11,21,34,54.7861459960938,1
2017,6,11,21,34,56.5918549804688,1
2017,6,11,21,34,58.3977529296875,1
2017,6,11,21,35,0.203677001953125,1
2017,6,11,21,35,2.00938696289063,1
2017,6,11,21,35,3.81537890625,1
2017,6,11,21,35,5.6210810546875,1
2017,6,11,21,35,7.42685888671875,1
2017,6,11,21,35,9.232583984375,1
2017,6,11,21,35,11.0385561523437,1
2017,6,11,21,35,12.8443559570313,1
2017,6,11,21,35,14.6502160644531,1
2017,6,11,21,35,16.456166015625,1
2017,6,11,21,35,18.2620498046875,1
2017,6,11,21,35,20.0682370605469,1
2017,6,11,21,35,21.8739560546875,1
2017,6,11,21,35,23.6798359375,1
2017,6,11,21,35,25.4856159667969,1
2017,6,11,21,35,27.2913400878906,1
2017,6,11,21,35,29.0973251953125,1
2017,6,11,21,35,30.9030620117187,1
2017,6,11,21,35,32.7090390625,1
2017,6,11,21,35,34.5149099121094,1
2017,6,11,21,35,36.3207419433594,1
2017,6,11,21,35,38.1265280761719,1
2017,6,11,21,35,39.9323959960938,1
2017,6,11,21,35,41.7382399902344,1
2017,6,11,21,35,43.5441220703125,1
2017,6,11,21,35,45.3500791015625,1
2017,6,11,21,35,47.1560490722656,1
2017,6,11,21,35,48.9620090332031,1
2017,6,11,21,35,50.7678940429687,1
2017,6,11,21,35,52.5737641601563,1
2017,6,11,21,35,54.3794990234375,1
2017,6,11,21,35,56.1854008789063,1
2017,6,11,21,35,57.9911301269531,1
2017,6,11,21,35,59.797046875,1
2017,6,11,21,36,1.60272778320313,1
2017,6,11,21,36,3.40860693359375,1
2017,6,11,21,36,5.21448803710938,1
2017,6,11,21,36,7.02030493164063,1
2017,6,11,21,36,8.82619995117187,1
2017,6,11,21,36,10.6321000976563,1
2017,6,11,21,36,12.4379848632812,1
2017,6,11,21,36,14.2437961425781,1
2017,6,11,21,36,16.0496572265625,1
2017,6,11,21,36,17.8555180664063,1
2017,6,11,21,36,19.6612419433594,1
2017,6,11,21,36,21.4670158691406,1
2017,6,11,21,36,23.2728901367188,1
2017,6,11,21,36,25.0788210449219,1
2017,6,11,21,36,26.8846340332031,1
2017,6,11,21,36,28.6903249511719,1
2017,6,11,21,36,30.4961281738281,1
2017,6,11,21,36,32.3018659667969,1
2017,6,11,21,36,34.1076218261719,1
2017,6,11,21,36,35.9134399414063,1
2017,6,11,21,36,37.7192880859375,1
2017,6,11,21,36,39.525083984375,1
2017,6,11,21,36,41.3310329589844,1
2017,6,11,21,36,43.1369289550781,1
2017,6,11,21,36,44.9428762207031,1
2017,6,11,21,36,46.7487849121094,1
2017,6,11,21,36,48.5546149902344,1
2017,6,11,21,36,50.3604699707031,1
2017,6,11,21,36,52.16621484375,1
2017,6,11,21,36,53.971921875,1
2017,6,11,21,36,55.7777961425781,1
2017,6,11,21,36,57.5837121582031,1
2017,6,11,21,36,59.3896711425781,1
2017,6,11,21,37,1.19556909179688,1
2017,6,11,21,37,3.00949194335938,1
2017,6,11,21,37,4.81532104492188,1
2017,6,11,21,37,6.62133276367187,1
2017,6,11,21,37,8.42709716796875,1
2017,6,11,21,37,10.2330261230469,1
2017,6,11,21,37,12.0387849121094,1
2017,6,11,21,37,13.8447490234375,1
2017,6,11,21,37,15.6505078125,1
2017,6,11,21,37,17.4564460449219,1
2017,6,11,21,37,19.2623779296875,1
2017,6,11,21,37,21.0683310546875,1
2017,6,11,21,37,22.8743032226562,1
2017,6,11,21,37,24.6801989746094,1
2017,6,11,21,37,26.4860119628906,1
2017,6,11,21,37,28.2918520507813,1
2017,6,11,21,37,30.0975959472656,1
2017,6,11,21,37,31.903583984375,1
2017,6,11,21,37,33.7093010253906,1
2017,6,11,21,37,35.5151459960938,1
2017,6,11,21,37,37.3208430175781,1
2017,6,11,21,37,39.1266989746094,1
2017,6,11,21,37,40.9324060058594,1
2017,6,11,21,37,42.7382380371094,1
2017,6,11,21,37,44.5439729003906,1
2017,6,11,21,37,46.34979296875,1
2017,6,11,21,37,48.15578515625,1
2017,6,11,21,37,49.9618088378906,1
2017,6,11,21,37,51.7674040527344,1
2017,6,11,21,37,53.5732570800781,1
2017,6,11,21,37,55.37912109375,1
2017,6,11,21,37,57.1850639648437,1
2017,6,11,21,37,58.9908649902344,1
2017,6,11,21,38,0.796791015625,1
2017,6,11,21,38,2.6025791015625,1
2017,6,11,21,38,4.40852099609375,1
2017,6,11,21,38,6.2143828125,1
2017,6,11,21,38,8.02013891601563,1
2017,6,11,21,38,9.8258330078125,1
2017,6,11,21,38,11.6317839355469,1
2017,6,11,21,38,13.4375119628906,1
2017,6,11,21,38,15.2449890136719,1
2017,6,11,21,38,17.0507419433594,1
2017,6,11,21,38,18.8566840820313,1
2017,6,11,21,38,20.6625510253906,1
2017,6,11,21,38,22.4682021484375,1
2017,6,11,21,38,24.2741110839844,1
2017,6,11,21,38,26.0798098144531,1
2017,6,11,21,38,27.8856049804687,1
2017,6,11,21,38,29.6913449707031,1
2017,6,11,21,38,31.4970930175781,1
2017,6,11,21,38,33.3028859863281,1
2017,6,11,21,38,35.108841796875,1
2017,6,11,21,38,36.915080078125,1
2017,6,11,21,38,38.7210480957031,1
2017,6,11,21,38,40.5268220214844,1
2017,6,11,21,38,42.3326479492188,1
2017,6,11,21,38,44.1384460449219,1
2017,6,11,21,38,45.9444328613281,1
2017,6,11,21,38,47.7500710449219,1
2017,6,11,21,38,49.5558117675781,1
2017,6,11,21,38,51.3615439453125,1
2017,6,11,21,38,53.1673879394531,1
2017,6,11,21,38,54.97329296875,1
2017,6,11,21,38,56.7792829589844,1
2017,6,11,21,38,58.5852351074219,1
2017,6,11,21,39,0.391155029296875,1
2017,6,11,21,39,2.19711987304688,1
2017,6,11,21,39,4.00289599609375,1
2017,6,11,21,39,5.80867602539062,1
2017,6,11,21,39,7.61456494140625,1
2017,6,11,21,39,9.42042895507812,1
2017,6,11,21,39,11.2261518554687,1
2017,6,11,21,39,13.0320109863281,1
2017,6,11,21,39,14.8379331054687,1
2017,6,11,21,39,16.6439030761719,1
2017,6,11,21,39,18.4497019042969,1
2017,6,11,21,39,20.2558039550781,1
2017,6,11,21,39,22.0617680664062,1
2017,6,11,21,39,23.8675471191406,1
2017,6,11,21,39,25.6734479980469,1
2017,6,11,21,39,27.4792448730469,1
2017,6,11,21,39,29.2851401367187,1
2017,6,11,21,39,31.0908359375,1
2017,6,11,21,39,32.896583984375,1
2017,6,11,21,39,34.702421875,1
2017,6,11,21,39,36.5081979980469,1
2017,6,11,21,39,38.3141169433594,1
2017,6,11,21,39,40.119875,1
2017,6,11,21,39,41.9260229492187,1
2017,6,11,21,39,43.731791015625,1
2017,6,11,21,39,45.5375229492187,1
2017,6,11,21,39,47.3434470214844,1
2017,6,11,21,39,49.149166015625,1
2017,6,11,21,39,50.9550581054688,1
2017,6,11,21,39,52.7608010253906,1
2017,6,11,21,39,54.5668139648438,1
2017,6,11,21,39,56.3727268066406,1
2017,6,11,21,39,58.1785590820312,1
2017,6,11,21,39,59.9844838867187,1
2017,6,11,21,40,1.79027514648438,1
2017,6,11,21,40,3.5961259765625,1
2017,6,11,21,40,5.4020419921875,1
2017,6,11,21,40,7.20777807617188,1
2017,6,11,21,40,9.01372192382813,1
2017,6,11,21,40,10.8195478515625,1
2017,6,11,21,40,12.6255070800781,1
2017,6,11,21,40,14.4313010253906,1
2017,6,11,21,40,16.2373540039063,1
2017,6,11,21,40,18.0432351074219,1
2017,6,11,21,40,19.8490241699219,1
2017,6,11,21,40,21.6550788574219,1
2017,6,11,21,40,23.4609479980469,1
2017,6,11,21,40,25.2668430175781,1
2017,6,11,21,40,27.0727551269531,1
2017,6,11,21,40,28.8786398925781,1
2017,6,11,21,40,30.6846179199219,1
2017,6,11,21,40,32.4906010742188,1
2017,6,11,21,40,34.2964809570312,1
2017,6,11,21,40,36.1022099609375,1
2017,6,11,21,40,37.9082241210938,1
2017,6,11,21,40,39.7140551757812,1
2017,6,11,21,40,41.5198720703125,1
2017,6,11,21,40,43.3256040039062,1
2017,6,11,21,40,45.1315080566406,1
2017,6,11,21,40,46.9375419921875,1
2017,6,11,21,40,48.7432419433594,1
2017,6,11,21,40,50.5492309570312,1
2017,6,11,21,40,52.3549248046875,1
2017,6,11,21,40,54.1608159179687,1
2017,6,11,21,40,55.9667138671875,1
2017,6,11,21,40,57.7724660644531,1
2017,6,11,21,40,59.5783701171875,1
2017,6,11,21,41,1.38406201171875,1
2017,6,11,21,41,3.18986694335937,1
2017,6,11,21,41,4.99572119140625,1
2017,6,11,21,41,6.801630859375,1
2017,6,11,21,41,8.60751391601563,1
2017,6,11,21,41,10.413337890625,1
2017,6,11,21,41,12.2191049804687,1
2017,6,11,21,41,14.0250139160156,1
2017,6,11,21,41,15.8308762207031,1
2017,6,11,21,41,17.6367978515625,1
2017,6,11,21,41,19.4426931152344,1
2017,6,11,21,41,21.2503491210937,1
2017,6,11,21,41,23.0544541015625,1
2017,6,11,21,41,24.8603698730469,1
2017,6,11,21,41,26.6701369628906,1
2017,6,11,21,41,28.4759709472656,1
2017,6,11,21,41,30.2819130859375,1
2017,6,11,21,41,32.0876750488281,1
2017,6,11,21,41,33.8933840332031,1
2017,6,11,21,41,35.6994230957031,1
2017,6,11,21,41,37.5053579101562,1
2017,6,11,21,41,39.3112680664062,1
2017,6,11,21,41,41.1172421875,1
2017,6,11,21,41,42.9231440429688,1
2017,6,11,21,41,44.7290080566406,1
2017,6,11,21,41,46.5346528320312,1
2017,6,11,21,41,48.3405261230469,1
2017,6,11,21,41,50.1463420410156,1
2017,6,11,21,41,51.9523039550781,1
2017,6,11,21,41,53.7580549316406,1
2017,6,11,21,41,55.5638020019531,1
2017,6,11,21,41,57.3698698730469,1
2017,6,11,21,41,59.1758210449219,1
2017,6,11,21,42,0.981532958984375,1
2017,6,11,21,42,2.787373046875,1
2017,6,11,21,42,4.59309008789062,1
2017,6,11,21,42,6.39905004882812,1
2017,6,11,21,42,8.20477099609375,1
2017,6,11,21,42,10.0105439453125,0
2017,6,11,21,42,11.8163349609375,0
2017,6,11,21,42,13.6222829589844,0
2017,6,11,21,42,15.428,0
