Year,Month,Day,Hour,Minute,Second,Classification
2019,9,15,22,35,0.249800048828125,0
2019,9,15,22,35,2.0997998046875,0
2019,9,15,22,35,3.94980004882812,0
2019,9,15,22,35,5.7997998046875,0
2019,9,15,22,35,7.6497998046875,0
2019,9,15,22,35,9.49980004882812,0
2019,9,15,22,35,11.3997998046875,0
2019,9,15,22,35,13.2498000488281,0
2019,9,15,22,35,15.0997998046875,0
2019,9,15,22,35,16.9498000488281,0
2019,9,15,22,35,18.7997998046875,0
2019,9,15,22,35,20.6497998046875,0
2019,9,15,22,35,22.4998000488281,0
2019,9,15,22,35,24.3497998046875,0
2019,9,15,22,35,26.1998000488281,0
2019,9,15,22,35,28.0497998046875,0
2019,9,15,22,35,29.8997998046875,0
2019,9,15,22,35,31.7498000488281,0
2019,9,15,22,35,33.5997998046875,0
2019,9,15,22,35,35.4498000488281,0
2019,9,15,22,35,37.2997998046875,0
2019,9,15,22,35,39.1497998046875,0
2019,9,15,22,35,40.9998000488281,0
2019,9,15,22,35,42.8497998046875,0
2019,9,15,22,35,44.6998000488281,0
2019,9,15,22,35,46.5497998046875,0
2019,9,15,22,35,48.3997998046875,0
2019,9,15,22,35,50.2498000488281,0
2019,9,15,22,35,52.0997998046875,0
2019,9,15,22,35,53.9498000488281,0
2019,9,15,22,35,55.7997998046875,0
2019,9,15,22,35,57.6497998046875,0
2019,9,15,22,35,59.4998000488281,0
2019,9,15,22,36,1.3497998046875,0
2019,9,15,22,36,3.19980004882812,0
2019,9,15,22,36,5.0497998046875,0
2019,9,15,22,36,6.8997998046875,0
2019,9,15,22,36,8.74980004882812,0
2019,9,15,22,36,10.5997998046875,0
2019,9,15,22,36,12.4498000488281,0
2019,9,15,22,36,14.2997998046875,0
2019,9,15,22,36,16.1497998046875,0
2019,9,15,22,36,17.9998000488281,0
2019,9,15,22,36,19.8497998046875,0
2019,9,15,22,36,21.6998000488281,0
2019,9,15,22,36,23.5497998046875,0
2019,9,15,22,36,25.3997998046875,0
2019,9,15,22,36,27.2498000488281,0
2019,9,15,22,36,29.0997998046875,0
2019,9,15,22,36,30.9498000488281,0
2019,9,15,22,36,32.7997998046875,0
2019,9,15,22,36,34.6497998046875,0
2019,9,15,22,36,36.4998000488281,0
2019,9,15,22,36,38.3497998046875,0
2019,9,15,22,36,40.1998000488281,0
2019,9,15,22,36,41.9998000488281,0
2019,9,15,22,36,43.8997998046875,0
2019,9,15,22,36,45.7498000488281,0
2019,9,15,22,36,47.5997998046875,0
2019,9,15,22,36,49.4498000488281,0
2019,9,15,22,36,51.2498000488281,0
2019,9,15,22,36,53.1497998046875,0
2019,9,15,22,36,54.9998000488281,0
2019,9,15,22,36,56.8497998046875,0
2019,9,15,22,36,58.6998000488281,0
2019,9,15,22,37,0.5497998046875,0
2019,9,15,22,37,2.3997998046875,0
2019,9,15,22,37,4.24980004882813,0
2019,9,15,22,37,6.0997998046875,0
2019,9,15,22,37,7.94980004882813,0
2019,9,15,22,37,9.7997998046875,0
2019,9,15,22,37,11.6497998046875,0
2019,9,15,22,37,13.4998000488281,0
2019,9,15,22,37,15.3497998046875,0
2019,9,15,22,37,17.1998000488281,0
2019,9,15,22,37,19.0497998046875,0
2019,9,15,22,37,20.8997998046875,0
2019,9,15,22,37,22.7498000488281,0
2019,9,15,22,37,24.5997998046875,0
2019,9,15,22,37,26.4498000488281,0
2019,9,15,22,37,28.2997998046875,0
2019,9,15,22,37,30.1497998046875,0
2019,9,15,22,37,31.9998000488281,0
2019,9,15,22,37,33.8497998046875,0
2019,9,15,22,37,35.6998000488281,0
2019,9,15,22,37,37.5497998046875,0
2019,9,15,22,37,39.3997998046875,0
2019,9,15,22,37,41.2498000488281,0
2019,9,15,22,37,43.0997998046875,0
2019,9,15,22,37,44.9498000488281,0
2019,9,15,22,37,46.7997998046875,0
2019,9,15,22,37,48.6497998046875,0
2019,9,15,22,37,50.4998000488281,0
2019,9,15,22,37,52.3497998046875,0
2019,9,15,22,37,54.1998000488281,0
2019,9,15,22,37,56.0497998046875,0
2019,9,15,22,37,57.8997998046875,0
2019,9,15,22,37,59.7498000488281,0
2019,9,15,22,38,1.5997998046875,0
2019,9,15,22,38,3.44980004882812,0
2019,9,15,22,38,5.2997998046875,0
2019,9,15,22,38,7.1497998046875,0
2019,9,15,22,38,8.99980004882812,0
2019,9,15,22,38,10.8497998046875,0
2019,9,15,22,38,12.6998000488281,0
2019,9,15,22,38,14.5497998046875,0
2019,9,15,22,38,16.3997998046875,0
2019,9,15,22,38,18.2498000488281,0
2019,9,15,22,38,20.0997998046875,0
2019,9,15,22,38,21.9498000488281,0
2019,9,15,22,38,23.7997998046875,0
2019,9,15,22,38,25.6497998046875,0
2019,9,15,22,38,27.4998000488281,0
2019,9,15,22,38,29.3497998046875,0
2019,9,15,22,38,31.1998000488281,0
2019,9,15,22,38,33.0497998046875,0
2019,9,15,22,38,34.8997998046875,0
2019,9,15,22,38,36.7498000488281,0
2019,9,15,22,38,38.5997998046875,0
2019,9,15,22,38,40.4498000488281,0
2019,9,15,22,38,42.2997998046875,0
2019,9,15,22,38,44.1497998046875,0
2019,9,15,22,38,45.9998000488281,0
2019,9,15,22,38,47.8497998046875,0
2019,9,15,22,38,49.6998000488281,0
2019,9,15,22,38,51.5497998046875,0
2019,9,15,22,38,53.3997998046875,0
2019,9,15,22,38,55.2498000488281,0
2019,9,15,22,38,57.0997998046875,0
2019,9,15,22,38,58.9498000488281,1
2019,9,15,22,39,0.7997998046875,1
2019,9,15,22,39,2.6497998046875,1
2019,9,15,22,39,4.49980004882813,1
2019,9,15,22,39,6.3497998046875,1
2019,9,15,22,39,8.19980004882813,1
2019,9,15,22,39,10.0497998046875,1
2019,9,15,22,39,11.8997998046875,1
2019,9,15,22,39,13.7498000488281,1
2019,9,15,22,39,15.5997998046875,1
2019,9,15,22,39,17.4498000488281,1
2019,9,15,22,39,19.2997998046875,1
2019,9,15,22,39,21.1497998046875,1
2019,9,15,22,39,22.9998000488281,1
2019,9,15,22,39,24.8497998046875,1
2019,9,15,22,39,26.6998000488281,1
2019,9,15,22,39,28.5497998046875,1
2019,9,15,22,39,30.3997998046875,1
2019,9,15,22,39,32.2498000488281,1
2019,9,15,22,39,34.0997998046875,1
2019,9,15,22,39,35.9498000488281,1
2019,9,15,22,39,37.7997998046875,1
2019,9,15,22,39,39.6497998046875,1
2019,9,15,22,39,41.4998000488281,1
2019,9,15,22,39,43.3497998046875,1
2019,9,15,22,39,45.1998000488281,1
2019,9,15,22,39,47.0497998046875,1
2019,9,15,22,39,48.8997998046875,1
2019,9,15,22,39,50.7498000488281,1
2019,9,15,22,39,52.5997998046875,1
2019,9,15,22,39,54.4498000488281,1
2019,9,15,22,39,56.2997998046875,1
2019,9,15,22,39,58.1497998046875,1
2019,9,15,22,39,59.9998000488281,1
2019,9,15,22,40,1.8497998046875,1
2019,9,15,22,40,3.69980004882812,1
2019,9,15,22,40,5.5497998046875,1
2019,9,15,22,40,7.3997998046875,1
2019,9,15,22,40,9.24980004882812,1
2019,9,15,22,40,11.0997998046875,1
2019,9,15,22,40,12.9498000488281,1
2019,9,15,22,40,14.7997998046875,1
2019,9,15,22,40,16.6497998046875,1
2019,9,15,22,40,18.4998000488281,1
2019,9,15,22,40,20.3497998046875,1
2019,9,15,22,40,22.1998000488281,1
2019,9,15,22,40,24.0497998046875,1
2019,9,15,22,40,25.8997998046875,1
2019,9,15,22,40,27.7498000488281,1
2019,9,15,22,40,29.5997998046875,1
2019,9,15,22,40,31.4498000488281,1
2019,9,15,22,40,33.2997998046875,1
2019,9,15,22,40,35.1497998046875,1
2019,9,15,22,40,36.9998000488281,1
2019,9,15,22,40,38.8497998046875,1
2019,9,15,22,40,40.6998000488281,1
2019,9,15,22,40,42.5497998046875,1
2019,9,15,22,40,44.3997998046875,1
2019,9,15,22,40,46.2498000488281,1
2019,9,15,22,40,48.0997998046875,0
2019,9,15,22,40,49.9498000488281,0
2019,9,15,22,40,51.7997998046875,0
2019,9,15,22,40,53.6497998046875,0
2019,9,15,22,40,55.4998000488281,0
2019,9,15,22,40,57.3497998046875,0
2019,9,15,22,40,59.1998000488281,0
2019,9,15,22,41,1.0497998046875,0
2019,9,15,22,41,2.8997998046875,0
2019,9,15,22,41,4.74980004882813,0
2019,9,15,22,41,6.5997998046875,0
2019,9,15,22,41,8.44980004882813,0
2019,9,15,22,41,10.2997998046875,0
2019,9,15,22,41,12.1497998046875,1
2019,9,15,22,41,13.9998000488281,1
2019,9,15,22,41,15.8497998046875,1
2019,9,15,22,41,17.6998000488281,1
2019,9,15,22,41,19.5497998046875,1
2019,9,15,22,41,21.3997998046875,1
2019,9,15,22,41,23.2498000488281,1
2019,9,15,22,41,25.0997998046875,1
2019,9,15,22,41,26.9498000488281,1
2019,9,15,22,41,28.7997998046875,1
2019,9,15,22,41,30.6497998046875,1
2019,9,15,22,41,32.4998000488281,1
2019,9,15,22,41,34.3497998046875,1
2019,9,15,22,41,36.1998000488281,1
2019,9,15,22,41,38.0497998046875,1
2019,9,15,22,41,39.8997998046875,1
2019,9,15,22,41,41.7498000488281,1
2019,9,15,22,41,43.5997998046875,1
2019,9,15,22,41,45.4498000488281,1
2019,9,15,22,41,47.2997998046875,1
2019,9,15,22,41,49.1497998046875,1
2019,9,15,22,41,50.9998000488281,1
2019,9,15,22,41,52.8497998046875,1
2019,9,15,22,41,54.6998000488281,1
2019,9,15,22,41,56.5497998046875,1
2019,9,15,22,41,58.3997998046875,1
2019,9,15,22,42,0.249800048828125,1
2019,9,15,22,42,2.0997998046875,1
2019,9,15,22,42,3.94980004882812,1
2019,9,15,22,42,5.7997998046875,1
2019,9,15,22,42,7.6497998046875,1
2019,9,15,22,42,9.49980004882812,1
2019,9,15,22,42,11.3497998046875,1
2019,9,15,22,42,13.1998000488281,1
2019,9,15,22,42,15.0497998046875,1
2019,9,15,22,43,10.4998000488281,1
2019,9,15,22,43,12.3497998046875,1
2019,9,15,22,43,14.1998000488281,1
2019,9,15,22,43,16.0497998046875,1
2019,9,15,22,43,17.8997998046875,1
2019,9,15,22,43,19.7498000488281,1
2019,9,15,22,43,21.5997998046875,1
2019,9,15,22,43,23.4498000488281,1
2019,9,15,22,43,25.2997998046875,1
2019,9,15,22,43,27.1497998046875,1
2019,9,15,22,43,28.9998000488281,1
2019,9,15,22,43,30.8497998046875,1
2019,9,15,22,43,32.6998000488281,1
2019,9,15,22,43,34.5497998046875,1
2019,9,15,22,43,36.3997998046875,1
2019,9,15,22,43,38.2498000488281,1
2019,9,15,22,43,40.0997998046875,1
2019,9,15,22,43,41.9498000488281,1
2019,9,15,22,43,43.7997998046875,1
2019,9,15,22,43,45.6497998046875,1
2019,9,15,22,43,47.4998000488281,1
2019,9,15,22,43,49.3497998046875,1
2019,9,15,22,43,51.1998000488281,1
2019,9,15,22,43,53.0497998046875,1
2019,9,15,22,43,54.8997998046875,1
2019,9,15,22,43,56.7498000488281,1
2019,9,15,22,43,58.5997998046875,1
2019,9,15,22,44,0.449800048828125,1
2019,9,15,22,44,2.2997998046875,1
2019,9,15,22,44,4.1497998046875,1
2019,9,15,22,44,5.99980004882813,1
2019,9,15,22,44,7.8497998046875,1
2019,9,15,22,44,9.69980004882813,1
2019,9,15,22,44,11.5497998046875,1
2019,9,15,22,44,13.3997998046875,1
2019,9,15,22,44,15.2498000488281,1
2019,9,15,22,44,17.0997998046875,1
2019,9,15,22,44,18.9498000488281,1
2019,9,15,22,44,20.7997998046875,1
2019,9,15,22,44,22.6497998046875,1
2019,9,15,22,44,24.4998000488281,1
2019,9,15,22,44,26.3497998046875,1
2019,9,15,22,44,28.1998000488281,1
2019,9,15,22,44,30.0497998046875,1
2019,9,15,22,44,31.8997998046875,1
2019,9,15,22,44,33.7498000488281,1
2019,9,15,22,44,35.5997998046875,1
2019,9,15,22,44,37.4498000488281,1
2019,9,15,22,44,39.2997998046875,1
2019,9,15,22,44,41.1497998046875,1
2019,9,15,22,44,42.9998000488281,1
2019,9,15,22,44,44.8497998046875,1
2019,9,15,22,44,46.6998000488281,1
2019,9,15,22,44,48.5497998046875,1
2019,9,15,22,44,50.3997998046875,1
2019,9,15,22,44,52.2498000488281,1
2019,9,15,22,44,54.0997998046875,1
2019,9,15,22,44,55.9498000488281,1
2019,9,15,22,44,57.7997998046875,1
2019,9,15,22,44,59.6497998046875,1
2019,9,15,22,45,1.49980004882813,1
2019,9,15,22,45,3.3497998046875,1
2019,9,15,22,45,5.19980004882813,1
2019,9,15,22,45,7.0497998046875,1
2019,9,15,22,45,8.8997998046875,1
2019,9,15,22,45,10.7498000488281,1
2019,9,15,22,45,12.5997998046875,1
2019,9,15,22,45,14.4498000488281,1
2019,9,15,22,45,16.2997998046875,1
2019,9,15,22,45,18.1497998046875,1
2019,9,15,22,45,19.9998000488281,1
2019,9,15,22,45,21.8497998046875,1
2019,9,15,22,45,23.6998000488281,1
2019,9,15,22,45,25.5497998046875,1
2019,9,15,22,45,27.3997998046875,1
2019,9,15,22,45,29.2498000488281,1
2019,9,15,22,45,31.0997998046875,1
2019,9,15,22,45,32.9498000488281,1
2019,9,15,22,45,34.7997998046875,1
2019,9,15,22,45,36.6497998046875,1
2019,9,15,22,45,38.4998000488281,1
2019,9,15,22,45,40.3497998046875,1
2019,9,15,22,45,42.1998000488281,1
2019,9,15,22,45,44.0497998046875,1
2019,9,15,22,45,45.8997998046875,1
2019,9,15,22,45,47.7498000488281,1
2019,9,15,22,45,49.5997998046875,1
2019,9,15,22,45,51.4498000488281,1
2019,9,15,22,45,53.2997998046875,1
2019,9,15,22,45,55.1497998046875,1
2019,9,15,22,45,56.9998000488281,1
2019,9,15,22,45,58.8497998046875,1
2019,9,15,22,46,0.699800048828125,1
2019,9,15,22,46,2.5497998046875,1
2019,9,15,22,46,4.3997998046875,1
2019,9,15,22,46,6.24980004882813,1
2019,9,15,22,46,8.0997998046875,1
2019,9,15,22,46,9.94980004882813,1
2019,9,15,22,46,11.7997998046875,1
2019,9,15,22,46,13.6497998046875,1
2019,9,15,22,46,15.4998000488281,1
2019,9,15,22,46,17.3497998046875,1
2019,9,15,22,46,19.1998000488281,1
2019,9,15,22,46,21.0497998046875,1
2019,9,15,22,46,22.8997998046875,1
2019,9,15,22,46,24.7498000488281,1
2019,9,15,22,46,26.5997998046875,1
2019,9,15,22,46,28.4498000488281,1
2019,9,15,22,46,30.2997998046875,1
2019,9,15,22,46,32.1497998046875,1
2019,9,15,22,46,33.9998000488281,1
2019,9,15,22,46,35.8497998046875,1
2019,9,15,22,46,37.6998000488281,1
2019,9,15,22,46,39.5497998046875,1
2019,9,15,22,46,41.3997998046875,1
2019,9,15,22,46,43.2498000488281,1
2019,9,15,22,46,45.0997998046875,1
2019,9,15,22,46,46.9498000488281,1
2019,9,15,22,46,48.7997998046875,1
2019,9,15,22,46,50.6497998046875,1
2019,9,15,22,46,52.4998000488281,1
2019,9,15,22,46,54.3497998046875,1
2019,9,15,22,46,56.1998000488281,1
2019,9,15,22,46,58.0497998046875,1
2019,9,15,22,46,59.8997998046875,1
2019,9,15,22,47,1.74980004882813,1
2019,9,15,22,47,3.5997998046875,1
2019,9,15,22,47,5.44980004882813,1
2019,9,15,22,47,7.2997998046875,1
2019,9,15,22,47,9.1497998046875,1
2019,9,15,22,47,10.9998000488281,1
2019,9,15,22,47,12.8497998046875,1
2019,9,15,22,47,14.6998000488281,1
2019,9,15,22,47,16.5497998046875,1
2019,9,15,22,47,18.3997998046875,1
2019,9,15,22,47,20.2498000488281,1
2019,9,15,22,47,22.0997998046875,1
2019,9,15,22,47,23.9498000488281,1
2019,9,15,22,47,25.7997998046875,1
2019,9,15,22,47,27.6497998046875,1
2019,9,15,22,47,29.4998000488281,1
2019,9,15,22,47,31.3497998046875,1
2019,9,15,22,47,33.1998000488281,1
2019,9,15,22,47,35.0497998046875,1
2019,9,15,22,47,36.8997998046875,1
2019,9,15,22,47,38.7498000488281,1
2019,9,15,22,47,40.5997998046875,1
2019,9,15,22,47,42.4498000488281,1
2019,9,15,22,47,44.2997998046875,1
2019,9,15,22,47,46.1497998046875,1
2019,9,15,22,47,47.9998000488281,1
2019,9,15,22,47,49.8497998046875,1
2019,9,15,22,47,51.6998000488281,1
2019,9,15,22,47,53.5497998046875,1
2019,9,15,22,47,55.3997998046875,1
2019,9,15,22,47,57.2498000488281,1
2019,9,15,22,47,59.0997998046875,1
2019,9,15,22,48,0.949800048828125,1
2019,9,15,22,48,2.7997998046875,1
2019,9,15,22,48,4.6497998046875,1
2019,9,15,22,48,6.49980004882813,1
2019,9,15,22,48,8.3497998046875,1
2019,9,15,22,48,10.1998000488281,1
2019,9,15,22,48,12.0497998046875,1
2019,9,15,22,48,13.8997998046875,1
2019,9,15,22,48,15.7498000488281,1
2019,9,15,22,48,17.5997998046875,1
2019,9,15,22,48,19.4498000488281,1
2019,9,15,22,48,21.2997998046875,1
2019,9,15,22,48,23.1497998046875,1
2019,9,15,22,48,24.9998000488281,1
2019,9,15,22,48,26.8497998046875,1
2019,9,15,22,48,28.6998000488281,1
2019,9,15,22,48,30.5497998046875,1
2019,9,15,22,48,32.3997998046875,1
2019,9,15,22,48,34.2498000488281,1
2019,9,15,22,48,36.0997998046875,1
2019,9,15,22,48,37.9498000488281,1
2019,9,15,22,48,39.7997998046875,1
2019,9,15,22,48,41.6497998046875,1
2019,9,15,22,48,43.4998000488281,1
2019,9,15,22,48,45.3497998046875,1
2019,9,15,22,48,47.1998000488281,1
2019,9,15,22,48,49.0497998046875,1
2019,9,15,22,48,50.8997998046875,1
2019,9,15,22,48,52.7498000488281,1
2019,9,15,22,48,54.5997998046875,1
2019,9,15,22,48,56.4498000488281,1
2019,9,15,22,48,58.2997998046875,1
2019,9,15,22,49,0.1497998046875,1
2019,9,15,22,49,1.99980004882813,1
2019,9,15,22,49,3.8497998046875,1
2019,9,15,22,49,5.69980004882813,1
2019,9,15,22,49,7.5497998046875,1
2019,9,15,22,49,9.3997998046875,1
2019,9,15,22,49,11.2498000488281,1
2019,9,15,22,49,13.0997998046875,1
2019,9,15,22,49,14.9498000488281,1
2019,9,15,22,49,16.7997998046875,1
2019,9,15,22,49,18.6497998046875,1
2019,9,15,22,49,20.4998000488281,1
2019,9,15,22,49,22.3497998046875,1
2019,9,15,22,49,24.1998000488281,1
2019,9,15,22,49,26.0497998046875,1
2019,9,15,22,49,27.8997998046875,1
2019,9,15,22,49,29.7498000488281,1
2019,9,15,22,49,31.5997998046875,1
2019,9,15,22,49,33.4498000488281,1
2019,9,15,22,49,35.2997998046875,1
2019,9,15,22,49,37.1497998046875,1
2019,9,15,22,49,38.9998000488281,1
2019,9,15,22,49,40.8497998046875,1
2019,9,15,22,49,42.6998000488281,1
2019,9,15,22,49,44.5497998046875,1
2019,9,15,22,49,46.3997998046875,1
2019,9,15,22,49,48.2498000488281,1
2019,9,15,22,49,50.0997998046875,1
2019,9,15,22,49,51.9498000488281,1
2019,9,15,22,49,53.7997998046875,1
2019,9,15,22,49,55.6497998046875,1
2019,9,15,22,49,57.4998000488281,1
2019,9,15,22,49,59.3497998046875,1
2019,9,15,22,50,1.19980004882813,1
2019,9,15,22,50,3.0497998046875,1
2019,9,15,22,50,4.8997998046875,1
2019,9,15,22,50,6.74980004882813,1
2019,9,15,22,50,8.5997998046875,1
2019,9,15,22,50,10.4498000488281,1
2019,9,15,22,50,12.2997998046875,1
2019,9,15,22,50,14.1497998046875,1
2019,9,15,22,50,15.9998000488281,1
2019,9,15,22,50,17.8497998046875,1
2019,9,15,22,50,19.6998000488281,1
2019,9,15,22,50,21.5497998046875,1
2019,9,15,22,50,23.3997998046875,1
2019,9,15,22,50,25.2498000488281,1
2019,9,15,22,50,27.0997998046875,1
2019,9,15,22,50,28.9498000488281,1
2019,9,15,22,50,30.7997998046875,1
2019,9,15,22,50,32.6497998046875,1
2019,9,15,22,50,34.4998000488281,1
2019,9,15,22,50,36.3497998046875,1
2019,9,15,22,50,38.1998000488281,1
2019,9,15,22,50,40.0497998046875,1
2019,9,15,22,50,41.8997998046875,1
2019,9,15,22,50,43.7498000488281,1
2019,9,15,22,50,45.5997998046875,1
2019,9,15,22,50,47.4498000488281,1
2019,9,15,22,50,49.2997998046875,1
2019,9,15,22,50,51.1497998046875,1
2019,9,15,22,50,52.9998000488281,1
2019,9,15,22,50,54.8497998046875,1
2019,9,15,22,50,56.6998000488281,1
2019,9,15,22,50,58.5497998046875,1
2019,9,15,22,51,0.3997998046875,1
2019,9,15,22,51,2.24980004882813,1
2019,9,15,22,51,4.0997998046875,1
2019,9,15,22,51,5.94980004882813,1
2019,9,15,22,51,7.7997998046875,1
2019,9,15,22,51,9.6497998046875,1
2019,9,15,22,51,11.4998000488281,1
2019,9,15,22,51,13.3497998046875,1
2019,9,15,22,51,15.1998000488281,1
2019,9,15,22,51,17.0497998046875,1
2019,9,15,22,51,18.8997998046875,1
2019,9,15,22,51,20.7498000488281,1
2019,9,15,22,51,22.5997998046875,1
2019,9,15,22,51,24.4498000488281,1
2019,9,15,22,51,26.2997998046875,1
2019,9,15,22,51,28.1497998046875,1
2019,9,15,22,51,29.9998000488281,1
2019,9,15,22,51,31.8497998046875,1
2019,9,15,22,51,33.6998000488281,1
2019,9,15,22,51,35.5497998046875,1
2019,9,15,22,51,37.3997998046875,1
2019,9,15,22,51,39.2498000488281,1
2019,9,15,22,51,41.0997998046875,1
2019,9,15,22,51,42.9498000488281,1
2019,9,15,22,51,44.7997998046875,1
2019,9,15,22,51,46.6497998046875,1
2019,9,15,22,51,48.4998000488281,1
2019,9,15,22,51,50.3497998046875,1
2019,9,15,22,51,52.1998000488281,0
2019,9,15,22,51,54.0497998046875,0
2019,9,15,22,51,55.8997998046875,0
2019,9,15,22,51,57.7498000488281,0
2019,9,15,22,51,59.5997998046875,0
2019,9,15,22,52,1.44980004882813,0
2019,9,15,22,52,3.2997998046875,0
2019,9,15,22,52,5.1497998046875,0
2019,9,15,22,52,6.99980004882813,0
2019,9,15,22,52,8.8497998046875,0
2019,9,15,22,52,10.6998000488281,0
2019,9,15,22,52,12.5497998046875,0
2019,9,15,22,52,14.3997998046875,0
2019,9,15,22,52,16.2498000488281,0
2019,9,15,22,52,18.0997998046875,0
2019,9,15,22,52,19.9498000488281,0
2019,9,15,22,52,21.7997998046875,0
2019,9,15,22,52,23.6497998046875,0
2019,9,15,22,52,25.4998000488281,0
2019,9,15,22,52,27.3497998046875,0
2019,9,15,22,52,29.1998000488281,0
2019,9,15,22,52,31.0497998046875,1
2019,9,15,22,52,32.8997998046875,2
2019,9,15,22,52,34.7498000488281,2
2019,9,15,22,52,36.5497998046875,2
2019,9,15,22,52,38.3997998046875,2
2019,9,15,22,52,40.3497998046875,2
2019,9,15,22,52,42.1497998046875,2
2019,9,15,22,52,43.9998000488281,2
2019,9,15,22,52,45.7997998046875,2
2019,9,15,22,52,47.6497998046875,2
2019,9,15,22,52,49.4998000488281,2
2019,9,15,22,52,51.3997998046875,2
2019,9,15,22,52,53.2498000488281,2
2019,9,15,22,52,55.0997998046875,2
2019,9,15,22,52,56.9998000488281,2
2019,9,15,22,52,58.8497998046875,2
2019,9,15,22,53,0.749800048828125,2
2019,9,15,22,53,2.5497998046875,2
2019,9,15,22,53,4.3497998046875,2
2019,9,15,22,53,6.19980004882813,2
2019,9,15,22,53,8.0497998046875,2
2019,9,15,22,53,9.8997998046875,2
2019,9,15,22,53,11.8497998046875,2
2019,9,15,22,53,13.7498000488281,2
2019,9,15,22,53,15.4998000488281,2
2019,9,15,22,53,17.1998000488281,2
2019,9,15,22,53,19.0497998046875,2
2019,9,15,22,53,20.9498000488281,2
2019,9,15,22,53,22.8497998046875,2
2019,9,15,22,53,24.5997998046875,2
2019,9,15,22,53,26.4998000488281,2
2019,9,15,22,53,28.3997998046875,2
2019,9,15,22,53,30.1998000488281,2
2019,9,15,22,53,32.0497998046875,2
2019,9,15,22,53,33.8997998046875,2
2019,9,15,22,53,35.7498000488281,2
2019,9,15,22,53,37.5997998046875,2
2019,9,15,22,53,39.4498000488281,2
2019,9,15,22,53,41.2997998046875,2
2019,9,15,22,53,43.1497998046875,2
2019,9,15,22,53,44.9998000488281,2
2019,9,15,22,53,46.8497998046875,2
2019,9,15,22,53,48.7498000488281,2
2019,9,15,22,53,50.5497998046875,2
2019,9,15,22,53,52.3997998046875,2
2019,9,15,22,53,54.2997998046875,2
2019,9,15,22,53,56.1497998046875,2
2019,9,15,22,53,57.9998000488281,2
2019,9,15,22,53,59.8497998046875,2
2019,9,15,22,54,1.69980004882812,2
2019,9,15,22,54,3.5497998046875,1
2019,9,15,22,54,5.3997998046875,1
2019,9,15,22,54,7.24980004882813,0
2019,9,15,22,54,9.0997998046875,0
2019,9,15,22,54,10.9498000488281,0
2019,9,15,22,54,12.7997998046875,0
2019,9,15,22,54,14.6497998046875,0
2019,9,15,22,54,16.4998000488281,0
2019,9,15,22,54,18.3497998046875,0
2019,9,15,22,54,20.1998000488281,0
2019,9,15,22,54,22.0497998046875,0
2019,9,15,22,54,23.8997998046875,0
2019,9,15,22,54,25.7498000488281,0
2019,9,15,22,54,27.5997998046875,0
2019,9,15,22,54,29.4498000488281,0
2019,9,15,22,54,31.2997998046875,0
2019,9,15,22,54,33.1497998046875,0
2019,9,15,22,54,34.9998000488281,0
2019,9,15,22,54,36.8497998046875,0
2019,9,15,22,54,38.6998000488281,0
2019,9,15,22,54,40.5497998046875,0
2019,9,15,22,54,42.3997998046875,0
2019,9,15,22,54,44.2498000488281,0
2019,9,15,22,54,46.0997998046875,0
2019,9,15,22,54,47.9498000488281,0
2019,9,15,22,54,49.7997998046875,0
2019,9,15,22,54,51.6497998046875,0
2019,9,15,22,54,53.4998000488281,0
2019,9,15,22,54,55.3497998046875,0
2019,9,15,22,54,57.1998000488281,0
2019,9,15,22,54,59.0497998046875,0
2019,9,15,22,55,0.8997998046875,0
2019,9,15,22,55,2.74980004882813,0
2019,9,15,22,55,4.5997998046875,0
2019,9,15,22,55,6.44980004882813,0
2019,9,15,22,55,8.2997998046875,0
2019,9,15,22,55,10.1497998046875,0
2019,9,15,22,55,11.9998000488281,0
2019,9,15,22,55,13.8497998046875,0
2019,9,15,22,55,15.6998000488281,0
2019,9,15,22,55,17.5497998046875,0
2019,9,15,22,55,19.3997998046875,0
2019,9,15,22,55,21.2498000488281,0
2019,9,15,22,55,23.0997998046875,0
2019,9,15,22,55,24.9498000488281,0
2019,9,15,22,55,26.7997998046875,0
2019,9,15,22,55,28.6497998046875,0
2019,9,15,22,55,30.4998000488281,0
2019,9,15,22,55,32.3497998046875,0
2019,9,15,22,55,34.1998000488281,0
2019,9,15,22,55,36.0497998046875,0
2019,9,15,22,55,37.8497998046875,0
2019,9,15,23,1,14.7498000488281,0
2019,9,15,23,1,16.5997998046875,0
2019,9,15,23,1,18.4498000488281,0
2019,9,15,23,1,20.2498000488281,0
2019,9,15,23,1,22.0997998046875,0
2019,9,15,23,1,23.9498000488281,0
2019,9,15,23,1,25.7997998046875,0
2019,9,15,23,1,27.6497998046875,0
2019,9,15,23,1,29.4998000488281,0
2019,9,15,23,1,31.3497998046875,0
2019,9,15,23,1,33.1998000488281,0
2019,9,15,23,1,35.0497998046875,0
2019,9,15,23,1,36.8997998046875,0
2019,9,15,23,1,38.7498000488281,0
2019,9,15,23,1,40.5997998046875,0
2019,9,15,23,1,42.4498000488281,0
2019,9,15,23,1,44.2997998046875,0
2019,9,15,23,1,46.1497998046875,0
2019,9,15,23,1,47.9998000488281,0
2019,9,15,23,1,49.8497998046875,0
2019,9,15,23,1,51.6998000488281,0
2019,9,15,23,1,53.5497998046875,0
2019,9,15,23,1,55.3997998046875,0
2019,9,15,23,1,57.2498000488281,0
2019,9,15,23,1,59.1497998046875,0
2019,9,15,23,2,0.999800048828125,0
2019,9,15,23,2,2.8497998046875,0
2019,9,15,23,2,4.69980004882813,0
2019,9,15,23,2,6.5497998046875,0
2019,9,15,23,2,8.3997998046875,0
2019,9,15,23,2,10.2498000488281,0
2019,9,15,23,2,12.0997998046875,0
2019,9,15,23,2,13.9498000488281,0
2019,9,15,23,2,15.7997998046875,0
2019,9,15,23,2,17.6497998046875,0
2019,9,15,23,2,19.4998000488281,0
2019,9,15,23,2,21.3497998046875,0
2019,9,15,23,2,23.1998000488281,0
2019,9,15,23,2,25.0497998046875,0
2019,9,15,23,2,26.8997998046875,0
2019,9,15,23,2,28.7498000488281,0
2019,9,15,23,2,30.5997998046875,0
2019,9,15,23,2,32.4498000488281,0
2019,9,15,23,2,34.3497998046875,0
2019,9,15,23,2,36.1497998046875,0
2019,9,15,23,2,37.9998000488281,0
2019,9,15,23,2,39.8497998046875,0
2019,9,15,23,2,41.6998000488281,0
2019,9,15,23,2,43.5497998046875,0
2019,9,15,23,2,45.3997998046875,0
2019,9,15,23,2,47.2498000488281,0
2019,9,15,23,2,49.0997998046875,0
2019,9,15,23,2,50.9498000488281,0
2019,9,15,23,2,52.7997998046875,0
2019,9,15,23,2,54.6497998046875,0
2019,9,15,23,2,56.4998000488281,0
2019,9,15,23,2,58.3497998046875,0
2019,9,15,23,3,0.199800048828125,0
2019,9,15,23,3,2.0497998046875,0
2019,9,15,23,3,3.8997998046875,0
2019,9,15,23,3,5.74980004882813,0
2019,9,15,23,3,7.5997998046875,0
2019,9,15,23,3,9.44980004882813,0
2019,9,15,23,3,11.2997998046875,0
2019,9,15,23,3,13.1497998046875,0
2019,9,15,23,3,14.9998000488281,0
2019,9,15,23,3,16.8497998046875,0
2019,9,15,23,3,18.6998000488281,0
2019,9,15,23,3,20.5497998046875,0
2019,9,15,23,3,22.3997998046875,0
2019,9,15,23,3,24.2498000488281,0
2019,9,15,23,3,26.0997998046875,0
2019,9,15,23,3,27.9498000488281,0
2019,9,15,23,3,29.7997998046875,0
2019,9,15,23,3,31.6497998046875,0
2019,9,15,23,3,33.4998000488281,0
2019,9,15,23,3,35.3497998046875,0
2019,9,15,23,3,37.1998000488281,0
2019,9,15,23,3,39.0497998046875,0
2019,9,15,23,3,40.8997998046875,0
2019,9,15,23,3,42.6998000488281,0
2019,9,15,23,3,44.5997998046875,0
2019,9,15,23,3,46.4498000488281,0
2019,9,15,23,3,48.2997998046875,0
2019,9,15,23,3,50.1497998046875,0
2019,9,15,23,3,51.9998000488281,0
2019,9,15,23,3,53.8497998046875,0
2019,9,15,23,3,55.6998000488281,0
2019,9,15,23,3,57.4998000488281,0
2019,9,15,23,3,59.3997998046875,0
2019,9,15,23,4,1.24980004882813,0
2019,9,15,23,4,3.0997998046875,0
2019,9,15,23,4,4.94980004882813,0
2019,9,15,23,4,6.74980004882813,0
2019,9,15,23,4,8.6497998046875,0
2019,9,15,23,4,10.4998000488281,0
2019,9,15,23,4,12.3497998046875,0
2019,9,15,23,4,14.1998000488281,0
2019,9,15,23,4,16.0497998046875,0
2019,9,15,23,4,17.8997998046875,0
2019,9,15,23,4,19.7498000488281,0
2019,9,15,23,4,21.5997998046875,0
2019,9,15,23,4,23.4498000488281,0
2019,9,15,23,4,25.2997998046875,0
2019,9,15,23,4,27.1497998046875,0
2019,9,15,23,4,28.9998000488281,0
2019,9,15,23,4,30.8497998046875,0
2019,9,15,23,4,32.6998000488281,0
2019,9,15,23,4,34.5497998046875,0
2019,9,15,23,4,36.3997998046875,0
2019,9,15,23,4,38.2498000488281,0
2019,9,15,23,4,40.0997998046875,0
2019,9,15,23,4,41.9498000488281,0
2019,9,15,23,4,43.7997998046875,0
2019,9,15,23,4,45.6497998046875,0
2019,9,15,23,4,47.4998000488281,0
2019,9,15,23,4,49.3497998046875,0
2019,9,15,23,4,51.1998000488281,0
2019,9,15,23,4,53.0497998046875,0
2019,9,15,23,4,54.8997998046875,0
2019,9,15,23,4,56.7498000488281,0
2019,9,15,23,4,58.5997998046875,0
2019,9,15,23,5,0.449800048828125,0
2019,9,15,23,5,2.2997998046875,0
2019,9,15,23,5,4.1497998046875,0
2019,9,15,23,5,5.99980004882813,0
2019,9,15,23,5,7.8497998046875,0
2019,9,15,23,5,9.69980004882813,0
2019,9,15,23,5,11.5497998046875,0
2019,9,15,23,5,13.3997998046875,0
2019,9,15,23,5,15.2498000488281,0
2019,9,15,23,5,17.0997998046875,0
2019,9,15,23,5,18.9498000488281,0
2019,9,15,23,5,20.7997998046875,0
2019,9,15,23,5,22.6497998046875,0
2019,9,15,23,5,24.4998000488281,0
2019,9,15,23,5,26.3497998046875,0
2019,9,15,23,5,28.1998000488281,0
2019,9,15,23,5,30.0497998046875,0
2019,9,15,23,5,31.8997998046875,0
2019,9,15,23,5,33.7498000488281,0
2019,9,15,23,5,35.5997998046875,0
2019,9,15,23,5,37.4498000488281,0
2019,9,15,23,5,39.2997998046875,0
2019,9,15,23,5,41.1497998046875,0
2019,9,15,23,5,42.9998000488281,0
2019,9,15,23,5,44.8497998046875,0
2019,9,15,23,5,46.6998000488281,0
2019,9,15,23,5,48.5497998046875,0
2019,9,15,23,5,50.3997998046875,0
2019,9,15,23,5,52.2498000488281,0
2019,9,15,23,5,54.0997998046875,0
2019,9,15,23,5,55.9498000488281,0
2019,9,15,23,5,57.7997998046875,0
2019,9,15,23,5,59.6497998046875,0
2019,9,15,23,6,1.49980004882813,0
2019,9,15,23,6,3.3497998046875,0
2019,9,15,23,6,5.19980004882813,0
2019,9,15,23,6,7.0497998046875,0
2019,9,15,23,6,8.8997998046875,0
2019,9,15,23,6,10.7498000488281,0
2019,9,15,23,6,12.5997998046875,0
2019,9,15,23,6,14.4498000488281,0
2019,9,15,23,6,16.2997998046875,0
2019,9,15,23,6,18.1497998046875,0
2019,9,15,23,6,19.9998000488281,0
2019,9,15,23,6,21.8497998046875,0
2019,9,15,23,6,23.6998000488281,0
2019,9,15,23,6,25.5497998046875,0
2019,9,15,23,6,27.3997998046875,0
2019,9,15,23,6,29.2498000488281,0
2019,9,15,23,6,31.0997998046875,0
2019,9,15,23,6,32.9498000488281,0
2019,9,15,23,6,34.7997998046875,0
2019,9,15,23,6,36.6497998046875,0
2019,9,15,23,6,38.4998000488281,0
2019,9,15,23,6,40.3497998046875,0
2019,9,15,23,6,42.1998000488281,0
2019,9,15,23,6,44.0497998046875,0
2019,9,15,23,6,45.8997998046875,0
2019,9,15,23,6,47.7498000488281,0
2019,9,15,23,6,49.5997998046875,0
2019,9,15,23,6,51.4498000488281,0
2019,9,15,23,6,53.2997998046875,0
2019,9,15,23,6,55.1497998046875,0
2019,9,15,23,6,56.9998000488281,0
2019,9,15,23,6,58.8497998046875,0
2019,9,15,23,7,0.699800048828125,0
2019,9,15,23,7,2.5497998046875,0
2019,9,15,23,7,4.3997998046875,0
2019,9,15,23,7,6.24980004882813,0
2019,9,15,23,7,8.0997998046875,0
2019,9,15,23,7,9.94980004882813,0
2019,9,15,23,7,11.7997998046875,0
2019,9,15,23,7,13.6497998046875,0
2019,9,15,23,7,15.4998000488281,0
2019,9,15,23,7,17.3497998046875,0
2019,9,15,23,7,19.1998000488281,0
2019,9,15,23,7,21.0497998046875,0
2019,9,15,23,7,22.8997998046875,0
2019,9,15,23,7,24.7498000488281,0
2019,9,15,23,7,26.5997998046875,0
2019,9,15,23,7,28.4498000488281,0
2019,9,15,23,7,30.2997998046875,0
2019,9,15,23,7,32.1497998046875,0
2019,9,15,23,7,33.9998000488281,0
2019,9,15,23,7,35.8497998046875,0
2019,9,15,23,7,37.6998000488281,0
2019,9,15,23,7,39.5497998046875,0
2019,9,15,23,7,41.3997998046875,0
2019,9,15,23,7,43.2498000488281,0
2019,9,15,23,7,45.0997998046875,0
2019,9,15,23,7,46.9498000488281,0
2019,9,15,23,7,48.7997998046875,0
2019,9,15,23,7,50.6497998046875,0
2019,9,15,23,7,52.4998000488281,0
2019,9,15,23,7,54.3497998046875,0
2019,9,15,23,7,56.1998000488281,0
2019,9,15,23,7,58.0497998046875,0
2019,9,15,23,7,59.8997998046875,0
2019,9,15,23,8,1.74980004882813,0
2019,9,15,23,8,3.5997998046875,0
2019,9,15,23,8,5.44980004882813,0
2019,9,15,23,8,7.2997998046875,0
2019,9,15,23,8,9.1497998046875,0
2019,9,15,23,8,10.9998000488281,0
2019,9,15,23,8,12.8497998046875,0
2019,9,15,23,8,14.6998000488281,0
2019,9,15,23,8,16.5497998046875,0
2019,9,15,23,8,18.3997998046875,0
2019,9,15,23,8,20.2498000488281,0
2019,9,15,23,8,22.0997998046875,0
2019,9,15,23,8,23.9498000488281,0
2019,9,15,23,8,25.7997998046875,0
2019,9,15,23,8,27.6497998046875,0
2019,9,15,23,8,29.4998000488281,0
2019,9,15,23,8,31.3497998046875,0
2019,9,15,23,8,33.1998000488281,0
2019,9,15,23,8,35.0497998046875,0
2019,9,15,23,8,36.8997998046875,0
2019,9,15,23,8,38.7498000488281,0
2019,9,15,23,8,40.5997998046875,0
2019,9,15,23,8,42.4498000488281,0
2019,9,15,23,8,44.2997998046875,0
2019,9,15,23,8,46.1497998046875,0
2019,9,15,23,8,47.9998000488281,0
2019,9,15,23,8,49.8497998046875,0
2019,9,15,23,8,51.6998000488281,0
2019,9,15,23,8,53.5497998046875,0
2019,9,15,23,8,55.3997998046875,0
2019,9,15,23,8,57.2498000488281,0
2019,9,15,23,8,59.0997998046875,0
2019,9,15,23,9,0.949800048828125,0
2019,9,15,23,9,2.7997998046875,0
2019,9,15,23,9,4.6497998046875,0
2019,9,15,23,9,6.49980004882813,0
2019,9,15,23,9,8.3497998046875,0
2019,9,15,23,9,10.1998000488281,0
2019,9,15,23,9,12.0497998046875,0
2019,9,15,23,9,13.8997998046875,0
2019,9,15,23,9,15.7498000488281,0
2019,9,15,23,9,17.5997998046875,0
2019,9,15,23,9,19.4498000488281,0
2019,9,15,23,9,21.2997998046875,0
2019,9,15,23,9,23.1497998046875,0
2019,9,15,23,9,24.9998000488281,0
2019,9,15,23,9,26.8497998046875,0
2019,9,15,23,9,28.6998000488281,0
2019,9,15,23,9,30.5497998046875,0
2019,9,15,23,9,32.3997998046875,0
2019,9,15,23,9,34.2498000488281,0
2019,9,15,23,9,36.0997998046875,0
2019,9,15,23,9,37.9498000488281,0
2019,9,15,23,9,39.7997998046875,0
2019,9,15,23,9,41.6497998046875,0
2019,9,15,23,9,43.4998000488281,0
2019,9,15,23,9,45.3497998046875,0
2019,9,15,23,9,47.1998000488281,0
2019,9,15,23,9,49.0497998046875,0
2019,9,15,23,9,50.8997998046875,0
2019,9,15,23,9,52.7498000488281,0
2019,9,15,23,9,54.5997998046875,0
2019,9,15,23,9,56.4498000488281,0
2019,9,15,23,9,58.2997998046875,0
2019,9,15,23,10,0.1497998046875,0
2019,9,15,23,10,1.99980004882813,0
2019,9,15,23,10,3.8497998046875,0
2019,9,15,23,10,5.69980004882813,0
2019,9,15,23,10,7.5497998046875,0
2019,9,15,23,10,9.3997998046875,0
2019,9,15,23,10,11.2498000488281,0
2019,9,15,23,10,13.0997998046875,0
2019,9,15,23,10,14.9498000488281,0
2019,9,15,23,10,16.7997998046875,0
2019,9,15,23,10,18.6497998046875,0
2019,9,15,23,10,20.4998000488281,0
2019,9,15,23,10,22.3497998046875,0
2019,9,15,23,10,24.1998000488281,0
2019,9,15,23,10,26.0497998046875,0
2019,9,15,23,10,27.8997998046875,0
2019,9,15,23,10,29.7498000488281,0
2019,9,15,23,10,31.5997998046875,0
2019,9,15,23,10,33.4498000488281,0
2019,9,15,23,10,35.2997998046875,0
2019,9,15,23,10,37.1497998046875,0
2019,9,15,23,10,38.9998000488281,0
2019,9,15,23,10,40.8497998046875,0
2019,9,15,23,10,42.6998000488281,0
2019,9,15,23,10,44.5497998046875,0
2019,9,15,23,10,46.3997998046875,0
2019,9,15,23,10,48.2498000488281,0
2019,9,15,23,10,50.0997998046875,0
2019,9,15,23,10,51.9498000488281,0
2019,9,15,23,10,53.7997998046875,0
2019,9,15,23,10,55.6497998046875,0
2019,9,15,23,10,57.4998000488281,0
2019,9,15,23,10,59.3497998046875,0
2019,9,15,23,11,1.19980004882813,0
2019,9,15,23,11,3.0497998046875,0
2019,9,15,23,11,4.8997998046875,0
2019,9,15,23,11,6.74980004882813,0
2019,9,15,23,11,8.5997998046875,0
2019,9,15,23,11,10.4498000488281,0
2019,9,15,23,11,12.2997998046875,0
2019,9,15,23,11,14.1497998046875,0
2019,9,15,23,11,15.9998000488281,0
2019,9,15,23,11,17.8497998046875,0
2019,9,15,23,11,19.6998000488281,0
2019,9,15,23,11,21.5497998046875,0
2019,9,15,23,11,23.3997998046875,0
2019,9,15,23,11,25.2498000488281,0
2019,9,15,23,11,27.0997998046875,0
2019,9,15,23,11,28.9498000488281,0
2019,9,15,23,11,30.7997998046875,0
2019,9,15,23,11,32.6497998046875,0
2019,9,15,23,11,34.4998000488281,0
2019,9,15,23,11,36.3497998046875,0
2019,9,15,23,11,38.1998000488281,0
2019,9,15,23,11,40.0497998046875,0
2019,9,15,23,11,41.8997998046875,0
2019,9,15,23,11,43.7498000488281,0
2019,9,15,23,11,45.5997998046875,0
2019,9,15,23,11,47.4498000488281,0
2019,9,15,23,11,49.2997998046875,0
2019,9,15,23,11,51.1497998046875,0
2019,9,15,23,11,52.9998000488281,0
2019,9,15,23,11,54.8497998046875,0
2019,9,15,23,11,56.6998000488281,0
2019,9,15,23,11,58.5497998046875,0
2019,9,15,23,12,0.3997998046875,0
2019,9,15,23,12,2.24980004882813,0
2019,9,15,23,12,4.0997998046875,0
2019,9,15,23,12,5.94980004882813,0
2019,9,15,23,12,7.7997998046875,0
2019,9,15,23,12,9.6497998046875,0
2019,9,15,23,12,11.4998000488281,0
2019,9,15,23,12,13.3497998046875,0
2019,9,15,23,12,15.1998000488281,0
2019,9,15,23,12,17.0497998046875,0
2019,9,15,23,12,18.8997998046875,0
2019,9,15,23,12,20.7498000488281,0
2019,9,15,23,12,22.5997998046875,0
2019,9,15,23,12,24.4498000488281,0
2019,9,15,23,12,26.2997998046875,0
2019,9,15,23,12,28.1497998046875,0
2019,9,15,23,12,29.9998000488281,0
2019,9,15,23,12,31.8497998046875,0
2019,9,15,23,12,33.6998000488281,0
2019,9,15,23,12,35.5497998046875,0
2019,9,15,23,12,37.3997998046875,0
2019,9,15,23,12,39.2498000488281,0
2019,9,15,23,12,41.0997998046875,0
2019,9,15,23,12,42.9498000488281,0
2019,9,15,23,12,44.7997998046875,0
2019,9,15,23,12,46.6497998046875,0
2019,9,15,23,12,48.4998000488281,0
2019,9,15,23,12,50.3497998046875,0
2019,9,15,23,12,52.1998000488281,0
2019,9,15,23,12,54.0497998046875,0
2019,9,15,23,12,55.8997998046875,0
2019,9,15,23,12,57.7498000488281,0
2019,9,15,23,12,59.5997998046875,0
2019,9,15,23,13,1.44980004882813,0
2019,9,15,23,13,3.2997998046875,0
2019,9,15,23,13,5.1497998046875,0
2019,9,15,23,13,6.99980004882813,0
2019,9,15,23,13,8.8497998046875,0
2019,9,15,23,13,10.6998000488281,0
2019,9,15,23,13,12.5497998046875,0
2019,9,15,23,13,14.3997998046875,0
2019,9,15,23,13,16.2498000488281,0
2019,9,15,23,13,14.3997998046875,0
2019,9,15,23,13,16.2498000488281,0
2019,9,15,23,13,18.0997998046875,0
2019,9,15,23,13,19.9498000488281,0
2019,9,15,23,13,21.7997998046875,0
2019,9,15,23,13,23.6497998046875,0
2019,9,15,23,13,25.4998000488281,0
2019,9,15,23,13,27.3497998046875,0
2019,9,15,23,13,29.1998000488281,0
2019,9,15,23,13,31.0497998046875,0
2019,9,15,23,13,32.8997998046875,0
2019,9,15,23,13,34.7498000488281,0
2019,9,15,23,13,36.5997998046875,0
2019,9,15,23,13,38.4498000488281,0
2019,9,15,23,13,40.2997998046875,0
2019,9,15,23,13,42.1497998046875,0
2019,9,15,23,13,43.9998000488281,0
2019,9,15,23,13,45.8497998046875,0
2019,9,15,23,13,47.6998000488281,0
2019,9,15,23,13,49.5497998046875,0
2019,9,15,23,13,51.3997998046875,0
2019,9,15,23,13,53.2498000488281,0
2019,9,15,23,13,55.0997998046875,0
2019,9,15,23,13,56.9498000488281,0
2019,9,15,23,13,58.7997998046875,0
2019,9,15,23,14,0.6497998046875,0
2019,9,15,23,14,2.49980004882813,0
2019,9,15,23,14,4.3497998046875,0
2019,9,15,23,14,6.19980004882813,0
2019,9,15,23,14,8.0497998046875,0
2019,9,15,23,14,9.8997998046875,0
2019,9,15,23,14,11.7498000488281,0
2019,9,15,23,14,13.5997998046875,0
2019,9,15,23,14,15.4498000488281,0
2019,9,15,23,14,17.2997998046875,0
2019,9,15,23,14,19.1497998046875,0
2019,9,15,23,14,20.9998000488281,0
2019,9,15,23,14,22.8497998046875,0
2019,9,15,23,14,24.6998000488281,0
2019,9,15,23,14,26.5497998046875,0
2019,9,15,23,14,28.3997998046875,0
2019,9,15,23,14,30.2498000488281,0
2019,9,15,23,14,32.0997998046875,0
2019,9,15,23,14,33.9498000488281,0
2019,9,15,23,14,35.7997998046875,0
2019,9,15,23,14,37.6497998046875,0
2019,9,15,23,14,39.4998000488281,0
2019,9,15,23,14,41.3497998046875,0
2019,9,15,23,14,43.1998000488281,0
2019,9,15,23,14,45.0497998046875,0
2019,9,15,23,14,46.8997998046875,0
2019,9,15,23,14,48.7498000488281,0
2019,9,15,23,14,50.5997998046875,0
2019,9,15,23,14,52.4498000488281,0
2019,9,15,23,14,54.2997998046875,0
2019,9,15,23,14,56.1497998046875,0
2019,9,15,23,14,57.9998000488281,0
2019,9,15,23,14,59.8497998046875,0
2019,9,15,23,15,1.69980004882812,0
2019,9,15,23,15,3.5497998046875,0
2019,9,15,23,15,5.3997998046875,0
2019,9,15,23,15,7.24980004882813,0
2019,9,15,23,15,9.0997998046875,0
2019,9,15,23,15,10.9498000488281,0
2019,9,15,23,15,12.7997998046875,0
2019,9,15,23,15,14.6497998046875,0
2019,9,15,23,15,16.4998000488281,0
2019,9,15,23,15,18.3497998046875,0
2019,9,15,23,15,20.1998000488281,0
2019,9,15,23,15,22.0497998046875,0
2019,9,15,23,15,23.8997998046875,0
2019,9,15,23,15,25.7498000488281,0
2019,9,15,23,15,27.5997998046875,0
2019,9,15,23,15,29.4498000488281,0
2019,9,15,23,15,31.2997998046875,0
2019,9,15,23,15,33.1497998046875,0
2019,9,15,23,15,34.9998000488281,0
2019,9,15,23,15,36.8497998046875,0
2019,9,15,23,15,38.6998000488281,0
2019,9,15,23,15,40.5497998046875,0
2019,9,15,23,15,42.3997998046875,0
2019,9,15,23,15,44.2498000488281,0
2019,9,15,23,15,46.0997998046875,0
2019,9,15,23,15,47.9498000488281,0
2019,9,15,23,15,49.7997998046875,0
2019,9,15,23,15,51.6497998046875,0
2019,9,15,23,15,53.4998000488281,0
2019,9,15,23,15,55.3497998046875,0
2019,9,15,23,15,57.1998000488281,0
2019,9,15,23,15,59.0497998046875,0
2019,9,15,23,16,0.8497998046875,0
2019,9,15,23,16,2.74980004882813,0
2019,9,15,23,16,4.5997998046875,0
2019,9,15,23,16,6.44980004882813,0
2019,9,15,23,16,8.2997998046875,0
2019,9,15,23,16,10.1497998046875,0
2019,9,15,23,16,11.9998000488281,0
2019,9,15,23,16,13.8497998046875,0
2019,9,15,23,16,15.6998000488281,0
2019,9,15,23,16,17.5497998046875,0
2019,9,15,23,16,19.3997998046875,0
2019,9,15,23,16,21.2498000488281,0
2019,9,15,23,16,23.0997998046875,0
2019,9,15,23,16,24.9498000488281,0
2019,9,15,23,16,26.7997998046875,0
2019,9,15,23,16,28.6497998046875,0
2019,9,15,23,16,30.4998000488281,0
2019,9,15,23,16,32.3497998046875,0
2019,9,15,23,16,34.1998000488281,0
2019,9,15,23,16,36.0497998046875,0
2019,9,15,23,16,37.8997998046875,0
2019,9,15,23,16,39.7498000488281,0
2019,9,15,23,16,41.5997998046875,0
2019,9,15,23,16,43.4498000488281,0
2019,9,15,23,16,45.2997998046875,0
2019,9,15,23,16,47.1497998046875,0
2019,9,15,23,16,48.9998000488281,0
2019,9,15,23,16,50.7997998046875,0
2019,9,15,23,16,52.6998000488281,0
2019,9,15,23,16,54.5497998046875,0
2019,9,15,23,16,56.3997998046875,0
2019,9,15,23,16,58.2498000488281,0
2019,9,15,23,17,0.0997998046875,0
2019,9,15,23,17,1.94980004882812,0
2019,9,15,23,17,3.7997998046875,0
2019,9,15,23,17,5.6497998046875,0
2019,9,15,23,17,7.49980004882813,0
2019,9,15,23,17,9.3497998046875,0
2019,9,15,23,17,11.1998000488281,0
2019,9,15,23,17,13.0497998046875,0
2019,9,15,23,17,14.8997998046875,0
2019,9,15,23,17,16.7498000488281,0
2019,9,15,23,17,18.5997998046875,0
2019,9,15,23,17,20.4498000488281,0
2019,9,15,23,17,22.2997998046875,0
2019,9,15,23,17,24.1497998046875,0
2019,9,15,23,17,25.9998000488281,0
2019,9,15,23,17,27.8497998046875,0
2019,9,15,23,17,29.6998000488281,0
2019,9,15,23,17,31.5497998046875,0
2019,9,15,23,17,33.3997998046875,0
2019,9,15,23,17,35.2498000488281,0
2019,9,15,23,17,37.0997998046875,0
2019,9,15,23,17,38.9498000488281,0
2019,9,15,23,17,40.7997998046875,0
2019,9,15,23,17,42.6497998046875,0
2019,9,15,23,17,44.4998000488281,0
2019,9,15,23,17,46.3497998046875,0
2019,9,15,23,17,48.1998000488281,0
2019,9,15,23,17,50.0497998046875,0
2019,9,15,23,17,51.8997998046875,0
2019,9,15,23,17,53.7498000488281,0
2019,9,15,23,17,55.5997998046875,0
2019,9,15,23,17,57.4498000488281,0
2019,9,15,23,17,59.2997998046875,0
2019,9,15,23,18,1.1497998046875,0
2019,9,15,23,18,2.99980004882813,0
2019,9,15,23,18,4.8497998046875,0
2019,9,15,23,18,6.69980004882813,0
2019,9,15,23,18,8.5497998046875,0
2019,9,15,23,18,10.3997998046875,0
2019,9,15,23,18,12.2498000488281,0
2019,9,15,23,18,14.0997998046875,0
2019,9,15,23,18,15.9498000488281,0
2019,9,15,23,18,17.7997998046875,0
2019,9,15,23,18,19.6497998046875,0
2019,9,15,23,18,21.4998000488281,0
2019,9,15,23,18,23.3497998046875,0
2019,9,15,23,18,25.1998000488281,0
2019,9,15,23,18,27.0497998046875,0
2019,9,15,23,18,28.8997998046875,0
2019,9,15,23,18,30.7498000488281,0
2019,9,15,23,18,32.5997998046875,0
2019,9,15,23,18,34.4498000488281,0
2019,9,15,23,18,36.2997998046875,0
2019,9,15,23,18,38.1497998046875,0
2019,9,15,23,18,39.9998000488281,0
2019,9,15,23,18,41.8497998046875,0
2019,9,15,23,18,43.6998000488281,0
2019,9,15,23,18,45.5497998046875,0
2019,9,15,23,18,47.3997998046875,0
2019,9,15,23,18,49.2498000488281,0
2019,9,15,23,18,51.0997998046875,0
2019,9,15,23,18,52.9498000488281,0
2019,9,15,23,18,54.7997998046875,0
2019,9,15,23,18,56.6497998046875,0
2019,9,15,23,18,58.4998000488281,0
2019,9,15,23,19,0.3497998046875,0
2019,9,15,23,19,2.19980004882812,0
2019,9,15,23,19,4.0497998046875,0
2019,9,15,23,19,5.8997998046875,0
2019,9,15,23,19,7.74980004882813,0
2019,9,15,23,19,9.5997998046875,0
2019,9,15,23,19,11.4498000488281,0
2019,9,15,23,19,13.2997998046875,0
2019,9,15,23,19,15.1497998046875,0
2019,9,15,23,19,16.9998000488281,0
2019,9,15,23,19,18.8497998046875,0
2019,9,15,23,19,20.6998000488281,0
2019,9,15,23,19,22.5497998046875,0
2019,9,15,23,19,24.3997998046875,0
2019,9,15,23,19,26.2498000488281,0
2019,9,15,23,19,28.0997998046875,0
2019,9,15,23,19,29.9498000488281,0
2019,9,15,23,19,31.7997998046875,0
2019,9,15,23,19,33.6497998046875,0
2019,9,15,23,19,35.4998000488281,0
2019,9,15,23,19,37.3497998046875,0
2019,9,15,23,19,39.1998000488281,0
2019,9,15,23,19,41.0497998046875,0
2019,9,15,23,19,42.8997998046875,0
2019,9,15,23,19,44.7498000488281,0
2019,9,15,23,19,46.5997998046875,0
2019,9,15,23,19,48.4498000488281,0
2019,9,15,23,19,50.2997998046875,0
2019,9,15,23,19,52.1497998046875,0
2019,9,15,23,19,53.9998000488281,0
2019,9,15,23,19,55.8497998046875,0
2019,9,15,23,19,57.6998000488281,0
2019,9,15,23,19,59.5497998046875,0
2019,9,15,23,20,1.3997998046875,0
2019,9,15,23,20,3.24980004882813,0
2019,9,15,23,20,5.0997998046875,0
2019,9,15,23,20,6.94980004882813,0
2019,9,15,23,20,8.7997998046875,0
2019,9,15,23,20,10.6497998046875,0
2019,9,15,23,20,12.4998000488281,0
2019,9,15,23,20,14.3497998046875,0
2019,9,15,23,20,16.1998000488281,0
2019,9,15,23,20,18.0497998046875,0
2019,9,15,23,20,19.8997998046875,0
2019,9,15,23,20,21.7498000488281,0
2019,9,15,23,20,23.5997998046875,0
2019,9,15,23,20,25.4498000488281,0
2019,9,15,23,20,27.2997998046875,0
2019,9,15,23,20,29.1497998046875,0
2019,9,15,23,20,30.9998000488281,0
2019,9,15,23,20,32.8497998046875,0
2019,9,15,23,20,34.6998000488281,0
2019,9,15,23,20,36.5497998046875,0
2019,9,15,23,20,38.3997998046875,0
2019,9,15,23,20,40.2498000488281,0
2019,9,15,23,20,42.0997998046875,0
2019,9,15,23,20,43.9498000488281,0
2019,9,15,23,20,45.7997998046875,0
2019,9,15,23,20,47.6497998046875,0
2019,9,15,23,20,49.4998000488281,0
2019,9,15,23,20,51.3497998046875,0
2019,9,15,23,20,53.1998000488281,0
2019,9,15,23,20,55.0497998046875,0
2019,9,15,23,20,56.8997998046875,0
2019,9,15,23,20,58.7498000488281,0
2019,9,15,23,21,0.5997998046875,0
2019,9,15,23,21,2.44980004882812,0
2019,9,15,23,21,4.2997998046875,0
2019,9,15,23,21,6.1497998046875,0
2019,9,15,23,21,7.99980004882813,0
2019,9,15,23,21,9.8497998046875,0
2019,9,15,23,21,11.6998000488281,0
2019,9,15,23,21,13.5497998046875,0
2019,9,15,23,21,15.3997998046875,0
2019,9,15,23,21,17.2498000488281,0
2019,9,15,23,21,19.0997998046875,0
2019,9,15,23,21,20.9498000488281,0
2019,9,15,23,21,22.7997998046875,0
2019,9,15,23,21,24.6497998046875,0
2019,9,15,23,21,26.4998000488281,0
2019,9,15,23,21,28.3497998046875,0
2019,9,15,23,21,30.1998000488281,0
2019,9,15,23,21,32.0497998046875,0
2019,9,15,23,21,33.8997998046875,0
2019,9,15,23,21,35.7498000488281,0
2019,9,15,23,21,37.5997998046875,0
2019,9,15,23,21,39.4498000488281,0
2019,9,15,23,21,41.2997998046875,0
2019,9,15,23,21,43.1497998046875,0
2019,9,15,23,21,44.9998000488281,0
2019,9,15,23,21,46.8497998046875,0
2019,9,15,23,21,48.6998000488281,0
2019,9,15,23,21,50.5497998046875,0
2019,9,15,23,21,52.3997998046875,0
2019,9,15,23,21,54.2498000488281,0
2019,9,15,23,21,56.0997998046875,0
2019,9,15,23,21,57.9498000488281,0
2019,9,15,23,21,59.7997998046875,0
2019,9,15,23,22,1.6497998046875,0
2019,9,15,23,22,3.49980004882813,0
2019,9,15,23,22,5.3497998046875,0
2019,9,15,23,22,7.19980004882813,0
2019,9,15,23,22,9.0497998046875,0
2019,9,15,23,22,10.8997998046875,0
2019,9,15,23,22,12.7498000488281,0
2019,9,15,23,22,14.5997998046875,0
2019,9,15,23,22,16.4498000488281,0
2019,9,15,23,22,18.2997998046875,0
2019,9,15,23,22,20.1497998046875,0
2019,9,15,23,22,21.9998000488281,0
2019,9,15,23,22,23.8497998046875,0
2019,9,15,23,22,25.6998000488281,0
2019,9,15,23,22,27.5497998046875,0
2019,9,15,23,22,29.3997998046875,0
2019,9,15,23,22,31.2498000488281,0
2019,9,15,23,22,33.0997998046875,0
2019,9,15,23,22,34.9498000488281,0
2019,9,15,23,22,36.7997998046875,0
2019,9,15,23,22,38.6497998046875,0
2019,9,15,23,22,40.4998000488281,0
2019,9,15,23,22,42.3497998046875,0
2019,9,15,23,22,44.1998000488281,0
2019,9,15,23,22,46.0497998046875,0
2019,9,15,23,22,47.8997998046875,0
2019,9,15,23,22,49.7498000488281,0
2019,9,15,23,22,51.5997998046875,0
2019,9,15,23,22,53.4498000488281,0
2019,9,15,23,22,55.2997998046875,0
2019,9,15,23,22,57.1497998046875,0
2019,9,15,23,22,58.9998000488281,0
2019,9,15,23,23,0.8497998046875,0
2019,9,15,23,23,2.69980004882812,0
2019,9,15,23,23,4.5497998046875,0
2019,9,15,23,23,6.3997998046875,0
2019,9,15,23,23,8.24980004882812,0
2019,9,15,23,23,10.0997998046875,0
2019,9,15,23,23,11.9498000488281,0
2019,9,15,23,23,13.7997998046875,0
2019,9,15,23,23,15.6497998046875,0
2019,9,15,23,23,17.4998000488281,0
2019,9,15,23,23,19.3497998046875,0
2019,9,15,23,23,21.1998000488281,0
2019,9,15,23,23,23.0497998046875,0
2019,9,15,23,23,24.8997998046875,0
2019,9,15,23,23,26.7498000488281,0
2019,9,15,23,23,28.5997998046875,0
2019,9,15,23,23,30.4498000488281,0
2019,9,15,23,23,32.2997998046875,0
2019,9,15,23,23,34.1497998046875,0
2019,9,15,23,23,35.9998000488281,0
2019,9,15,23,23,37.8497998046875,0
2019,9,15,23,23,39.6998000488281,0
2019,9,15,23,23,41.5497998046875,0
2019,9,15,23,23,43.3997998046875,0
2019,9,15,23,23,45.2498000488281,0
2019,9,15,23,23,47.0997998046875,0
2019,9,15,23,23,48.9498000488281,0
2019,9,15,23,23,50.7997998046875,0
2019,9,15,23,23,52.6497998046875,0
2019,9,15,23,23,54.4998000488281,0
2019,9,15,23,23,56.3497998046875,0
2019,9,15,23,23,58.1998000488281,0
2019,9,15,23,24,0.0497998046875,0
2019,9,15,23,24,1.8997998046875,0
2019,9,15,23,24,3.74980004882813,0
2019,9,15,23,24,5.5997998046875,0
2019,9,15,23,24,7.44980004882813,0
2019,9,15,23,24,9.2997998046875,0
2019,9,15,23,24,11.1497998046875,0
2019,9,15,23,24,12.9998000488281,0
2019,9,15,23,24,14.8497998046875,0
2019,9,15,23,24,16.6998000488281,0
2019,9,15,23,24,18.5497998046875,0
2019,9,15,23,24,20.3997998046875,0
2019,9,15,23,24,22.2498000488281,0
2019,9,15,23,24,24.0997998046875,0
2019,9,15,23,24,25.9498000488281,0
2019,9,15,23,24,27.7997998046875,0
2019,9,15,23,24,29.6497998046875,0
2019,9,15,23,24,31.4998000488281,0
2019,9,15,23,24,33.3497998046875,0
2019,9,15,23,24,35.1998000488281,0
2019,9,15,23,24,37.0497998046875,0
2019,9,15,23,24,38.8997998046875,0
2019,9,15,23,24,40.7498000488281,0
2019,9,15,23,24,42.5997998046875,0
2019,9,15,23,24,44.4498000488281,0
2019,9,15,23,24,46.2997998046875,0
2019,9,15,23,24,48.1497998046875,0
2019,9,15,23,24,49.9998000488281,0
2019,9,15,23,24,51.8497998046875,0
2019,9,15,23,24,53.6998000488281,0
2019,9,15,23,24,55.5497998046875,0
2019,9,15,23,24,57.3997998046875,0
2019,9,15,23,24,59.2498000488281,0
2019,9,15,23,25,1.0997998046875,0
2019,9,15,23,25,2.94980004882812,0
2019,9,15,23,25,4.7997998046875,0
2019,9,15,23,25,6.6497998046875,0
2019,9,15,23,25,8.49980004882812,0
2019,9,15,23,25,10.3497998046875,0
2019,9,15,23,25,12.1998000488281,0
2019,9,15,23,25,14.0497998046875,0
2019,9,15,23,25,15.8997998046875,0
2019,9,15,23,25,15.8997998046875,0
2019,9,15,23,25,17.7498000488281,0
2019,9,15,23,25,19.5997998046875,0
2019,9,15,23,25,21.4498000488281,0
2019,9,15,23,25,23.2997998046875,0
2019,9,15,23,25,25.1497998046875,0
2019,9,15,23,25,26.9998000488281,0
2019,9,15,23,25,28.8497998046875,0
2019,9,15,23,25,30.6998000488281,0
2019,9,15,23,25,32.5497998046875,0
2019,9,15,23,25,34.3997998046875,0
2019,9,15,23,25,36.2498000488281,0
2019,9,15,23,25,38.0997998046875,0
2019,9,15,23,25,39.9498000488281,0
2019,9,15,23,25,41.7997998046875,0
2019,9,15,23,25,43.6497998046875,0
2019,9,15,23,25,45.4998000488281,0
2019,9,15,23,25,47.3497998046875,0
2019,9,15,23,25,49.1998000488281,0
2019,9,15,23,25,51.0497998046875,0
2019,9,15,23,25,52.8997998046875,0
2019,9,15,23,25,54.7498000488281,0
2019,9,15,23,25,56.5997998046875,0
2019,9,15,23,25,58.4498000488281,0
2019,9,15,23,26,0.2997998046875,0
2019,9,15,23,26,2.1497998046875,0
2019,9,15,23,26,3.99980004882813,0
2019,9,15,23,26,5.8497998046875,0
2019,9,15,23,26,7.69980004882813,0
2019,9,15,23,26,9.5497998046875,0
2019,9,15,23,26,11.3997998046875,0
2019,9,15,23,26,13.2498000488281,0
2019,9,15,23,26,15.0997998046875,0
2019,9,15,23,26,16.9498000488281,0
2019,9,15,23,26,18.7997998046875,0
2019,9,15,23,26,20.6497998046875,0
2019,9,15,23,26,22.4998000488281,0
2019,9,15,23,26,24.3497998046875,0
2019,9,15,23,26,26.1998000488281,0
2019,9,15,23,26,28.0497998046875,0
2019,9,15,23,26,29.8997998046875,0
2019,9,15,23,26,31.7498000488281,0
2019,9,15,23,26,33.5997998046875,0
2019,9,15,23,26,35.4498000488281,0
2019,9,15,23,26,37.2997998046875,0
2019,9,15,23,26,39.1497998046875,0
2019,9,15,23,26,40.9998000488281,0
2019,9,15,23,26,42.8497998046875,0
2019,9,15,23,26,44.6998000488281,0
2019,9,15,23,26,46.5497998046875,0
2019,9,15,23,26,48.3997998046875,0
2019,9,15,23,26,50.2498000488281,0
2019,9,15,23,26,52.0997998046875,0
2019,9,15,23,26,53.9498000488281,0
2019,9,15,23,26,55.7997998046875,0
2019,9,15,23,26,57.6497998046875,0
2019,9,15,23,26,59.4998000488281,0
2019,9,15,23,27,1.3497998046875,0
2019,9,15,23,27,3.19980004882812,0
2019,9,15,23,27,5.0497998046875,0
2019,9,15,23,27,6.8997998046875,0
2019,9,15,23,27,8.74980004882812,0
2019,9,15,23,27,10.5997998046875,0
2019,9,15,23,27,12.4498000488281,0
2019,9,15,23,27,14.2997998046875,0
2019,9,15,23,27,16.1497998046875,0
2019,9,15,23,27,17.9998000488281,0
2019,9,15,23,27,19.8497998046875,0
2019,9,15,23,27,21.6998000488281,0
2019,9,15,23,27,23.5497998046875,0
2019,9,15,23,27,25.3997998046875,0
2019,9,15,23,27,27.2498000488281,0
2019,9,15,23,27,29.0997998046875,0
2019,9,15,23,27,30.9498000488281,0
2019,9,15,23,27,32.7997998046875,0
2019,9,15,23,27,34.6497998046875,0
2019,9,15,23,27,36.4998000488281,0
2019,9,15,23,27,38.3497998046875,0
2019,9,15,23,27,40.1998000488281,0
2019,9,15,23,27,42.0497998046875,0
2019,9,15,23,27,43.8997998046875,0
2019,9,15,23,27,45.7498000488281,0
2019,9,15,23,27,47.5997998046875,0
2019,9,15,23,27,49.4498000488281,0
2019,9,15,23,27,51.2997998046875,0
2019,9,15,23,27,53.1497998046875,0
2019,9,15,23,27,54.9998000488281,0
2019,9,15,23,27,56.8497998046875,0
2019,9,15,23,27,58.6998000488281,0
2019,9,15,23,28,0.5497998046875,0
2019,9,15,23,28,2.3997998046875,0
2019,9,15,23,28,4.24980004882813,0
2019,9,15,23,28,6.0997998046875,0
2019,9,15,23,28,7.94980004882813,0
2019,9,15,23,28,9.7997998046875,0
2019,9,15,23,28,11.6497998046875,0
2019,9,15,23,28,13.4998000488281,0
2019,9,15,23,28,15.3497998046875,0
2019,9,15,23,28,17.1998000488281,0
2019,9,15,23,28,19.0497998046875,0
2019,9,15,23,28,20.8997998046875,0
2019,9,15,23,28,22.7498000488281,0
2019,9,15,23,28,24.5997998046875,0
2019,9,15,23,28,26.4498000488281,0
2019,9,15,23,28,28.2997998046875,0
2019,9,15,23,28,30.1497998046875,0
2019,9,15,23,28,31.9998000488281,0
2019,9,15,23,28,33.8497998046875,0
2019,9,15,23,28,35.6998000488281,0
2019,9,15,23,28,37.5497998046875,0
2019,9,15,23,28,39.3997998046875,0
2019,9,15,23,28,41.2498000488281,0
2019,9,15,23,28,43.0997998046875,0
2019,9,15,23,28,44.9498000488281,0
2019,9,15,23,28,46.7997998046875,0
2019,9,15,23,28,48.6497998046875,0
2019,9,15,23,28,50.4998000488281,0
2019,9,15,23,28,52.3497998046875,0
2019,9,15,23,28,54.1998000488281,0
2019,9,15,23,28,56.0497998046875,0
2019,9,15,23,28,57.8997998046875,0
2019,9,15,23,28,59.7498000488281,0
2019,9,15,23,29,1.5997998046875,0
2019,9,15,23,29,3.44980004882812,0
2019,9,15,23,29,5.2997998046875,0
2019,9,15,23,29,7.1497998046875,0
2019,9,15,23,29,8.99980004882812,0
2019,9,15,23,29,10.8497998046875,0
2019,9,15,23,29,12.6998000488281,0
2019,9,15,23,29,14.5497998046875,0
2019,9,15,23,29,16.3997998046875,0
2019,9,15,23,29,18.2498000488281,0
2019,9,15,23,29,20.0997998046875,0
2019,9,15,23,29,21.9498000488281,0
2019,9,15,23,29,23.7997998046875,0
2019,9,15,23,29,25.6497998046875,0
2019,9,15,23,29,27.4998000488281,0
2019,9,15,23,29,29.3497998046875,0
2019,9,15,23,29,31.1998000488281,0
2019,9,15,23,29,33.0497998046875,0
2019,9,15,23,29,34.8997998046875,0
2019,9,15,23,29,36.7498000488281,0
2019,9,15,23,29,38.5997998046875,0
2019,9,15,23,29,40.4498000488281,0
2019,9,15,23,29,42.2997998046875,0
2019,9,15,23,29,44.1497998046875,0
2019,9,15,23,29,45.9998000488281,0
2019,9,15,23,29,47.8497998046875,0
2019,9,15,23,29,49.6998000488281,0
2019,9,15,23,29,51.4498000488281,0
2019,9,15,23,29,53.1998000488281,0
2019,9,15,23,29,54.9498000488281,0
2019,9,15,23,29,56.7997998046875,0
2019,9,15,23,29,58.6998000488281,0
2019,9,15,23,30,0.5997998046875,0
2019,9,15,23,30,2.49980004882813,0
2019,9,15,23,30,4.49980004882813,0
2019,9,15,23,30,6.3497998046875,0
2019,9,15,23,30,8.1497998046875,0
2019,9,15,23,30,9.99980004882812,0
2019,9,15,23,30,11.8497998046875,0
2019,9,15,23,30,13.6998000488281,0
2019,9,15,23,30,15.5997998046875,0
2019,9,15,23,30,17.4498000488281,0
2019,9,15,23,30,19.2997998046875,0
2019,9,15,23,30,21.1497998046875,0
2019,9,15,23,30,22.9998000488281,0
2019,9,15,23,30,24.8497998046875,0
2019,9,15,23,30,26.6998000488281,0
2019,9,15,23,30,28.5497998046875,0
2019,9,15,23,30,30.3997998046875,0
2019,9,15,23,30,32.2498000488281,0
2019,9,15,23,30,34.0997998046875,0
2019,9,15,23,30,35.9498000488281,0
2019,9,15,23,30,37.7997998046875,0
2019,9,15,23,30,39.6497998046875,0
2019,9,15,23,30,41.4998000488281,0
2019,9,15,23,30,43.3497998046875,0
2019,9,15,23,30,45.1998000488281,0
2019,9,15,23,30,47.0497998046875,0
2019,9,15,23,30,48.8997998046875,0
2019,9,15,23,30,50.7498000488281,0
2019,9,15,23,30,52.5997998046875,0
2019,9,15,23,30,54.4498000488281,0
2019,9,15,23,30,56.2997998046875,0
2019,9,15,23,30,58.1497998046875,0
2019,9,15,23,30,59.9998000488281,0
2019,9,15,23,31,1.8497998046875,0
2019,9,15,23,31,3.69980004882812,0
2019,9,15,23,31,5.5497998046875,0
2019,9,15,23,31,7.3997998046875,0
2019,9,15,23,31,9.24980004882812,0
2019,9,15,23,31,11.0997998046875,0
2019,9,15,23,31,12.9498000488281,0
2019,9,15,23,31,14.7997998046875,0
2019,9,15,23,31,16.6497998046875,0
2019,9,15,23,31,18.4998000488281,0
2019,9,15,23,31,20.3497998046875,0
2019,9,15,23,31,22.1998000488281,0
2019,9,15,23,31,24.0497998046875,0
2019,9,15,23,31,25.8997998046875,0
2019,9,15,23,31,27.7498000488281,0
2019,9,15,23,31,29.5997998046875,0
2019,9,15,23,31,31.4498000488281,0
2019,9,15,23,31,33.2997998046875,0
2019,9,15,23,31,35.1497998046875,0
2019,9,15,23,31,36.9998000488281,0
2019,9,15,23,31,38.8497998046875,0
2019,9,15,23,31,40.6998000488281,0
2019,9,15,23,31,42.5497998046875,0
2019,9,15,23,31,44.3997998046875,0
2019,9,15,23,31,46.2498000488281,0
2019,9,15,23,31,48.0997998046875,0
2019,9,15,23,31,49.9498000488281,0
2019,9,15,23,31,51.7997998046875,0
2019,9,15,23,31,53.6497998046875,0
2019,9,15,23,31,55.4998000488281,0
2019,9,15,23,31,57.3497998046875,0
2019,9,15,23,31,59.1998000488281,0
2019,9,15,23,32,1.0497998046875,0
2019,9,15,23,32,2.8997998046875,0
2019,9,15,23,32,4.74980004882813,0
2019,9,15,23,32,6.5997998046875,0
2019,9,15,23,32,8.44980004882813,0
2019,9,15,23,32,10.2997998046875,0
2019,9,15,23,32,12.1497998046875,0
2019,9,15,23,32,13.9998000488281,0
2019,9,15,23,32,15.8497998046875,0
2019,9,15,23,32,17.6998000488281,0
2019,9,15,23,32,19.5497998046875,0
2019,9,15,23,32,21.3997998046875,0
2019,9,15,23,32,23.2498000488281,0
2019,9,15,23,32,25.0997998046875,0
2019,9,15,23,32,26.9498000488281,0
2019,9,15,23,32,28.7997998046875,0
2019,9,15,23,32,30.6497998046875,0
2019,9,15,23,32,32.4998000488281,0
2019,9,15,23,32,34.3497998046875,0
2019,9,15,23,32,36.1998000488281,0
2019,9,15,23,32,38.0497998046875,0
2019,9,15,23,32,39.8997998046875,0
2019,9,15,23,32,41.7498000488281,0
2019,9,15,23,32,43.5997998046875,0
2019,9,15,23,32,45.4498000488281,0
2019,9,15,23,32,47.2997998046875,0
2019,9,15,23,32,49.1497998046875,0
2019,9,15,23,32,50.9998000488281,0
2019,9,15,23,32,52.8497998046875,0
2019,9,15,23,32,54.6998000488281,0
2019,9,15,23,32,56.5497998046875,0
2019,9,15,23,32,58.3997998046875,0
2019,9,15,23,33,0.249800048828125,0
2019,9,15,23,33,2.0997998046875,0
2019,9,15,23,33,3.94980004882812,0
2019,9,15,23,33,5.7997998046875,0
2019,9,15,23,33,7.6497998046875,0
2019,9,15,23,33,9.49980004882812,0
2019,9,15,23,33,11.3497998046875,0
2019,9,15,23,33,13.1998000488281,0
2019,9,15,23,33,15.0497998046875,0
2019,9,15,23,33,16.8997998046875,0
2019,9,15,23,33,18.7498000488281,0
2019,9,15,23,33,20.5997998046875,0
2019,9,15,23,33,22.4498000488281,0
2019,9,15,23,33,24.2997998046875,0
2019,9,15,23,33,26.1497998046875,0
2019,9,15,23,33,27.9998000488281,0
2019,9,15,23,33,29.8497998046875,0
2019,9,15,23,33,31.6998000488281,0
2019,9,15,23,33,33.5497998046875,0
2019,9,15,23,33,35.3997998046875,0
2019,9,15,23,33,37.2498000488281,0
2019,9,15,23,33,39.0997998046875,0
2019,9,15,23,33,40.9498000488281,0
2019,9,15,23,33,42.7997998046875,0
2019,9,15,23,33,44.6497998046875,0
2019,9,15,23,33,46.4998000488281,0
2019,9,15,23,33,48.3497998046875,0
2019,9,15,23,33,50.1998000488281,0
2019,9,15,23,33,52.0497998046875,0
2019,9,15,23,33,53.8997998046875,0
2019,9,15,23,33,55.7498000488281,0
2019,9,15,23,33,57.5997998046875,0
2019,9,15,23,33,59.4498000488281,0
2019,9,15,23,34,1.2997998046875,0
2019,9,15,23,34,3.1497998046875,0
2019,9,15,23,34,4.99980004882813,0
2019,9,15,23,34,6.94980004882813,0
2019,9,15,23,34,8.94980004882813,0
2019,9,15,23,34,10.7997998046875,0
2019,9,15,23,34,12.5997998046875,0
2019,9,15,23,34,14.3997998046875,0
2019,9,15,23,34,16.1998000488281,0
2019,9,15,23,34,18.0497998046875,0
2019,9,15,23,34,19.9998000488281,0
2019,9,15,23,34,21.7997998046875,0
2019,9,15,23,34,23.6497998046875,0
2019,9,15,23,34,25.4498000488281,0
2019,9,15,23,34,27.2997998046875,0
2019,9,15,23,34,29.1497998046875,0
2019,9,15,23,34,30.9498000488281,0
2019,9,15,23,34,32.8497998046875,0
2019,9,15,23,34,34.9498000488281,0
2019,9,15,23,34,36.8997998046875,0
2019,9,15,23,34,38.5497998046875,0
2019,9,15,23,34,40.2498000488281,0
2019,9,15,23,34,41.9498000488281,0
2019,9,15,23,34,43.6998000488281,0
2019,9,15,23,34,45.5497998046875,0
2019,9,15,23,34,47.4498000488281,0
2019,9,15,23,34,49.3497998046875,0
2019,9,15,23,34,51.1998000488281,0
2019,9,15,23,34,53.0497998046875,0
2019,9,15,23,34,54.8997998046875,0
2019,9,15,23,34,56.7498000488281,0
2019,9,15,23,34,58.5997998046875,0
2019,9,15,23,35,0.449800048828125,0
2019,9,15,23,35,2.2997998046875,0
2019,9,15,23,35,4.1497998046875,0
2019,9,15,23,35,5.99980004882813,0
2019,9,15,23,35,7.8997998046875,0
2019,9,15,23,35,9.74980004882812,0
2019,9,15,23,35,11.5997998046875,0
2019,9,15,23,35,13.4498000488281,0
2019,9,15,23,35,15.2997998046875,0
2019,9,15,23,35,17.1497998046875,0
2019,9,15,23,35,18.9998000488281,0
2019,9,15,23,35,20.8497998046875,0
2019,9,15,23,35,22.6998000488281,0
2019,9,15,23,35,24.5497998046875,0
2019,9,15,23,35,26.3997998046875,0
2019,9,15,23,35,28.2498000488281,0
2019,9,15,23,35,30.0997998046875,0
2019,9,15,23,35,31.9498000488281,0
2019,9,15,23,35,33.7997998046875,0
2019,9,15,23,35,35.6497998046875,0
2019,9,15,23,35,37.4998000488281,0
2019,9,15,23,35,39.3497998046875,0
2019,9,15,23,35,41.1998000488281,0
2019,9,15,23,35,43.0497998046875,0
2019,9,15,23,35,44.8997998046875,0
2019,9,15,23,35,46.7498000488281,0
2019,9,15,23,35,48.5997998046875,0
2019,9,15,23,35,50.4498000488281,0
2019,9,15,23,35,52.2997998046875,0
2019,9,15,23,35,54.1497998046875,0
2019,9,15,23,35,55.9998000488281,0
2019,9,15,23,35,57.8497998046875,0
2019,9,15,23,35,59.6998000488281,0
2019,9,15,23,36,1.5497998046875,0
2019,9,15,23,36,3.3997998046875,0
2019,9,15,23,36,5.24980004882813,0
2019,9,15,23,36,7.0997998046875,0
2019,9,15,23,36,8.94980004882813,0
2019,9,15,23,36,10.7997998046875,0
2019,9,15,23,36,12.6497998046875,0
2019,9,15,23,36,14.4998000488281,0
2019,9,15,23,36,16.3497998046875,0
2019,9,15,23,36,18.1998000488281,0
2019,9,15,23,36,20.0497998046875,0
2019,9,15,23,36,21.8997998046875,0
2019,9,15,23,36,23.7498000488281,0
2019,9,15,23,36,25.5997998046875,0
2019,9,15,23,36,27.3997998046875,0
2019,9,15,23,36,29.2997998046875,0
2019,9,15,23,36,31.1497998046875,0
2019,9,15,23,36,32.9998000488281,0
2019,9,15,23,36,34.8497998046875,0
2019,9,15,23,36,36.6998000488281,0
2019,9,15,23,36,38.5497998046875,0
2019,9,15,23,36,40.3997998046875,0
2019,9,15,23,36,42.2498000488281,0
2019,9,15,23,36,44.0997998046875,0
2019,9,15,23,36,45.9498000488281,0
2019,9,15,23,36,47.7997998046875,0
2019,9,15,23,36,49.6497998046875,0
2019,9,15,23,36,51.4998000488281,0
2019,9,15,23,36,53.3497998046875,0
2019,9,15,23,36,55.1998000488281,0
2019,9,15,23,36,57.0497998046875,0
2019,9,15,23,36,58.8997998046875,0
2019,9,15,23,37,0.749800048828125,0
2019,9,15,23,37,2.5497998046875,0
2019,9,15,23,37,4.44980004882813,0
2019,9,15,23,37,6.2997998046875,0
2019,9,15,23,37,8.1497998046875,0
2019,9,15,23,37,9.99980004882812,0
2019,9,15,23,37,11.8497998046875,0
2019,9,15,23,37,13.6998000488281,0
2019,9,15,23,37,15.5497998046875,0
2019,9,15,23,37,15.5497998046875,0
2019,9,15,23,37,17.3997998046875,0
2019,9,15,23,37,19.2498000488281,0
2019,9,15,23,37,21.0997998046875,0
2019,9,15,23,37,22.9498000488281,0
2019,9,15,23,37,24.7997998046875,0
2019,9,15,23,37,26.6497998046875,0
2019,9,15,23,37,28.4998000488281,0
2019,9,15,23,37,30.3497998046875,0
2019,9,15,23,37,32.1998000488281,0
2019,9,15,23,37,34.0497998046875,0
2019,9,15,23,37,35.8997998046875,0
2019,9,15,23,37,37.7498000488281,0
2019,9,15,23,37,39.5997998046875,0
2019,9,15,23,37,41.4498000488281,0
2019,9,15,23,37,43.2997998046875,0
2019,9,15,23,37,45.1497998046875,0
2019,9,15,23,37,46.9998000488281,0
2019,9,15,23,37,48.8497998046875,0
2019,9,15,23,37,50.6998000488281,0
2019,9,15,23,37,52.5497998046875,0
2019,9,15,23,37,54.3997998046875,0
2019,9,15,23,37,56.2498000488281,0
2019,9,15,23,37,58.0997998046875,0
2019,9,15,23,37,59.9498000488281,0
2019,9,15,23,38,1.7997998046875,0
2019,9,15,23,38,3.6497998046875,0
2019,9,15,23,38,5.49980004882813,0
2019,9,15,23,38,7.3497998046875,0
2019,9,15,23,38,9.19980004882813,0
2019,9,15,23,38,11.0497998046875,0
2019,9,15,23,38,12.8997998046875,0
2019,9,15,23,38,14.7498000488281,0
2019,9,15,23,38,16.5997998046875,0
2019,9,15,23,38,18.4498000488281,0
2019,9,15,23,38,20.2997998046875,0
2019,9,15,23,38,22.1497998046875,0
2019,9,15,23,38,23.9998000488281,0
2019,9,15,23,38,25.8497998046875,0
2019,9,15,23,38,27.6998000488281,0
2019,9,15,23,38,29.5497998046875,0
2019,9,15,23,38,31.3997998046875,0
2019,9,15,23,38,33.2498000488281,0
2019,9,15,23,38,35.0997998046875,0
2019,9,15,23,38,36.9498000488281,0
2019,9,15,23,38,38.7997998046875,0
2019,9,15,23,38,40.6497998046875,0
2019,9,15,23,38,42.4998000488281,0
2019,9,15,23,38,44.3497998046875,0
2019,9,15,23,38,46.1998000488281,0
2019,9,15,23,38,48.0497998046875,0
2019,9,15,23,38,49.8997998046875,0
2019,9,15,23,38,51.7997998046875,0
2019,9,15,23,38,53.6998000488281,0
2019,9,15,23,38,55.4998000488281,0
2019,9,15,23,38,57.3497998046875,0
2019,9,15,23,38,59.1998000488281,0
2019,9,15,23,39,1.0497998046875,0
2019,9,15,23,39,2.8997998046875,0
2019,9,15,23,39,4.69980004882813,0
2019,9,15,23,39,6.5497998046875,0
2019,9,15,23,39,8.3997998046875,0
2019,9,15,23,39,10.2498000488281,0
2019,9,15,23,39,12.0997998046875,0
2019,9,15,23,39,13.9498000488281,0
2019,9,15,23,39,15.7997998046875,0
2019,9,15,23,39,17.6497998046875,0
2019,9,15,23,39,19.4998000488281,0
2019,9,15,23,39,21.3497998046875,0
2019,9,15,23,39,23.1998000488281,0
2019,9,15,23,39,25.0497998046875,0
2019,9,15,23,39,26.8997998046875,0
2019,9,15,23,39,28.7498000488281,0
2019,9,15,23,39,30.5997998046875,0
2019,9,15,23,39,32.4498000488281,0
2019,9,15,23,39,34.2997998046875,0
2019,9,15,23,39,36.1497998046875,0
2019,9,15,23,39,37.9998000488281,0
2019,9,15,23,39,39.8497998046875,0
2019,9,15,23,39,41.6998000488281,0
2019,9,15,23,39,43.5497998046875,0
2019,9,15,23,39,45.3997998046875,0
2019,9,15,23,39,47.2498000488281,0
2019,9,15,23,39,49.0997998046875,0
2019,9,15,23,39,50.9498000488281,0
2019,9,15,23,39,52.7997998046875,0
2019,9,15,23,39,54.6497998046875,0
2019,9,15,23,39,56.4998000488281,0
2019,9,15,23,39,58.3497998046875,0
2019,9,15,23,40,0.1497998046875,0
2019,9,15,23,40,1.8497998046875,0
2019,9,15,23,40,3.5497998046875,0
2019,9,15,23,40,5.2997998046875,0
2019,9,15,23,40,7.0997998046875,0
2019,9,15,23,40,8.8997998046875,0
2019,9,15,23,40,10.7997998046875,0
2019,9,15,23,40,12.6497998046875,0
2019,9,15,23,40,14.4998000488281,0
2019,9,15,23,40,16.3497998046875,0
2019,9,15,23,40,18.1998000488281,0
2019,9,15,23,40,20.0497998046875,0
2019,9,15,23,40,21.8997998046875,0
2019,9,15,23,40,23.7498000488281,0
2019,9,15,23,40,25.5997998046875,0
2019,9,15,23,40,27.4498000488281,0
2019,9,15,23,40,29.2997998046875,0
2019,9,15,23,40,31.1497998046875,0
2019,9,15,23,40,32.9998000488281,0
2019,9,15,23,40,34.8497998046875,0
2019,9,15,23,40,36.6998000488281,0
2019,9,15,23,40,38.5497998046875,0
2019,9,15,23,40,40.3997998046875,0
2019,9,15,23,40,42.2498000488281,0
2019,9,15,23,40,44.0997998046875,0
2019,9,15,23,40,45.9498000488281,0
2019,9,15,23,40,47.7997998046875,0
2019,9,15,23,40,49.6497998046875,0
2019,9,15,23,40,51.4998000488281,0
2019,9,15,23,40,53.3497998046875,0
2019,9,15,23,40,55.1998000488281,0
2019,9,15,23,40,57.0497998046875,0
2019,9,15,23,40,58.8997998046875,0
2019,9,15,23,41,0.749800048828125,0
2019,9,15,23,41,2.5497998046875,0
2019,9,15,23,41,4.44980004882813,0
2019,9,15,23,41,6.2997998046875,0
2019,9,15,23,41,8.0997998046875,0
2019,9,15,23,41,9.99980004882812,0
2019,9,15,23,41,11.7997998046875,0
2019,9,15,23,41,13.6998000488281,0
2019,9,15,23,41,15.5497998046875,0
2019,9,15,23,41,17.3997998046875,0
2019,9,15,23,41,19.2498000488281,0
2019,9,15,23,41,21.0997998046875,0
2019,9,15,23,41,22.9498000488281,0
2019,9,15,23,41,24.7997998046875,0
2019,9,15,23,41,26.6497998046875,0
2019,9,15,23,41,28.5497998046875,0
2019,9,15,23,41,30.4498000488281,0
2019,9,15,23,41,32.3497998046875,0
2019,9,15,23,41,34.2997998046875,0
2019,9,15,23,41,36.1998000488281,0
2019,9,15,23,41,38.0997998046875,0
2019,9,15,23,41,39.9998000488281,0
2019,9,15,23,41,41.8997998046875,0
2019,9,15,23,41,43.7498000488281,0
2019,9,15,23,41,45.6497998046875,0
2019,9,15,23,41,47.4998000488281,0
2019,9,15,23,41,49.3497998046875,0
2019,9,15,23,41,51.2498000488281,0
2019,9,15,23,41,53.0997998046875,0
2019,9,15,23,41,54.9498000488281,0
2019,9,15,23,41,56.7997998046875,0
2019,9,15,23,41,58.6998000488281,0
2019,9,15,23,42,0.5497998046875,0
2019,9,15,23,42,2.3997998046875,0
2019,9,15,23,42,4.24980004882813,0
2019,9,15,23,42,6.0997998046875,0
2019,9,15,23,42,7.99980004882813,0
2019,9,15,23,42,9.8497998046875,0
2019,9,15,23,42,11.6497998046875,0
2019,9,15,23,42,13.4998000488281,0
2019,9,15,23,42,15.3997998046875,0
2019,9,15,23,42,17.2498000488281,0
2019,9,15,23,42,19.0997998046875,0
2019,9,15,23,42,20.8997998046875,0
2019,9,15,23,42,22.7498000488281,0
2019,9,15,23,42,24.5997998046875,0
2019,9,15,23,42,26.4498000488281,0
2019,9,15,23,42,28.2997998046875,0
2019,9,15,23,42,30.1497998046875,0
2019,9,15,23,42,31.9498000488281,0
2019,9,15,23,42,33.7997998046875,0
2019,9,15,23,42,35.6497998046875,0
2019,9,15,23,42,37.4998000488281,0
2019,9,15,23,42,39.3497998046875,0
2019,9,15,23,42,41.1998000488281,0
2019,9,15,23,42,43.0497998046875,0
2019,9,15,23,42,44.8497998046875,0
2019,9,15,23,42,46.6998000488281,0
2019,9,15,23,42,48.5497998046875,0
2019,9,15,23,42,50.3997998046875,0
2019,9,15,23,42,52.2498000488281,0
2019,9,15,23,42,54.0997998046875,0
2019,9,15,23,42,55.9498000488281,0
2019,9,15,23,42,57.7498000488281,0
2019,9,15,23,42,59.5997998046875,0
2019,9,15,23,43,1.44980004882813,0
2019,9,15,23,43,3.2997998046875,0
2019,9,15,23,43,5.1497998046875,0
2019,9,15,23,43,6.99980004882813,0
2019,9,15,23,43,8.8497998046875,0
2019,9,15,23,43,10.6998000488281,0
2019,9,15,23,43,12.5497998046875,0
2019,9,15,23,43,14.3997998046875,0
2019,9,15,23,43,16.2498000488281,0
2019,9,15,23,43,18.0997998046875,0
2019,9,15,23,43,19.9498000488281,0
2019,9,15,23,43,21.7997998046875,0
2019,9,15,23,43,23.6497998046875,0
2019,9,15,23,43,25.4998000488281,0
2019,9,15,23,43,27.3997998046875,0
2019,9,15,23,43,29.2498000488281,0
2019,9,15,23,43,31.0997998046875,0
2019,9,15,23,43,32.9498000488281,0
2019,9,15,23,43,34.7997998046875,0
2019,9,15,23,43,36.6497998046875,0
2019,9,15,23,43,38.4998000488281,0
2019,9,15,23,43,40.3497998046875,0
2019,9,15,23,43,42.1998000488281,0
2019,9,15,23,43,44.0497998046875,0
2019,9,15,23,43,45.8997998046875,0
2019,9,15,23,43,47.7498000488281,0
2019,9,15,23,43,49.5997998046875,0
2019,9,15,23,43,51.4498000488281,0
2019,9,15,23,43,53.2997998046875,0
2019,9,15,23,43,55.1497998046875,0
2019,9,15,23,43,56.9998000488281,0
2019,9,15,23,43,58.8497998046875,0
2019,9,15,23,44,0.699800048828125,0
2019,9,15,23,44,2.5497998046875,0
2019,9,15,23,44,4.3997998046875,0
2019,9,15,23,44,6.24980004882813,0
2019,9,15,23,44,8.0997998046875,0
2019,9,15,23,44,9.94980004882813,0
2019,9,15,23,44,11.7997998046875,0
2019,9,15,23,44,13.6497998046875,0
2019,9,15,23,44,15.4998000488281,0
2019,9,15,23,44,17.3497998046875,0
2019,9,15,23,44,19.1998000488281,0
2019,9,15,23,44,21.0497998046875,0
2019,9,15,23,44,22.8997998046875,0
2019,9,15,23,44,24.7498000488281,0
2019,9,15,23,44,26.5997998046875,0
2019,9,15,23,44,28.4498000488281,0
2019,9,15,23,44,30.2997998046875,0
2019,9,15,23,44,32.1497998046875,0
2019,9,15,23,44,33.9998000488281,0
2019,9,15,23,44,35.8497998046875,0
2019,9,15,23,44,37.6998000488281,0
2019,9,15,23,44,39.5497998046875,0
2019,9,15,23,44,41.3997998046875,0
2019,9,15,23,44,43.2498000488281,0
2019,9,15,23,44,45.0997998046875,0
2019,9,15,23,44,46.9498000488281,0
2019,9,15,23,44,48.7997998046875,0
2019,9,15,23,44,50.6497998046875,0
2019,9,15,23,44,52.4998000488281,0
2019,9,15,23,44,54.3497998046875,0
2019,9,15,23,44,56.1998000488281,0
2019,9,15,23,44,58.0497998046875,0
2019,9,15,23,44,59.8997998046875,0
2019,9,15,23,45,1.74980004882813,0
2019,9,15,23,45,3.5997998046875,0
2019,9,15,23,45,5.44980004882813,0
2019,9,15,23,45,7.2997998046875,0
2019,9,15,23,45,9.1497998046875,0
2019,9,15,23,45,10.9998000488281,0
2019,9,15,23,45,12.8497998046875,0
2019,9,15,23,45,14.6998000488281,0
2019,9,15,23,45,16.5497998046875,0
2019,9,15,23,45,18.3997998046875,0
2019,9,15,23,45,20.2498000488281,0
2019,9,15,23,45,22.0997998046875,0
2019,9,15,23,45,23.9498000488281,0
2019,9,15,23,45,25.7997998046875,0
2019,9,15,23,45,27.6497998046875,0
2019,9,15,23,45,29.4998000488281,0
2019,9,15,23,45,31.3497998046875,0
2019,9,15,23,45,33.1998000488281,0
2019,9,15,23,45,35.0497998046875,0
2019,9,15,23,45,36.8997998046875,0
2019,9,15,23,45,38.7498000488281,0
2019,9,15,23,45,40.5997998046875,0
2019,9,15,23,45,42.4498000488281,0
2019,9,15,23,45,44.2997998046875,0
2019,9,15,23,45,46.1497998046875,0
2019,9,15,23,45,47.9998000488281,0
2019,9,15,23,45,49.8497998046875,0
2019,9,15,23,45,51.6998000488281,0
2019,9,15,23,45,53.5497998046875,0
2019,9,15,23,45,55.3997998046875,0
2019,9,15,23,45,57.2498000488281,0
2019,9,15,23,45,59.0997998046875,0
2019,9,15,23,46,0.949800048828125,0
2019,9,15,23,46,2.7997998046875,0
2019,9,15,23,46,4.6497998046875,0
2019,9,15,23,46,6.49980004882813,0
2019,9,15,23,46,8.3497998046875,0
2019,9,15,23,46,10.1998000488281,0
2019,9,15,23,46,12.0497998046875,0
2019,9,15,23,46,13.8997998046875,0
2019,9,15,23,46,15.7498000488281,0
2019,9,15,23,46,17.5997998046875,0
2019,9,15,23,46,19.4498000488281,0
2019,9,15,23,46,21.2997998046875,0
2019,9,15,23,46,23.1497998046875,0
2019,9,15,23,46,24.9998000488281,0
2019,9,15,23,46,26.8497998046875,0
2019,9,15,23,46,28.6998000488281,0
2019,9,15,23,46,30.5497998046875,0
2019,9,15,23,46,32.3997998046875,0
2019,9,15,23,46,34.2498000488281,0
2019,9,15,23,46,36.0997998046875,0
2019,9,15,23,46,37.9498000488281,0
2019,9,15,23,46,39.7997998046875,0
2019,9,15,23,46,41.6497998046875,0
2019,9,15,23,46,43.4998000488281,0
2019,9,15,23,46,45.3497998046875,0
2019,9,15,23,46,47.1998000488281,0
2019,9,15,23,46,49.0497998046875,0
2019,9,15,23,46,50.8997998046875,0
2019,9,15,23,46,52.7498000488281,0
2019,9,15,23,46,54.5997998046875,0
2019,9,15,23,46,56.4498000488281,0
2019,9,15,23,46,58.2997998046875,0
2019,9,15,23,47,0.1497998046875,0
2019,9,15,23,47,1.99980004882813,0
2019,9,15,23,47,3.8497998046875,0
2019,9,15,23,47,5.69980004882813,0
2019,9,15,23,47,7.5497998046875,0
2019,9,15,23,47,9.3997998046875,0
2019,9,15,23,47,11.2498000488281,0
2019,9,15,23,47,13.0997998046875,0
2019,9,15,23,47,14.9498000488281,0
2019,9,15,23,47,16.7997998046875,0
2019,9,15,23,47,18.6497998046875,0
2019,9,15,23,47,20.4998000488281,0
2019,9,15,23,47,22.3497998046875,0
2019,9,15,23,47,24.1998000488281,0
2019,9,15,23,47,26.0497998046875,0
2019,9,15,23,47,27.8997998046875,0
2019,9,15,23,47,29.7498000488281,0
2019,9,15,23,47,31.5997998046875,0
2019,9,15,23,47,33.4498000488281,0
2019,9,15,23,47,35.2997998046875,0
2019,9,15,23,47,37.1497998046875,0
2019,9,15,23,47,38.9998000488281,0
2019,9,15,23,47,40.8497998046875,0
2019,9,15,23,47,42.6998000488281,0
2019,9,15,23,47,44.5497998046875,0
2019,9,15,23,47,46.3997998046875,0
2019,9,15,23,47,48.2498000488281,0
2019,9,15,23,47,50.0997998046875,0
2019,9,15,23,47,51.9498000488281,0
2019,9,15,23,47,53.7997998046875,0
2019,9,15,23,47,55.6497998046875,0
2019,9,15,23,47,57.4998000488281,0
2019,9,15,23,47,59.3497998046875,0
2019,9,15,23,48,1.19980004882813,0
2019,9,15,23,48,3.0497998046875,0
2019,9,15,23,48,4.8997998046875,0
2019,9,15,23,48,6.74980004882813,0
2019,9,15,23,48,8.5997998046875,0
2019,9,15,23,48,10.4498000488281,0
2019,9,15,23,48,12.2997998046875,0
2019,9,15,23,48,14.1497998046875,0
2019,9,15,23,48,15.9998000488281,0
2019,9,15,23,48,17.8497998046875,0
2019,9,15,23,48,19.6998000488281,0
2019,9,15,23,48,21.5497998046875,0
2019,9,15,23,48,23.3997998046875,0
2019,9,15,23,48,25.2498000488281,0
2019,9,15,23,48,27.0997998046875,0
2019,9,15,23,48,28.9498000488281,0
2019,9,15,23,48,30.7997998046875,0
2019,9,15,23,48,32.6497998046875,0
2019,9,15,23,48,34.4998000488281,0
2019,9,15,23,48,36.3497998046875,0
2019,9,15,23,48,38.1998000488281,0
2019,9,15,23,48,40.0497998046875,0
2019,9,15,23,48,41.8997998046875,0
2019,9,15,23,48,43.7498000488281,0
2019,9,15,23,48,45.5997998046875,0
2019,9,15,23,48,47.4498000488281,0
2019,9,15,23,48,49.2997998046875,0
2019,9,15,23,48,51.1497998046875,0
2019,9,15,23,48,52.9998000488281,0
2019,9,15,23,48,54.8497998046875,0
2019,9,15,23,48,56.6998000488281,0
2019,9,15,23,48,58.5497998046875,0
2019,9,15,23,49,0.3997998046875,0
2019,9,15,23,49,2.0997998046875,0
2019,9,15,23,49,3.7997998046875,0
2019,9,15,23,49,5.5497998046875,0
2019,9,15,23,49,7.2997998046875,0
2019,9,15,23,49,9.1497998046875,0
2019,9,15,23,49,10.9498000488281,0
2019,9,15,23,49,12.8497998046875,0
2019,9,15,23,49,14.6998000488281,0
2019,9,15,23,49,14.6998000488281,0
2019,9,15,23,49,16.5497998046875,0
2019,9,15,23,49,18.4498000488281,0
2019,9,15,23,49,20.2997998046875,0
2019,9,15,23,49,22.1998000488281,0
2019,9,15,23,49,24.0997998046875,0
2019,9,15,23,49,25.9498000488281,0
2019,9,15,23,49,27.8497998046875,0
2019,9,15,23,49,29.7498000488281,0
2019,9,15,23,49,31.5997998046875,0
2019,9,15,23,49,33.4998000488281,0
2019,9,15,23,49,35.3497998046875,0
2019,9,15,23,49,37.2498000488281,0
2019,9,15,23,49,39.0997998046875,0
2019,9,15,23,49,40.9998000488281,0
2019,9,15,23,49,42.8497998046875,0
2019,9,15,23,49,44.6998000488281,0
2019,9,15,23,49,46.5497998046875,0
2019,9,15,23,49,48.4498000488281,0
2019,9,15,23,49,50.2997998046875,0
2019,9,15,23,49,52.1497998046875,0
2019,9,15,23,49,53.9998000488281,0
2019,9,15,23,49,55.8497998046875,0
2019,9,15,23,49,57.6998000488281,0
2019,9,15,23,49,59.5497998046875,0
2019,9,15,23,50,1.3997998046875,0
2019,9,15,23,50,3.2997998046875,0
2019,9,15,23,50,5.1497998046875,0
2019,9,15,23,50,6.99980004882813,0
2019,9,15,23,50,8.8497998046875,0
2019,9,15,23,50,10.6998000488281,0
2019,9,15,23,50,12.5497998046875,0
2019,9,15,23,50,14.3997998046875,0
2019,9,15,23,50,16.2498000488281,0
2019,9,15,23,50,18.0997998046875,0
2019,9,15,23,50,19.9498000488281,0
2019,9,15,23,50,21.7997998046875,0
2019,9,15,23,50,23.6497998046875,0
2019,9,15,23,50,25.4998000488281,0
2019,9,15,23,50,27.3497998046875,0
2019,9,15,23,50,29.1998000488281,0
2019,9,15,23,50,31.0497998046875,0
2019,9,15,23,50,32.8997998046875,0
2019,9,15,23,50,34.7997998046875,0
2019,9,15,23,50,36.6497998046875,0
2019,9,15,23,50,38.4998000488281,0
2019,9,15,23,50,40.2997998046875,0
2019,9,15,23,50,42.1497998046875,0
2019,9,15,23,50,43.9998000488281,0
2019,9,15,23,50,45.8497998046875,0
2019,9,15,23,50,47.6998000488281,0
2019,9,15,23,50,49.5497998046875,0
2019,9,15,23,50,51.3997998046875,0
2019,9,15,23,50,53.2498000488281,0
2019,9,15,23,50,55.0997998046875,0
2019,9,15,23,50,56.9498000488281,0
2019,9,15,23,50,58.7997998046875,0
2019,9,15,23,51,0.6497998046875,0
2019,9,15,23,51,2.49980004882813,0
2019,9,15,23,51,4.3497998046875,0
2019,9,15,23,51,6.19980004882813,0
2019,9,15,23,51,8.0497998046875,0
2019,9,15,23,51,9.8997998046875,0
2019,9,15,23,51,11.7498000488281,0
2019,9,15,23,51,13.5997998046875,0
2019,9,15,23,51,15.4498000488281,0
2019,9,15,23,51,17.2997998046875,0
2019,9,15,23,51,19.1497998046875,0
2019,9,15,23,51,20.9998000488281,0
2019,9,15,23,51,22.8497998046875,0
2019,9,15,23,51,24.6998000488281,0
2019,9,15,23,51,26.4998000488281,0
2019,9,15,23,51,28.3997998046875,0
2019,9,15,23,51,30.2498000488281,0
2019,9,15,23,51,32.0997998046875,0
2019,9,15,23,51,33.9498000488281,0
2019,9,15,23,51,35.7997998046875,0
2019,9,15,23,51,37.6497998046875,0
2019,9,15,23,51,39.4998000488281,0
2019,9,15,23,51,41.3497998046875,0
2019,9,15,23,51,43.1998000488281,0
2019,9,15,23,51,45.0497998046875,0
2019,9,15,23,51,46.8997998046875,0
2019,9,15,23,51,48.7498000488281,0
2019,9,15,23,51,50.5997998046875,0
2019,9,15,23,51,52.4498000488281,0
2019,9,15,23,51,54.2997998046875,0
2019,9,15,23,51,56.1497998046875,0
2019,9,15,23,51,57.9998000488281,0
2019,9,15,23,51,59.8497998046875,0
2019,9,15,23,52,1.69980004882812,0
2019,9,15,23,52,3.5497998046875,0
2019,9,15,23,52,5.3997998046875,0
2019,9,15,23,52,7.24980004882813,0
2019,9,15,23,52,9.0997998046875,0
2019,9,15,23,52,10.9498000488281,0
2019,9,15,23,52,12.7997998046875,0
2019,9,15,23,52,14.6497998046875,0
2019,9,15,23,52,16.4998000488281,0
2019,9,15,23,52,18.3497998046875,0
2019,9,15,23,52,20.1998000488281,0
2019,9,15,23,52,22.0497998046875,0
2019,9,15,23,52,23.8997998046875,0
2019,9,15,23,52,25.7498000488281,0
2019,9,15,23,52,27.5997998046875,0
2019,9,15,23,52,29.4498000488281,0
2019,9,15,23,52,31.2997998046875,0
2019,9,15,23,52,33.1497998046875,0
2019,9,15,23,52,34.9998000488281,0
2019,9,15,23,52,36.8497998046875,0
2019,9,15,23,52,38.6998000488281,0
2019,9,15,23,52,40.5497998046875,0
2019,9,15,23,52,42.3997998046875,0
2019,9,15,23,52,44.2498000488281,0
2019,9,15,23,52,46.0997998046875,0
2019,9,15,23,52,47.9498000488281,0
2019,9,15,23,52,49.7997998046875,0
2019,9,15,23,52,51.6497998046875,0
2019,9,15,23,52,53.4998000488281,0
2019,9,15,23,52,55.3497998046875,0
2019,9,15,23,52,57.1998000488281,0
2019,9,15,23,52,59.0497998046875,0
2019,9,15,23,53,0.8997998046875,0
2019,9,15,23,53,2.74980004882813,0
2019,9,15,23,53,4.5997998046875,0
2019,9,15,23,53,6.44980004882813,0
2019,9,15,23,53,8.2997998046875,0
2019,9,15,23,53,10.1497998046875,0
2019,9,15,23,53,11.9998000488281,0
2019,9,15,23,53,13.8497998046875,0
2019,9,15,23,53,15.6998000488281,0
2019,9,15,23,53,17.5497998046875,0
2019,9,15,23,53,19.3997998046875,0
2019,9,15,23,53,21.2498000488281,0
2019,9,15,23,53,23.0997998046875,0
2019,9,15,23,53,24.9498000488281,0
2019,9,15,23,53,26.7997998046875,0
2019,9,15,23,53,28.6497998046875,0
2019,9,15,23,53,30.4998000488281,0
2019,9,15,23,53,32.3497998046875,0
2019,9,15,23,53,34.1998000488281,0
2019,9,15,23,53,35.9998000488281,0
2019,9,15,23,53,37.8997998046875,0
2019,9,15,23,53,39.7498000488281,0
2019,9,15,23,53,41.5997998046875,0
2019,9,15,23,53,43.4498000488281,0
2019,9,15,23,53,45.2997998046875,0
2019,9,15,23,53,47.1497998046875,0
2019,9,15,23,53,48.9998000488281,0
2019,9,15,23,53,50.7997998046875,0
2019,9,15,23,53,52.6998000488281,0
2019,9,15,23,53,54.5497998046875,0
2019,9,15,23,53,56.3997998046875,0
2019,9,15,23,53,58.2498000488281,0
2019,9,15,23,54,0.0997998046875,0
2019,9,15,23,54,1.94980004882812,0
2019,9,15,23,54,3.7997998046875,0
2019,9,15,23,54,5.6497998046875,0
2019,9,15,23,54,7.49980004882813,0
2019,9,15,23,54,9.3497998046875,0
2019,9,15,23,54,11.1998000488281,0
2019,9,15,23,54,13.0497998046875,0
2019,9,15,23,54,14.8997998046875,0
2019,9,15,23,54,16.7498000488281,0
2019,9,15,23,54,18.5997998046875,0
2019,9,15,23,54,20.4498000488281,0
2019,9,15,23,54,22.2997998046875,0
2019,9,15,23,54,24.0997998046875,0
2019,9,15,23,54,25.9998000488281,0
2019,9,15,23,54,27.8497998046875,0
2019,9,15,23,54,29.6998000488281,0
2019,9,15,23,54,31.4998000488281,0
2019,9,15,23,54,33.3997998046875,0
2019,9,15,23,54,35.2498000488281,0
2019,9,15,23,54,37.0997998046875,0
2019,9,15,23,54,38.9498000488281,0
2019,9,15,23,54,40.7997998046875,0
2019,9,15,23,54,42.6497998046875,0
2019,9,15,23,54,44.4998000488281,0
2019,9,15,23,54,46.3497998046875,0
2019,9,15,23,54,48.1998000488281,0
2019,9,15,23,54,50.0497998046875,0
2019,9,15,23,54,51.8997998046875,0
2019,9,15,23,54,53.7498000488281,0
2019,9,15,23,54,55.5997998046875,0
2019,9,15,23,54,57.4498000488281,0
2019,9,15,23,54,59.2997998046875,0
2019,9,15,23,55,1.1497998046875,0
2019,9,15,23,55,2.99980004882813,0
2019,9,15,23,55,4.8497998046875,0
2019,9,15,23,55,6.69980004882813,0
2019,9,15,23,55,8.5497998046875,0
2019,9,15,23,55,10.3997998046875,0
2019,9,15,23,55,12.2498000488281,0
2019,9,15,23,55,14.0997998046875,0
2019,9,15,23,55,15.9498000488281,0
2019,9,15,23,55,17.7997998046875,0
2019,9,15,23,55,19.6497998046875,0
2019,9,15,23,55,21.4998000488281,0
2019,9,15,23,55,23.3497998046875,0
2019,9,15,23,55,25.1998000488281,0
2019,9,15,23,55,27.0497998046875,0
2019,9,15,23,55,28.8997998046875,0
2019,9,15,23,55,30.7498000488281,0
2019,9,15,23,55,32.5997998046875,0
2019,9,15,23,55,34.4498000488281,0
2019,9,15,23,55,36.2997998046875,0
2019,9,15,23,55,38.1497998046875,0
2019,9,15,23,55,39.9998000488281,0
2019,9,15,23,55,41.8497998046875,0
2019,9,15,23,55,43.6998000488281,0
2019,9,15,23,55,45.5497998046875,0
2019,9,15,23,55,47.3997998046875,0
2019,9,15,23,55,49.2498000488281,0
2019,9,15,23,55,51.0997998046875,0
2019,9,15,23,55,52.9498000488281,0
2019,9,15,23,55,54.7997998046875,0
2019,9,15,23,55,56.6497998046875,0
2019,9,15,23,55,58.4998000488281,0
2019,9,15,23,56,0.3497998046875,0
2019,9,15,23,56,2.19980004882812,0
2019,9,15,23,56,4.0497998046875,0
2019,9,15,23,56,5.8997998046875,0
2019,9,15,23,56,7.74980004882813,0
2019,9,15,23,56,9.5997998046875,0
2019,9,15,23,56,11.4498000488281,0
2019,9,15,23,56,13.2997998046875,0
2019,9,15,23,56,15.1497998046875,0
2019,9,15,23,56,16.9998000488281,0
2019,9,15,23,56,18.8497998046875,0
2019,9,15,23,56,20.6998000488281,0
2019,9,15,23,56,22.5497998046875,0
2019,9,15,23,56,24.3997998046875,0
2019,9,15,23,56,26.2498000488281,0
2019,9,15,23,56,28.0997998046875,0
2019,9,15,23,56,29.9498000488281,0
2019,9,15,23,56,31.7997998046875,0
2019,9,15,23,56,33.6497998046875,0
2019,9,15,23,56,35.4998000488281,0
2019,9,15,23,56,37.3497998046875,0
2019,9,15,23,56,39.1998000488281,0
2019,9,15,23,56,41.0497998046875,0
2019,9,15,23,56,42.8997998046875,0
2019,9,15,23,56,44.7498000488281,0
2019,9,15,23,56,46.5997998046875,0
2019,9,15,23,56,48.4498000488281,0
2019,9,15,23,56,50.2997998046875,0
2019,9,15,23,56,52.1497998046875,0
2019,9,15,23,56,53.9998000488281,0
2019,9,15,23,56,55.8497998046875,0
2019,9,15,23,56,57.7498000488281,0
2019,9,15,23,56,59.5997998046875,0
2019,9,15,23,57,1.44980004882813,0
2019,9,15,23,57,3.2997998046875,0
2019,9,15,23,57,5.1497998046875,0
2019,9,15,23,57,6.99980004882813,0
2019,9,15,23,57,8.8497998046875,0
2019,9,15,23,57,10.6998000488281,0
2019,9,15,23,57,12.5497998046875,0
2019,9,15,23,57,14.3997998046875,0
2019,9,15,23,57,16.2498000488281,0
2019,9,15,23,57,18.0997998046875,0
2019,9,15,23,57,19.9498000488281,0
2019,9,15,23,57,21.7997998046875,0
2019,9,15,23,57,23.6497998046875,0
2019,9,15,23,57,25.4998000488281,0
2019,9,15,23,57,27.3497998046875,0
2019,9,15,23,57,29.1998000488281,0
2019,9,15,23,57,31.0497998046875,0
2019,9,15,23,57,32.8997998046875,0
2019,9,15,23,57,34.7498000488281,0
2019,9,15,23,57,36.5497998046875,0
2019,9,15,23,57,38.4498000488281,0
2019,9,15,23,57,40.2997998046875,0
2019,9,15,23,57,42.1497998046875,0
2019,9,15,23,57,43.9998000488281,0
2019,9,15,23,57,45.8497998046875,0
2019,9,15,23,57,47.6998000488281,0
2019,9,15,23,57,49.5497998046875,0
2019,9,15,23,57,51.3997998046875,0
2019,9,15,23,57,53.2498000488281,0
2019,9,15,23,57,55.0997998046875,0
2019,9,15,23,57,56.9498000488281,0
2019,9,15,23,57,58.7997998046875,0
2019,9,15,23,58,0.6497998046875,0
2019,9,15,23,58,2.49980004882813,0
2019,9,15,23,58,4.3497998046875,0
2019,9,15,23,58,6.19980004882813,0
2019,9,15,23,58,8.0497998046875,0
2019,9,15,23,58,9.8997998046875,0
2019,9,15,23,58,11.7498000488281,0
2019,9,15,23,58,13.5997998046875,0
2019,9,15,23,58,15.4498000488281,0
2019,9,15,23,58,17.2997998046875,0
2019,9,15,23,58,19.1497998046875,0
2019,9,15,23,58,20.9998000488281,0
2019,9,15,23,58,22.8497998046875,0
2019,9,15,23,58,24.6998000488281,0
2019,9,15,23,58,26.5497998046875,0
2019,9,15,23,58,28.3997998046875,0
2019,9,15,23,58,30.2498000488281,0
2019,9,15,23,58,32.0997998046875,0
2019,9,15,23,58,33.9498000488281,0
2019,9,15,23,58,35.7997998046875,0
2019,9,15,23,58,37.6497998046875,0
2019,9,15,23,58,39.4998000488281,0
2019,9,15,23,58,41.3497998046875,0
2019,9,15,23,58,43.1998000488281,0
2019,9,15,23,58,45.0497998046875,0
2019,9,15,23,58,46.8997998046875,0
2019,9,15,23,58,48.7498000488281,0
2019,9,15,23,58,50.5997998046875,0
2019,9,15,23,58,52.4498000488281,0
2019,9,15,23,58,54.2997998046875,0
2019,9,15,23,58,56.1497998046875,0
2019,9,15,23,58,57.9998000488281,0
2019,9,15,23,58,59.8497998046875,0
2019,9,15,23,59,1.69980004882812,0
2019,9,15,23,59,3.5497998046875,0
2019,9,15,23,59,5.3997998046875,0
2019,9,15,23,59,7.24980004882813,0
2019,9,15,23,59,9.0997998046875,0
2019,9,15,23,59,10.9498000488281,0
2019,9,15,23,59,12.7997998046875,0
2019,9,15,23,59,14.6497998046875,0
2019,9,15,23,59,16.4998000488281,0
2019,9,15,23,59,18.3497998046875,0
2019,9,15,23,59,20.1998000488281,0
2019,9,15,23,59,22.0497998046875,0
2019,9,15,23,59,23.8997998046875,0
2019,9,15,23,59,25.7498000488281,0
2019,9,15,23,59,27.5997998046875,0
2019,9,15,23,59,29.4498000488281,0
2019,9,15,23,59,31.2997998046875,0
2019,9,15,23,59,33.1497998046875,0
2019,9,15,23,59,34.9998000488281,0
2019,9,15,23,59,36.8497998046875,0
2019,9,15,23,59,38.6998000488281,0
2019,9,15,23,59,40.5497998046875,0
2019,9,15,23,59,42.3997998046875,0
2019,9,15,23,59,44.2498000488281,0
2019,9,15,23,59,46.0997998046875,0
2019,9,15,23,59,47.9498000488281,0
2019,9,15,23,59,49.7997998046875,0
2019,9,15,23,59,51.6497998046875,0
2019,9,15,23,59,53.4998000488281,0
2019,9,15,23,59,55.3497998046875,0
2019,9,15,23,59,57.1998000488281,0
2019,9,15,23,59,59.0497998046875,0
2019,9,16,0,0,0.8997998046875,0
2019,9,16,0,0,2.74980004882813,0
2019,9,16,0,0,4.5997998046875,0
2019,9,16,0,0,6.44980004882813,0
2019,9,16,0,0,8.2997998046875,0
2019,9,16,0,0,10.1497998046875,0
2019,9,16,0,0,11.9998000488281,0
2019,9,16,0,0,13.8497998046875,0
2019,9,16,0,0,15.6998000488281,0
2019,9,16,0,0,17.5497998046875,0
2019,9,16,0,0,19.3997998046875,0
2019,9,16,0,0,21.2498000488281,0
2019,9,16,0,0,23.0997998046875,0
2019,9,16,0,0,24.9498000488281,0
2019,9,16,0,0,26.7997998046875,0
2019,9,16,0,0,28.6497998046875,0
2019,9,16,0,0,30.4998000488281,0
2019,9,16,0,0,32.3497998046875,0
2019,9,16,0,0,34.1998000488281,0
2019,9,16,0,0,36.0497998046875,0
2019,9,16,0,0,37.8997998046875,0
2019,9,16,0,0,39.7498000488281,0
2019,9,16,0,0,41.5997998046875,0
2019,9,16,0,0,43.4498000488281,0
2019,9,16,0,0,45.2997998046875,0
2019,9,16,0,0,47.1497998046875,0
2019,9,16,0,0,48.9998000488281,0
2019,9,16,0,0,50.8497998046875,0
2019,9,16,0,0,52.6998000488281,0
2019,9,16,0,0,54.5497998046875,0
2019,9,16,0,0,56.3997998046875,0
2019,9,16,0,0,58.2498000488281,0
2019,9,16,0,1,0.0997998046875,0
2019,9,16,0,1,1.94980004882812,0
2019,9,16,0,1,3.7997998046875,0
2019,9,16,0,1,5.6497998046875,0
2019,9,16,0,1,7.49980004882813,0
2019,9,16,0,1,9.3497998046875,0
2019,9,16,0,1,11.1998000488281,0
2019,9,16,0,1,13.0497998046875,0
2019,9,16,0,1,14.8997998046875,0
2019,9,16,0,1,16.7498000488281,0
2019,9,16,0,1,18.5997998046875,0
2019,9,16,0,1,20.4498000488281,0
2019,9,16,0,1,22.2997998046875,0
2019,9,16,0,1,24.1497998046875,0
2019,9,16,0,1,25.9998000488281,0
2019,9,16,0,1,27.8497998046875,0
2019,9,16,0,1,29.6998000488281,0
2019,9,16,0,1,31.5497998046875,0
2019,9,16,0,1,33.3997998046875,0
2019,9,16,0,1,35.2498000488281,0
2019,9,16,0,1,37.0997998046875,0
2019,9,16,0,1,38.9498000488281,0
2019,9,16,0,1,40.7997998046875,0
2019,9,16,0,1,42.6497998046875,0
2019,9,16,0,1,44.4998000488281,0
2019,9,16,0,1,46.3497998046875,0
2019,9,16,0,1,48.1998000488281,0
2019,9,16,0,1,50.0497998046875,0
2019,9,16,0,1,51.8997998046875,0
2019,9,16,0,1,53.7498000488281,0
2019,9,16,0,1,55.5997998046875,0
2019,9,16,0,1,57.4498000488281,0
2019,9,16,0,1,59.2997998046875,0
2019,9,16,0,2,1.1497998046875,0
2019,9,16,0,2,2.99980004882813,0
2019,9,16,0,2,4.8497998046875,0
2019,9,16,0,2,6.69980004882813,0
2019,9,16,0,2,8.5497998046875,0
2019,9,16,0,2,10.3997998046875,0
2019,9,16,0,2,12.2498000488281,0
2019,9,16,0,2,14.0997998046875,0
2019,9,16,0,2,15.9498000488281,0
2019,9,16,0,2,17.7997998046875,0
2019,9,16,0,2,19.6497998046875,0
2019,9,16,0,2,21.4998000488281,0
2019,9,16,0,2,23.3497998046875,0
2019,9,16,0,2,25.1998000488281,0
2019,9,16,0,2,27.0497998046875,0
2019,9,16,0,2,28.8997998046875,0
2019,9,16,0,2,30.7498000488281,0
2019,9,16,0,2,32.5997998046875,0
2019,9,16,0,2,34.4498000488281,0
2019,9,16,0,2,36.2997998046875,0
2019,9,16,0,2,38.2498000488281,0
2019,9,16,0,2,40.0997998046875,0
2019,9,16,0,2,41.7997998046875,0
2019,9,16,0,2,43.6497998046875,0
2019,9,16,0,2,45.4998000488281,0
2019,9,16,0,2,47.3497998046875,0
2019,9,16,0,2,49.1998000488281,0
2019,9,16,0,2,51.0497998046875,0
2019,9,16,0,2,52.9498000488281,0
2019,9,16,0,2,54.7498000488281,0
2019,9,16,0,2,56.6497998046875,0
2019,9,16,0,2,58.4998000488281,0
2019,9,16,0,3,0.2997998046875,0
2019,9,16,0,3,2.19980004882812,0
2019,9,16,0,3,4.0497998046875,0
2019,9,16,0,3,5.8997998046875,0
2019,9,16,0,3,7.74980004882813,0
2019,9,16,0,3,9.5997998046875,0
2019,9,16,0,3,11.4498000488281,0
2019,9,16,0,3,13.2997998046875,0
2019,9,16,0,3,15.1497998046875,0
2019,9,16,0,3,16.9998000488281,0
2019,9,16,0,3,18.8497998046875,0
2019,9,16,0,3,20.6998000488281,0
2019,9,16,0,3,22.5497998046875,0
2019,9,16,0,3,24.3997998046875,0
2019,9,16,0,3,26.2498000488281,0
2019,9,16,0,3,28.0997998046875,0
2019,9,16,0,3,29.9498000488281,0
2019,9,16,0,3,31.7997998046875,0
2019,9,16,0,3,33.6497998046875,0
2019,9,16,0,3,35.4998000488281,0
2019,9,16,0,3,37.3497998046875,0
2019,9,16,0,3,39.1998000488281,0
2019,9,16,0,3,41.0497998046875,0
2019,9,16,0,3,42.8997998046875,0
2019,9,16,0,3,44.7498000488281,0
2019,9,16,0,3,46.5997998046875,0
2019,9,16,0,3,48.4498000488281,0
2019,9,16,0,3,50.2997998046875,0
2019,9,16,0,3,52.1497998046875,0
2019,9,16,0,3,53.9998000488281,0
2019,9,16,0,3,55.8497998046875,0
2019,9,16,0,3,57.6998000488281,0
2019,9,16,0,3,59.5497998046875,0
2019,9,16,0,4,1.3997998046875,0
2019,9,16,0,4,3.24980004882813,0
2019,9,16,0,4,5.0997998046875,0
2019,9,16,0,4,6.94980004882813,0
2019,9,16,0,4,8.7997998046875,0
2019,9,16,0,4,10.6497998046875,0
2019,9,16,0,4,12.4998000488281,0
2019,9,16,0,4,14.3497998046875,0
2019,9,16,0,4,16.1998000488281,0
2019,9,16,0,4,18.0497998046875,0
2019,9,16,0,4,19.8997998046875,0
2019,9,16,0,4,21.7498000488281,0
2019,9,16,0,4,23.5997998046875,0
2019,9,16,0,4,25.4498000488281,0
2019,9,16,0,4,27.2997998046875,0
2019,9,16,0,4,29.1497998046875,0
2019,9,16,0,4,30.9998000488281,0
2019,9,16,0,4,32.8497998046875,0
2019,9,16,0,4,34.6998000488281,0
2019,9,16,0,4,36.5497998046875,0
2019,9,16,0,4,38.3997998046875,0
2019,9,16,0,4,40.2498000488281,0
2019,9,16,0,4,42.0997998046875,0
2019,9,16,0,4,43.9498000488281,0
2019,9,16,0,4,45.7997998046875,0
2019,9,16,0,4,47.6497998046875,0
2019,9,16,0,4,49.4998000488281,0
2019,9,16,0,4,51.3497998046875,0
2019,9,16,0,4,53.1998000488281,0
2019,9,16,0,4,55.0497998046875,0
2019,9,16,0,4,56.8997998046875,0
2019,9,16,0,4,58.7498000488281,0
2019,9,16,0,5,0.5997998046875,0
2019,9,16,0,5,2.44980004882812,0
2019,9,16,0,5,4.2997998046875,0
2019,9,16,0,5,6.1497998046875,0
2019,9,16,0,5,7.99980004882813,0
2019,9,16,0,5,9.8497998046875,0
2019,9,16,0,5,11.6998000488281,0
2019,9,16,0,5,13.5497998046875,0
2019,9,16,0,5,15.3997998046875,0
2019,9,16,0,5,17.2498000488281,0
2019,9,16,0,5,19.0997998046875,0
2019,9,16,0,5,20.9498000488281,0
2019,9,16,0,5,22.7997998046875,0
2019,9,16,0,5,24.6497998046875,0
2019,9,16,0,5,26.4998000488281,0
2019,9,16,0,5,28.3497998046875,0
2019,9,16,0,5,30.1998000488281,0
2019,9,16,0,5,32.0497998046875,0
2019,9,16,0,5,33.8997998046875,0
2019,9,16,0,5,35.7498000488281,0
2019,9,16,0,5,37.5997998046875,0
2019,9,16,0,5,39.4498000488281,0
2019,9,16,0,5,41.2997998046875,0
2019,9,16,0,5,43.1497998046875,0
2019,9,16,0,5,44.9998000488281,0
2019,9,16,0,5,46.8497998046875,0
2019,9,16,0,5,48.6998000488281,0
2019,9,16,0,5,50.5497998046875,0
2019,9,16,0,7,21.7498000488281,0
2019,9,16,0,7,23.5997998046875,0
2019,9,16,0,7,25.4498000488281,0
2019,9,16,0,7,27.2997998046875,0
2019,9,16,0,7,29.1497998046875,0
2019,9,16,0,7,30.9998000488281,0
2019,9,16,0,7,32.8497998046875,0
2019,9,16,0,7,34.6998000488281,0
2019,9,16,0,7,36.5497998046875,0
2019,9,16,0,7,38.3997998046875,0
2019,9,16,0,7,40.2498000488281,0
2019,9,16,0,7,42.0997998046875,0
2019,9,16,0,7,43.9498000488281,0
2019,9,16,0,7,45.7997998046875,0
2019,9,16,0,7,47.6497998046875,0
2019,9,16,0,7,49.4998000488281,0
2019,9,16,0,7,51.3497998046875,0
2019,9,16,0,7,53.1998000488281,0
2019,9,16,0,7,55.0497998046875,0
2019,9,16,0,7,56.8997998046875,0
2019,9,16,0,7,58.7498000488281,0
2019,9,16,0,8,0.5997998046875,0
2019,9,16,0,8,2.44980004882812,0
2019,9,16,0,8,4.2997998046875,0
2019,9,16,0,8,6.1497998046875,0
2019,9,16,0,8,7.99980004882813,0
2019,9,16,0,8,9.8497998046875,0
2019,9,16,0,8,11.6998000488281,0
2019,9,16,0,8,13.5497998046875,0
2019,9,16,0,8,15.3997998046875,0
2019,9,16,0,8,17.2498000488281,0
2019,9,16,0,8,19.0997998046875,0
2019,9,16,0,8,20.9498000488281,0
2019,9,16,0,8,22.7997998046875,0
2019,9,16,0,8,24.6497998046875,0
2019,9,16,0,8,26.4998000488281,0
2019,9,16,0,8,28.3497998046875,0
2019,9,16,0,8,30.1998000488281,0
2019,9,16,0,8,32.0497998046875,0
2019,9,16,0,8,33.8997998046875,0
2019,9,16,0,8,35.7498000488281,0
2019,9,16,0,8,37.5997998046875,0
2019,9,16,0,8,39.4498000488281,0
2019,9,16,0,8,41.2997998046875,0
2019,9,16,0,8,43.1497998046875,0
2019,9,16,0,8,44.9998000488281,0
2019,9,16,0,8,46.8497998046875,0
2019,9,16,0,8,48.6998000488281,0
2019,9,16,0,8,50.5497998046875,0
2019,9,16,0,8,52.3997998046875,0
2019,9,16,0,8,54.2498000488281,0
2019,9,16,0,8,56.0997998046875,0
2019,9,16,0,8,57.9498000488281,0
2019,9,16,0,8,59.7997998046875,0
2019,9,16,0,9,1.6497998046875,0
2019,9,16,0,9,3.49980004882813,0
2019,9,16,0,9,5.3497998046875,0
2019,9,16,0,9,7.19980004882813,0
2019,9,16,0,9,9.0497998046875,0
2019,9,16,0,9,10.7997998046875,0
2019,9,16,0,9,12.3497998046875,0
2019,9,16,0,9,14.0497998046875,0
2019,9,16,0,9,15.8997998046875,0
2019,9,16,0,9,17.7997998046875,0
2019,9,16,0,9,19.6497998046875,0
2019,9,16,0,9,21.4998000488281,0
2019,9,16,0,9,23.3497998046875,0
2019,9,16,0,9,25.2997998046875,0
2019,9,16,0,9,27.3497998046875,0
2019,9,16,0,9,29.3997998046875,0
2019,9,16,0,9,31.4498000488281,0
2019,9,16,0,9,33.4498000488281,0
2019,9,16,0,9,35.3997998046875,0
2019,9,16,0,9,37.2498000488281,0
2019,9,16,0,9,39.0997998046875,0
2019,9,16,0,9,40.8497998046875,0
2019,9,16,0,9,42.6497998046875,0
2019,9,16,0,9,44.4498000488281,0
2019,9,16,0,9,46.2498000488281,0
2019,9,16,0,9,48.0497998046875,0
2019,9,16,0,9,49.8997998046875,0
2019,9,16,0,9,51.6998000488281,0
2019,9,16,0,9,53.5497998046875,0
2019,9,16,0,9,55.3997998046875,0
2019,9,16,0,9,57.1998000488281,0
2019,9,16,0,9,59.0497998046875,0
2019,9,16,0,10,0.8997998046875,0
2019,9,16,0,10,2.74980004882813,0
2019,9,16,0,10,4.5997998046875,0
2019,9,16,0,10,6.49980004882813,0
2019,9,16,0,10,8.3497998046875,0
2019,9,16,0,10,10.1998000488281,0
2019,9,16,0,10,12.0497998046875,0
2019,9,16,0,10,13.8997998046875,0
2019,9,16,0,10,15.6998000488281,0
2019,9,16,0,10,17.5497998046875,0
2019,9,16,0,10,19.3997998046875,0
2019,9,16,0,10,21.2498000488281,0
2019,9,16,0,10,23.0997998046875,0
2019,9,16,0,10,24.9498000488281,0
2019,9,16,0,10,26.7997998046875,0
2019,9,16,0,10,28.6497998046875,0
2019,9,16,0,10,30.4498000488281,0
2019,9,16,0,10,32.2997998046875,0
2019,9,16,0,10,34.1497998046875,0
2019,9,16,0,10,35.9998000488281,0
2019,9,16,0,10,37.8497998046875,0
2019,9,16,0,10,39.6998000488281,0
2019,9,16,0,10,41.5497998046875,0
2019,9,16,0,10,43.3497998046875,0
2019,9,16,0,10,45.1998000488281,0
2019,9,16,0,10,47.0497998046875,0
2019,9,16,0,10,48.9498000488281,0
2019,9,16,0,10,50.7498000488281,0
2019,9,16,0,10,52.5997998046875,0
2019,9,16,0,10,54.4498000488281,0
2019,9,16,0,10,56.2997998046875,0
2019,9,16,0,10,58.1497998046875,0
2019,9,16,0,10,59.9998000488281,0
2019,9,16,0,11,1.8497998046875,0
2019,9,16,0,11,3.69980004882812,0
2019,9,16,0,11,5.5497998046875,0
2019,9,16,0,11,7.3997998046875,0
2019,9,16,0,11,9.24980004882812,0
2019,9,16,0,11,11.0997998046875,0
2019,9,16,0,11,12.9498000488281,0
2019,9,16,0,11,14.7997998046875,0
2019,9,16,0,11,16.6497998046875,0
2019,9,16,0,11,18.5497998046875,0
2019,9,16,0,11,20.3997998046875,0
2019,9,16,0,11,22.2498000488281,0
2019,9,16,0,11,24.0497998046875,0
2019,9,16,0,11,25.9498000488281,0
2019,9,16,0,11,27.7997998046875,0
2019,9,16,0,11,29.6497998046875,0
2019,9,16,0,11,31.4998000488281,0
2019,9,16,0,11,33.3497998046875,0
2019,9,16,0,11,35.1998000488281,0
2019,9,16,0,11,37.0497998046875,0
2019,9,16,0,11,38.8997998046875,0
2019,9,16,0,11,40.7498000488281,0
2019,9,16,0,11,42.5997998046875,0
2019,9,16,0,11,44.4498000488281,0
2019,9,16,0,11,46.1998000488281,0
2019,9,16,0,11,48.0497998046875,0
2019,9,16,0,11,50.0497998046875,0
2019,9,16,0,11,51.9498000488281,0
2019,9,16,0,11,53.7498000488281,0
2019,9,16,0,11,55.5997998046875,0
2019,9,16,0,11,57.4498000488281,0
2019,9,16,0,11,59.2997998046875,0
2019,9,16,0,12,1.1497998046875,0
2019,9,16,0,12,2.99980004882813,0
2019,9,16,0,12,4.8497998046875,0
2019,9,16,0,12,6.6497998046875,0
2019,9,16,0,12,8.5497998046875,0
2019,9,16,0,12,10.3497998046875,0
2019,9,16,0,12,12.1998000488281,0
2019,9,16,0,12,14.0497998046875,0
2019,9,16,0,12,15.8997998046875,0
2019,9,16,0,12,17.7498000488281,0
2019,9,16,0,12,19.5997998046875,0
2019,9,16,0,12,21.4498000488281,0
2019,9,16,0,12,23.2997998046875,0
2019,9,16,0,12,25.1497998046875,0
2019,9,16,0,12,26.9998000488281,0
2019,9,16,0,12,28.8497998046875,0
2019,9,16,0,12,30.6998000488281,0
2019,9,16,0,12,32.5497998046875,0
2019,9,16,0,12,34.3997998046875,0
2019,9,16,0,12,36.2498000488281,0
2019,9,16,0,12,38.0997998046875,0
2019,9,16,0,12,39.9498000488281,0
2019,9,16,0,12,41.7997998046875,0
2019,9,16,0,12,43.6497998046875,0
2019,9,16,0,12,45.4998000488281,0
2019,9,16,0,12,47.3497998046875,0
2019,9,16,0,12,49.1998000488281,0
2019,9,16,0,12,51.0497998046875,0
2019,9,16,0,12,52.8997998046875,0
2019,9,16,0,12,54.7498000488281,0
2019,9,16,0,12,56.5997998046875,0
2019,9,16,0,12,58.4498000488281,0
2019,9,16,0,13,0.2997998046875,0
2019,9,16,0,13,2.1497998046875,0
2019,9,16,0,13,3.99980004882813,0
2019,9,16,0,13,5.8497998046875,0
2019,9,16,0,13,7.69980004882813,0
2019,9,16,0,13,9.5497998046875,0
2019,9,16,0,13,11.3997998046875,0
2019,9,16,0,13,13.2498000488281,0
2019,9,16,0,13,15.0997998046875,0
2019,9,16,0,13,16.9498000488281,0
2019,9,16,0,13,18.7997998046875,0
2019,9,16,0,13,20.6497998046875,0
2019,9,16,0,13,22.4998000488281,0
2019,9,16,0,13,24.3497998046875,0
2019,9,16,0,13,26.1998000488281,0
2019,9,16,0,13,28.0497998046875,0
2019,9,16,0,13,29.8997998046875,0
2019,9,16,0,13,31.7498000488281,0
2019,9,16,0,13,33.5997998046875,0
2019,9,16,0,13,35.4498000488281,0
2019,9,16,0,13,37.2997998046875,0
2019,9,16,0,13,39.1497998046875,0
2019,9,16,0,13,40.9998000488281,0
2019,9,16,0,13,42.8497998046875,0
2019,9,16,0,13,44.6998000488281,0
2019,9,16,0,13,46.5497998046875,0
2019,9,16,0,13,48.3997998046875,0
2019,9,16,0,13,50.2498000488281,0
2019,9,16,0,13,52.0997998046875,0
2019,9,16,0,13,53.7997998046875,0
2019,9,16,0,13,55.5997998046875,0
2019,9,16,0,13,57.5497998046875,0
2019,9,16,0,13,59.5497998046875,0
2019,9,16,0,14,1.44980004882813,0
2019,9,16,0,14,3.2997998046875,0
2019,9,16,0,14,5.1497998046875,0
2019,9,16,0,14,6.99980004882813,0
2019,9,16,0,14,8.8497998046875,0
2019,9,16,0,14,10.7498000488281,0
2019,9,16,0,14,12.5997998046875,0
2019,9,16,0,14,14.4498000488281,0
2019,9,16,0,14,16.2997998046875,0
2019,9,16,0,14,18.0997998046875,0
2019,9,16,0,14,19.9498000488281,0
2019,9,16,0,14,21.7498000488281,0
2019,9,16,0,14,23.5997998046875,0
2019,9,16,0,14,25.3997998046875,0
2019,9,16,0,14,27.2498000488281,0
2019,9,16,0,14,29.0997998046875,0
2019,9,16,0,14,30.9498000488281,0
2019,9,16,0,14,32.7997998046875,0
2019,9,16,0,14,34.6497998046875,0
2019,9,16,0,14,36.4498000488281,0
2019,9,16,0,14,38.2997998046875,0
2019,9,16,0,14,40.1998000488281,0
2019,9,16,0,14,42.0497998046875,0
2019,9,16,0,14,43.8997998046875,0
2019,9,16,0,14,45.7498000488281,0
2019,9,16,0,14,47.5997998046875,0
2019,9,16,0,14,49.4498000488281,0
2019,9,16,0,14,51.2997998046875,0
2019,9,16,0,14,53.1497998046875,0
2019,9,16,0,14,54.9998000488281,0
2019,9,16,0,14,56.8497998046875,0
2019,9,16,0,14,58.6998000488281,0
2019,9,16,0,15,0.5497998046875,0
2019,9,16,0,15,2.3997998046875,0
2019,9,16,0,15,4.24980004882813,0
2019,9,16,0,15,6.0997998046875,0
2019,9,16,0,15,7.94980004882813,0
2019,9,16,0,15,9.7997998046875,0
2019,9,16,0,15,11.5497998046875,0
2019,9,16,0,15,13.2997998046875,0
2019,9,16,0,15,15.0497998046875,0
2019,9,16,0,15,16.7498000488281,0
2019,9,16,0,15,18.4998000488281,0
2019,9,16,0,15,20.3497998046875,0
2019,9,16,0,15,22.2498000488281,0
2019,9,16,0,15,24.0997998046875,0
2019,9,16,0,15,25.9498000488281,0
2019,9,16,0,15,27.7498000488281,0
2019,9,16,0,15,29.6497998046875,0
2019,9,16,0,15,31.4998000488281,0
2019,9,16,0,15,33.3497998046875,0
2019,9,16,0,15,35.1497998046875,0
2019,9,16,0,15,37.0497998046875,0
2019,9,16,0,15,38.8997998046875,0
2019,9,16,0,15,40.7498000488281,0
2019,9,16,0,15,42.5997998046875,0
2019,9,16,0,15,44.4498000488281,0
2019,9,16,0,15,46.2997998046875,0
2019,9,16,0,15,48.1497998046875,0
2019,9,16,0,15,49.9998000488281,0
2019,9,16,0,15,51.8497998046875,0
2019,9,16,0,15,53.6998000488281,0
2019,9,16,0,15,55.5497998046875,0
2019,9,16,0,15,57.3997998046875,0
2019,9,16,0,15,59.2498000488281,0
2019,9,16,0,16,1.0997998046875,0
2019,9,16,0,16,2.94980004882812,0
2019,9,16,0,16,4.7997998046875,0
2019,9,16,0,16,6.6497998046875,0
2019,9,16,0,16,8.49980004882812,0
2019,9,16,0,16,10.3497998046875,0
2019,9,16,0,16,12.1998000488281,0
2019,9,16,0,16,14.0997998046875,0
2019,9,16,0,16,16.0497998046875,0
2019,9,16,0,16,18.0497998046875,0
2019,9,16,0,16,19.9498000488281,0
2019,9,16,0,16,21.8997998046875,0
2019,9,16,0,16,23.7498000488281,0
2019,9,16,0,16,25.5997998046875,0
2019,9,16,0,16,27.4498000488281,0
2019,9,16,0,16,29.2997998046875,0
2019,9,16,0,16,31.1497998046875,0
2019,9,16,0,16,32.9998000488281,0
2019,9,16,0,16,34.8497998046875,0
2019,9,16,0,16,36.7498000488281,0
2019,9,16,0,16,38.5997998046875,0
2019,9,16,0,16,40.4498000488281,0
2019,9,16,0,16,42.2997998046875,0
2019,9,16,0,16,44.1497998046875,0
2019,9,16,0,16,45.9998000488281,0
2019,9,16,0,16,47.8497998046875,0
2019,9,16,0,16,49.6998000488281,0
2019,9,16,0,16,51.5497998046875,0
2019,9,16,0,16,53.3997998046875,0
2019,9,16,0,16,55.2498000488281,0
2019,9,16,0,16,57.0997998046875,0
2019,9,16,0,16,58.8997998046875,0
2019,9,16,0,17,0.5997998046875,0
2019,9,16,0,17,2.2997998046875,0
2019,9,16,0,17,3.99980004882813,0
2019,9,16,0,17,5.8497998046875,0
2019,9,16,0,17,7.6497998046875,0
2019,9,16,0,17,9.49980004882812,0
2019,9,16,0,17,11.3497998046875,0
2019,9,16,0,17,13.2498000488281,0
2019,9,16,0,17,15.0997998046875,0
2019,9,16,0,17,16.9498000488281,0
2019,9,16,0,17,18.7997998046875,0
2019,9,16,0,17,20.6497998046875,0
2019,9,16,0,17,22.4498000488281,0
2019,9,16,0,17,24.2997998046875,0
2019,9,16,0,17,26.1497998046875,0
2019,9,16,0,17,28.0497998046875,0
2019,9,16,0,17,29.8497998046875,0
2019,9,16,0,17,31.6998000488281,0
2019,9,16,0,17,33.5497998046875,0
2019,9,16,0,17,35.3997998046875,0
2019,9,16,0,17,37.2498000488281,0
2019,9,16,0,17,39.0997998046875,0
2019,9,16,0,17,40.9498000488281,0
2019,9,16,0,17,42.7997998046875,0
2019,9,16,0,17,44.6497998046875,0
2019,9,16,0,17,46.5497998046875,0
2019,9,16,0,17,48.3997998046875,0
2019,9,16,0,17,50.2498000488281,0
2019,9,16,0,17,52.0997998046875,0
2019,9,16,0,17,53.9498000488281,0
2019,9,16,0,17,55.7498000488281,0
2019,9,16,0,17,57.6497998046875,0
2019,9,16,0,17,59.4998000488281,0
2019,9,16,0,18,1.3997998046875,0
2019,9,16,0,18,3.2997998046875,0
2019,9,16,0,18,5.24980004882813,0
2019,9,16,0,18,7.19980004882813,0
2019,9,16,0,18,9.1497998046875,0
2019,9,16,0,18,10.9998000488281,0
2019,9,16,0,18,12.8997998046875,0
2019,9,16,0,18,14.7498000488281,0
2019,9,16,0,18,16.5997998046875,0
2019,9,16,0,18,18.4498000488281,0
2019,9,16,0,18,20.2997998046875,0
2019,9,16,0,18,22.1497998046875,0
2019,9,16,0,18,24.0497998046875,0
2019,9,16,0,18,25.8997998046875,0
2019,9,16,0,18,27.7498000488281,0
2019,9,16,0,18,29.5997998046875,0
2019,9,16,0,18,31.4498000488281,0
2019,9,16,0,18,33.2997998046875,0
2019,9,16,0,18,35.1497998046875,0
2019,9,16,0,18,36.9998000488281,0
2019,9,16,0,18,38.7498000488281,0
2019,9,16,0,18,40.3997998046875,0
2019,9,16,0,18,42.0997998046875,0
2019,9,16,0,18,43.8997998046875,0
2019,9,16,0,18,45.6998000488281,0
2019,9,16,0,18,47.5497998046875,0
2019,9,16,0,18,49.3997998046875,0
2019,9,16,0,18,51.2498000488281,0
2019,9,16,0,18,53.0997998046875,0
2019,9,16,0,18,54.9498000488281,0
2019,9,16,0,18,56.8497998046875,0
2019,9,16,0,18,58.6497998046875,0
2019,9,16,0,19,0.499800048828125,0
2019,9,16,0,19,2.3497998046875,0
2019,9,16,0,19,4.19980004882813,0
2019,9,16,0,19,6.0497998046875,0
2019,9,16,0,19,7.8997998046875,0
2019,9,16,0,19,9.74980004882812,0
2019,9,16,0,19,11.5997998046875,0
2019,9,16,0,19,13.4498000488281,0
2019,9,16,0,19,15.2997998046875,0
2019,9,16,0,19,17.1998000488281,0
2019,9,16,0,19,18.9998000488281,0
2019,9,16,0,19,20.8497998046875,0
2019,9,16,0,19,22.6998000488281,0
2019,9,16,0,19,24.5497998046875,0
2019,9,16,0,19,26.3997998046875,0
2019,9,16,0,19,28.2498000488281,0
2019,9,16,0,19,30.0997998046875,0
2019,9,16,0,19,31.9498000488281,0
2019,9,16,0,19,33.7997998046875,0
2019,9,16,0,19,35.6998000488281,0
2019,9,16,0,19,37.5497998046875,0
2019,9,16,0,19,39.3997998046875,0
2019,9,16,0,19,41.2498000488281,0
2019,9,16,0,19,43.1998000488281,0
2019,9,16,0,19,45.1497998046875,0
2019,9,16,0,19,47.0997998046875,0
2019,9,16,0,19,48.9998000488281,0
2019,9,16,0,19,50.8997998046875,0
2019,9,16,0,19,52.7997998046875,0
2019,9,16,0,19,54.6497998046875,0
2019,9,16,0,19,56.4998000488281,0
2019,9,16,0,19,58.3497998046875,0
2019,9,16,0,20,0.199800048828125,0
2019,9,16,0,20,2.0497998046875,0
2019,9,16,0,20,3.8997998046875,0
2019,9,16,0,20,5.74980004882813,0
2019,9,16,0,20,7.6497998046875,0
2019,9,16,0,20,9.49980004882812,0
2019,9,16,0,20,11.3497998046875,0
2019,9,16,0,20,13.1998000488281,0
2019,9,16,0,20,15.0497998046875,0
2019,9,16,0,20,16.8997998046875,0
2019,9,16,0,20,18.7498000488281,0
2019,9,16,0,20,20.5997998046875,0
2019,9,16,0,20,22.4498000488281,0
2019,9,16,0,20,24.2997998046875,0
2019,9,16,0,20,26.1497998046875,0
2019,9,16,0,20,27.9998000488281,0
2019,9,16,0,20,29.7997998046875,0
2019,9,16,0,20,31.5497998046875,0
2019,9,16,0,20,33.2997998046875,0
2019,9,16,0,20,34.9998000488281,0
2019,9,16,0,20,36.7498000488281,0
2019,9,16,0,20,38.5497998046875,0
2019,9,16,0,20,40.3997998046875,0
2019,9,16,0,20,42.2498000488281,0
2019,9,16,0,20,44.0997998046875,0
2019,9,16,0,20,45.9498000488281,0
2019,9,16,0,20,47.7997998046875,0
2019,9,16,0,20,49.6497998046875,0
2019,9,16,0,20,51.4998000488281,0
2019,9,16,0,20,53.3497998046875,0
2019,9,16,0,20,55.1998000488281,0
2019,9,16,0,20,57.0497998046875,0
2019,9,16,0,20,58.8997998046875,0
2019,9,16,0,21,0.749800048828125,0
2019,9,16,0,21,2.5997998046875,0
2019,9,16,0,21,4.44980004882813,0
2019,9,16,0,21,6.2997998046875,0
2019,9,16,0,21,8.1497998046875,0
2019,9,16,0,21,9.99980004882812,0
2019,9,16,0,21,11.8497998046875,0
2019,9,16,0,21,13.6998000488281,0
2019,9,16,0,21,15.5497998046875,0
2019,9,16,0,21,17.3997998046875,0
2019,9,16,0,21,19.2498000488281,0
2019,9,16,0,21,21.0997998046875,0
2019,9,16,0,21,22.9498000488281,0
2019,9,16,0,21,24.7997998046875,0
2019,9,16,0,21,26.6497998046875,0
2019,9,16,0,21,28.4998000488281,0
2019,9,16,0,21,30.3497998046875,0
2019,9,16,0,21,32.1998000488281,0
2019,9,16,0,21,34.0997998046875,0
2019,9,16,0,21,36.0497998046875,0
2019,9,16,0,21,38.0497998046875,0
2019,9,16,0,21,39.9998000488281,0
2019,9,16,0,21,41.8997998046875,0
2019,9,16,0,21,43.7997998046875,0
2019,9,16,0,21,45.6497998046875,0
2019,9,16,0,21,47.4998000488281,0
2019,9,16,0,21,49.3497998046875,0
2019,9,16,0,21,51.1998000488281,0
2019,9,16,0,21,53.0997998046875,0
2019,9,16,0,21,54.9498000488281,0
2019,9,16,0,21,56.7997998046875,0
2019,9,16,0,21,58.6497998046875,0
2019,9,16,0,22,0.499800048828125,0
2019,9,16,0,22,2.3497998046875,0
2019,9,16,0,22,4.19980004882813,0
2019,9,16,0,22,6.0497998046875,0
2019,9,16,0,22,7.8997998046875,0
2019,9,16,0,22,9.74980004882812,0
2019,9,16,0,22,11.5997998046875,0
2019,9,16,0,22,13.3997998046875,0
2019,9,16,0,22,15.1497998046875,0
2019,9,16,0,22,16.8497998046875,0
2019,9,16,0,22,18.5497998046875,0
2019,9,16,0,22,20.2997998046875,0
2019,9,16,0,22,22.1497998046875,0
2019,9,16,0,22,23.9998000488281,0
2019,9,16,0,22,25.8497998046875,0
2019,9,16,0,22,27.6998000488281,0
2019,9,16,0,22,29.5497998046875,0
2019,9,16,0,22,31.3997998046875,0
2019,9,16,0,22,33.2498000488281,0
2019,9,16,0,22,35.0997998046875,0
2019,9,16,0,22,36.9498000488281,0
2019,9,16,0,22,38.7997998046875,0
2019,9,16,0,22,40.6497998046875,0
2019,9,16,0,22,42.4998000488281,0
2019,9,16,0,22,44.3497998046875,0
2019,9,16,0,22,46.1998000488281,0
2019,9,16,0,22,48.0497998046875,0
2019,9,16,0,22,49.8997998046875,0
2019,9,16,0,22,51.7498000488281,0
2019,9,16,0,22,53.5997998046875,0
2019,9,16,0,22,55.4498000488281,0
2019,9,16,0,22,57.2997998046875,0
2019,9,16,0,22,59.1497998046875,0
2019,9,16,0,23,0.999800048828125,0
2019,9,16,0,23,2.8497998046875,0
2019,9,16,0,23,4.69980004882813,0
2019,9,16,0,23,6.5497998046875,0
2019,9,16,0,23,8.3997998046875,0
2019,9,16,0,23,10.2498000488281,0
2019,9,16,0,23,12.0997998046875,0
2019,9,16,0,23,13.9998000488281,0
2019,9,16,0,23,15.8997998046875,0
2019,9,16,0,23,17.8497998046875,0
2019,9,16,0,23,19.7997998046875,0
2019,9,16,0,23,21.7498000488281,0
2019,9,16,0,23,23.6998000488281,0
2019,9,16,0,23,25.5497998046875,0
2019,9,16,0,23,27.3997998046875,0
2019,9,16,0,23,29.2498000488281,0
2019,9,16,0,23,31.0997998046875,0
2019,9,16,0,23,32.9498000488281,0
2019,9,16,2,24,26.9498000488281,1
2019,9,16,2,24,28.7997998046875,1
2019,9,16,2,24,30.6497998046875,1
2019,9,16,2,24,32.4998000488281,1
2019,9,16,2,24,34.3497998046875,1
2019,9,16,2,24,36.1998000488281,1
2019,9,16,2,24,38.0497998046875,1
2019,9,16,2,24,39.8997998046875,1
2019,9,16,2,24,41.7498000488281,1
2019,9,16,2,24,43.5497998046875,1
2019,9,16,2,24,45.3997998046875,1
2019,9,16,2,24,47.1998000488281,1
2019,9,16,2,24,48.9998000488281,1
2019,9,16,2,24,50.7997998046875,1
2019,9,16,2,24,52.5497998046875,1
2019,9,16,2,24,54.3497998046875,1
2019,9,16,2,24,56.1998000488281,1
2019,9,16,2,24,57.9998000488281,1
2019,9,16,2,24,59.8497998046875,1
2019,9,16,2,25,1.6497998046875,1
2019,9,16,2,25,3.49980004882813,1
2019,9,16,2,25,5.3497998046875,1
2019,9,16,2,25,7.19980004882813,1
2019,9,16,2,25,9.0497998046875,1
2019,9,16,2,25,10.8497998046875,1
2019,9,16,2,25,12.6998000488281,1
2019,9,16,2,25,14.5497998046875,1
2019,9,16,2,25,16.3997998046875,1
2019,9,16,2,25,18.2498000488281,1
2019,9,16,2,25,20.0997998046875,1
2019,9,16,2,25,21.9498000488281,1
2019,9,16,2,25,23.7498000488281,1
2019,9,16,2,25,25.5997998046875,1
2019,9,16,2,25,27.4498000488281,1
2019,9,16,2,25,29.2997998046875,1
2019,9,16,2,25,31.1497998046875,1
2019,9,16,2,25,32.9998000488281,1
2019,9,16,2,25,34.8497998046875,1
2019,9,16,2,25,36.6998000488281,1
2019,9,16,2,25,38.5497998046875,1
2019,9,16,2,25,40.3997998046875,1
2019,9,16,2,25,42.2498000488281,1
2019,9,16,2,25,44.0997998046875,1
2019,9,16,2,25,45.9498000488281,1
2019,9,16,2,25,47.7997998046875,1
2019,9,16,2,25,49.6497998046875,1
2019,9,16,2,25,51.5497998046875,1
2019,9,16,2,25,53.3997998046875,1
2019,9,16,2,25,55.2498000488281,1
2019,9,16,2,25,57.0997998046875,1
2019,9,16,2,25,58.9498000488281,1
2019,9,16,2,26,0.7997998046875,1
2019,9,16,2,26,2.6497998046875,1
2019,9,16,2,26,4.49980004882813,1
2019,9,16,2,26,6.3997998046875,1
2019,9,16,2,26,8.24980004882812,0
2019,9,16,2,26,10.0997998046875,0
2019,9,16,2,26,11.9498000488281,0
2019,9,16,2,26,13.7997998046875,0
2019,9,16,2,26,15.6497998046875,0
2019,9,16,2,26,17.4998000488281,0
2019,9,16,2,26,19.3497998046875,0
2019,9,16,2,26,21.1998000488281,0
2019,9,16,2,26,23.0497998046875,0
2019,9,16,2,26,24.8997998046875,0
2019,9,16,2,26,26.7498000488281,0
2019,9,16,2,26,28.5997998046875,0
2019,9,16,2,26,30.4498000488281,0
2019,9,16,2,26,32.2997998046875,0
2019,9,16,2,26,34.1998000488281,0
2019,9,16,2,26,36.2498000488281,0
2019,9,16,2,26,38.2997998046875,0
2019,9,16,2,26,40.1998000488281,0
2019,9,16,2,26,42.0997998046875,0
2019,9,16,2,26,43.9498000488281,0
2019,9,16,2,26,45.7498000488281,0
2019,9,16,2,26,47.5997998046875,0
2019,9,16,2,26,49.4498000488281,0
2019,9,16,2,26,51.2997998046875,0
2019,9,16,2,26,53.1497998046875,0
2019,9,16,2,26,54.9998000488281,0
2019,9,16,2,26,56.8497998046875,0
2019,9,16,2,26,58.6497998046875,0
2019,9,16,2,27,0.3997998046875,0
2019,9,16,2,27,2.0497998046875,0
2019,9,16,2,27,3.74980004882813,0
2019,9,16,2,27,5.5997998046875,0
2019,9,16,2,27,7.44980004882813,0
2019,9,16,2,27,9.3497998046875,0
2019,9,16,2,27,11.1998000488281,0
2019,9,16,2,27,13.0497998046875,0
2019,9,16,2,27,14.8497998046875,0
2019,9,16,2,27,16.7498000488281,0
2019,9,16,2,27,18.6497998046875,0
2019,9,16,2,27,20.4998000488281,0
2019,9,16,2,27,22.2997998046875,0
2019,9,16,2,27,24.1497998046875,0
2019,9,16,2,27,25.9998000488281,0
2019,9,16,2,27,27.8497998046875,0
2019,9,16,2,27,29.7498000488281,0
2019,9,16,2,27,31.6497998046875,0
2019,9,16,2,27,33.4498000488281,0
2019,9,16,2,27,35.2997998046875,0
2019,9,16,2,27,37.0997998046875,0
2019,9,16,2,27,38.9498000488281,0
2019,9,16,2,27,40.7997998046875,0
2019,9,16,2,27,42.6497998046875,0
2019,9,16,2,27,44.4998000488281,0
2019,9,16,2,27,46.3497998046875,0
2019,9,16,2,30,41.7498000488281,0
2019,9,16,2,30,43.5997998046875,0
2019,9,16,2,30,45.4498000488281,0
2019,9,16,2,30,47.2997998046875,0
2019,9,16,2,30,49.1497998046875,0
2019,9,16,2,30,50.9998000488281,0
2019,9,16,2,30,52.8497998046875,0
2019,9,16,2,30,54.6497998046875,0
2019,9,16,2,30,56.4998000488281,0
2019,9,16,2,30,58.2997998046875,0
2019,9,16,2,31,0.0997998046875,0
2019,9,16,2,31,1.8997998046875,0
2019,9,16,2,31,3.74980004882813,0
2019,9,16,2,31,5.5497998046875,0
2019,9,16,2,31,7.3997998046875,0
2019,9,16,2,31,9.19980004882813,0
2019,9,16,2,31,11.0497998046875,0
2019,9,16,2,31,12.8997998046875,0
2019,9,16,2,31,14.6998000488281,0
2019,9,16,2,31,16.5497998046875,0
2019,9,16,2,31,18.3997998046875,0
2019,9,16,2,31,20.1998000488281,0
2019,9,16,2,31,22.0497998046875,0
2019,9,16,2,31,23.8997998046875,0
2019,9,16,2,31,25.7498000488281,0
2019,9,16,2,31,27.5997998046875,0
2019,9,16,2,31,29.3997998046875,0
2019,9,16,2,31,31.2498000488281,0
2019,9,16,2,31,33.0997998046875,0
2019,9,16,2,31,34.9498000488281,0
2019,9,16,2,31,36.7997998046875,0
2019,9,16,2,31,38.6497998046875,0
2019,9,16,2,31,40.4998000488281,0
2019,9,16,2,31,42.3497998046875,0
2019,9,16,2,31,44.1998000488281,0
2019,9,16,2,31,46.0497998046875,0
2019,9,16,2,31,47.8997998046875,0
2019,9,16,2,31,49.7498000488281,0
2019,9,16,2,31,51.5997998046875,0
2019,9,16,2,31,53.4498000488281,0
2019,9,16,2,31,55.2997998046875,0
2019,9,16,2,31,57.1497998046875,0
2019,9,16,2,31,58.9498000488281,0
2019,9,16,2,32,0.7997998046875,0
2019,9,16,2,32,2.6497998046875,0
2019,9,16,2,32,4.49980004882813,0
2019,9,16,2,32,6.3497998046875,0
2019,9,16,2,32,8.19980004882813,0
2019,9,16,2,32,10.0497998046875,0
2019,9,16,2,32,11.8997998046875,0
2019,9,16,2,32,13.7498000488281,0
2019,9,16,2,32,15.5997998046875,0
2019,9,16,2,32,17.4498000488281,0
2019,9,16,2,32,19.2498000488281,0
2019,9,16,2,32,21.1497998046875,0
2019,9,16,2,32,22.9998000488281,0
2019,9,16,2,32,24.8497998046875,0
2019,9,16,2,32,26.6998000488281,0
2019,9,16,2,32,28.5497998046875,0
2019,9,16,2,32,30.3997998046875,0
2019,9,16,2,32,32.2498000488281,0
2019,9,16,2,32,34.0997998046875,0
2019,9,16,2,32,35.9498000488281,0
2019,9,16,2,32,37.7997998046875,0
2019,9,16,2,32,39.6497998046875,0
2019,9,16,2,32,41.4998000488281,0
2019,9,16,2,32,43.3497998046875,0
2019,9,16,2,32,45.1998000488281,0
2019,9,16,2,32,47.0497998046875,0
2019,9,16,2,32,48.8997998046875,0
2019,9,16,2,32,50.7498000488281,0
2019,9,16,2,32,52.5997998046875,0
2019,9,16,2,32,54.4498000488281,0
2019,9,16,2,32,56.2997998046875,0
2019,9,16,2,32,58.1497998046875,0
2019,9,16,2,32,59.9998000488281,0
2019,9,16,2,33,1.8497998046875,0
2019,9,16,2,33,3.69980004882812,0
2019,9,16,2,33,5.5497998046875,0
2019,9,16,2,33,7.3997998046875,0
2019,9,16,2,33,9.24980004882812,0
2019,9,16,2,33,11.0997998046875,0
2019,9,16,2,33,12.9498000488281,0
2019,9,16,2,33,14.7997998046875,0
2019,9,16,2,33,16.6497998046875,0
2019,9,16,2,33,18.4998000488281,0
2019,9,16,2,33,20.3497998046875,0
2019,9,16,2,33,22.1998000488281,0
2019,9,16,2,33,24.0497998046875,0
2019,9,16,2,33,25.8997998046875,0
2019,9,16,2,33,27.7498000488281,0
2019,9,16,2,33,29.5997998046875,0
2019,9,16,2,33,31.4498000488281,0
2019,9,16,2,33,33.2997998046875,0
2019,9,16,2,33,35.1497998046875,0
2019,9,16,2,33,36.9998000488281,0
2019,9,16,2,33,38.8497998046875,0
2019,9,16,2,33,40.6998000488281,0
2019,9,16,2,33,42.5497998046875,0
2019,9,16,2,33,44.3997998046875,0
2019,9,16,2,33,46.2498000488281,0
2019,9,16,2,33,48.0997998046875,0
2019,9,16,2,33,49.9498000488281,0
2019,9,16,2,33,51.7997998046875,0
2019,9,16,2,33,53.6497998046875,0
2019,9,16,2,33,55.4998000488281,0
2019,9,16,2,33,57.3497998046875,0
2019,9,16,2,33,59.1998000488281,0
2019,9,16,2,34,1.0497998046875,0
2019,9,16,2,34,2.8997998046875,0
2019,9,16,2,34,4.74980004882813,0
2019,9,16,2,34,6.5997998046875,0
2019,9,16,2,34,8.44980004882813,0
2019,9,16,2,34,10.2997998046875,0
2019,9,16,2,34,12.1497998046875,0
2019,9,16,2,34,13.9998000488281,0
2019,9,16,2,34,15.8497998046875,0
2019,9,16,2,34,17.6998000488281,0
2019,9,16,2,34,19.5497998046875,0
2019,9,16,2,34,21.3997998046875,0
2019,9,16,2,34,23.2498000488281,0
2019,9,16,2,34,25.0997998046875,0
2019,9,16,2,34,26.9498000488281,0
2019,9,16,2,34,28.7997998046875,0
2019,9,16,2,34,30.6497998046875,0
2019,9,16,2,34,32.4998000488281,0
2019,9,16,2,34,34.3497998046875,0
2019,9,16,2,34,36.1998000488281,0
2019,9,16,2,34,38.0497998046875,0
2019,9,16,2,34,39.8997998046875,0
2019,9,16,2,34,41.7498000488281,0
2019,9,16,2,34,43.5997998046875,0
2019,9,16,2,34,45.4498000488281,0
2019,9,16,2,34,47.2997998046875,0
2019,9,16,2,34,49.1497998046875,0
2019,9,16,2,34,50.9998000488281,0
2019,9,16,2,34,52.8497998046875,0
2019,9,16,2,34,54.6998000488281,0
2019,9,16,2,34,56.5497998046875,0
2019,9,16,2,34,58.3997998046875,0
2019,9,16,2,35,0.249800048828125,0
2019,9,16,2,35,2.0997998046875,0
2019,9,16,2,35,3.94980004882812,0
2019,9,16,2,35,5.7997998046875,0
2019,9,16,2,35,7.6497998046875,0
2019,9,16,2,35,9.49980004882812,0
2019,9,16,2,35,11.3497998046875,0
2019,9,16,2,35,13.1998000488281,0
2019,9,16,2,35,15.0497998046875,0
2019,9,16,2,35,16.8997998046875,0
2019,9,16,2,35,18.7498000488281,0
2019,9,16,2,35,20.5997998046875,0
2019,9,16,2,35,22.4498000488281,0
2019,9,16,2,35,24.2997998046875,0
2019,9,16,2,35,26.1497998046875,0
2019,9,16,2,35,27.9998000488281,0
2019,9,16,2,35,29.8497998046875,0
2019,9,16,2,35,31.6998000488281,0
2019,9,16,2,35,33.5497998046875,0
2019,9,16,2,35,35.3997998046875,0
2019,9,16,2,35,37.2498000488281,0
2019,9,16,2,35,39.0997998046875,0
2019,9,16,2,35,40.9498000488281,0
2019,9,16,2,35,42.7997998046875,0
2019,9,16,2,35,44.6497998046875,0
2019,9,16,2,35,46.4998000488281,0
2019,9,16,2,35,48.3497998046875,0
2019,9,16,2,35,50.1998000488281,0
2019,9,16,2,35,52.0497998046875,0
2019,9,16,2,35,53.8997998046875,0
2019,9,16,2,35,55.7498000488281,0
2019,9,16,2,35,57.5997998046875,0
2019,9,16,2,35,59.4498000488281,0
2019,9,16,2,36,1.2997998046875,0
2019,9,16,2,36,3.1497998046875,0
2019,9,16,2,36,4.99980004882813,0
2019,9,16,2,36,6.8497998046875,0
2019,9,16,2,36,8.69980004882813,0
2019,9,16,2,36,10.5497998046875,0
2019,9,16,2,36,12.3997998046875,0
2019,9,16,2,36,14.2498000488281,0
2019,9,16,2,36,16.0997998046875,0
2019,9,16,2,36,17.9498000488281,0
2019,9,16,2,36,19.7997998046875,0
2019,9,16,2,36,21.6497998046875,0
2019,9,16,2,36,23.4998000488281,0
2019,9,16,2,36,25.3497998046875,0
2019,9,16,2,36,27.1998000488281,0
2019,9,16,2,36,29.0497998046875,0
2019,9,16,2,36,30.8997998046875,0
2019,9,16,2,36,32.7498000488281,0
2019,9,16,2,36,34.5997998046875,0
2019,9,16,2,36,36.4498000488281,0
2019,9,16,2,36,38.2997998046875,0
2019,9,16,2,36,40.1497998046875,0
2019,9,16,2,36,41.9998000488281,0
2019,9,16,2,36,43.8497998046875,0
2019,9,16,2,36,45.6998000488281,0
2019,9,16,2,36,47.5497998046875,0
2019,9,16,2,36,49.3997998046875,0
2019,9,16,2,36,51.2498000488281,0
2019,9,16,2,36,53.0997998046875,0
2019,9,16,2,36,54.9498000488281,0
2019,9,16,2,36,56.7997998046875,0
2019,9,16,2,36,58.6497998046875,0
2019,9,16,2,37,0.499800048828125,0
2019,9,16,2,37,2.3497998046875,0
2019,9,16,2,37,4.19980004882813,0
2019,9,16,2,37,6.0497998046875,0
2019,9,16,2,37,7.8997998046875,0
2019,9,16,2,37,9.74980004882812,0
2019,9,16,2,37,11.5997998046875,0
2019,9,16,2,37,13.4498000488281,0
2019,9,16,2,37,15.2997998046875,0
2019,9,16,2,37,17.1497998046875,0
2019,9,16,2,37,18.9998000488281,0
2019,9,16,2,37,20.8497998046875,0
2019,9,16,2,37,22.6998000488281,0
2019,9,16,2,37,24.5497998046875,0
2019,9,16,2,37,26.3997998046875,0
2019,9,16,2,37,28.2498000488281,0
2019,9,16,2,37,30.0997998046875,0
2019,9,16,2,37,32.0497998046875,0
2019,9,16,2,37,34.0997998046875,0
2019,9,16,2,37,36.0997998046875,0
2019,9,16,2,37,38.0497998046875,0
2019,9,16,2,37,39.8997998046875,0
2019,9,16,2,37,41.7498000488281,0
2019,9,16,2,37,43.5997998046875,0
2019,9,16,2,37,45.4498000488281,0
2019,9,16,2,37,47.2997998046875,0
2019,9,16,2,37,49.1497998046875,0
2019,9,16,2,37,50.9998000488281,0
2019,9,16,2,37,52.8497998046875,0
2019,9,16,2,37,54.6998000488281,0
2019,9,16,2,37,56.5497998046875,0
2019,9,16,2,37,58.3997998046875,0
2019,9,16,2,38,0.249800048828125,0
2019,9,16,2,38,2.0997998046875,0
2019,9,16,2,38,3.94980004882812,0
2019,9,16,2,38,5.7997998046875,0
2019,9,16,2,38,7.6497998046875,0
2019,9,16,2,38,9.49980004882812,0
2019,9,16,2,38,11.3497998046875,0
2019,9,16,2,38,13.1998000488281,0
2019,9,16,2,38,15.0497998046875,0
2019,9,16,2,38,16.8997998046875,0
2019,9,16,2,38,18.7498000488281,0
2019,9,16,2,38,20.5997998046875,0
2019,9,16,2,38,22.4498000488281,0
2019,9,16,2,38,24.2997998046875,0
2019,9,16,2,38,26.1497998046875,0
2019,9,16,2,38,27.9998000488281,0
2019,9,16,2,38,29.8497998046875,0
2019,9,16,2,38,31.6998000488281,0
2019,9,16,2,38,33.5497998046875,0
2019,9,16,2,38,35.3997998046875,0
2019,9,16,2,38,37.1998000488281,0
2019,9,16,2,38,39.0497998046875,0
2019,9,16,2,38,40.8997998046875,0
2019,9,16,2,38,42.7997998046875,0
2019,9,16,2,38,44.6497998046875,0
2019,9,16,2,38,46.4998000488281,0
2019,9,16,2,38,48.3497998046875,0
2019,9,16,2,38,50.1998000488281,0
2019,9,16,2,38,52.0497998046875,0
2019,9,16,2,38,53.8997998046875,0
2019,9,16,2,38,55.7498000488281,0
2019,9,16,2,38,57.5997998046875,0
2019,9,16,2,38,59.3997998046875,0
2019,9,16,2,39,1.24980004882813,0
2019,9,16,2,39,3.0997998046875,0
2019,9,16,2,39,4.8997998046875,0
2019,9,16,2,39,6.6497998046875,0
2019,9,16,2,39,8.44980004882813,0
2019,9,16,2,39,10.2498000488281,0
2019,9,16,2,39,12.0497998046875,0
2019,9,16,2,39,13.8497998046875,0
2019,9,16,2,39,15.6998000488281,0
2019,9,16,2,39,17.4998000488281,0
2019,9,16,2,39,19.3497998046875,0
2019,9,16,2,39,21.1998000488281,0
2019,9,16,2,39,23.0497998046875,0
2019,9,16,2,39,24.8497998046875,0
2019,9,16,2,39,26.6998000488281,0
2019,9,16,2,39,28.5497998046875,0
2019,9,16,2,39,30.3997998046875,0
2019,9,16,2,39,32.2498000488281,0
2019,9,16,2,39,34.0997998046875,0
2019,9,16,2,39,35.8997998046875,0
2019,9,16,2,39,37.7498000488281,0
2019,9,16,2,39,39.5497998046875,0
2019,9,16,2,39,41.3497998046875,0
2019,9,16,2,39,43.1497998046875,0
2019,9,16,2,39,44.9498000488281,0
2019,9,16,2,39,46.7498000488281,0
2019,9,16,2,39,48.5997998046875,0
2019,9,16,2,39,50.4498000488281,0
2019,9,16,2,39,52.2498000488281,0
2019,9,16,2,39,54.0997998046875,0
2019,9,16,2,39,55.9498000488281,0
2019,9,16,2,39,57.7997998046875,0
2019,9,16,2,39,59.6497998046875,0
2019,9,16,2,40,1.49980004882813,0
2019,9,16,2,40,3.3497998046875,0
2019,9,16,2,40,5.24980004882813,0
2019,9,16,2,40,7.0997998046875,0
2019,9,16,2,40,8.94980004882813,0
2019,9,16,2,40,10.7997998046875,0
2019,9,16,2,40,12.6497998046875,0
2019,9,16,2,40,14.4998000488281,0
2019,9,16,2,40,16.3497998046875,0
2019,9,16,2,40,18.2498000488281,0
2019,9,16,2,40,20.0997998046875,0
2019,9,16,2,40,21.9498000488281,0
2019,9,16,2,40,23.7997998046875,0
2019,9,16,2,40,25.6497998046875,0
2019,9,16,2,40,27.4998000488281,0
2019,9,16,2,40,29.3997998046875,0
2019,9,16,2,40,31.2498000488281,0
2019,9,16,2,40,33.0997998046875,0
2019,9,16,2,40,34.9498000488281,0
2019,9,16,2,40,36.7997998046875,0
2019,9,16,2,40,38.6998000488281,0
2019,9,16,2,40,40.5497998046875,0
2019,9,16,2,40,42.3997998046875,0
2019,9,16,2,40,44.2498000488281,0
2019,9,16,2,40,46.0997998046875,0
2019,9,16,2,40,47.8497998046875,0
2019,9,16,2,40,49.6998000488281,0
2019,9,16,2,40,51.4998000488281,0
2019,9,16,2,40,53.3497998046875,0
2019,9,16,2,40,55.2498000488281,0
2019,9,16,2,40,57.1497998046875,0
2019,9,16,2,40,59.0497998046875,0
2019,9,16,2,41,0.949800048828125,0
2019,9,16,2,41,2.7997998046875,0
2019,9,16,2,41,4.6497998046875,0
2019,9,16,2,41,6.49980004882813,0
2019,9,16,2,41,8.3497998046875,0
2019,9,16,2,41,10.1998000488281,0
2019,9,16,2,41,12.0497998046875,0
2019,9,16,2,41,13.8997998046875,0
2019,9,16,2,41,15.7997998046875,0
2019,9,16,2,41,17.6497998046875,0
2019,9,16,2,41,19.4998000488281,0
2019,9,16,2,41,21.3497998046875,0
2019,9,16,2,41,23.1998000488281,0
2019,9,16,2,41,25.0497998046875,0
2019,9,16,2,41,26.8997998046875,0
2019,9,16,2,41,28.7498000488281,0
2019,9,16,2,41,30.5997998046875,0
2019,9,16,2,41,32.4498000488281,0
2019,9,16,2,41,34.2997998046875,0
2019,9,16,2,41,36.1497998046875,0
2019,9,16,2,41,37.9998000488281,0
2019,9,16,2,41,39.8497998046875,0
2019,9,16,2,41,41.6998000488281,0
2019,9,16,2,41,43.5497998046875,0
2019,9,16,2,41,45.3997998046875,0
2019,9,16,2,41,47.2498000488281,0
2019,9,16,2,41,49.0997998046875,0
2019,9,16,2,41,50.9498000488281,0
2019,9,16,2,41,52.7997998046875,0
2019,9,16,2,41,54.6497998046875,0
2019,9,16,2,41,56.4998000488281,0
2019,9,16,2,41,58.3497998046875,0
2019,9,16,2,42,0.199800048828125,0
2019,9,16,2,42,2.0497998046875,0
2019,9,16,2,42,3.8997998046875,0
2019,9,16,2,42,5.74980004882813,0
2019,9,16,2,42,7.5997998046875,0
2019,9,16,2,42,9.44980004882813,0
2019,9,16,2,42,11.2997998046875,0
2019,9,16,2,42,13.1497998046875,0
2019,9,16,2,42,14.9998000488281,0
2019,9,16,2,42,16.8497998046875,0
2019,9,16,2,42,18.6998000488281,0
2019,9,16,2,42,20.5497998046875,0
2019,9,16,2,42,22.3997998046875,0
2019,9,16,2,42,24.2498000488281,0
2019,9,16,2,42,26.0997998046875,0
2019,9,16,2,42,27.9498000488281,0
2019,9,16,2,42,29.7997998046875,0
2019,9,16,2,42,31.6497998046875,0
2019,9,16,2,42,33.4998000488281,0
2019,9,16,2,42,35.3497998046875,0
2019,9,16,2,42,37.1998000488281,0
2019,9,16,2,42,39.0497998046875,0
2019,9,16,2,42,43.2498000488281,0
2019,9,16,2,42,45.0997998046875,0
2019,9,16,2,42,46.9498000488281,0
2019,9,16,2,42,48.7997998046875,0
2019,9,16,2,42,50.6497998046875,0
2019,9,16,2,42,52.4998000488281,0
2019,9,16,2,42,54.3497998046875,0
2019,9,16,2,42,56.1998000488281,0
2019,9,16,2,42,58.0497998046875,0
2019,9,16,2,42,59.8997998046875,0
2019,9,16,2,43,1.74980004882813,0
2019,9,16,2,43,3.5997998046875,0
2019,9,16,2,43,5.44980004882813,0
2019,9,16,2,43,7.2997998046875,0
2019,9,16,2,43,9.1497998046875,0
2019,9,16,2,43,10.9998000488281,0
2019,9,16,2,43,12.8497998046875,0
2019,9,16,2,43,14.6998000488281,0
2019,9,16,2,43,16.5497998046875,0
2019,9,16,2,43,18.3997998046875,0
2019,9,16,2,43,20.2498000488281,0
2019,9,16,2,43,22.0997998046875,0
2019,9,16,2,43,23.9498000488281,0
2019,9,16,2,43,25.7997998046875,0
2019,9,16,2,43,27.6497998046875,0
2019,9,16,2,43,29.4998000488281,0
2019,9,16,2,43,31.3497998046875,0
2019,9,16,2,43,33.1998000488281,0
2019,9,16,2,43,35.0497998046875,0
2019,9,16,2,43,36.8997998046875,0
2019,9,16,2,43,38.7498000488281,0
2019,9,16,2,43,40.5997998046875,0
2019,9,16,2,43,42.4498000488281,0
2019,9,16,2,43,44.2997998046875,0
2019,9,16,2,43,46.1497998046875,0
2019,9,16,2,43,47.9998000488281,0
2019,9,16,2,43,49.8497998046875,0
2019,9,16,2,43,51.6998000488281,0
2019,9,16,2,43,53.5497998046875,0
2019,9,16,2,43,55.3997998046875,0
2019,9,16,2,43,57.2498000488281,0
2019,9,16,2,43,59.0997998046875,0
2019,9,16,2,44,0.949800048828125,0
2019,9,16,2,44,2.7997998046875,0
2019,9,16,2,44,4.6497998046875,0
2019,9,16,2,44,6.49980004882813,0
2019,9,16,2,44,8.3497998046875,0
2019,9,16,2,44,10.1998000488281,0
2019,9,16,2,44,12.0497998046875,0
2019,9,16,2,44,13.8997998046875,0
2019,9,16,2,44,15.7498000488281,0
2019,9,16,2,44,17.5997998046875,0
2019,9,16,2,44,19.4498000488281,0
2019,9,16,2,44,21.2997998046875,0
2019,9,16,2,44,23.1497998046875,0
2019,9,16,2,44,24.9998000488281,0
2019,9,16,2,44,26.8997998046875,0
2019,9,16,2,44,28.8997998046875,0
2019,9,16,2,44,30.9498000488281,0
2019,9,16,2,44,32.8997998046875,0
2019,9,16,2,44,34.7997998046875,0
2019,9,16,2,44,36.6497998046875,0
2019,9,16,2,44,38.4998000488281,0
2019,9,16,2,44,40.2997998046875,0
2019,9,16,2,44,42.1497998046875,0
2019,9,16,2,44,43.9998000488281,0
2019,9,16,2,44,45.8497998046875,0
2019,9,16,2,44,47.6998000488281,0
2019,9,16,2,44,49.5497998046875,0
2019,9,16,2,44,51.3997998046875,0
2019,9,16,2,44,53.2498000488281,0
2019,9,16,2,44,55.0997998046875,0
2019,9,16,2,44,56.8997998046875,0
2019,9,16,2,44,58.7498000488281,0
2019,9,16,2,45,0.5497998046875,0
2019,9,16,2,45,2.3497998046875,0
2019,9,16,2,45,4.1497998046875,0
2019,9,16,2,45,5.94980004882813,0
2019,9,16,2,45,7.74980004882813,0
2019,9,16,2,45,9.5997998046875,0
2019,9,16,2,45,11.3997998046875,0
2019,9,16,2,45,13.2498000488281,0
2019,9,16,2,45,15.0497998046875,0
2019,9,16,2,45,16.8997998046875,0
2019,9,16,2,45,18.7498000488281,0
2019,9,16,2,45,20.5497998046875,0
2019,9,16,2,45,22.3997998046875,0
2019,9,16,2,45,24.2498000488281,0
2019,9,16,2,45,26.0997998046875,0
2019,9,16,2,45,27.9498000488281,0
2019,9,16,2,45,29.7997998046875,0
2019,9,16,2,45,31.5997998046875,0
2019,9,16,2,45,33.4498000488281,0
2019,9,16,2,45,35.2997998046875,0
2019,9,16,2,45,37.1497998046875,0
2019,9,16,2,45,38.9998000488281,0
2019,9,16,2,45,40.8497998046875,0
2019,9,16,2,45,42.6998000488281,0
2019,9,16,2,45,44.5497998046875,0
2019,9,16,2,45,46.3497998046875,0
2019,9,16,2,45,48.1998000488281,0
2019,9,16,2,45,50.0497998046875,0
2019,9,16,2,45,51.8997998046875,0
2019,9,16,2,45,53.7498000488281,0
2019,9,16,2,45,55.5997998046875,0
2019,9,16,2,45,57.4498000488281,0
2019,9,16,2,45,59.2997998046875,0
2019,9,16,2,46,1.1497998046875,0
2019,9,16,2,46,2.99980004882813,0
2019,9,16,2,46,4.8497998046875,0
2019,9,16,2,46,6.69980004882813,0
2019,9,16,2,46,8.5497998046875,0
2019,9,16,2,46,10.3997998046875,0
2019,9,16,2,46,12.2498000488281,0
2019,9,16,2,46,14.0997998046875,0
2019,9,16,2,46,15.9498000488281,0
2019,9,16,2,46,17.7997998046875,0
2019,9,16,2,46,19.6497998046875,0
2019,9,16,2,46,21.4998000488281,0
2019,9,16,2,46,23.3497998046875,0
2019,9,16,2,46,25.1998000488281,0
2019,9,16,2,46,27.0497998046875,0
2019,9,16,2,46,28.9498000488281,0
2019,9,16,2,46,30.7997998046875,0
2019,9,16,2,46,32.6497998046875,0
2019,9,16,2,46,34.4998000488281,0
2019,9,16,2,46,36.3497998046875,0
2019,9,16,2,46,38.1998000488281,0
2019,9,16,2,46,40.0497998046875,0
2019,9,16,2,46,41.8997998046875,0
2019,9,16,2,46,43.7498000488281,0
2019,9,16,2,46,45.5997998046875,0
2019,9,16,2,46,47.4498000488281,0
2019,9,16,2,46,49.2997998046875,0
2019,9,16,2,46,51.1497998046875,0
2019,9,16,2,46,52.9998000488281,0
2019,9,16,2,46,54.8497998046875,0
2019,9,16,2,46,56.6998000488281,0
2019,9,16,2,46,58.5497998046875,0
2019,9,16,2,47,0.3997998046875,0
2019,9,16,2,47,2.24980004882813,0
2019,9,16,2,47,4.0997998046875,0
2019,9,16,2,47,5.94980004882813,0
2019,9,16,2,47,7.7997998046875,0
2019,9,16,2,47,9.6497998046875,0
2019,9,16,2,47,11.4998000488281,0
2019,9,16,2,47,13.3497998046875,0
2019,9,16,2,47,15.1998000488281,0
2019,9,16,2,47,17.0497998046875,0
2019,9,16,2,47,18.8997998046875,0
2019,9,16,2,47,20.7498000488281,0
2019,9,16,2,47,22.5997998046875,0
2019,9,16,2,47,24.4498000488281,0
2019,9,16,2,47,26.2997998046875,0
2019,9,16,2,47,28.1497998046875,0
2019,9,16,2,47,29.9998000488281,0
2019,9,16,2,47,31.8497998046875,0
2019,9,16,2,47,33.6998000488281,0
2019,9,16,2,47,35.5497998046875,0
2019,9,16,2,47,37.3997998046875,0
2019,9,16,2,47,39.2498000488281,0
2019,9,16,2,47,41.0997998046875,0
2019,9,16,2,47,42.9498000488281,0
2019,9,16,2,47,44.7997998046875,0
2019,9,16,2,47,46.6497998046875,0
2019,9,16,2,47,48.4998000488281,0
2019,9,16,2,47,50.3497998046875,0
2019,9,16,2,47,52.1998000488281,0
2019,9,16,2,47,54.0497998046875,0
2019,9,16,2,47,55.8997998046875,0
2019,9,16,2,47,57.7498000488281,0
2019,9,16,2,47,59.5997998046875,0
2019,9,16,2,48,1.44980004882813,0
2019,9,16,2,48,3.2997998046875,0
2019,9,16,2,48,5.1497998046875,0
2019,9,16,2,48,6.99980004882813,0
2019,9,16,2,48,8.8497998046875,0
2019,9,16,2,48,10.6998000488281,0
2019,9,16,2,48,12.5497998046875,0
2019,9,16,2,48,14.3997998046875,0
2019,9,16,2,48,16.2498000488281,0
2019,9,16,2,48,18.0997998046875,0
2019,9,16,2,48,19.9498000488281,0
2019,9,16,2,48,21.7997998046875,0
2019,9,16,2,48,23.6497998046875,0
2019,9,16,2,48,25.4998000488281,0
2019,9,16,2,48,27.3497998046875,0
2019,9,16,2,48,29.1998000488281,0
2019,9,16,2,48,31.0497998046875,0
2019,9,16,2,48,32.8997998046875,0
2019,9,16,2,48,34.7498000488281,0
2019,9,16,2,48,36.5997998046875,0
2019,9,16,2,48,38.4498000488281,0
2019,9,16,2,48,40.2997998046875,0
2019,9,16,2,48,42.1497998046875,0
2019,9,16,2,48,43.9998000488281,0
2019,9,16,2,48,45.8497998046875,0
2019,9,16,2,48,47.6998000488281,0
2019,9,16,2,48,49.5497998046875,0
2019,9,16,2,48,51.3997998046875,0
2019,9,16,2,48,53.2498000488281,0
2019,9,16,2,48,55.0997998046875,0
2019,9,16,2,48,56.9498000488281,0
2019,9,16,2,48,58.7997998046875,0
2019,9,16,2,49,0.6497998046875,0
2019,9,16,2,49,2.49980004882813,0
2019,9,16,2,49,4.3497998046875,0
2019,9,16,2,49,6.19980004882813,0
2019,9,16,2,49,8.0497998046875,0
2019,9,16,2,49,9.8997998046875,0
2019,9,16,2,49,11.7498000488281,0
2019,9,16,2,49,13.5997998046875,0
2019,9,16,2,49,15.4498000488281,0
2019,9,16,2,49,17.2997998046875,0
2019,9,16,2,49,19.1497998046875,0
2019,9,16,2,49,20.9998000488281,0
2019,9,16,2,49,22.8497998046875,0
2019,9,16,2,49,24.6998000488281,0
2019,9,16,2,49,26.5497998046875,0
2019,9,16,2,49,28.3997998046875,0
2019,9,16,2,49,30.2498000488281,0
2019,9,16,2,49,32.0997998046875,0
2019,9,16,2,49,33.9498000488281,0
2019,9,16,2,49,35.7997998046875,0
2019,9,16,2,49,37.6497998046875,0
2019,9,16,2,49,39.4998000488281,0
2019,9,16,2,49,41.3497998046875,0
2019,9,16,2,49,43.1998000488281,0
2019,9,16,2,49,45.0497998046875,0
2019,9,16,2,49,46.8997998046875,0
2019,9,16,2,49,48.7498000488281,0
2019,9,16,2,49,50.5997998046875,0
2019,9,16,2,49,52.4498000488281,0
2019,9,16,2,49,54.2997998046875,0
2019,9,16,2,49,56.1497998046875,0
2019,9,16,2,49,57.9998000488281,0
2019,9,16,2,49,59.8497998046875,0
2019,9,16,2,50,1.69980004882812,0
2019,9,16,2,50,3.5497998046875,0
2019,9,16,2,50,5.3997998046875,0
2019,9,16,2,50,7.24980004882813,0
2019,9,16,2,50,9.0997998046875,0
2019,9,16,2,50,10.9498000488281,0
2019,9,16,2,50,12.7997998046875,0
2019,9,16,2,50,14.6497998046875,0
2019,9,16,2,50,16.4998000488281,0
2019,9,16,2,50,18.3497998046875,0
2019,9,16,2,50,20.1998000488281,0
2019,9,16,2,50,22.0497998046875,0
2019,9,16,2,50,23.8997998046875,0
2019,9,16,2,50,25.7498000488281,0
2019,9,16,2,50,27.5997998046875,0
2019,9,16,2,50,29.4498000488281,0
2019,9,16,2,50,31.2997998046875,0
2019,9,16,2,50,33.1497998046875,0
2019,9,16,2,50,34.9998000488281,0
2019,9,16,2,50,36.8497998046875,0
2019,9,16,2,50,38.6998000488281,0
2019,9,16,2,50,40.5497998046875,0
2019,9,16,2,50,42.3997998046875,0
2019,9,16,2,50,44.2498000488281,0
2019,9,16,2,50,46.0997998046875,0
2019,9,16,2,50,47.9498000488281,0
2019,9,16,2,50,49.7997998046875,0
2019,9,16,2,50,51.6497998046875,0
2019,9,16,2,50,53.4998000488281,0
2019,9,16,2,50,55.3497998046875,0
2019,9,16,2,50,57.1998000488281,0
2019,9,16,2,50,59.0497998046875,0
2019,9,16,2,51,0.8997998046875,0
2019,9,16,2,51,2.74980004882813,0
2019,9,16,2,51,4.5997998046875,0
2019,9,16,2,51,6.44980004882813,0
2019,9,16,2,51,8.2997998046875,0
2019,9,16,2,51,10.1497998046875,0
2019,9,16,2,51,11.9998000488281,0
2019,9,16,2,51,13.8497998046875,0
2019,9,16,2,51,15.6998000488281,0
2019,9,16,2,51,17.5497998046875,0
2019,9,16,2,51,19.3997998046875,0
2019,9,16,2,51,21.2498000488281,0
2019,9,16,2,51,23.0997998046875,0
2019,9,16,2,51,24.9498000488281,0
2019,9,16,2,51,26.7997998046875,0
2019,9,16,2,51,28.6497998046875,0
2019,9,16,2,51,30.4998000488281,0
2019,9,16,2,51,32.3497998046875,0
2019,9,16,2,51,34.1998000488281,0
2019,9,16,2,51,36.0497998046875,0
2019,9,16,2,51,37.8997998046875,0
2019,9,16,2,51,39.7498000488281,0
2019,9,16,2,51,41.5997998046875,0
2019,9,16,2,51,43.4498000488281,0
2019,9,16,2,51,45.2997998046875,0
2019,9,16,2,51,47.1497998046875,0
2019,9,16,2,51,48.9998000488281,0
2019,9,16,2,51,50.8497998046875,0
2019,9,16,2,51,52.6998000488281,0
2019,9,16,2,51,54.5497998046875,0
2019,9,16,2,51,56.3997998046875,0
2019,9,16,2,51,58.2498000488281,0
2019,9,16,2,52,0.0997998046875,0
2019,9,16,2,52,1.94980004882812,0
2019,9,16,2,52,3.7997998046875,0
2019,9,16,2,52,5.6497998046875,0
2019,9,16,2,52,7.49980004882813,0
2019,9,16,2,52,9.3497998046875,0
2019,9,16,2,52,11.1998000488281,0
2019,9,16,2,52,13.0497998046875,0
2019,9,16,2,52,14.8997998046875,0
2019,9,16,2,52,16.7498000488281,0
2019,9,16,2,52,18.5997998046875,0
2019,9,16,2,52,20.4498000488281,0
2019,9,16,2,52,22.2997998046875,0
2019,9,16,2,52,24.1497998046875,0
2019,9,16,2,52,25.9998000488281,0
2019,9,16,2,52,27.8497998046875,0
2019,9,16,2,52,29.6998000488281,0
2019,9,16,2,52,31.5497998046875,0
2019,9,16,2,52,33.3997998046875,0
2019,9,16,2,52,35.2498000488281,0
2019,9,16,2,52,37.0997998046875,0
2019,9,16,2,52,38.9498000488281,0
2019,9,16,2,52,40.7997998046875,0
2019,9,16,2,52,42.6497998046875,0
2019,9,16,2,52,44.4998000488281,0
2019,9,16,2,52,46.3497998046875,0
2019,9,16,2,52,48.1998000488281,0
2019,9,16,2,52,50.0497998046875,0
2019,9,16,2,52,51.8997998046875,0
2019,9,16,2,52,53.7498000488281,0
2019,9,16,2,52,55.5997998046875,0
2019,9,16,2,52,57.4498000488281,0
2019,9,16,2,52,59.2997998046875,0
2019,9,16,2,53,1.1497998046875,0
2019,9,16,2,53,2.99980004882813,0
2019,9,16,2,53,4.8497998046875,0
2019,9,16,2,53,6.69980004882813,0
2019,9,16,2,53,8.5497998046875,0
2019,9,16,2,53,10.3997998046875,0
2019,9,16,2,53,12.2498000488281,0
2019,9,16,2,53,14.0997998046875,0
2019,9,16,2,53,15.9498000488281,0
2019,9,16,2,53,17.7997998046875,0
2019,9,16,2,53,19.6497998046875,0
2019,9,16,2,53,21.4998000488281,0
2019,9,16,2,53,23.3497998046875,0
2019,9,16,2,53,25.1998000488281,0
2019,9,16,2,53,27.0497998046875,0
2019,9,16,2,53,28.8997998046875,0
2019,9,16,2,53,30.7498000488281,0
2019,9,16,2,53,32.5997998046875,0
2019,9,16,2,53,34.4498000488281,0
2019,9,16,2,53,36.2997998046875,0
2019,9,16,2,53,38.1497998046875,0
2019,9,16,2,53,39.9998000488281,0
2019,9,16,2,53,41.8497998046875,0
2019,9,16,2,53,43.6998000488281,0
2019,9,16,2,53,45.5497998046875,0
2019,9,16,2,53,47.3997998046875,0
2019,9,16,2,53,49.2498000488281,0
2019,9,16,2,53,51.0997998046875,0
2019,9,16,2,53,52.9498000488281,0
2019,9,16,2,53,54.7997998046875,0
2019,9,16,2,53,56.6497998046875,0
2019,9,16,2,53,58.4998000488281,0
2019,9,16,2,54,0.3497998046875,0
2019,9,16,2,54,2.19980004882812,0
2019,9,16,2,54,4.0497998046875,0
2019,9,16,2,54,5.8997998046875,0
2019,9,16,2,54,7.74980004882813,0
2019,9,16,2,54,9.5997998046875,0
2019,9,16,2,54,11.4498000488281,0
2019,9,16,2,54,13.2997998046875,0
2019,9,16,2,54,15.1497998046875,0
2019,9,16,2,54,16.9998000488281,0
2019,9,16,2,54,18.8497998046875,0
2019,9,16,2,54,20.6998000488281,0
2019,9,16,2,54,22.5497998046875,0
2019,9,16,2,54,24.3997998046875,0
2019,9,16,2,54,26.2498000488281,0
2019,9,16,2,54,28.0997998046875,0
2019,9,16,2,54,29.9498000488281,0
2019,9,16,2,54,31.7997998046875,0
2019,9,16,2,54,33.6497998046875,0
2019,9,16,2,54,35.4998000488281,0
2019,9,16,2,54,37.3497998046875,0
2019,9,16,2,54,39.1998000488281,0
2019,9,16,2,54,44.4998000488281,0
2019,9,16,2,54,46.3497998046875,0
2019,9,16,2,54,48.1998000488281,0
2019,9,16,2,54,50.0497998046875,0
2019,9,16,2,54,51.8997998046875,0
2019,9,16,2,54,53.7498000488281,0
2019,9,16,2,54,55.5997998046875,0
2019,9,16,2,54,57.4498000488281,0
2019,9,16,2,54,59.2997998046875,0
2019,9,16,2,55,1.1497998046875,0
2019,9,16,2,55,2.99980004882813,0
2019,9,16,2,55,4.8497998046875,0
2019,9,16,2,55,6.69980004882813,0
2019,9,16,2,55,8.5497998046875,0
2019,9,16,2,55,10.3997998046875,0
2019,9,16,2,55,12.2498000488281,0
2019,9,16,2,55,14.0997998046875,0
2019,9,16,2,55,15.9498000488281,0
2019,9,16,2,55,17.7997998046875,0
2019,9,16,2,55,19.6497998046875,0
2019,9,16,2,55,21.4998000488281,0
2019,9,16,2,55,23.3497998046875,0
2019,9,16,2,55,25.1998000488281,0
2019,9,16,2,55,27.0497998046875,0
2019,9,16,2,55,28.8997998046875,0
2019,9,16,2,55,30.7498000488281,0
2019,9,16,2,55,32.5997998046875,0
2019,9,16,2,55,34.4498000488281,0
2019,9,16,2,55,36.2997998046875,0
2019,9,16,2,55,38.1497998046875,0
2019,9,16,2,55,39.9998000488281,0
2019,9,16,2,55,41.8497998046875,0
2019,9,16,2,55,43.6998000488281,0
2019,9,16,2,55,45.5497998046875,0
2019,9,16,2,55,47.3997998046875,0
2019,9,16,2,55,49.2498000488281,0
2019,9,16,2,55,51.0997998046875,0
2019,9,16,2,55,52.9498000488281,0
2019,9,16,2,55,54.7997998046875,0
2019,9,16,2,55,56.6497998046875,0
2019,9,16,2,55,58.4998000488281,0
2019,9,16,2,56,0.3497998046875,0
2019,9,16,2,56,2.19980004882812,0
2019,9,16,2,56,4.0497998046875,0
2019,9,16,2,56,5.8997998046875,0
2019,9,16,2,56,7.74980004882813,0
2019,9,16,2,56,9.5997998046875,0
2019,9,16,2,56,11.4498000488281,0
2019,9,16,2,56,13.2997998046875,0
2019,9,16,2,56,15.1497998046875,0
2019,9,16,2,56,16.9998000488281,0
2019,9,16,2,56,18.8497998046875,0
2019,9,16,2,56,20.6998000488281,0
2019,9,16,2,56,22.5497998046875,0
2019,9,16,2,56,24.3997998046875,0
2019,9,16,2,56,26.2498000488281,0
2019,9,16,2,56,28.0997998046875,0
2019,9,16,2,56,29.9498000488281,0
2019,9,16,2,56,31.7997998046875,0
2019,9,16,2,56,33.6497998046875,0
2019,9,16,2,56,35.4998000488281,0
2019,9,16,2,56,37.3497998046875,0
2019,9,16,2,56,39.1998000488281,0
2019,9,16,2,56,41.0497998046875,0
2019,9,16,2,56,42.8997998046875,0
2019,9,16,2,56,44.7498000488281,0
2019,9,16,2,56,46.5997998046875,0
2019,9,16,2,56,48.4498000488281,0
2019,9,16,2,56,50.2997998046875,0
2019,9,16,2,56,52.1497998046875,0
2019,9,16,2,56,53.9998000488281,0
2019,9,16,2,56,55.8497998046875,0
2019,9,16,2,56,57.6998000488281,0
2019,9,16,2,56,59.5497998046875,0
2019,9,16,2,57,1.3997998046875,0
2019,9,16,2,57,3.24980004882813,0
2019,9,16,2,57,5.0997998046875,0
2019,9,16,2,57,6.94980004882813,0
2019,9,16,2,57,8.7997998046875,0
2019,9,16,2,57,10.6497998046875,0
2019,9,16,2,57,12.4998000488281,0
2019,9,16,2,57,14.3497998046875,0
2019,9,16,2,57,16.1998000488281,0
2019,9,16,2,57,18.0497998046875,0
2019,9,16,2,57,19.8997998046875,0
2019,9,16,2,57,21.7498000488281,0
2019,9,16,2,57,23.5997998046875,0
2019,9,16,2,57,25.4498000488281,0
2019,9,16,2,57,27.2997998046875,0
2019,9,16,2,57,29.1497998046875,0
2019,9,16,2,57,30.9998000488281,0
2019,9,16,2,57,32.8497998046875,0
2019,9,16,2,57,34.6998000488281,0
2019,9,16,2,57,36.5497998046875,0
2019,9,16,2,57,38.3997998046875,0
2019,9,16,2,57,40.2498000488281,0
2019,9,16,2,57,42.0997998046875,0
2019,9,16,2,57,43.9498000488281,0
2019,9,16,2,57,45.7997998046875,0
2019,9,16,2,57,47.6497998046875,0
2019,9,16,2,57,49.4998000488281,0
2019,9,16,2,57,51.3497998046875,0
2019,9,16,2,57,53.1998000488281,0
2019,9,16,2,57,55.0497998046875,0
2019,9,16,2,57,56.8997998046875,0
2019,9,16,2,57,58.7498000488281,0
2019,9,16,2,58,0.5997998046875,0
2019,9,16,2,58,2.44980004882812,0
2019,9,16,2,58,4.2997998046875,0
2019,9,16,2,58,6.1497998046875,0
2019,9,16,2,58,7.99980004882813,0
2019,9,16,2,58,9.8497998046875,0
2019,9,16,2,58,11.6998000488281,0
2019,9,16,2,58,13.5497998046875,0
2019,9,16,2,58,15.3997998046875,0
2019,9,16,2,58,17.2498000488281,0
2019,9,16,2,58,19.0997998046875,0
2019,9,16,2,58,20.9498000488281,0
2019,9,16,2,58,22.7997998046875,0
2019,9,16,2,58,24.6497998046875,0
2019,9,16,2,58,26.4998000488281,0
2019,9,16,2,58,28.3497998046875,0
2019,9,16,2,58,30.1998000488281,0
2019,9,16,2,58,32.0497998046875,0
2019,9,16,2,58,33.8997998046875,0
2019,9,16,2,58,35.7498000488281,0
2019,9,16,2,58,37.5997998046875,0
2019,9,16,2,58,39.4498000488281,0
2019,9,16,2,58,41.2997998046875,0
2019,9,16,2,58,43.1497998046875,0
2019,9,16,2,58,44.9998000488281,0
2019,9,16,2,58,46.8497998046875,0
2019,9,16,2,58,48.6998000488281,0
2019,9,16,2,58,50.5497998046875,0
2019,9,16,2,58,52.3997998046875,0
2019,9,16,2,58,54.2498000488281,0
2019,9,16,2,58,56.0997998046875,0
2019,9,16,2,58,57.9498000488281,0
2019,9,16,2,58,59.7997998046875,0
2019,9,16,2,59,1.6497998046875,0
2019,9,16,2,59,3.49980004882813,0
2019,9,16,2,59,5.3497998046875,0
2019,9,16,2,59,7.19980004882813,0
2019,9,16,2,59,9.0497998046875,0
2019,9,16,2,59,10.8997998046875,0
2019,9,16,2,59,12.7498000488281,0
2019,9,16,2,59,14.5997998046875,0
2019,9,16,2,59,16.4498000488281,0
2019,9,16,2,59,18.2997998046875,0
2019,9,16,2,59,20.1497998046875,0
2019,9,16,2,59,21.9998000488281,0
2019,9,16,2,59,23.8497998046875,0
2019,9,16,2,59,25.6998000488281,0
2019,9,16,2,59,27.5497998046875,0
2019,9,16,2,59,29.3997998046875,0
2019,9,16,2,59,31.2498000488281,0
2019,9,16,2,59,33.0997998046875,0
2019,9,16,2,59,34.9498000488281,0
2019,9,16,2,59,36.7997998046875,0
2019,9,16,2,59,38.6497998046875,0
2019,9,16,2,59,40.4998000488281,0
2019,9,16,2,59,42.3497998046875,0
2019,9,16,2,59,44.1998000488281,0
2019,9,16,2,59,46.0497998046875,0
2019,9,16,2,59,47.8997998046875,0
2019,9,16,2,59,49.7498000488281,0
2019,9,16,2,59,51.5997998046875,0
2019,9,16,2,59,53.4498000488281,0
2019,9,16,2,59,55.2997998046875,0
2019,9,16,2,59,57.1497998046875,0
2019,9,16,2,59,58.9998000488281,0
2019,9,16,3,0,0.8497998046875,0
2019,9,16,3,0,2.69980004882812,0
2019,9,16,3,0,4.5497998046875,0
2019,9,16,3,0,6.3997998046875,0
2019,9,16,3,0,8.24980004882812,0
2019,9,16,3,0,10.0997998046875,0
2019,9,16,3,0,11.9498000488281,0
2019,9,16,3,0,13.7997998046875,0
2019,9,16,3,0,15.6497998046875,0
2019,9,16,3,0,17.4998000488281,0
2019,9,16,3,0,19.3497998046875,0
2019,9,16,3,0,21.1998000488281,0
2019,9,16,3,0,23.0497998046875,0
2019,9,16,3,0,24.8997998046875,0
2019,9,16,3,0,26.7498000488281,0
2019,9,16,3,0,28.5997998046875,0
2019,9,16,3,0,30.4498000488281,0
2019,9,16,3,0,32.2997998046875,0
2019,9,16,3,0,34.1497998046875,0
2019,9,16,3,0,35.9998000488281,0
2019,9,16,3,0,37.8497998046875,0
2019,9,16,3,0,39.6998000488281,0
2019,9,16,3,0,41.5497998046875,0
2019,9,16,3,0,43.3997998046875,0
2019,9,16,3,0,45.2498000488281,0
2019,9,16,3,0,47.0997998046875,0
2019,9,16,3,0,48.9498000488281,0
2019,9,16,3,0,50.7997998046875,0
2019,9,16,3,0,52.6497998046875,0
2019,9,16,3,0,54.4998000488281,0
2019,9,16,3,0,56.3497998046875,0
2019,9,16,3,0,58.1998000488281,0
2019,9,16,3,1,0.0497998046875,0
2019,9,16,3,1,1.8997998046875,0
2019,9,16,3,1,3.74980004882813,0
2019,9,16,3,1,5.5997998046875,0
2019,9,16,3,1,7.44980004882813,0
2019,9,16,3,1,9.2997998046875,0
2019,9,16,3,1,11.1497998046875,0
2019,9,16,3,1,12.9998000488281,0
2019,9,16,3,1,14.8497998046875,0
2019,9,16,3,1,16.6998000488281,0
2019,9,16,3,1,18.5497998046875,0
2019,9,16,3,1,20.3997998046875,0
2019,9,16,3,1,22.2498000488281,0
2019,9,16,3,1,24.0997998046875,0
2019,9,16,3,1,25.9498000488281,0
2019,9,16,3,1,27.7997998046875,0
2019,9,16,3,1,29.6497998046875,0
2019,9,16,3,1,31.4998000488281,0
2019,9,16,3,1,33.3497998046875,0
2019,9,16,3,1,35.1998000488281,0
2019,9,16,3,1,37.0497998046875,0
2019,9,16,3,1,38.8997998046875,0
2019,9,16,3,1,40.7498000488281,0
2019,9,16,3,1,42.5997998046875,0
2019,9,16,3,1,44.4498000488281,0
2019,9,16,3,1,46.2997998046875,0
2019,9,16,3,1,48.1497998046875,0
2019,9,16,3,1,49.9998000488281,0
2019,9,16,3,1,51.8497998046875,0
2019,9,16,3,1,53.6998000488281,0
2019,9,16,3,1,55.5497998046875,0
2019,9,16,3,1,57.3997998046875,0
2019,9,16,3,1,59.2498000488281,0
2019,9,16,3,2,1.0997998046875,0
2019,9,16,3,2,2.94980004882812,0
2019,9,16,3,2,4.7997998046875,0
2019,9,16,3,2,6.6497998046875,0
2019,9,16,3,2,8.49980004882812,0
2019,9,16,3,2,10.3497998046875,0
2019,9,16,3,2,12.1998000488281,0
2019,9,16,3,2,14.0497998046875,0
2019,9,16,3,2,15.8997998046875,0
2019,9,16,3,2,17.7498000488281,0
2019,9,16,3,2,19.5997998046875,0
2019,9,16,3,2,21.4498000488281,0
2019,9,16,3,2,23.2997998046875,0
2019,9,16,3,2,25.1497998046875,0
2019,9,16,3,2,26.9998000488281,0
2019,9,16,3,2,28.8497998046875,0
2019,9,16,3,2,30.6998000488281,0
2019,9,16,3,2,32.5497998046875,0
2019,9,16,3,2,34.3997998046875,0
2019,9,16,3,2,36.2498000488281,0
2019,9,16,3,2,38.0997998046875,0
2019,9,16,3,2,39.9498000488281,0
2019,9,16,3,2,41.7997998046875,0
2019,9,16,3,2,43.6497998046875,0
2019,9,16,3,2,45.4998000488281,0
2019,9,16,3,2,47.3497998046875,0
2019,9,16,3,2,49.1998000488281,0
2019,9,16,3,2,51.0497998046875,0
2019,9,16,3,2,52.8997998046875,0
2019,9,16,3,2,54.7498000488281,0
2019,9,16,3,2,56.5997998046875,0
2019,9,16,3,2,58.4498000488281,0
2019,9,16,3,3,0.2997998046875,0
2019,9,16,3,3,2.1497998046875,0
2019,9,16,3,3,3.99980004882813,0
2019,9,16,3,3,5.8497998046875,0
2019,9,16,3,3,7.69980004882813,0
2019,9,16,3,3,9.5497998046875,0
2019,9,16,3,3,11.3997998046875,0
2019,9,16,3,3,13.2498000488281,0
2019,9,16,3,3,15.0997998046875,0
2019,9,16,3,3,16.9498000488281,0
2019,9,16,3,3,18.7997998046875,0
2019,9,16,3,3,20.6497998046875,0
2019,9,16,3,3,22.4998000488281,0
2019,9,16,3,3,24.3497998046875,0
2019,9,16,3,3,26.1998000488281,0
2019,9,16,3,3,28.0497998046875,0
2019,9,16,3,3,29.8997998046875,0
2019,9,16,3,3,31.7498000488281,0
2019,9,16,3,3,33.5997998046875,0
2019,9,16,3,3,35.4498000488281,0
2019,9,16,3,3,37.2997998046875,0
2019,9,16,3,3,39.1497998046875,0
2019,9,16,3,3,40.9998000488281,0
2019,9,16,3,3,42.8497998046875,0
2019,9,16,3,3,44.6998000488281,0
2019,9,16,3,3,46.5497998046875,0
2019,9,16,3,3,48.3997998046875,0
2019,9,16,3,3,50.2498000488281,0
2019,9,16,3,3,52.0997998046875,0
2019,9,16,3,3,53.9498000488281,0
2019,9,16,3,3,55.7997998046875,0
2019,9,16,3,3,57.6497998046875,0
2019,9,16,3,3,59.4998000488281,0
2019,9,16,3,4,1.3497998046875,0
2019,9,16,3,4,3.19980004882812,0
2019,9,16,3,4,5.0497998046875,0
2019,9,16,3,4,6.8997998046875,0
2019,9,16,3,4,8.74980004882812,0
2019,9,16,3,4,10.5997998046875,0
2019,9,16,3,4,12.4498000488281,0
2019,9,16,3,4,14.2997998046875,0
2019,9,16,3,4,16.1497998046875,0
2019,9,16,3,4,17.9998000488281,0
2019,9,16,3,4,19.8497998046875,0
2019,9,16,3,4,21.6998000488281,0
2019,9,16,3,4,23.5497998046875,0
2019,9,16,3,4,25.3997998046875,0
2019,9,16,3,4,27.2498000488281,0
2019,9,16,3,4,29.0997998046875,0
2019,9,16,3,4,30.9498000488281,0
2019,9,16,3,4,32.7997998046875,0
2019,9,16,3,4,34.6497998046875,0
2019,9,16,3,4,36.4998000488281,0
2019,9,16,3,4,38.3497998046875,0
2019,9,16,3,4,40.1998000488281,0
2019,9,16,3,4,42.0497998046875,0
2019,9,16,3,4,43.8997998046875,0
2019,9,16,3,4,45.7498000488281,0
2019,9,16,3,4,47.5997998046875,0
2019,9,16,3,4,49.4498000488281,0
2019,9,16,3,4,51.2997998046875,0
2019,9,16,3,4,53.1497998046875,0
2019,9,16,3,4,54.9998000488281,0
2019,9,16,3,4,56.8497998046875,0
2019,9,16,3,4,58.6998000488281,0
2019,9,16,3,5,0.5497998046875,0
2019,9,16,3,5,2.3997998046875,0
2019,9,16,3,5,4.24980004882813,0
2019,9,16,3,5,6.0997998046875,0
2019,9,16,3,5,7.94980004882813,0
2019,9,16,3,5,9.7997998046875,0
2019,9,16,3,5,11.6497998046875,0
2019,9,16,3,5,13.4998000488281,0
2019,9,16,3,5,15.3497998046875,0
2019,9,16,3,5,17.1998000488281,0
2019,9,16,3,5,19.0497998046875,0
2019,9,16,3,5,20.8997998046875,0
2019,9,16,3,5,22.7498000488281,0
2019,9,16,3,5,24.5997998046875,0
2019,9,16,3,5,26.4498000488281,0
2019,9,16,3,5,28.2997998046875,0
2019,9,16,3,5,30.1497998046875,0
2019,9,16,3,5,31.9998000488281,0
2019,9,16,3,5,33.8497998046875,0
2019,9,16,3,5,35.6998000488281,0
2019,9,16,3,5,37.5497998046875,0
2019,9,16,3,5,39.3997998046875,0
2019,9,16,3,5,41.2498000488281,0
2019,9,16,3,5,43.0997998046875,0
2019,9,16,3,5,44.9498000488281,0
2019,9,16,3,5,46.7997998046875,0
2019,9,16,3,5,48.6497998046875,0
2019,9,16,3,5,50.4998000488281,0
2019,9,16,3,5,52.3497998046875,0
2019,9,16,3,5,54.1998000488281,0
2019,9,16,3,5,56.0497998046875,0
2019,9,16,3,5,57.8997998046875,0
2019,9,16,3,5,59.7498000488281,0
2019,9,16,3,6,1.5997998046875,0
2019,9,16,3,6,3.44980004882812,0
2019,9,16,3,6,5.2997998046875,0
2019,9,16,3,6,7.1497998046875,0
2019,9,16,3,6,8.99980004882812,0
2019,9,16,3,6,10.8497998046875,0
2019,9,16,3,6,12.6998000488281,0
2019,9,16,3,6,14.5497998046875,0
2019,9,16,3,6,16.3997998046875,0
2019,9,16,3,6,18.2498000488281,0
2019,9,16,3,6,20.0997998046875,0
2019,9,16,3,6,21.9498000488281,0
2019,9,16,3,6,23.7997998046875,0
2019,9,16,3,6,25.6497998046875,0
2019,9,16,3,6,27.4998000488281,0
2019,9,16,3,6,29.3497998046875,0
2019,9,16,3,6,31.1998000488281,0
2019,9,16,3,6,33.0497998046875,0
2019,9,16,3,6,34.8997998046875,0
2019,9,16,3,6,36.7498000488281,0
2019,9,16,3,6,38.5997998046875,0
2019,9,16,3,6,40.4498000488281,0
2019,9,16,3,6,42.2997998046875,0
2019,9,16,3,6,44.1497998046875,0
2019,9,16,3,7,14.2498000488281,0
2019,9,16,3,7,16.1497998046875,0
2019,9,16,3,7,17.9998000488281,0
2019,9,16,3,7,19.8497998046875,0
2019,9,16,3,7,21.6998000488281,0
2019,9,16,3,7,23.5497998046875,0
2019,9,16,3,7,25.3997998046875,0
2019,9,16,3,7,27.1998000488281,0
2019,9,16,3,7,29.0497998046875,0
2019,9,16,3,7,30.8997998046875,0
2019,9,16,3,7,32.6998000488281,0
2019,9,16,3,7,34.4998000488281,0
2019,9,16,3,7,36.2498000488281,0
2019,9,16,3,7,38.0497998046875,0
2019,9,16,3,7,39.8497998046875,0
2019,9,16,3,7,41.6998000488281,0
2019,9,16,3,7,43.4998000488281,0
2019,9,16,3,7,45.3497998046875,0
2019,9,16,3,7,47.1497998046875,0
2019,9,16,3,7,48.9998000488281,0
2019,9,16,3,7,50.7997998046875,0
2019,9,16,3,7,52.6497998046875,0
2019,9,16,3,7,54.4998000488281,0
2019,9,16,3,7,56.2997998046875,0
2019,9,16,3,7,57.9998000488281,0
2019,9,16,3,7,59.7997998046875,0
2019,9,16,3,8,1.6497998046875,0
2019,9,16,3,8,3.5497998046875,0
2019,9,16,3,8,5.44980004882813,0
2019,9,16,3,8,7.2997998046875,0
2019,9,16,3,8,9.1497998046875,0
2019,9,16,3,8,10.9998000488281,0
2019,9,16,3,8,12.8997998046875,0
2019,9,16,3,8,14.7498000488281,0
2019,9,16,3,8,16.5997998046875,0
2019,9,16,3,8,18.4498000488281,0
2019,9,16,3,8,20.2997998046875,0
2019,9,16,3,8,22.1497998046875,0
2019,9,16,3,8,23.9998000488281,0
2019,9,16,3,8,25.8497998046875,0
2019,9,16,3,8,27.6998000488281,0
2019,9,16,3,8,29.5497998046875,0
2019,9,16,3,8,31.3997998046875,0
2019,9,16,3,8,33.2498000488281,0
2019,9,16,3,8,35.0997998046875,0
2019,9,16,3,8,36.9498000488281,0
2019,9,16,3,8,38.7997998046875,0
2019,9,16,3,8,40.6497998046875,0
2019,9,16,3,8,42.4998000488281,0
2019,9,16,3,8,44.3497998046875,0
2019,9,16,3,8,46.2498000488281,0
2019,9,16,3,8,48.0997998046875,0
2019,9,16,3,8,49.9498000488281,0
2019,9,16,3,8,51.7997998046875,0
2019,9,16,3,8,53.6497998046875,0
2019,9,16,3,8,55.4998000488281,0
2019,9,16,3,8,57.3497998046875,0
2019,9,16,3,8,59.1998000488281,0
2019,9,16,3,9,1.0497998046875,0
2019,9,16,3,9,2.8997998046875,0
2019,9,16,3,9,4.74980004882813,0
2019,9,16,3,9,6.5997998046875,0
2019,9,16,3,9,8.44980004882813,0
2019,9,16,3,9,10.2997998046875,0
2019,9,16,3,9,12.1497998046875,0
2019,9,16,3,9,13.9998000488281,0
2019,9,16,3,9,15.8497998046875,0
2019,9,16,3,9,17.6998000488281,0
2019,9,16,3,9,19.5497998046875,0
2019,9,16,3,9,21.3997998046875,0
2019,9,16,3,9,23.2498000488281,0
2019,9,16,3,9,25.0997998046875,0
2019,9,16,3,9,26.9498000488281,0
2019,9,16,3,9,28.7997998046875,0
2019,9,16,3,9,30.6497998046875,0
2019,9,16,3,9,32.4998000488281,0
2019,9,16,3,9,34.3497998046875,0
2019,9,16,3,9,36.1998000488281,0
2019,9,16,3,9,38.0497998046875,0
2019,9,16,3,9,39.8997998046875,0
2019,9,16,3,9,41.7498000488281,0
2019,9,16,3,9,43.5997998046875,0
2019,9,16,3,9,45.4498000488281,0
2019,9,16,3,9,47.2498000488281,0
2019,9,16,3,9,49.0497998046875,0
2019,9,16,3,9,50.7498000488281,0
2019,9,16,3,9,52.6497998046875,0
2019,9,16,3,9,54.5497998046875,0
2019,9,16,3,9,56.3497998046875,0
2019,9,16,3,9,58.1998000488281,0
2019,9,16,3,10,0.0997998046875,0
2019,9,16,3,10,1.94980004882812,0
2019,9,16,3,10,3.8497998046875,0
2019,9,16,3,10,5.69980004882813,0
2019,9,16,3,10,7.5497998046875,0
2019,9,16,3,10,9.3997998046875,0
2019,9,16,3,10,11.2997998046875,0
2019,9,16,3,10,13.1497998046875,0
2019,9,16,3,10,14.9998000488281,0
2019,9,16,3,10,16.8497998046875,0
2019,9,16,3,10,18.6998000488281,0
2019,9,16,3,10,20.5497998046875,0
2019,9,16,3,10,22.3997998046875,0
2019,9,16,3,10,24.2498000488281,0
2019,9,16,3,10,26.0997998046875,0
2019,9,16,3,10,27.9998000488281,0
2019,9,16,3,10,29.8497998046875,0
2019,9,16,3,10,31.6998000488281,0
2019,9,16,3,10,33.5497998046875,0
2019,9,16,3,10,35.3997998046875,0
2019,9,16,3,10,37.2498000488281,0
2019,9,16,3,10,39.0997998046875,0
2019,9,16,3,10,40.9498000488281,0
2019,9,16,3,10,42.7997998046875,0
2019,9,16,3,10,44.6497998046875,0
2019,9,16,3,10,46.4998000488281,0
2019,9,16,3,10,48.3497998046875,0
2019,9,16,3,10,50.1998000488281,0
2019,9,16,3,10,52.0497998046875,0
2019,9,16,3,10,53.8997998046875,0
2019,9,16,3,10,55.7498000488281,0
2019,9,16,3,10,57.5997998046875,0
2019,9,16,3,10,59.4498000488281,0
2019,9,16,3,11,1.2997998046875,0
2019,9,16,3,11,3.1497998046875,0
2019,9,16,3,11,4.99980004882813,0
2019,9,16,3,11,6.8497998046875,0
2019,9,16,3,11,8.69980004882813,0
2019,9,16,3,11,10.5497998046875,0
2019,9,16,3,11,12.3997998046875,0
2019,9,16,3,11,14.2498000488281,0
2019,9,16,3,11,16.0997998046875,0
2019,9,16,3,11,17.9498000488281,0
2019,9,16,3,11,19.7997998046875,0
2019,9,16,3,11,21.6497998046875,0
2019,9,16,3,11,23.4998000488281,0
2019,9,16,3,11,25.3497998046875,0
2019,9,16,3,11,27.1998000488281,0
2019,9,16,3,11,29.0497998046875,0
2019,9,16,3,11,30.8997998046875,0
2019,9,16,3,11,32.7498000488281,0
2019,9,16,3,11,34.5997998046875,0
2019,9,16,3,11,36.4498000488281,0
2019,9,16,3,11,38.2997998046875,0
2019,9,16,3,11,40.1497998046875,0
2019,9,16,3,11,41.9998000488281,0
2019,9,16,3,11,43.8497998046875,0
2019,9,16,3,11,45.6998000488281,0
2019,9,16,3,11,47.5497998046875,0
2019,9,16,3,11,49.3997998046875,0
2019,9,16,3,11,51.2498000488281,0
2019,9,16,3,11,53.0997998046875,0
2019,9,16,3,11,54.9498000488281,0
2019,9,16,3,11,56.7997998046875,0
2019,9,16,3,11,58.6497998046875,0
2019,9,16,3,12,0.499800048828125,0
2019,9,16,3,12,2.3497998046875,0
2019,9,16,3,12,4.19980004882813,0
2019,9,16,3,12,6.0497998046875,0
2019,9,16,3,12,7.8997998046875,0
2019,9,16,3,12,9.74980004882812,0
2019,9,16,3,12,11.5997998046875,0
2019,9,16,3,12,13.4498000488281,0
2019,9,16,3,12,15.2997998046875,0
2019,9,16,3,12,17.1497998046875,0
2019,9,16,3,12,18.9998000488281,0
2019,9,16,3,12,20.8497998046875,0
2019,9,16,3,12,22.6998000488281,0
2019,9,16,3,12,24.5497998046875,0
2019,9,16,3,12,26.3997998046875,0
2019,9,16,3,12,28.2498000488281,0
2019,9,16,3,12,30.0997998046875,0
2019,9,16,3,12,31.9498000488281,0
2019,9,16,3,12,33.7997998046875,0
2019,9,16,3,12,35.6497998046875,0
2019,9,16,3,12,37.4998000488281,0
2019,9,16,3,12,39.3497998046875,0
2019,9,16,3,12,41.1998000488281,1
2019,9,16,3,12,43.0497998046875,1
2019,9,16,3,12,44.8997998046875,1
2019,9,16,3,12,46.7498000488281,2
2019,9,16,3,12,48.5997998046875,2
2019,9,16,3,12,50.4498000488281,2
2019,9,16,3,12,52.2997998046875,2
2019,9,16,3,12,54.1497998046875,2
2019,9,16,3,12,55.9998000488281,2
2019,9,16,3,12,57.8497998046875,2
2019,9,16,3,12,59.6998000488281,2
2019,9,16,3,13,1.5497998046875,2
2019,9,16,3,13,3.3997998046875,2
2019,9,16,3,13,5.24980004882813,2
2019,9,16,3,13,7.0997998046875,2
2019,9,16,3,13,8.94980004882813,2
2019,9,16,3,13,10.7997998046875,1
2019,9,16,3,13,12.6497998046875,1
2019,9,16,3,13,14.4998000488281,1
2019,9,16,3,13,16.3497998046875,1
2019,9,16,3,13,18.1998000488281,1
2019,9,16,3,13,20.0497998046875,1
2019,9,16,3,13,21.8997998046875,1
2019,9,16,3,13,23.7498000488281,1
2019,9,16,3,13,25.5997998046875,1
2019,9,16,3,13,27.4498000488281,1
2019,9,16,3,13,29.2997998046875,1
2019,9,16,3,13,31.1497998046875,1
2019,9,16,3,13,32.9998000488281,1
2019,9,16,3,13,34.8497998046875,1
2019,9,16,3,13,36.6998000488281,1
2019,9,16,3,13,38.5497998046875,1
2019,9,16,3,13,40.3997998046875,1
2019,9,16,3,13,42.2498000488281,0
2019,9,16,3,13,44.0997998046875,0
2019,9,16,3,13,45.9498000488281,0
2019,9,16,3,13,47.7997998046875,0
2019,9,16,3,13,49.6497998046875,0
2019,9,16,3,13,51.4998000488281,0
2019,9,16,3,13,53.3497998046875,0
2019,9,16,3,13,55.1998000488281,0
2019,9,16,3,13,57.0497998046875,0
2019,9,16,3,13,58.8997998046875,0
2019,9,16,3,14,0.749800048828125,0
2019,9,16,3,14,2.5997998046875,0
2019,9,16,3,14,4.44980004882813,0
2019,9,16,3,14,6.2997998046875,0
2019,9,16,3,14,8.1497998046875,0
2019,9,16,3,14,9.99980004882812,0
2019,9,16,3,14,11.8497998046875,0
2019,9,16,3,14,13.6998000488281,0
2019,9,16,3,14,15.5497998046875,0
2019,9,16,3,14,17.3997998046875,0
2019,9,16,3,14,19.2498000488281,0
2019,9,16,3,14,21.0997998046875,0
2019,9,16,3,14,22.9498000488281,0
2019,9,16,3,14,24.7997998046875,0
2019,9,16,3,14,26.6497998046875,0
2019,9,16,3,14,28.4998000488281,0
2019,9,16,3,14,30.3497998046875,0
2019,9,16,3,14,32.1998000488281,0
2019,9,16,3,14,34.0497998046875,0
2019,9,16,3,14,35.8997998046875,0
2019,9,16,3,14,37.7498000488281,0
2019,9,16,3,14,39.5997998046875,0
2019,9,16,3,14,41.4498000488281,0
2019,9,16,3,14,43.2997998046875,0
2019,9,16,3,14,45.1497998046875,0
2019,9,16,3,14,46.9998000488281,0
2019,9,16,3,14,48.8497998046875,0
2019,9,16,3,14,50.6998000488281,0
2019,9,16,3,14,52.5497998046875,0
2019,9,16,3,14,54.3997998046875,0
2019,9,16,3,14,56.2498000488281,0
2019,9,16,3,14,58.0997998046875,0
2019,9,16,3,14,59.9498000488281,0
2019,9,16,3,15,1.7997998046875,0
2019,9,16,3,15,3.6497998046875,0
2019,9,16,3,15,5.49980004882813,0
2019,9,16,3,15,7.3497998046875,0
2019,9,16,3,15,9.19980004882813,0
2019,9,16,3,15,11.0497998046875,0
2019,9,16,3,15,12.8997998046875,0
2019,9,16,3,15,14.7498000488281,0
2019,9,16,3,15,16.5997998046875,0
2019,9,16,3,15,18.4498000488281,0
2019,9,16,3,15,20.4998000488281,0
2019,9,16,3,15,22.5497998046875,0
2019,9,16,3,15,24.4998000488281,0
2019,9,16,3,15,26.3997998046875,0
2019,9,16,3,15,28.2498000488281,0
2019,9,16,3,15,30.0497998046875,0
2019,9,16,3,15,31.8997998046875,0
2019,9,16,3,15,33.7498000488281,0
2019,9,16,3,15,35.5997998046875,0
2019,9,16,3,15,37.4998000488281,0
2019,9,16,3,15,39.3497998046875,0
2019,9,16,3,15,41.1998000488281,0
2019,9,16,3,15,43.0497998046875,0
2019,9,16,3,15,44.8997998046875,0
2019,9,16,3,15,46.7498000488281,0
2019,9,16,3,15,48.5997998046875,0
2019,9,16,3,15,50.4498000488281,0
2019,9,16,3,15,52.2997998046875,0
2019,9,16,3,15,54.1497998046875,0
2019,9,16,3,15,55.9998000488281,0
2019,9,16,3,15,57.8497998046875,0
2019,9,16,3,15,59.6998000488281,0
2019,9,16,3,16,1.5497998046875,0
2019,9,16,3,16,3.3997998046875,0
2019,9,16,3,16,5.24980004882813,0
2019,9,16,3,16,7.0997998046875,0
2019,9,16,3,16,8.94980004882813,0
2019,9,16,3,16,10.7498000488281,0
2019,9,16,3,16,12.5997998046875,0
2019,9,16,3,16,14.3997998046875,0
2019,9,16,3,16,16.1998000488281,0
2019,9,16,3,16,17.9498000488281,0
2019,9,16,3,16,19.7498000488281,0
2019,9,16,3,16,21.5497998046875,0
2019,9,16,3,16,23.3497998046875,0
2019,9,16,3,16,25.1998000488281,0
2019,9,16,3,16,26.9998000488281,0
2019,9,16,3,16,28.8497998046875,0
2019,9,16,3,16,30.6998000488281,0
2019,9,16,3,16,32.4998000488281,0
2019,9,16,3,16,34.3497998046875,0
2019,9,16,3,16,36.1998000488281,0
2019,9,16,3,16,38.0497998046875,0
2019,9,16,3,16,39.8997998046875,0
2019,9,16,3,16,41.7498000488281,0
2019,9,16,3,16,43.5997998046875,0
2019,9,16,3,16,45.4498000488281,0
2019,9,16,3,16,47.2997998046875,0
2019,9,16,3,16,49.2498000488281,0
2019,9,16,3,16,51.2997998046875,0
2019,9,16,3,16,53.2997998046875,0
2019,9,16,3,16,55.1998000488281,0
2019,9,16,3,16,57.0997998046875,0
2019,9,16,3,16,58.8997998046875,0
2019,9,16,3,17,0.749800048828125,0
2019,9,16,3,17,2.5997998046875,0
2019,9,16,3,17,4.44980004882813,0
2019,9,16,3,17,6.2997998046875,0
2019,9,16,3,17,8.1497998046875,0
2019,9,16,3,17,9.99980004882812,0
2019,9,16,3,17,11.8497998046875,0
2019,9,16,3,17,13.6998000488281,0
2019,9,16,3,17,15.5497998046875,0
2019,9,16,3,17,17.3997998046875,0
2019,9,16,3,17,52.6497998046875,0
2019,9,16,3,17,54.4498000488281,0
2019,9,16,3,17,56.2997998046875,0
2019,9,16,3,17,58.0997998046875,0
2019,9,16,3,17,59.9498000488281,0
2019,9,16,3,18,1.8497998046875,0
2019,9,16,3,18,3.8997998046875,0
2019,9,16,3,18,5.94980004882813,0
2019,9,16,3,18,7.8497998046875,0
2019,9,16,3,18,9.74980004882812,0
2019,9,16,3,18,11.5997998046875,0
2019,9,16,3,18,13.4498000488281,0
2019,9,16,3,18,15.2997998046875,0
2019,9,16,3,18,17.0997998046875,0
2019,9,16,3,18,18.9498000488281,0
2019,9,16,3,18,20.8497998046875,0
2019,9,16,3,18,22.6998000488281,0
2019,9,16,3,18,24.5497998046875,0
2019,9,16,3,18,26.3997998046875,0
2019,9,16,3,18,28.1998000488281,0
2019,9,16,3,18,30.0497998046875,0
2019,9,16,3,18,31.8997998046875,0
2019,9,16,3,18,33.7498000488281,0
2019,9,16,3,18,35.5997998046875,0
2019,9,16,3,18,37.4998000488281,0
2019,9,16,3,18,39.3497998046875,0
2019,9,16,3,18,41.1998000488281,0
2019,9,16,3,18,43.0497998046875,0
2019,9,16,3,18,44.8997998046875,0
2019,9,16,3,18,46.7498000488281,0
2019,9,16,3,18,48.5497998046875,0
2019,9,16,3,18,50.3997998046875,0
2019,9,16,3,18,52.2498000488281,0
2019,9,16,3,18,54.0997998046875,0
2019,9,16,3,18,55.8997998046875,0
2019,9,16,3,18,57.6998000488281,0
2019,9,16,3,18,59.4498000488281,0
2019,9,16,3,19,1.24980004882813,0
2019,9,16,3,19,3.0497998046875,0
2019,9,16,3,19,4.8497998046875,0
2019,9,16,3,19,6.6497998046875,0
2019,9,16,3,19,8.49980004882812,0
2019,9,16,3,19,10.2997998046875,0
2019,9,16,3,19,12.1497998046875,0
2019,9,16,3,19,13.9998000488281,0
2019,9,16,3,19,15.7997998046875,0
2019,9,16,3,19,17.6497998046875,0
2019,9,16,3,19,19.4998000488281,0
2019,9,16,3,19,21.3497998046875,0
2019,9,16,3,19,23.1998000488281,0
2019,9,16,3,19,25.0497998046875,0
2019,9,16,3,19,26.8997998046875,0
2019,9,16,3,19,28.9498000488281,0
2019,9,16,3,19,30.9498000488281,0
2019,9,16,3,19,32.7498000488281,0
2019,9,16,3,19,34.4998000488281,0
2019,9,16,3,19,36.2997998046875,0
2019,9,16,3,19,38.1497998046875,0
2019,9,16,3,19,39.9498000488281,0
2019,9,16,3,19,41.7997998046875,0
2019,9,16,3,19,43.5997998046875,0
2019,9,16,3,19,45.4498000488281,0
2019,9,16,3,19,47.2997998046875,0
2019,9,16,3,19,49.1998000488281,0
2019,9,16,3,19,51.0497998046875,0
2019,9,16,3,19,52.8497998046875,0
2019,9,16,3,19,54.6497998046875,0
2019,9,16,3,19,56.4998000488281,0
2019,9,16,3,19,58.3497998046875,0
2019,9,16,3,20,0.199800048828125,0
2019,9,16,3,20,2.0497998046875,0
2019,9,16,3,20,3.8997998046875,0
2019,9,16,3,20,5.69980004882813,0
2019,9,16,3,20,7.5497998046875,0
2019,9,16,3,20,9.3997998046875,0
2019,9,16,3,20,11.2498000488281,0
2019,9,16,3,20,13.0997998046875,0
2019,9,16,3,20,14.9498000488281,0
2019,9,16,3,20,16.7997998046875,0
2019,9,16,3,20,18.6497998046875,0
2019,9,16,3,20,20.4998000488281,0
2019,9,16,3,20,22.3497998046875,0
2019,9,16,3,20,24.1998000488281,0
2019,9,16,3,20,26.0497998046875,0
2019,9,16,3,20,27.8997998046875,0
2019,9,16,3,20,29.7498000488281,0
2019,9,16,3,20,31.5997998046875,0
2019,9,16,3,20,33.4498000488281,0
2019,9,16,3,20,35.2997998046875,0
2019,9,16,3,20,37.1497998046875,0
2019,9,16,3,20,38.9998000488281,0
2019,9,16,3,20,40.8497998046875,0
2019,9,16,3,20,42.6998000488281,0
2019,9,16,3,20,44.5497998046875,0
2019,9,16,3,20,46.3997998046875,0
2019,9,16,3,20,48.2498000488281,0
2019,9,16,3,20,50.0997998046875,0
2019,9,16,3,20,51.9498000488281,0
2019,9,16,3,20,53.7997998046875,0
2019,9,16,3,20,55.6497998046875,0
2019,9,16,3,20,57.4998000488281,0
2019,9,16,3,20,59.3497998046875,0
2019,9,16,3,21,1.19980004882813,0
2019,9,16,3,21,3.0497998046875,0
2019,9,16,3,21,4.8997998046875,0
2019,9,16,3,21,6.74980004882813,0
2019,9,16,3,21,8.5997998046875,0
2019,9,16,3,21,10.4498000488281,0
2019,9,16,3,21,12.2997998046875,0
2019,9,16,3,21,14.1497998046875,0
2019,9,16,3,21,15.9998000488281,0
2019,9,16,3,21,17.8497998046875,0
2019,9,16,3,21,19.6998000488281,0
2019,9,16,3,21,21.5497998046875,0
2019,9,16,3,21,23.3997998046875,0
2019,9,16,3,21,25.2498000488281,0
2019,9,16,3,21,27.0997998046875,0
2019,9,16,3,21,28.9498000488281,0
2019,9,16,3,21,30.7997998046875,0
2019,9,16,3,21,32.6497998046875,0
2019,9,16,3,21,34.4998000488281,0
2019,9,16,3,21,36.3497998046875,0
2019,9,16,3,21,38.1998000488281,0
2019,9,16,3,21,40.0997998046875,0
2019,9,16,3,21,41.9998000488281,0
2019,9,16,3,21,43.8497998046875,0
2019,9,16,3,21,45.6998000488281,0
2019,9,16,3,21,47.5497998046875,0
2019,9,16,3,21,49.3997998046875,0
2019,9,16,3,21,51.1998000488281,0
2019,9,16,3,21,53.0497998046875,0
2019,9,16,3,21,54.8997998046875,0
2019,9,16,3,21,56.7498000488281,0
2019,9,16,3,21,58.5997998046875,0
2019,9,16,3,22,0.449800048828125,0
2019,9,16,3,22,2.2997998046875,0
2019,9,16,3,22,4.1497998046875,0
2019,9,16,3,22,5.99980004882813,0
2019,9,16,3,22,7.7997998046875,0
2019,9,16,3,22,9.6497998046875,0
2019,9,16,3,22,11.4998000488281,0
2019,9,16,3,22,13.3497998046875,0
2019,9,16,3,22,15.1998000488281,0
2019,9,16,3,22,17.0497998046875,0
2019,9,16,3,22,18.8997998046875,0
2019,9,16,3,22,20.7498000488281,0
2019,9,16,3,22,22.5997998046875,0
2019,9,16,3,22,24.4498000488281,0
2019,9,16,3,22,26.2997998046875,0
2019,9,16,3,22,28.0997998046875,0
2019,9,16,3,22,29.9498000488281,0
2019,9,16,3,22,31.7997998046875,0
2019,9,16,3,22,33.6497998046875,0
2019,9,16,3,22,35.4998000488281,0
2019,9,16,3,22,37.3497998046875,0
2019,9,16,3,22,39.1998000488281,0
2019,9,16,3,22,41.0497998046875,0
2019,9,16,3,22,42.8997998046875,0
2019,9,16,3,22,44.7498000488281,0
2019,9,16,3,22,46.6497998046875,0
2019,9,16,3,22,48.4998000488281,0
2019,9,16,3,22,50.3497998046875,0
2019,9,16,3,22,52.1998000488281,0
2019,9,16,3,22,54.0497998046875,0
2019,9,16,3,22,55.8997998046875,0
2019,9,16,3,22,57.7498000488281,0
2019,9,16,3,22,59.5997998046875,0
2019,9,16,3,23,1.44980004882813,0
2019,9,16,3,23,3.2997998046875,0
2019,9,16,3,23,5.1497998046875,0
2019,9,16,3,23,6.99980004882813,0
2019,9,16,3,23,8.8497998046875,0
2019,9,16,3,23,10.6998000488281,0
2019,9,16,3,23,12.5497998046875,0
2019,9,16,3,23,14.3997998046875,0
2019,9,16,3,23,16.2498000488281,0
2019,9,16,3,23,18.0997998046875,0
2019,9,16,3,23,19.9498000488281,0
2019,9,16,3,23,21.7997998046875,0
2019,9,16,3,23,23.6497998046875,0
2019,9,16,3,23,25.4998000488281,0
2019,9,16,3,23,27.3497998046875,0
2019,9,16,3,23,29.1998000488281,0
2019,9,16,3,23,31.0497998046875,0
2019,9,16,3,23,32.8997998046875,0
2019,9,16,3,23,34.7498000488281,0
2019,9,16,3,23,36.5997998046875,0
2019,9,16,3,23,38.4498000488281,0
2019,9,16,3,23,40.2997998046875,0
2019,9,16,3,23,42.1497998046875,0
2019,9,16,3,23,43.9998000488281,0
2019,9,16,3,23,45.8497998046875,0
2019,9,16,3,23,47.6998000488281,0
2019,9,16,3,23,49.5497998046875,0
2019,9,16,3,23,51.3997998046875,0
2019,9,16,3,23,53.2498000488281,0
2019,9,16,3,23,55.0997998046875,0
2019,9,16,3,23,56.9498000488281,0
2019,9,16,3,23,58.7997998046875,0
2019,9,16,3,24,0.6497998046875,0
2019,9,16,3,24,2.49980004882813,0
2019,9,16,3,24,4.3497998046875,0
2019,9,16,3,24,6.19980004882813,0
2019,9,16,3,24,8.0497998046875,0
2019,9,16,3,24,9.8997998046875,0
2019,9,16,3,24,11.7498000488281,0
2019,9,16,3,24,13.5997998046875,0
2019,9,16,3,24,15.4498000488281,0
2019,9,16,3,24,17.2997998046875,0
2019,9,16,3,24,19.1497998046875,0
2019,9,16,3,24,20.9998000488281,0
2019,9,16,3,24,22.8497998046875,0
2019,9,16,3,24,24.6998000488281,0
2019,9,16,3,24,26.5497998046875,0
2019,9,16,3,24,28.3997998046875,0
2019,9,16,3,24,30.2498000488281,0
2019,9,16,3,24,32.0997998046875,0
2019,9,16,3,24,33.9498000488281,0
2019,9,16,3,24,35.7997998046875,0
2019,9,16,3,24,37.6497998046875,0
2019,9,16,3,24,39.4998000488281,0
2019,9,16,3,24,41.3497998046875,0
2019,9,16,3,24,43.1998000488281,0
2019,9,16,3,24,45.0497998046875,0
2019,9,16,3,24,46.8997998046875,0
2019,9,16,3,24,48.7498000488281,0
2019,9,16,3,24,50.5997998046875,0
2019,9,16,3,24,52.4498000488281,0
2019,9,16,3,24,54.2997998046875,0
2019,9,16,3,24,56.1497998046875,0
2019,9,16,3,24,57.9998000488281,0
2019,9,16,3,24,59.8497998046875,0
2019,9,16,3,25,1.69980004882812,0
2019,9,16,3,25,3.5497998046875,0
2019,9,16,3,25,5.3997998046875,0
2019,9,16,3,25,38.3497998046875,0
2019,9,16,3,25,40.1998000488281,0
2019,9,16,3,25,42.0497998046875,0
2019,9,16,3,25,43.8997998046875,0
2019,9,16,3,25,45.7498000488281,0
2019,9,16,3,25,47.5997998046875,0
2019,9,16,3,25,49.4498000488281,0
2019,9,16,3,25,51.2997998046875,0
2019,9,16,3,25,53.1497998046875,0
2019,9,16,3,25,54.9998000488281,0
2019,9,16,3,25,56.8497998046875,0
2019,9,16,3,25,58.6998000488281,0
2019,9,16,3,26,0.5497998046875,0
2019,9,16,3,26,2.3997998046875,0
2019,9,16,3,26,4.24980004882813,0
2019,9,16,3,26,6.0997998046875,0
2019,9,16,3,26,7.94980004882813,0
2019,9,16,3,26,9.7997998046875,0
2019,9,16,3,26,11.6497998046875,0
2019,9,16,3,26,13.4998000488281,0
2019,9,16,3,26,15.3497998046875,0
2019,9,16,3,26,17.1998000488281,0
2019,9,16,3,26,19.0497998046875,0
2019,9,16,3,26,20.8997998046875,0
2019,9,16,3,26,22.7498000488281,0
2019,9,16,3,26,24.5997998046875,0
2019,9,16,3,26,26.4498000488281,0
2019,9,16,3,26,28.2997998046875,0
2019,9,16,3,26,30.1497998046875,0
2019,9,16,3,26,31.9998000488281,0
2019,9,16,3,26,33.8497998046875,0
2019,9,16,3,26,35.6998000488281,0
2019,9,16,3,26,37.5497998046875,0
2019,9,16,3,26,39.3997998046875,0
2019,9,16,3,26,41.2498000488281,0
2019,9,16,3,26,43.0997998046875,0
2019,9,16,3,26,44.9498000488281,0
2019,9,16,3,26,46.7997998046875,0
2019,9,16,3,26,48.6497998046875,0
2019,9,16,3,26,50.4998000488281,0
2019,9,16,3,26,52.3497998046875,0
2019,9,16,3,26,54.1998000488281,0
2019,9,16,3,26,56.0497998046875,0
2019,9,16,3,26,57.8997998046875,0
2019,9,16,3,26,59.7498000488281,0
2019,9,16,3,27,1.5997998046875,0
2019,9,16,3,27,3.44980004882812,0
2019,9,16,3,27,5.2997998046875,0
2019,9,16,3,27,7.1497998046875,0
2019,9,16,3,27,8.99980004882812,0
2019,9,16,3,27,10.8497998046875,0
2019,9,16,3,27,12.6998000488281,0
2019,9,16,3,27,14.5497998046875,0
2019,9,16,3,27,16.3997998046875,0
2019,9,16,3,27,18.2498000488281,0
2019,9,16,3,27,20.0997998046875,0
2019,9,16,3,27,21.9498000488281,0
2019,9,16,3,27,23.7997998046875,1
2019,9,16,3,27,25.6497998046875,1
2019,9,16,3,27,27.4998000488281,1
2019,9,16,3,27,29.3497998046875,1
2019,9,16,3,27,31.1998000488281,1
2019,9,16,3,27,33.0497998046875,1
2019,9,16,3,27,34.8997998046875,1
2019,9,16,3,27,36.7498000488281,1
2019,9,16,3,27,38.5997998046875,1
2019,9,16,3,27,40.4498000488281,1
2019,9,16,3,27,42.2997998046875,1
2019,9,16,3,27,44.1497998046875,1
2019,9,16,3,27,45.9998000488281,1
2019,9,16,3,27,47.8497998046875,1
2019,9,16,3,27,49.6998000488281,1
2019,9,16,3,27,51.5497998046875,1
2019,9,16,3,27,53.3997998046875,1
2019,9,16,3,27,55.2498000488281,1
2019,9,16,3,27,57.1998000488281,1
2019,9,16,3,27,59.2498000488281,1
2019,9,16,3,28,1.24980004882813,1
2019,9,16,3,28,3.1497998046875,1
2019,9,16,3,28,5.0497998046875,0
2019,9,16,3,28,6.8997998046875,0
2019,9,16,3,28,8.69980004882813,0
2019,9,16,3,28,10.5497998046875,0
2019,9,16,3,28,12.3997998046875,0
2019,9,16,3,28,14.2498000488281,0
2019,9,16,3,28,16.0997998046875,0
2019,9,16,3,28,17.9498000488281,0
2019,9,16,3,28,19.7997998046875,0
2019,9,16,3,28,21.6497998046875,0
2019,9,16,3,28,23.4998000488281,0
2019,9,16,3,28,25.3497998046875,0
2019,9,16,3,28,27.1998000488281,0
2019,9,16,3,28,29.0497998046875,0
2019,9,16,3,28,30.8997998046875,0
2019,9,16,3,28,32.7498000488281,0
2019,9,16,3,28,34.5997998046875,0
2019,9,16,3,28,36.4498000488281,0
2019,9,16,3,28,38.2997998046875,0
2019,9,16,3,28,40.1497998046875,0
2019,9,16,3,28,41.9998000488281,0
2019,9,16,3,28,43.8497998046875,0
2019,9,16,3,28,45.6998000488281,0
2019,9,16,3,28,47.5497998046875,0
2019,9,16,3,28,49.3497998046875,0
2019,9,16,3,28,51.1998000488281,0
2019,9,16,3,28,52.9498000488281,0
2019,9,16,3,28,54.7498000488281,0
2019,9,16,3,28,56.5497998046875,0
2019,9,16,3,28,58.3497998046875,0
2019,9,16,3,29,0.1497998046875,0
2019,9,16,3,29,1.99980004882813,0
2019,9,16,3,29,3.7997998046875,0
2019,9,16,3,29,5.6497998046875,0
2019,9,16,3,29,7.44980004882813,0
2019,9,16,3,29,9.2997998046875,0
2019,9,16,3,29,11.1497998046875,0
2019,9,16,3,29,12.9998000488281,0
2019,9,16,3,29,14.8497998046875,0
2019,9,16,3,29,16.6497998046875,0
2019,9,16,3,29,18.4998000488281,0
2019,9,16,3,29,20.3497998046875,0
2019,9,16,3,29,22.2997998046875,0
2019,9,16,3,29,24.3497998046875,0
2019,9,16,3,29,26.3997998046875,0
2019,9,16,3,29,28.2997998046875,0
2019,9,16,3,29,30.1497998046875,0
2019,9,16,3,29,31.9998000488281,0
2019,9,16,3,29,33.8497998046875,0
2019,9,16,3,29,35.6998000488281,0
2019,9,16,3,29,37.5497998046875,0
2019,9,16,3,29,39.3997998046875,0
2019,9,16,3,29,41.2498000488281,0
2019,9,16,3,29,43.0997998046875,0
2019,9,16,3,29,44.9498000488281,0
2019,9,16,3,29,46.7997998046875,0
2019,9,16,3,29,48.6497998046875,0
2019,9,16,3,29,50.4998000488281,0
2019,9,16,3,29,52.3497998046875,0
2019,9,16,3,29,54.1998000488281,0
2019,9,16,3,29,56.0497998046875,0
2019,9,16,3,29,57.8997998046875,0
2019,9,16,3,29,59.7498000488281,0
2019,9,16,3,30,1.5997998046875,0
2019,9,16,3,30,3.44980004882812,0
2019,9,16,3,30,5.2997998046875,0
2019,9,16,3,30,7.1497998046875,0
2019,9,16,3,30,8.99980004882812,0
2019,9,16,3,30,10.8497998046875,0
2019,9,16,3,30,12.6998000488281,0
2019,9,16,3,30,14.4998000488281,0
2019,9,16,3,30,16.2997998046875,0
2019,9,16,3,30,18.0497998046875,0
2019,9,16,3,30,19.7997998046875,0
2019,9,16,3,30,21.5997998046875,0
2019,9,16,3,30,23.4498000488281,0
2019,9,16,3,30,25.2498000488281,0
2019,9,16,3,30,27.0997998046875,0
2019,9,16,3,30,28.8997998046875,0
2019,9,16,3,30,30.6998000488281,0
2019,9,16,3,30,32.5497998046875,0
2019,9,16,3,30,34.3997998046875,0
2019,9,16,3,30,36.2498000488281,0
2019,9,16,3,30,38.0997998046875,0
2019,9,16,3,30,39.8997998046875,0
2019,9,16,3,30,41.7498000488281,0
2019,9,16,3,30,43.5997998046875,0
2019,9,16,3,30,45.4498000488281,0
2019,9,16,3,30,47.2997998046875,0
2019,9,16,3,30,49.1497998046875,0
2019,9,16,3,30,50.9998000488281,0
2019,9,16,3,30,52.8497998046875,0
2019,9,16,3,30,54.6998000488281,0
2019,9,16,3,30,56.5497998046875,0
2019,9,16,3,30,58.3997998046875,0
2019,9,16,3,31,0.249800048828125,0
2019,9,16,3,31,2.1497998046875,0
2019,9,16,3,31,4.19980004882813,0
2019,9,16,3,31,6.24980004882813,0
2019,9,16,3,31,8.19980004882813,0
2019,9,16,3,31,10.0497998046875,0
2019,9,16,3,31,11.8997998046875,0
2019,9,16,3,31,13.7498000488281,0
2019,9,16,3,31,15.5997998046875,0
2019,9,16,3,31,17.4498000488281,0
2019,9,16,3,31,19.2997998046875,0
2019,9,16,3,31,21.1497998046875,0
2019,9,16,3,31,22.9998000488281,0
2019,9,16,3,31,24.8497998046875,0
2019,9,16,3,31,26.6998000488281,0
2019,9,16,3,31,28.5497998046875,0
2019,9,16,3,31,30.3997998046875,0
2019,9,16,3,31,32.2498000488281,0
2019,9,16,3,31,34.0997998046875,0
2019,9,16,3,31,35.9498000488281,0
2019,9,16,3,31,37.7997998046875,0
2019,9,16,3,31,39.6497998046875,0
2019,9,16,3,31,41.4998000488281,0
2019,9,16,3,31,43.3497998046875,0
2019,9,16,3,31,45.1998000488281,0
2019,9,16,3,31,47.0497998046875,0
2019,9,16,3,31,48.8997998046875,0
2019,9,16,3,31,50.7498000488281,0
2019,9,16,3,31,52.5997998046875,0
2019,9,16,3,31,54.4498000488281,0
2019,9,16,3,31,56.2997998046875,0
2019,9,16,3,31,58.1497998046875,0
2019,9,16,3,31,59.9998000488281,0
2019,9,16,3,32,1.8497998046875,0
2019,9,16,3,32,3.69980004882812,0
2019,9,16,3,32,5.5497998046875,0
2019,9,16,3,32,7.3997998046875,0
2019,9,16,3,32,9.24980004882812,0
2019,9,16,3,32,11.0997998046875,0
2019,9,16,3,32,12.9498000488281,0
2019,9,16,3,32,14.7997998046875,0
2019,9,16,3,32,16.6497998046875,0
2019,9,16,3,32,18.4998000488281,0
2019,9,16,3,32,20.3497998046875,0
2019,9,16,3,32,22.1497998046875,0
2019,9,16,3,32,23.8997998046875,0
2019,9,16,3,32,25.6497998046875,0
2019,9,16,3,32,27.3497998046875,0
2019,9,16,3,32,29.0997998046875,0
2019,9,16,3,32,30.9498000488281,0
2019,9,16,3,32,32.7997998046875,0
2019,9,16,3,32,34.5997998046875,0
2019,9,16,3,32,36.4998000488281,0
2019,9,16,3,32,38.3497998046875,0
2019,9,16,3,32,40.1497998046875,0
2019,9,16,3,32,41.9998000488281,0
2019,9,16,3,32,43.8497998046875,0
2019,9,16,3,32,45.7498000488281,0
2019,9,16,3,32,47.5997998046875,0
2019,9,16,3,32,49.3997998046875,0
2019,9,16,3,32,51.2498000488281,0
2019,9,16,3,32,53.0997998046875,0
2019,9,16,3,32,54.9498000488281,0
2019,9,16,3,32,56.7997998046875,0
2019,9,16,3,32,58.6497998046875,0
2019,9,16,3,33,0.499800048828125,0
2019,9,16,3,33,2.3497998046875,0
2019,9,16,3,33,4.1497998046875,0
2019,9,16,3,33,6.0497998046875,0
2019,9,16,3,33,7.8997998046875,0
2019,9,16,3,33,9.74980004882812,0
2019,9,16,3,33,11.5997998046875,1
2019,9,16,3,33,13.3997998046875,1
2019,9,16,3,33,15.2498000488281,1
2019,9,16,3,33,17.0497998046875,1
2019,9,16,3,33,18.9998000488281,1
2019,9,16,3,33,20.7997998046875,2
2019,9,16,3,33,22.6497998046875,2
2019,9,16,3,33,24.4998000488281,2
2019,9,16,3,33,26.3997998046875,2
2019,9,16,3,33,28.1998000488281,2
2019,9,16,3,33,30.0997998046875,2
2019,9,16,3,33,32.0497998046875,2
2019,9,16,3,33,33.7997998046875,2
2019,9,16,3,33,35.6497998046875,2
2019,9,16,3,33,37.4998000488281,2
2019,9,16,3,33,39.3497998046875,2
2019,9,16,3,33,41.1497998046875,2
2019,9,16,3,33,42.9998000488281,2
2019,9,16,3,33,44.8997998046875,2
2019,9,16,3,33,46.6998000488281,2
2019,9,16,3,33,48.4998000488281,2
2019,9,16,3,33,50.3497998046875,2
2019,9,16,3,33,52.3497998046875,2
2019,9,16,3,33,54.1497998046875,2
2019,9,16,3,33,55.9998000488281,2
2019,9,16,3,33,57.8997998046875,2
2019,9,16,3,33,59.8497998046875,2
2019,9,16,3,34,1.94980004882812,2
2019,9,16,3,34,3.8997998046875,0
2019,9,16,3,34,5.74980004882813,0
2019,9,16,3,34,7.6497998046875,0
2019,9,16,3,34,9.44980004882813,0
2019,9,16,3,34,11.2997998046875,0
2019,9,16,3,34,13.1497998046875,0
2019,9,16,3,34,14.9998000488281,0
2019,9,16,3,34,16.8497998046875,0
2019,9,16,3,35,17.7997998046875,0
2019,9,16,3,35,19.5997998046875,0
2019,9,16,3,35,21.4498000488281,0
2019,9,16,3,35,23.3497998046875,0
2019,9,16,3,35,25.1497998046875,0
2019,9,16,3,35,26.8997998046875,0
2019,9,16,3,35,28.6497998046875,0
2019,9,16,3,35,30.6497998046875,0
2019,9,16,3,35,32.4498000488281,0
2019,9,16,3,35,34.4998000488281,0
2019,9,16,3,35,36.3497998046875,0
2019,9,16,3,35,38.1998000488281,0
2019,9,16,3,35,40.0497998046875,0
2019,9,16,3,35,41.8997998046875,0
2019,9,16,3,35,43.7498000488281,0
2019,9,16,3,35,45.5997998046875,0
2019,9,16,3,35,47.4498000488281,0
2019,9,16,3,35,49.2997998046875,0
2019,9,16,3,35,51.1497998046875,0
2019,9,16,3,35,52.9998000488281,0
2019,9,16,3,35,54.8497998046875,0
2019,9,16,3,35,56.6998000488281,0
2019,9,16,3,35,58.5497998046875,0
2019,9,16,3,36,0.3997998046875,0
2019,9,16,3,36,2.24980004882813,0
2019,9,16,3,36,4.0997998046875,0
2019,9,16,3,36,5.94980004882813,0
2019,9,16,3,36,7.7997998046875,0
2019,9,16,3,36,9.6497998046875,0
2019,9,16,3,36,11.4998000488281,0
2019,9,16,3,36,13.3497998046875,0
2019,9,16,3,36,15.1998000488281,0
2019,9,16,3,36,17.0497998046875,0
2019,9,16,3,36,18.8997998046875,0
2019,9,16,3,36,20.7498000488281,0
2019,9,16,3,36,22.5997998046875,0
2019,9,16,3,36,24.4498000488281,0
2019,9,16,3,36,26.2997998046875,0
2019,9,16,3,36,28.1497998046875,0
2019,9,16,3,36,29.9998000488281,0
2019,9,16,3,36,31.7997998046875,0
2019,9,16,3,36,33.5497998046875,0
2019,9,16,3,36,35.2997998046875,0
2019,9,16,3,36,37.0997998046875,0
2019,9,16,3,36,38.8497998046875,0
2019,9,16,3,36,40.5997998046875,0
2019,9,16,3,36,42.3497998046875,0
2019,9,16,3,36,44.2498000488281,0
2019,9,16,3,36,46.0997998046875,0
2019,9,16,3,36,47.9498000488281,0
2019,9,16,3,36,49.7997998046875,0
2019,9,16,3,36,51.6497998046875,0
2019,9,16,3,36,53.4998000488281,0
2019,9,16,3,36,55.3497998046875,0
2019,9,16,3,36,57.1998000488281,0
2019,9,16,3,36,58.9998000488281,0
2019,9,16,3,37,0.8497998046875,0
2019,9,16,3,37,2.69980004882812,0
2019,9,16,3,37,4.5497998046875,0
2019,9,16,3,37,6.3997998046875,0
2019,9,16,3,37,8.24980004882812,0
2019,9,16,3,37,10.0997998046875,0
2019,9,16,3,37,11.9498000488281,0
2019,9,16,3,37,13.7997998046875,1
2019,9,16,3,37,15.5997998046875,2
2019,9,16,3,37,17.4498000488281,2
2019,9,16,3,37,19.3497998046875,2
2019,9,16,3,37,21.1998000488281,2
2019,9,16,3,37,23.0497998046875,2
2019,9,16,3,37,24.8997998046875,2
2019,9,16,3,37,26.7498000488281,2
2019,9,16,3,37,28.5997998046875,2
2019,9,16,3,37,30.4498000488281,2
2019,9,16,3,37,32.2498000488281,2
2019,9,16,3,37,34.1998000488281,2
2019,9,16,3,37,35.9998000488281,2
2019,9,16,3,37,37.8497998046875,2
2019,9,16,3,37,39.6998000488281,2
2019,9,16,3,37,41.5497998046875,2
2019,9,16,3,37,43.3497998046875,2
2019,9,16,3,37,45.1497998046875,2
2019,9,16,3,37,47.0497998046875,2
2019,9,16,3,37,48.8997998046875,2
2019,9,16,3,37,50.7997998046875,2
2019,9,16,3,37,52.6497998046875,2
2019,9,16,3,37,54.4998000488281,2
2019,9,16,3,37,56.2997998046875,1
2019,9,16,3,37,58.1497998046875,1
2019,9,16,3,37,59.9998000488281,1
2019,9,16,3,38,1.8497998046875,1
2019,9,16,3,38,3.69980004882812,1
2019,9,16,3,38,5.5497998046875,1
2019,9,16,3,38,7.3997998046875,1
2019,9,16,3,38,9.24980004882812,1
2019,9,16,3,38,11.0997998046875,1
2019,9,16,3,38,12.9498000488281,1
2019,9,16,3,38,14.7997998046875,1
2019,9,16,3,38,16.6497998046875,1
2019,9,16,3,38,18.4998000488281,1
2019,9,16,3,38,20.3497998046875,1
2019,9,16,3,38,22.2498000488281,1
2019,9,16,3,38,24.0497998046875,1
2019,9,16,3,38,25.9498000488281,1
2019,9,16,3,38,27.7997998046875,1
2019,9,16,3,38,29.6497998046875,1
2019,9,16,3,38,31.4998000488281,1
2019,9,16,3,38,33.3497998046875,1
2019,9,16,3,38,35.1998000488281,1
2019,9,16,3,38,37.1497998046875,0
2019,9,16,3,38,39.2498000488281,0
2019,9,16,3,38,41.3497998046875,0
2019,9,16,3,38,43.1998000488281,0
2019,9,16,3,38,45.0497998046875,0
2019,9,16,3,38,46.8997998046875,0
2019,9,16,3,38,48.7498000488281,0
2019,9,16,3,38,50.5997998046875,0
2019,9,16,3,38,52.4498000488281,0
2019,9,16,3,38,54.2997998046875,0
2019,9,16,3,38,56.1497998046875,0
2019,9,16,3,38,57.9998000488281,0
2019,9,16,3,38,59.8497998046875,0
2019,9,16,3,39,1.69980004882812,0
2019,9,16,3,39,3.5497998046875,0
2019,9,16,3,39,5.3997998046875,0
2019,9,16,3,39,7.24980004882813,0
2019,9,16,3,39,9.0997998046875,0
2019,9,16,3,39,10.9498000488281,0
2019,9,16,3,39,12.7997998046875,0
2019,9,16,3,39,14.6497998046875,0
2019,9,16,3,39,16.4998000488281,0
2019,9,16,3,39,18.3497998046875,0
2019,9,16,3,39,20.1998000488281,0
2019,9,16,3,39,22.0497998046875,0
2019,9,16,3,39,23.8997998046875,0
2019,9,16,3,39,25.7498000488281,0
2019,9,16,3,39,27.5997998046875,0
2019,9,16,3,39,29.4498000488281,0
2019,9,16,3,39,31.2997998046875,0
2019,9,16,3,39,33.1497998046875,0
2019,9,16,3,39,34.9998000488281,0
2019,9,16,3,39,36.8497998046875,0
2019,9,16,3,39,38.6998000488281,0
2019,9,16,3,39,40.5497998046875,0
2019,9,16,3,39,42.3997998046875,1
2019,9,16,3,39,44.1497998046875,1
2019,9,16,3,39,45.8997998046875,1
2019,9,16,3,39,47.7498000488281,1
2019,9,16,3,39,49.5997998046875,1
2019,9,16,3,39,51.4498000488281,1
2019,9,16,3,39,53.2997998046875,1
2019,9,16,3,39,55.0997998046875,1
2019,9,16,3,39,56.8997998046875,1
2019,9,16,3,39,58.6497998046875,1
2019,9,16,3,40,0.3997998046875,1
2019,9,16,3,40,2.1497998046875,1
2019,9,16,3,40,3.94980004882812,1
2019,9,16,3,40,5.7997998046875,1
2019,9,16,3,40,7.6497998046875,1
2019,9,16,3,40,9.5497998046875,1
2019,9,16,3,40,11.3997998046875,1
2019,9,16,3,40,13.2498000488281,1
2019,9,16,3,40,15.0997998046875,1
2019,9,16,3,40,16.9498000488281,1
2019,9,16,3,40,18.7997998046875,1
2019,9,16,3,40,20.6497998046875,1
2019,9,16,3,40,22.4998000488281,1
2019,9,16,3,40,24.3497998046875,1
2019,9,16,3,40,26.1998000488281,1
2019,9,16,3,40,28.0497998046875,1
2019,9,16,3,40,29.8997998046875,1
2019,9,16,3,40,31.7498000488281,1
2019,9,16,3,40,33.5997998046875,1
2019,9,16,3,40,35.4498000488281,1
2019,9,16,3,40,37.2997998046875,1
2019,9,16,3,40,39.1497998046875,1
2019,9,16,3,40,41.0497998046875,2
2019,9,16,3,40,42.8997998046875,2
2019,9,16,3,40,44.6497998046875,2
2019,9,16,3,40,46.4998000488281,2
2019,9,16,3,40,48.3997998046875,2
2019,9,16,3,40,50.2498000488281,2
2019,9,16,3,40,52.0997998046875,2
2019,9,16,3,40,53.9498000488281,2
2019,9,16,3,40,55.7997998046875,2
2019,9,16,3,40,57.5997998046875,2
2019,9,16,3,40,59.3997998046875,2
2019,9,16,3,41,1.2997998046875,2
2019,9,16,3,41,3.19980004882812,2
2019,9,16,3,41,5.0997998046875,2
2019,9,16,3,41,6.8997998046875,2
2019,9,16,3,41,8.6497998046875,2
2019,9,16,3,41,10.4998000488281,2
2019,9,16,3,41,12.4998000488281,2
2019,9,16,3,41,14.2498000488281,2
2019,9,16,3,41,16.0997998046875,2
2019,9,16,3,41,17.9498000488281,2
2019,9,16,3,41,19.7997998046875,1
2019,9,16,3,41,21.6998000488281,1
2019,9,16,3,41,23.5497998046875,1
2019,9,16,3,41,25.3997998046875,1
2019,9,16,3,41,27.1998000488281,1
2019,9,16,3,41,29.0997998046875,1
2019,9,16,3,41,30.9498000488281,1
2019,9,16,3,41,32.7997998046875,1
2019,9,16,3,41,34.6497998046875,1
2019,9,16,3,41,36.4998000488281,1
2019,9,16,3,41,38.2997998046875,1
2019,9,16,3,41,40.1998000488281,1
2019,9,16,3,41,42.0497998046875,1
2019,9,16,3,41,43.8997998046875,1
2019,9,16,3,41,45.7498000488281,1
2019,9,16,3,41,47.5997998046875,1
2019,9,16,3,41,49.4498000488281,1
2019,9,16,3,41,51.2997998046875,1
2019,9,16,3,41,53.1497998046875,1
2019,9,16,3,41,54.9998000488281,1
2019,9,16,4,9,33.0497998046875,0
2019,9,16,4,9,34.8497998046875,0
2019,9,16,4,9,36.5997998046875,0
2019,9,16,4,9,38.1998000488281,0
2019,9,16,4,9,39.8997998046875,0
2019,9,16,4,9,41.6497998046875,0
2019,9,16,4,9,43.3997998046875,0
2019,9,16,4,9,45.2498000488281,0
2019,9,16,4,9,47.1497998046875,0
2019,9,16,4,9,49.0497998046875,0
2019,9,16,4,9,50.8997998046875,0
2019,9,16,4,9,52.7997998046875,0
2019,9,16,4,9,54.6497998046875,0
2019,9,16,4,9,56.4998000488281,0
2019,9,16,4,9,58.3497998046875,0
2019,9,16,4,10,0.199800048828125,0
2019,9,16,4,10,2.0497998046875,0
2019,9,16,4,10,3.8997998046875,0
2019,9,16,4,10,5.74980004882813,0
2019,9,16,4,10,7.6497998046875,0
2019,9,16,4,10,9.5497998046875,0
2019,9,16,4,10,11.5497998046875,0
2019,9,16,4,10,13.5997998046875,0
2019,9,16,4,10,15.5497998046875,0
2019,9,16,4,10,17.4498000488281,0
2019,9,16,4,10,19.2997998046875,0
2019,9,16,4,10,21.1497998046875,0
2019,9,16,4,10,22.9998000488281,0
2019,9,16,4,10,24.8497998046875,0
2019,9,16,4,10,26.6998000488281,0
2019,9,16,4,10,28.5497998046875,0
2019,9,16,4,10,30.3997998046875,0
2019,9,16,4,10,32.2498000488281,0
2019,9,16,4,10,34.0997998046875,0
2019,9,16,4,10,35.9498000488281,0
2019,9,16,4,10,37.7997998046875,0
2019,9,16,4,10,39.6497998046875,0
2019,9,16,4,10,41.4998000488281,0
2019,9,16,4,10,43.3497998046875,0
2019,9,16,4,10,45.1998000488281,0
2019,9,16,4,10,47.0497998046875,0
2019,9,16,4,10,48.8997998046875,0
2019,9,16,4,10,50.7498000488281,0
2019,9,16,4,10,52.5497998046875,0
2019,9,16,4,10,54.3497998046875,0
2019,9,16,4,10,56.1497998046875,0
2019,9,16,4,10,57.8997998046875,0
2019,9,16,4,10,59.6998000488281,0
2019,9,16,4,11,1.49980004882813,0
2019,9,16,4,11,3.2997998046875,0
2019,9,16,4,11,5.1497998046875,0
2019,9,16,4,11,6.94980004882813,0
2019,9,16,4,11,8.7997998046875,0
2019,9,16,4,11,10.5997998046875,0
2019,9,16,4,11,12.4498000488281,0
2019,9,16,4,11,14.2997998046875,0
2019,9,16,4,11,16.1497998046875,0
2019,9,16,4,11,17.9998000488281,0
2019,9,16,4,11,19.8497998046875,0
2019,9,16,4,11,21.6998000488281,0
2019,9,16,4,11,23.5497998046875,0
2019,9,16,4,11,25.3997998046875,0
2019,9,16,4,11,27.2498000488281,0
2019,9,16,4,11,29.1998000488281,0
2019,9,16,4,11,31.2498000488281,0
2019,9,16,4,11,33.2498000488281,0
2019,9,16,4,11,35.1497998046875,0
2019,9,16,4,11,37.0497998046875,0
2019,9,16,4,11,38.8497998046875,0
2019,9,16,4,11,40.6998000488281,0
2019,9,16,4,11,42.5497998046875,0
2019,9,16,4,11,44.3997998046875,0
2019,9,16,4,11,46.2498000488281,0
2019,9,16,4,11,48.0997998046875,0
2019,9,16,4,11,49.9498000488281,0
2019,9,16,4,11,51.7997998046875,0
2019,9,16,4,11,53.6497998046875,0
2019,9,16,4,11,55.4998000488281,0
2019,9,16,4,11,57.3497998046875,0
2019,9,16,4,11,59.1998000488281,0
2019,9,16,4,12,1.0497998046875,0
2019,9,16,4,12,2.8997998046875,0
2019,9,16,4,12,4.74980004882813,0
2019,9,16,4,12,6.5997998046875,0
2019,9,16,4,12,8.44980004882813,0
2019,9,16,4,12,10.2997998046875,0
2019,9,16,4,12,12.1497998046875,0
2019,9,16,4,12,13.9998000488281,0
2019,9,16,4,12,15.7997998046875,0
2019,9,16,4,13,7.19980004882813,0
2019,9,16,4,13,9.0997998046875,0
2019,9,16,4,13,10.9498000488281,0
2019,9,16,4,13,12.7997998046875,0
2019,9,16,4,13,14.6497998046875,0
2019,9,16,4,13,16.4998000488281,0
2019,9,16,4,13,18.3497998046875,0
2019,9,16,4,13,20.1998000488281,0
2019,9,16,4,13,22.0497998046875,0
2019,9,16,4,13,23.8997998046875,0
2019,9,16,4,13,25.7498000488281,0
2019,9,16,4,13,27.5997998046875,0
2019,9,16,4,13,29.4498000488281,0
2019,9,16,4,13,31.3497998046875,0
2019,9,16,4,13,33.3997998046875,0
2019,9,16,4,13,35.3997998046875,0
2019,9,16,4,13,37.3497998046875,0
2019,9,16,4,13,39.2498000488281,0
2019,9,16,4,13,41.0997998046875,0
2019,9,16,4,13,42.9498000488281,0
2019,9,16,4,13,44.7997998046875,0
2019,9,16,4,13,46.6497998046875,0
2019,9,16,4,13,48.4998000488281,0
2019,9,16,4,13,50.3497998046875,0
2019,9,16,4,13,52.1998000488281,0
2019,9,16,4,13,53.9998000488281,0
2019,9,16,4,13,55.8497998046875,0
2019,9,16,4,13,57.7498000488281,0
2019,9,16,4,13,59.5997998046875,0
2019,9,16,4,14,1.44980004882813,0
2019,9,16,4,14,3.2997998046875,0
2019,9,16,4,14,5.1497998046875,0
2019,9,16,4,14,6.94980004882813,0
2019,9,16,4,14,8.8497998046875,0
2019,9,16,4,14,10.6998000488281,0
2019,9,16,4,14,12.5497998046875,0
2019,9,16,4,14,14.3997998046875,0
2019,9,16,4,14,16.2498000488281,0
2019,9,16,4,14,18.0997998046875,0
2019,9,16,4,14,19.9498000488281,0
2019,9,16,4,14,21.7498000488281,0
2019,9,16,4,14,23.5497998046875,0
2019,9,16,4,14,25.3497998046875,0
2019,9,16,4,14,27.1497998046875,0
2019,9,16,4,14,28.9498000488281,0
2019,9,16,4,14,30.6998000488281,0
2019,9,16,4,14,32.4998000488281,0
2019,9,16,4,14,34.3497998046875,0
2019,9,16,4,14,36.1497998046875,0
2019,9,16,4,14,37.9998000488281,0
2019,9,16,4,14,39.8497998046875,0
2019,9,16,4,14,41.6497998046875,0
2019,9,16,4,14,43.4998000488281,0
2019,9,16,4,14,45.3497998046875,0
2019,9,16,4,14,47.1998000488281,0
2019,9,16,4,14,49.0497998046875,0
2019,9,16,4,14,50.8997998046875,0
2019,9,16,4,14,52.7498000488281,0
2019,9,16,4,14,54.5497998046875,0
2019,9,16,4,14,56.3997998046875,0
2019,9,16,4,14,58.2498000488281,0
2019,9,16,4,15,0.0997998046875,0
2019,9,16,4,15,1.94980004882812,0
2019,9,16,4,15,3.7997998046875,0
2019,9,16,4,15,5.69980004882813,0
2019,9,16,4,15,7.69980004882813,0
2019,9,16,4,15,9.74980004882812,0
2019,9,16,4,15,11.6998000488281,0
2019,9,16,4,15,13.5997998046875,0
2019,9,16,4,15,15.4498000488281,0
2019,9,16,4,15,17.2997998046875,0
2019,9,16,4,15,19.1497998046875,0
2019,9,16,4,15,20.9998000488281,0
2019,9,16,4,15,22.8497998046875,0
2019,9,16,4,15,24.6998000488281,0
2019,9,16,4,15,26.5497998046875,0
2019,9,16,4,15,28.3997998046875,0
2019,9,16,4,15,30.2498000488281,0
2019,9,16,4,15,32.0997998046875,0
2019,9,16,4,15,33.9498000488281,0
2019,9,16,4,15,35.7997998046875,0
2019,9,16,4,15,37.6497998046875,0
2019,9,16,4,15,39.4998000488281,0
2019,9,16,4,15,41.3497998046875,0
2019,9,16,4,15,43.1998000488281,0
2019,9,16,4,15,45.0497998046875,0
2019,9,16,4,15,46.8997998046875,0
2019,9,16,4,15,48.7498000488281,0
2019,9,16,4,15,50.5997998046875,0
2019,9,16,4,15,52.4498000488281,0
2019,9,16,4,15,54.2498000488281,0
2019,9,16,4,15,56.0497998046875,0
2019,9,16,4,15,57.7997998046875,0
2019,9,16,4,15,59.5997998046875,0
2019,9,16,4,16,1.3997998046875,0
2019,9,16,4,16,3.19980004882812,0
2019,9,16,4,16,4.99980004882813,0
2019,9,16,4,16,6.8497998046875,0
2019,9,16,4,16,8.6497998046875,0
2019,9,16,4,16,10.4998000488281,0
2019,9,16,4,16,12.3497998046875,0
2019,9,16,4,16,14.1497998046875,0
2019,9,16,4,16,15.9998000488281,0
2019,9,16,4,16,17.8497998046875,0
2019,9,16,4,16,19.6998000488281,0
2019,9,16,4,16,21.5497998046875,0
2019,9,16,4,16,23.3997998046875,0
2019,9,16,4,16,25.2498000488281,0
2019,9,16,4,16,27.0497998046875,0
2019,9,16,4,16,28.8997998046875,0
2019,9,16,4,16,30.7498000488281,0
2019,9,16,4,16,32.5997998046875,0
2019,9,16,4,16,34.4498000488281,0
2019,9,16,4,16,36.2997998046875,0
2019,9,16,4,16,38.1497998046875,0
2019,9,16,4,16,39.9998000488281,0
2019,9,16,4,16,41.8497998046875,0
2019,9,16,4,16,43.8497998046875,0
2019,9,16,4,16,45.9498000488281,0
2019,9,16,4,16,47.8997998046875,0
2019,9,16,4,16,49.7997998046875,0
2019,9,16,4,16,51.6497998046875,0
2019,9,16,4,16,53.4998000488281,0
2019,9,16,4,16,55.3497998046875,0
2019,9,16,4,16,57.1998000488281,0
2019,9,16,4,16,59.0497998046875,0
2019,9,16,4,17,0.8997998046875,0
2019,9,16,4,17,2.74980004882813,0
2019,9,16,4,17,4.5997998046875,0
2019,9,16,4,17,6.44980004882813,0
2019,9,16,4,17,8.2997998046875,0
2019,9,16,4,17,10.1497998046875,0
2019,9,16,4,17,11.9998000488281,0
2019,9,16,4,17,13.8497998046875,0
2019,9,16,4,17,15.6998000488281,0
2019,9,16,4,17,17.5497998046875,0
2019,9,16,4,17,19.3997998046875,0
2019,9,16,4,17,21.2498000488281,0
2019,9,16,4,17,23.0997998046875,0
2019,9,16,4,17,24.9498000488281,0
2019,9,16,4,17,26.7997998046875,0
2019,9,16,4,17,28.6998000488281,0
2019,9,16,4,17,30.4998000488281,0
2019,9,16,4,17,32.2997998046875,0
2019,9,16,4,17,34.0997998046875,0
2019,9,16,4,17,35.8497998046875,0
2019,9,16,4,17,37.6497998046875,0
2019,9,16,4,17,39.4498000488281,0
2019,9,16,4,17,41.2498000488281,0
2019,9,16,4,17,43.0997998046875,0
2019,9,16,4,17,44.8997998046875,0
2019,9,16,4,17,46.7498000488281,0
2019,9,16,4,17,48.5497998046875,0
2019,9,16,4,17,50.3997998046875,0
2019,9,16,4,17,52.1998000488281,0
2019,9,16,4,17,54.0497998046875,0
2019,9,16,4,17,55.8997998046875,0
2019,9,16,4,17,57.7498000488281,0
2019,9,16,4,17,59.5997998046875,0
2019,9,16,4,18,1.44980004882813,0
2019,9,16,4,18,3.2997998046875,0
2019,9,16,4,18,5.1497998046875,0
2019,9,16,4,18,6.94980004882813,0
2019,9,16,4,18,8.7997998046875,0
2019,9,16,4,18,10.6497998046875,0
2019,9,16,4,18,12.4998000488281,0
2019,9,16,4,18,14.3997998046875,0
2019,9,16,4,18,16.3997998046875,0
2019,9,16,4,18,18.4498000488281,0
2019,9,16,4,18,20.4498000488281,0
2019,9,16,4,18,22.3497998046875,0
2019,9,16,4,18,24.1998000488281,0
2019,9,16,4,18,26.0497998046875,0
2019,9,16,4,18,27.8497998046875,0
2019,9,16,4,18,29.6998000488281,0
2019,9,16,4,18,31.5497998046875,0
2019,9,16,4,18,33.3997998046875,0
2019,9,16,4,18,35.2498000488281,0
2019,9,16,4,18,37.0997998046875,0
2019,9,16,4,18,38.9498000488281,0
2019,9,16,4,18,40.7997998046875,0
2019,9,16,4,18,42.6497998046875,0
2019,9,16,4,18,44.4998000488281,0
2019,9,16,4,18,46.3497998046875,0
2019,9,16,4,18,48.1998000488281,0
2019,9,16,4,18,50.0497998046875,0
2019,9,16,4,18,51.8997998046875,0
2019,9,16,4,18,53.7498000488281,0
2019,9,16,4,18,55.5997998046875,0
2019,9,16,4,18,57.4498000488281,0
2019,9,16,4,18,59.2997998046875,0
2019,9,16,4,19,1.1497998046875,0
2019,9,16,4,19,2.99980004882813,0
2019,9,16,4,19,4.7997998046875,0
2019,9,16,4,19,6.5497998046875,0
2019,9,16,4,19,8.2997998046875,0
2019,9,16,4,19,10.0997998046875,0
2019,9,16,4,19,11.8997998046875,0
2019,9,16,4,19,13.7498000488281,0
2019,9,16,4,19,15.5497998046875,0
2019,9,16,4,19,17.3997998046875,0
2019,9,16,4,19,19.1998000488281,0
2019,9,16,4,19,21.0497998046875,0
2019,9,16,4,19,22.8497998046875,0
2019,9,16,4,19,24.6998000488281,0
2019,9,16,4,19,26.5497998046875,0
2019,9,16,4,19,28.3997998046875,0
2019,9,16,4,19,30.2498000488281,0
2019,9,16,4,19,32.0997998046875,0
2019,9,16,4,19,33.9498000488281,0
2019,9,16,4,19,35.7997998046875,0
2019,9,16,4,19,37.5997998046875,0
2019,9,16,4,19,39.4498000488281,0
2019,9,16,4,19,41.2997998046875,0
2019,9,16,4,19,43.1497998046875,0
2019,9,16,4,19,44.9998000488281,0
2019,9,16,4,19,46.8497998046875,0
2019,9,16,4,19,48.6998000488281,0
2019,9,16,4,19,50.5497998046875,0
2019,9,16,4,19,52.3997998046875,0
2019,9,16,4,19,54.2498000488281,0
2019,9,16,4,19,56.1497998046875,0
2019,9,16,4,19,58.1998000488281,0
2019,9,16,4,20,0.249800048828125,0
2019,9,16,4,20,2.19980004882812,0
2019,9,16,4,20,4.0997998046875,0
2019,9,16,4,20,5.94980004882813,0
2019,9,16,4,20,7.74980004882813,0
2019,9,16,4,20,9.5997998046875,0
2019,9,16,4,20,11.4498000488281,0
2019,9,16,4,20,13.2997998046875,0
2019,9,16,4,20,15.1497998046875,0
2019,9,16,4,20,16.9998000488281,0
2019,9,16,4,20,18.8497998046875,0
2019,9,16,4,20,20.6998000488281,0
2019,9,16,4,20,22.5497998046875,0
2019,9,16,4,20,24.3997998046875,0
2019,9,16,4,20,26.2498000488281,0
2019,9,16,4,20,28.0997998046875,0
2019,9,16,4,20,29.9498000488281,0
2019,9,16,4,20,31.7997998046875,0
2019,9,16,4,20,33.6497998046875,0
2019,9,16,4,20,35.4998000488281,0
2019,9,16,4,20,37.3497998046875,0
2019,9,16,4,20,39.1998000488281,0
2019,9,16,4,20,41.0497998046875,0
2019,9,16,4,20,42.8997998046875,0
2019,9,16,4,20,44.6998000488281,0
2019,9,16,4,20,46.4998000488281,0
2019,9,16,4,20,48.2498000488281,0
2019,9,16,4,20,50.0497998046875,0
2019,9,16,4,20,51.8497998046875,0
2019,9,16,4,20,53.6497998046875,0
2019,9,16,4,20,55.4998000488281,0
2019,9,16,4,20,57.2997998046875,0
2019,9,16,4,20,59.1497998046875,0
2019,9,16,4,21,0.949800048828125,0
2019,9,16,4,21,2.7997998046875,0
2019,9,16,4,21,4.5997998046875,0
2019,9,16,4,21,6.44980004882813,0
2019,9,16,4,21,8.2997998046875,0
2019,9,16,4,21,10.1497998046875,0
2019,9,16,4,21,11.9998000488281,0
2019,9,16,4,21,13.8497998046875,0
2019,9,16,4,21,15.6998000488281,0
2019,9,16,4,21,17.4998000488281,0
2019,9,16,4,21,19.3497998046875,0
2019,9,16,4,21,21.1998000488281,0
2019,9,16,4,21,23.0997998046875,0
2019,9,16,4,21,25.0497998046875,0
2019,9,16,4,21,26.8997998046875,0
2019,9,16,4,21,28.6998000488281,0
2019,9,16,4,21,30.4998000488281,0
2019,9,16,4,21,32.3497998046875,0
2019,9,16,4,21,34.1998000488281,0
2019,9,16,4,21,36.0497998046875,0
2019,9,16,4,21,37.8997998046875,0
2019,9,16,4,21,39.7498000488281,0
2019,9,16,4,21,41.5997998046875,0
2019,9,16,4,21,43.3997998046875,0
2019,9,16,4,21,45.2498000488281,0
2019,9,16,4,21,47.0997998046875,0
2019,9,16,4,21,48.9498000488281,0
2019,9,16,4,21,50.7997998046875,0
2019,9,16,4,21,52.6497998046875,0
2019,9,16,4,21,54.4998000488281,0
2019,9,16,4,21,56.3497998046875,0
2019,9,16,4,21,58.1998000488281,0
2019,9,16,4,22,0.0497998046875,0
2019,9,16,4,22,1.8997998046875,0
2019,9,16,4,22,3.74980004882813,0
2019,9,16,4,22,5.5997998046875,0
2019,9,16,4,22,7.44980004882813,0
2019,9,16,4,22,9.2997998046875,0
2019,9,16,4,22,11.1497998046875,0
2019,9,16,4,22,12.9998000488281,0
2019,9,16,4,22,14.8497998046875,0
2019,9,16,4,22,16.6998000488281,0
2019,9,16,4,22,18.5497998046875,0
2019,9,16,4,22,20.3997998046875,0
2019,9,16,4,22,22.2498000488281,0
2019,9,16,4,22,24.0997998046875,0
2019,9,16,4,22,25.9498000488281,0
2019,9,16,4,22,27.7997998046875,0
2019,9,16,4,22,29.6497998046875,0
2019,9,16,4,22,31.4998000488281,0
2019,9,16,4,22,33.3497998046875,0
2019,9,16,4,22,35.1998000488281,0
2019,9,16,4,22,37.0497998046875,0
2019,9,16,4,22,38.8997998046875,0
2019,9,16,4,23,29.6497998046875,0
2019,9,16,4,23,31.5997998046875,0
2019,9,16,4,23,33.4998000488281,0
2019,9,16,4,23,35.3497998046875,0
2019,9,16,4,23,37.1998000488281,0
2019,9,16,4,23,38.9998000488281,0
2019,9,16,4,23,40.8497998046875,0
2019,9,16,4,23,42.7498000488281,0
2019,9,16,4,23,44.5997998046875,0
2019,9,16,4,23,46.4498000488281,0
2019,9,16,4,23,48.2498000488281,0
2019,9,16,4,23,50.0997998046875,0
2019,9,16,4,23,51.9998000488281,0
2019,9,16,4,23,53.8497998046875,0
2019,9,16,4,23,55.6998000488281,0
2019,9,16,4,23,57.5497998046875,0
2019,9,16,4,23,59.3497998046875,0
2019,9,16,4,24,1.19980004882813,0
2019,9,16,4,24,3.0997998046875,0
2019,9,16,4,24,4.8997998046875,0
2019,9,16,4,24,6.7997998046875,0
2019,9,16,4,24,8.6497998046875,0
2019,9,16,4,24,10.4998000488281,0
2019,9,16,4,24,12.2997998046875,0
2019,9,16,4,24,14.1497998046875,0
2019,9,16,4,24,15.9498000488281,0
2019,9,16,4,24,17.7498000488281,0
2019,9,16,4,24,19.5497998046875,0
2019,9,16,4,24,21.3497998046875,0
2019,9,16,4,24,23.1497998046875,0
2019,9,16,4,24,24.9498000488281,0
2019,9,16,4,24,26.7498000488281,0
2019,9,16,4,24,28.5997998046875,0
2019,9,16,4,24,30.3997998046875,0
2019,9,16,4,24,32.2498000488281,0
2019,9,16,4,24,34.0997998046875,0
2019,9,16,4,24,35.8997998046875,0
2019,9,16,4,24,37.7498000488281,0
2019,9,16,4,24,39.5997998046875,0
2019,9,16,4,24,41.4498000488281,0
2019,9,16,4,24,43.2997998046875,0
2019,9,16,4,24,45.1497998046875,0
2019,9,16,4,24,46.9998000488281,0
2019,9,16,4,24,48.8497998046875,0
2019,9,16,4,24,50.6998000488281,0
2019,9,16,4,24,52.4998000488281,0
2019,9,16,4,24,54.3497998046875,0
2019,9,16,4,24,56.1998000488281,0
2019,9,16,4,24,58.0497998046875,0
2019,9,16,4,24,59.8997998046875,0
2019,9,16,4,25,1.74980004882813,0
2019,9,16,4,25,3.5997998046875,0
2019,9,16,4,25,5.44980004882813,0
2019,9,16,4,25,7.2997998046875,0
2019,9,16,4,25,9.1497998046875,0
2019,9,16,4,25,10.9998000488281,0
2019,9,16,4,25,12.8497998046875,0
2019,9,16,4,25,14.6998000488281,0
2019,9,16,4,25,16.5497998046875,0
2019,9,16,4,25,18.3997998046875,0
2019,9,16,4,25,20.2498000488281,0
2019,9,16,4,25,22.0997998046875,0
2019,9,16,4,25,23.9498000488281,0
2019,9,16,4,25,25.7997998046875,0
2019,9,16,4,25,27.6497998046875,0
2019,9,16,4,25,29.4998000488281,0
2019,9,16,4,25,31.3497998046875,0
2019,9,16,4,25,33.1998000488281,0
2019,9,16,4,25,35.0497998046875,0
2019,9,16,4,25,36.8997998046875,0
2019,9,16,4,25,38.7498000488281,0
2019,9,16,4,25,40.5997998046875,0
2019,9,16,4,25,42.4498000488281,0
2019,9,16,4,25,44.2997998046875,0
2019,9,16,4,25,46.1497998046875,0
2019,9,16,4,25,47.9998000488281,0
2019,9,16,4,25,49.8497998046875,0
2019,9,16,4,25,51.6998000488281,0
2019,9,16,4,25,53.5497998046875,0
2019,9,16,4,25,55.3997998046875,0
2019,9,16,4,25,57.2498000488281,0
2019,9,16,4,25,59.0997998046875,0
2019,9,16,4,26,0.949800048828125,0
2019,9,16,4,26,2.7997998046875,0
2019,9,16,4,26,4.6497998046875,0
2019,9,16,4,26,6.49980004882813,0
2019,9,16,4,26,8.24980004882812,0
2019,9,16,4,26,9.8997998046875,0
2019,9,16,4,26,11.6497998046875,0
2019,9,16,4,26,13.3997998046875,0
2019,9,16,4,26,15.2498000488281,0
2019,9,16,4,26,17.0997998046875,0
2019,9,16,4,26,18.9498000488281,0
2019,9,16,4,26,20.7997998046875,0
2019,9,16,4,26,22.6497998046875,0
2019,9,16,4,26,24.4998000488281,0
2019,9,16,4,26,26.3497998046875,0
2019,9,16,4,26,28.1998000488281,0
2019,9,16,4,26,30.0497998046875,0
2019,9,16,4,26,31.8997998046875,0
2019,9,16,4,26,33.7498000488281,0
2019,9,16,4,26,35.5997998046875,0
2019,9,16,4,26,37.4498000488281,0
2019,9,16,4,26,39.2997998046875,0
2019,9,16,4,26,41.1497998046875,0
2019,9,16,4,26,42.9998000488281,0
2019,9,16,4,26,44.8497998046875,0
2019,9,16,4,26,46.6998000488281,0
2019,9,16,4,26,48.5497998046875,0
2019,9,16,4,26,50.3997998046875,0
2019,9,16,4,26,52.2498000488281,0
2019,9,16,4,26,54.0997998046875,0
2019,9,16,4,26,55.9498000488281,0
2019,9,16,4,26,57.7997998046875,0
2019,9,16,4,26,59.6497998046875,0
2019,9,16,4,27,1.5497998046875,0
2019,9,16,4,27,3.3997998046875,0
2019,9,16,4,27,5.2997998046875,0
2019,9,16,4,27,7.19980004882813,0
2019,9,16,4,27,9.0497998046875,0
2019,9,16,4,27,10.9498000488281,0
2019,9,16,4,27,12.8497998046875,0
2019,9,16,4,27,14.6998000488281,0
2019,9,16,4,27,16.5997998046875,0
2019,9,16,4,27,18.4498000488281,0
2019,9,16,4,27,20.3497998046875,0
2019,9,16,4,27,22.1998000488281,0
2019,9,16,4,27,24.0997998046875,0
2019,9,16,4,27,25.9498000488281,0
2019,9,16,4,27,27.7997998046875,0
2019,9,16,4,27,29.6497998046875,0
2019,9,16,4,27,31.5497998046875,0
2019,9,16,4,27,33.3997998046875,0
2019,9,16,4,27,35.2498000488281,0
2019,9,16,4,27,37.0997998046875,0
2019,9,16,4,27,38.9498000488281,0
2019,9,16,4,27,40.7997998046875,0
2019,9,16,4,27,42.6497998046875,0
2019,9,16,4,27,44.4998000488281,0
2019,9,16,4,27,46.3497998046875,0
2019,9,16,4,27,48.2498000488281,0
2019,9,16,4,27,50.0997998046875,0
2019,9,16,4,27,51.9498000488281,0
2019,9,16,4,27,53.7997998046875,0
2019,9,16,4,27,55.6497998046875,0
2019,9,16,4,27,57.4998000488281,0
2019,9,16,4,27,59.3497998046875,0
2019,9,16,4,28,1.19980004882813,0
2019,9,16,4,28,3.0497998046875,0
2019,9,16,4,28,4.8997998046875,0
2019,9,16,4,28,6.74980004882813,0
2019,9,16,4,28,8.5997998046875,0
2019,9,16,4,28,10.4998000488281,0
2019,9,16,4,28,12.3497998046875,0
2019,9,16,4,28,14.1998000488281,0
2019,9,16,4,28,16.0497998046875,0
2019,9,16,4,28,17.8497998046875,0
2019,9,16,4,28,19.6998000488281,0
2019,9,16,4,28,21.5497998046875,0
2019,9,16,4,28,23.4498000488281,0
2019,9,16,4,28,25.2498000488281,0
2019,9,16,4,28,27.0997998046875,0
2019,9,16,4,28,28.9498000488281,0
2019,9,16,4,28,30.7997998046875,0
2019,9,16,4,28,32.6497998046875,0
2019,9,16,4,28,34.4998000488281,0
2019,9,16,4,28,36.3497998046875,0
2019,9,16,4,28,38.1998000488281,0
2019,9,16,4,28,40.0497998046875,0
2019,9,16,4,28,41.8997998046875,0
2019,9,16,4,28,43.7498000488281,0
2019,9,16,4,28,45.5997998046875,0
2019,9,16,4,28,47.4498000488281,0
2019,9,16,4,28,49.2997998046875,0
2019,9,16,4,28,51.1497998046875,0
2019,9,16,4,28,52.9998000488281,0
2019,9,16,4,28,54.8497998046875,0
2019,9,16,4,28,56.6998000488281,0
2019,9,16,4,28,58.5497998046875,0
2019,9,16,4,29,0.3997998046875,0
2019,9,16,4,29,2.24980004882813,0
2019,9,16,4,29,4.0997998046875,0
2019,9,16,4,29,5.94980004882813,0
2019,9,16,4,29,7.7997998046875,0
2019,9,16,4,29,9.6497998046875,0
2019,9,16,4,29,11.4998000488281,0
2019,9,16,4,29,13.3497998046875,0
2019,9,16,4,29,15.1998000488281,0
2019,9,16,4,29,17.0497998046875,0
2019,9,16,4,29,18.8997998046875,0
2019,9,16,4,29,20.7498000488281,0
2019,9,16,4,29,22.5997998046875,0
2019,9,16,4,29,24.4498000488281,0
2019,9,16,4,29,26.2997998046875,0
2019,9,16,4,29,28.1497998046875,0
2019,9,16,4,29,29.9998000488281,0
2019,9,16,4,29,31.8497998046875,0
2019,9,16,4,29,33.6998000488281,0
2019,9,16,4,29,35.5497998046875,0
2019,9,16,4,29,37.3997998046875,0
2019,9,16,4,29,39.2498000488281,0
2019,9,16,4,29,41.0997998046875,0
2019,9,16,4,29,42.9498000488281,0
2019,9,16,4,29,44.7997998046875,0
2019,9,16,4,29,46.6497998046875,0
2019,9,16,4,29,48.4998000488281,0
2019,9,16,4,29,50.3497998046875,0
2019,9,16,4,29,52.1998000488281,0
2019,9,16,4,29,54.0497998046875,0
2019,9,16,4,29,55.8997998046875,0
2019,9,16,4,29,57.7498000488281,0
2019,9,16,4,29,59.5997998046875,0
2019,9,16,4,30,1.44980004882813,0
2019,9,16,4,30,3.2997998046875,0
2019,9,16,4,30,5.1497998046875,0
2019,9,16,4,30,6.99980004882813,0
2019,9,16,4,30,8.8497998046875,0
2019,9,16,4,30,10.6998000488281,0
2019,9,16,4,30,12.5497998046875,0
2019,9,16,4,30,14.3997998046875,0
2019,9,16,4,30,16.2498000488281,0
2019,9,16,4,30,18.0997998046875,0
2019,9,16,4,30,19.9498000488281,0
2019,9,16,4,30,21.7997998046875,0
2019,9,16,4,30,23.6497998046875,0
2019,9,16,4,30,25.4998000488281,0
2019,9,16,4,30,27.3497998046875,0
2019,9,16,4,30,29.1998000488281,0
2019,9,16,4,30,31.0497998046875,0
2019,9,16,4,30,32.8997998046875,0
2019,9,16,4,30,34.7498000488281,0
2019,9,16,4,30,36.5997998046875,0
2019,9,16,4,30,38.4498000488281,0
2019,9,16,4,30,40.2997998046875,0
2019,9,16,4,30,42.1497998046875,0
2019,9,16,4,30,43.9998000488281,0
2019,9,16,4,30,45.8497998046875,0
2019,9,16,4,30,47.6998000488281,0
2019,9,16,4,30,49.5497998046875,0
2019,9,16,4,30,51.3997998046875,0
2019,9,16,4,30,53.2498000488281,0
2019,9,16,4,30,55.0997998046875,0
2019,9,16,4,30,56.9498000488281,0
2019,9,16,4,30,58.7997998046875,0
2019,9,16,4,31,0.6497998046875,0
2019,9,16,4,31,2.49980004882813,0
2019,9,16,4,31,4.3497998046875,0
2019,9,16,4,31,6.19980004882813,0
2019,9,16,4,31,8.0497998046875,0
2019,9,16,4,31,9.8997998046875,0
2019,9,16,4,31,11.7498000488281,0
2019,9,16,4,31,13.5997998046875,0
2019,9,16,4,31,15.4498000488281,0
2019,9,16,4,31,17.2997998046875,0
2019,9,16,4,31,19.1497998046875,0
2019,9,16,4,31,20.9998000488281,0
2019,9,16,4,31,22.8497998046875,0
2019,9,16,4,31,24.6998000488281,0
2019,9,16,4,31,26.5497998046875,0
2019,9,16,4,31,28.3997998046875,0
2019,9,16,4,31,30.2498000488281,0
2019,9,16,4,31,32.0997998046875,0
2019,9,16,4,31,33.9498000488281,0
2019,9,16,4,31,35.7997998046875,0
2019,9,16,4,31,37.6497998046875,0
2019,9,16,4,31,39.4998000488281,0
2019,9,16,4,31,41.3497998046875,0
2019,9,16,4,31,43.1998000488281,0
2019,9,16,4,31,45.0497998046875,0
2019,9,16,4,31,46.8997998046875,0
2019,9,16,4,31,48.7498000488281,0
2019,9,16,4,31,50.5997998046875,0
2019,9,16,4,31,52.4498000488281,0
2019,9,16,4,31,54.2997998046875,0
2019,9,16,4,31,56.1497998046875,0
2019,9,16,4,31,57.9998000488281,0
2019,9,16,4,31,59.8497998046875,0
2019,9,16,4,32,1.69980004882812,0
2019,9,16,4,32,3.5497998046875,0
2019,9,16,4,32,5.3997998046875,0
2019,9,16,4,32,7.24980004882813,0
2019,9,16,4,32,9.0997998046875,0
2019,9,16,4,32,10.9498000488281,0
2019,9,16,4,32,12.7997998046875,0
2019,9,16,4,32,14.6497998046875,0
2019,9,16,4,32,16.4998000488281,0
2019,9,16,4,32,18.3497998046875,0
2019,9,16,4,32,20.1998000488281,0
2019,9,16,4,32,22.0497998046875,0
2019,9,16,4,32,23.8997998046875,0
2019,9,16,4,32,25.7498000488281,0
2019,9,16,4,32,27.5997998046875,0
2019,9,16,4,32,29.4498000488281,0
2019,9,16,4,32,31.2997998046875,0
2019,9,16,4,32,33.1497998046875,0
2019,9,16,4,32,34.9998000488281,0
2019,9,16,4,32,36.8497998046875,0
2019,9,16,4,32,38.6998000488281,0
2019,9,16,4,32,40.5497998046875,0
2019,9,16,4,32,42.3997998046875,0
2019,9,16,4,32,44.2498000488281,0
2019,9,16,4,32,46.0997998046875,0
2019,9,16,4,32,47.9498000488281,0
2019,9,16,4,32,49.7997998046875,0
2019,9,16,4,32,51.6497998046875,0
2019,9,16,4,32,53.4998000488281,0
2019,9,16,4,32,55.3497998046875,0
2019,9,16,4,32,57.1998000488281,0
2019,9,16,4,32,59.0497998046875,0
2019,9,16,4,33,0.8997998046875,0
2019,9,16,4,33,2.74980004882813,0
2019,9,16,4,33,4.5997998046875,0
2019,9,16,4,33,6.44980004882813,0
2019,9,16,4,33,8.2997998046875,0
2019,9,16,4,33,10.1497998046875,0
2019,9,16,4,33,11.9998000488281,0
2019,9,16,4,33,13.8497998046875,0
2019,9,16,4,33,15.6998000488281,0
2019,9,16,4,33,17.5497998046875,0
2019,9,16,4,33,19.3997998046875,0
2019,9,16,4,33,21.2498000488281,0
2019,9,16,4,33,23.0997998046875,0
2019,9,16,4,33,24.9498000488281,0
2019,9,16,4,33,26.7997998046875,0
2019,9,16,4,33,28.6497998046875,0
2019,9,16,4,33,30.4998000488281,0
2019,9,16,4,33,32.3497998046875,0
2019,9,16,4,33,34.1998000488281,0
2019,9,16,4,33,36.0497998046875,0
2019,9,16,4,33,37.8997998046875,0
2019,9,16,4,33,39.7498000488281,0
2019,9,16,4,33,41.5997998046875,0
2019,9,16,4,33,43.4498000488281,0
2019,9,16,4,33,45.2997998046875,0
2019,9,16,4,33,47.1497998046875,0
2019,9,16,4,33,48.9998000488281,0
2019,9,16,4,33,50.8497998046875,0
2019,9,16,4,33,52.6998000488281,0
2019,9,16,4,33,54.5497998046875,0
2019,9,16,4,33,56.3997998046875,0
2019,9,16,4,33,58.2498000488281,0
2019,9,16,4,34,0.0997998046875,0
2019,9,16,4,34,1.94980004882812,0
2019,9,16,4,35,26.4998000488281,0
2019,9,16,4,35,28.2997998046875,0
2019,9,16,4,35,30.1497998046875,0
2019,9,16,4,35,31.9998000488281,0
2019,9,16,4,35,33.8497998046875,0
2019,9,16,4,35,35.6998000488281,0
2019,9,16,4,35,37.5497998046875,0
2019,9,16,4,35,39.3997998046875,0
2019,9,16,4,35,41.2498000488281,0
2019,9,16,4,35,43.0997998046875,0
2019,9,16,4,35,44.9498000488281,0
2019,9,16,4,35,46.7997998046875,0
2019,9,16,4,35,48.6497998046875,0
2019,9,16,4,35,50.4998000488281,0
2019,9,16,4,35,52.3497998046875,0
2019,9,16,4,35,54.1998000488281,0
2019,9,16,4,35,56.0497998046875,0
2019,9,16,4,35,57.8997998046875,0
2019,9,16,4,35,59.7498000488281,0
2019,9,16,4,36,1.5997998046875,0
2019,9,16,4,36,3.44980004882812,0
2019,9,16,4,36,5.2997998046875,0
2019,9,16,4,36,7.19980004882813,0
2019,9,16,4,36,9.0497998046875,0
2019,9,16,4,36,10.8997998046875,0
2019,9,16,4,36,12.7498000488281,0
2019,9,16,4,36,14.5997998046875,0
2019,9,16,4,36,16.4498000488281,0
2019,9,16,4,36,18.2997998046875,0
2019,9,16,4,36,20.1497998046875,0
2019,9,16,4,36,21.9998000488281,0
2019,9,16,4,36,23.8497998046875,0
2019,9,16,4,36,25.6998000488281,0
2019,9,16,4,36,27.5497998046875,0
2019,9,16,4,36,29.3997998046875,0
2019,9,16,4,36,31.2498000488281,0
2019,9,16,4,36,33.0997998046875,0
2019,9,16,4,36,34.9498000488281,0
2019,9,16,4,36,36.7997998046875,0
2019,9,16,4,36,38.6497998046875,0
2019,9,16,4,36,40.4998000488281,0
2019,9,16,4,36,42.3497998046875,0
2019,9,16,4,36,44.1998000488281,0
2019,9,16,4,36,46.0497998046875,0
2019,9,16,4,36,47.8997998046875,0
2019,9,16,4,36,49.7498000488281,0
2019,9,16,4,36,51.5997998046875,0
2019,9,16,4,36,53.4498000488281,0
2019,9,16,4,36,55.2997998046875,0
2019,9,16,4,36,57.1497998046875,0
2019,9,16,4,36,58.9998000488281,0
2019,9,16,4,37,0.8497998046875,0
2019,9,16,4,37,2.69980004882812,0
2019,9,16,4,37,4.5497998046875,0
2019,9,16,4,37,6.3997998046875,0
2019,9,16,4,37,8.24980004882812,0
2019,9,16,4,37,10.0997998046875,0
2019,9,16,4,37,11.9498000488281,0
2019,9,16,4,37,13.7997998046875,0
2019,9,16,4,37,15.6497998046875,0
2019,9,16,4,37,17.4998000488281,0
2019,9,16,4,37,19.3497998046875,0
2019,9,16,4,37,21.1998000488281,0
2019,9,16,4,37,23.0497998046875,0
2019,9,16,4,37,24.8997998046875,0
2019,9,16,4,37,26.7498000488281,0
2019,9,16,4,37,28.5997998046875,0
2019,9,16,4,37,30.4498000488281,0
2019,9,16,4,37,32.2997998046875,0
2019,9,16,4,37,34.1497998046875,0
2019,9,16,4,37,35.9998000488281,0
2019,9,16,4,37,37.8497998046875,0
2019,9,16,4,37,39.6998000488281,0
2019,9,16,4,37,41.5497998046875,0
2019,9,16,4,37,43.3997998046875,0
2019,9,16,4,37,45.2498000488281,0
2019,9,16,4,37,47.0997998046875,0
2019,9,16,4,37,48.9498000488281,0
2019,9,16,4,37,50.7997998046875,0
2019,9,16,4,37,52.6497998046875,0
2019,9,16,4,37,54.4998000488281,0
2019,9,16,4,37,56.3497998046875,0
2019,9,16,4,37,58.1998000488281,0
2019,9,16,4,38,0.0497998046875,0
2019,9,16,4,38,1.8997998046875,0
2019,9,16,4,38,3.74980004882813,0
2019,9,16,4,38,5.5997998046875,0
2019,9,16,4,38,7.44980004882813,0
2019,9,16,4,38,9.2997998046875,0
2019,9,16,4,38,11.1497998046875,0
2019,9,16,4,38,12.9998000488281,0
2019,9,16,4,38,14.8497998046875,0
2019,9,16,4,38,16.6998000488281,0
2019,9,16,4,38,18.5497998046875,0
2019,9,16,4,38,20.3997998046875,0
2019,9,16,4,38,22.2498000488281,0
2019,9,16,4,38,24.0997998046875,0
2019,9,16,4,38,25.9498000488281,0
2019,9,16,4,38,27.7997998046875,0
2019,9,16,4,38,29.6497998046875,0
2019,9,16,4,38,31.4998000488281,0
2019,9,16,4,38,33.3497998046875,0
2019,9,16,4,38,35.1998000488281,0
2019,9,16,4,38,37.0497998046875,0
2019,9,16,4,38,38.8997998046875,0
2019,9,16,4,38,40.7498000488281,0
2019,9,16,4,38,42.5997998046875,0
2019,9,16,4,38,44.4498000488281,0
2019,9,16,4,38,46.2997998046875,0
2019,9,16,4,38,48.1497998046875,0
2019,9,16,4,38,49.9998000488281,0
2019,9,16,4,38,51.8497998046875,0
2019,9,16,4,38,53.6998000488281,0
2019,9,16,4,38,55.5497998046875,0
2019,9,16,4,38,57.3997998046875,0
2019,9,16,4,38,59.2498000488281,0
2019,9,16,4,39,1.0997998046875,0
2019,9,16,4,39,2.94980004882812,0
2019,9,16,4,39,4.7997998046875,0
2019,9,16,4,39,6.6497998046875,0
2019,9,16,4,39,8.49980004882812,0
2019,9,16,4,39,10.3497998046875,0
2019,9,16,4,39,12.1998000488281,0
2019,9,16,4,39,14.0497998046875,0
2019,9,16,4,39,15.8997998046875,0
2019,9,16,4,39,17.7498000488281,0
2019,9,16,4,39,19.5997998046875,0
2019,9,16,4,39,21.4498000488281,0
2019,9,16,4,39,23.2997998046875,0
2019,9,16,4,39,25.1497998046875,0
2019,9,16,4,39,26.9998000488281,0
2019,9,16,4,39,28.8497998046875,0
2019,9,16,4,39,30.6998000488281,0
2019,9,16,4,39,32.5497998046875,0
2019,9,16,4,39,34.3997998046875,0
2019,9,16,4,39,36.2498000488281,0
2019,9,16,4,39,38.0997998046875,0
2019,9,16,4,39,39.9498000488281,0
2019,9,16,4,39,41.7997998046875,0
2019,9,16,4,39,43.6497998046875,0
2019,9,16,4,39,45.4998000488281,0
2019,9,16,4,39,47.3497998046875,0
2019,9,16,4,39,49.1998000488281,0
2019,9,16,4,39,51.0497998046875,0
2019,9,16,4,39,52.8997998046875,0
2019,9,16,4,39,54.7498000488281,0
2019,9,16,4,39,56.5997998046875,0
2019,9,16,4,39,58.4498000488281,0
2019,9,16,4,40,0.2997998046875,0
2019,9,16,4,40,2.1497998046875,0
2019,9,16,4,40,3.99980004882813,0
2019,9,16,4,40,5.8497998046875,0
2019,9,16,4,40,7.69980004882813,0
2019,9,16,4,40,9.5497998046875,0
2019,9,16,4,40,11.3997998046875,0
2019,9,16,4,40,13.2498000488281,0
2019,9,16,4,40,15.0997998046875,0
2019,9,16,4,40,16.9498000488281,0
2019,9,16,4,40,18.7997998046875,0
2019,9,16,4,40,20.6497998046875,0
2019,9,16,4,40,22.4998000488281,0
2019,9,16,4,40,24.3497998046875,0
2019,9,16,4,40,26.1998000488281,0
2019,9,16,4,40,28.0497998046875,0
2019,9,16,4,40,29.8997998046875,0
2019,9,16,4,40,31.7498000488281,0
2019,9,16,4,40,33.5997998046875,0
2019,9,16,4,40,35.4498000488281,0
2019,9,16,4,40,37.2997998046875,0
2019,9,16,4,40,39.1497998046875,0
2019,9,16,4,40,40.9998000488281,0
2019,9,16,4,40,42.8497998046875,0
2019,9,16,4,40,44.6998000488281,0
2019,9,16,4,40,46.5497998046875,0
2019,9,16,4,40,48.3997998046875,0
2019,9,16,4,40,50.2498000488281,0
2019,9,16,4,40,52.0997998046875,0
2019,9,16,4,40,53.9498000488281,0
2019,9,16,4,40,55.7997998046875,0
2019,9,16,4,40,57.6497998046875,0
2019,9,16,4,40,59.4998000488281,0
2019,9,16,4,41,1.3497998046875,0
2019,9,16,4,41,3.19980004882812,0
2019,9,16,4,41,5.0497998046875,0
2019,9,16,4,41,6.8997998046875,0
2019,9,16,4,41,8.74980004882812,0
2019,9,16,4,41,10.5997998046875,0
2019,9,16,4,41,12.4498000488281,0
2019,9,16,4,41,14.2997998046875,0
2019,9,16,4,41,16.1497998046875,0
2019,9,16,4,41,17.9998000488281,0
2019,9,16,4,41,19.8497998046875,0
2019,9,16,4,41,21.6998000488281,0
2019,9,16,4,41,23.5497998046875,0
2019,9,16,4,41,25.3997998046875,0
2019,9,16,4,41,27.2498000488281,0
2019,9,16,4,41,29.0997998046875,0
2019,9,16,4,41,30.9498000488281,0
2019,9,16,4,41,32.7997998046875,0
2019,9,16,4,41,34.6497998046875,0
2019,9,16,4,41,36.4998000488281,0
2019,9,16,4,41,38.3497998046875,0
2019,9,16,4,41,40.1998000488281,0
2019,9,16,4,41,42.0497998046875,0
2019,9,16,4,41,43.8997998046875,0
2019,9,16,4,41,45.7498000488281,0
2019,9,16,4,41,47.5997998046875,0
2019,9,16,4,41,49.4498000488281,0
2019,9,16,4,41,51.2997998046875,0
2019,9,16,4,41,53.1497998046875,0
2019,9,16,4,41,54.9998000488281,0
2019,9,16,4,41,56.8497998046875,0
2019,9,16,4,41,58.6998000488281,0
2019,9,16,4,42,0.5497998046875,0
2019,9,16,4,42,2.3997998046875,0
2019,9,16,4,42,4.24980004882813,0
2019,9,16,4,42,6.0997998046875,0
2019,9,16,4,42,7.94980004882813,0
2019,9,16,4,42,9.7997998046875,0
2019,9,16,4,42,11.6497998046875,0
2019,9,16,4,42,13.4998000488281,0
2019,9,16,4,42,15.3497998046875,0
2019,9,16,4,42,17.1998000488281,0
2019,9,16,4,42,19.0497998046875,0
2019,9,16,4,42,20.8997998046875,0
2019,9,16,4,42,22.7498000488281,0
2019,9,16,4,42,24.5997998046875,0
2019,9,16,4,42,26.4498000488281,0
2019,9,16,4,42,28.2997998046875,0
2019,9,16,4,42,30.1497998046875,0
2019,9,16,4,42,31.9998000488281,0
2019,9,16,4,42,33.8497998046875,0
2019,9,16,4,42,35.6998000488281,0
2019,9,16,4,42,37.5497998046875,0
2019,9,16,4,42,39.3997998046875,0
2019,9,16,4,42,41.2498000488281,0
2019,9,16,4,42,43.0997998046875,0
2019,9,16,4,42,44.9498000488281,0
2019,9,16,4,42,46.7997998046875,0
2019,9,16,4,42,48.6497998046875,0
2019,9,16,4,42,50.4998000488281,0
2019,9,16,4,42,52.3497998046875,0
2019,9,16,4,42,54.1998000488281,0
2019,9,16,4,42,56.0497998046875,0
2019,9,16,4,42,57.8997998046875,0
2019,9,16,4,42,59.7498000488281,0
2019,9,16,4,43,1.5997998046875,0
2019,9,16,4,43,3.44980004882812,0
2019,9,16,4,43,5.2997998046875,0
2019,9,16,4,43,7.1497998046875,0
2019,9,16,4,43,8.99980004882812,0
2019,9,16,4,43,10.8497998046875,0
2019,9,16,4,43,12.6998000488281,0
2019,9,16,4,43,14.5497998046875,0
2019,9,16,4,43,16.3997998046875,0
2019,9,16,4,43,18.2498000488281,0
2019,9,16,4,43,20.0997998046875,0
2019,9,16,4,43,21.9498000488281,0
2019,9,16,4,43,23.7997998046875,0
2019,9,16,4,43,25.6497998046875,0
2019,9,16,4,43,27.4998000488281,0
2019,9,16,4,43,29.3497998046875,0
2019,9,16,4,43,31.1998000488281,0
2019,9,16,4,43,33.0497998046875,0
2019,9,16,4,43,34.8997998046875,0
2019,9,16,4,43,36.7498000488281,0
2019,9,16,4,43,38.5997998046875,0
2019,9,16,4,43,40.4498000488281,0
2019,9,16,4,43,42.2997998046875,0
2019,9,16,4,43,44.1497998046875,0
2019,9,16,4,43,45.9998000488281,0
2019,9,16,4,43,47.8497998046875,0
2019,9,16,4,43,49.6998000488281,0
2019,9,16,4,43,51.5497998046875,0
2019,9,16,4,43,53.3997998046875,0
2019,9,16,4,43,55.2498000488281,0
2019,9,16,4,43,57.0997998046875,0
2019,9,16,4,43,58.9498000488281,0
2019,9,16,4,44,0.7997998046875,0
2019,9,16,4,44,2.6497998046875,0
2019,9,16,4,44,4.49980004882813,0
2019,9,16,4,44,6.3497998046875,0
2019,9,16,4,44,8.19980004882813,0
2019,9,16,4,44,10.0497998046875,0
2019,9,16,4,44,11.8997998046875,0
2019,9,16,4,44,13.7498000488281,0
2019,9,16,4,44,15.5997998046875,0
2019,9,16,4,44,17.4498000488281,0
2019,9,16,4,44,19.2997998046875,0
2019,9,16,4,44,21.1497998046875,0
2019,9,16,4,44,22.9998000488281,0
2019,9,16,4,44,24.8497998046875,0
2019,9,16,4,44,26.6998000488281,0
2019,9,16,4,44,28.5497998046875,0
2019,9,16,4,44,30.3997998046875,0
2019,9,16,4,44,32.2498000488281,0
2019,9,16,4,44,34.0997998046875,0
2019,9,16,4,44,35.9498000488281,0
2019,9,16,4,44,37.7997998046875,0
2019,9,16,4,44,39.6497998046875,0
2019,9,16,4,44,41.4998000488281,0
2019,9,16,4,44,43.3497998046875,0
2019,9,16,4,44,45.1998000488281,0
2019,9,16,4,44,47.0497998046875,0
2019,9,16,4,44,48.8997998046875,0
2019,9,16,4,44,50.7498000488281,0
2019,9,16,4,44,52.5997998046875,0
2019,9,16,4,44,54.4498000488281,0
2019,9,16,4,44,56.2997998046875,0
2019,9,16,4,44,58.1497998046875,0
2019,9,16,4,44,59.9998000488281,0
2019,9,16,2,54,44.4998000488281,0
2019,9,16,2,54,46.3497998046875,0
2019,9,16,2,54,48.1998000488281,0
2019,9,16,2,54,50.0497998046875,0
2019,9,16,2,54,51.8997998046875,0
2019,9,16,2,54,53.7498000488281,0
2019,9,16,2,54,55.5997998046875,0
2019,9,16,2,54,57.4498000488281,0
2019,9,16,2,54,59.2997998046875,0
2019,9,16,2,55,1.1497998046875,0
2019,9,16,2,55,2.99980004882813,0
2019,9,16,2,55,4.8497998046875,0
2019,9,16,2,55,6.69980004882813,0
2019,9,16,2,55,8.5497998046875,0
2019,9,16,2,55,10.3997998046875,0
2019,9,16,2,55,12.2498000488281,0
2019,9,16,2,55,14.0997998046875,0
2019,9,16,2,55,15.9498000488281,0
2019,9,16,2,55,17.7997998046875,0
2019,9,16,2,55,19.6497998046875,0
2019,9,16,2,55,21.4998000488281,0
2019,9,16,2,55,23.3497998046875,0
2019,9,16,2,55,25.1998000488281,0
2019,9,16,2,55,27.0497998046875,0
2019,9,16,2,55,28.8997998046875,0
2019,9,16,2,55,30.7498000488281,0
2019,9,16,2,55,32.5997998046875,0
2019,9,16,2,55,34.4498000488281,0
2019,9,16,2,55,36.2997998046875,0
2019,9,16,2,55,38.1497998046875,0
2019,9,16,2,55,39.9998000488281,0
2019,9,16,2,55,41.8497998046875,0
2019,9,16,2,55,43.6998000488281,0
2019,9,16,2,55,45.5497998046875,0
2019,9,16,2,55,47.3997998046875,0
2019,9,16,2,55,49.2498000488281,0
2019,9,16,2,55,51.0997998046875,0
2019,9,16,2,55,52.9498000488281,0
2019,9,16,2,55,54.7997998046875,0
2019,9,16,2,55,56.6497998046875,0
2019,9,16,2,55,58.4998000488281,0
2019,9,16,2,56,0.3497998046875,0
2019,9,16,2,56,2.19980004882812,0
2019,9,16,2,56,4.0497998046875,0
2019,9,16,2,56,5.8997998046875,0
2019,9,16,2,56,7.74980004882813,0
2019,9,16,2,56,9.5997998046875,0
2019,9,16,2,56,11.4498000488281,0
2019,9,16,2,56,13.2997998046875,0
2019,9,16,2,56,15.1497998046875,0
2019,9,16,2,56,16.9998000488281,0
2019,9,16,2,56,18.8497998046875,0
2019,9,16,2,56,20.6998000488281,0
2019,9,16,2,56,22.5497998046875,0
2019,9,16,2,56,24.3997998046875,0
2019,9,16,2,56,26.2498000488281,0
2019,9,16,2,56,28.0997998046875,0
2019,9,16,2,56,29.9498000488281,0
2019,9,16,2,56,31.7997998046875,0
2019,9,16,2,56,33.6497998046875,0
2019,9,16,2,56,35.4998000488281,0
2019,9,16,2,56,37.3497998046875,0
2019,9,16,2,56,39.1998000488281,0
2019,9,16,2,56,41.0497998046875,0
2019,9,16,2,56,42.8997998046875,0
2019,9,16,2,56,44.7498000488281,0
2019,9,16,2,56,46.5997998046875,0
2019,9,16,2,56,48.4498000488281,0
2019,9,16,2,56,50.2997998046875,0
2019,9,16,2,56,52.1497998046875,0
2019,9,16,2,56,53.9998000488281,0
2019,9,16,2,56,55.8497998046875,0
2019,9,16,2,56,57.6998000488281,0
2019,9,16,2,56,59.5497998046875,0
2019,9,16,2,57,1.3997998046875,0
2019,9,16,2,57,3.24980004882813,0
2019,9,16,2,57,5.0997998046875,0
2019,9,16,2,57,6.94980004882813,0
2019,9,16,2,57,8.7997998046875,0
2019,9,16,2,57,10.6497998046875,0
2019,9,16,2,57,12.4998000488281,0
2019,9,16,2,57,14.3497998046875,0
2019,9,16,2,57,16.1998000488281,0
2019,9,16,2,57,18.0497998046875,0
2019,9,16,2,57,19.8997998046875,0
2019,9,16,2,57,21.7498000488281,0
2019,9,16,2,57,23.5997998046875,0
2019,9,16,2,57,25.4498000488281,0
2019,9,16,2,57,27.2997998046875,0
2019,9,16,2,57,29.1497998046875,0
2019,9,16,2,57,30.9998000488281,0
2019,9,16,2,57,32.8497998046875,0
2019,9,16,2,57,34.6998000488281,0
2019,9,16,2,57,36.5497998046875,0
2019,9,16,2,57,38.3997998046875,0
2019,9,16,2,57,40.2498000488281,0
2019,9,16,2,57,42.0997998046875,0
2019,9,16,2,57,43.9498000488281,0
2019,9,16,2,57,45.7997998046875,0
2019,9,16,2,57,47.6497998046875,0
2019,9,16,2,57,49.4998000488281,0
2019,9,16,2,57,51.3497998046875,0
2019,9,16,2,57,53.1998000488281,0
2019,9,16,2,57,55.0497998046875,0
2019,9,16,2,57,56.8997998046875,0
2019,9,16,2,57,58.7498000488281,0
2019,9,16,2,58,0.5997998046875,0
2019,9,16,2,58,2.44980004882812,0
2019,9,16,2,58,4.2997998046875,0
2019,9,16,2,58,6.1497998046875,0
2019,9,16,2,58,7.99980004882813,0
2019,9,16,2,58,9.8497998046875,0
2019,9,16,2,58,11.6998000488281,0
2019,9,16,2,58,13.5497998046875,0
2019,9,16,2,58,15.3997998046875,0
2019,9,16,2,58,17.2498000488281,0
2019,9,16,2,58,19.0997998046875,0
2019,9,16,2,58,20.9498000488281,0
2019,9,16,2,58,22.7997998046875,0
2019,9,16,2,58,24.6497998046875,0
2019,9,16,2,58,26.4998000488281,0
2019,9,16,2,58,28.3497998046875,0
2019,9,16,2,58,30.1998000488281,0
2019,9,16,2,58,32.0497998046875,0
2019,9,16,2,58,33.8997998046875,0
2019,9,16,2,58,35.7498000488281,0
2019,9,16,2,58,37.5997998046875,0
2019,9,16,2,58,39.4498000488281,0
2019,9,16,2,58,41.2997998046875,0
2019,9,16,2,58,43.1497998046875,0
2019,9,16,2,58,44.9998000488281,0
2019,9,16,2,58,46.8497998046875,0
2019,9,16,2,58,48.6998000488281,0
2019,9,16,2,58,50.5497998046875,0
2019,9,16,2,58,52.3997998046875,0
2019,9,16,2,58,54.2498000488281,0
2019,9,16,2,58,56.0997998046875,0
2019,9,16,2,58,57.9498000488281,0
2019,9,16,2,58,59.7997998046875,0
2019,9,16,2,59,1.6497998046875,0
2019,9,16,2,59,3.49980004882813,0
2019,9,16,2,59,5.3497998046875,0
2019,9,16,2,59,7.19980004882813,0
2019,9,16,2,59,9.0497998046875,0
2019,9,16,2,59,10.8997998046875,0
2019,9,16,2,59,12.7498000488281,0
2019,9,16,2,59,14.5997998046875,0
2019,9,16,2,59,16.4498000488281,0
2019,9,16,2,59,18.2997998046875,0
2019,9,16,2,59,20.1497998046875,0
2019,9,16,2,59,21.9998000488281,0
2019,9,16,2,59,23.8497998046875,0
2019,9,16,2,59,25.6998000488281,0
2019,9,16,2,59,27.5497998046875,0
2019,9,16,2,59,29.3997998046875,0
2019,9,16,2,59,31.2498000488281,0
2019,9,16,2,59,33.0997998046875,0
2019,9,16,2,59,34.9498000488281,0
2019,9,16,2,59,36.7997998046875,0
2019,9,16,2,59,38.6497998046875,0
2019,9,16,2,59,40.4998000488281,0
2019,9,16,2,59,42.3497998046875,0
2019,9,16,2,59,44.1998000488281,0
2019,9,16,2,59,46.0497998046875,0
2019,9,16,2,59,47.8997998046875,0
2019,9,16,2,59,49.7498000488281,0
2019,9,16,2,59,51.5997998046875,0
2019,9,16,2,59,53.4498000488281,0
2019,9,16,2,59,55.2997998046875,0
2019,9,16,2,59,57.1497998046875,0
2019,9,16,2,59,58.9998000488281,0
2019,9,16,3,0,0.8497998046875,0
2019,9,16,3,0,2.69980004882812,0
2019,9,16,3,0,4.5497998046875,0
2019,9,16,3,0,6.3997998046875,0
2019,9,16,3,0,8.24980004882812,0
2019,9,16,3,0,10.0997998046875,0
2019,9,16,3,0,11.9498000488281,0
2019,9,16,3,0,13.7997998046875,0
2019,9,16,3,0,15.6497998046875,0
2019,9,16,3,0,17.4998000488281,0
2019,9,16,3,0,19.3497998046875,0
2019,9,16,3,0,21.1998000488281,0
2019,9,16,3,0,23.0497998046875,0
2019,9,16,3,0,24.8997998046875,0
2019,9,16,3,0,26.7498000488281,0
2019,9,16,3,0,28.5997998046875,0
2019,9,16,3,0,30.4498000488281,0
2019,9,16,3,0,32.2997998046875,0
2019,9,16,3,0,34.1497998046875,0
2019,9,16,3,0,35.9998000488281,0
2019,9,16,3,0,37.8497998046875,0
2019,9,16,3,0,39.6998000488281,0
2019,9,16,3,0,41.5497998046875,0
2019,9,16,3,0,43.3997998046875,0
2019,9,16,3,0,45.2498000488281,0
2019,9,16,3,0,47.0997998046875,0
2019,9,16,3,0,48.9498000488281,0
2019,9,16,3,0,50.7997998046875,0
2019,9,16,3,0,52.6497998046875,0
2019,9,16,3,0,54.4998000488281,0
2019,9,16,3,0,56.3497998046875,0
2019,9,16,3,0,58.1998000488281,0
2019,9,16,3,1,0.0497998046875,0
2019,9,16,3,1,1.8997998046875,0
2019,9,16,3,1,3.74980004882813,0
2019,9,16,3,1,5.5997998046875,0
2019,9,16,3,1,7.44980004882813,0
2019,9,16,3,1,9.2997998046875,0
2019,9,16,3,1,11.1497998046875,0
2019,9,16,3,1,12.9998000488281,0
2019,9,16,3,1,14.8497998046875,0
2019,9,16,3,1,16.6998000488281,0
2019,9,16,3,1,18.5497998046875,0
2019,9,16,3,1,20.3997998046875,0
2019,9,16,3,1,22.2498000488281,0
2019,9,16,3,1,24.0997998046875,0
2019,9,16,3,1,25.9498000488281,0
2019,9,16,3,1,27.7997998046875,0
2019,9,16,3,1,29.6497998046875,0
2019,9,16,3,1,31.4998000488281,0
2019,9,16,3,1,33.3497998046875,0
2019,9,16,3,1,35.1998000488281,0
2019,9,16,3,1,37.0497998046875,0
2019,9,16,3,1,38.8997998046875,0
2019,9,16,3,1,40.7498000488281,0
2019,9,16,3,1,42.5997998046875,0
2019,9,16,3,1,44.4498000488281,0
2019,9,16,3,1,46.2997998046875,0
2019,9,16,3,1,48.1497998046875,0
2019,9,16,3,1,49.9998000488281,0
2019,9,16,3,1,51.8497998046875,0
2019,9,16,3,1,53.6998000488281,0
2019,9,16,3,1,55.5497998046875,0
2019,9,16,3,1,57.3997998046875,0
2019,9,16,3,1,59.2498000488281,0
2019,9,16,3,2,1.0997998046875,0
2019,9,16,3,2,2.94980004882812,0
2019,9,16,3,2,4.7997998046875,0
2019,9,16,3,2,6.6497998046875,0
2019,9,16,3,2,8.49980004882812,0
2019,9,16,3,2,10.3497998046875,0
2019,9,16,3,2,12.1998000488281,0
2019,9,16,3,2,14.0497998046875,0
2019,9,16,3,2,15.8997998046875,0
2019,9,16,3,2,17.7498000488281,0
2019,9,16,3,2,19.5997998046875,0
2019,9,16,3,2,21.4498000488281,0
2019,9,16,3,2,23.2997998046875,0
2019,9,16,3,2,25.1497998046875,0
2019,9,16,3,2,26.9998000488281,0
2019,9,16,3,2,28.8497998046875,0
2019,9,16,3,2,30.6998000488281,0
2019,9,16,3,2,32.5497998046875,0
2019,9,16,3,2,34.3997998046875,0
2019,9,16,3,2,36.2498000488281,0
2019,9,16,3,2,38.0997998046875,0
2019,9,16,3,2,39.9498000488281,0
2019,9,16,3,2,41.7997998046875,0
2019,9,16,3,2,43.6497998046875,0
2019,9,16,3,2,45.4998000488281,0
2019,9,16,3,2,47.3497998046875,0
2019,9,16,3,2,49.1998000488281,0
2019,9,16,3,2,51.0497998046875,0
2019,9,16,3,2,52.8997998046875,0
2019,9,16,3,2,54.7498000488281,0
2019,9,16,3,2,56.5997998046875,0
2019,9,16,3,2,58.4498000488281,0
2019,9,16,3,3,0.2997998046875,0
2019,9,16,3,3,2.1497998046875,0
2019,9,16,3,3,3.99980004882813,0
2019,9,16,3,3,5.8497998046875,0
2019,9,16,3,3,7.69980004882813,0
2019,9,16,3,3,9.5497998046875,0
2019,9,16,3,3,11.3997998046875,0
2019,9,16,3,3,13.2498000488281,0
2019,9,16,3,3,15.0997998046875,0
2019,9,16,3,3,16.9498000488281,0
2019,9,16,3,3,18.7997998046875,0
2019,9,16,3,3,20.6497998046875,0
2019,9,16,3,3,22.4998000488281,0
2019,9,16,3,3,24.3497998046875,0
2019,9,16,3,3,26.1998000488281,0
2019,9,16,3,3,28.0497998046875,0
2019,9,16,3,3,29.8997998046875,0
2019,9,16,3,3,31.7498000488281,0
2019,9,16,3,3,33.5997998046875,0
2019,9,16,3,3,35.4498000488281,0
2019,9,16,3,3,37.2997998046875,0
2019,9,16,3,3,39.1497998046875,0
2019,9,16,3,3,40.9998000488281,0
2019,9,16,3,3,42.8497998046875,0
2019,9,16,3,3,44.6998000488281,0
2019,9,16,3,3,46.5497998046875,0
2019,9,16,3,3,48.3997998046875,0
2019,9,16,3,3,50.2498000488281,0
2019,9,16,3,3,52.0997998046875,0
2019,9,16,3,3,53.9498000488281,0
2019,9,16,3,3,55.7997998046875,0
2019,9,16,3,3,57.6497998046875,0
2019,9,16,3,3,59.4998000488281,0
2019,9,16,3,4,1.3497998046875,0
2019,9,16,3,4,3.19980004882812,0
2019,9,16,3,4,5.0497998046875,0
2019,9,16,3,4,6.8997998046875,0
2019,9,16,3,4,8.74980004882812,0
2019,9,16,3,4,10.5997998046875,0
2019,9,16,3,4,12.4498000488281,0
2019,9,16,3,4,14.2997998046875,0
2019,9,16,3,4,16.1497998046875,0
2019,9,16,3,4,17.9998000488281,0
2019,9,16,3,4,19.8497998046875,0
2019,9,16,3,4,21.6998000488281,0
2019,9,16,3,4,23.5497998046875,0
2019,9,16,3,4,25.3997998046875,0
2019,9,16,3,4,27.2498000488281,0
2019,9,16,3,4,29.0997998046875,0
2019,9,16,3,4,30.9498000488281,0
2019,9,16,3,4,32.7997998046875,0
2019,9,16,3,4,34.6497998046875,0
2019,9,16,3,4,36.4998000488281,0
2019,9,16,3,4,38.3497998046875,0
2019,9,16,3,4,40.1998000488281,0
2019,9,16,3,4,42.0497998046875,0
2019,9,16,3,4,43.8997998046875,0
2019,9,16,3,4,45.7498000488281,0
2019,9,16,3,4,47.5997998046875,0
2019,9,16,3,4,49.4498000488281,0
2019,9,16,3,4,51.2997998046875,0
2019,9,16,3,4,53.1497998046875,0
2019,9,16,3,4,54.9998000488281,0
2019,9,16,3,4,56.8497998046875,0
2019,9,16,3,4,58.6998000488281,0
2019,9,16,3,5,0.5497998046875,0
2019,9,16,3,5,2.3997998046875,0
2019,9,16,3,5,4.24980004882813,0
2019,9,16,3,5,6.0997998046875,0
2019,9,16,3,5,7.94980004882813,0
2019,9,16,3,5,9.7997998046875,0
2019,9,16,3,5,11.6497998046875,0
2019,9,16,3,5,13.4998000488281,0
2019,9,16,3,5,15.3497998046875,0
2019,9,16,3,5,17.1998000488281,0
2019,9,16,3,5,19.0497998046875,0
2019,9,16,3,5,20.8997998046875,0
2019,9,16,3,5,22.7498000488281,0
2019,9,16,3,5,24.5997998046875,0
2019,9,16,3,5,26.4498000488281,0
2019,9,16,3,5,28.2997998046875,0
2019,9,16,3,5,30.1497998046875,0
2019,9,16,3,5,31.9998000488281,0
2019,9,16,3,5,33.8497998046875,0
2019,9,16,3,5,35.6998000488281,0
2019,9,16,3,5,37.5497998046875,0
2019,9,16,3,5,39.3997998046875,0
2019,9,16,3,5,41.2498000488281,0
2019,9,16,3,5,43.0997998046875,0
2019,9,16,3,5,44.9498000488281,0
2019,9,16,3,5,46.7997998046875,0
2019,9,16,3,5,48.6497998046875,0
2019,9,16,3,5,50.4998000488281,0
2019,9,16,3,5,52.3497998046875,0
2019,9,16,3,5,54.1998000488281,0
2019,9,16,3,5,56.0497998046875,0
2019,9,16,3,5,57.8997998046875,0
2019,9,16,3,5,59.7498000488281,0
2019,9,16,3,6,1.5997998046875,0
2019,9,16,3,6,3.44980004882812,0
2019,9,16,3,6,5.2997998046875,0
2019,9,16,3,6,7.1497998046875,0
2019,9,16,3,6,8.99980004882812,0
2019,9,16,3,6,10.8497998046875,0
2019,9,16,3,6,12.6998000488281,0
2019,9,16,3,6,14.5497998046875,0
2019,9,16,3,6,16.3997998046875,0
2019,9,16,3,6,18.2498000488281,0
2019,9,16,3,6,20.0997998046875,0
2019,9,16,3,6,21.9498000488281,0
2019,9,16,3,6,23.7997998046875,0
2019,9,16,3,6,25.6497998046875,0
2019,9,16,3,6,27.4998000488281,0
2019,9,16,3,6,29.3497998046875,0
2019,9,16,3,6,31.1998000488281,0
2019,9,16,3,6,33.0497998046875,0
2019,9,16,3,6,34.8997998046875,0
2019,9,16,3,6,36.7498000488281,0
2019,9,16,3,6,38.5997998046875,0
2019,9,16,3,6,40.4498000488281,0
2019,9,16,3,6,42.2997998046875,0
2019,9,16,3,6,44.1497998046875,0
2019,9,16,3,7,14.2498000488281,0
2019,9,16,3,7,16.1497998046875,0
2019,9,16,3,7,17.9998000488281,0
2019,9,16,3,7,19.8497998046875,0
2019,9,16,3,7,21.6998000488281,0
2019,9,16,3,7,23.5497998046875,0
2019,9,16,3,7,25.3997998046875,0
2019,9,16,3,7,27.1998000488281,0
2019,9,16,3,7,29.0497998046875,0
2019,9,16,3,7,30.8997998046875,0
2019,9,16,3,7,32.6998000488281,0
2019,9,16,3,7,34.4998000488281,0
2019,9,16,3,7,36.2498000488281,0
2019,9,16,3,7,38.0497998046875,0
2019,9,16,3,7,39.8497998046875,0
2019,9,16,3,7,41.6998000488281,0
2019,9,16,3,7,43.4998000488281,0
2019,9,16,3,7,45.3497998046875,0
2019,9,16,3,7,47.1497998046875,0
2019,9,16,3,7,48.9998000488281,0
2019,9,16,3,7,50.7997998046875,0
2019,9,16,3,7,52.6497998046875,0
2019,9,16,3,7,54.4998000488281,0
2019,9,16,3,7,56.2997998046875,0
2019,9,16,3,7,57.9998000488281,0
2019,9,16,3,7,59.7997998046875,0
2019,9,16,3,8,1.6497998046875,0
2019,9,16,3,8,3.5497998046875,0
2019,9,16,3,8,5.44980004882813,0
2019,9,16,3,8,7.2997998046875,0
2019,9,16,3,8,9.1497998046875,0
2019,9,16,3,8,10.9998000488281,0
2019,9,16,3,8,12.8997998046875,0
2019,9,16,3,8,14.7498000488281,0
2019,9,16,3,8,16.5997998046875,0
2019,9,16,3,8,18.4498000488281,0
2019,9,16,3,8,20.2997998046875,0
2019,9,16,3,8,22.1497998046875,0
2019,9,16,3,8,23.9998000488281,0
2019,9,16,3,8,25.8497998046875,0
2019,9,16,3,8,27.6998000488281,0
2019,9,16,3,8,29.5497998046875,0
2019,9,16,3,8,31.3997998046875,0
2019,9,16,3,8,33.2498000488281,0
2019,9,16,3,8,35.0997998046875,0
2019,9,16,3,8,36.9498000488281,0
2019,9,16,3,8,38.7997998046875,0
2019,9,16,3,8,40.6497998046875,0
2019,9,16,3,8,42.4998000488281,0
2019,9,16,3,8,44.3497998046875,0
2019,9,16,3,8,46.2498000488281,0
2019,9,16,3,8,48.0997998046875,0
2019,9,16,3,8,49.9498000488281,0
2019,9,16,3,8,51.7997998046875,0
2019,9,16,3,8,53.6497998046875,0
2019,9,16,3,8,55.4998000488281,0
2019,9,16,3,8,57.3497998046875,0
2019,9,16,3,8,59.1998000488281,0
2019,9,16,3,9,1.0497998046875,0
2019,9,16,3,9,2.8997998046875,0
2019,9,16,3,9,4.74980004882813,0
2019,9,16,3,9,6.5997998046875,0
2019,9,16,3,9,8.44980004882813,0
2019,9,16,3,9,10.2997998046875,0
2019,9,16,3,9,12.1497998046875,0
2019,9,16,3,9,13.9998000488281,0
2019,9,16,3,9,15.8497998046875,0
2019,9,16,3,9,17.6998000488281,0
2019,9,16,3,9,19.5497998046875,0
2019,9,16,3,9,21.3997998046875,0
2019,9,16,3,9,23.2498000488281,0
2019,9,16,3,9,25.0997998046875,0
2019,9,16,3,9,26.9498000488281,0
2019,9,16,3,9,28.7997998046875,0
2019,9,16,3,9,30.6497998046875,0
2019,9,16,3,9,32.4998000488281,0
2019,9,16,3,9,34.3497998046875,0
2019,9,16,3,9,36.1998000488281,0
2019,9,16,3,9,38.0497998046875,0
2019,9,16,3,9,39.8997998046875,0
2019,9,16,3,9,41.7498000488281,0
2019,9,16,3,9,43.5997998046875,0
2019,9,16,3,9,45.4498000488281,0
2019,9,16,3,9,47.2498000488281,0
2019,9,16,3,9,49.0497998046875,0
2019,9,16,3,9,50.7498000488281,0
2019,9,16,3,9,52.6497998046875,0
2019,9,16,3,9,54.5497998046875,0
2019,9,16,3,9,56.3497998046875,0
2019,9,16,3,9,58.1998000488281,0
2019,9,16,3,10,0.0997998046875,0
2019,9,16,3,10,1.94980004882812,0
2019,9,16,3,10,3.8497998046875,0
2019,9,16,3,10,5.69980004882813,0
2019,9,16,3,10,7.5497998046875,0
2019,9,16,3,10,9.3997998046875,0
2019,9,16,3,10,11.2997998046875,0
2019,9,16,3,10,13.1497998046875,0
2019,9,16,3,10,14.9998000488281,0
2019,9,16,3,10,16.8497998046875,0
2019,9,16,3,10,18.6998000488281,0
2019,9,16,3,10,20.5497998046875,0
2019,9,16,3,10,22.3997998046875,0
2019,9,16,3,10,24.2498000488281,0
2019,9,16,3,10,26.0997998046875,0
2019,9,16,3,10,27.9998000488281,0
2019,9,16,3,10,29.8497998046875,0
2019,9,16,3,10,31.6998000488281,0
2019,9,16,3,10,33.5497998046875,0
2019,9,16,3,10,35.3997998046875,0
2019,9,16,3,10,37.2498000488281,0
2019,9,16,3,10,39.0997998046875,0
2019,9,16,3,10,40.9498000488281,0
2019,9,16,3,10,42.7997998046875,0
2019,9,16,3,10,44.6497998046875,0
2019,9,16,3,10,46.4998000488281,0
2019,9,16,3,10,48.3497998046875,0
2019,9,16,3,10,50.1998000488281,0
2019,9,16,3,10,52.0497998046875,0
2019,9,16,3,10,53.8997998046875,0
2019,9,16,3,10,55.7498000488281,0
2019,9,16,3,10,57.5997998046875,0
2019,9,16,3,10,59.4498000488281,0
2019,9,16,3,11,1.2997998046875,0
2019,9,16,3,11,3.1497998046875,0
2019,9,16,3,11,4.99980004882813,0
2019,9,16,3,11,6.8497998046875,0
2019,9,16,3,11,8.69980004882813,0
2019,9,16,3,11,10.5497998046875,0
2019,9,16,3,11,12.3997998046875,0
2019,9,16,3,11,14.2498000488281,0
2019,9,16,3,11,16.0997998046875,0
2019,9,16,3,11,17.9498000488281,0
2019,9,16,3,11,19.7997998046875,0
2019,9,16,3,11,21.6497998046875,0
2019,9,16,3,11,23.4998000488281,0
2019,9,16,3,11,25.3497998046875,0
2019,9,16,3,11,27.1998000488281,0
2019,9,16,3,11,29.0497998046875,0
2019,9,16,3,11,30.8997998046875,0
2019,9,16,3,11,32.7498000488281,0
2019,9,16,3,11,34.5997998046875,0
2019,9,16,3,11,36.4498000488281,0
2019,9,16,3,11,38.2997998046875,0
2019,9,16,3,11,40.1497998046875,0
2019,9,16,3,11,41.9998000488281,0
2019,9,16,3,11,43.8497998046875,0
2019,9,16,3,11,45.6998000488281,0
2019,9,16,3,11,47.5497998046875,0
2019,9,16,3,11,49.3997998046875,0
2019,9,16,3,11,51.2498000488281,0
2019,9,16,3,11,53.0997998046875,0
2019,9,16,3,11,54.9498000488281,0
2019,9,16,3,11,56.7997998046875,0
2019,9,16,3,11,58.6497998046875,0
2019,9,16,3,12,0.499800048828125,0
2019,9,16,3,12,2.3497998046875,0
2019,9,16,3,12,4.19980004882813,0
2019,9,16,3,12,6.0497998046875,0
2019,9,16,3,12,7.8997998046875,0
2019,9,16,3,12,9.74980004882812,0
2019,9,16,3,12,11.5997998046875,0
2019,9,16,3,12,13.4498000488281,0
2019,9,16,3,12,15.2997998046875,0
2019,9,16,3,12,17.1497998046875,0
2019,9,16,3,12,18.9998000488281,0
2019,9,16,3,12,20.8497998046875,0
2019,9,16,3,12,22.6998000488281,0
2019,9,16,3,12,24.5497998046875,0
2019,9,16,3,12,26.3997998046875,0
2019,9,16,3,12,28.2498000488281,0
2019,9,16,3,12,30.0997998046875,0
2019,9,16,3,12,31.9498000488281,0
2019,9,16,3,12,33.7997998046875,0
2019,9,16,3,12,35.6497998046875,0
2019,9,16,3,12,37.4998000488281,0
2019,9,16,3,12,39.3497998046875,0
2019,9,16,3,12,41.1998000488281,1
2019,9,16,3,12,43.0497998046875,1
2019,9,16,3,12,44.8997998046875,1
2019,9,16,3,12,46.7498000488281,2
2019,9,16,3,12,48.5997998046875,2
2019,9,16,3,12,50.4498000488281,2
2019,9,16,3,12,52.2997998046875,2
2019,9,16,3,12,54.1497998046875,2
2019,9,16,3,12,55.9998000488281,2
2019,9,16,3,12,57.8497998046875,2
2019,9,16,3,12,59.6998000488281,2
2019,9,16,3,13,1.5497998046875,2
2019,9,16,3,13,3.3997998046875,2
2019,9,16,3,13,5.24980004882813,2
2019,9,16,3,13,7.0997998046875,2
2019,9,16,3,13,8.94980004882813,2
2019,9,16,3,13,10.7997998046875,1
2019,9,16,3,13,12.6497998046875,1
2019,9,16,3,13,14.4998000488281,1
2019,9,16,3,13,16.3497998046875,1
2019,9,16,3,13,18.1998000488281,1
2019,9,16,3,13,20.0497998046875,1
2019,9,16,3,13,21.8997998046875,1
2019,9,16,3,13,23.7498000488281,1
2019,9,16,3,13,25.5997998046875,1
2019,9,16,3,13,27.4498000488281,1
2019,9,16,3,13,29.2997998046875,1
2019,9,16,3,13,31.1497998046875,1
2019,9,16,3,13,32.9998000488281,1
2019,9,16,3,13,34.8497998046875,1
2019,9,16,3,13,36.6998000488281,1
2019,9,16,3,13,38.5497998046875,1
2019,9,16,3,13,40.3997998046875,1
2019,9,16,3,13,42.2498000488281,0
2019,9,16,3,13,44.0997998046875,0
2019,9,16,3,13,45.9498000488281,0
2019,9,16,3,13,47.7997998046875,0
2019,9,16,3,13,49.6497998046875,0
2019,9,16,3,13,51.4998000488281,0
2019,9,16,3,13,53.3497998046875,0
2019,9,16,3,13,55.1998000488281,0
2019,9,16,3,13,57.0497998046875,0
2019,9,16,3,13,58.8997998046875,0
2019,9,16,3,14,0.749800048828125,0
2019,9,16,3,14,2.5997998046875,0
2019,9,16,3,14,4.44980004882813,0
2019,9,16,3,14,6.2997998046875,0
2019,9,16,3,14,8.1497998046875,0
2019,9,16,3,14,9.99980004882812,0
2019,9,16,3,14,11.8497998046875,0
2019,9,16,3,14,13.6998000488281,0
2019,9,16,3,14,15.5497998046875,0
2019,9,16,3,14,17.3997998046875,0
2019,9,16,3,14,19.2498000488281,0
2019,9,16,3,14,21.0997998046875,0
2019,9,16,3,14,22.9498000488281,0
2019,9,16,3,14,24.7997998046875,0
2019,9,16,3,14,26.6497998046875,0
2019,9,16,3,14,28.4998000488281,0
2019,9,16,3,14,30.3497998046875,0
2019,9,16,3,14,32.1998000488281,0
2019,9,16,3,14,34.0497998046875,0
2019,9,16,3,14,35.8997998046875,0
2019,9,16,3,14,37.7498000488281,0
2019,9,16,3,14,39.5997998046875,0
2019,9,16,3,14,41.4498000488281,0
2019,9,16,3,14,43.2997998046875,0
2019,9,16,3,14,45.1497998046875,0
2019,9,16,3,14,46.9998000488281,0
2019,9,16,3,14,48.8497998046875,0
2019,9,16,3,14,50.6998000488281,0
2019,9,16,3,14,52.5497998046875,0
2019,9,16,3,14,54.3997998046875,0
2019,9,16,3,14,56.2498000488281,0
2019,9,16,3,14,58.0997998046875,0
2019,9,16,3,14,59.9498000488281,0
2019,9,16,3,15,1.7997998046875,0
2019,9,16,3,15,3.6497998046875,0
2019,9,16,3,15,5.49980004882813,0
2019,9,16,3,15,7.3497998046875,0
2019,9,16,3,15,9.19980004882813,0
2019,9,16,3,15,11.0497998046875,0
2019,9,16,3,15,12.8997998046875,0
2019,9,16,3,15,14.7498000488281,0
2019,9,16,3,15,16.5997998046875,0
2019,9,16,3,15,18.4498000488281,0
2019,9,16,3,15,20.4998000488281,0
2019,9,16,3,15,22.5497998046875,0
2019,9,16,3,15,24.4998000488281,0
2019,9,16,3,15,26.3997998046875,0
2019,9,16,3,15,28.2498000488281,0
2019,9,16,3,15,30.0497998046875,0
2019,9,16,3,15,31.8997998046875,0
2019,9,16,3,15,33.7498000488281,0
2019,9,16,3,15,35.5997998046875,0
2019,9,16,3,15,37.4998000488281,0
2019,9,16,3,15,39.3497998046875,0
2019,9,16,3,15,41.1998000488281,0
2019,9,16,3,15,43.0497998046875,0
2019,9,16,3,15,44.8997998046875,0
2019,9,16,3,15,46.7498000488281,0
2019,9,16,3,15,48.5997998046875,0
2019,9,16,3,15,50.4498000488281,0
2019,9,16,3,15,52.2997998046875,0
2019,9,16,3,15,54.1497998046875,0
2019,9,16,3,15,55.9998000488281,0
2019,9,16,3,15,57.8497998046875,0
2019,9,16,3,15,59.6998000488281,0
2019,9,16,3,16,1.5497998046875,0
2019,9,16,3,16,3.3997998046875,0
2019,9,16,3,16,5.24980004882813,0
2019,9,16,3,16,7.0997998046875,0
2019,9,16,3,16,8.94980004882813,0
2019,9,16,3,16,10.7498000488281,0
2019,9,16,3,16,12.5997998046875,0
2019,9,16,3,16,14.3997998046875,0
2019,9,16,3,16,16.1998000488281,0
2019,9,16,3,16,17.9498000488281,0
2019,9,16,3,16,19.7498000488281,0
2019,9,16,3,16,21.5497998046875,0
2019,9,16,3,16,23.3497998046875,0
2019,9,16,3,16,25.1998000488281,0
2019,9,16,3,16,26.9998000488281,0
2019,9,16,3,16,28.8497998046875,0
2019,9,16,3,16,30.6998000488281,0
2019,9,16,3,16,32.4998000488281,0
2019,9,16,3,16,34.3497998046875,0
2019,9,16,3,16,36.1998000488281,0
2019,9,16,3,16,38.0497998046875,0
2019,9,16,3,16,39.8997998046875,0
2019,9,16,3,16,41.7498000488281,0
2019,9,16,3,16,43.5997998046875,0
2019,9,16,3,16,45.4498000488281,0
2019,9,16,3,16,47.2997998046875,0
2019,9,16,3,16,49.2498000488281,0
2019,9,16,3,16,51.2997998046875,0
2019,9,16,3,16,53.2997998046875,0
2019,9,16,3,16,55.1998000488281,0
2019,9,16,3,16,57.0997998046875,0
2019,9,16,3,16,58.8997998046875,0
2019,9,16,3,17,0.749800048828125,0
2019,9,16,3,17,2.5997998046875,0
2019,9,16,3,17,4.44980004882813,0
2019,9,16,3,17,6.2997998046875,0
2019,9,16,3,17,8.1497998046875,0
2019,9,16,3,17,9.99980004882812,0
2019,9,16,3,17,11.8497998046875,0
2019,9,16,3,17,13.6998000488281,0
2019,9,16,3,17,15.5497998046875,0
2019,9,16,3,17,17.3997998046875,0
2019,9,16,3,17,52.6497998046875,0
2019,9,16,3,17,54.4498000488281,0
2019,9,16,3,17,56.2997998046875,0
2019,9,16,3,17,58.0997998046875,0
2019,9,16,3,17,59.9498000488281,0
2019,9,16,3,18,1.8497998046875,0
2019,9,16,3,18,3.8997998046875,0
2019,9,16,3,18,5.94980004882813,0
2019,9,16,3,18,7.8497998046875,0
2019,9,16,3,18,9.74980004882812,0
2019,9,16,3,18,11.5997998046875,0
2019,9,16,3,18,13.4498000488281,0
2019,9,16,3,18,15.2997998046875,0
2019,9,16,3,18,17.0997998046875,0
2019,9,16,3,18,18.9498000488281,0
2019,9,16,3,18,20.8497998046875,0
2019,9,16,3,18,22.6998000488281,0
2019,9,16,3,18,24.5497998046875,0
2019,9,16,3,18,26.3997998046875,0
2019,9,16,3,18,28.1998000488281,0
2019,9,16,3,18,30.0497998046875,0
2019,9,16,3,18,31.8997998046875,0
2019,9,16,3,18,33.7498000488281,0
2019,9,16,3,18,35.5997998046875,0
2019,9,16,3,18,37.4998000488281,0
2019,9,16,3,18,39.3497998046875,0
2019,9,16,3,18,41.1998000488281,0
2019,9,16,3,18,43.0497998046875,0
2019,9,16,3,18,44.8997998046875,0
2019,9,16,3,18,46.7498000488281,0
2019,9,16,3,18,48.5497998046875,0
2019,9,16,3,18,50.3997998046875,0
2019,9,16,3,18,52.2498000488281,0
2019,9,16,3,18,54.0997998046875,0
2019,9,16,3,18,55.8997998046875,0
2019,9,16,3,18,57.6998000488281,0
2019,9,16,3,18,59.4498000488281,0
2019,9,16,3,19,1.24980004882813,0
2019,9,16,3,19,3.0497998046875,0
2019,9,16,3,19,4.8497998046875,0
2019,9,16,3,19,6.6497998046875,0
2019,9,16,3,19,8.49980004882812,0
2019,9,16,3,19,10.2997998046875,0
2019,9,16,3,19,12.1497998046875,0
2019,9,16,3,19,13.9998000488281,0
2019,9,16,3,19,15.7997998046875,0
2019,9,16,3,19,17.6497998046875,0
2019,9,16,3,19,19.4998000488281,0
2019,9,16,3,19,21.3497998046875,0
2019,9,16,3,19,23.1998000488281,0
2019,9,16,3,19,25.0497998046875,0
2019,9,16,3,19,26.8997998046875,0
2019,9,16,3,19,28.9498000488281,0
2019,9,16,3,19,30.9498000488281,0
2019,9,16,3,19,32.7498000488281,0
2019,9,16,3,19,34.4998000488281,0
2019,9,16,3,19,36.2997998046875,0
2019,9,16,3,19,38.1497998046875,0
2019,9,16,3,19,39.9498000488281,0
2019,9,16,3,19,41.7997998046875,0
2019,9,16,3,19,43.5997998046875,0
2019,9,16,3,19,45.4498000488281,0
2019,9,16,3,19,47.2997998046875,0
2019,9,16,3,19,49.1998000488281,0
2019,9,16,3,19,51.0497998046875,0
2019,9,16,3,19,52.8497998046875,0
2019,9,16,3,19,54.6497998046875,0
2019,9,16,3,19,56.4998000488281,0
2019,9,16,3,19,58.3497998046875,0
2019,9,16,3,20,0.199800048828125,0
2019,9,16,3,20,2.0497998046875,0
2019,9,16,3,20,3.8997998046875,0
2019,9,16,3,20,5.69980004882813,0
2019,9,16,3,20,7.5497998046875,0
2019,9,16,3,20,9.3997998046875,0
2019,9,16,3,20,11.2498000488281,0
2019,9,16,3,20,13.0997998046875,0
2019,9,16,3,20,14.9498000488281,0
2019,9,16,3,20,16.7997998046875,0
2019,9,16,3,20,18.6497998046875,0
2019,9,16,3,20,20.4998000488281,0
2019,9,16,3,20,22.3497998046875,0
2019,9,16,3,20,24.1998000488281,0
2019,9,16,3,20,26.0497998046875,0
2019,9,16,3,20,27.8997998046875,0
2019,9,16,3,20,29.7498000488281,0
2019,9,16,3,20,31.5997998046875,0
2019,9,16,3,20,33.4498000488281,0
2019,9,16,3,20,35.2997998046875,0
2019,9,16,3,20,37.1497998046875,0
2019,9,16,3,20,38.9998000488281,0
2019,9,16,3,20,40.8497998046875,0
2019,9,16,3,20,42.6998000488281,0
2019,9,16,3,20,44.5497998046875,0
2019,9,16,3,20,46.3997998046875,0
2019,9,16,3,20,48.2498000488281,0
2019,9,16,3,20,50.0997998046875,0
2019,9,16,3,20,51.9498000488281,0
2019,9,16,3,20,53.7997998046875,0
2019,9,16,3,20,55.6497998046875,0
2019,9,16,3,20,57.4998000488281,0
2019,9,16,3,20,59.3497998046875,0
2019,9,16,3,21,1.19980004882813,0
2019,9,16,3,21,3.0497998046875,0
2019,9,16,3,21,4.8997998046875,0
2019,9,16,3,21,6.74980004882813,0
2019,9,16,3,21,8.5997998046875,0
2019,9,16,3,21,10.4498000488281,0
2019,9,16,3,21,12.2997998046875,0
2019,9,16,3,21,14.1497998046875,0
2019,9,16,3,21,15.9998000488281,0
2019,9,16,3,21,17.8497998046875,0
2019,9,16,3,21,19.6998000488281,0
2019,9,16,3,21,21.5497998046875,0
2019,9,16,3,21,23.3997998046875,0
2019,9,16,3,21,25.2498000488281,0
2019,9,16,3,21,27.0997998046875,0
2019,9,16,3,21,28.9498000488281,0
2019,9,16,3,21,30.7997998046875,0
2019,9,16,3,21,32.6497998046875,0
2019,9,16,3,21,34.4998000488281,0
2019,9,16,3,21,36.3497998046875,0
2019,9,16,3,21,38.1998000488281,0
2019,9,16,3,21,40.0997998046875,0
2019,9,16,3,21,41.9998000488281,0
2019,9,16,3,21,43.8497998046875,0
2019,9,16,3,21,45.6998000488281,0
2019,9,16,3,21,47.5497998046875,0
2019,9,16,3,21,49.3997998046875,0
2019,9,16,3,21,51.1998000488281,0
2019,9,16,3,21,53.0497998046875,0
2019,9,16,3,21,54.8997998046875,0
2019,9,16,3,21,56.7498000488281,0
2019,9,16,3,21,58.5997998046875,0
2019,9,16,3,22,0.449800048828125,0
2019,9,16,3,22,2.2997998046875,0
2019,9,16,3,22,4.1497998046875,0
2019,9,16,3,22,5.99980004882813,0
2019,9,16,3,22,7.7997998046875,0
2019,9,16,3,22,9.6497998046875,0
2019,9,16,3,22,11.4998000488281,0
2019,9,16,3,22,13.3497998046875,0
2019,9,16,3,22,15.1998000488281,0
2019,9,16,3,22,17.0497998046875,0
2019,9,16,3,22,18.8997998046875,0
2019,9,16,3,22,20.7498000488281,0
2019,9,16,3,22,22.5997998046875,0
2019,9,16,3,22,24.4498000488281,0
2019,9,16,3,22,26.2997998046875,0
2019,9,16,3,22,28.0997998046875,0
2019,9,16,3,22,29.9498000488281,0
2019,9,16,3,22,31.7997998046875,0
2019,9,16,3,22,33.6497998046875,0
2019,9,16,3,22,35.4998000488281,0
2019,9,16,3,22,37.3497998046875,0
2019,9,16,3,22,39.1998000488281,0
2019,9,16,3,22,41.0497998046875,0
2019,9,16,3,22,42.8997998046875,0
2019,9,16,3,22,44.7498000488281,0
2019,9,16,3,22,46.6497998046875,0
2019,9,16,3,22,48.4998000488281,0
2019,9,16,3,22,50.3497998046875,0
2019,9,16,3,22,52.1998000488281,0
2019,9,16,3,22,54.0497998046875,0
2019,9,16,3,22,55.8997998046875,0
2019,9,16,3,22,57.7498000488281,0
2019,9,16,3,22,59.5997998046875,0
2019,9,16,3,23,1.44980004882813,0
2019,9,16,3,23,3.2997998046875,0
2019,9,16,3,23,5.1497998046875,0
2019,9,16,3,23,6.99980004882813,0
2019,9,16,3,23,8.8497998046875,0
2019,9,16,3,23,10.6998000488281,0
2019,9,16,3,23,12.5497998046875,0
2019,9,16,3,23,14.3997998046875,0
2019,9,16,3,23,16.2498000488281,0
2019,9,16,3,23,18.0997998046875,0
2019,9,16,3,23,19.9498000488281,0
2019,9,16,3,23,21.7997998046875,0
2019,9,16,3,23,23.6497998046875,0
2019,9,16,3,23,25.4998000488281,0
2019,9,16,3,23,27.3497998046875,0
2019,9,16,3,23,29.1998000488281,0
2019,9,16,3,23,31.0497998046875,0
2019,9,16,3,23,32.8997998046875,0
2019,9,16,3,23,34.7498000488281,0
2019,9,16,3,23,36.5997998046875,0
2019,9,16,3,23,38.4498000488281,0
2019,9,16,3,23,40.2997998046875,0
2019,9,16,3,23,42.1497998046875,0
2019,9,16,3,23,43.9998000488281,0
2019,9,16,3,23,45.8497998046875,0
2019,9,16,3,23,47.6998000488281,0
2019,9,16,3,23,49.5497998046875,0
2019,9,16,3,23,51.3997998046875,0
2019,9,16,3,23,53.2498000488281,0
2019,9,16,3,23,55.0997998046875,0
2019,9,16,3,23,56.9498000488281,0
2019,9,16,3,23,58.7997998046875,0
2019,9,16,3,24,0.6497998046875,0
2019,9,16,3,24,2.49980004882813,0
2019,9,16,3,24,4.3497998046875,0
2019,9,16,3,24,6.19980004882813,0
2019,9,16,3,24,8.0497998046875,0
2019,9,16,3,24,9.8997998046875,0
2019,9,16,3,24,11.7498000488281,0
2019,9,16,3,24,13.5997998046875,0
2019,9,16,3,24,15.4498000488281,0
2019,9,16,3,24,17.2997998046875,0
2019,9,16,3,24,19.1497998046875,0
2019,9,16,3,24,20.9998000488281,0
2019,9,16,3,24,22.8497998046875,0
2019,9,16,3,24,24.6998000488281,0
2019,9,16,3,24,26.5497998046875,0
2019,9,16,3,24,28.3997998046875,0
2019,9,16,3,24,30.2498000488281,0
2019,9,16,3,24,32.0997998046875,0
2019,9,16,3,24,33.9498000488281,0
2019,9,16,3,24,35.7997998046875,0
2019,9,16,3,24,37.6497998046875,0
2019,9,16,3,24,39.4998000488281,0
2019,9,16,3,24,41.3497998046875,0
2019,9,16,3,24,43.1998000488281,0
2019,9,16,3,24,45.0497998046875,0
2019,9,16,3,24,46.8997998046875,0
2019,9,16,3,24,48.7498000488281,0
2019,9,16,3,24,50.5997998046875,0
2019,9,16,3,24,52.4498000488281,0
2019,9,16,3,24,54.2997998046875,0
2019,9,16,3,24,56.1497998046875,0
2019,9,16,3,24,57.9998000488281,0
2019,9,16,3,24,59.8497998046875,0
2019,9,16,3,25,1.69980004882812,0
2019,9,16,3,25,3.5497998046875,0
2019,9,16,3,25,5.3997998046875,0
2019,9,16,3,25,38.3497998046875,0
2019,9,16,3,25,40.1998000488281,0
2019,9,16,3,25,42.0497998046875,0
2019,9,16,3,25,43.8997998046875,0
2019,9,16,3,25,45.7498000488281,0
2019,9,16,3,25,47.5997998046875,0
2019,9,16,3,25,49.4498000488281,0
2019,9,16,3,25,51.2997998046875,0
2019,9,16,3,25,53.1497998046875,0
2019,9,16,3,25,54.9998000488281,0
2019,9,16,3,25,56.8497998046875,0
2019,9,16,3,25,58.6998000488281,0
2019,9,16,3,26,0.5497998046875,0
2019,9,16,3,26,2.3997998046875,0
2019,9,16,3,26,4.24980004882813,0
2019,9,16,3,26,6.0997998046875,0
2019,9,16,3,26,7.94980004882813,0
2019,9,16,3,26,9.7997998046875,0
2019,9,16,3,26,11.6497998046875,0
2019,9,16,3,26,13.4998000488281,0
2019,9,16,3,26,15.3497998046875,0
2019,9,16,3,26,17.1998000488281,0
2019,9,16,3,26,19.0497998046875,0
2019,9,16,3,26,20.8997998046875,0
2019,9,16,3,26,22.7498000488281,0
2019,9,16,3,26,24.5997998046875,0
2019,9,16,3,26,26.4498000488281,0
2019,9,16,3,26,28.2997998046875,0
2019,9,16,3,26,30.1497998046875,0
2019,9,16,3,26,31.9998000488281,0
2019,9,16,3,26,33.8497998046875,0
2019,9,16,3,26,35.6998000488281,0
2019,9,16,3,26,37.5497998046875,0
2019,9,16,3,26,39.3997998046875,0
2019,9,16,3,26,41.2498000488281,0
2019,9,16,3,26,43.0997998046875,0
2019,9,16,3,26,44.9498000488281,0
2019,9,16,3,26,46.7997998046875,0
2019,9,16,3,26,48.6497998046875,0
2019,9,16,3,26,50.4998000488281,0
2019,9,16,3,26,52.3497998046875,0
2019,9,16,3,26,54.1998000488281,0
2019,9,16,3,26,56.0497998046875,0
2019,9,16,3,26,57.8997998046875,0
2019,9,16,3,26,59.7498000488281,0
2019,9,16,3,27,1.5997998046875,0
2019,9,16,3,27,3.44980004882812,0
2019,9,16,3,27,5.2997998046875,0
2019,9,16,3,27,7.1497998046875,0
2019,9,16,3,27,8.99980004882812,0
2019,9,16,3,27,10.8497998046875,0
2019,9,16,3,27,12.6998000488281,0
2019,9,16,3,27,14.5497998046875,0
2019,9,16,3,27,16.3997998046875,0
2019,9,16,3,27,18.2498000488281,0
2019,9,16,3,27,20.0997998046875,0
2019,9,16,3,27,21.9498000488281,0
2019,9,16,3,27,23.7997998046875,1
2019,9,16,3,27,25.6497998046875,1
2019,9,16,3,27,27.4998000488281,1
2019,9,16,3,27,29.3497998046875,1
2019,9,16,3,27,31.1998000488281,1
2019,9,16,3,27,33.0497998046875,1
2019,9,16,3,27,34.8997998046875,1
2019,9,16,3,27,36.7498000488281,1
2019,9,16,3,27,38.5997998046875,1
2019,9,16,3,27,40.4498000488281,1
2019,9,16,3,27,42.2997998046875,1
2019,9,16,3,27,44.1497998046875,1
2019,9,16,3,27,45.9998000488281,1
2019,9,16,3,27,47.8497998046875,1
2019,9,16,3,27,49.6998000488281,1
2019,9,16,3,27,51.5497998046875,1
2019,9,16,3,27,53.3997998046875,1
2019,9,16,3,27,55.2498000488281,1
2019,9,16,3,27,57.1998000488281,1
2019,9,16,3,27,59.2498000488281,1
2019,9,16,3,28,1.24980004882813,1
2019,9,16,3,28,3.1497998046875,1
2019,9,16,3,28,5.0497998046875,0
2019,9,16,3,28,6.8997998046875,0
2019,9,16,3,28,8.69980004882813,0
2019,9,16,3,28,10.5497998046875,0
2019,9,16,3,28,12.3997998046875,0
2019,9,16,3,28,14.2498000488281,0
2019,9,16,3,28,16.0997998046875,0
2019,9,16,3,28,17.9498000488281,0
2019,9,16,3,28,19.7997998046875,0
2019,9,16,3,28,21.6497998046875,0
2019,9,16,3,28,23.4998000488281,0
2019,9,16,3,28,25.3497998046875,0
2019,9,16,3,28,27.1998000488281,0
2019,9,16,3,28,29.0497998046875,0
2019,9,16,3,28,30.8997998046875,0
2019,9,16,3,28,32.7498000488281,0
2019,9,16,3,28,34.5997998046875,0
2019,9,16,3,28,36.4498000488281,0
2019,9,16,3,28,38.2997998046875,0
2019,9,16,3,28,40.1497998046875,0
2019,9,16,3,28,41.9998000488281,0
2019,9,16,3,28,43.8497998046875,0
2019,9,16,3,28,45.6998000488281,0
2019,9,16,3,28,47.5497998046875,0
2019,9,16,3,28,49.3497998046875,0
2019,9,16,3,28,51.1998000488281,0
2019,9,16,3,28,52.9498000488281,0
2019,9,16,3,28,54.7498000488281,0
2019,9,16,3,28,56.5497998046875,0
2019,9,16,3,28,58.3497998046875,0
2019,9,16,3,29,0.1497998046875,0
2019,9,16,3,29,1.99980004882813,0
2019,9,16,3,29,3.7997998046875,0
2019,9,16,3,29,5.6497998046875,0
2019,9,16,3,29,7.44980004882813,0
2019,9,16,3,29,9.2997998046875,0
2019,9,16,3,29,11.1497998046875,0
2019,9,16,3,29,12.9998000488281,0
2019,9,16,3,29,14.8497998046875,0
2019,9,16,3,29,16.6497998046875,0
2019,9,16,3,29,18.4998000488281,0
2019,9,16,3,29,20.3497998046875,0
2019,9,16,3,29,22.2997998046875,0
2019,9,16,3,29,24.3497998046875,0
2019,9,16,3,29,26.3997998046875,0
2019,9,16,3,29,28.2997998046875,0
2019,9,16,3,29,30.1497998046875,0
2019,9,16,3,29,31.9998000488281,0
2019,9,16,3,29,33.8497998046875,0
2019,9,16,3,29,35.6998000488281,0
2019,9,16,3,29,37.5497998046875,0
2019,9,16,3,29,39.3997998046875,0
2019,9,16,3,29,41.2498000488281,0
2019,9,16,3,29,43.0997998046875,0
2019,9,16,3,29,44.9498000488281,0
2019,9,16,3,29,46.7997998046875,0
2019,9,16,3,29,48.6497998046875,0
2019,9,16,3,29,50.4998000488281,0
2019,9,16,3,29,52.3497998046875,0
2019,9,16,3,29,54.1998000488281,0
2019,9,16,3,29,56.0497998046875,0
2019,9,16,3,29,57.8997998046875,0
2019,9,16,3,29,59.7498000488281,0
2019,9,16,3,30,1.5997998046875,0
2019,9,16,3,30,3.44980004882812,0
2019,9,16,3,30,5.2997998046875,0
2019,9,16,3,30,7.1497998046875,0
2019,9,16,3,30,8.99980004882812,0
2019,9,16,3,30,10.8497998046875,0
2019,9,16,3,30,12.6998000488281,0
2019,9,16,3,30,14.4998000488281,0
2019,9,16,3,30,16.2997998046875,0
2019,9,16,3,30,18.0497998046875,0
2019,9,16,3,30,19.7997998046875,0
2019,9,16,3,30,21.5997998046875,0
2019,9,16,3,30,23.4498000488281,0
2019,9,16,3,30,25.2498000488281,0
2019,9,16,3,30,27.0997998046875,0
2019,9,16,3,30,28.8997998046875,0
2019,9,16,3,30,30.6998000488281,0
2019,9,16,3,30,32.5497998046875,0
2019,9,16,3,30,34.3997998046875,0
2019,9,16,3,30,36.2498000488281,0
2019,9,16,3,30,38.0997998046875,0
2019,9,16,3,30,39.8997998046875,0
2019,9,16,3,30,41.7498000488281,0
2019,9,16,3,30,43.5997998046875,0
2019,9,16,3,30,45.4498000488281,0
2019,9,16,3,30,47.2997998046875,0
2019,9,16,3,30,49.1497998046875,0
2019,9,16,3,30,50.9998000488281,0
2019,9,16,3,30,52.8497998046875,0
2019,9,16,3,30,54.6998000488281,0
2019,9,16,3,30,56.5497998046875,0
2019,9,16,3,30,58.3997998046875,0
2019,9,16,3,31,0.249800048828125,0
2019,9,16,3,31,2.1497998046875,0
2019,9,16,3,31,4.19980004882813,0
2019,9,16,3,31,6.24980004882813,0
2019,9,16,3,31,8.19980004882813,0
2019,9,16,3,31,10.0497998046875,0
2019,9,16,3,31,11.8997998046875,0
2019,9,16,3,31,13.7498000488281,0
2019,9,16,3,31,15.5997998046875,0
2019,9,16,3,31,17.4498000488281,0
2019,9,16,3,31,19.2997998046875,0
2019,9,16,3,31,21.1497998046875,0
2019,9,16,3,31,22.9998000488281,0
2019,9,16,3,31,24.8497998046875,0
2019,9,16,3,31,26.6998000488281,0
2019,9,16,3,31,28.5497998046875,0
2019,9,16,3,31,30.3997998046875,0
2019,9,16,3,31,32.2498000488281,0
2019,9,16,3,31,34.0997998046875,0
2019,9,16,3,31,35.9498000488281,0
2019,9,16,3,31,37.7997998046875,0
2019,9,16,3,31,39.6497998046875,0
2019,9,16,3,31,41.4998000488281,0
2019,9,16,3,31,43.3497998046875,0
2019,9,16,3,31,45.1998000488281,0
2019,9,16,3,31,47.0497998046875,0
2019,9,16,3,31,48.8997998046875,0
2019,9,16,3,31,50.7498000488281,0
2019,9,16,3,31,52.5997998046875,0
2019,9,16,3,31,54.4498000488281,0
2019,9,16,3,31,56.2997998046875,0
2019,9,16,3,31,58.1497998046875,0
2019,9,16,3,31,59.9998000488281,0
2019,9,16,3,32,1.8497998046875,0
2019,9,16,3,32,3.69980004882812,0
2019,9,16,3,32,5.5497998046875,0
2019,9,16,3,32,7.3997998046875,0
2019,9,16,3,32,9.24980004882812,0
2019,9,16,3,32,11.0997998046875,0
2019,9,16,3,32,12.9498000488281,0
2019,9,16,3,32,14.7997998046875,0
2019,9,16,3,32,16.6497998046875,0
2019,9,16,3,32,18.4998000488281,0
2019,9,16,3,32,20.3497998046875,0
2019,9,16,3,32,22.1497998046875,0
2019,9,16,3,32,23.8997998046875,0
2019,9,16,3,32,25.6497998046875,0
2019,9,16,3,32,27.3497998046875,0
2019,9,16,3,32,29.0997998046875,0
2019,9,16,3,32,30.9498000488281,0
2019,9,16,3,32,32.7997998046875,0
2019,9,16,3,32,34.5997998046875,0
2019,9,16,3,32,36.4998000488281,0
2019,9,16,3,32,38.3497998046875,0
2019,9,16,3,32,40.1497998046875,0
2019,9,16,3,32,41.9998000488281,0
2019,9,16,3,32,43.8497998046875,0
2019,9,16,3,32,45.7498000488281,0
2019,9,16,3,32,47.5997998046875,0
2019,9,16,3,32,49.3997998046875,0
2019,9,16,3,32,51.2498000488281,0
2019,9,16,3,32,53.0997998046875,0
2019,9,16,3,32,54.9498000488281,0
2019,9,16,3,32,56.7997998046875,0
2019,9,16,3,32,58.6497998046875,0
2019,9,16,3,33,0.499800048828125,0
2019,9,16,3,33,2.3497998046875,0
2019,9,16,3,33,4.1497998046875,0
2019,9,16,3,33,6.0497998046875,0
2019,9,16,3,33,7.8997998046875,0
2019,9,16,3,33,9.74980004882812,0
2019,9,16,3,33,11.5997998046875,1
2019,9,16,3,33,13.3997998046875,1
2019,9,16,3,33,15.2498000488281,1
2019,9,16,3,33,17.0497998046875,1
2019,9,16,3,33,18.9998000488281,1
2019,9,16,3,33,20.7997998046875,2
2019,9,16,3,33,22.6497998046875,2
2019,9,16,3,33,24.4998000488281,2
2019,9,16,3,33,26.3997998046875,2
2019,9,16,3,33,28.1998000488281,2
2019,9,16,3,33,30.0997998046875,2
2019,9,16,3,33,32.0497998046875,2
2019,9,16,3,33,33.7997998046875,2
2019,9,16,3,33,35.6497998046875,2
2019,9,16,3,33,37.4998000488281,2
2019,9,16,3,33,39.3497998046875,2
2019,9,16,3,33,41.1497998046875,2
2019,9,16,3,33,42.9998000488281,2
2019,9,16,3,33,44.8997998046875,2
2019,9,16,3,33,46.6998000488281,2
2019,9,16,3,33,48.4998000488281,2
2019,9,16,3,33,50.3497998046875,2
2019,9,16,3,33,52.3497998046875,2
2019,9,16,3,33,54.1497998046875,2
2019,9,16,3,33,55.9998000488281,2
2019,9,16,3,33,57.8997998046875,2
2019,9,16,3,33,59.8497998046875,2
2019,9,16,3,34,1.94980004882812,2
2019,9,16,3,34,3.8997998046875,0
2019,9,16,3,34,5.74980004882813,0
2019,9,16,3,34,7.6497998046875,0
2019,9,16,3,34,9.44980004882813,0
2019,9,16,3,34,11.2997998046875,0
2019,9,16,3,34,13.1497998046875,0
2019,9,16,3,34,14.9998000488281,0
2019,9,16,3,34,16.8497998046875,0
2019,9,16,3,35,17.7997998046875,0
2019,9,16,3,35,19.5997998046875,0
2019,9,16,3,35,21.4498000488281,0
2019,9,16,3,35,23.3497998046875,0
2019,9,16,3,35,25.1497998046875,0
2019,9,16,3,35,26.8997998046875,0
2019,9,16,3,35,28.6497998046875,0
2019,9,16,3,35,30.6497998046875,0
2019,9,16,3,35,32.4498000488281,0
2019,9,16,3,35,34.4998000488281,0
2019,9,16,3,35,36.3497998046875,0
2019,9,16,3,35,38.1998000488281,0
2019,9,16,3,35,40.0497998046875,0
2019,9,16,3,35,41.8997998046875,0
2019,9,16,3,35,43.7498000488281,0
2019,9,16,3,35,45.5997998046875,0
2019,9,16,3,35,47.4498000488281,0
2019,9,16,3,35,49.2997998046875,0
2019,9,16,3,35,51.1497998046875,0
2019,9,16,3,35,52.9998000488281,0
2019,9,16,3,35,54.8497998046875,0
2019,9,16,3,35,56.6998000488281,0
2019,9,16,3,35,58.5497998046875,0
2019,9,16,3,36,0.3997998046875,0
2019,9,16,3,36,2.24980004882813,0
2019,9,16,3,36,4.0997998046875,0
2019,9,16,3,36,5.94980004882813,0
2019,9,16,3,36,7.7997998046875,0
2019,9,16,3,36,9.6497998046875,0
2019,9,16,3,36,11.4998000488281,0
2019,9,16,3,36,13.3497998046875,0
2019,9,16,3,36,15.1998000488281,0
2019,9,16,3,36,17.0497998046875,0
2019,9,16,3,36,18.8997998046875,0
2019,9,16,3,36,20.7498000488281,0
2019,9,16,3,36,22.5997998046875,0
2019,9,16,3,36,24.4498000488281,0
2019,9,16,3,36,26.2997998046875,0
2019,9,16,3,36,28.1497998046875,0
2019,9,16,3,36,29.9998000488281,0
2019,9,16,3,36,31.7997998046875,0
2019,9,16,3,36,33.5497998046875,0
2019,9,16,3,36,35.2997998046875,0
2019,9,16,3,36,37.0997998046875,0
2019,9,16,3,36,38.8497998046875,0
2019,9,16,3,36,40.5997998046875,0
2019,9,16,3,36,42.3497998046875,0
2019,9,16,3,36,44.2498000488281,0
2019,9,16,3,36,46.0997998046875,0
2019,9,16,3,36,47.9498000488281,0
2019,9,16,3,36,49.7997998046875,0
2019,9,16,3,36,51.6497998046875,0
2019,9,16,3,36,53.4998000488281,0
2019,9,16,3,36,55.3497998046875,0
2019,9,16,3,36,57.1998000488281,0
2019,9,16,3,36,58.9998000488281,0
2019,9,16,3,37,0.8497998046875,0
2019,9,16,3,37,2.69980004882812,0
2019,9,16,3,37,4.5497998046875,0
2019,9,16,3,37,6.3997998046875,0
2019,9,16,3,37,8.24980004882812,0
2019,9,16,3,37,10.0997998046875,0
2019,9,16,3,37,11.9498000488281,0
2019,9,16,3,37,13.7997998046875,1
2019,9,16,3,37,15.5997998046875,2
2019,9,16,3,37,17.4498000488281,2
2019,9,16,3,37,19.3497998046875,2
2019,9,16,3,37,21.1998000488281,2
2019,9,16,3,37,23.0497998046875,2
2019,9,16,3,37,24.8997998046875,2
2019,9,16,3,37,26.7498000488281,2
2019,9,16,3,37,28.5997998046875,2
2019,9,16,3,37,30.4498000488281,2
2019,9,16,3,37,32.2498000488281,2
2019,9,16,3,37,34.1998000488281,2
2019,9,16,3,37,35.9998000488281,2
2019,9,16,3,37,37.8497998046875,2
2019,9,16,3,37,39.6998000488281,2
2019,9,16,3,37,41.5497998046875,2
2019,9,16,3,37,43.3497998046875,2
2019,9,16,3,37,45.1497998046875,2
2019,9,16,3,37,47.0497998046875,2
2019,9,16,3,37,48.8997998046875,2
2019,9,16,3,37,50.7997998046875,2
2019,9,16,3,37,52.6497998046875,2
2019,9,16,3,37,54.4998000488281,2
2019,9,16,3,37,56.2997998046875,1
2019,9,16,3,37,58.1497998046875,1
2019,9,16,3,37,59.9998000488281,1
2019,9,16,3,38,1.8497998046875,1
2019,9,16,3,38,3.69980004882812,1
2019,9,16,3,38,5.5497998046875,1
2019,9,16,3,38,7.3997998046875,1
2019,9,16,3,38,9.24980004882812,1
2019,9,16,3,38,11.0997998046875,1
2019,9,16,3,38,12.9498000488281,1
2019,9,16,3,38,14.7997998046875,1
2019,9,16,3,38,16.6497998046875,1
2019,9,16,3,38,18.4998000488281,1
2019,9,16,3,38,20.3497998046875,1
2019,9,16,3,38,22.2498000488281,1
2019,9,16,3,38,24.0497998046875,1
2019,9,16,3,38,25.9498000488281,1
2019,9,16,3,38,27.7997998046875,1
2019,9,16,3,38,29.6497998046875,1
2019,9,16,3,38,31.4998000488281,1
2019,9,16,3,38,33.3497998046875,1
2019,9,16,3,38,35.1998000488281,1
2019,9,16,3,38,37.1497998046875,0
2019,9,16,3,38,39.2498000488281,0
2019,9,16,3,38,41.3497998046875,0
2019,9,16,3,38,43.1998000488281,0
2019,9,16,3,38,45.0497998046875,0
2019,9,16,3,38,46.8997998046875,0
2019,9,16,3,38,48.7498000488281,0
2019,9,16,3,38,50.5997998046875,0
2019,9,16,3,38,52.4498000488281,0
2019,9,16,3,38,54.2997998046875,0
2019,9,16,3,38,56.1497998046875,0
2019,9,16,3,38,57.9998000488281,0
2019,9,16,3,38,59.8497998046875,0
2019,9,16,3,39,1.69980004882812,0
2019,9,16,3,39,3.5497998046875,0
2019,9,16,3,39,5.3997998046875,0
2019,9,16,3,39,7.24980004882813,0
2019,9,16,3,39,9.0997998046875,0
2019,9,16,3,39,10.9498000488281,0
2019,9,16,3,39,12.7997998046875,0
2019,9,16,3,39,14.6497998046875,0
2019,9,16,3,39,16.4998000488281,0
2019,9,16,3,39,18.3497998046875,0
2019,9,16,3,39,20.1998000488281,0
2019,9,16,3,39,22.0497998046875,0
2019,9,16,3,39,23.8997998046875,0
2019,9,16,3,39,25.7498000488281,0
2019,9,16,3,39,27.5997998046875,0
2019,9,16,3,39,29.4498000488281,0
2019,9,16,3,39,31.2997998046875,0
2019,9,16,3,39,33.1497998046875,0
2019,9,16,3,39,34.9998000488281,0
2019,9,16,3,39,36.8497998046875,0
2019,9,16,3,39,38.6998000488281,0
2019,9,16,3,39,40.5497998046875,0
2019,9,16,3,39,42.3997998046875,1
2019,9,16,3,39,44.1497998046875,1
2019,9,16,3,39,45.8997998046875,1
2019,9,16,3,39,47.7498000488281,1
2019,9,16,3,39,49.5997998046875,1
2019,9,16,3,39,51.4498000488281,1
2019,9,16,3,39,53.2997998046875,1
2019,9,16,3,39,55.0997998046875,1
2019,9,16,3,39,56.8997998046875,1
2019,9,16,3,39,58.6497998046875,1
2019,9,16,3,40,0.3997998046875,1
2019,9,16,3,40,2.1497998046875,1
2019,9,16,3,40,3.94980004882812,1
2019,9,16,3,40,5.7997998046875,1
2019,9,16,3,40,7.6497998046875,1
2019,9,16,3,40,9.5497998046875,1
2019,9,16,3,40,11.3997998046875,1
2019,9,16,3,40,13.2498000488281,1
2019,9,16,3,40,15.0997998046875,1
2019,9,16,3,40,16.9498000488281,1
2019,9,16,3,40,18.7997998046875,1
2019,9,16,3,40,20.6497998046875,1
2019,9,16,3,40,22.4998000488281,1
2019,9,16,3,40,24.3497998046875,1
2019,9,16,3,40,26.1998000488281,1
2019,9,16,3,40,28.0497998046875,1
2019,9,16,3,40,29.8997998046875,1
2019,9,16,3,40,31.7498000488281,1
2019,9,16,3,40,33.5997998046875,1
2019,9,16,3,40,35.4498000488281,1
2019,9,16,3,40,37.2997998046875,1
2019,9,16,3,40,39.1497998046875,1
2019,9,16,3,40,41.0497998046875,2
2019,9,16,3,40,42.8997998046875,2
2019,9,16,3,40,44.6497998046875,2
2019,9,16,3,40,46.4998000488281,2
2019,9,16,3,40,48.3997998046875,2
2019,9,16,3,40,50.2498000488281,2
2019,9,16,3,40,52.0997998046875,2
2019,9,16,3,40,53.9498000488281,2
2019,9,16,3,40,55.7997998046875,2
2019,9,16,3,40,57.5997998046875,2
2019,9,16,3,40,59.3997998046875,2
2019,9,16,3,41,1.2997998046875,2
2019,9,16,3,41,3.19980004882812,2
2019,9,16,3,41,5.0997998046875,2
2019,9,16,3,41,6.8997998046875,2
2019,9,16,3,41,8.6497998046875,2
2019,9,16,3,41,10.4998000488281,2
2019,9,16,3,41,12.4998000488281,2
2019,9,16,3,41,14.2498000488281,2
2019,9,16,3,41,16.0997998046875,2
2019,9,16,3,41,17.9498000488281,2
2019,9,16,3,41,19.7997998046875,1
2019,9,16,3,41,21.6998000488281,1
2019,9,16,3,41,23.5497998046875,1
2019,9,16,3,41,25.3997998046875,1
2019,9,16,3,41,27.1998000488281,1
2019,9,16,3,41,29.0997998046875,1
2019,9,16,3,41,30.9498000488281,1
2019,9,16,3,41,32.7997998046875,1
2019,9,16,3,41,34.6497998046875,1
2019,9,16,3,41,36.4998000488281,1
2019,9,16,3,41,38.2997998046875,1
2019,9,16,3,41,40.1998000488281,1
2019,9,16,3,41,42.0497998046875,1
2019,9,16,3,41,43.8997998046875,1
2019,9,16,3,41,45.7498000488281,1
2019,9,16,3,41,47.5997998046875,1
2019,9,16,3,41,49.4498000488281,1
2019,9,16,3,41,51.2997998046875,1
2019,9,16,3,41,53.1497998046875,1
2019,9,16,3,41,54.9998000488281,1
2019,9,16,4,9,33.0497998046875,0
2019,9,16,4,9,34.8497998046875,0
2019,9,16,4,9,36.5997998046875,0
2019,9,16,4,9,38.1998000488281,0
2019,9,16,4,9,39.8997998046875,0
2019,9,16,4,9,41.6497998046875,0
2019,9,16,4,9,43.3997998046875,0
2019,9,16,4,9,45.2498000488281,0
2019,9,16,4,9,47.1497998046875,0
2019,9,16,4,9,49.0497998046875,0
2019,9,16,4,9,50.8997998046875,0
2019,9,16,4,9,52.7997998046875,0
2019,9,16,4,9,54.6497998046875,0
2019,9,16,4,9,56.4998000488281,0
2019,9,16,4,9,58.3497998046875,0
2019,9,16,4,10,0.199800048828125,0
2019,9,16,4,10,2.0497998046875,0
2019,9,16,4,10,3.8997998046875,0
2019,9,16,4,10,5.74980004882813,0
2019,9,16,4,10,7.6497998046875,0
2019,9,16,4,10,9.5497998046875,0
2019,9,16,4,10,11.5497998046875,0
2019,9,16,4,10,13.5997998046875,0
2019,9,16,4,10,15.5497998046875,0
2019,9,16,4,10,17.4498000488281,0
2019,9,16,4,10,19.2997998046875,0
2019,9,16,4,10,21.1497998046875,0
2019,9,16,4,10,22.9998000488281,0
2019,9,16,4,10,24.8497998046875,0
2019,9,16,4,10,26.6998000488281,0
2019,9,16,4,10,28.5497998046875,0
2019,9,16,4,10,30.3997998046875,0
2019,9,16,4,10,32.2498000488281,0
2019,9,16,4,10,34.0997998046875,0
2019,9,16,4,10,35.9498000488281,0
2019,9,16,4,10,37.7997998046875,0
2019,9,16,4,10,39.6497998046875,0
2019,9,16,4,10,41.4998000488281,0
2019,9,16,4,10,43.3497998046875,0
2019,9,16,4,10,45.1998000488281,0
2019,9,16,4,10,47.0497998046875,0
2019,9,16,4,10,48.8997998046875,0
2019,9,16,4,10,50.7498000488281,0
2019,9,16,4,10,52.5497998046875,0
2019,9,16,4,10,54.3497998046875,0
2019,9,16,4,10,56.1497998046875,0
2019,9,16,4,10,57.8997998046875,0
2019,9,16,4,10,59.6998000488281,0
2019,9,16,4,11,1.49980004882813,0
2019,9,16,4,11,3.2997998046875,0
2019,9,16,4,11,5.1497998046875,0
2019,9,16,4,11,6.94980004882813,0
2019,9,16,4,11,8.7997998046875,0
2019,9,16,4,11,10.5997998046875,0
2019,9,16,4,11,12.4498000488281,0
2019,9,16,4,11,14.2997998046875,0
2019,9,16,4,11,16.1497998046875,0
2019,9,16,4,11,17.9998000488281,0
2019,9,16,4,11,19.8497998046875,0
2019,9,16,4,11,21.6998000488281,0
2019,9,16,4,11,23.5497998046875,0
2019,9,16,4,11,25.3997998046875,0
2019,9,16,4,11,27.2498000488281,0
2019,9,16,4,11,29.1998000488281,0
2019,9,16,4,11,31.2498000488281,0
2019,9,16,4,11,33.2498000488281,0
2019,9,16,4,11,35.1497998046875,0
2019,9,16,4,11,37.0497998046875,0
2019,9,16,4,11,38.8497998046875,0
2019,9,16,4,11,40.6998000488281,0
2019,9,16,4,11,42.5497998046875,0
2019,9,16,4,11,44.3997998046875,0
2019,9,16,4,11,46.2498000488281,0
2019,9,16,4,11,48.0997998046875,0
2019,9,16,4,11,49.9498000488281,0
2019,9,16,4,11,51.7997998046875,0
2019,9,16,4,11,53.6497998046875,0
2019,9,16,4,11,55.4998000488281,0
2019,9,16,4,11,57.3497998046875,0
2019,9,16,4,11,59.1998000488281,0
2019,9,16,4,12,1.0497998046875,0
2019,9,16,4,12,2.8997998046875,0
2019,9,16,4,12,4.74980004882813,0
2019,9,16,4,12,6.5997998046875,0
2019,9,16,4,12,8.44980004882813,0
2019,9,16,4,12,10.2997998046875,0
2019,9,16,4,12,12.1497998046875,0
2019,9,16,4,12,13.9998000488281,0
2019,9,16,4,12,15.7997998046875,0
2019,9,16,4,13,7.19980004882813,0
2019,9,16,4,13,9.0997998046875,0
2019,9,16,4,13,10.9498000488281,0
2019,9,16,4,13,12.7997998046875,0
2019,9,16,4,13,14.6497998046875,0
2019,9,16,4,13,16.4998000488281,0
2019,9,16,4,13,18.3497998046875,0
2019,9,16,4,13,20.1998000488281,0
2019,9,16,4,13,22.0497998046875,0
2019,9,16,4,13,23.8997998046875,0
2019,9,16,4,13,25.7498000488281,0
2019,9,16,4,13,27.5997998046875,0
2019,9,16,4,13,29.4498000488281,0
2019,9,16,4,13,31.3497998046875,0
2019,9,16,4,13,33.3997998046875,0
2019,9,16,4,13,35.3997998046875,0
2019,9,16,4,13,37.3497998046875,0
2019,9,16,4,13,39.2498000488281,0
2019,9,16,4,13,41.0997998046875,0
2019,9,16,4,13,42.9498000488281,0
2019,9,16,4,13,44.7997998046875,0
2019,9,16,4,13,46.6497998046875,0
2019,9,16,4,13,48.4998000488281,0
2019,9,16,4,13,50.3497998046875,0
2019,9,16,4,13,52.1998000488281,0
2019,9,16,4,13,53.9998000488281,0
2019,9,16,4,13,55.8497998046875,0
2019,9,16,4,13,57.7498000488281,0
2019,9,16,4,13,59.5997998046875,0
2019,9,16,4,14,1.44980004882813,0
2019,9,16,4,14,3.2997998046875,0
2019,9,16,4,14,5.1497998046875,0
2019,9,16,4,14,6.94980004882813,0
2019,9,16,4,14,8.8497998046875,0
2019,9,16,4,14,10.6998000488281,0
2019,9,16,4,14,12.5497998046875,0
2019,9,16,4,14,14.3997998046875,0
2019,9,16,4,14,16.2498000488281,0
2019,9,16,4,14,18.0997998046875,0
2019,9,16,4,14,19.9498000488281,0
2019,9,16,4,14,21.7498000488281,0
2019,9,16,4,14,23.5497998046875,0
2019,9,16,4,14,25.3497998046875,0
2019,9,16,4,14,27.1497998046875,0
2019,9,16,4,14,28.9498000488281,0
2019,9,16,4,14,30.6998000488281,0
2019,9,16,4,14,32.4998000488281,0
2019,9,16,4,14,34.3497998046875,0
2019,9,16,4,14,36.1497998046875,0
2019,9,16,4,14,37.9998000488281,0
2019,9,16,4,14,39.8497998046875,0
2019,9,16,4,14,41.6497998046875,0
2019,9,16,4,14,43.4998000488281,0
2019,9,16,4,14,45.3497998046875,0
2019,9,16,4,14,47.1998000488281,0
2019,9,16,4,14,49.0497998046875,0
2019,9,16,4,14,50.8997998046875,0
2019,9,16,4,14,52.7498000488281,0
2019,9,16,4,14,54.5497998046875,0
2019,9,16,4,14,56.3997998046875,0
2019,9,16,4,14,58.2498000488281,0
2019,9,16,4,15,0.0997998046875,0
2019,9,16,4,15,1.94980004882812,0
2019,9,16,4,15,3.7997998046875,0
2019,9,16,4,15,5.69980004882813,0
2019,9,16,4,15,7.69980004882813,0
2019,9,16,4,15,9.74980004882812,0
2019,9,16,4,15,11.6998000488281,0
2019,9,16,4,15,13.5997998046875,0
2019,9,16,4,15,15.4498000488281,0
2019,9,16,4,15,17.2997998046875,0
2019,9,16,4,15,19.1497998046875,0
2019,9,16,4,15,20.9998000488281,0
2019,9,16,4,15,22.8497998046875,0
2019,9,16,4,15,24.6998000488281,0
2019,9,16,4,15,26.5497998046875,0
2019,9,16,4,15,28.3997998046875,0
2019,9,16,4,15,30.2498000488281,0
2019,9,16,4,15,32.0997998046875,0
2019,9,16,4,15,33.9498000488281,0
2019,9,16,4,15,35.7997998046875,0
2019,9,16,4,15,37.6497998046875,0
2019,9,16,4,15,39.4998000488281,0
2019,9,16,4,15,41.3497998046875,0
2019,9,16,4,15,43.1998000488281,0
2019,9,16,4,15,45.0497998046875,0
2019,9,16,4,15,46.8997998046875,0
2019,9,16,4,15,48.7498000488281,0
2019,9,16,4,15,50.5997998046875,0
2019,9,16,4,15,52.4498000488281,0
2019,9,16,4,15,54.2498000488281,0
2019,9,16,4,15,56.0497998046875,0
2019,9,16,4,15,57.7997998046875,0
2019,9,16,4,15,59.5997998046875,0
2019,9,16,4,16,1.3997998046875,0
2019,9,16,4,16,3.19980004882812,0
2019,9,16,4,16,4.99980004882813,0
2019,9,16,4,16,6.8497998046875,0
2019,9,16,4,16,8.6497998046875,0
2019,9,16,4,16,10.4998000488281,0
2019,9,16,4,16,12.3497998046875,0
2019,9,16,4,16,14.1497998046875,0
2019,9,16,4,16,15.9998000488281,0
2019,9,16,4,16,17.8497998046875,0
2019,9,16,4,16,19.6998000488281,0
2019,9,16,4,16,21.5497998046875,0
2019,9,16,4,16,23.3997998046875,0
2019,9,16,4,16,25.2498000488281,0
2019,9,16,4,16,27.0497998046875,0
2019,9,16,4,16,28.8997998046875,0
2019,9,16,4,16,30.7498000488281,0
2019,9,16,4,16,32.5997998046875,0
2019,9,16,4,16,34.4498000488281,0
2019,9,16,4,16,36.2997998046875,0
2019,9,16,4,16,38.1497998046875,0
2019,9,16,4,16,39.9998000488281,0
2019,9,16,4,16,41.8497998046875,0
2019,9,16,4,16,43.8497998046875,0
2019,9,16,4,16,45.9498000488281,0
2019,9,16,4,16,47.8997998046875,0
2019,9,16,4,16,49.7997998046875,0
2019,9,16,4,16,51.6497998046875,0
2019,9,16,4,16,53.4998000488281,0
2019,9,16,4,16,55.3497998046875,0
2019,9,16,4,16,57.1998000488281,0
2019,9,16,4,16,59.0497998046875,0
2019,9,16,4,17,0.8997998046875,0
2019,9,16,4,17,2.74980004882813,0
2019,9,16,4,17,4.5997998046875,0
2019,9,16,4,17,6.44980004882813,0
2019,9,16,4,17,8.2997998046875,0
2019,9,16,4,17,10.1497998046875,0
2019,9,16,4,17,11.9998000488281,0
2019,9,16,4,17,13.8497998046875,0
2019,9,16,4,17,15.6998000488281,0
2019,9,16,4,17,17.5497998046875,0
2019,9,16,4,17,19.3997998046875,0
2019,9,16,4,17,21.2498000488281,0
2019,9,16,4,17,23.0997998046875,0
2019,9,16,4,17,24.9498000488281,0
2019,9,16,4,17,26.7997998046875,0
2019,9,16,4,17,28.6998000488281,0
2019,9,16,4,17,30.4998000488281,0
2019,9,16,4,17,32.2997998046875,0
2019,9,16,4,17,34.0997998046875,0
2019,9,16,4,17,35.8497998046875,0
2019,9,16,4,17,37.6497998046875,0
2019,9,16,4,17,39.4498000488281,0
2019,9,16,4,17,41.2498000488281,0
2019,9,16,4,17,43.0997998046875,0
2019,9,16,4,17,44.8997998046875,0
2019,9,16,4,17,46.7498000488281,0
2019,9,16,4,17,48.5497998046875,0
2019,9,16,4,17,50.3997998046875,0
2019,9,16,4,17,52.1998000488281,0
2019,9,16,4,17,54.0497998046875,0
2019,9,16,4,17,55.8997998046875,0
2019,9,16,4,17,57.7498000488281,0
2019,9,16,4,17,59.5997998046875,0
2019,9,16,4,18,1.44980004882813,0
2019,9,16,4,18,3.2997998046875,0
2019,9,16,4,18,5.1497998046875,0
2019,9,16,4,18,6.94980004882813,0
2019,9,16,4,18,8.7997998046875,0
2019,9,16,4,18,10.6497998046875,0
2019,9,16,4,18,12.4998000488281,0
2019,9,16,4,18,14.3997998046875,0
2019,9,16,4,18,16.3997998046875,0
2019,9,16,4,18,18.4498000488281,0
2019,9,16,4,18,20.4498000488281,0
2019,9,16,4,18,22.3497998046875,0
2019,9,16,4,18,24.1998000488281,0
2019,9,16,4,18,26.0497998046875,0
2019,9,16,4,18,27.8497998046875,0
2019,9,16,4,18,29.6998000488281,0
2019,9,16,4,18,31.5497998046875,0
2019,9,16,4,18,33.3997998046875,0
2019,9,16,4,18,35.2498000488281,0
2019,9,16,4,18,37.0997998046875,0
2019,9,16,4,18,38.9498000488281,0
2019,9,16,4,18,40.7997998046875,0
2019,9,16,4,18,42.6497998046875,0
2019,9,16,4,18,44.4998000488281,0
2019,9,16,4,18,46.3497998046875,0
2019,9,16,4,18,48.1998000488281,0
2019,9,16,4,18,50.0497998046875,0
2019,9,16,4,18,51.8997998046875,0
2019,9,16,4,18,53.7498000488281,0
2019,9,16,4,18,55.5997998046875,0
2019,9,16,4,18,57.4498000488281,0
2019,9,16,4,18,59.2997998046875,0
2019,9,16,4,19,1.1497998046875,0
2019,9,16,4,19,2.99980004882813,0
2019,9,16,4,19,4.7997998046875,0
2019,9,16,4,19,6.5497998046875,0
2019,9,16,4,19,8.2997998046875,0
2019,9,16,4,19,10.0997998046875,0
2019,9,16,4,19,11.8997998046875,0
2019,9,16,4,19,13.7498000488281,0
2019,9,16,4,19,15.5497998046875,0
2019,9,16,4,19,17.3997998046875,0
2019,9,16,4,19,19.1998000488281,0
2019,9,16,4,19,21.0497998046875,0
2019,9,16,4,19,22.8497998046875,0
2019,9,16,4,19,24.6998000488281,0
2019,9,16,4,19,26.5497998046875,0
2019,9,16,4,19,28.3997998046875,0
2019,9,16,4,19,30.2498000488281,0
2019,9,16,4,19,32.0997998046875,0
2019,9,16,4,19,33.9498000488281,0
2019,9,16,4,19,35.7997998046875,0
2019,9,16,4,19,37.5997998046875,0
2019,9,16,4,19,39.4498000488281,0
2019,9,16,4,19,41.2997998046875,0
2019,9,16,4,19,43.1497998046875,0
2019,9,16,4,19,44.9998000488281,0
2019,9,16,4,19,46.8497998046875,0
2019,9,16,4,19,48.6998000488281,0
2019,9,16,4,19,50.5497998046875,0
2019,9,16,4,19,52.3997998046875,0
2019,9,16,4,19,54.2498000488281,0
2019,9,16,4,19,56.1497998046875,0
2019,9,16,4,19,58.1998000488281,0
2019,9,16,4,20,0.249800048828125,0
2019,9,16,4,20,2.19980004882812,0
2019,9,16,4,20,4.0997998046875,0
2019,9,16,4,20,5.94980004882813,0
2019,9,16,4,20,7.74980004882813,0
2019,9,16,4,20,9.5997998046875,0
2019,9,16,4,20,11.4498000488281,0
2019,9,16,4,20,13.2997998046875,0
2019,9,16,4,20,15.1497998046875,0
2019,9,16,4,20,16.9998000488281,0
2019,9,16,4,20,18.8497998046875,0
2019,9,16,4,20,20.6998000488281,0
2019,9,16,4,20,22.5497998046875,0
2019,9,16,4,20,24.3997998046875,0
2019,9,16,4,20,26.2498000488281,0
2019,9,16,4,20,28.0997998046875,0
2019,9,16,4,20,29.9498000488281,0
2019,9,16,4,20,31.7997998046875,0
2019,9,16,4,20,33.6497998046875,0
2019,9,16,4,20,35.4998000488281,0
2019,9,16,4,20,37.3497998046875,0
2019,9,16,4,20,39.1998000488281,0
2019,9,16,4,20,41.0497998046875,0
2019,9,16,4,20,42.8997998046875,0
2019,9,16,4,20,44.6998000488281,0
2019,9,16,4,20,46.4998000488281,0
2019,9,16,4,20,48.2498000488281,0
2019,9,16,4,20,50.0497998046875,0
2019,9,16,4,20,51.8497998046875,0
2019,9,16,4,20,53.6497998046875,0
2019,9,16,4,20,55.4998000488281,0
2019,9,16,4,20,57.2997998046875,0
2019,9,16,4,20,59.1497998046875,0
2019,9,16,4,21,0.949800048828125,0
2019,9,16,4,21,2.7997998046875,0
2019,9,16,4,21,4.5997998046875,0
2019,9,16,4,21,6.44980004882813,0
2019,9,16,4,21,8.2997998046875,0
2019,9,16,4,21,10.1497998046875,0
2019,9,16,4,21,11.9998000488281,0
2019,9,16,4,21,13.8497998046875,0
2019,9,16,4,21,15.6998000488281,0
2019,9,16,4,21,17.4998000488281,0
2019,9,16,4,21,19.3497998046875,0
2019,9,16,4,21,21.1998000488281,0
2019,9,16,4,21,23.0997998046875,0
2019,9,16,4,21,25.0497998046875,0
2019,9,16,4,21,26.8997998046875,0
2019,9,16,4,21,28.6998000488281,0
2019,9,16,4,21,30.4998000488281,0
2019,9,16,4,21,32.3497998046875,0
2019,9,16,4,21,34.1998000488281,0
2019,9,16,4,21,36.0497998046875,0
2019,9,16,4,21,37.8997998046875,0
2019,9,16,4,21,39.7498000488281,0
2019,9,16,4,21,41.5997998046875,0
2019,9,16,4,21,43.3997998046875,0
2019,9,16,4,21,45.2498000488281,0
2019,9,16,4,21,47.0997998046875,0
2019,9,16,4,21,48.9498000488281,0
2019,9,16,4,21,50.7997998046875,0
2019,9,16,4,21,52.6497998046875,0
2019,9,16,4,21,54.4998000488281,0
2019,9,16,4,21,56.3497998046875,0
2019,9,16,4,21,58.1998000488281,0
2019,9,16,4,22,0.0497998046875,0
2019,9,16,4,22,1.8997998046875,0
2019,9,16,4,22,3.74980004882813,0
2019,9,16,4,22,5.5997998046875,0
2019,9,16,4,22,7.44980004882813,0
2019,9,16,4,22,9.2997998046875,0
2019,9,16,4,22,11.1497998046875,0
2019,9,16,4,22,12.9998000488281,0
2019,9,16,4,22,14.8497998046875,0
2019,9,16,4,22,16.6998000488281,0
2019,9,16,4,22,18.5497998046875,0
2019,9,16,4,22,20.3997998046875,0
2019,9,16,4,22,22.2498000488281,0
2019,9,16,4,22,24.0997998046875,0
2019,9,16,4,22,25.9498000488281,0
2019,9,16,4,22,27.7997998046875,0
2019,9,16,4,22,29.6497998046875,0
2019,9,16,4,22,31.4998000488281,0
2019,9,16,4,22,33.3497998046875,0
2019,9,16,4,22,35.1998000488281,0
2019,9,16,4,22,37.0497998046875,0
2019,9,16,4,22,38.8997998046875,0
2019,9,16,4,23,29.6497998046875,0
2019,9,16,4,23,31.5997998046875,0
2019,9,16,4,23,33.4998000488281,0
2019,9,16,4,23,35.3497998046875,0
2019,9,16,4,23,37.1998000488281,0
2019,9,16,4,23,38.9998000488281,0
2019,9,16,4,23,40.8497998046875,0
2019,9,16,4,23,42.7498000488281,0
2019,9,16,4,23,44.5997998046875,0
2019,9,16,4,23,46.4498000488281,0
2019,9,16,4,23,48.2498000488281,0
2019,9,16,4,23,50.0997998046875,0
2019,9,16,4,23,51.9998000488281,0
2019,9,16,4,23,53.8497998046875,0
2019,9,16,4,23,55.6998000488281,0
2019,9,16,4,23,57.5497998046875,0
2019,9,16,4,23,59.3497998046875,0
2019,9,16,4,24,1.19980004882813,0
2019,9,16,4,24,3.0997998046875,0
2019,9,16,4,24,4.8997998046875,0
2019,9,16,4,24,6.7997998046875,0
2019,9,16,4,24,8.6497998046875,0
2019,9,16,4,24,10.4998000488281,0
2019,9,16,4,24,12.2997998046875,0
2019,9,16,4,24,14.1497998046875,0
2019,9,16,4,24,15.9498000488281,0
2019,9,16,4,24,17.7498000488281,0
2019,9,16,4,24,19.5497998046875,0
2019,9,16,4,24,21.3497998046875,0
2019,9,16,4,24,23.1497998046875,0
2019,9,16,4,24,24.9498000488281,0
2019,9,16,4,24,26.7498000488281,0
2019,9,16,4,24,28.5997998046875,0
2019,9,16,4,24,30.3997998046875,0
2019,9,16,4,24,32.2498000488281,0
2019,9,16,4,24,34.0997998046875,0
2019,9,16,4,24,35.8997998046875,0
2019,9,16,4,24,37.7498000488281,0
2019,9,16,4,24,39.5997998046875,0
2019,9,16,4,24,41.4498000488281,0
2019,9,16,4,24,43.2997998046875,0
2019,9,16,4,24,45.1497998046875,0
2019,9,16,4,24,46.9998000488281,0
2019,9,16,4,24,48.8497998046875,0
2019,9,16,4,24,50.6998000488281,0
2019,9,16,4,24,52.4998000488281,0
2019,9,16,4,24,54.3497998046875,0
2019,9,16,4,24,56.1998000488281,0
2019,9,16,4,24,58.0497998046875,0
2019,9,16,4,24,59.8997998046875,0
2019,9,16,4,25,1.74980004882813,0
2019,9,16,4,25,3.5997998046875,0
2019,9,16,4,25,5.44980004882813,0
2019,9,16,4,25,7.2997998046875,0
2019,9,16,4,25,9.1497998046875,0
2019,9,16,4,25,10.9998000488281,0
2019,9,16,4,25,12.8497998046875,0
2019,9,16,4,25,14.6998000488281,0
2019,9,16,4,25,16.5497998046875,0
2019,9,16,4,25,18.3997998046875,0
2019,9,16,4,25,20.2498000488281,0
2019,9,16,4,25,22.0997998046875,0
2019,9,16,4,25,23.9498000488281,0
2019,9,16,4,25,25.7997998046875,0
2019,9,16,4,25,27.6497998046875,0
2019,9,16,4,25,29.4998000488281,0
2019,9,16,4,25,31.3497998046875,0
2019,9,16,4,25,33.1998000488281,0
2019,9,16,4,25,35.0497998046875,0
2019,9,16,4,25,36.8997998046875,0
2019,9,16,4,25,38.7498000488281,0
2019,9,16,4,25,40.5997998046875,0
2019,9,16,4,25,42.4498000488281,0
2019,9,16,4,25,44.2997998046875,0
2019,9,16,4,25,46.1497998046875,0
2019,9,16,4,25,47.9998000488281,0
2019,9,16,4,25,49.8497998046875,0
2019,9,16,4,25,51.6998000488281,0
2019,9,16,4,25,53.5497998046875,0
2019,9,16,4,25,55.3997998046875,0
2019,9,16,4,25,57.2498000488281,0
2019,9,16,4,25,59.0997998046875,0
2019,9,16,4,26,0.949800048828125,0
2019,9,16,4,26,2.7997998046875,0
2019,9,16,4,26,4.6497998046875,0
2019,9,16,4,26,6.49980004882813,0
2019,9,16,4,26,8.24980004882812,0
2019,9,16,4,26,9.8997998046875,0
2019,9,16,4,26,11.6497998046875,0
2019,9,16,4,26,13.3997998046875,0
2019,9,16,4,26,15.2498000488281,0
2019,9,16,4,26,17.0997998046875,0
2019,9,16,4,26,18.9498000488281,0
2019,9,16,4,26,20.7997998046875,0
2019,9,16,4,26,22.6497998046875,0
2019,9,16,4,26,24.4998000488281,0
2019,9,16,4,26,26.3497998046875,0
2019,9,16,4,26,28.1998000488281,0
2019,9,16,4,26,30.0497998046875,0
2019,9,16,4,26,31.8997998046875,0
2019,9,16,4,26,33.7498000488281,0
2019,9,16,4,26,35.5997998046875,0
2019,9,16,4,26,37.4498000488281,0
2019,9,16,4,26,39.2997998046875,0
2019,9,16,4,26,41.1497998046875,0
2019,9,16,4,26,42.9998000488281,0
2019,9,16,4,26,44.8497998046875,0
2019,9,16,4,26,46.6998000488281,0
2019,9,16,4,26,48.5497998046875,0
2019,9,16,4,26,50.3997998046875,0
2019,9,16,4,26,52.2498000488281,0
2019,9,16,4,26,54.0997998046875,0
2019,9,16,4,26,55.9498000488281,0
2019,9,16,4,26,57.7997998046875,0
2019,9,16,4,26,59.6497998046875,0
2019,9,16,4,27,1.5497998046875,0
2019,9,16,4,27,3.3997998046875,0
2019,9,16,4,27,5.2997998046875,0
2019,9,16,4,27,7.19980004882813,0
2019,9,16,4,27,9.0497998046875,0
2019,9,16,4,27,10.9498000488281,0
2019,9,16,4,27,12.8497998046875,0
2019,9,16,4,27,14.6998000488281,0
2019,9,16,4,27,16.5997998046875,0
2019,9,16,4,27,18.4498000488281,0
2019,9,16,4,27,20.3497998046875,0
2019,9,16,4,27,22.1998000488281,0
2019,9,16,4,27,24.0997998046875,0
2019,9,16,4,27,25.9498000488281,0
2019,9,16,4,27,27.7997998046875,0
2019,9,16,4,27,29.6497998046875,0
2019,9,16,4,27,31.5497998046875,0
2019,9,16,4,27,33.3997998046875,0
2019,9,16,4,27,35.2498000488281,0
2019,9,16,4,27,37.0997998046875,0
2019,9,16,4,27,38.9498000488281,0
2019,9,16,4,27,40.7997998046875,0
2019,9,16,4,27,42.6497998046875,0
2019,9,16,4,27,44.4998000488281,0
2019,9,16,4,27,46.3497998046875,0
2019,9,16,4,27,48.2498000488281,0
2019,9,16,4,27,50.0997998046875,0
2019,9,16,4,27,51.9498000488281,0
2019,9,16,4,27,53.7997998046875,0
2019,9,16,4,27,55.6497998046875,0
2019,9,16,4,27,57.4998000488281,0
2019,9,16,4,27,59.3497998046875,0
2019,9,16,4,28,1.19980004882813,0
2019,9,16,4,28,3.0497998046875,0
2019,9,16,4,28,4.8997998046875,0
2019,9,16,4,28,6.74980004882813,0
2019,9,16,4,28,8.5997998046875,0
2019,9,16,4,28,10.4998000488281,0
2019,9,16,4,28,12.3497998046875,0
2019,9,16,4,28,14.1998000488281,0
2019,9,16,4,28,16.0497998046875,0
2019,9,16,4,28,17.8497998046875,0
2019,9,16,4,28,19.6998000488281,0
2019,9,16,4,28,21.5497998046875,0
2019,9,16,4,28,23.4498000488281,0
2019,9,16,4,28,25.2498000488281,0
2019,9,16,4,28,27.0997998046875,0
2019,9,16,4,28,28.9498000488281,0
2019,9,16,4,28,30.7997998046875,0
2019,9,16,4,28,32.6497998046875,0
2019,9,16,4,28,34.4998000488281,0
2019,9,16,4,28,36.3497998046875,0
2019,9,16,4,28,38.1998000488281,0
2019,9,16,4,28,40.0497998046875,0
2019,9,16,4,28,41.8997998046875,0
2019,9,16,4,28,43.7498000488281,0
2019,9,16,4,28,45.5997998046875,0
2019,9,16,4,28,47.4498000488281,0
2019,9,16,4,28,49.2997998046875,0
2019,9,16,4,28,51.1497998046875,0
2019,9,16,4,28,52.9998000488281,0
2019,9,16,4,28,54.8497998046875,0
2019,9,16,4,28,56.6998000488281,0
2019,9,16,4,28,58.5497998046875,0
2019,9,16,4,29,0.3997998046875,0
2019,9,16,4,29,2.24980004882813,0
2019,9,16,4,29,4.0997998046875,0
2019,9,16,4,29,5.94980004882813,0
2019,9,16,4,29,7.7997998046875,0
2019,9,16,4,29,9.6497998046875,0
2019,9,16,4,29,11.4998000488281,0
2019,9,16,4,29,13.3497998046875,0
2019,9,16,4,29,15.1998000488281,0
2019,9,16,4,29,17.0497998046875,0
2019,9,16,4,29,18.8997998046875,0
2019,9,16,4,29,20.7498000488281,0
2019,9,16,4,29,22.5997998046875,0
2019,9,16,4,29,24.4498000488281,0
2019,9,16,4,29,26.2997998046875,0
2019,9,16,4,29,28.1497998046875,0
2019,9,16,4,29,29.9998000488281,0
2019,9,16,4,29,31.8497998046875,0
2019,9,16,4,29,33.6998000488281,0
2019,9,16,4,29,35.5497998046875,0
2019,9,16,4,29,37.3997998046875,0
2019,9,16,4,29,39.2498000488281,0
2019,9,16,4,29,41.0997998046875,0
2019,9,16,4,29,42.9498000488281,0
2019,9,16,4,29,44.7997998046875,0
2019,9,16,4,29,46.6497998046875,0
2019,9,16,4,29,48.4998000488281,0
2019,9,16,4,29,50.3497998046875,0
2019,9,16,4,29,52.1998000488281,0
2019,9,16,4,29,54.0497998046875,0
2019,9,16,4,29,55.8997998046875,0
2019,9,16,4,29,57.7498000488281,0
2019,9,16,4,29,59.5997998046875,0
2019,9,16,4,30,1.44980004882813,0
2019,9,16,4,30,3.2997998046875,0
2019,9,16,4,30,5.1497998046875,0
2019,9,16,4,30,6.99980004882813,0
2019,9,16,4,30,8.8497998046875,0
2019,9,16,4,30,10.6998000488281,0
2019,9,16,4,30,12.5497998046875,0
2019,9,16,4,30,14.3997998046875,0
2019,9,16,4,30,16.2498000488281,0
2019,9,16,4,30,18.0997998046875,0
2019,9,16,4,30,19.9498000488281,0
2019,9,16,4,30,21.7997998046875,0
2019,9,16,4,30,23.6497998046875,0
2019,9,16,4,30,25.4998000488281,0
2019,9,16,4,30,27.3497998046875,0
2019,9,16,4,30,29.1998000488281,0
2019,9,16,4,30,31.0497998046875,0
2019,9,16,4,30,32.8997998046875,0
2019,9,16,4,30,34.7498000488281,0
2019,9,16,4,30,36.5997998046875,0
2019,9,16,4,30,38.4498000488281,0
2019,9,16,4,30,40.2997998046875,0
2019,9,16,4,30,42.1497998046875,0
2019,9,16,4,30,43.9998000488281,0
2019,9,16,4,30,45.8497998046875,0
2019,9,16,4,30,47.6998000488281,0
2019,9,16,4,30,49.5497998046875,0
2019,9,16,4,30,51.3997998046875,0
2019,9,16,4,30,53.2498000488281,0
2019,9,16,4,30,55.0997998046875,0
2019,9,16,4,30,56.9498000488281,0
2019,9,16,4,30,58.7997998046875,0
2019,9,16,4,31,0.6497998046875,0
2019,9,16,4,31,2.49980004882813,0
2019,9,16,4,31,4.3497998046875,0
2019,9,16,4,31,6.19980004882813,0
2019,9,16,4,31,8.0497998046875,0
2019,9,16,4,31,9.8997998046875,0
2019,9,16,4,31,11.7498000488281,0
2019,9,16,4,31,13.5997998046875,0
2019,9,16,4,31,15.4498000488281,0
2019,9,16,4,31,17.2997998046875,0
2019,9,16,4,31,19.1497998046875,0
2019,9,16,4,31,20.9998000488281,0
2019,9,16,4,31,22.8497998046875,0
2019,9,16,4,31,24.6998000488281,0
2019,9,16,4,31,26.5497998046875,0
2019,9,16,4,31,28.3997998046875,0
2019,9,16,4,31,30.2498000488281,0
2019,9,16,4,31,32.0997998046875,0
2019,9,16,4,31,33.9498000488281,0
2019,9,16,4,31,35.7997998046875,0
2019,9,16,4,31,37.6497998046875,0
2019,9,16,4,31,39.4998000488281,0
2019,9,16,4,31,41.3497998046875,0
2019,9,16,4,31,43.1998000488281,0
2019,9,16,4,31,45.0497998046875,0
2019,9,16,4,31,46.8997998046875,0
2019,9,16,4,31,48.7498000488281,0
2019,9,16,4,31,50.5997998046875,0
2019,9,16,4,31,52.4498000488281,0
2019,9,16,4,31,54.2997998046875,0
2019,9,16,4,31,56.1497998046875,0
2019,9,16,4,31,57.9998000488281,0
2019,9,16,4,31,59.8497998046875,0
2019,9,16,4,32,1.69980004882812,0
2019,9,16,4,32,3.5497998046875,0
2019,9,16,4,32,5.3997998046875,0
2019,9,16,4,32,7.24980004882813,0
2019,9,16,4,32,9.0997998046875,0
2019,9,16,4,32,10.9498000488281,0
2019,9,16,4,32,12.7997998046875,0
2019,9,16,4,32,14.6497998046875,0
2019,9,16,4,32,16.4998000488281,0
2019,9,16,4,32,18.3497998046875,0
2019,9,16,4,32,20.1998000488281,0
2019,9,16,4,32,22.0497998046875,0
2019,9,16,4,32,23.8997998046875,0
2019,9,16,4,32,25.7498000488281,0
2019,9,16,4,32,27.5997998046875,0
2019,9,16,4,32,29.4498000488281,0
2019,9,16,4,32,31.2997998046875,0
2019,9,16,4,32,33.1497998046875,0
2019,9,16,4,32,34.9998000488281,0
2019,9,16,4,32,36.8497998046875,0
2019,9,16,4,32,38.6998000488281,0
2019,9,16,4,32,40.5497998046875,0
2019,9,16,4,32,42.3997998046875,0
2019,9,16,4,32,44.2498000488281,0
2019,9,16,4,32,46.0997998046875,0
2019,9,16,4,32,47.9498000488281,0
2019,9,16,4,32,49.7997998046875,0
2019,9,16,4,32,51.6497998046875,0
2019,9,16,4,32,53.4998000488281,0
2019,9,16,4,32,55.3497998046875,0
2019,9,16,4,32,57.1998000488281,0
2019,9,16,4,32,59.0497998046875,0
2019,9,16,4,33,0.8997998046875,0
2019,9,16,4,33,2.74980004882813,0
2019,9,16,4,33,4.5997998046875,0
2019,9,16,4,33,6.44980004882813,0
2019,9,16,4,33,8.2997998046875,0
2019,9,16,4,33,10.1497998046875,0
2019,9,16,4,33,11.9998000488281,0
2019,9,16,4,33,13.8497998046875,0
2019,9,16,4,33,15.6998000488281,0
2019,9,16,4,33,17.5497998046875,0
2019,9,16,4,33,19.3997998046875,0
2019,9,16,4,33,21.2498000488281,0
2019,9,16,4,33,23.0997998046875,0
2019,9,16,4,33,24.9498000488281,0
2019,9,16,4,33,26.7997998046875,0
2019,9,16,4,33,28.6497998046875,0
2019,9,16,4,33,30.4998000488281,0
2019,9,16,4,33,32.3497998046875,0
2019,9,16,4,33,34.1998000488281,0
2019,9,16,4,33,36.0497998046875,0
2019,9,16,4,33,37.8997998046875,0
2019,9,16,4,33,39.7498000488281,0
2019,9,16,4,33,41.5997998046875,0
2019,9,16,4,33,43.4498000488281,0
2019,9,16,4,33,45.2997998046875,0
2019,9,16,4,33,47.1497998046875,0
2019,9,16,4,33,48.9998000488281,0
2019,9,16,4,33,50.8497998046875,0
2019,9,16,4,33,52.6998000488281,0
2019,9,16,4,33,54.5497998046875,0
2019,9,16,4,33,56.3997998046875,0
2019,9,16,4,33,58.2498000488281,0
2019,9,16,4,34,0.0997998046875,0
2019,9,16,4,34,1.94980004882812,0
2019,9,16,4,35,26.4998000488281,0
2019,9,16,4,35,28.2997998046875,0
2019,9,16,4,35,30.1497998046875,0
2019,9,16,4,35,31.9998000488281,0
2019,9,16,4,35,33.8497998046875,0
2019,9,16,4,35,35.6998000488281,0
2019,9,16,4,35,37.5497998046875,0
2019,9,16,4,35,39.3997998046875,0
2019,9,16,4,35,41.2498000488281,0
2019,9,16,4,35,43.0997998046875,0
2019,9,16,4,35,44.9498000488281,0
2019,9,16,4,35,46.7997998046875,0
2019,9,16,4,35,48.6497998046875,0
2019,9,16,4,35,50.4998000488281,0
2019,9,16,4,35,52.3497998046875,0
2019,9,16,4,35,54.1998000488281,0
2019,9,16,4,35,56.0497998046875,0
2019,9,16,4,35,57.8997998046875,0
2019,9,16,4,35,59.7498000488281,0
2019,9,16,4,36,1.5997998046875,0
2019,9,16,4,36,3.44980004882812,0
2019,9,16,4,36,5.2997998046875,0
2019,9,16,4,36,7.19980004882813,0
2019,9,16,4,36,9.0497998046875,0
2019,9,16,4,36,10.8997998046875,0
2019,9,16,4,36,12.7498000488281,0
2019,9,16,4,36,14.5997998046875,0
2019,9,16,4,36,16.4498000488281,0
2019,9,16,4,36,18.2997998046875,0
2019,9,16,4,36,20.1497998046875,0
2019,9,16,4,36,21.9998000488281,0
2019,9,16,4,36,23.8497998046875,0
2019,9,16,4,36,25.6998000488281,0
2019,9,16,4,36,27.5497998046875,0
2019,9,16,4,36,29.3997998046875,0
2019,9,16,4,36,31.2498000488281,0
2019,9,16,4,36,33.0997998046875,0
2019,9,16,4,36,34.9498000488281,0
2019,9,16,4,36,36.7997998046875,0
2019,9,16,4,36,38.6497998046875,0
2019,9,16,4,36,40.4998000488281,0
2019,9,16,4,36,42.3497998046875,0
2019,9,16,4,36,44.1998000488281,0
2019,9,16,4,36,46.0497998046875,0
2019,9,16,4,36,47.8997998046875,0
2019,9,16,4,36,49.7498000488281,0
2019,9,16,4,36,51.5997998046875,0
2019,9,16,4,36,53.4498000488281,0
2019,9,16,4,36,55.2997998046875,0
2019,9,16,4,36,57.1497998046875,0
2019,9,16,4,36,58.9998000488281,0
2019,9,16,4,37,0.8497998046875,0
2019,9,16,4,37,2.69980004882812,0
2019,9,16,4,37,4.5497998046875,0
2019,9,16,4,37,6.3997998046875,0
2019,9,16,4,37,8.24980004882812,0
2019,9,16,4,37,10.0997998046875,0
2019,9,16,4,37,11.9498000488281,0
2019,9,16,4,37,13.7997998046875,0
2019,9,16,4,37,15.6497998046875,0
2019,9,16,4,37,17.4998000488281,0
2019,9,16,4,37,19.3497998046875,0
2019,9,16,4,37,21.1998000488281,0
2019,9,16,4,37,23.0497998046875,0
2019,9,16,4,37,24.8997998046875,0
2019,9,16,4,37,26.7498000488281,0
2019,9,16,4,37,28.5997998046875,0
2019,9,16,4,37,30.4498000488281,0
2019,9,16,4,37,32.2997998046875,0
2019,9,16,4,37,34.1497998046875,0
2019,9,16,4,37,35.9998000488281,0
2019,9,16,4,37,37.8497998046875,0
2019,9,16,4,37,39.6998000488281,0
2019,9,16,4,37,41.5497998046875,0
2019,9,16,4,37,43.3997998046875,0
2019,9,16,4,37,45.2498000488281,0
2019,9,16,4,37,47.0997998046875,0
2019,9,16,4,37,48.9498000488281,0
2019,9,16,4,37,50.7997998046875,0
2019,9,16,4,37,52.6497998046875,0
2019,9,16,4,37,54.4998000488281,0
2019,9,16,4,37,56.3497998046875,0
2019,9,16,4,37,58.1998000488281,0
2019,9,16,4,38,0.0497998046875,0
2019,9,16,4,38,1.8997998046875,0
2019,9,16,4,38,3.74980004882813,0
2019,9,16,4,38,5.5997998046875,0
2019,9,16,4,38,7.44980004882813,0
2019,9,16,4,38,9.2997998046875,0
2019,9,16,4,38,11.1497998046875,0
2019,9,16,4,38,12.9998000488281,0
2019,9,16,4,38,14.8497998046875,0
2019,9,16,4,38,16.6998000488281,0
2019,9,16,4,38,18.5497998046875,0
2019,9,16,4,38,20.3997998046875,0
2019,9,16,4,38,22.2498000488281,0
2019,9,16,4,38,24.0997998046875,0
2019,9,16,4,38,25.9498000488281,0
2019,9,16,4,38,27.7997998046875,0
2019,9,16,4,38,29.6497998046875,0
2019,9,16,4,38,31.4998000488281,0
2019,9,16,4,38,33.3497998046875,0
2019,9,16,4,38,35.1998000488281,0
2019,9,16,4,38,37.0497998046875,0
2019,9,16,4,38,38.8997998046875,0
2019,9,16,4,38,40.7498000488281,0
2019,9,16,4,38,42.5997998046875,0
2019,9,16,4,38,44.4498000488281,0
2019,9,16,4,38,46.2997998046875,0
2019,9,16,4,38,48.1497998046875,0
2019,9,16,4,38,49.9998000488281,0
2019,9,16,4,38,51.8497998046875,0
2019,9,16,4,38,53.6998000488281,0
2019,9,16,4,38,55.5497998046875,0
2019,9,16,4,38,57.3997998046875,0
2019,9,16,4,38,59.2498000488281,0
2019,9,16,4,39,1.0997998046875,0
2019,9,16,4,39,2.94980004882812,0
2019,9,16,4,39,4.7997998046875,0
2019,9,16,4,39,6.6497998046875,0
2019,9,16,4,39,8.49980004882812,0
2019,9,16,4,39,10.3497998046875,0
2019,9,16,4,39,12.1998000488281,0
2019,9,16,4,39,14.0497998046875,0
2019,9,16,4,39,15.8997998046875,0
2019,9,16,4,39,17.7498000488281,0
2019,9,16,4,39,19.5997998046875,0
2019,9,16,4,39,21.4498000488281,0
2019,9,16,4,39,23.2997998046875,0
2019,9,16,4,39,25.1497998046875,0
2019,9,16,4,39,26.9998000488281,0
2019,9,16,4,39,28.8497998046875,0
2019,9,16,4,39,30.6998000488281,0
2019,9,16,4,39,32.5497998046875,0
2019,9,16,4,39,34.3997998046875,0
2019,9,16,4,39,36.2498000488281,0
2019,9,16,4,39,38.0997998046875,0
2019,9,16,4,39,39.9498000488281,0
2019,9,16,4,39,41.7997998046875,0
2019,9,16,4,39,43.6497998046875,0
2019,9,16,4,39,45.4998000488281,0
2019,9,16,4,39,47.3497998046875,0
2019,9,16,4,39,49.1998000488281,0
2019,9,16,4,39,51.0497998046875,0
2019,9,16,4,39,52.8997998046875,0
2019,9,16,4,39,54.7498000488281,0
2019,9,16,4,39,56.5997998046875,0
2019,9,16,4,39,58.4498000488281,0
2019,9,16,4,40,0.2997998046875,0
2019,9,16,4,40,2.1497998046875,0
2019,9,16,4,40,3.99980004882813,0
2019,9,16,4,40,5.8497998046875,0
2019,9,16,4,40,7.69980004882813,0
2019,9,16,4,40,9.5497998046875,0
2019,9,16,4,40,11.3997998046875,0
2019,9,16,4,40,13.2498000488281,0
2019,9,16,4,40,15.0997998046875,0
2019,9,16,4,40,16.9498000488281,0
2019,9,16,4,40,18.7997998046875,0
2019,9,16,4,40,20.6497998046875,0
2019,9,16,4,40,22.4998000488281,0
2019,9,16,4,40,24.3497998046875,0
2019,9,16,4,40,26.1998000488281,0
2019,9,16,4,40,28.0497998046875,0
2019,9,16,4,40,29.8997998046875,0
2019,9,16,4,40,31.7498000488281,0
2019,9,16,4,40,33.5997998046875,0
2019,9,16,4,40,35.4498000488281,0
2019,9,16,4,40,37.2997998046875,0
2019,9,16,4,40,39.1497998046875,0
2019,9,16,4,40,40.9998000488281,0
2019,9,16,4,40,42.8497998046875,0
2019,9,16,4,40,44.6998000488281,0
2019,9,16,4,40,46.5497998046875,0
2019,9,16,4,40,48.3997998046875,0
2019,9,16,4,40,50.2498000488281,0
2019,9,16,4,40,52.0997998046875,0
2019,9,16,4,40,53.9498000488281,0
2019,9,16,4,40,55.7997998046875,0
2019,9,16,4,40,57.6497998046875,0
2019,9,16,4,40,59.4998000488281,0
2019,9,16,4,41,1.3497998046875,0
2019,9,16,4,41,3.19980004882812,0
2019,9,16,4,41,5.0497998046875,0
2019,9,16,4,41,6.8997998046875,0
2019,9,16,4,41,8.74980004882812,0
2019,9,16,4,41,10.5997998046875,0
2019,9,16,4,41,12.4498000488281,0
2019,9,16,4,41,14.2997998046875,0
2019,9,16,4,41,16.1497998046875,0
2019,9,16,4,41,17.9998000488281,0
2019,9,16,4,41,19.8497998046875,0
2019,9,16,4,41,21.6998000488281,0
2019,9,16,4,41,23.5497998046875,0
2019,9,16,4,41,25.3997998046875,0
2019,9,16,4,41,27.2498000488281,0
2019,9,16,4,41,29.0997998046875,0
2019,9,16,4,41,30.9498000488281,0
2019,9,16,4,41,32.7997998046875,0
2019,9,16,4,41,34.6497998046875,0
2019,9,16,4,41,36.4998000488281,0
2019,9,16,4,41,38.3497998046875,0
2019,9,16,4,41,40.1998000488281,0
2019,9,16,4,41,42.0497998046875,0
2019,9,16,4,41,43.8997998046875,0
2019,9,16,4,41,45.7498000488281,0
2019,9,16,4,41,47.5997998046875,0
2019,9,16,4,41,49.4498000488281,0
2019,9,16,4,41,51.2997998046875,0
2019,9,16,4,41,53.1497998046875,0
2019,9,16,4,41,54.9998000488281,0
2019,9,16,4,41,56.8497998046875,0
2019,9,16,4,41,58.6998000488281,0
2019,9,16,4,42,0.5497998046875,0
2019,9,16,4,42,2.3997998046875,0
2019,9,16,4,42,4.24980004882813,0
2019,9,16,4,42,6.0997998046875,0
2019,9,16,4,42,7.94980004882813,0
2019,9,16,4,42,9.7997998046875,0
2019,9,16,4,42,11.6497998046875,0
2019,9,16,4,42,13.4998000488281,0
2019,9,16,4,42,15.3497998046875,0
2019,9,16,4,42,17.1998000488281,0
2019,9,16,4,42,19.0497998046875,0
2019,9,16,4,42,20.8997998046875,0
2019,9,16,4,42,22.7498000488281,0
2019,9,16,4,42,24.5997998046875,0
2019,9,16,4,42,26.4498000488281,0
2019,9,16,4,42,28.2997998046875,0
2019,9,16,4,42,30.1497998046875,0
2019,9,16,4,42,31.9998000488281,0
2019,9,16,4,42,33.8497998046875,0
2019,9,16,4,42,35.6998000488281,0
2019,9,16,4,42,37.5497998046875,0
2019,9,16,4,42,39.3997998046875,0
2019,9,16,4,42,41.2498000488281,0
2019,9,16,4,42,43.0997998046875,0
2019,9,16,4,42,44.9498000488281,0
2019,9,16,4,42,46.7997998046875,0
2019,9,16,4,42,48.6497998046875,0
2019,9,16,4,42,50.4998000488281,0
2019,9,16,4,42,52.3497998046875,0
2019,9,16,4,42,54.1998000488281,0
2019,9,16,4,42,56.0497998046875,0
2019,9,16,4,42,57.8997998046875,0
2019,9,16,4,42,59.7498000488281,0
2019,9,16,4,43,1.5997998046875,0
2019,9,16,4,43,3.44980004882812,0
2019,9,16,4,43,5.2997998046875,0
2019,9,16,4,43,7.1497998046875,0
2019,9,16,4,43,8.99980004882812,0
2019,9,16,4,43,10.8497998046875,0
2019,9,16,4,43,12.6998000488281,0
2019,9,16,4,43,14.5497998046875,0
2019,9,16,4,43,16.3997998046875,0
2019,9,16,4,43,18.2498000488281,0
2019,9,16,4,43,20.0997998046875,0
2019,9,16,4,43,21.9498000488281,0
2019,9,16,4,43,23.7997998046875,0
2019,9,16,4,43,25.6497998046875,0
2019,9,16,4,43,27.4998000488281,0
2019,9,16,4,43,29.3497998046875,0
2019,9,16,4,43,31.1998000488281,0
2019,9,16,4,43,33.0497998046875,0
2019,9,16,4,43,34.8997998046875,0
2019,9,16,4,43,36.7498000488281,0
2019,9,16,4,43,38.5997998046875,0
2019,9,16,4,43,40.4498000488281,0
2019,9,16,4,43,42.2997998046875,0
2019,9,16,4,43,44.1497998046875,0
2019,9,16,4,43,45.9998000488281,0
2019,9,16,4,43,47.8497998046875,0
2019,9,16,4,43,49.6998000488281,0
2019,9,16,4,43,51.5497998046875,0
2019,9,16,4,43,53.3997998046875,0
2019,9,16,4,43,55.2498000488281,0
2019,9,16,4,43,57.0997998046875,0
2019,9,16,4,43,58.9498000488281,0
2019,9,16,4,44,0.7997998046875,0
2019,9,16,4,44,2.6497998046875,0
2019,9,16,4,44,4.49980004882813,0
2019,9,16,4,44,6.3497998046875,0
2019,9,16,4,44,8.19980004882813,0
2019,9,16,4,44,10.0497998046875,0
2019,9,16,4,44,11.8997998046875,0
2019,9,16,4,44,13.7498000488281,0
2019,9,16,4,44,15.5997998046875,0
2019,9,16,4,44,17.4498000488281,0
2019,9,16,4,44,19.2997998046875,0
2019,9,16,4,44,21.1497998046875,0
2019,9,16,4,44,22.9998000488281,0
2019,9,16,4,44,24.8497998046875,0
2019,9,16,4,44,26.6998000488281,0
2019,9,16,4,44,28.5497998046875,0
2019,9,16,4,44,30.3997998046875,0
2019,9,16,4,44,32.2498000488281,0
2019,9,16,4,44,34.0997998046875,0
2019,9,16,4,44,35.9498000488281,0
2019,9,16,4,44,37.7997998046875,0
2019,9,16,4,44,39.6497998046875,0
2019,9,16,4,44,41.4998000488281,0
2019,9,16,4,44,43.3497998046875,0
2019,9,16,4,44,45.1998000488281,0
2019,9,16,4,44,47.0497998046875,0
2019,9,16,4,44,48.8997998046875,0
2019,9,16,4,44,50.7498000488281,0
2019,9,16,4,44,52.5997998046875,0
2019,9,16,4,44,54.4498000488281,0
2019,9,16,4,44,56.2997998046875,0
2019,9,16,4,44,58.1497998046875,0
2019,9,16,4,44,59.9998000488281,0
