Year,Month,Day,Hour,Minute,Second,Classification
2021,8,24,18,15,0.1497998046875,0
2021,8,24,18,15,1.99980004882813,0
2021,8,24,18,15,3.8497998046875,0
2021,8,24,18,15,5.69980004882813,0
2021,8,24,18,15,7.5497998046875,0
2021,8,24,18,15,9.3997998046875,0
2021,8,24,18,15,11.2498000488281,0
2021,8,24,18,15,13.0997998046875,0
2021,8,24,18,15,14.9498000488281,0
2021,8,24,18,15,16.7997998046875,0
2021,8,24,18,15,18.6497998046875,0
2021,8,24,18,15,20.4998000488281,0
2021,8,24,18,15,22.3497998046875,0
2021,8,24,18,15,24.1998000488281,0
2021,8,24,18,15,26.0497998046875,0
2021,8,24,18,15,27.8997998046875,0
2021,8,24,18,15,29.7498000488281,0
2021,8,24,18,15,31.5997998046875,0
2021,8,24,18,15,33.4498000488281,0
2021,8,24,18,15,35.2997998046875,0
2021,8,24,18,15,37.1497998046875,0
2021,8,24,18,15,38.9998000488281,0
2021,8,24,18,15,40.8497998046875,0
2021,8,24,18,15,42.6998000488281,0
2021,8,24,18,15,44.5497998046875,0
2021,8,24,18,15,46.3997998046875,0
2021,8,24,18,15,48.2498000488281,0
2021,8,24,18,15,50.0997998046875,0
2021,8,24,18,15,51.9498000488281,0
2021,8,24,18,15,53.7997998046875,0
2021,8,24,18,15,55.6497998046875,1
2021,8,24,18,15,57.4998000488281,2
2021,8,24,18,15,59.3497998046875,2
2021,8,24,18,16,1.19980004882813,2
2021,8,24,18,17,1.7997998046875,2
2021,8,24,18,17,3.5997998046875,2
2021,8,24,18,17,5.44980004882813,2
2021,8,24,18,17,7.2997998046875,2
2021,8,24,18,17,9.1497998046875,2
2021,8,24,18,17,10.9998000488281,2
2021,8,24,18,17,12.8497998046875,2
2021,8,24,18,17,14.6998000488281,1
2021,8,24,18,17,16.5497998046875,1
2021,8,24,18,17,18.3997998046875,1
2021,8,24,18,17,20.2498000488281,1
2021,8,24,18,17,22.1497998046875,1
2021,8,24,18,17,23.9998000488281,1
2021,8,24,18,17,25.8497998046875,1
2021,8,24,18,17,27.6998000488281,1
2021,8,24,18,17,29.5497998046875,2
2021,8,24,18,17,31.3497998046875,2
2021,8,24,18,17,33.1998000488281,2
2021,8,24,18,17,34.9998000488281,2
2021,8,24,18,17,36.8497998046875,2
2021,8,24,18,17,38.6998000488281,2
2021,8,24,18,17,40.5497998046875,2
2021,8,24,18,17,42.3997998046875,2
2021,8,24,18,17,44.2997998046875,2
2021,8,24,18,17,46.1497998046875,2
2021,8,24,18,17,47.9998000488281,2
2021,8,24,18,17,49.8497998046875,2
2021,8,24,18,17,51.6497998046875,2
2021,8,24,18,17,53.5997998046875,2
2021,8,24,18,17,55.6497998046875,2
2021,8,24,18,17,57.6998000488281,2
2021,8,24,18,17,59.5997998046875,2
2021,8,24,18,18,1.44980004882813,2
2021,8,24,18,18,3.2997998046875,2
2021,8,24,18,18,5.1497998046875,2
2021,8,24,18,18,6.99980004882813,2
2021,8,24,18,18,8.8497998046875,2
2021,8,24,18,18,10.6998000488281,2
2021,8,24,18,18,12.5997998046875,2
2021,8,24,18,18,14.4498000488281,2
2021,8,24,18,18,16.2498000488281,2
2021,8,24,18,18,18.0497998046875,2
2021,8,24,18,18,19.8497998046875,2
2021,8,24,18,18,21.6497998046875,2
2021,8,24,18,18,23.4498000488281,2
2021,8,24,18,18,25.2997998046875,2
2021,8,24,18,18,27.1497998046875,2
2021,8,24,18,18,28.9498000488281,2
2021,8,24,18,18,30.7997998046875,2
2021,8,24,18,18,32.6497998046875,2
2021,8,24,18,18,34.4998000488281,2
2021,8,24,18,18,36.4498000488281,2
2021,8,24,18,18,38.3997998046875,2
2021,8,24,18,18,40.2997998046875,2
2021,8,24,18,18,42.1497998046875,2
2021,8,24,18,18,43.9998000488281,2
2021,8,24,18,18,45.7997998046875,2
2021,8,24,18,18,47.5997998046875,2
2021,8,24,18,18,49.3497998046875,2
2021,8,24,18,18,51.1998000488281,2
2021,8,24,18,18,53.0497998046875,2
2021,8,24,18,18,54.8997998046875,2
2021,8,24,18,18,56.7997998046875,2
2021,8,24,18,18,58.7997998046875,2
2021,8,24,18,19,0.6497998046875,2
2021,8,24,18,19,2.49980004882813,2
2021,8,24,18,19,4.3997998046875,2
2021,8,24,18,19,6.19980004882813,2
2021,8,24,18,19,8.0497998046875,2
2021,8,24,18,19,9.8997998046875,2
2021,8,24,18,19,11.7498000488281,2
2021,8,24,18,19,13.5997998046875,2
2021,8,24,18,19,15.4498000488281,2
2021,8,24,18,19,17.2997998046875,2
2021,8,24,18,19,19.1497998046875,2
2021,8,24,18,19,20.9998000488281,2
2021,8,24,18,19,22.8497998046875,2
2021,8,24,18,19,24.6998000488281,2
2021,8,24,18,19,26.5497998046875,2
2021,8,24,18,19,28.3997998046875,2
2021,8,24,18,19,30.2498000488281,2
2021,8,24,18,19,32.0997998046875,2
2021,8,24,18,19,33.9498000488281,2
2021,8,24,18,19,35.7997998046875,2
2021,8,24,18,19,37.6497998046875,2
2021,8,24,18,19,39.4998000488281,2
2021,8,24,18,19,41.3497998046875,2
2021,8,24,18,19,43.1497998046875,2
2021,8,24,18,19,44.9998000488281,2
2021,8,24,18,19,46.8997998046875,2
2021,8,24,18,19,48.6998000488281,2
2021,8,24,18,19,50.5497998046875,2
2021,8,24,18,19,52.3997998046875,2
2021,8,24,18,19,54.2498000488281,2
2021,8,24,18,19,56.0997998046875,2
2021,8,24,18,19,57.9498000488281,2
2021,8,24,18,19,59.8497998046875,1
2021,8,24,18,20,1.69980004882812,1
2021,8,24,18,20,3.5497998046875,1
2021,8,24,18,20,5.3997998046875,1
2021,8,24,18,20,7.24980004882813,1
2021,8,24,18,20,9.0997998046875,1
2021,8,24,18,20,10.9498000488281,1
2021,8,24,18,20,9.0997998046875,1
2021,8,24,18,20,10.9498000488281,1
2021,8,24,18,20,12.7997998046875,1
2021,8,24,18,20,14.5997998046875,1
2021,8,24,18,20,16.4498000488281,1
2021,8,24,18,20,18.2997998046875,1
2021,8,24,18,20,20.1497998046875,1
2021,8,24,18,20,21.9998000488281,1
2021,8,24,18,20,23.8497998046875,1
2021,8,24,18,20,25.6998000488281,1
2021,8,24,18,20,27.5497998046875,1
2021,8,24,18,20,29.3997998046875,1
2021,8,24,18,20,31.2997998046875,1
2021,8,24,18,20,33.1497998046875,1
2021,8,24,18,20,35.0497998046875,1
2021,8,24,18,20,36.9998000488281,1
2021,8,24,18,20,38.8997998046875,1
2021,8,24,18,20,40.7997998046875,1
2021,8,24,18,20,42.6497998046875,1
2021,8,24,18,20,44.4998000488281,1
2021,8,24,18,20,46.3497998046875,1
2021,8,24,18,20,48.1998000488281,1
2021,8,24,18,20,50.0497998046875,1
2021,8,24,18,20,51.8997998046875,1
2021,8,24,18,20,53.7997998046875,1
2021,8,24,18,20,55.6497998046875,1
2021,8,24,18,20,57.4998000488281,1
2021,8,24,18,20,59.3497998046875,1
2021,8,24,18,21,1.19980004882813,1
2021,8,24,18,21,2.99980004882813,2
2021,8,24,18,21,4.7997998046875,2
2021,8,24,18,21,6.5997998046875,2
2021,8,24,18,21,8.3497998046875,2
2021,8,24,18,21,10.1497998046875,2
2021,8,24,18,21,11.9498000488281,2
2021,8,24,18,21,13.7997998046875,2
2021,8,24,18,21,15.6497998046875,2
2021,8,24,18,21,17.4998000488281,2
2021,8,24,18,21,19.3997998046875,2
2021,8,24,18,21,21.2498000488281,2
2021,8,24,18,21,23.0997998046875,2
2021,8,24,18,21,24.9498000488281,2
2021,8,24,18,21,26.7997998046875,2
2021,8,24,18,21,28.6497998046875,2
2021,8,24,18,21,30.4998000488281,2
2021,8,24,18,21,32.3497998046875,2
2021,8,24,18,21,34.1998000488281,2
2021,8,24,18,21,36.0497998046875,2
2021,8,24,18,21,37.8997998046875,2
2021,8,24,18,21,39.7498000488281,2
2021,8,24,18,21,41.5997998046875,2
2021,8,24,18,21,43.4498000488281,2
2021,8,24,18,21,45.2997998046875,2
2021,8,24,18,21,47.1497998046875,2
2021,8,24,18,21,49.0497998046875,2
2021,8,24,18,21,50.8997998046875,2
2021,8,24,18,21,52.7498000488281,2
2021,8,24,18,21,54.5997998046875,2
2021,8,24,18,21,56.4498000488281,2
2021,8,24,18,21,58.2997998046875,2
2021,8,24,18,22,0.1497998046875,2
2021,8,24,18,22,1.99980004882813,2
2021,8,24,18,22,3.8497998046875,2
2021,8,24,18,22,5.6497998046875,2
2021,8,24,18,22,7.49980004882813,2
2021,8,24,18,22,9.3497998046875,2
2021,8,24,18,22,11.1998000488281,2
2021,8,24,18,22,13.0497998046875,2
2021,8,24,18,22,14.8997998046875,2
2021,8,24,18,22,16.7498000488281,2
2021,8,24,18,22,18.5997998046875,2
2021,8,24,18,22,20.4498000488281,2
2021,8,24,18,22,22.2997998046875,2
2021,8,24,18,22,24.1497998046875,2
2021,8,24,18,22,25.9998000488281,2
2021,8,24,18,22,27.8497998046875,2
2021,8,24,18,22,29.6998000488281,2
2021,8,24,18,22,31.5497998046875,2
2021,8,24,18,22,33.3997998046875,2
2021,8,24,18,22,35.2498000488281,2
2021,8,24,18,22,37.0997998046875,2
2021,8,24,18,22,38.9498000488281,2
2021,8,24,18,22,40.7997998046875,2
2021,8,24,18,22,42.6497998046875,2
2021,8,24,18,22,44.4998000488281,2
2021,8,24,18,22,46.2997998046875,2
2021,8,24,18,22,48.1998000488281,1
2021,8,24,18,22,49.9998000488281,1
2021,8,24,18,22,51.8997998046875,1
2021,8,24,18,22,53.7498000488281,1
2021,8,24,18,22,55.5997998046875,1
2021,8,24,18,22,57.4498000488281,1
2021,8,24,18,22,59.2997998046875,1
2021,8,24,18,23,1.1497998046875,1
2021,8,24,18,23,2.99980004882813,1
2021,8,24,18,23,4.8497998046875,1
2021,8,24,18,23,6.6497998046875,1
2021,8,24,18,23,8.5497998046875,1
2021,8,24,18,23,10.3997998046875,1
2021,8,24,18,23,12.2498000488281,1
2021,8,24,18,23,14.0997998046875,1
2021,8,24,18,23,15.9498000488281,1
2021,8,24,18,23,17.7498000488281,1
2021,8,24,18,23,19.4998000488281,1
2021,8,24,18,23,21.3497998046875,1
2021,8,24,18,23,23.2997998046875,1
2021,8,24,18,23,25.1998000488281,1
2021,8,24,18,23,27.0997998046875,1
2021,8,24,18,23,28.9498000488281,1
2021,8,24,18,23,30.7997998046875,1
2021,8,24,18,23,32.6497998046875,1
2021,8,24,18,23,34.4998000488281,1
2021,8,24,18,23,36.3497998046875,1
2021,8,24,18,23,38.1998000488281,1
2021,8,24,18,23,39.9998000488281,1
2021,8,24,18,23,41.8997998046875,1
2021,8,24,18,23,43.7498000488281,1
2021,8,24,18,23,45.5497998046875,1
2021,8,24,18,23,47.4498000488281,1
2021,8,24,18,23,49.2997998046875,1
2021,8,24,18,23,51.1497998046875,1
2021,8,24,18,23,52.9998000488281,1
2021,8,24,18,23,54.8497998046875,2
2021,8,24,18,23,56.6497998046875,2
2021,8,24,18,23,58.4998000488281,2
2021,8,24,18,24,0.3997998046875,2
2021,8,24,18,24,2.19980004882812,2
2021,8,24,18,24,4.0997998046875,2
2021,8,24,18,24,5.8997998046875,2
2021,8,24,18,24,7.74980004882813,2
2021,8,24,18,24,9.5997998046875,2
2021,8,24,18,24,11.4998000488281,2
2021,8,24,18,24,13.3497998046875,2
2021,8,24,18,24,15.1998000488281,2
2021,8,24,18,24,17.0497998046875,2
2021,8,24,18,24,18.8997998046875,2
2021,8,24,18,24,20.6998000488281,2
2021,8,24,18,24,22.5497998046875,2
2021,8,24,18,24,24.3997998046875,2
2021,8,24,18,24,26.2498000488281,2
2021,8,24,18,24,28.0997998046875,2
2021,8,24,18,24,29.9498000488281,2
2021,8,24,18,24,31.7997998046875,2
2021,8,24,18,24,33.6497998046875,2
2021,8,24,18,24,35.4998000488281,2
2021,8,24,18,24,37.3497998046875,2
2021,8,24,18,24,39.1998000488281,2
2021,8,24,18,24,41.0497998046875,2
2021,8,24,18,24,42.8997998046875,2
2021,8,24,18,24,44.7498000488281,2
2021,8,24,18,24,46.5997998046875,2
2021,8,24,18,24,48.4498000488281,2
2021,8,24,18,24,50.2997998046875,2
2021,8,24,18,24,52.1497998046875,2
2021,8,24,18,24,53.9998000488281,2
2021,8,24,18,24,55.8497998046875,2
2021,8,24,18,24,57.6998000488281,2
2021,8,24,18,24,59.5497998046875,2
2021,8,24,18,25,1.3997998046875,2
2021,8,24,18,25,3.24980004882813,2
2021,8,24,18,25,5.0997998046875,2
2021,8,24,18,25,6.94980004882813,2
2021,8,24,18,25,8.7997998046875,2
2021,8,24,18,25,10.6497998046875,2
2021,8,24,18,25,12.4998000488281,2
2021,8,24,18,25,14.3497998046875,2
2021,8,24,18,25,16.1998000488281,2
2021,8,24,18,25,18.0497998046875,2
2021,8,24,18,25,19.8997998046875,2
2021,8,24,18,25,21.7498000488281,2
2021,8,24,18,25,23.5997998046875,2
2021,8,24,18,25,25.4498000488281,2
2021,8,24,18,25,27.2997998046875,2
2021,8,24,18,25,29.1497998046875,2
2021,8,24,18,25,30.9998000488281,2
2021,8,24,18,25,32.8497998046875,2
2021,8,24,18,25,34.6998000488281,2
2021,8,24,18,25,36.5997998046875,2
2021,8,24,18,25,38.3997998046875,2
2021,8,24,18,25,40.2997998046875,2
2021,8,24,18,25,42.1497998046875,2
2021,8,24,18,25,43.8997998046875,2
2021,8,24,18,25,45.6998000488281,2
2021,8,24,18,25,47.4998000488281,2
2021,8,24,18,25,49.2997998046875,2
2021,8,24,18,25,51.1497998046875,2
2021,8,24,18,25,52.9998000488281,2
2021,8,24,18,25,54.8997998046875,2
2021,8,24,18,25,56.8497998046875,2
2021,8,24,18,25,58.7498000488281,2
2021,8,24,18,26,0.6497998046875,2
2021,8,24,18,26,2.49980004882813,2
2021,8,24,18,26,4.3497998046875,2
2021,8,24,18,26,6.1497998046875,2
2021,8,24,18,26,7.99980004882813,2
2021,8,24,18,26,9.8497998046875,2
2021,8,24,18,26,11.6998000488281,2
2021,8,24,18,26,13.5497998046875,2
2021,8,24,18,26,15.3997998046875,2
2021,8,24,18,26,17.2498000488281,2
2021,8,24,18,26,19.0997998046875,2
2021,8,24,18,26,20.9498000488281,2
2021,8,24,18,26,22.7997998046875,2
2021,8,24,18,26,24.6497998046875,2
2021,8,24,18,26,26.4998000488281,2
2021,8,24,18,26,28.3497998046875,2
2021,8,24,18,26,30.1998000488281,2
2021,8,24,18,26,32.0497998046875,2
2021,8,24,18,26,33.8997998046875,2
2021,8,24,18,26,35.7498000488281,2
2021,8,24,18,26,37.5997998046875,2
2021,8,24,18,26,39.4498000488281,2
2021,8,24,18,26,41.2997998046875,2
2021,8,24,18,26,43.1497998046875,2
2021,8,24,18,26,44.9998000488281,2
2021,8,24,18,26,46.8497998046875,1
2021,8,24,18,26,48.6998000488281,1
2021,8,24,18,26,50.5497998046875,1
2021,8,24,18,26,52.3997998046875,1
2021,8,24,18,26,54.1998000488281,1
2021,8,24,18,26,55.9498000488281,1
2021,8,24,18,26,57.7498000488281,1
2021,8,24,18,26,59.4998000488281,1
2021,8,24,18,27,1.24980004882813,1
2021,8,24,18,27,2.99980004882813,1
2021,8,24,18,27,4.74980004882813,1
2021,8,24,18,27,6.5997998046875,1
2021,8,24,18,27,8.44980004882813,1
2021,8,24,18,27,10.2997998046875,1
2021,8,24,18,27,12.1497998046875,1
2021,8,24,18,27,13.9998000488281,1
2021,8,24,18,27,15.8497998046875,1
2021,8,24,18,27,17.6998000488281,1
2021,8,24,18,27,19.5497998046875,1
2021,8,24,18,27,21.4998000488281,1
2021,8,24,18,27,23.4498000488281,1
2021,8,24,18,27,25.3997998046875,1
2021,8,24,18,27,27.3497998046875,1
2021,8,24,18,27,29.2997998046875,1
2021,8,24,18,27,31.2498000488281,1
2021,8,24,18,27,33.1998000488281,1
2021,8,24,18,27,35.0997998046875,1
2021,8,24,18,27,36.9998000488281,1
2021,8,24,18,27,38.8497998046875,1
2021,8,24,18,27,40.6998000488281,1
2021,8,24,18,27,42.5497998046875,1
2021,8,24,18,27,44.3997998046875,1
2021,8,24,18,27,46.1998000488281,1
2021,8,24,18,27,48.0497998046875,1
2021,8,24,18,27,49.8997998046875,1
2021,8,24,18,27,51.7498000488281,1
2021,8,24,18,27,53.5497998046875,1
2021,8,24,18,27,55.3997998046875,1
2021,8,24,18,27,57.2498000488281,1
2021,8,24,18,27,59.0997998046875,1
2021,8,24,18,28,0.949800048828125,1
2021,8,24,18,28,2.7997998046875,1
2021,8,24,18,28,4.6497998046875,1
2021,8,24,18,28,6.44980004882813,1
2021,8,24,18,28,8.2997998046875,0
2021,8,24,18,28,10.1497998046875,0
2021,8,24,18,28,11.9998000488281,0
2021,8,24,18,28,13.8497998046875,0
2021,8,24,18,28,15.6998000488281,0
2021,8,24,18,28,17.5497998046875,0
2021,8,24,18,28,19.3997998046875,0
2021,8,24,18,28,21.2498000488281,0
2021,8,24,18,28,23.0997998046875,0
2021,8,24,18,28,24.9498000488281,0
2021,8,24,18,28,26.7997998046875,0
2021,8,24,18,28,28.6497998046875,0
2021,8,24,18,28,30.4998000488281,0
2021,8,24,18,28,32.3497998046875,0
2021,8,24,18,28,34.1998000488281,0
2021,8,24,18,28,36.0497998046875,0
2021,8,24,18,28,37.8997998046875,0
2021,8,24,18,28,39.7498000488281,0
2021,8,24,18,28,41.5997998046875,0
2021,8,24,18,28,43.3997998046875,0
2021,8,24,18,28,45.2498000488281,0
2021,8,24,18,28,47.0997998046875,0
2021,8,24,18,28,48.9498000488281,0
2021,8,24,18,28,50.7997998046875,0
2021,8,24,18,28,52.6497998046875,0
2021,8,24,18,28,54.4998000488281,0
2021,8,24,18,28,56.2997998046875,0
2021,8,24,18,28,58.1998000488281,0
2021,8,24,18,29,0.0497998046875,0
2021,8,24,18,29,1.8997998046875,0
2021,8,24,18,29,3.74980004882813,0
2021,8,24,18,29,5.5997998046875,0
2021,8,24,18,29,7.44980004882813,0
2021,8,24,18,29,9.2997998046875,0
2021,8,24,18,29,11.1497998046875,0
2021,8,24,18,29,12.9998000488281,0
2021,8,24,18,29,14.8497998046875,0
2021,8,24,18,29,16.6998000488281,0
2021,8,24,18,29,18.5497998046875,0
2021,8,24,18,29,20.3997998046875,0
2021,8,24,18,29,22.2498000488281,0
2021,8,24,18,29,24.0997998046875,0
2021,8,24,18,29,25.9498000488281,0
2021,8,24,18,29,27.7997998046875,0
2021,8,24,18,29,29.6497998046875,0
2021,8,24,18,29,31.4998000488281,0
2021,8,24,18,29,33.3497998046875,0
2021,8,24,18,29,35.1998000488281,0
2021,8,24,18,29,37.0497998046875,0
2021,8,24,18,29,38.8997998046875,0
2021,8,24,18,29,40.7498000488281,0
2021,8,24,18,29,42.5997998046875,0
2021,8,24,18,29,44.4498000488281,0
2021,8,24,18,29,46.2997998046875,0
2021,8,24,18,29,48.1497998046875,0
2021,8,24,18,29,49.9998000488281,0
2021,8,24,18,29,51.8497998046875,0
2021,8,24,18,29,53.6998000488281,0
2021,8,24,18,29,55.5497998046875,0
2021,8,24,18,29,57.3997998046875,0
2021,8,24,18,29,59.2498000488281,0
2021,8,24,18,30,1.1497998046875,0
2021,8,24,18,30,2.94980004882812,0
2021,8,24,18,30,4.7997998046875,0
2021,8,24,18,30,6.6497998046875,1
2021,8,24,18,30,8.49980004882812,1
2021,8,24,18,30,10.3497998046875,2
2021,8,24,18,30,12.1998000488281,2
2021,8,24,18,30,14.0497998046875,2
2021,8,24,18,30,15.8997998046875,2
2021,8,24,18,30,17.7498000488281,2
2021,8,24,18,30,19.5997998046875,2
2021,8,24,18,30,21.4498000488281,2
2021,8,24,18,30,23.2997998046875,2
2021,8,24,18,30,25.1497998046875,2
2021,8,24,18,30,26.9998000488281,2
2021,8,24,18,30,28.8497998046875,2
2021,8,24,18,30,30.6998000488281,2
2021,8,24,18,30,32.5497998046875,2
2021,8,24,18,30,34.3997998046875,2
2021,8,24,18,30,36.2498000488281,2
2021,8,24,18,30,38.0997998046875,2
2021,8,24,18,30,39.9498000488281,2
2021,8,24,18,30,41.7997998046875,2
2021,8,24,18,30,43.6497998046875,2
2021,8,24,18,30,45.4998000488281,2
2021,8,24,18,30,47.3497998046875,2
2021,8,24,18,30,49.1998000488281,2
2021,8,24,18,30,51.0497998046875,2
2021,8,24,18,30,52.8997998046875,2
2021,8,24,18,30,54.7498000488281,2
2021,8,24,18,30,56.5997998046875,2
2021,8,24,18,30,58.4498000488281,2
2021,8,24,18,31,0.2997998046875,2
2021,8,24,18,31,2.1497998046875,2
2021,8,24,18,31,3.99980004882813,2
2021,8,24,18,31,5.8497998046875,2
2021,8,24,18,31,7.69980004882813,2
2021,8,24,18,31,9.5497998046875,2
2021,8,24,18,31,11.3997998046875,2
2021,8,24,18,31,13.2498000488281,2
2021,8,24,18,31,15.0997998046875,2
2021,8,24,18,31,16.9498000488281,2
2021,8,24,18,31,18.7997998046875,2
2021,8,24,18,31,20.6497998046875,2
2021,8,24,18,31,22.4998000488281,2
2021,8,24,18,31,24.3497998046875,2
2021,8,24,18,31,26.1998000488281,2
2021,8,24,18,31,28.0497998046875,2
2021,8,24,18,31,29.8997998046875,2
2021,8,24,18,31,31.7498000488281,2
2021,8,24,18,31,33.5997998046875,2
2021,8,24,18,31,35.4498000488281,2
2021,8,24,18,31,37.3497998046875,2
2021,8,24,18,31,39.1497998046875,2
2021,8,24,18,31,40.9998000488281,2
2021,8,24,18,31,42.9998000488281,2
2021,8,24,18,31,44.8997998046875,2
2021,8,24,18,31,46.7997998046875,2
2021,8,24,18,31,48.5997998046875,2
2021,8,24,18,31,50.4998000488281,2
2021,8,24,18,31,52.3497998046875,2
2021,8,24,18,31,54.1998000488281,2
2021,8,24,18,31,56.0997998046875,2
2021,8,24,18,31,57.9998000488281,2
2021,8,24,18,31,59.7997998046875,2
2021,8,24,18,32,1.69980004882812,2
2021,8,24,18,32,3.5497998046875,2
2021,8,24,18,32,5.44980004882813,2
2021,8,24,18,32,7.24980004882813,2
2021,8,24,18,32,9.0997998046875,2
2021,8,24,18,32,10.9998000488281,2
2021,8,24,18,32,12.7997998046875,2
2021,8,24,18,32,14.6497998046875,2
2021,8,24,18,32,16.4998000488281,2
2021,8,24,18,32,18.3497998046875,2
2021,8,24,18,32,20.1998000488281,2
2021,8,24,18,32,22.0497998046875,2
2021,8,24,18,32,23.8997998046875,2
2021,8,24,18,32,25.7997998046875,2
2021,8,24,18,32,27.6998000488281,2
2021,8,24,18,32,29.5997998046875,2
2021,8,24,18,32,31.4498000488281,2
2021,8,24,18,32,33.2997998046875,2
2021,8,24,18,32,35.1497998046875,2
2021,8,24,18,32,36.9998000488281,2
2021,8,24,18,32,38.8497998046875,2
2021,8,24,18,32,40.6998000488281,2
2021,8,24,18,32,40.6998000488281,2
2021,8,24,18,32,42.5497998046875,2
2021,8,24,18,32,44.3997998046875,2
2021,8,24,18,32,46.2498000488281,2
2021,8,24,18,32,48.0997998046875,2
2021,8,24,18,32,49.9498000488281,2
2021,8,24,18,32,51.7997998046875,2
2021,8,24,18,32,53.6497998046875,2
2021,8,24,18,32,55.4998000488281,2
2021,8,24,18,32,57.3497998046875,2
2021,8,24,18,32,59.1998000488281,2
2021,8,24,18,33,1.0497998046875,2
2021,8,24,18,33,2.8997998046875,2
2021,8,24,18,33,4.69980004882813,2
2021,8,24,18,33,6.5497998046875,2
2021,8,24,18,33,8.44980004882813,2
2021,8,24,18,33,10.2498000488281,2
2021,8,24,18,33,12.0997998046875,2
2021,8,24,18,33,13.9998000488281,2
2021,8,24,18,33,15.8497998046875,2
2021,8,24,18,33,17.6497998046875,2
2021,8,24,18,33,19.4498000488281,2
2021,8,24,18,33,21.2498000488281,2
2021,8,24,18,33,22.9498000488281,2
2021,8,24,18,33,24.6998000488281,2
2021,8,24,18,33,26.4498000488281,2
2021,8,24,18,33,28.2498000488281,2
2021,8,24,18,33,30.0997998046875,2
2021,8,24,18,33,31.9998000488281,2
2021,8,24,18,33,33.8497998046875,2
2021,8,24,18,33,35.7498000488281,2
2021,8,24,18,33,37.5997998046875,2
2021,8,24,18,33,39.4498000488281,2
2021,8,24,18,33,41.2997998046875,2
2021,8,24,18,33,43.1497998046875,2
2021,8,24,18,33,45.0497998046875,2
2021,8,24,18,33,46.8997998046875,2
2021,8,24,18,33,48.7997998046875,2
2021,8,24,18,33,50.6497998046875,2
2021,8,24,18,33,52.4998000488281,2
2021,8,24,18,33,54.4998000488281,2
2021,8,24,18,33,56.3997998046875,2
2021,8,24,18,33,58.2997998046875,2
2021,8,24,18,34,0.1497998046875,2
2021,8,24,18,34,1.99980004882813,2
2021,8,24,18,34,3.7997998046875,2
2021,8,24,18,34,5.44980004882813,2
2021,8,24,18,34,7.1497998046875,2
2021,8,24,18,34,8.99980004882812,2
2021,8,24,18,34,10.6998000488281,2
2021,8,24,18,34,12.4998000488281,2
2021,8,24,18,34,14.2997998046875,2
2021,8,24,18,34,16.2498000488281,2
2021,8,24,18,34,18.1998000488281,2
2021,8,24,18,34,20.0997998046875,2
2021,8,24,18,34,21.9998000488281,2
2021,8,24,18,34,23.8497998046875,2
2021,8,24,18,34,25.6998000488281,2
2021,8,24,18,34,27.4998000488281,2
2021,8,24,18,34,29.3497998046875,2
2021,8,24,18,34,31.1998000488281,2
2021,8,24,18,34,33.0497998046875,2
2021,8,24,18,34,34.9998000488281,2
2021,8,24,18,34,36.9498000488281,2
2021,8,24,18,34,38.7997998046875,2
2021,8,24,18,34,40.6998000488281,2
2021,8,24,18,34,42.5497998046875,2
2021,8,24,18,34,44.2997998046875,2
2021,8,24,18,34,46.0497998046875,2
2021,8,24,18,34,47.8497998046875,2
2021,8,24,18,34,49.6497998046875,2
2021,8,24,18,34,51.4998000488281,2
2021,8,24,18,34,53.3997998046875,2
2021,8,24,18,34,55.2498000488281,2
2021,8,24,18,34,57.0997998046875,2
2021,8,24,18,34,58.9498000488281,2
2021,8,24,18,35,0.7997998046875,2
2021,8,24,18,35,2.6497998046875,2
2021,8,24,18,35,4.49980004882813,2
2021,8,24,18,35,6.3497998046875,2
2021,8,24,18,35,8.19980004882813,2
2021,8,24,18,35,10.0497998046875,2
2021,8,24,18,35,11.8997998046875,2
2021,8,24,18,35,13.7997998046875,2
2021,8,24,18,35,15.5997998046875,2
2021,8,24,18,35,17.4998000488281,2
2021,8,24,18,35,19.3497998046875,2
2021,8,24,18,35,21.1998000488281,2
2021,8,24,18,35,23.0497998046875,2
2021,8,24,18,35,24.8997998046875,2
2021,8,24,18,35,26.7498000488281,2
2021,8,24,18,35,28.5997998046875,2
2021,8,24,18,35,30.4498000488281,2
2021,8,24,18,35,32.2997998046875,2
2021,8,24,18,35,34.1497998046875,2
2021,8,24,18,35,35.9498000488281,2
2021,8,24,18,35,37.7997998046875,2
2021,8,24,18,35,39.6497998046875,2
2021,8,24,18,35,41.4998000488281,2
2021,8,24,18,35,43.3497998046875,2
2021,8,24,18,35,45.1998000488281,2
2021,8,24,18,35,47.0497998046875,2
2021,8,24,18,35,48.8997998046875,2
2021,8,24,18,35,50.7498000488281,2
2021,8,24,18,35,52.5997998046875,2
2021,8,24,18,35,54.4498000488281,2
2021,8,24,18,35,56.2997998046875,2
2021,8,24,18,35,58.1497998046875,2
2021,8,24,18,35,59.9998000488281,2
2021,8,24,18,36,1.7997998046875,2
2021,8,24,18,36,3.6497998046875,2
2021,8,24,18,36,5.49980004882813,2
2021,8,24,18,36,7.3497998046875,2
2021,8,24,18,36,9.19980004882813,2
2021,8,24,18,36,11.0997998046875,2
2021,8,24,18,36,12.9498000488281,2
2021,8,24,18,36,14.7997998046875,2
2021,8,24,18,36,16.6497998046875,2
2021,8,24,18,36,18.4998000488281,2
2021,8,24,18,36,20.2997998046875,2
2021,8,24,18,36,22.1497998046875,2
2021,8,24,18,36,23.9998000488281,2
2021,8,24,18,36,25.8497998046875,2
2021,8,24,18,36,27.6998000488281,2
2021,8,24,18,36,29.5997998046875,2
2021,8,24,18,36,31.4498000488281,2
2021,8,24,18,36,33.2498000488281,2
2021,8,24,18,36,35.0997998046875,2
2021,8,24,18,36,36.9998000488281,2
2021,8,24,18,36,38.8497998046875,2
2021,8,24,18,36,40.6998000488281,2
2021,8,24,18,36,42.5497998046875,2
2021,8,24,18,36,44.3997998046875,2
2021,8,24,18,36,46.2498000488281,2
2021,8,24,18,36,48.0997998046875,2
2021,8,24,18,36,49.9498000488281,2
2021,8,24,18,36,51.7997998046875,2
2021,8,24,18,36,53.6497998046875,2
2021,8,24,18,36,55.4998000488281,2
2021,8,24,18,36,57.3497998046875,2
2021,8,24,18,36,59.1998000488281,2
2021,8,24,18,37,1.0497998046875,2
2021,8,24,18,37,2.8497998046875,2
2021,8,24,18,37,4.74980004882813,2
2021,8,24,18,37,6.5497998046875,2
2021,8,24,18,37,8.44980004882813,2
2021,8,24,18,37,10.2997998046875,2
2021,8,24,18,37,12.1497998046875,2
2021,8,24,18,37,13.9998000488281,2
2021,8,24,18,37,15.8497998046875,2
2021,8,24,18,37,17.7498000488281,2
2021,8,24,18,37,19.5997998046875,2
2021,8,24,18,37,21.4498000488281,2
2021,8,24,18,37,23.2997998046875,2
2021,8,24,18,37,25.1497998046875,2
2021,8,24,18,37,26.9998000488281,2
2021,8,24,18,37,28.7997998046875,2
2021,8,24,18,37,30.6497998046875,2
2021,8,24,18,37,32.5497998046875,2
2021,8,24,18,37,34.3997998046875,2
2021,8,24,18,37,36.2498000488281,2
2021,8,24,18,37,38.0997998046875,2
2021,8,24,18,37,39.9498000488281,2
2021,8,24,18,37,41.7997998046875,2
2021,8,24,18,37,43.6497998046875,2
2021,8,24,18,37,45.4998000488281,2
2021,8,24,18,37,47.3497998046875,2
2021,8,24,18,37,49.1998000488281,2
2021,8,24,18,37,50.9998000488281,2
2021,8,24,18,37,52.8497998046875,1
2021,8,24,18,37,54.6998000488281,1
2021,8,24,18,37,56.5497998046875,1
2021,8,24,18,37,58.3997998046875,1
2021,8,24,18,38,0.249800048828125,1
2021,8,24,18,38,2.0997998046875,1
2021,8,24,18,38,3.94980004882812,1
2021,8,24,18,38,5.7997998046875,1
2021,8,24,18,38,7.6497998046875,1
2021,8,24,18,38,9.5497998046875,1
2021,8,24,18,38,11.3497998046875,1
2021,8,24,18,38,13.1998000488281,1
2021,8,24,18,38,15.0497998046875,1
2021,8,24,18,38,16.8997998046875,1
2021,8,24,18,38,18.7498000488281,1
2021,8,24,18,38,20.5997998046875,1
2021,8,24,18,38,22.4498000488281,1
2021,8,24,18,38,24.2997998046875,1
2021,8,24,18,38,26.1497998046875,1
2021,8,24,18,38,27.9998000488281,1
2021,8,24,18,38,29.8497998046875,1
2021,8,24,18,38,31.6998000488281,1
2021,8,24,18,38,33.5497998046875,1
2021,8,24,18,38,35.3997998046875,1
2021,8,24,18,38,37.2498000488281,1
2021,8,24,18,38,39.0997998046875,1
2021,8,24,18,38,40.9498000488281,1
2021,8,24,18,38,42.7997998046875,1
2021,8,24,18,38,44.6497998046875,1
2021,8,24,18,38,46.4998000488281,1
2021,8,24,18,38,48.3497998046875,1
2021,8,24,18,38,50.3997998046875,1
2021,8,24,18,38,52.3997998046875,1
2021,8,24,18,38,54.2997998046875,1
2021,8,24,18,38,56.1998000488281,1
2021,8,24,18,38,58.0497998046875,1
2021,8,24,18,38,59.8997998046875,1
2021,8,24,18,39,1.74980004882813,1
2021,8,24,18,39,3.5997998046875,1
2021,8,24,18,39,5.44980004882813,1
2021,8,24,18,39,7.2997998046875,1
2021,8,24,18,39,9.1497998046875,1
2021,8,24,18,39,10.9998000488281,1
2021,8,24,18,39,12.8497998046875,1
2021,8,24,18,39,14.6998000488281,1
2021,8,24,18,39,16.5497998046875,1
2021,8,24,18,39,18.3997998046875,1
2021,8,24,18,39,20.2498000488281,1
2021,8,24,18,39,22.0997998046875,1
2021,8,24,18,39,23.9498000488281,1
2021,8,24,18,39,25.7997998046875,1
2021,8,24,18,39,27.6497998046875,1
2021,8,24,18,39,29.4998000488281,1
2021,8,24,18,39,31.3497998046875,1
2021,8,24,18,39,33.1998000488281,1
2021,8,24,18,39,35.0497998046875,1
2021,8,24,18,39,36.8997998046875,1
2021,8,24,18,39,38.7498000488281,1
2021,8,24,18,39,40.5997998046875,1
2021,8,24,18,39,42.4498000488281,1
2021,8,24,18,39,44.2997998046875,1
2021,8,24,18,39,46.1497998046875,1
2021,8,24,18,39,47.9998000488281,1
2021,8,24,18,39,49.8497998046875,1
2021,8,24,18,39,51.6998000488281,1
2021,8,24,18,39,53.5497998046875,1
2021,8,24,18,39,55.3997998046875,1
2021,8,24,18,39,57.2498000488281,1
2021,8,24,18,39,59.0997998046875,1
2021,8,24,18,40,0.949800048828125,1
2021,8,24,18,40,2.7997998046875,1
2021,8,24,18,40,4.6497998046875,1
2021,8,24,18,40,6.49980004882813,1
2021,8,24,18,40,8.3497998046875,1
2021,8,24,18,40,10.2498000488281,1
2021,8,24,18,40,12.0497998046875,1
2021,8,24,18,40,13.8997998046875,1
2021,8,24,18,40,15.7997998046875,1
2021,8,24,18,40,17.5997998046875,1
2021,8,24,18,40,19.4998000488281,2
2021,8,24,18,40,21.2997998046875,2
2021,8,24,18,40,23.1497998046875,2
2021,8,24,18,40,24.9998000488281,2
2021,8,24,18,40,26.8497998046875,2
2021,8,24,18,40,28.6998000488281,2
2021,8,24,18,40,30.5997998046875,2
2021,8,24,18,40,32.3997998046875,2
2021,8,24,18,40,34.2498000488281,2
2021,8,24,18,40,36.1497998046875,2
2021,8,24,18,40,37.9498000488281,2
2021,8,24,18,40,39.7997998046875,2
2021,8,24,18,40,41.5997998046875,2
2021,8,24,18,40,43.2997998046875,2
2021,8,24,18,40,44.9998000488281,2
2021,8,24,18,40,46.7997998046875,2
2021,8,24,18,40,48.5997998046875,2
2021,8,24,18,40,50.4498000488281,2
2021,8,24,18,40,52.3497998046875,2
2021,8,24,18,40,54.1998000488281,2
2021,8,24,18,40,56.0497998046875,2
2021,8,24,18,40,57.8997998046875,2
2021,8,24,18,40,59.7498000488281,2
2021,8,24,18,41,1.5997998046875,2
2021,8,24,18,41,3.44980004882812,2
2021,8,24,18,41,5.24980004882813,2
2021,8,24,18,41,7.0997998046875,2
2021,8,24,18,41,8.94980004882813,2
2021,8,24,18,41,10.7997998046875,2
2021,8,24,18,41,12.6497998046875,2
2021,8,24,18,41,14.4998000488281,2
2021,8,24,18,41,16.3497998046875,2
2021,8,24,18,41,18.1497998046875,2
2021,8,24,18,41,19.9498000488281,2
2021,8,24,18,41,21.7498000488281,2
2021,8,24,18,41,23.5497998046875,2
2021,8,24,18,41,25.3497998046875,2
2021,8,24,18,41,27.1998000488281,2
2021,8,24,18,41,29.0497998046875,2
2021,8,24,18,41,30.8997998046875,2
2021,8,24,18,41,32.8997998046875,2
2021,8,24,18,41,34.8497998046875,2
2021,8,24,18,41,36.6998000488281,2
2021,8,24,18,41,38.5997998046875,2
2021,8,24,18,41,40.3997998046875,2
2021,8,24,18,41,42.2498000488281,2
2021,8,24,18,41,44.0997998046875,2
2021,8,24,18,41,45.9498000488281,2
2021,8,24,18,41,47.7997998046875,2
2021,8,24,18,41,49.6497998046875,2
2021,8,24,18,41,51.4998000488281,2
2021,8,24,18,41,53.3497998046875,2
2021,8,24,18,41,55.1998000488281,2
2021,8,24,18,41,56.9998000488281,2
2021,8,24,18,41,58.8497998046875,2
2021,8,24,18,42,0.699800048828125,2
2021,8,24,18,42,2.5497998046875,2
2021,8,24,18,42,4.3997998046875,2
2021,8,24,18,42,6.2997998046875,2
2021,8,24,18,42,8.1497998046875,2
2021,8,24,18,42,9.94980004882813,2
2021,8,24,18,42,11.8497998046875,2
2021,8,24,18,42,13.6998000488281,2
2021,8,24,18,42,15.4998000488281,2
2021,8,24,18,42,17.3497998046875,2
2021,8,24,18,42,19.1998000488281,2
2021,8,24,18,42,21.0497998046875,2
2021,8,24,18,42,22.8997998046875,2
2021,8,24,18,42,24.7498000488281,2
2021,8,24,18,42,26.5997998046875,2
2021,8,24,18,42,28.4498000488281,2
2021,8,24,18,42,30.2997998046875,2
2021,8,24,18,42,32.1497998046875,2
2021,8,24,18,42,33.9998000488281,2
2021,8,24,18,42,35.8497998046875,2
2021,8,24,18,42,37.6998000488281,2
2021,8,24,18,42,39.5497998046875,2
2021,8,24,18,42,41.3997998046875,2
2021,8,24,18,42,43.2498000488281,2
2021,8,24,18,42,45.0997998046875,2
2021,8,24,18,42,46.9498000488281,2
2021,8,24,18,42,48.8497998046875,2
2021,8,24,18,42,50.6998000488281,2
2021,8,24,18,42,52.4998000488281,2
2021,8,24,18,42,54.3497998046875,2
2021,8,24,18,42,56.1998000488281,2
2021,8,24,18,42,58.0497998046875,2
2021,8,24,18,42,59.8997998046875,2
2021,8,24,18,43,1.74980004882813,2
2021,8,24,18,43,3.5997998046875,2
2021,8,24,18,43,5.44980004882813,2
2021,8,24,18,43,7.3497998046875,2
2021,8,24,18,43,9.19980004882813,2
2021,8,24,18,43,11.0497998046875,2
2021,8,24,18,43,12.8997998046875,2
2021,8,24,18,43,14.7997998046875,2
2021,8,24,18,43,16.6998000488281,2
2021,8,24,18,43,18.5997998046875,2
2021,8,24,18,43,20.4498000488281,2
2021,8,24,18,43,22.2997998046875,2
2021,8,24,18,43,24.1497998046875,2
2021,8,24,18,43,25.9998000488281,2
2021,8,24,18,43,27.8497998046875,2
2021,8,24,18,43,29.6998000488281,2
2021,8,24,18,43,31.5497998046875,2
2021,8,24,18,43,33.3997998046875,2
2021,8,24,18,43,35.2498000488281,2
2021,8,24,18,43,37.0997998046875,2
2021,8,24,18,43,38.9498000488281,2
2021,8,24,18,43,40.7498000488281,2
2021,8,24,18,43,42.6497998046875,2
2021,8,24,18,43,44.4498000488281,2
2021,8,24,18,43,46.2997998046875,2
2021,8,24,18,43,48.1497998046875,2
2021,8,24,18,43,49.9998000488281,2
2021,8,24,18,43,51.8497998046875,2
2021,8,24,18,43,53.6998000488281,2
2021,8,24,18,43,55.5497998046875,2
2021,8,24,18,43,57.3997998046875,2
2021,8,24,18,43,59.1998000488281,2
2021,8,24,18,44,1.0997998046875,2
2021,8,24,18,44,2.94980004882812,2
2021,8,24,18,44,4.7997998046875,2
2021,8,24,18,44,6.6497998046875,2
2021,8,24,18,44,8.44980004882813,2
2021,8,24,18,44,10.1998000488281,2
2021,8,24,18,44,12.0497998046875,2
2021,8,24,18,44,13.8497998046875,2
2021,8,24,18,44,15.7498000488281,2
2021,8,24,18,44,17.5997998046875,2
2021,8,24,18,44,19.4498000488281,2
2021,8,24,18,44,21.2997998046875,2
2021,8,24,18,44,23.1497998046875,2
2021,8,24,18,44,24.9998000488281,2
2021,8,24,18,44,26.8497998046875,2
2021,8,24,18,44,28.6998000488281,2
2021,8,24,18,44,30.5497998046875,2
2021,8,24,18,44,32.3997998046875,2
2021,8,24,18,44,34.2498000488281,2
2021,8,24,18,44,36.0997998046875,2
2021,8,24,18,44,37.9998000488281,2
2021,8,24,18,44,39.7997998046875,2
2021,8,24,18,44,41.6998000488281,2
2021,8,24,18,44,43.5497998046875,2
2021,8,24,18,44,45.3997998046875,2
2021,8,24,18,44,47.1998000488281,2
2021,8,24,18,44,49.0997998046875,2
2021,8,24,18,44,50.9498000488281,2
2021,8,24,18,44,52.7997998046875,2
2021,8,24,18,44,54.6497998046875,2
2021,8,24,18,44,56.4998000488281,2
2021,8,24,18,44,58.3497998046875,2
2021,8,24,18,45,0.199800048828125,2
2021,8,24,18,45,2.0497998046875,2
2021,8,24,18,45,3.8997998046875,2
2021,8,24,18,45,5.74980004882813,2
2021,8,24,18,45,7.5997998046875,2
2021,8,24,18,45,9.44980004882813,2
2021,8,24,18,45,11.2997998046875,2
2021,8,24,18,45,9.44980004882813,2
2021,8,24,18,45,11.2997998046875,2
2021,8,24,18,45,13.1998000488281,2
2021,8,24,18,45,15.0497998046875,2
2021,8,24,18,45,16.8997998046875,2
2021,8,24,18,45,18.7498000488281,2
2021,8,24,18,45,20.5997998046875,2
2021,8,24,18,45,22.4498000488281,2
2021,8,24,18,45,24.2997998046875,2
2021,8,24,18,45,26.1497998046875,2
2021,8,24,18,45,27.9498000488281,2
2021,8,24,18,45,29.7997998046875,2
2021,8,24,18,45,31.6497998046875,2
2021,8,24,18,45,33.4498000488281,2
2021,8,24,18,45,35.2997998046875,2
2021,8,24,18,45,37.1497998046875,2
2021,8,24,18,45,38.9998000488281,2
2021,8,24,18,45,40.8497998046875,2
2021,8,24,18,45,42.6998000488281,2
2021,8,24,18,45,44.5497998046875,2
2021,8,24,18,45,46.3997998046875,2
2021,8,24,18,45,48.2498000488281,2
2021,8,24,18,45,50.0997998046875,2
2021,8,24,18,45,51.9498000488281,2
2021,8,24,18,45,53.7997998046875,2
2021,8,24,18,45,55.6497998046875,1
2021,8,24,18,45,57.5497998046875,1
2021,8,24,18,45,59.3997998046875,1
2021,8,24,18,46,1.24980004882813,1
2021,8,24,18,46,3.0997998046875,1
2021,8,24,18,46,4.94980004882813,1
2021,8,24,18,46,6.7997998046875,1
2021,8,24,18,46,8.6497998046875,1
2021,8,24,18,46,10.4998000488281,1
2021,8,24,18,46,12.3997998046875,1
2021,8,24,18,46,14.2498000488281,1
2021,8,24,18,46,16.0497998046875,1
2021,8,24,18,46,17.9498000488281,1
2021,8,24,18,46,19.7498000488281,1
2021,8,24,18,46,21.5997998046875,1
2021,8,24,18,46,23.4998000488281,1
2021,8,24,18,46,25.3497998046875,1
2021,8,24,18,46,27.1998000488281,1
2021,8,24,18,46,29.0497998046875,1
2021,8,24,18,46,30.8997998046875,1
2021,8,24,18,46,32.7498000488281,1
2021,8,24,18,46,34.5997998046875,1
2021,8,24,18,46,36.4498000488281,1
2021,8,24,18,46,38.2997998046875,1
2021,8,24,18,46,40.1497998046875,1
2021,8,24,18,46,41.9998000488281,1
2021,8,24,18,46,43.8497998046875,1
2021,8,24,18,46,45.6998000488281,1
2021,8,24,18,46,47.5497998046875,1
2021,8,24,18,46,49.3997998046875,1
2021,8,24,18,46,51.2498000488281,1
2021,8,24,18,46,53.0997998046875,1
2021,8,24,18,46,54.9498000488281,1
2021,8,24,18,46,56.7997998046875,1
2021,8,24,18,46,58.6497998046875,1
2021,8,24,18,47,0.499800048828125,1
2021,8,24,18,47,2.3497998046875,1
2021,8,24,18,47,4.19980004882813,1
2021,8,24,18,47,6.0497998046875,1
2021,8,24,18,47,7.8997998046875,1
2021,8,24,18,47,9.74980004882812,1
2021,8,24,18,47,11.5997998046875,1
2021,8,24,18,47,13.4498000488281,1
2021,8,24,18,47,15.2997998046875,1
2021,8,24,18,47,17.1497998046875,1
2021,8,24,18,47,18.9998000488281,1
2021,8,24,18,47,20.8497998046875,1
2021,8,24,18,47,22.6998000488281,1
2021,8,24,18,47,24.5497998046875,1
2021,8,24,18,47,26.3997998046875,1
2021,8,24,18,47,28.2498000488281,1
2021,8,24,18,47,30.0997998046875,1
2021,8,24,18,47,31.9498000488281,1
2021,8,24,18,47,33.7997998046875,1
2021,8,24,18,47,35.6497998046875,1
2021,8,24,18,47,37.4998000488281,1
2021,8,24,18,47,39.3497998046875,1
2021,8,24,18,47,41.1998000488281,1
2021,8,24,18,47,43.0497998046875,1
2021,8,24,18,47,44.8997998046875,1
2021,8,24,18,47,46.7498000488281,1
2021,8,24,18,47,48.5997998046875,1
2021,8,24,18,47,50.4498000488281,1
2021,8,24,18,47,52.2997998046875,1
2021,8,24,18,47,54.1497998046875,1
2021,8,24,18,47,55.9998000488281,1
2021,8,24,18,47,57.8497998046875,1
2021,8,24,18,47,59.6998000488281,1
2021,8,24,18,48,1.5497998046875,1
2021,8,24,18,48,3.3997998046875,1
2021,8,24,18,48,5.24980004882813,1
2021,8,24,18,48,7.0997998046875,1
2021,8,24,18,48,8.94980004882813,1
2021,8,24,18,48,10.7997998046875,1
2021,8,24,18,48,12.6497998046875,1
2021,8,24,18,48,14.4998000488281,1
2021,8,24,18,48,16.3497998046875,1
2021,8,24,18,48,18.1998000488281,1
2021,8,24,18,48,20.0497998046875,1
2021,8,24,18,48,21.8997998046875,1
2021,8,24,18,48,23.7498000488281,1
2021,8,24,18,48,25.5997998046875,1
2021,8,24,18,48,27.4498000488281,1
2021,8,24,18,48,29.2997998046875,1
2021,8,24,18,48,31.1497998046875,1
2021,8,24,18,48,32.9998000488281,1
2021,8,24,18,48,34.8497998046875,1
2021,8,24,18,48,36.6998000488281,1
2021,8,24,18,48,38.5497998046875,1
2021,8,24,18,48,40.3997998046875,1
2021,8,24,18,48,42.2498000488281,1
2021,8,24,18,48,44.0997998046875,1
2021,8,24,18,48,45.9498000488281,1
2021,8,24,18,48,47.7997998046875,1
2021,8,24,18,48,49.6497998046875,1
2021,8,24,18,48,51.4998000488281,1
2021,8,24,18,48,53.3497998046875,1
2021,8,24,18,48,55.1998000488281,1
2021,8,24,18,48,57.0497998046875,1
2021,8,24,18,48,58.8997998046875,1
2021,8,24,18,49,0.749800048828125,1
2021,8,24,18,49,2.5997998046875,1
2021,8,24,18,49,4.44980004882813,1
2021,8,24,18,49,6.2997998046875,1
2021,8,24,18,49,8.1497998046875,1
2021,8,24,18,49,9.99980004882812,1
2021,8,24,18,49,11.8497998046875,1
2021,8,24,18,49,13.6998000488281,1
2021,8,24,18,49,15.5497998046875,1
2021,8,24,18,49,17.3997998046875,1
2021,8,24,18,49,19.2498000488281,1
2021,8,24,18,49,21.0997998046875,1
2021,8,24,18,49,22.9498000488281,1
2021,8,24,18,49,24.7997998046875,1
2021,8,24,18,49,26.6497998046875,1
2021,8,24,18,49,28.4998000488281,1
2021,8,24,18,49,30.3497998046875,1
2021,8,24,18,49,32.1998000488281,1
2021,8,24,18,49,34.0497998046875,1
2021,8,24,18,49,35.8997998046875,1
2021,8,24,18,49,37.7498000488281,1
2021,8,24,18,49,39.5997998046875,1
2021,8,24,18,49,41.4498000488281,1
2021,8,24,18,49,43.2997998046875,1
2021,8,24,18,49,45.1497998046875,1
2021,8,24,18,49,46.9998000488281,1
2021,8,24,18,49,48.8497998046875,1
2021,8,24,18,49,50.6998000488281,1
2021,8,24,18,49,52.5497998046875,1
2021,8,24,18,49,54.3997998046875,1
2021,8,24,18,49,56.2498000488281,1
2021,8,24,18,49,58.0997998046875,1
2021,8,24,18,49,59.9498000488281,1
2021,8,24,18,50,1.7997998046875,1
2021,8,24,18,50,3.6497998046875,1
2021,8,24,18,50,5.49980004882813,1
2021,8,24,18,50,7.3497998046875,1
2021,8,24,18,50,9.19980004882813,1
2021,8,24,18,50,11.0497998046875,1
2021,8,24,18,50,12.8997998046875,1
2021,8,24,18,50,14.7498000488281,1
2021,8,24,18,50,16.5997998046875,1
2021,8,24,18,50,18.4498000488281,1
2021,8,24,18,50,20.2997998046875,1
2021,8,24,18,50,22.1497998046875,1
2021,8,24,18,50,23.9998000488281,1
2021,8,24,18,50,25.8497998046875,1
2021,8,24,18,50,27.6998000488281,1
2021,8,24,18,50,29.5497998046875,1
2021,8,24,18,50,31.3997998046875,1
2021,8,24,18,50,33.2498000488281,1
2021,8,24,18,50,35.0997998046875,1
2021,8,24,18,50,36.9498000488281,1
2021,8,24,18,50,38.7997998046875,1
2021,8,24,18,50,40.6497998046875,1
2021,8,24,18,50,42.4998000488281,1
2021,8,24,18,50,44.3497998046875,1
2021,8,24,18,50,46.1998000488281,1
2021,8,24,18,50,48.0497998046875,1
2021,8,24,18,50,49.8997998046875,1
2021,8,24,18,50,51.7498000488281,1
2021,8,24,18,50,53.5997998046875,1
2021,8,24,18,50,55.4498000488281,1
2021,8,24,18,50,57.2997998046875,1
2021,8,24,18,50,59.1497998046875,1
2021,8,24,18,51,0.999800048828125,1
2021,8,24,18,51,2.8497998046875,1
2021,8,24,18,51,4.69980004882813,1
2021,8,24,18,51,6.5497998046875,1
2021,8,24,18,51,8.3997998046875,1
2021,8,24,18,51,10.2498000488281,1
2021,8,24,18,51,12.0997998046875,1
2021,8,24,18,51,13.9498000488281,1
2021,8,24,18,51,15.7997998046875,1
2021,8,24,18,51,17.6497998046875,1
2021,8,24,18,51,19.4998000488281,1
2021,8,24,18,51,21.3497998046875,1
2021,8,24,18,51,23.1998000488281,1
2021,8,24,18,51,25.0497998046875,1
2021,8,24,18,51,26.8997998046875,1
2021,8,24,18,51,28.7498000488281,1
2021,8,24,18,51,30.5997998046875,1
2021,8,24,18,51,32.4498000488281,1
2021,8,24,18,51,34.2997998046875,1
2021,8,24,18,51,36.1497998046875,1
2021,8,24,18,51,37.9998000488281,1
2021,8,24,18,51,39.8497998046875,1
2021,8,24,18,51,41.6998000488281,1
2021,8,24,18,51,43.5497998046875,1
2021,8,24,18,51,45.3997998046875,1
2021,8,24,18,51,47.2498000488281,1
2021,8,24,18,51,49.0997998046875,1
2021,8,24,18,51,50.9498000488281,1
2021,8,24,18,51,52.7997998046875,1
2021,8,24,18,51,54.6497998046875,1
2021,8,24,18,51,56.4998000488281,1
2021,8,24,18,51,58.3497998046875,1
2021,8,24,18,52,0.199800048828125,1
2021,8,24,18,52,2.0497998046875,1
2021,8,24,18,52,3.8997998046875,1
2021,8,24,18,52,5.74980004882813,1
2021,8,24,18,52,7.5997998046875,1
2021,8,24,18,52,9.44980004882813,1
2021,8,24,18,52,11.2997998046875,1
2021,8,24,18,52,13.1497998046875,1
2021,8,24,18,52,14.9998000488281,1
2021,8,24,18,52,16.8997998046875,1
2021,8,24,18,52,18.7498000488281,1
2021,8,24,18,52,20.5997998046875,1
2021,8,24,18,52,22.4498000488281,1
2021,8,24,18,52,24.2997998046875,1
2021,8,24,18,52,26.1497998046875,1
2021,8,24,18,52,27.9998000488281,1
2021,8,24,18,52,29.8497998046875,1
2021,8,24,18,52,31.6998000488281,1
2021,8,24,18,52,33.5497998046875,1
2021,8,24,18,52,35.3997998046875,1
2021,8,24,18,52,37.2498000488281,1
2021,8,24,18,52,39.0997998046875,1
2021,8,24,18,52,40.9498000488281,1
2021,8,24,18,52,42.7498000488281,1
2021,8,24,18,52,44.5997998046875,1
2021,8,24,18,52,46.4998000488281,1
2021,8,24,18,52,48.2997998046875,1
2021,8,24,18,52,50.1497998046875,1
2021,8,24,18,52,51.9998000488281,1
2021,8,24,18,52,53.8497998046875,1
2021,8,24,18,52,55.6998000488281,0
2021,8,24,18,52,57.5497998046875,0
2021,8,24,18,52,59.3997998046875,0
2021,8,24,18,53,1.24980004882813,0
2021,8,24,18,53,3.0997998046875,0
2021,8,24,18,53,4.94980004882813,0
2021,8,24,18,53,6.7997998046875,0
2021,8,24,18,53,8.6497998046875,0
2021,8,24,18,53,10.4998000488281,0
2021,8,24,18,53,12.3497998046875,0
2021,8,24,18,53,14.1998000488281,0
2021,8,24,18,53,16.0497998046875,0
2021,8,24,18,53,17.8997998046875,0
2021,8,24,18,53,19.7498000488281,0
2021,8,24,18,53,21.5997998046875,0
2021,8,24,18,53,23.4498000488281,0
2021,8,24,18,53,25.2997998046875,0
2021,8,24,18,53,27.1497998046875,0
2021,8,24,18,53,28.9998000488281,0
2021,8,24,18,53,30.8497998046875,0
2021,8,24,18,53,32.6998000488281,0
2021,8,24,18,53,34.5497998046875,0
2021,8,24,18,53,36.3997998046875,0
2021,8,24,18,53,38.2498000488281,0
2021,8,24,18,53,40.0997998046875,0
2021,8,24,18,53,41.9498000488281,0
2021,8,24,18,53,43.7997998046875,0
2021,8,24,18,53,45.6497998046875,0
2021,8,24,18,53,47.4498000488281,0
2021,8,24,18,53,49.2997998046875,0
2021,8,24,18,53,51.1497998046875,0
2021,8,24,18,53,52.9998000488281,0
2021,8,24,18,53,54.8497998046875,0
2021,8,24,18,53,56.6998000488281,0
2021,8,24,18,53,58.5497998046875,0
2021,8,24,18,54,0.449800048828125,0
2021,8,24,18,54,2.2997998046875,0
2021,8,24,18,54,4.0997998046875,0
2021,8,24,18,54,5.99980004882813,0
2021,8,24,18,54,7.8497998046875,0
2021,8,24,18,54,9.69980004882813,0
2021,8,24,18,54,11.5497998046875,0
2021,8,24,18,54,13.3997998046875,0
2021,8,24,18,54,15.2498000488281,0
2021,8,24,18,54,17.0997998046875,0
2021,8,24,18,54,18.9498000488281,0
2021,8,24,18,54,20.7997998046875,0
2021,8,24,18,54,22.6497998046875,0
2021,8,24,18,54,24.4998000488281,0
2021,8,24,18,54,26.3997998046875,0
2021,8,24,18,54,28.1998000488281,0
2021,8,24,18,54,30.0497998046875,0
2021,8,24,18,54,31.9498000488281,0
2021,8,24,18,54,33.7498000488281,0
2021,8,24,18,54,35.6497998046875,0
2021,8,24,18,54,37.4998000488281,0
2021,8,24,18,54,39.3497998046875,0
2021,8,24,18,54,41.1998000488281,0
2021,8,24,18,54,43.0497998046875,0
2021,8,24,18,54,44.8997998046875,0
2021,8,24,18,54,46.7498000488281,0
2021,8,24,18,54,48.5997998046875,0
2021,8,24,18,54,50.4498000488281,0
2021,8,24,18,54,52.2498000488281,0
2021,8,24,18,54,54.1497998046875,0
2021,8,24,18,54,55.9498000488281,0
2021,8,24,18,54,57.7997998046875,0
2021,8,24,18,54,59.6497998046875,0
2021,8,24,18,55,1.5497998046875,0
2021,8,24,18,55,3.3997998046875,0
2021,8,24,18,55,5.19980004882813,0
2021,8,24,18,55,7.0997998046875,0
2021,8,24,18,55,8.8997998046875,0
2021,8,24,18,55,10.7498000488281,0
2021,8,24,18,55,12.6497998046875,0
2021,8,24,18,55,14.4498000488281,0
2021,8,24,18,55,16.2997998046875,0
2021,8,24,18,55,18.1497998046875,0
2021,8,24,18,55,19.9998000488281,0
2021,8,24,18,55,21.8497998046875,0
2021,8,24,18,55,23.6998000488281,0
2021,8,24,18,55,25.5497998046875,0
2021,8,24,18,55,27.3997998046875,0
2021,8,24,18,55,29.2498000488281,0
2021,8,24,18,55,31.0997998046875,0
2021,8,24,18,55,32.9498000488281,0
2021,8,24,18,55,34.7997998046875,0
2021,8,24,18,55,36.6497998046875,0
2021,8,24,18,55,38.4998000488281,0
2021,8,24,18,55,40.3497998046875,0
2021,8,24,18,55,42.1998000488281,0
2021,8,24,18,55,44.0497998046875,0
2021,8,24,18,55,45.8997998046875,0
2021,8,24,18,55,47.7498000488281,0
2021,8,24,18,55,49.5997998046875,0
2021,8,24,18,55,51.4498000488281,0
2021,8,24,18,55,53.2997998046875,0
2021,8,24,18,55,55.1497998046875,0
2021,8,24,18,55,56.9998000488281,0
2021,8,24,18,55,58.8497998046875,0
2021,8,24,18,56,0.699800048828125,0
2021,8,24,18,56,2.5497998046875,0
2021,8,24,18,56,4.3997998046875,0
2021,8,24,18,56,6.24980004882813,0
2021,8,24,18,56,8.0997998046875,0
2021,8,24,18,56,9.94980004882813,0
2021,8,24,18,56,11.7997998046875,0
2021,8,24,18,56,13.6497998046875,0
2021,8,24,18,56,15.4998000488281,0
2021,8,24,18,56,17.3497998046875,0
2021,8,24,18,56,19.1998000488281,0
2021,8,24,18,56,21.0497998046875,0
2021,8,24,18,56,22.8997998046875,0
2021,8,24,18,56,24.7498000488281,0
2021,8,24,18,56,26.5997998046875,0
2021,8,24,18,56,28.4498000488281,0
2021,8,24,18,56,30.2997998046875,0
2021,8,24,18,56,32.1497998046875,0
2021,8,24,18,56,33.9998000488281,0
2021,8,24,18,56,35.8997998046875,0
2021,8,24,18,56,37.7498000488281,0
2021,8,24,18,56,39.5497998046875,0
2021,8,24,18,56,41.3997998046875,0
2021,8,24,18,56,43.2498000488281,0
2021,8,24,18,56,45.0997998046875,0
2021,8,24,18,56,46.9498000488281,0
2021,8,24,18,56,48.7997998046875,0
2021,8,24,18,56,50.6497998046875,0
2021,8,24,18,56,52.4998000488281,0
2021,8,24,18,56,54.3497998046875,0
2021,8,24,18,56,56.1998000488281,0
2021,8,24,18,56,58.0497998046875,0
2021,8,24,18,56,59.8997998046875,0
2021,8,24,18,57,1.74980004882813,0
2021,8,24,18,57,3.5997998046875,0
2021,8,24,18,57,5.44980004882813,0
2021,8,24,18,57,7.2997998046875,0
2021,8,24,18,57,9.1497998046875,0
2021,8,24,18,57,10.9498000488281,0
2021,8,24,18,57,12.7997998046875,0
2021,8,24,18,57,14.6998000488281,0
2021,8,24,18,57,16.4998000488281,0
2021,8,24,18,57,18.3997998046875,0
2021,8,24,18,57,20.2498000488281,0
2021,8,24,18,57,22.0997998046875,0
2021,8,24,18,57,23.9498000488281,0
2021,8,24,18,57,25.7997998046875,0
2021,8,24,18,57,27.6497998046875,0
2021,8,24,18,57,29.4998000488281,0
2021,8,24,18,57,31.3497998046875,0
2021,8,24,18,57,33.1998000488281,0
2021,8,24,18,57,35.0497998046875,0
2021,8,24,18,57,36.8997998046875,0
2021,8,24,18,57,38.7498000488281,0
2021,8,24,18,57,40.5997998046875,0
2021,8,24,18,57,40.5997998046875,0
2021,8,24,18,57,42.4498000488281,0
2021,8,24,18,57,44.2997998046875,0
2021,8,24,18,57,46.1497998046875,0
2021,8,24,18,57,47.9998000488281,0
2021,8,24,18,57,49.8497998046875,0
2021,8,24,18,57,51.6998000488281,0
2021,8,24,18,57,53.5497998046875,0
2021,8,24,18,57,55.3997998046875,0
2021,8,24,18,57,57.2498000488281,0
2021,8,24,18,57,59.0997998046875,0
2021,8,24,18,58,0.949800048828125,0
2021,8,24,18,58,2.7997998046875,0
2021,8,24,18,58,4.6497998046875,0
2021,8,24,18,58,6.49980004882813,0
2021,8,24,18,58,8.3497998046875,0
2021,8,24,18,58,10.1998000488281,0
2021,8,24,18,58,12.0497998046875,0
2021,8,24,18,58,13.8997998046875,0
2021,8,24,18,58,15.7498000488281,0
2021,8,24,18,58,17.5997998046875,0
2021,8,24,18,58,19.4498000488281,0
2021,8,24,18,58,21.2997998046875,0
2021,8,24,18,58,23.1497998046875,0
2021,8,24,18,58,24.9998000488281,0
2021,8,24,18,58,26.8497998046875,0
2021,8,24,18,58,28.6998000488281,0
2021,8,24,18,58,30.5497998046875,0
2021,8,24,18,58,32.3997998046875,0
2021,8,24,18,58,34.2498000488281,0
2021,8,24,18,58,36.0997998046875,0
2021,8,24,18,58,37.9498000488281,0
2021,8,24,18,58,39.7997998046875,0
2021,8,24,18,58,41.6497998046875,0
2021,8,24,18,58,43.4998000488281,0
2021,8,24,18,58,45.3497998046875,0
2021,8,24,18,58,47.1998000488281,0
2021,8,24,18,58,49.0497998046875,0
2021,8,24,18,58,50.8997998046875,0
2021,8,24,18,58,52.7498000488281,0
2021,8,24,18,58,54.5997998046875,0
2021,8,24,18,58,56.4498000488281,0
2021,8,24,18,58,58.2997998046875,0
2021,8,24,18,59,0.1497998046875,0
2021,8,24,18,59,1.99980004882813,0
2021,8,24,18,59,3.8497998046875,0
2021,8,24,18,59,5.69980004882813,0
2021,8,24,18,59,7.5497998046875,0
2021,8,24,18,59,9.3997998046875,0
2021,8,24,18,59,11.2498000488281,0
2021,8,24,18,59,13.0997998046875,0
2021,8,24,18,59,14.9498000488281,0
2021,8,24,18,59,16.7997998046875,0
2021,8,24,18,59,18.6497998046875,0
2021,8,24,18,59,20.4998000488281,0
2021,8,24,18,59,22.3497998046875,0
2021,8,24,18,59,24.1998000488281,0
2021,8,24,18,59,26.0497998046875,0
2021,8,24,18,59,27.8997998046875,0
2021,8,24,18,59,29.7498000488281,0
2021,8,24,18,59,31.5997998046875,0
2021,8,24,18,59,33.4498000488281,0
2021,8,24,18,59,35.2997998046875,0
2021,8,24,18,59,37.1497998046875,0
2021,8,24,18,59,38.9998000488281,0
2021,8,24,18,59,40.8497998046875,0
2021,8,24,18,59,42.6998000488281,0
2021,8,24,18,59,44.5497998046875,0
2021,8,24,18,59,46.3997998046875,0
2021,8,24,18,59,48.2498000488281,0
2021,8,24,18,59,50.0997998046875,0
2021,8,24,18,59,51.9498000488281,0
2021,8,24,18,59,53.7997998046875,0
2021,8,24,18,59,55.6497998046875,0
2021,8,24,18,59,57.4998000488281,0
2021,8,24,18,59,59.3497998046875,0
2021,8,24,19,0,1.19980004882813,0
2021,8,24,19,0,3.0497998046875,0
2021,8,24,19,0,4.8997998046875,0
2021,8,24,19,0,6.74980004882813,0
2021,8,24,19,0,8.5997998046875,0
2021,8,24,19,0,10.3497998046875,0
2021,8,24,19,0,12.0997998046875,0
2021,8,24,19,0,13.8497998046875,0
2021,8,24,19,0,15.6497998046875,0
2021,8,24,19,0,17.4498000488281,0
2021,8,24,19,0,19.2997998046875,0
2021,8,24,19,0,21.0997998046875,0
2021,8,24,19,0,22.9498000488281,0
2021,8,24,19,0,24.8497998046875,0
2021,8,24,19,0,26.6998000488281,0
2021,8,24,19,0,28.5497998046875,0
2021,8,24,19,0,30.3997998046875,0
2021,8,24,19,0,32.2498000488281,0
2021,8,24,19,0,34.0997998046875,0
2021,8,24,19,0,35.9498000488281,0
2021,8,24,19,0,37.7997998046875,0
2021,8,24,19,0,39.6497998046875,0
2021,8,24,19,0,41.4998000488281,0
2021,8,24,19,0,43.3497998046875,0
2021,8,24,19,0,45.1998000488281,0
2021,8,24,19,0,47.0497998046875,0
2021,8,24,19,0,48.8997998046875,0
2021,8,24,19,0,50.7498000488281,0
2021,8,24,19,0,52.5997998046875,0
2021,8,24,19,0,54.4498000488281,0
2021,8,24,19,0,56.2997998046875,0
2021,8,24,19,0,58.1497998046875,0
2021,8,24,19,0,59.9998000488281,0
2021,8,24,19,1,1.8497998046875,0
2021,8,24,19,1,3.69980004882812,0
2021,8,24,19,1,5.5497998046875,0
2021,8,24,19,1,7.3997998046875,0
2021,8,24,19,1,9.24980004882812,0
2021,8,24,19,1,11.0997998046875,0
2021,8,24,19,1,12.9498000488281,0
2021,8,24,19,1,14.7997998046875,0
2021,8,24,19,1,16.6497998046875,0
2021,8,24,19,1,18.4998000488281,0
2021,8,24,19,1,20.3497998046875,0
2021,8,24,19,1,22.1998000488281,0
2021,8,24,19,1,24.0497998046875,0
2021,8,24,19,1,25.8997998046875,0
2021,8,24,19,1,27.7498000488281,0
2021,8,24,19,1,29.5997998046875,0
2021,8,24,19,1,31.4498000488281,0
2021,8,24,19,1,33.2997998046875,0
2021,8,24,19,1,35.1497998046875,0
2021,8,24,19,1,36.9998000488281,0
2021,8,24,19,1,38.8497998046875,0
2021,8,24,19,1,40.6998000488281,0
2021,8,24,19,1,42.5497998046875,0
2021,8,24,19,1,44.3997998046875,0
2021,8,24,19,1,46.2498000488281,0
2021,8,24,19,1,48.0997998046875,0
2021,8,24,19,1,49.9498000488281,0
2021,8,24,19,1,49.9498000488281,0
2021,8,24,19,1,51.7997998046875,0
2021,8,24,19,1,53.6497998046875,0
2021,8,24,19,1,55.4998000488281,0
2021,8,24,19,1,57.3497998046875,0
2021,8,24,19,1,59.1998000488281,0
2021,8,24,19,2,1.0497998046875,0
2021,8,24,19,2,2.8997998046875,0
2021,8,24,19,2,4.74980004882813,0
2021,8,24,19,2,6.5997998046875,0
2021,8,24,19,2,8.44980004882813,0
2021,8,24,19,2,10.2997998046875,0
2021,8,24,19,2,12.1497998046875,0
2021,8,24,19,2,13.9998000488281,0
2021,8,24,19,2,15.8497998046875,0
2021,8,24,19,2,17.6998000488281,0
2021,8,24,19,2,19.6998000488281,0
2021,8,24,19,2,21.6998000488281,0
2021,8,24,19,2,23.6497998046875,0
2021,8,24,19,2,25.5497998046875,0
2021,8,24,19,2,27.3997998046875,0
2021,8,24,19,2,29.1998000488281,0
2021,8,24,19,2,31.0497998046875,0
2021,8,24,19,2,32.8997998046875,0
2021,8,24,19,2,34.7498000488281,0
2021,8,24,19,2,36.5997998046875,0
2021,8,24,19,2,38.4498000488281,0
2021,8,24,19,2,40.2997998046875,0
2021,8,24,19,2,42.1497998046875,0
2021,8,24,19,2,43.9998000488281,0
2021,8,24,19,2,45.8497998046875,0
2021,8,24,19,2,47.6998000488281,0
2021,8,24,19,2,49.5497998046875,0
2021,8,24,19,2,51.3997998046875,0
2021,8,24,19,2,53.2498000488281,0
2021,8,24,19,2,55.0997998046875,0
2021,8,24,19,2,56.9498000488281,0
2021,8,24,19,2,58.7997998046875,0
2021,8,24,19,3,0.6497998046875,0
2021,8,24,19,3,2.49980004882813,0
2021,8,24,19,3,4.3497998046875,0
2021,8,24,19,3,6.19980004882813,0
2021,8,24,19,3,8.0497998046875,0
2021,8,24,19,3,9.8997998046875,0
2021,8,24,19,3,11.7498000488281,0
2021,8,24,19,3,13.5997998046875,0
2021,8,24,19,3,15.4498000488281,0
2021,8,24,19,3,17.2997998046875,0
2021,8,24,19,3,19.1998000488281,0
2021,8,24,19,3,21.0497998046875,0
2021,8,24,19,3,22.8997998046875,0
2021,8,24,19,3,24.7498000488281,0
2021,8,24,19,3,26.5997998046875,0
2021,8,24,19,3,28.4498000488281,0
2021,8,24,19,3,30.2997998046875,0
2021,8,24,19,3,32.1497998046875,0
2021,8,24,19,3,33.9998000488281,0
2021,8,24,19,3,35.8497998046875,0
2021,8,24,19,3,37.6497998046875,0
2021,8,24,19,3,39.5497998046875,0
2021,8,24,19,3,41.3997998046875,0
2021,8,24,19,3,43.2498000488281,0
2021,8,24,19,3,45.0997998046875,0
2021,8,24,19,3,46.9498000488281,0
2021,8,24,19,3,48.7997998046875,0
2021,8,24,19,3,50.5997998046875,0
2021,8,24,19,3,52.4998000488281,0
2021,8,24,19,3,54.3497998046875,0
2021,8,24,19,3,56.1497998046875,0
2021,8,24,19,3,57.9998000488281,0
2021,8,24,19,3,59.8497998046875,0
2021,8,24,19,4,1.69980004882812,0
2021,8,24,19,4,3.5497998046875,0
2021,8,24,19,4,5.3997998046875,0
2021,8,24,19,4,7.24980004882813,0
2021,8,24,19,4,9.0997998046875,0
2021,8,24,19,4,10.9498000488281,0
2021,8,24,19,4,12.7997998046875,0
2021,8,24,19,4,14.6497998046875,0
2021,8,24,19,4,16.4998000488281,0
2021,8,24,19,4,18.3497998046875,0
2021,8,24,19,4,20.1998000488281,0
2021,8,24,19,4,22.0497998046875,0
2021,8,24,19,4,23.8997998046875,0
2021,8,24,19,4,25.7498000488281,0
2021,8,24,19,4,27.5997998046875,0
2021,8,24,19,4,29.4498000488281,0
2021,8,24,19,4,31.2997998046875,0
2021,8,24,19,4,33.1497998046875,0
2021,8,24,19,4,34.9998000488281,0
2021,8,24,19,4,36.8497998046875,0
2021,8,24,19,4,38.6998000488281,0
2021,8,24,19,4,40.5497998046875,0
2021,8,24,19,4,42.3997998046875,0
2021,8,24,19,4,44.2498000488281,0
2021,8,24,19,4,46.0997998046875,0
2021,8,24,19,4,47.9498000488281,0
2021,8,24,19,4,49.7997998046875,0
2021,8,24,19,4,51.6497998046875,0
2021,8,24,19,4,53.4998000488281,0
2021,8,24,19,4,55.3497998046875,0
2021,8,24,19,4,57.1998000488281,0
2021,8,24,19,4,59.0497998046875,0
2021,8,24,19,5,0.8997998046875,0
2021,8,24,19,5,2.74980004882813,0
2021,8,24,19,5,4.5997998046875,0
2021,8,24,19,5,6.44980004882813,0
2021,8,24,19,5,8.2997998046875,0
2021,8,24,19,5,10.1497998046875,0
2021,8,24,19,5,11.9998000488281,0
2021,8,24,19,5,13.8497998046875,0
2021,8,24,19,5,15.6998000488281,0
2021,8,24,19,5,17.5497998046875,0
2021,8,24,19,5,19.3997998046875,0
2021,8,24,19,5,21.2498000488281,0
2021,8,24,19,5,23.0997998046875,0
2021,8,24,19,5,24.9498000488281,0
2021,8,24,19,5,26.8497998046875,0
2021,8,24,19,5,28.6998000488281,0
2021,8,24,19,5,30.5497998046875,0
2021,8,24,19,5,32.3997998046875,0
2021,8,24,19,5,34.2498000488281,0
2021,8,24,19,5,36.0997998046875,0
2021,8,24,19,5,37.9498000488281,0
2021,8,24,19,5,39.7997998046875,0
2021,8,24,19,5,41.6497998046875,0
2021,8,24,19,5,43.4498000488281,0
2021,8,24,19,5,45.2997998046875,0
2021,8,24,19,5,47.1497998046875,0
2021,8,24,19,5,48.9998000488281,0
2021,8,24,19,5,50.8497998046875,0
2021,8,24,19,5,52.6998000488281,0
2021,8,24,19,5,54.5497998046875,0
2021,8,24,19,5,56.3997998046875,0
2021,8,24,19,5,58.2498000488281,0
2021,8,24,19,6,0.0997998046875,0
2021,8,24,19,6,22.2997998046875,0
2021,8,24,19,6,24.1497998046875,0
2021,8,24,19,6,25.9998000488281,0
2021,8,24,19,6,27.8497998046875,0
2021,8,24,19,6,29.6998000488281,0
2021,8,24,19,6,31.5497998046875,0
2021,8,24,19,6,33.3997998046875,0
2021,8,24,19,6,35.2498000488281,0
2021,8,24,19,6,37.0997998046875,0
2021,8,24,19,6,38.9498000488281,0
2021,8,24,19,6,40.7997998046875,0
2021,8,24,19,6,42.6497998046875,0
2021,8,24,19,6,44.4998000488281,0
2021,8,24,19,6,46.3497998046875,0
2021,8,24,19,6,48.1998000488281,0
2021,8,24,19,6,50.0497998046875,0
2021,8,24,19,6,51.8997998046875,0
2021,8,24,19,6,53.7498000488281,0
2021,8,24,19,6,55.4498000488281,0
2021,8,24,19,6,57.2498000488281,0
2021,8,24,19,6,58.9998000488281,0
2021,8,24,19,7,0.749800048828125,0
2021,8,24,19,7,2.5497998046875,0
2021,8,24,19,7,4.3997998046875,0
2021,8,24,19,7,6.24980004882813,0
2021,8,24,19,7,8.0997998046875,0
2021,8,24,19,7,9.94980004882813,0
2021,8,24,19,7,11.8497998046875,0
2021,8,24,19,7,13.6998000488281,0
2021,8,24,19,7,15.5497998046875,0
2021,8,24,19,7,17.3997998046875,0
2021,8,24,19,7,19.2498000488281,0
2021,8,24,19,7,21.0997998046875,0
2021,8,24,19,7,22.9498000488281,0
2021,8,24,19,7,24.7997998046875,0
2021,8,24,19,7,26.6497998046875,0
2021,8,24,19,7,28.4998000488281,0
2021,8,24,19,7,30.3497998046875,0
2021,8,24,19,7,32.1998000488281,0
2021,8,24,19,7,34.0497998046875,0
2021,8,24,19,7,35.8997998046875,0
2021,8,24,19,7,37.7498000488281,0
2021,8,24,19,7,39.5997998046875,0
2021,8,24,19,7,41.4498000488281,0
2021,8,24,19,7,43.2997998046875,0
2021,8,24,19,7,45.1497998046875,0
2021,8,24,19,7,46.9998000488281,0
2021,8,24,19,7,48.8497998046875,0
2021,8,24,19,7,50.6998000488281,0
2021,8,24,19,7,52.5497998046875,0
2021,8,24,19,7,54.3997998046875,0
2021,8,24,19,7,56.2498000488281,0
2021,8,24,19,7,58.0997998046875,0
2021,8,24,19,7,59.9498000488281,0
2021,8,24,19,8,1.7997998046875,0
2021,8,24,19,8,3.6497998046875,0
2021,8,24,19,8,5.49980004882813,0
2021,8,24,19,8,7.3497998046875,0
2021,8,24,19,8,9.19980004882813,0
2021,8,24,19,8,11.0497998046875,0
2021,8,24,19,8,12.8997998046875,0
2021,8,24,19,8,14.7498000488281,0
2021,8,24,19,8,16.5997998046875,0
2021,8,24,19,8,18.4498000488281,0
2021,8,24,19,8,20.2997998046875,0
2021,8,24,19,8,22.1998000488281,0
2021,8,24,19,8,24.1998000488281,0
2021,8,24,19,8,26.1998000488281,0
2021,8,24,19,8,28.0997998046875,0
2021,8,24,19,8,29.9998000488281,0
2021,8,24,19,8,31.8497998046875,0
2021,8,24,19,8,33.6998000488281,0
2021,8,24,19,8,35.4998000488281,0
2021,8,24,19,8,37.3497998046875,0
2021,8,24,19,8,39.1998000488281,0
2021,8,24,19,8,41.0497998046875,0
2021,8,24,19,8,42.8997998046875,0
2021,8,24,19,8,44.7498000488281,0
2021,8,24,19,8,46.5497998046875,0
2021,8,24,19,8,48.4498000488281,0
2021,8,24,19,8,50.2498000488281,0
2021,8,24,19,8,52.0997998046875,0
2021,8,24,19,8,53.9498000488281,0
2021,8,24,19,8,55.7997998046875,0
2021,8,24,19,8,57.6998000488281,0
2021,8,24,19,8,59.5497998046875,0
2021,8,24,19,9,1.3997998046875,0
2021,8,24,19,9,3.24980004882813,0
2021,8,24,19,9,5.0997998046875,0
2021,8,24,19,9,6.94980004882813,0
2021,8,24,19,9,8.7997998046875,0
2021,8,24,19,9,10.6497998046875,0
2021,8,24,19,9,12.4498000488281,0
2021,8,24,19,9,14.3497998046875,0
2021,8,24,19,9,16.1998000488281,0
2021,8,24,19,9,18.0497998046875,0
2021,8,24,19,9,19.8997998046875,0
2021,8,24,19,9,21.6998000488281,0
2021,8,24,19,9,23.5497998046875,0
2021,8,24,19,9,25.3997998046875,0
2021,8,24,19,9,27.2997998046875,0
2021,8,24,19,9,29.1497998046875,0
2021,8,24,19,9,30.9998000488281,0
2021,8,24,19,9,32.7498000488281,0
2021,8,24,19,9,34.5497998046875,0
2021,8,24,19,9,36.2997998046875,0
2021,8,24,19,9,38.0997998046875,0
2021,8,24,19,9,39.8997998046875,0
2021,8,24,19,9,41.7498000488281,0
2021,8,24,19,9,43.5497998046875,0
2021,8,24,19,9,45.4498000488281,0
2021,8,24,19,9,47.3497998046875,0
2021,8,24,19,9,49.1998000488281,0
2021,8,24,19,9,50.9998000488281,0
2021,8,24,19,9,52.8497998046875,0
2021,8,24,19,9,54.7498000488281,0
2021,8,24,19,9,56.7498000488281,0
2021,8,24,19,9,58.6998000488281,0
2021,8,24,19,10,0.5997998046875,0
2021,8,24,19,10,2.44980004882812,0
2021,8,24,19,10,4.2997998046875,0
2021,8,24,19,10,6.1497998046875,0
2021,8,24,19,10,7.99980004882813,0
2021,8,24,19,10,9.8497998046875,0
2021,8,24,19,10,9.8497998046875,0
2021,8,24,19,10,11.6998000488281,0
2021,8,24,19,10,13.5497998046875,0
2021,8,24,19,10,15.3997998046875,0
2021,8,24,19,10,17.2498000488281,0
2021,8,24,19,10,19.0997998046875,0
2021,8,24,19,10,20.9498000488281,0
2021,8,24,19,10,22.7997998046875,0
2021,8,24,19,10,24.6497998046875,0
2021,8,24,19,10,26.4998000488281,0
2021,8,24,19,10,28.3497998046875,0
2021,8,24,19,10,30.1998000488281,0
2021,8,24,19,10,32.0497998046875,0
2021,8,24,19,10,33.8997998046875,0
2021,8,24,19,10,35.7498000488281,0
2021,8,24,19,10,37.5997998046875,0
2021,8,24,19,10,39.4498000488281,0
2021,8,24,19,10,41.2997998046875,0
2021,8,24,19,10,43.1497998046875,0
2021,8,24,19,10,44.9998000488281,0
2021,8,24,19,10,46.7997998046875,0
2021,8,24,19,10,48.5997998046875,0
2021,8,24,19,10,50.4498000488281,0
2021,8,24,19,10,52.2498000488281,0
2021,8,24,19,10,54.0997998046875,0
2021,8,24,19,10,55.9498000488281,0
2021,8,24,19,10,57.7997998046875,0
2021,8,24,19,10,59.6497998046875,0
2021,8,24,19,11,1.49980004882813,0
2021,8,24,19,11,3.3497998046875,0
2021,8,24,19,11,5.19980004882813,0
2021,8,24,19,11,7.0497998046875,0
2021,8,24,19,11,8.94980004882813,0
2021,8,24,19,11,10.7997998046875,0
2021,8,24,19,11,12.6497998046875,0
2021,8,24,19,11,14.4998000488281,0
2021,8,24,19,11,16.3497998046875,0
2021,8,24,19,11,18.1998000488281,0
2021,8,24,19,11,20.0497998046875,0
2021,8,24,19,11,21.8997998046875,0
2021,8,24,19,11,23.7498000488281,0
2021,8,24,19,11,25.6497998046875,0
2021,8,24,19,11,27.4998000488281,0
2021,8,24,19,11,29.2997998046875,0
2021,8,24,19,11,31.1998000488281,0
2021,8,24,19,11,33.0497998046875,0
2021,8,24,19,11,34.8997998046875,0
2021,8,24,19,11,36.7498000488281,0
2021,8,24,19,11,38.5997998046875,0
2021,8,24,19,11,40.4498000488281,0
2021,8,24,19,11,42.2997998046875,0
2021,8,24,19,11,44.1497998046875,0
2021,8,24,19,11,45.9998000488281,0
2021,8,24,19,11,47.8997998046875,0
2021,8,24,19,11,49.7498000488281,0
2021,8,24,19,11,51.5997998046875,0
2021,8,24,19,11,53.4498000488281,0
2021,8,24,19,11,55.2997998046875,0
2021,8,24,19,11,57.1497998046875,0
2021,8,24,19,11,58.9998000488281,0
2021,8,24,19,12,0.8497998046875,0
2021,8,24,19,12,2.69980004882812,0
2021,8,24,19,12,4.5497998046875,0
2021,8,24,19,12,6.3997998046875,0
2021,8,24,19,12,8.24980004882812,0
2021,8,24,19,12,10.0997998046875,0
2021,8,24,19,12,11.9498000488281,0
2021,8,24,19,12,13.7997998046875,0
2021,8,24,19,12,15.6497998046875,0
2021,8,24,19,12,17.4998000488281,0
2021,8,24,19,12,19.3497998046875,0
2021,8,24,19,12,21.1998000488281,0
2021,8,24,19,12,23.0497998046875,0
2021,8,24,19,12,24.8997998046875,0
2021,8,24,19,12,26.7498000488281,0
2021,8,24,19,12,28.5997998046875,0
2021,8,24,19,12,30.4498000488281,0
2021,8,24,19,12,32.2997998046875,0
2021,8,24,19,12,34.1497998046875,0
2021,8,24,19,12,35.9998000488281,0
2021,8,24,19,12,37.8497998046875,0
2021,8,24,19,12,39.6998000488281,0
2021,8,24,19,12,41.5497998046875,0
2021,8,24,19,12,43.3997998046875,0
2021,8,24,19,12,45.2498000488281,0
2021,8,24,19,12,47.0997998046875,0
2021,8,24,19,12,48.9498000488281,0
2021,8,24,19,12,50.7997998046875,0
2021,8,24,19,12,52.6497998046875,0
2021,8,24,19,12,54.4998000488281,0
2021,8,24,19,12,56.3497998046875,0
2021,8,24,19,12,58.1998000488281,0
2021,8,24,19,13,0.0497998046875,0
2021,8,24,19,13,1.8997998046875,0
2021,8,24,19,13,3.74980004882813,0
2021,8,24,19,13,5.5997998046875,0
2021,8,24,19,13,7.44980004882813,0
2021,8,24,19,13,9.2997998046875,0
2021,8,24,19,13,11.1497998046875,0
2021,8,24,19,13,12.9998000488281,0
2021,8,24,19,13,14.8497998046875,0
2021,8,24,19,13,16.6998000488281,0
2021,8,24,19,13,18.5497998046875,0
2021,8,24,19,13,20.3997998046875,0
2021,8,24,19,13,22.2498000488281,0
2021,8,24,19,13,24.0997998046875,0
2021,8,24,19,13,25.9498000488281,0
2021,8,24,19,13,27.7997998046875,0
2021,8,24,19,13,29.6497998046875,0
2021,8,24,19,13,31.4998000488281,0
2021,8,24,19,13,33.3497998046875,0
2021,8,24,19,13,35.1998000488281,0
2021,8,24,19,13,37.0497998046875,0
2021,8,24,19,13,38.8997998046875,0
2021,8,24,19,13,40.7498000488281,0
2021,8,24,19,13,42.5997998046875,0
2021,8,24,19,13,44.4498000488281,0
2021,8,24,19,13,46.2997998046875,0
2021,8,24,19,13,48.1497998046875,0
2021,8,24,19,13,49.9998000488281,0
2021,8,24,19,13,51.8497998046875,0
2021,8,24,19,13,53.6998000488281,0
2021,8,24,19,13,55.5497998046875,0
2021,8,24,19,13,57.3997998046875,0
2021,8,24,19,13,59.2498000488281,0
2021,8,24,19,14,1.0997998046875,0
2021,8,24,19,14,2.94980004882812,0
2021,8,24,19,14,4.7997998046875,0
2021,8,24,19,14,6.6497998046875,0
2021,8,24,19,14,8.49980004882812,0
2021,8,24,19,14,10.3497998046875,0
2021,8,24,19,14,12.1998000488281,0
2021,8,24,19,14,14.0497998046875,0
2021,8,24,19,14,15.8997998046875,0
2021,8,24,19,14,17.7498000488281,0
2021,8,24,19,14,19.5997998046875,0
2021,8,24,19,14,19.5997998046875,0
2021,8,24,19,14,21.4498000488281,0
2021,8,24,19,14,23.2997998046875,0
2021,8,24,19,14,25.1497998046875,0
2021,8,24,19,14,26.9998000488281,0
2021,8,24,19,14,28.8497998046875,0
2021,8,24,19,14,30.6998000488281,0
2021,8,24,19,14,32.5497998046875,0
2021,8,24,19,14,34.3997998046875,0
2021,8,24,19,14,36.2498000488281,0
2021,8,24,19,14,38.0997998046875,0
2021,8,24,19,14,39.9498000488281,0
2021,8,24,19,14,41.7997998046875,0
2021,8,24,19,14,43.6497998046875,0
2021,8,24,19,14,45.4998000488281,0
2021,8,24,19,14,47.3497998046875,0
2021,8,24,19,14,49.1998000488281,0
2021,8,24,19,14,51.0497998046875,0
2021,8,24,19,14,52.8997998046875,0
2021,8,24,19,14,54.7498000488281,0
2021,8,24,19,14,56.5997998046875,0
2021,8,24,19,14,58.4498000488281,0
2021,8,24,19,15,0.2997998046875,0
2021,8,24,19,15,2.1497998046875,0
2021,8,24,19,15,3.99980004882813,0
2021,8,24,19,15,5.8497998046875,0
2021,8,24,19,15,7.69980004882813,0
2021,8,24,19,15,9.5497998046875,0
2021,8,24,19,15,11.3997998046875,0
2021,8,24,19,15,13.2498000488281,0
2021,8,24,19,15,15.0997998046875,0
2021,8,24,19,15,16.9498000488281,0
2021,8,24,19,15,18.7997998046875,0
2021,8,24,19,15,20.6497998046875,0
2021,8,24,19,15,22.4998000488281,0
2021,8,24,19,15,24.3497998046875,0
2021,8,24,19,15,26.1998000488281,0
2021,8,24,19,15,28.0497998046875,0
2021,8,24,19,15,29.8997998046875,0
2021,8,24,19,15,31.7498000488281,0
2021,8,24,19,15,33.5997998046875,0
2021,8,24,19,15,35.4498000488281,0
2021,8,24,19,15,37.2997998046875,0
2021,8,24,19,15,39.1497998046875,0
2021,8,24,19,15,41.0497998046875,0
2021,8,24,19,15,42.8497998046875,0
2021,8,24,19,15,44.6998000488281,0
2021,8,24,19,15,46.5497998046875,0
2021,8,24,19,15,48.3997998046875,0
2021,8,24,19,15,50.2498000488281,0
2021,8,24,19,15,52.0997998046875,0
2021,8,24,19,15,53.9498000488281,0
2021,8,24,19,15,55.7997998046875,0
2021,8,24,19,15,57.6497998046875,0
2021,8,24,19,15,59.4998000488281,0
2021,8,24,19,16,1.3497998046875,0
2021,8,24,19,16,3.19980004882812,0
2021,8,24,19,16,5.0497998046875,0
2021,8,24,19,16,6.8997998046875,0
2021,8,24,19,16,8.74980004882812,0
2021,8,24,19,16,10.5997998046875,0
2021,8,24,19,16,12.4498000488281,0
2021,8,24,19,16,14.2997998046875,0
2021,8,24,19,16,16.1497998046875,0
2021,8,24,19,16,17.9998000488281,0
2021,8,24,19,16,19.8497998046875,0
2021,8,24,19,16,21.6998000488281,0
2021,8,24,19,16,23.5497998046875,0
2021,8,24,19,16,25.3997998046875,0
2021,8,24,19,16,27.2498000488281,0
2021,8,24,19,16,29.0997998046875,0
2021,8,24,19,16,30.9498000488281,0
2021,8,24,19,16,32.7997998046875,0
2021,8,24,19,16,34.6497998046875,0
2021,8,24,19,16,36.4998000488281,0
2021,8,24,19,16,38.3497998046875,1
2021,8,24,19,16,40.1998000488281,1
2021,8,24,19,16,42.0497998046875,2
2021,8,24,19,16,43.8997998046875,2
2021,8,24,19,16,45.7498000488281,2
2021,8,24,19,16,47.5997998046875,2
2021,8,24,19,16,49.4498000488281,2
2021,8,24,19,16,51.2997998046875,2
2021,8,24,19,16,53.1497998046875,2
2021,8,24,19,16,54.9998000488281,2
2021,8,24,19,16,56.8497998046875,1
2021,8,24,19,16,58.6998000488281,0
2021,8,24,19,17,0.5497998046875,0
2021,8,24,19,17,2.3997998046875,0
2021,8,24,19,17,4.24980004882813,0
2021,8,24,19,17,6.0997998046875,0
2021,8,24,19,17,7.94980004882813,0
2021,8,24,19,17,9.7997998046875,0
2021,8,24,19,17,11.6497998046875,0
2021,8,24,19,17,13.4998000488281,0
2021,8,24,19,17,15.3497998046875,0
2021,8,24,19,17,17.1998000488281,0
2021,8,24,19,17,19.0497998046875,0
2021,8,24,19,17,20.8997998046875,0
2021,8,24,19,17,22.7498000488281,0
2021,8,24,19,17,24.5997998046875,0
2021,8,24,19,17,26.4498000488281,0
2021,8,24,19,17,28.2997998046875,0
2021,8,24,19,17,30.1497998046875,0
2021,8,24,19,17,31.9998000488281,0
2021,8,24,19,17,33.8497998046875,0
2021,8,24,19,17,35.6998000488281,0
2021,8,24,19,17,37.5497998046875,0
2021,8,24,19,17,39.3997998046875,0
2021,8,24,19,17,41.2498000488281,0
2021,8,24,19,17,43.0997998046875,0
2021,8,24,19,17,44.9498000488281,1
2021,8,24,19,17,46.7997998046875,1
2021,8,24,19,17,48.6497998046875,1
2021,8,24,19,17,50.4998000488281,1
2021,8,24,19,17,52.3497998046875,1
2021,8,24,19,17,54.1998000488281,1
2021,8,24,19,17,56.0497998046875,1
2021,8,24,19,17,57.8997998046875,1
2021,8,24,19,17,59.7498000488281,1
2021,8,24,19,18,1.5997998046875,1
2021,8,24,19,18,3.44980004882812,1
2021,8,24,19,18,5.2997998046875,1
2021,8,24,19,18,7.1497998046875,1
2021,8,24,19,18,8.99980004882812,1
2021,8,24,19,18,10.8497998046875,1
2021,8,24,19,18,12.6998000488281,1
2021,8,24,19,18,14.5497998046875,1
2021,8,24,19,18,16.3997998046875,0
2021,8,24,19,18,18.2498000488281,0
2021,8,24,19,18,20.0997998046875,0
2021,8,24,19,18,21.9498000488281,0
2021,8,24,19,18,23.7997998046875,0
2021,8,24,19,18,25.6497998046875,0
2021,8,24,19,18,27.4998000488281,0
2021,8,24,19,18,29.3497998046875,0
2021,8,24,19,18,31.1998000488281,0
2021,8,24,19,18,42.2997998046875,0
2021,8,24,19,18,44.1497998046875,0
2021,8,24,19,18,45.9998000488281,0
2021,8,24,19,18,47.8497998046875,0
2021,8,24,19,18,49.6998000488281,0
2021,8,24,19,18,51.5497998046875,0
2021,8,24,19,18,53.3997998046875,0
2021,8,24,19,18,55.2498000488281,0
2021,8,24,19,18,57.0997998046875,0
2021,8,24,19,18,58.9498000488281,0
2021,8,24,19,19,0.7997998046875,0
2021,8,24,19,19,2.6497998046875,0
2021,8,24,19,19,4.49980004882813,0
2021,8,24,19,19,6.3497998046875,0
2021,8,24,19,19,8.19980004882813,0
2021,8,24,19,19,10.0497998046875,0
2021,8,24,19,19,11.8997998046875,0
2021,8,24,19,19,13.7498000488281,0
2021,8,24,19,19,15.5997998046875,0
2021,8,24,19,19,17.4498000488281,0
2021,8,24,19,19,19.2997998046875,0
2021,8,24,19,19,21.1497998046875,0
2021,8,24,19,19,22.9998000488281,0
2021,8,24,19,19,24.8497998046875,1
2021,8,24,19,19,26.6998000488281,1
2021,8,24,19,19,28.5497998046875,1
2021,8,24,19,19,30.3997998046875,1
2021,8,24,19,19,32.2498000488281,1
2021,8,24,19,19,34.0997998046875,1
2021,8,24,19,19,35.9498000488281,1
2021,8,24,19,19,37.7997998046875,1
2021,8,24,19,19,39.6497998046875,1
2021,8,24,19,19,41.4998000488281,1
2021,8,24,19,19,43.3497998046875,1
2021,8,24,19,19,45.1998000488281,1
2021,8,24,19,19,47.0497998046875,1
2021,8,24,19,19,48.8997998046875,1
2021,8,24,19,19,50.7498000488281,1
2021,8,24,19,19,52.5997998046875,1
2021,8,24,19,19,54.4498000488281,1
2021,8,24,19,19,56.2997998046875,1
2021,8,24,19,19,58.1497998046875,1
2021,8,24,19,19,59.9998000488281,1
2021,8,24,19,20,1.8497998046875,1
2021,8,24,19,20,3.69980004882812,1
2021,8,24,19,20,5.5497998046875,1
2021,8,24,19,20,7.3997998046875,1
2021,8,24,19,20,9.24980004882812,1
2021,8,24,19,20,11.0997998046875,1
2021,8,24,19,20,12.9498000488281,1
2021,8,24,19,20,14.7997998046875,1
2021,8,24,19,20,16.6497998046875,1
2021,8,24,19,20,18.4998000488281,1
2021,8,24,19,20,20.3497998046875,1
2021,8,24,19,20,22.1998000488281,1
2021,8,24,19,20,24.0497998046875,1
2021,8,24,19,20,25.8997998046875,1
2021,8,24,19,20,27.7498000488281,1
2021,8,24,19,20,29.5997998046875,1
2021,8,24,19,20,31.4498000488281,1
2021,8,24,19,20,33.2997998046875,1
2021,8,24,19,20,35.1497998046875,1
2021,8,24,19,20,36.9998000488281,1
2021,8,24,19,20,38.8497998046875,1
2021,8,24,19,20,40.6998000488281,1
2021,8,24,19,20,42.5497998046875,1
2021,8,24,19,20,44.3997998046875,1
2021,8,24,19,20,46.2498000488281,1
2021,8,24,19,20,48.0997998046875,1
2021,8,24,19,20,49.9498000488281,1
2021,8,24,19,20,51.7997998046875,1
2021,8,24,19,20,53.6497998046875,1
2021,8,24,19,20,55.4998000488281,1
2021,8,24,19,20,57.3497998046875,1
2021,8,24,19,20,59.1998000488281,1
2021,8,24,19,21,1.0497998046875,1
2021,8,24,19,21,2.8997998046875,1
2021,8,24,19,21,4.74980004882813,1
2021,8,24,19,21,6.5997998046875,1
2021,8,24,19,21,8.44980004882813,1
2021,8,24,19,21,10.2997998046875,1
2021,8,24,19,21,12.1497998046875,1
2021,8,24,19,21,13.9998000488281,1
2021,8,24,19,21,15.8497998046875,1
2021,8,24,19,21,17.6998000488281,1
2021,8,24,19,21,19.5497998046875,1
2021,8,24,19,21,21.3997998046875,1
2021,8,24,19,21,23.2498000488281,1
2021,8,24,19,21,25.0997998046875,1
2021,8,24,19,21,26.9498000488281,1
2021,8,24,19,21,28.7997998046875,1
2021,8,24,19,21,30.6497998046875,1
2021,8,24,19,21,32.4998000488281,1
2021,8,24,19,21,34.3497998046875,1
2021,8,24,19,21,36.1998000488281,1
2021,8,24,19,21,38.0497998046875,1
2021,8,24,19,21,39.8997998046875,1
2021,8,24,19,21,41.7498000488281,1
2021,8,24,19,21,43.5997998046875,1
2021,8,24,19,21,45.4498000488281,1
2021,8,24,19,21,47.2997998046875,1
2021,8,24,19,21,49.1497998046875,1
2021,8,24,19,21,50.9998000488281,1
2021,8,24,19,21,52.7997998046875,1
2021,8,24,19,21,54.6497998046875,1
2021,8,24,19,21,56.5497998046875,1
2021,8,24,19,21,58.3997998046875,1
2021,8,24,19,22,0.199800048828125,1
2021,8,24,19,22,2.0997998046875,1
2021,8,24,19,22,3.94980004882812,1
2021,8,24,19,22,5.7997998046875,1
2021,8,24,19,22,7.6497998046875,1
2021,8,24,19,22,9.5497998046875,1
2021,8,24,19,22,11.3497998046875,1
2021,8,24,19,22,13.1998000488281,1
2021,8,24,19,22,15.0497998046875,1
2021,8,24,19,22,16.8497998046875,1
2021,8,24,19,22,18.7498000488281,1
2021,8,24,19,22,20.5997998046875,1
2021,8,24,19,22,22.3997998046875,1
2021,8,24,19,22,24.2997998046875,1
2021,8,24,19,22,26.1497998046875,1
2021,8,24,19,22,27.9998000488281,1
2021,8,24,19,22,29.8497998046875,1
2021,8,24,19,22,31.6998000488281,1
2021,8,24,19,22,33.5497998046875,1
2021,8,24,19,22,35.3997998046875,1
2021,8,24,19,22,37.2498000488281,1
2021,8,24,19,22,39.0997998046875,1
2021,8,24,19,22,40.9498000488281,1
2021,8,24,19,22,39.0997998046875,1
2021,8,24,19,22,40.9498000488281,1
2021,8,24,19,22,42.7997998046875,1
2021,8,24,19,22,44.6497998046875,1
2021,8,24,19,22,46.4998000488281,1
2021,8,24,19,22,48.3497998046875,1
2021,8,24,19,22,50.1998000488281,1
2021,8,24,19,22,52.0497998046875,1
2021,8,24,19,22,53.8997998046875,1
2021,8,24,19,22,55.7498000488281,1
2021,8,24,19,22,57.5997998046875,1
2021,8,24,19,22,59.4498000488281,1
2021,8,24,19,23,1.2997998046875,1
2021,8,24,19,23,3.1497998046875,1
2021,8,24,19,23,4.99980004882813,1
2021,8,24,19,23,6.8497998046875,1
2021,8,24,19,23,8.69980004882813,1
2021,8,24,19,23,10.5497998046875,1
2021,8,24,19,23,12.3997998046875,1
2021,8,24,19,23,14.2498000488281,1
2021,8,24,19,23,16.0997998046875,1
2021,8,24,19,23,17.9498000488281,1
2021,8,24,19,23,19.7997998046875,1
2021,8,24,19,23,21.6497998046875,1
2021,8,24,19,23,23.4998000488281,1
2021,8,24,19,23,25.3497998046875,1
2021,8,24,19,23,27.1998000488281,1
2021,8,24,19,23,29.0497998046875,1
2021,8,24,19,23,30.8997998046875,1
2021,8,24,19,23,32.7498000488281,1
2021,8,24,19,23,34.5997998046875,1
2021,8,24,19,23,36.4498000488281,1
2021,8,24,19,23,38.2997998046875,1
2021,8,24,19,23,40.1497998046875,1
2021,8,24,19,23,41.9998000488281,1
2021,8,24,19,23,43.8497998046875,1
2021,8,24,19,23,45.6998000488281,1
2021,8,24,19,23,47.5497998046875,1
2021,8,24,19,23,49.3997998046875,1
2021,8,24,19,23,51.2498000488281,1
2021,8,24,19,23,53.0997998046875,1
2021,8,24,19,23,54.9498000488281,1
2021,8,24,19,23,56.7997998046875,1
2021,8,24,19,23,58.6497998046875,1
2021,8,24,19,24,0.499800048828125,1
2021,8,24,19,24,2.3497998046875,1
2021,8,24,19,24,4.19980004882813,1
2021,8,24,19,24,6.0497998046875,1
2021,8,24,19,24,7.8997998046875,1
2021,8,24,19,24,9.74980004882812,1
2021,8,24,19,24,11.5997998046875,1
2021,8,24,19,24,13.4498000488281,1
2021,8,24,19,24,15.2997998046875,1
2021,8,24,19,24,17.1497998046875,1
2021,8,24,19,24,18.9998000488281,1
2021,8,24,19,24,20.8497998046875,1
2021,8,24,19,24,22.6998000488281,1
2021,8,24,19,24,24.5497998046875,1
2021,8,24,19,24,26.3997998046875,1
2021,8,24,19,24,28.2498000488281,1
2021,8,24,19,24,30.0997998046875,1
2021,8,24,19,24,31.9498000488281,1
2021,8,24,19,24,33.7997998046875,1
2021,8,24,19,24,35.6497998046875,1
2021,8,24,19,24,37.4998000488281,1
2021,8,24,19,24,39.3497998046875,1
2021,8,24,19,24,41.1998000488281,1
2021,8,24,19,24,43.0497998046875,1
2021,8,24,19,24,44.8997998046875,1
2021,8,24,19,24,46.7498000488281,1
2021,8,24,19,24,48.5997998046875,1
2021,8,24,19,24,50.4498000488281,1
2021,8,24,19,24,52.2997998046875,1
2021,8,24,19,24,54.1497998046875,1
2021,8,24,19,24,55.9998000488281,1
2021,8,24,19,24,57.8497998046875,1
2021,8,24,19,24,59.6998000488281,1
2021,8,24,19,25,1.5497998046875,1
2021,8,24,19,25,3.3997998046875,1
2021,8,24,19,25,5.24980004882813,1
2021,8,24,19,25,7.0997998046875,1
2021,8,24,19,25,8.94980004882813,1
2021,8,24,19,25,10.7997998046875,1
2021,8,24,19,25,12.6497998046875,2
2021,8,24,19,25,14.4998000488281,2
2021,8,24,19,25,16.3497998046875,2
2021,8,24,19,25,18.1998000488281,2
2021,8,24,19,25,20.0497998046875,2
2021,8,24,19,25,21.8997998046875,2
2021,8,24,19,25,23.7498000488281,2
2021,8,24,19,25,25.5997998046875,2
2021,8,24,19,25,27.4498000488281,2
2021,8,24,19,25,29.2997998046875,2
2021,8,24,19,25,31.1497998046875,2
2021,8,24,19,25,32.9998000488281,2
2021,8,24,19,25,34.8497998046875,2
2021,8,24,19,25,36.6998000488281,2
2021,8,24,19,25,38.5497998046875,2
2021,8,24,19,25,40.3997998046875,2
2021,8,24,19,25,42.2498000488281,2
2021,8,24,19,25,44.0997998046875,2
2021,8,24,19,25,45.9498000488281,2
2021,8,24,19,25,47.7997998046875,2
2021,8,24,19,25,49.6497998046875,2
2021,8,24,19,25,51.4998000488281,1
2021,8,24,19,25,53.3497998046875,1
2021,8,24,19,25,55.1998000488281,1
2021,8,24,19,25,57.0497998046875,1
2021,8,24,19,25,58.8997998046875,1
2021,8,24,19,26,0.749800048828125,1
2021,8,24,19,26,2.5997998046875,2
2021,8,24,19,26,4.44980004882813,2
2021,8,24,19,26,6.2997998046875,2
2021,8,24,19,26,8.1497998046875,2
2021,8,24,19,26,9.99980004882812,2
2021,8,24,19,26,11.8497998046875,2
2021,8,24,19,26,13.6998000488281,2
2021,8,24,19,26,15.5497998046875,2
2021,8,24,19,26,17.3997998046875,2
2021,8,24,19,26,19.2498000488281,1
2021,8,24,19,26,21.0997998046875,1
2021,8,24,19,26,22.9498000488281,1
2021,8,24,19,26,24.7997998046875,1
2021,8,24,19,26,26.6497998046875,1
2021,8,24,19,26,28.4998000488281,1
2021,8,24,19,26,30.3497998046875,1
2021,8,24,19,26,32.1998000488281,1
2021,8,24,19,26,34.0497998046875,1
2021,8,24,19,26,35.8997998046875,1
2021,8,24,19,26,37.7498000488281,1
2021,8,24,19,26,39.5997998046875,1
2021,8,24,19,26,41.4498000488281,1
2021,8,24,19,26,43.2997998046875,1
2021,8,24,19,26,45.1497998046875,1
2021,8,24,19,26,46.9998000488281,1
2021,8,24,19,26,48.8497998046875,1
2021,8,24,19,26,50.6998000488281,1
2021,8,24,19,26,50.6998000488281,1
2021,8,24,19,26,52.5497998046875,1
2021,8,24,19,26,54.3997998046875,1
2021,8,24,19,26,56.2498000488281,1
2021,8,24,19,26,58.0997998046875,1
2021,8,24,19,26,59.9498000488281,1
2021,8,24,19,27,1.7997998046875,1
2021,8,24,19,27,3.6497998046875,1
2021,8,24,19,27,5.49980004882813,1
2021,8,24,19,27,7.3497998046875,1
2021,8,24,19,27,9.19980004882813,1
2021,8,24,19,27,11.0497998046875,1
2021,8,24,19,27,12.8997998046875,1
2021,8,24,19,27,14.7498000488281,1
2021,8,24,19,27,16.5997998046875,1
2021,8,24,19,27,18.4498000488281,1
2021,8,24,19,27,20.2997998046875,1
2021,8,24,19,27,22.1497998046875,1
2021,8,24,19,27,23.9998000488281,1
2021,8,24,19,27,25.8497998046875,1
2021,8,24,19,27,27.6998000488281,1
2021,8,24,19,27,29.5497998046875,1
2021,8,24,19,27,31.3997998046875,2
2021,8,24,19,27,33.2498000488281,2
2021,8,24,19,27,35.0997998046875,2
2021,8,24,19,27,36.9498000488281,2
2021,8,24,19,27,38.7997998046875,2
2021,8,24,19,27,40.6497998046875,2
2021,8,24,19,27,42.4998000488281,2
2021,8,24,19,27,44.3497998046875,2
2021,8,24,19,27,46.1998000488281,2
2021,8,24,19,27,48.0497998046875,1
2021,8,24,19,27,49.8997998046875,1
2021,8,24,19,27,51.7498000488281,2
2021,8,24,19,27,53.5997998046875,2
2021,8,24,19,27,55.4498000488281,2
2021,8,24,19,27,57.2997998046875,2
2021,8,24,19,27,59.1497998046875,2
2021,8,24,19,28,0.999800048828125,2
2021,8,24,19,28,2.8497998046875,2
2021,8,24,19,28,4.69980004882813,2
2021,8,24,19,28,6.5497998046875,2
2021,8,24,19,28,8.3997998046875,2
2021,8,24,19,28,10.2498000488281,2
2021,8,24,19,28,12.0997998046875,2
2021,8,24,19,28,13.9498000488281,2
2021,8,24,19,28,15.7997998046875,2
2021,8,24,19,28,17.6497998046875,2
2021,8,24,19,28,19.4998000488281,2
2021,8,24,19,28,21.3497998046875,2
2021,8,24,19,28,23.1998000488281,2
2021,8,24,19,28,25.0497998046875,2
2021,8,24,19,28,26.8997998046875,2
2021,8,24,19,28,28.7498000488281,2
2021,8,24,19,28,30.5997998046875,2
2021,8,24,19,28,32.4498000488281,2
2021,8,24,19,28,34.2997998046875,2
2021,8,24,19,28,36.1497998046875,2
2021,8,24,19,28,37.9998000488281,2
2021,8,24,19,28,39.8497998046875,2
2021,8,24,19,28,41.6998000488281,2
2021,8,24,19,28,43.5497998046875,2
2021,8,24,19,28,45.3997998046875,2
2021,8,24,19,28,47.2498000488281,2
2021,8,24,19,28,49.0997998046875,2
2021,8,24,19,28,50.9498000488281,2
2021,8,24,19,28,52.7997998046875,2
2021,8,24,19,28,54.6497998046875,2
2021,8,24,19,28,56.4998000488281,2
2021,8,24,19,28,58.3497998046875,2
2021,8,24,19,29,0.199800048828125,2
2021,8,24,19,29,2.0497998046875,2
2021,8,24,19,29,3.8997998046875,2
2021,8,24,19,29,5.74980004882813,2
2021,8,24,19,29,7.5997998046875,2
2021,8,24,19,29,9.44980004882813,2
2021,8,24,19,29,11.2997998046875,2
2021,8,24,19,29,13.1497998046875,2
2021,8,24,19,29,14.9998000488281,2
2021,8,24,19,29,16.8497998046875,2
2021,8,24,19,29,18.6998000488281,2
2021,8,24,19,29,20.5497998046875,2
2021,8,24,19,29,22.3997998046875,2
2021,8,24,19,29,24.2498000488281,2
2021,8,24,19,29,26.0997998046875,2
2021,8,24,19,29,27.9498000488281,2
2021,8,24,19,29,29.7997998046875,2
2021,8,24,19,29,31.5997998046875,2
2021,8,24,19,29,33.4998000488281,2
2021,8,24,19,29,35.3497998046875,2
2021,8,24,19,29,37.1998000488281,2
2021,8,24,19,29,39.0497998046875,2
2021,8,24,19,29,40.8997998046875,2
2021,8,24,19,29,42.7498000488281,2
2021,8,24,19,29,44.5997998046875,2
2021,8,24,19,29,46.4998000488281,2
2021,8,24,19,29,48.3497998046875,2
2021,8,24,19,29,50.1497998046875,2
2021,8,24,19,29,51.9998000488281,2
2021,8,24,19,29,53.8497998046875,2
2021,8,24,19,29,55.6998000488281,2
2021,8,24,19,29,57.5497998046875,2
2021,8,24,19,29,59.3997998046875,2
2021,8,24,19,30,1.24980004882813,2
2021,8,24,19,30,3.0997998046875,2
2021,8,24,19,30,4.94980004882813,2
2021,8,24,19,30,6.74980004882813,2
2021,8,24,19,30,8.5997998046875,2
2021,8,24,19,30,10.4498000488281,2
2021,8,24,19,30,12.2997998046875,2
2021,8,24,19,30,14.1497998046875,2
2021,8,24,19,30,16.0497998046875,2
2021,8,24,19,30,17.8497998046875,2
2021,8,24,19,30,19.7498000488281,2
2021,8,24,19,30,21.5997998046875,2
2021,8,24,19,30,23.4498000488281,2
2021,8,24,19,30,25.2997998046875,2
2021,8,24,19,30,27.1497998046875,2
2021,8,24,19,30,28.9998000488281,2
2021,8,24,19,30,30.8497998046875,2
2021,8,24,19,30,32.6998000488281,2
2021,8,24,19,30,34.5497998046875,2
2021,8,24,19,30,36.3997998046875,2
2021,8,24,19,30,38.2498000488281,2
2021,8,24,19,30,40.1497998046875,2
2021,8,24,19,30,41.9498000488281,2
2021,8,24,19,30,43.7997998046875,2
2021,8,24,19,30,45.6497998046875,1
2021,8,24,19,30,47.4998000488281,1
2021,8,24,19,30,49.3497998046875,1
2021,8,24,19,30,51.1998000488281,1
2021,8,24,19,30,53.0497998046875,1
2021,8,24,19,30,54.8997998046875,1
2021,8,24,19,30,56.7498000488281,1
2021,8,24,19,30,58.5997998046875,1
2021,8,24,19,31,0.449800048828125,1
2021,8,24,19,31,2.2997998046875,1
2021,8,24,19,31,4.1497998046875,1
2021,8,24,19,31,5.99980004882813,1
2021,8,24,19,31,7.8497998046875,1
2021,8,24,19,31,9.69980004882813,1
2021,8,24,19,31,11.5497998046875,1
2021,8,24,19,31,13.3997998046875,1
2021,8,24,19,31,15.2498000488281,1
2021,8,24,19,31,17.0997998046875,1
2021,8,24,19,31,18.9498000488281,1
2021,8,24,19,31,20.7997998046875,1
2021,8,24,19,31,22.6497998046875,1
2021,8,24,19,31,24.4998000488281,1
2021,8,24,19,31,26.3497998046875,1
2021,8,24,19,31,28.1998000488281,1
2021,8,24,19,31,30.0497998046875,1
2021,8,24,19,31,31.8997998046875,1
2021,8,24,19,31,33.7498000488281,1
2021,8,24,19,31,35.5997998046875,1
2021,8,24,19,31,37.4498000488281,1
2021,8,24,19,31,39.2997998046875,1
2021,8,24,19,31,41.1497998046875,1
2021,8,24,19,31,42.9998000488281,1
2021,8,24,19,31,44.8497998046875,1
2021,8,24,19,31,46.6998000488281,1
2021,8,24,19,31,48.5497998046875,1
2021,8,24,19,31,50.3997998046875,1
2021,8,24,19,31,52.2498000488281,1
2021,8,24,19,31,54.0997998046875,1
2021,8,24,19,31,55.9498000488281,1
2021,8,24,19,31,57.7997998046875,1
2021,8,24,19,31,59.6497998046875,1
2021,8,24,19,32,1.49980004882813,1
2021,8,24,19,32,3.3497998046875,1
2021,8,24,19,32,5.19980004882813,1
2021,8,24,19,32,7.0497998046875,1
2021,8,24,19,32,8.8997998046875,1
2021,8,24,19,32,10.7498000488281,1
2021,8,24,19,32,12.5997998046875,1
2021,8,24,19,32,14.4498000488281,1
2021,8,24,19,32,16.2997998046875,1
2021,8,24,19,32,18.1497998046875,1
2021,8,24,19,32,19.9998000488281,1
2021,8,24,19,32,21.8497998046875,1
2021,8,24,19,32,23.6998000488281,1
2021,8,24,19,32,25.5497998046875,1
2021,8,24,19,32,27.3997998046875,1
2021,8,24,19,32,29.2498000488281,1
2021,8,24,19,32,31.0997998046875,1
2021,8,24,19,32,32.9498000488281,1
2021,8,24,19,32,34.7997998046875,1
2021,8,24,19,32,36.6497998046875,1
2021,8,24,19,32,38.4998000488281,1
2021,8,24,19,32,40.3497998046875,1
2021,8,24,19,32,42.1998000488281,1
2021,8,24,19,32,44.0497998046875,1
2021,8,24,19,32,45.8997998046875,1
2021,8,24,19,32,47.7498000488281,1
2021,8,24,19,32,49.5997998046875,1
2021,8,24,19,32,51.4498000488281,1
2021,8,24,19,32,53.2997998046875,1
2021,8,24,19,32,55.1497998046875,1
2021,8,24,19,32,56.9998000488281,1
2021,8,24,19,32,58.8497998046875,1
2021,8,24,19,33,0.699800048828125,1
2021,8,24,19,33,2.5497998046875,1
2021,8,24,19,33,4.3997998046875,1
2021,8,24,19,33,6.24980004882813,1
2021,8,24,19,33,8.0997998046875,1
2021,8,24,19,33,9.94980004882813,1
2021,8,24,19,33,11.7997998046875,1
2021,8,24,19,33,13.6497998046875,1
2021,8,24,19,33,15.4998000488281,1
2021,8,24,19,33,17.3497998046875,1
2021,8,24,19,33,19.1998000488281,1
2021,8,24,19,33,21.0497998046875,1
2021,8,24,19,33,22.8997998046875,1
2021,8,24,19,33,24.7498000488281,1
2021,8,24,19,33,26.5997998046875,1
2021,8,24,19,33,28.4498000488281,1
2021,8,24,19,33,30.2997998046875,1
2021,8,24,19,33,32.1497998046875,1
2021,8,24,19,33,33.9998000488281,1
2021,8,24,19,33,35.8497998046875,1
2021,8,24,19,33,37.6998000488281,1
2021,8,24,19,33,39.5497998046875,1
2021,8,24,19,33,41.3997998046875,1
2021,8,24,19,33,43.2498000488281,1
2021,8,24,19,33,45.0997998046875,1
2021,8,24,19,33,46.9498000488281,1
2021,8,24,19,33,48.7997998046875,1
2021,8,24,19,33,50.6497998046875,1
2021,8,24,19,33,52.4998000488281,1
2021,8,24,19,33,54.3497998046875,1
2021,8,24,19,33,56.1998000488281,1
2021,8,24,19,33,58.0497998046875,1
2021,8,24,19,33,59.8997998046875,1
2021,8,24,19,34,1.74980004882813,1
2021,8,24,19,34,3.5997998046875,1
2021,8,24,19,34,5.44980004882813,1
2021,8,24,19,34,7.24980004882813,1
2021,8,24,19,34,9.1497998046875,1
2021,8,24,19,34,10.9998000488281,1
2021,8,24,19,34,12.8497998046875,1
2021,8,24,19,34,14.6998000488281,1
2021,8,24,19,34,16.4998000488281,1
2021,8,24,19,34,18.3997998046875,1
2021,8,24,19,34,20.2498000488281,1
2021,8,24,19,34,22.0997998046875,1
2021,8,24,19,34,23.9498000488281,1
2021,8,24,19,34,25.7997998046875,1
2021,8,24,19,34,27.6998000488281,1
2021,8,24,19,34,29.5497998046875,1
2021,8,24,19,34,31.3997998046875,1
2021,8,24,19,34,33.2498000488281,1
2021,8,24,19,34,35.0497998046875,1
2021,8,24,19,34,36.8997998046875,1
2021,8,24,19,34,38.7498000488281,1
2021,8,24,19,34,40.5997998046875,1
2021,8,24,19,34,42.3997998046875,1
2021,8,24,19,34,44.2498000488281,1
2021,8,24,19,34,46.1497998046875,1
2021,8,24,19,34,47.9998000488281,1
2021,8,24,19,34,49.7997998046875,1
2021,8,24,19,34,51.6497998046875,1
2021,8,24,19,34,53.5497998046875,1
2021,8,24,19,34,55.3997998046875,1
2021,8,24,19,34,57.2498000488281,1
2021,8,24,19,34,59.0997998046875,1
2021,8,24,19,35,0.949800048828125,1
2021,8,24,19,35,2.7997998046875,1
2021,8,24,19,35,4.6497998046875,1
2021,8,24,19,35,6.49980004882813,1
2021,8,24,19,35,8.3497998046875,1
2021,8,24,19,35,10.1998000488281,1
2021,8,24,19,35,10.1998000488281,1
2021,8,24,19,35,12.0497998046875,1
2021,8,24,19,35,13.8997998046875,1
2021,8,24,19,35,15.7498000488281,1
2021,8,24,19,35,17.5997998046875,1
2021,8,24,19,35,19.4498000488281,1
2021,8,24,19,35,21.2997998046875,1
2021,8,24,19,35,23.1497998046875,1
2021,8,24,19,35,24.9998000488281,1
2021,8,24,19,35,26.8497998046875,1
2021,8,24,19,35,28.6998000488281,1
2021,8,24,19,35,30.5497998046875,1
2021,8,24,19,35,32.3997998046875,1
2021,8,24,19,35,34.2498000488281,1
2021,8,24,19,35,36.0997998046875,1
2021,8,24,19,35,37.9498000488281,1
2021,8,24,19,35,39.7997998046875,1
2021,8,24,19,35,41.6497998046875,1
2021,8,24,19,35,43.4998000488281,1
2021,8,24,19,35,45.3497998046875,1
2021,8,24,19,35,47.1998000488281,1
2021,8,24,19,35,49.0497998046875,1
2021,8,24,19,35,50.8997998046875,1
2021,8,24,19,35,52.7498000488281,1
2021,8,24,19,35,54.5497998046875,1
2021,8,24,19,35,56.4498000488281,1
2021,8,24,19,35,58.2997998046875,1
2021,8,24,19,36,0.1497998046875,1
2021,8,24,19,36,1.99980004882813,1
2021,8,24,19,36,3.8497998046875,1
2021,8,24,19,36,5.69980004882813,1
2021,8,24,19,36,7.5497998046875,1
2021,8,24,19,36,9.3997998046875,1
2021,8,24,19,36,11.2498000488281,1
2021,8,24,19,36,13.0997998046875,1
2021,8,24,19,36,14.9498000488281,1
2021,8,24,19,36,16.7997998046875,1
2021,8,24,19,36,18.6497998046875,1
2021,8,24,19,36,20.4998000488281,1
2021,8,24,19,36,22.3497998046875,1
2021,8,24,19,36,24.1998000488281,1
2021,8,24,19,36,26.0497998046875,1
2021,8,24,19,36,27.8997998046875,1
2021,8,24,19,36,29.7498000488281,1
2021,8,24,19,36,31.5997998046875,1
2021,8,24,19,36,33.4498000488281,1
2021,8,24,19,36,35.2997998046875,1
2021,8,24,19,36,37.1497998046875,1
2021,8,24,19,36,38.9998000488281,1
2021,8,24,19,36,40.8497998046875,1
2021,8,24,19,36,42.6998000488281,1
2021,8,24,19,36,44.5497998046875,1
2021,8,24,19,36,46.3997998046875,1
2021,8,24,19,36,48.2498000488281,1
2021,8,24,19,36,50.0997998046875,1
2021,8,24,19,36,51.9498000488281,1
2021,8,24,19,36,53.7997998046875,1
2021,8,24,19,36,55.6497998046875,1
2021,8,24,19,36,57.4998000488281,1
2021,8,24,19,36,59.3497998046875,1
2021,8,24,19,37,1.19980004882813,1
2021,8,24,19,37,3.0497998046875,1
2021,8,24,19,37,4.8997998046875,1
2021,8,24,19,37,6.74980004882813,1
2021,8,24,19,37,8.5997998046875,1
2021,8,24,19,37,10.4498000488281,1
2021,8,24,19,37,12.2997998046875,1
2021,8,24,19,37,14.1497998046875,1
2021,8,24,19,37,15.9998000488281,1
2021,8,24,19,37,17.8497998046875,1
2021,8,24,19,37,19.6998000488281,1
2021,8,24,19,37,21.5497998046875,1
2021,8,24,19,37,23.3997998046875,1
2021,8,24,19,37,25.3497998046875,1
2021,8,24,19,37,27.3497998046875,1
2021,8,24,19,37,29.2997998046875,1
2021,8,24,19,37,31.2498000488281,1
2021,8,24,19,37,33.1497998046875,1
2021,8,24,19,37,34.9998000488281,1
2021,8,24,19,37,36.8497998046875,1
2021,8,24,19,37,38.6998000488281,1
2021,8,24,19,37,40.5497998046875,1
2021,8,24,19,37,42.3497998046875,1
2021,8,24,19,37,44.1998000488281,1
2021,8,24,19,37,46.0497998046875,1
2021,8,24,19,37,47.8997998046875,1
2021,8,24,19,37,49.7498000488281,1
2021,8,24,19,37,51.5997998046875,1
2021,8,24,19,37,53.4498000488281,1
2021,8,24,19,37,55.2997998046875,1
2021,8,24,19,37,57.1497998046875,1
2021,8,24,19,37,58.9998000488281,1
2021,8,24,19,38,0.8497998046875,1
2021,8,24,19,38,2.69980004882812,1
2021,8,24,19,38,4.5497998046875,1
2021,8,24,19,38,6.3997998046875,1
2021,8,24,19,38,8.24980004882812,1
2021,8,24,19,38,10.0997998046875,1
2021,8,24,19,38,11.9498000488281,1
2021,8,24,19,38,13.7997998046875,1
2021,8,24,19,38,15.6497998046875,1
2021,8,24,19,38,17.4998000488281,1
2021,8,24,19,38,19.3497998046875,1
2021,8,24,19,38,21.1998000488281,1
2021,8,24,19,38,23.0997998046875,1
2021,8,24,19,38,24.8997998046875,1
2021,8,24,19,38,26.7498000488281,1
2021,8,24,19,38,28.6497998046875,1
2021,8,24,19,38,30.4498000488281,1
2021,8,24,19,38,32.3497998046875,1
2021,8,24,19,38,34.1998000488281,1
2021,8,24,19,38,36.0497998046875,1
2021,8,24,19,38,37.8997998046875,1
2021,8,24,19,38,39.7498000488281,1
2021,8,24,19,38,41.5997998046875,1
2021,8,24,19,38,43.4498000488281,1
2021,8,24,19,38,45.2997998046875,1
2021,8,24,19,38,47.1497998046875,1
2021,8,24,19,38,48.9998000488281,1
2021,8,24,19,38,50.8497998046875,1
2021,8,24,19,38,52.6998000488281,1
2021,8,24,19,38,54.5497998046875,1
2021,8,24,19,38,56.3997998046875,1
2021,8,24,19,38,58.2498000488281,1
2021,8,24,19,39,0.0997998046875,1
2021,8,24,19,39,1.8997998046875,1
2021,8,24,19,39,3.5997998046875,1
2021,8,24,19,39,5.3997998046875,1
2021,8,24,19,39,7.19980004882813,1
2021,8,24,19,39,8.94980004882813,1
2021,8,24,19,39,10.7498000488281,1
2021,8,24,19,39,12.5497998046875,1
2021,8,24,19,39,14.3997998046875,1
2021,8,24,19,39,16.2498000488281,1
2021,8,24,19,39,18.0997998046875,1
2021,8,24,19,39,19.9498000488281,1
2021,8,24,19,39,19.9498000488281,1
2021,8,24,19,39,21.7997998046875,1
2021,8,24,19,39,23.6497998046875,1
2021,8,24,19,39,25.4998000488281,1
2021,8,24,19,39,27.3497998046875,1
2021,8,24,19,39,29.1998000488281,1
2021,8,24,19,39,31.0497998046875,1
2021,8,24,19,39,32.8997998046875,1
2021,8,24,19,39,34.7498000488281,1
2021,8,24,19,39,36.5997998046875,1
2021,8,24,19,39,38.4498000488281,0
2021,8,24,19,39,40.3497998046875,1
2021,8,24,19,39,42.2498000488281,1
2021,8,24,19,39,44.0997998046875,1
2021,8,24,19,39,45.9998000488281,1
2021,8,24,19,39,47.8497998046875,1
2021,8,24,19,39,49.6998000488281,1
2021,8,24,19,39,51.5497998046875,1
2021,8,24,19,39,53.3497998046875,1
2021,8,24,19,39,55.1998000488281,1
2021,8,24,19,39,57.0497998046875,1
2021,8,24,19,39,58.8497998046875,1
2021,8,24,19,40,0.699800048828125,1
2021,8,24,19,40,2.5497998046875,1
2021,8,24,19,40,4.3997998046875,1
2021,8,24,19,40,6.19980004882813,1
2021,8,24,19,40,8.0497998046875,1
2021,8,24,19,40,9.8997998046875,1
2021,8,24,19,40,11.7498000488281,1
2021,8,24,19,40,13.5997998046875,1
2021,8,24,19,40,15.3997998046875,1
2021,8,24,19,40,17.2498000488281,1
2021,8,24,19,40,19.0997998046875,1
2021,8,24,19,40,20.9498000488281,1
2021,8,24,19,40,22.7997998046875,1
2021,8,24,19,40,24.6998000488281,1
2021,8,24,19,40,26.5497998046875,0
2021,8,24,19,40,28.3997998046875,0
2021,8,24,19,40,30.2498000488281,0
2021,8,24,19,40,32.0997998046875,0
2021,8,24,19,40,33.9498000488281,0
2021,8,24,19,40,35.7997998046875,0
2021,8,24,19,40,37.6497998046875,0
2021,8,24,19,40,39.4998000488281,0
2021,8,24,19,40,41.3497998046875,0
2021,8,24,19,40,43.1998000488281,0
2021,8,24,19,40,45.0497998046875,0
2021,8,24,19,40,46.8997998046875,0
2021,8,24,19,40,48.7498000488281,0
2021,8,24,19,40,50.5997998046875,0
2021,8,24,19,40,52.4498000488281,0
2021,8,24,19,40,54.2997998046875,0
2021,8,24,19,40,56.1497998046875,0
2021,8,24,19,40,57.9998000488281,0
2021,8,24,19,40,59.8497998046875,0
2021,8,24,19,41,1.69980004882812,0
2021,8,24,19,41,3.5497998046875,0
2021,8,24,19,41,5.3997998046875,0
2021,8,24,19,41,7.24980004882813,0
2021,8,24,19,41,9.0997998046875,0
2021,8,24,19,41,10.9498000488281,1
2021,8,24,19,41,12.7997998046875,1
2021,8,24,19,41,14.6497998046875,1
2021,8,24,19,41,16.4998000488281,1
2021,8,24,19,41,18.3497998046875,1
2021,8,24,19,41,20.1998000488281,1
2021,8,24,19,41,22.0497998046875,1
2021,8,24,19,41,23.8997998046875,1
2021,8,24,19,41,25.7498000488281,1
2021,8,24,19,41,27.5997998046875,1
2021,8,24,19,41,29.4498000488281,1
2021,8,24,19,41,31.3497998046875,1
2021,8,24,19,41,33.1998000488281,1
2021,8,24,19,41,34.9998000488281,1
2021,8,24,19,41,36.8497998046875,1
2021,8,24,19,41,38.6998000488281,1
2021,8,24,19,41,40.5497998046875,1
2021,8,24,19,41,42.3997998046875,1
2021,8,24,19,41,44.2498000488281,1
2021,8,24,19,41,46.0997998046875,1
2021,8,24,19,41,47.9498000488281,1
2021,8,24,19,41,49.7997998046875,1
2021,8,24,19,41,51.6497998046875,1
2021,8,24,19,41,53.4998000488281,1
2021,8,24,19,41,55.3497998046875,1
2021,8,24,19,41,57.1998000488281,1
2021,8,24,19,41,59.0497998046875,1
2021,8,24,19,42,0.8997998046875,1
2021,8,24,19,42,2.74980004882813,1
2021,8,24,19,42,4.5997998046875,1
2021,8,24,19,42,6.44980004882813,1
2021,8,24,19,42,8.2997998046875,1
2021,8,24,19,42,10.1497998046875,1
2021,8,24,19,42,11.9998000488281,1
2021,8,24,19,42,13.8497998046875,1
2021,8,24,19,42,15.6998000488281,1
2021,8,24,19,42,17.5497998046875,1
2021,8,24,19,42,19.3997998046875,1
2021,8,24,19,42,21.2498000488281,1
2021,8,24,19,42,23.0997998046875,1
2021,8,24,19,42,24.9498000488281,1
2021,8,24,19,42,26.7997998046875,1
2021,8,24,19,42,28.6497998046875,1
2021,8,24,19,42,30.4998000488281,1
2021,8,24,19,42,32.3497998046875,1
2021,8,24,19,42,34.1998000488281,1
2021,8,24,19,42,36.0497998046875,1
2021,8,24,19,42,37.8997998046875,1
2021,8,24,19,42,39.7498000488281,1
2021,8,24,19,42,41.5997998046875,1
2021,8,24,19,42,43.4498000488281,1
2021,8,24,19,42,45.2997998046875,1
2021,8,24,19,42,47.1497998046875,1
2021,8,24,19,42,48.9998000488281,1
2021,8,24,19,42,50.8497998046875,1
2021,8,24,19,42,52.6998000488281,1
2021,8,24,19,42,54.5497998046875,1
2021,8,24,19,42,56.3997998046875,1
2021,8,24,19,42,58.2498000488281,1
2021,8,24,19,43,0.0997998046875,1
2021,8,24,19,43,1.94980004882812,1
2021,8,24,19,43,3.7997998046875,1
2021,8,24,19,43,5.6497998046875,1
2021,8,24,19,43,7.49980004882813,1
2021,8,24,19,43,9.3497998046875,1
2021,8,24,19,43,11.1998000488281,1
2021,8,24,19,43,13.0497998046875,1
2021,8,24,19,43,14.8997998046875,1
2021,8,24,19,43,16.7498000488281,1
2021,8,24,19,43,18.5997998046875,1
2021,8,24,19,43,20.4498000488281,1
2021,8,24,19,43,29.6998000488281,1
2021,8,24,19,43,31.5497998046875,1
2021,8,24,19,43,33.3997998046875,1
2021,8,24,19,43,35.2498000488281,1
2021,8,24,19,43,37.0997998046875,1
2021,8,24,19,43,38.9498000488281,1
2021,8,24,19,43,40.7997998046875,1
2021,8,24,19,43,42.6497998046875,1
2021,8,24,19,43,44.4998000488281,1
2021,8,24,19,43,46.3497998046875,1
2021,8,24,19,43,48.1998000488281,1
2021,8,24,19,43,50.0497998046875,1
2021,8,24,19,43,51.8997998046875,1
2021,8,24,19,43,53.7498000488281,1
2021,8,24,19,43,55.5997998046875,1
2021,8,24,19,43,57.4498000488281,1
2021,8,24,19,43,59.2997998046875,1
2021,8,24,19,44,1.1497998046875,1
2021,8,24,19,44,2.99980004882813,1
2021,8,24,19,44,4.8497998046875,1
2021,8,24,19,44,6.69980004882813,1
2021,8,24,19,44,8.5497998046875,1
2021,8,24,19,44,10.3997998046875,1
2021,8,24,19,44,12.2498000488281,1
2021,8,24,19,44,14.0997998046875,1
2021,8,24,19,44,15.9498000488281,1
2021,8,24,19,44,17.7997998046875,1
2021,8,24,19,44,19.6497998046875,1
2021,8,24,19,44,21.4998000488281,1
2021,8,24,19,44,23.3497998046875,1
2021,8,24,19,44,25.1998000488281,1
2021,8,24,19,44,27.0497998046875,1
2021,8,24,19,44,28.8997998046875,1
2021,8,24,19,44,30.6998000488281,1
2021,8,24,19,44,32.5497998046875,1
2021,8,24,19,44,34.4998000488281,1
2021,8,24,19,44,36.4498000488281,1
2021,8,24,19,44,38.3497998046875,1
2021,8,24,19,44,40.2498000488281,1
2021,8,24,19,44,42.1497998046875,1
2021,8,24,19,44,44.0997998046875,1
2021,8,24,19,44,45.9498000488281,1
2021,8,24,19,44,47.8497998046875,1
2021,8,24,19,44,49.6998000488281,1
2021,8,24,19,44,51.5497998046875,1
2021,8,24,19,44,53.3997998046875,1
2021,8,24,19,44,55.1998000488281,1
2021,8,24,19,44,57.0497998046875,1
2021,8,24,19,44,58.8997998046875,1
2021,8,24,19,45,0.749800048828125,1
2021,8,24,19,45,2.5997998046875,1
2021,8,24,19,45,4.44980004882813,1
2021,8,24,19,45,6.2997998046875,1
2021,8,24,19,45,8.1497998046875,1
2021,8,24,19,45,9.99980004882812,1
2021,8,24,19,45,11.8497998046875,1
2021,8,24,19,45,13.6998000488281,1
2021,8,24,19,45,15.5497998046875,1
2021,8,24,19,45,17.3997998046875,1
2021,8,24,19,45,19.2498000488281,1
2021,8,24,19,45,21.0997998046875,1
2021,8,24,19,45,22.9498000488281,1
2021,8,24,19,45,24.7997998046875,1
2021,8,24,19,45,26.6497998046875,1
2021,8,24,19,45,28.4998000488281,1
2021,8,24,19,45,30.3497998046875,1
2021,8,24,19,45,32.2498000488281,1
2021,8,24,19,45,34.0997998046875,1
2021,8,24,19,45,35.8997998046875,1
2021,8,24,19,45,37.7997998046875,1
2021,8,24,19,45,39.6497998046875,1
2021,8,24,19,45,41.4998000488281,1
2021,8,24,19,45,43.3497998046875,1
2021,8,24,19,45,45.1998000488281,1
2021,8,24,19,45,47.0497998046875,1
2021,8,24,19,45,48.8997998046875,1
2021,8,24,19,45,50.7498000488281,1
2021,8,24,19,45,52.5997998046875,1
2021,8,24,19,45,54.4498000488281,1
2021,8,24,19,45,56.2997998046875,1
2021,8,24,19,45,58.1497998046875,1
2021,8,24,19,45,59.9998000488281,1
2021,8,24,19,46,1.8497998046875,1
2021,8,24,19,46,3.69980004882812,1
2021,8,24,19,46,5.5497998046875,1
2021,8,24,19,46,7.3997998046875,1
2021,8,24,19,46,9.24980004882812,1
2021,8,24,19,46,11.0997998046875,1
2021,8,24,19,46,12.9498000488281,1
2021,8,24,19,46,14.7997998046875,1
2021,8,24,19,46,16.6497998046875,1
2021,8,24,19,46,18.4998000488281,1
2021,8,24,19,46,20.3497998046875,1
2021,8,24,19,46,22.1998000488281,1
2021,8,24,19,46,24.0497998046875,1
2021,8,24,19,46,25.8997998046875,1
2021,8,24,19,46,27.7498000488281,1
2021,8,24,19,46,29.5997998046875,1
2021,8,24,19,46,31.4498000488281,1
2021,8,24,19,46,33.2997998046875,1
2021,8,24,19,46,35.1497998046875,1
2021,8,24,19,46,36.9998000488281,1
2021,8,24,19,46,38.8497998046875,1
2021,8,24,19,46,40.6998000488281,1
2021,8,24,19,46,42.5497998046875,1
2021,8,24,19,46,44.3997998046875,1
2021,8,24,19,46,46.2498000488281,1
2021,8,24,19,46,48.0997998046875,1
2021,8,24,19,46,49.9498000488281,1
2021,8,24,19,46,51.7498000488281,1
2021,8,24,19,46,53.4498000488281,1
2021,8,24,19,46,55.1497998046875,1
2021,8,24,19,46,56.9498000488281,1
2021,8,24,19,46,58.7498000488281,1
2021,8,24,19,47,0.5997998046875,1
2021,8,24,19,47,2.44980004882812,1
2021,8,24,19,47,4.3497998046875,1
2021,8,24,19,47,6.19980004882813,1
2021,8,24,19,47,8.0497998046875,1
2021,8,24,19,47,9.8997998046875,1
2021,8,24,19,47,11.7498000488281,1
2021,8,24,19,47,13.5497998046875,1
2021,8,24,19,47,15.3997998046875,1
2021,8,24,19,47,17.2498000488281,1
2021,8,24,19,47,19.0997998046875,1
2021,8,24,19,47,20.9498000488281,1
2021,8,24,19,47,22.7997998046875,1
2021,8,24,19,47,24.5997998046875,1
2021,8,24,19,47,26.3497998046875,1
2021,8,24,19,47,28.1497998046875,1
2021,8,24,19,47,29.8997998046875,1
2021,8,24,19,47,31.6497998046875,1
2021,8,24,19,47,33.4498000488281,1
2021,8,24,19,47,35.4498000488281,1
2021,8,24,19,47,37.3497998046875,1
2021,8,24,19,47,39.1998000488281,1
2021,8,24,19,47,40.9998000488281,1
2021,8,24,19,47,39.1998000488281,1
2021,8,24,19,47,40.9998000488281,1
2021,8,24,19,47,42.7498000488281,1
2021,8,24,19,47,44.5997998046875,1
2021,8,24,19,47,46.4498000488281,1
2021,8,24,19,47,48.2997998046875,1
2021,8,24,19,47,50.1998000488281,1
2021,8,24,19,47,52.2498000488281,1
2021,8,24,19,47,54.2498000488281,1
2021,8,24,19,47,56.0997998046875,1
2021,8,24,19,47,57.8997998046875,1
2021,8,24,19,47,59.6998000488281,1
2021,8,24,19,48,1.49980004882813,1
2021,8,24,19,48,3.2997998046875,1
2021,8,24,19,48,5.1497998046875,1
2021,8,24,19,48,6.99980004882813,1
2021,8,24,19,48,8.8497998046875,1
2021,8,24,19,48,10.7498000488281,1
2021,8,24,19,48,12.6497998046875,1
2021,8,24,19,48,14.5497998046875,1
2021,8,24,19,48,16.4498000488281,1
2021,8,24,19,48,18.3497998046875,1
2021,8,24,19,48,20.1998000488281,1
2021,8,24,19,48,22.0997998046875,1
2021,8,24,19,48,23.9498000488281,1
2021,8,24,19,48,25.7997998046875,1
2021,8,24,19,48,27.6497998046875,1
2021,8,24,19,48,29.4998000488281,1
2021,8,24,19,48,31.2997998046875,1
2021,8,24,19,48,33.1497998046875,1
2021,8,24,19,48,34.9998000488281,1
2021,8,24,19,48,36.8497998046875,1
2021,8,24,19,48,38.6998000488281,1
2021,8,24,19,48,40.5497998046875,1
2021,8,24,19,48,42.3997998046875,1
2021,8,24,19,48,44.2498000488281,1
2021,8,24,19,48,46.0997998046875,1
2021,8,24,19,48,47.9498000488281,1
2021,8,24,19,48,49.7997998046875,1
2021,8,24,19,48,51.6497998046875,1
2021,8,24,19,48,53.4998000488281,1
2021,8,24,19,48,55.3497998046875,1
2021,8,24,19,48,57.1998000488281,1
2021,8,24,19,48,59.0497998046875,1
2021,8,24,19,49,0.8997998046875,1
2021,8,24,19,49,2.74980004882813,1
2021,8,24,19,49,4.5997998046875,1
2021,8,24,19,49,6.44980004882813,1
2021,8,24,19,49,8.2997998046875,1
2021,8,24,19,49,10.0997998046875,1
2021,8,24,19,49,11.9498000488281,1
2021,8,24,19,49,13.7997998046875,1
2021,8,24,19,49,15.6497998046875,1
2021,8,24,19,49,17.4998000488281,1
2021,8,24,19,49,19.3497998046875,1
2021,8,24,19,49,21.1998000488281,1
2021,8,24,19,49,23.0497998046875,1
2021,8,24,19,49,24.8497998046875,1
2021,8,24,19,49,26.7498000488281,1
2021,8,24,19,49,28.5997998046875,1
2021,8,24,19,49,30.4498000488281,1
2021,8,24,19,49,32.2997998046875,1
2021,8,24,19,49,34.1497998046875,1
2021,8,24,19,49,35.9998000488281,1
2021,8,24,19,49,37.8497998046875,1
2021,8,24,19,49,39.6998000488281,1
2021,8,24,19,49,41.5497998046875,1
2021,8,24,19,49,43.3997998046875,1
2021,8,24,19,49,45.2498000488281,1
2021,8,24,19,49,47.0997998046875,1
2021,8,24,19,49,48.9498000488281,1
2021,8,24,19,49,50.7997998046875,1
2021,8,24,19,49,52.6497998046875,1
2021,8,24,19,49,54.4998000488281,1
2021,8,24,19,49,56.3997998046875,1
2021,8,24,19,49,58.1998000488281,1
2021,8,24,19,50,0.0497998046875,1
2021,8,24,19,50,1.8997998046875,1
2021,8,24,19,50,3.74980004882813,1
2021,8,24,19,50,5.5997998046875,1
2021,8,24,19,50,7.44980004882813,1
2021,8,24,19,50,9.24980004882812,1
2021,8,24,19,50,11.0997998046875,1
2021,8,24,19,50,12.9998000488281,1
2021,8,24,19,50,14.8497998046875,1
2021,8,24,19,50,16.6998000488281,1
2021,8,24,19,50,18.5497998046875,1
2021,8,24,19,50,20.3997998046875,1
2021,8,24,19,50,22.2498000488281,1
2021,8,24,19,50,24.0997998046875,1
2021,8,24,19,50,25.9498000488281,1
2021,8,24,19,50,27.7997998046875,1
2021,8,24,19,50,29.6497998046875,1
2021,8,24,19,50,31.4998000488281,1
2021,8,24,19,50,33.3497998046875,1
2021,8,24,19,50,35.1998000488281,1
2021,8,24,19,50,37.0997998046875,1
2021,8,24,19,50,38.8997998046875,1
2021,8,24,19,50,40.7498000488281,1
2021,8,24,19,50,42.5997998046875,1
2021,8,24,19,50,44.4498000488281,1
2021,8,24,19,50,46.3497998046875,1
2021,8,24,19,50,48.1497998046875,1
2021,8,24,19,50,49.9998000488281,1
2021,8,24,19,50,51.8497998046875,1
2021,8,24,19,50,53.6998000488281,1
2021,8,24,19,50,55.5497998046875,1
2021,8,24,19,50,57.3997998046875,1
2021,8,24,19,50,59.2498000488281,1
2021,8,24,19,51,1.0997998046875,1
2021,8,24,19,51,2.94980004882812,1
2021,8,24,19,51,4.7997998046875,1
2021,8,24,19,51,6.6497998046875,1
2021,8,24,19,51,8.49980004882812,1
2021,8,24,19,51,10.3497998046875,1
2021,8,24,19,51,12.1998000488281,1
2021,8,24,19,51,14.0497998046875,1
2021,8,24,19,51,15.8997998046875,1
2021,8,24,19,51,17.7498000488281,1
2021,8,24,19,51,19.5997998046875,1
2021,8,24,19,51,21.4498000488281,1
2021,8,24,19,51,23.2997998046875,1
2021,8,24,19,51,25.1497998046875,1
2021,8,24,19,51,26.9998000488281,1
2021,8,24,19,51,28.8497998046875,1
2021,8,24,19,51,30.6998000488281,1
2021,8,24,19,51,32.5497998046875,1
2021,8,24,19,51,34.3997998046875,1
2021,8,24,19,51,36.2498000488281,1
2021,8,24,19,51,38.0997998046875,1
2021,8,24,19,51,39.9498000488281,1
2021,8,24,19,51,41.7997998046875,1
2021,8,24,19,51,43.6497998046875,1
2021,8,24,19,51,45.4998000488281,1
2021,8,24,19,51,47.3497998046875,1
2021,8,24,19,51,49.1998000488281,1
2021,8,24,19,51,51.0497998046875,1
2021,8,24,19,51,49.1998000488281,1
2021,8,24,19,51,51.0497998046875,1
2021,8,24,19,51,52.8997998046875,2
2021,8,24,19,51,54.7498000488281,2
2021,8,24,19,51,56.5997998046875,2
2021,8,24,19,51,58.4498000488281,2
2021,8,24,19,52,0.2997998046875,2
2021,8,24,19,52,2.0997998046875,2
2021,8,24,19,52,3.99980004882813,2
2021,8,24,19,52,5.8497998046875,2
2021,8,24,19,52,7.69980004882813,2
2021,8,24,19,52,9.5497998046875,2
2021,8,24,19,52,11.3997998046875,2
2021,8,24,19,52,13.2498000488281,2
2021,8,24,19,52,15.0997998046875,2
2021,8,24,19,52,16.9498000488281,2
2021,8,24,19,52,18.7997998046875,2
2021,8,24,19,52,20.5997998046875,2
2021,8,24,19,52,22.4498000488281,2
2021,8,24,19,52,24.2997998046875,2
2021,8,24,19,52,26.1497998046875,2
2021,8,24,19,52,27.9998000488281,2
2021,8,24,19,52,29.8497998046875,2
2021,8,24,19,52,31.6998000488281,2
2021,8,24,19,52,33.5497998046875,2
2021,8,24,19,52,35.4498000488281,2
2021,8,24,19,52,37.2997998046875,1
2021,8,24,19,52,39.1497998046875,1
2021,8,24,19,52,40.9998000488281,1
2021,8,24,19,52,42.8497998046875,1
2021,8,24,19,52,44.7498000488281,1
2021,8,24,19,52,46.5997998046875,1
2021,8,24,19,52,48.4498000488281,1
2021,8,24,19,52,50.2997998046875,1
2021,8,24,19,52,52.1497998046875,1
2021,8,24,19,52,53.9498000488281,1
2021,8,24,19,52,55.7997998046875,1
2021,8,24,19,52,57.6497998046875,1
2021,8,24,19,52,59.4998000488281,1
2021,8,24,19,53,1.3497998046875,1
2021,8,24,19,53,3.19980004882812,1
2021,8,24,19,53,5.0497998046875,1
2021,8,24,19,53,6.8997998046875,1
2021,8,24,19,53,8.74980004882812,1
2021,8,24,19,53,10.5997998046875,1
2021,8,24,19,53,12.4498000488281,1
2021,8,24,19,53,14.2997998046875,1
2021,8,24,19,53,16.0997998046875,1
2021,8,24,19,53,17.9498000488281,1
2021,8,24,19,53,19.7997998046875,1
2021,8,24,19,53,21.6497998046875,1
2021,8,24,19,53,23.5497998046875,1
2021,8,24,19,53,25.3997998046875,1
2021,8,24,19,53,27.2997998046875,1
2021,8,24,19,53,29.0997998046875,1
2021,8,24,19,53,30.9498000488281,1
2021,8,24,19,53,32.8497998046875,1
2021,8,24,19,53,34.6497998046875,1
2021,8,24,19,53,36.4998000488281,1
2021,8,24,19,53,38.3497998046875,1
2021,8,24,19,53,40.2498000488281,1
2021,8,24,19,53,42.0497998046875,1
2021,8,24,19,53,43.8997998046875,1
2021,8,24,19,53,45.7498000488281,1
2021,8,24,19,53,47.5997998046875,1
2021,8,24,19,53,49.4498000488281,1
2021,8,24,19,53,51.2997998046875,1
2021,8,24,19,53,53.1497998046875,1
2021,8,24,19,53,54.9998000488281,1
2021,8,24,19,53,56.8497998046875,1
2021,8,24,19,53,58.6998000488281,1
2021,8,24,19,54,0.5497998046875,1
2021,8,24,19,54,2.3997998046875,1
2021,8,24,19,54,4.24980004882813,1
2021,8,24,19,54,6.1497998046875,1
2021,8,24,19,54,7.94980004882813,1
2021,8,24,19,54,9.7997998046875,1
2021,8,24,19,54,11.6497998046875,1
2021,8,24,19,54,13.4998000488281,1
2021,8,24,19,54,15.3497998046875,1
2021,8,24,19,54,17.1998000488281,1
2021,8,24,19,54,19.0497998046875,2
2021,8,24,19,54,20.8997998046875,2
2021,8,24,19,54,22.7498000488281,2
2021,8,24,19,54,24.5497998046875,2
2021,8,24,19,54,26.3997998046875,2
2021,8,24,19,54,28.2997998046875,2
2021,8,24,19,54,30.0997998046875,2
2021,8,24,19,54,31.9498000488281,2
2021,8,24,19,54,33.8497998046875,2
2021,8,24,19,54,35.6998000488281,2
2021,8,24,19,54,37.5497998046875,2
2021,8,24,19,54,39.3497998046875,2
2021,8,24,19,54,41.2498000488281,2
2021,8,24,19,54,43.0997998046875,2
2021,8,24,19,54,44.8997998046875,2
2021,8,24,19,54,46.7997998046875,2
2021,8,24,19,54,48.6497998046875,2
2021,8,24,19,54,50.4998000488281,2
2021,8,24,19,54,52.3497998046875,2
2021,8,24,19,54,54.1998000488281,2
2021,8,24,19,54,56.0497998046875,2
2021,8,24,19,54,57.8997998046875,2
2021,8,24,19,54,59.7498000488281,2
2021,8,24,19,55,1.5997998046875,2
2021,8,24,19,55,3.44980004882812,2
2021,8,24,19,55,5.2997998046875,2
2021,8,24,19,55,7.1497998046875,2
2021,8,24,19,55,8.99980004882812,2
2021,8,24,19,55,10.8497998046875,2
2021,8,24,19,55,12.6998000488281,2
2021,8,24,19,55,14.5497998046875,2
2021,8,24,19,55,16.3997998046875,2
2021,8,24,19,55,18.2498000488281,2
2021,8,24,19,55,20.0997998046875,2
2021,8,24,19,55,21.9498000488281,2
2021,8,24,19,55,23.7997998046875,2
2021,8,24,19,55,25.6497998046875,2
2021,8,24,19,55,27.4998000488281,2
2021,8,24,19,55,29.3497998046875,2
2021,8,24,19,55,31.1998000488281,2
2021,8,24,19,55,33.0497998046875,2
2021,8,24,19,55,34.8997998046875,2
2021,8,24,19,55,36.7498000488281,2
2021,8,24,19,55,38.5997998046875,2
2021,8,24,19,55,40.4498000488281,2
2021,8,24,19,56,0.749800048828125,2
2021,8,24,19,56,2.6497998046875,2
2021,8,24,19,56,4.49980004882813,2
2021,8,24,19,56,6.3497998046875,2
2021,8,24,19,56,8.19980004882813,2
2021,8,24,19,56,10.0497998046875,1
2021,8,24,19,56,11.8997998046875,1
2021,8,24,19,56,13.7498000488281,1
2021,8,24,19,56,15.5997998046875,1
2021,8,24,19,56,17.4498000488281,1
2021,8,24,19,56,19.2997998046875,1
2021,8,24,19,56,21.1497998046875,1
2021,8,24,19,56,22.9998000488281,1
2021,8,24,19,56,24.8497998046875,1
2021,8,24,19,56,26.6998000488281,1
2021,8,24,19,56,28.5497998046875,1
2021,8,24,19,56,30.3997998046875,1
2021,8,24,19,56,32.2498000488281,1
2021,8,24,19,56,34.0997998046875,1
2021,8,24,19,56,35.9498000488281,1
2021,8,24,19,56,37.7997998046875,1
2021,8,24,19,56,39.6497998046875,1
2021,8,24,19,56,41.4998000488281,1
2021,8,24,19,56,43.3497998046875,1
2021,8,24,19,56,45.1998000488281,1
2021,8,24,19,56,47.0497998046875,1
2021,8,24,19,56,48.8997998046875,1
2021,8,24,19,56,50.7498000488281,1
2021,8,24,19,56,52.5997998046875,1
2021,8,24,19,56,54.4498000488281,1
2021,8,24,19,56,56.2997998046875,1
2021,8,24,19,56,58.1497998046875,1
2021,8,24,19,56,59.9998000488281,1
2021,8,24,19,57,1.8497998046875,1
2021,8,24,19,57,3.69980004882812,1
2021,8,24,19,57,5.5497998046875,1
2021,8,24,19,57,7.3997998046875,1
2021,8,24,19,57,9.24980004882812,1
2021,8,24,19,57,11.0497998046875,1
2021,8,24,19,57,12.9498000488281,1
2021,8,24,19,57,14.7997998046875,1
2021,8,24,19,57,16.6497998046875,1
2021,8,24,19,57,18.4498000488281,1
2021,8,24,19,57,20.2997998046875,1
2021,8,24,19,57,22.1998000488281,1
2021,8,24,19,57,24.0497998046875,1
2021,8,24,19,57,25.8997998046875,1
2021,8,24,19,57,27.7498000488281,1
2021,8,24,19,57,29.5997998046875,1
2021,8,24,19,57,31.4498000488281,1
2021,8,24,19,57,33.2997998046875,1
2021,8,24,19,57,35.1497998046875,1
2021,8,24,19,57,36.9998000488281,1
2021,8,24,19,57,38.8497998046875,0
2021,8,24,19,57,40.6998000488281,0
2021,8,24,19,57,42.5497998046875,0
2021,8,24,19,57,44.3997998046875,0
2021,8,24,19,57,46.2498000488281,0
2021,8,24,19,57,48.0997998046875,0
2021,8,24,19,57,49.9498000488281,0
2021,8,24,19,57,51.7997998046875,0
2021,8,24,19,57,53.6497998046875,0
2021,8,24,19,57,55.4998000488281,0
2021,8,24,19,57,57.3497998046875,0
2021,8,24,19,57,59.1998000488281,0
