Year,Month,Day,Hour,Minute,Second,Classification
2017,6,10,19,46,57.3217858886719,0
2017,6,10,19,46,59.2165209960937,0
2017,6,10,19,47,1.14014282226562,0
2017,6,10,19,47,2.94601293945313,0
2017,6,10,19,47,4.8417509765625,0
2017,6,10,19,47,6.65080590820313,0
2017,6,10,19,47,8.48076708984375,0
2017,6,10,19,47,10.3621970214844,0
2017,6,10,19,47,12.2427868652344,0
2017,6,10,19,47,14.0486708984375,0
2017,6,10,19,47,16.0292680664062,0
2017,6,10,19,47,17.8671801757813,0
2017,6,10,19,47,19.8324599609375,0
2017,6,10,19,47,21.8099711914062,0
2017,6,10,19,47,23.9395510253906,0
2017,6,10,19,47,25.8321420898437,0
2017,6,10,19,47,27.6378850097656,0
2017,6,10,19,47,29.6322299804688,0
2017,6,10,19,47,31.4814938964844,0
2017,6,10,19,47,33.2874770507812,0
2017,6,10,19,47,35.3031010742188,0
2017,6,10,19,47,37.5959250488281,0
2017,6,10,19,47,39.4820659179687,0
2017,6,10,19,47,41.4950310058594,0
2017,6,10,19,47,43.3008061523438,0
2017,6,10,19,47,45.1871330566406,0
2017,6,10,19,47,47.0224331054687,0
2017,6,10,19,47,48.870419921875,0
2017,6,10,19,47,50.9843840332031,0
2017,6,10,19,47,52.8021481933594,0
2017,6,10,19,47,54.6346271972656,0
2017,6,10,19,47,56.6798190917969,0
2017,6,10,19,47,58.5330258789063,0
2017,6,10,19,48,0.510845947265625,0
2017,6,10,19,48,2.31926806640625,0
2017,6,10,19,48,4.26392016601562,0
2017,6,10,19,48,6.06965307617187,0
2017,6,10,19,48,7.91265112304688,0
2017,6,10,19,48,9.95327221679688,0
2017,6,10,19,48,11.8329599609375,0
2017,6,10,19,48,13.8329619140625,0
2017,6,10,19,48,15.6718659667969,0
2017,6,10,19,48,17.5024978027344,0
2017,6,10,19,48,19.3272258300781,0
2017,6,10,19,48,21.2221091308594,0
2017,6,10,19,48,23.0280710449219,0
2017,6,10,19,48,24.8426650390625,0
2017,6,10,19,48,26.8076938476562,0
2017,6,10,19,48,28.6135520019531,0
2017,6,10,19,48,30.5813469238281,0
2017,6,10,19,48,32.6715578613281,0
2017,6,10,19,48,34.5423620605469,0
2017,6,10,19,48,36.4538969726563,0
2017,6,10,19,48,38.2738181152344,0
2017,6,10,19,48,40.2692648925781,0
2017,6,10,19,48,42.2325388183594,0
2017,6,10,19,48,44.0706630859375,0
2017,6,10,19,48,45.9758820800781,0
2017,6,10,19,48,47.8535471191406,0
2017,6,10,19,48,49.8341450195312,0
2017,6,10,19,48,51.6400139160156,0
2017,6,10,19,48,53.5864670410156,0
2017,6,10,19,48,55.5042578125,0
2017,6,10,19,48,57.3408989257812,0
2017,6,10,19,48,59.2956669921875,0
2017,6,10,19,49,1.20469799804688,0
2017,6,10,19,49,3.03955517578125,0
2017,6,10,19,49,4.87645288085938,0
2017,6,10,19,49,6.82544482421875,0
2017,6,10,19,49,8.65630517578125,0
2017,6,10,19,49,10.6524140625,0
2017,6,10,19,49,12.5157670898438,0
2017,6,10,19,49,14.5234809570312,0
2017,6,10,19,49,16.4559760742187,0
2017,6,10,19,49,18.3671938476562,0
2017,6,10,19,49,20.3618210449219,0
2017,6,10,19,49,22.1986821289062,0
2017,6,10,19,49,24.0556220703125,0
2017,6,10,19,49,25.9604089355469,0
2017,6,10,19,49,27.8353210449219,0
2017,6,10,19,49,29.6850720214844,0
2017,6,10,19,49,31.672619140625,0
2017,6,10,19,49,33.4784709472656,0
2017,6,10,19,49,35.4917248535156,0
2017,6,10,19,49,37.3153439941406,0
2017,6,10,19,49,39.27391796875,0
2017,6,10,19,49,41.0907900390625,0
2017,6,10,19,49,42.9237170410156,0
2017,6,10,19,49,44.9721040039063,0
2017,6,10,19,49,46.8370480957031,0
2017,6,10,19,49,48.6542770996094,0
2017,6,10,19,49,50.5539650878906,0
2017,6,10,19,49,52.3599670410156,0
2017,6,10,19,49,54.249458984375,0
2017,6,10,19,49,56.2075659179688,0
2017,6,10,19,49,58.0216118164062,0
2017,6,10,19,49,59.8363420410156,0
2017,6,10,19,50,1.77950805664062,0
2017,6,10,19,50,3.66742895507813,0
2017,6,10,19,50,5.5420859375,0
2017,6,10,19,50,7.488833984375,0
2017,6,10,19,50,9.40065502929687,0
2017,6,10,19,50,11.2423759765625,0
2017,6,10,19,50,13.0483400878906,0
2017,6,10,19,50,15.0011049804687,0
2017,6,10,19,50,16.8368681640625,0
2017,6,10,19,50,18.7297639160156,0
2017,6,10,19,50,20.6415700683594,0
2017,6,10,19,50,22.4512329101562,0
2017,6,10,19,50,24.4170771484375,0
2017,6,10,19,50,26.3610078125,0
2017,6,10,19,50,28.2180239257812,0
2017,6,10,19,50,30.2636240234375,0
2017,6,10,19,50,32.0693659667969,0
2017,6,10,19,50,33.92578515625,0
2017,6,10,19,50,35.8754128417969,0
2017,6,10,19,50,37.68124609375,0
2017,6,10,19,50,39.70187890625,0
2017,6,10,19,50,41.5078110351563,0
2017,6,10,19,50,43.3135529785156,0
2017,6,10,19,50,45.255833984375,0
2017,6,10,19,50,47.0617312011719,0
2017,6,10,19,50,49.2124040527344,0
2017,6,10,19,50,51.2201899414062,0
2017,6,10,19,50,53.4127331542969,0
2017,6,10,19,50,55.4796618652344,0
2017,6,10,19,50,57.2984890136719,0
2017,6,10,19,50,59.4385090332031,0
2017,6,10,19,51,1.26127783203125,0
2017,6,10,19,51,3.06726586914063,0
2017,6,10,19,51,4.89782592773437,0
2017,6,10,19,51,6.8384609375,0
2017,6,10,19,51,8.6441591796875,0
2017,6,10,19,51,10.6420168457031,0
2017,6,10,19,51,12.5013571777344,0
2017,6,10,19,51,14.3703068847656,0
2017,6,10,19,51,16.188587890625,0
2017,6,10,19,51,18.0294440917969,0
2017,6,10,19,51,19.8527341308594,0
2017,6,10,19,51,21.8287700195312,0
2017,6,10,19,51,23.7476921386719,0
2017,6,10,19,51,25.5777231445313,0
2017,6,10,19,51,27.4720690917969,0
2017,6,10,19,51,29.3876791992187,0
2017,6,10,19,51,31.3949370117187,0
2017,6,10,19,51,33.257123046875,0
2017,6,10,19,51,35.0992570800781,0
2017,6,10,19,51,36.9553530273437,0
2017,6,10,19,51,38.8394699707031,0
2017,6,10,19,51,40.979833984375,0
2017,6,10,19,51,42.8395869140625,0
2017,6,10,19,51,44.8763461914062,0
2017,6,10,19,51,46.8396499023438,0
2017,6,10,19,51,48.67774609375,0
2017,6,10,19,51,50.57816015625,0
2017,6,10,19,51,52.50008203125,0
2017,6,10,19,51,54.5861589355469,0
2017,6,10,19,51,56.6127019042969,0
2017,6,10,19,51,58.4701608886719,0
2017,6,10,19,52,0.34523095703125,0
2017,6,10,19,52,2.26357006835938,0
2017,6,10,19,52,4.08305200195313,0
2017,6,10,19,52,5.92102783203125,0
2017,6,10,19,52,7.84039208984375,0
2017,6,10,19,52,9.80933813476562,0
2017,6,10,19,52,11.7703408203125,0
2017,6,10,19,52,13.5763049316406,0
2017,6,10,19,52,15.5363801269531,0
2017,6,10,19,52,17.5312058105469,0
2017,6,10,19,52,19.40270703125,0
2017,6,10,19,52,21.4262990722656,0
2017,6,10,19,52,23.2320329589844,0
2017,6,10,19,52,25.0842858886719,0
2017,6,10,19,52,26.9188249511719,0
2017,6,10,19,52,28.8409770507812,0
2017,6,10,19,52,30.8976892089844,0
2017,6,10,19,52,32.732248046875,0
2017,6,10,19,52,34.6959309082031,0
2017,6,10,19,52,36.6637739257812,0
2017,6,10,19,52,38.5215749511719,0
2017,6,10,19,52,40.73583203125,0
2017,6,10,19,52,42.5678251953125,0
2017,6,10,19,52,44.5453139648437,0
2017,6,10,19,52,46.35129296875,0
2017,6,10,19,52,48.2885610351562,0
2017,6,10,19,52,50.2346430664062,0
2017,6,10,19,52,52.040455078125,0
2017,6,10,19,52,53.8987509765625,0
2017,6,10,19,52,55.8124069824219,0
2017,6,10,19,52,57.6181770019531,0
2017,6,10,19,52,59.42874609375,0
2017,6,10,19,53,1.40863891601562,0
2017,6,10,19,53,3.21477783203125,0
2017,6,10,19,53,5.12098779296875,0
2017,6,10,19,53,7.3392919921875,0
2017,6,10,19,53,9.20500122070312,0
2017,6,10,19,53,11.055212890625,0
2017,6,10,19,53,12.8663430175781,0
2017,6,10,19,53,14.9958569335937,0
2017,6,10,19,53,16.8223381347656,0
2017,6,10,19,53,18.7214228515625,0
2017,6,10,19,53,20.6955219726563,0
2017,6,10,19,53,22.5260178222656,0
2017,6,10,19,53,24.4296550292969,0
2017,6,10,19,53,26.3706540527344,0
2017,6,10,19,53,28.2317319335937,0
2017,6,10,19,53,30.0375270996094,0
2017,6,10,19,53,31.844708984375,0
2017,6,10,19,53,33.6546450195313,0
2017,6,10,19,53,35.4603427734375,0
2017,6,10,19,53,37.2662509765625,0
2017,6,10,19,53,39.0722561035156,0
2017,6,10,19,53,40.877876953125,0
2017,6,10,19,53,42.6837170410156,0
2017,6,10,19,53,44.4896870117188,0
2017,6,10,19,53,46.2954841308594,0
2017,6,10,19,53,48.1014440917969,0
2017,6,10,19,53,49.9072800292969,0
2017,6,10,19,53,51.7132829589844,0
2017,6,10,19,53,53.5190090332031,0
2017,6,10,19,53,55.3247138671875,0
2017,6,10,19,53,57.1306860351563,0
2017,6,10,19,53,58.9453698730469,0
2017,6,10,19,54,0.751214111328125,0
2017,6,10,19,54,2.5571611328125,0
2017,6,10,19,54,4.36319213867187,0
2017,6,10,19,54,6.168876953125,0
2017,6,10,19,54,7.97468701171875,0
2017,6,10,19,54,9.78060791015625,0
2017,6,10,19,54,11.5863498535156,0
2017,6,10,19,54,13.3920629882812,0
2017,6,10,19,54,15.1979689941406,0
2017,6,10,19,54,17.0117631835938,0
2017,6,10,19,54,18.81749609375,0
2017,6,10,19,54,20.6235061035156,0
2017,6,10,19,54,22.4292341308594,0
2017,6,10,19,54,24.2349392089844,0
2017,6,10,19,54,26.0407209472656,0
2017,6,10,19,54,27.8466220703125,0
2017,6,10,19,54,29.6523371582031,0
2017,6,10,19,54,31.4582351074219,0
2017,6,10,19,54,33.2641499023438,0
2017,6,10,19,54,35.0701088867187,0
2017,6,10,19,54,36.8760229492188,0
2017,6,10,19,54,38.6819201660156,0
2017,6,10,19,54,40.4878520507812,0
2017,6,10,19,54,42.2936320800781,0
2017,6,10,19,54,44.0995739746094,0
2017,6,10,19,54,45.9053229980469,0
2017,6,10,19,54,47.7110158691406,0
2017,6,10,19,54,49.5167080078125,0
2017,6,10,19,54,51.3224741210937,0
2017,6,10,19,54,53.1283889160156,0
2017,6,10,19,54,54.9342380371094,0
2017,6,10,19,54,56.740076171875,0
2017,6,10,19,54,58.5459038085937,0
2017,6,10,19,55,0.351675048828125,0
2017,6,10,19,55,2.15748583984375,0
2017,6,10,19,55,3.9632919921875,0
2017,6,10,19,55,5.769078125,0
2017,6,10,19,55,7.5749599609375,0
2017,6,10,19,55,9.380916015625,0
2017,6,10,19,55,11.1866169433594,0
2017,6,10,19,55,12.9924050292969,0
2017,6,10,19,55,14.7982580566406,0
2017,6,10,19,55,16.6039860839844,0
2017,6,10,19,55,18.4098740234375,0
2017,6,10,19,55,20.2155891113281,0
2017,6,10,19,55,22.0213120117187,0
2017,6,10,19,55,23.8270400390625,0
2017,6,10,19,55,25.6328471679687,0
2017,6,10,19,55,27.4385668945312,0
2017,6,10,19,55,29.2445380859375,0
2017,6,10,19,55,31.0504748535156,0
2017,6,10,19,55,32.856169921875,0
2017,6,10,19,55,34.6621059570313,0
2017,6,10,19,55,36.4679760742187,0
2017,6,10,19,55,38.2737529296875,0
2017,6,10,19,55,40.0796850585938,0
2017,6,10,19,55,41.8854521484375,0
2017,6,10,19,55,43.6912829589844,0
2017,6,10,19,55,45.4971999511719,0
2017,6,10,19,55,47.3031298828125,0
2017,6,10,19,55,49.1091188964844,0
2017,6,10,19,55,50.9148391113281,0
2017,6,10,19,55,52.7205578613281,0
2017,6,10,19,55,54.5263859863281,0
2017,6,10,19,55,56.332076171875,0
2017,6,10,19,55,58.1379851074219,0
2017,6,10,19,55,59.9437438964844,0
2017,6,10,19,56,1.74946801757812,0
2017,6,10,19,56,3.55519506835937,0
2017,6,10,19,56,5.36088696289062,0
2017,6,10,19,56,7.16677587890625,0
2017,6,10,19,56,8.97253979492188,0
2017,6,10,19,56,10.7783151855469,0
2017,6,10,19,56,12.5842458496094,0
2017,6,10,19,56,14.3899382324219,0
2017,6,10,19,56,16.1956960449219,0
2017,6,10,19,56,18.0016401367187,0
2017,6,10,19,56,19.8075649414062,0
2017,6,10,19,56,21.6132578125,0
2017,6,10,19,56,23.4190891113281,0
2017,6,10,19,56,25.2250490722656,0
2017,6,10,19,56,27.0307829589844,0
2017,6,10,19,56,28.8367778320312,0
2017,6,10,19,56,30.6423881835937,0
2017,6,10,19,56,32.4481740722656,0
2017,6,10,19,56,34.2538618164062,0
2017,6,10,19,56,36.0596721191406,0
2017,6,10,19,56,37.8655068359375,0
2017,6,10,19,56,39.6712028808594,0
2017,6,10,19,56,41.4772839355469,0
2017,6,10,19,56,43.2830241699219,0
2017,6,10,19,56,45.0889130859375,0
2017,6,10,19,56,46.8946540527344,0
2017,6,10,19,56,48.7003720703125,0
2017,6,10,19,56,50.5061879882812,0
2017,6,10,19,56,52.3121408691406,0
2017,6,10,19,56,54.1181499023438,0
2017,6,10,19,56,55.9239658203125,0
2017,6,10,19,56,57.7296818847656,0
2017,6,10,19,56,59.5353940429687,0
2017,6,10,19,57,1.34109399414063,0
2017,6,10,19,57,3.14697509765625,0
2017,6,10,19,57,4.95283203125,0
2017,6,10,19,57,6.75856079101562,0
2017,6,10,19,57,8.56433203125,0
2017,6,10,19,57,10.370244140625,0
2017,6,10,19,57,12.1761838378906,0
2017,6,10,19,57,13.9818698730469,0
2017,6,10,19,57,15.7875729980469,0
2017,6,10,19,57,17.59329296875,0
2017,6,10,19,57,19.3990659179687,0
2017,6,10,19,57,21.2048930664062,0
2017,6,10,19,57,23.010798828125,0
2017,6,10,19,57,24.8165668945312,0
2017,6,10,19,57,26.6222700195312,0
2017,6,10,19,57,28.4280478515625,0
2017,6,10,19,57,30.2339201660156,0
2017,6,10,19,57,32.040705078125,0
2017,6,10,19,57,33.8464702148437,0
2017,6,10,19,57,35.6523950195312,0
2017,6,10,19,57,37.458298828125,0
2017,6,10,19,57,39.2642309570313,0
2017,6,10,19,57,41.0700900878906,0
2017,6,10,19,57,42.8760280761719,0
2017,6,10,19,57,44.6819438476562,0
2017,6,10,19,57,46.4877670898438,0
2017,6,10,19,57,48.2936889648438,0
2017,6,10,19,57,50.09941796875,0
2017,6,10,19,57,51.9052680664063,0
2017,6,10,19,57,53.7111188964844,0
2017,6,10,19,57,55.5170769042969,0
2017,6,10,19,57,57.322875,0
2017,6,10,19,57,59.1285859375,0
2017,6,10,19,58,0.93447314453125,0
2017,6,10,19,58,2.7404228515625,0
2017,6,10,19,58,4.5464111328125,0
2017,6,10,19,58,6.35215991210938,0
2017,6,10,19,58,8.1579111328125,0
2017,6,10,19,58,9.96360986328125,0
2017,6,10,19,58,11.7696809082031,0
2017,6,10,19,58,13.5756062011719,0
2017,6,10,19,58,15.3814809570313,0
2017,6,10,19,58,17.1874709472656,0
2017,6,10,19,58,18.9933779296875,0
2017,6,10,19,58,20.7991608886719,0
2017,6,10,19,58,22.6049111328125,0
2017,6,10,19,58,24.4106989746094,0
2017,6,10,19,58,26.2166281738281,0
2017,6,10,19,58,28.0224250488281,0
2017,6,10,19,58,29.8283459472656,0
2017,6,10,19,58,31.63429296875,0
2017,6,10,19,58,33.4402800292969,0
2017,6,10,19,58,35.24624609375,0
2017,6,10,19,58,37.0519560546875,0
2017,6,10,19,58,38.857708984375,0
2017,6,10,19,58,40.6634389648437,0
2017,6,10,19,58,42.4694050292969,0
2017,6,10,19,58,44.2753559570313,0
2017,6,10,19,58,46.0812622070313,0
2017,6,10,19,58,47.8870280761719,0
2017,6,10,19,58,49.6929431152344,0
2017,6,10,19,58,51.4987409667969,0
2017,6,10,19,58,53.3046511230469,0
2017,6,10,19,58,55.110578125,0
2017,6,10,19,58,56.9162290039063,0
2017,6,10,19,58,58.7219638671875,0
2017,6,10,19,59,0.5279130859375,0
2017,6,10,19,59,2.3338671875,0
2017,6,10,19,59,4.13965380859375,0
2017,6,10,19,59,5.94556396484375,0
2017,6,10,19,59,7.75168212890625,0
2017,6,10,19,59,9.55758813476563,0
2017,6,10,19,59,11.3635009765625,0
2017,6,10,19,59,13.1694519042969,0
2017,6,10,19,59,14.9752858886719,0
2017,6,10,19,59,16.7811638183594,0
2017,6,10,19,59,18.586826171875,0
2017,6,10,19,59,20.3925720214844,0
2017,6,10,19,59,22.1982719726563,0
2017,6,10,19,59,24.0040869140625,0
2017,6,10,19,59,25.8099118652344,0
2017,6,10,19,59,27.6158669433594,0
2017,6,10,19,59,29.4218818359375,0
2017,6,10,19,59,31.2275791015625,0
2017,6,10,19,59,33.033505859375,0
2017,6,10,19,59,34.8392451171875,0
2017,6,10,19,59,36.6450068359375,0
2017,6,10,19,59,38.4508940429687,0
2017,6,10,19,59,40.2568349609375,1
2017,6,10,19,59,42.0627919921875,1
2017,6,10,19,59,43.8685988769531,1
2017,6,10,19,59,45.6745700683594,1
2017,6,10,19,59,47.4805368652344,1
2017,6,10,19,59,49.2862761230469,1
2017,6,10,19,59,51.0922639160156,1
2017,6,10,19,59,52.8981298828125,1
2017,6,10,19,59,54.7038779296875,1
2017,6,10,19,59,56.509740234375,1
2017,6,10,19,59,58.3155190429688,1
2017,6,10,20,0,0.12131494140625,1
2017,6,10,20,0,1.92704516601562,1
2017,6,10,20,0,3.73285693359375,1
2017,6,10,20,0,5.53869384765625,1
2017,6,10,20,0,7.34455883789063,1
2017,6,10,20,0,9.15048291015625,1
2017,6,10,20,0,10.9563850097656,1
2017,6,10,20,0,12.7621770019531,1
2017,6,10,20,0,14.5680708007812,1
2017,6,10,20,0,16.3753220214844,1
2017,6,10,20,0,18.1811799316406,1
2017,6,10,20,0,19.9869689941406,1
2017,6,10,20,0,21.7928369140625,1
2017,6,10,20,0,23.5985849609375,1
2017,6,10,20,0,25.4043200683594,1
2017,6,10,20,0,27.2102280273437,1
2017,6,10,20,0,29.0159089355469,1
2017,6,10,20,0,30.8217060546875,1
2017,6,10,20,0,32.6275480957031,1
2017,6,10,20,0,34.4335971679687,1
2017,6,10,20,0,36.2395310058594,1
2017,6,10,20,0,38.0453291015625,1
2017,6,10,20,0,39.8510539550781,1
2017,6,10,20,0,41.6568830566406,1
2017,6,10,20,0,43.4625830078125,1
2017,6,10,20,0,45.2683989257812,1
2017,6,10,20,0,47.0743488769531,0
2017,6,10,20,0,48.8802399902344,0
2017,6,10,20,0,50.6861811523437,1
2017,6,10,20,0,52.4921000976562,1
2017,6,10,20,0,54.2978449707031,1
2017,6,10,20,0,56.1038400878906,1
2017,6,10,20,0,57.9095290527344,1
2017,6,10,20,0,59.71808203125,1
2017,6,10,20,1,1.52399609375,1
2017,6,10,20,1,3.32985302734375,1
2017,6,10,20,1,5.13560302734375,1
2017,6,10,20,1,6.9414599609375,1
2017,6,10,20,1,8.74744018554687,1
2017,6,10,20,1,10.5531960449219,1
2017,6,10,20,1,12.35896484375,1
2017,6,10,20,1,14.1648139648438,1
2017,6,10,20,1,15.9706198730469,1
2017,6,10,20,1,17.7763317871094,1
2017,6,10,20,1,19.5821970214844,1
2017,6,10,20,1,21.3879079589844,1
2017,6,10,20,1,23.1937570800781,1
2017,6,10,20,1,24.9995471191406,1
2017,6,10,20,1,26.8052700195312,1
2017,6,10,20,1,28.611251953125,1
2017,6,10,20,1,30.4170339355469,1
2017,6,10,20,1,32.22292578125,1
2017,6,10,20,1,34.0286440429688,1
2017,6,10,20,1,35.8350588378906,1
2017,6,10,20,1,37.6403469238281,1
2017,6,10,20,1,39.4462138671875,0
2017,6,10,20,1,41.2521118164062,0
2017,6,10,20,1,43.0579409179688,0
2017,6,10,20,1,44.8637158203125,0
2017,6,10,20,1,46.6695190429688,0
2017,6,10,20,1,48.4754428710937,0
2017,6,10,20,1,50.2812348632812,0
2017,6,10,20,1,52.086958984375,0
2017,6,10,20,1,53.892873046875,0
2017,6,10,20,1,55.6988530273438,0
2017,6,10,20,1,57.5045400390625,0
2017,6,10,20,1,59.3104602050781,0
2017,6,10,20,2,1.11626513671875,0
2017,6,10,20,2,2.92223681640625,0
2017,6,10,20,2,4.728203125,0
2017,6,10,20,2,6.53398486328125,0
2017,6,10,20,2,8.33993701171875,0
2017,6,10,20,2,10.1458198242187,0
2017,6,10,20,2,11.9515759277344,0
2017,6,10,20,2,13.75733984375,0
2017,6,10,20,2,15.5632451171875,0
2017,6,10,20,2,17.3690791015625,0
2017,6,10,20,2,19.174998046875,0
2017,6,10,20,2,20.9808828125,0
2017,6,10,20,2,22.78679296875,0
2017,6,10,20,2,24.5926010742187,0
2017,6,10,20,2,26.3983791503906,0
2017,6,10,20,2,28.2043010253906,0
2017,6,10,20,2,30.0101040039062,0
2017,6,10,20,2,31.8159748535156,0
2017,6,10,20,2,33.6216799316406,0
2017,6,10,20,2,35.427369140625,0
2017,6,10,20,2,37.2332438964844,0
2017,6,10,20,2,39.0392138671875,0
2017,6,10,20,2,40.8450910644531,0
2017,6,10,20,2,42.6509650878906,0
2017,6,10,20,2,44.4569299316406,1
2017,6,10,20,2,46.2626989746094,1
2017,6,10,20,2,48.068625,1
2017,6,10,20,2,49.8743940429688,1
2017,6,10,20,2,51.6801550292969,1
2017,6,10,20,2,53.4858430175781,1
2017,6,10,20,2,55.2916611328125,1
2017,6,10,20,2,57.0976411132812,1
2017,6,10,20,2,58.9034987792969,1
2017,6,10,20,3,0.709446044921875,1
2017,6,10,20,3,2.51527905273438,1
2017,6,10,20,3,4.32109912109375,1
2017,6,10,20,3,6.1268740234375,1
2017,6,10,20,3,7.93263598632813,1
2017,6,10,20,3,9.73857299804687,1
2017,6,10,20,3,11.5443278808594,1
2017,6,10,20,3,13.3502841796875,1
2017,6,10,20,3,15.1559719238281,1
2017,6,10,20,3,16.9619060058594,1
2017,6,10,20,3,18.7678298339844,1
2017,6,10,20,3,20.5736120605469,1
2017,6,10,20,3,22.3799860839844,1
2017,6,10,20,3,24.1857299804688,1
2017,6,10,20,3,25.9917170410156,1
2017,6,10,20,3,27.7977868652344,1
2017,6,10,20,3,29.6033908691406,1
2017,6,10,20,3,31.409203125,1
2017,6,10,20,3,33.2149919433594,1
2017,6,10,20,3,35.0209428710938,1
2017,6,10,20,3,36.8267419433594,1
2017,6,10,20,3,38.6325632324219,1
2017,6,10,20,3,40.4384001464844,1
2017,6,10,20,3,42.250498046875,1
2017,6,10,20,3,44.0564421386719,1
2017,6,10,20,3,45.8623308105469,1
2017,6,10,20,3,47.668291015625,1
2017,6,10,20,3,49.4739169921875,1
2017,6,10,20,3,51.279828125,1
2017,6,10,20,3,53.0856809082031,1
2017,6,10,20,3,54.8915559082031,1
2017,6,10,20,3,56.6973381347656,1
2017,6,10,20,3,58.5030939941406,1
2017,6,10,20,4,0.309427001953125,1
2017,6,10,20,4,2.11523706054688,1
2017,6,10,20,4,3.92122509765625,1
2017,6,10,20,4,5.7270478515625,1
2017,6,10,20,4,7.53292895507813,1
2017,6,10,20,4,9.339005859375,1
2017,6,10,20,4,11.144828125,1
2017,6,10,20,4,12.9505920410156,1
2017,6,10,20,4,14.7564790039063,1
2017,6,10,20,4,16.5621691894531,1
2017,6,10,20,4,18.3680061035156,1
2017,6,10,20,4,20.1739709472656,1
2017,6,10,20,4,21.9798220214844,1
2017,6,10,20,4,23.7856669921875,1
2017,6,10,20,4,25.5913649902344,1
2017,6,10,20,4,27.3972229003906,1
2017,6,10,20,4,29.2032102050781,1
2017,6,10,20,4,31.0091049804687,1
2017,6,10,20,4,32.8149978027344,1
2017,6,10,20,4,34.620783203125,1
2017,6,10,20,4,36.4264760742187,1
2017,6,10,20,4,38.2324677734375,1
2017,6,10,20,4,40.0383610839844,1
2017,6,10,20,4,41.8441491699219,1
2017,6,10,20,4,43.6502719726562,1
2017,6,10,20,4,45.456041015625,1
2017,6,10,20,4,47.2620070800781,1
2017,6,10,20,4,49.067916015625,1
2017,6,10,20,4,50.8736628417969,1
2017,6,10,20,4,52.6793930664062,1
2017,6,10,20,4,54.4853430175781,1
2017,6,10,20,4,56.291255859375,1
2017,6,10,20,4,58.0971401367187,1
2017,6,10,20,4,59.9029289550781,1
2017,6,10,20,5,1.70867407226562,1
2017,6,10,20,5,3.51441796875,1
2017,6,10,20,5,5.32044091796875,1
2017,6,10,20,5,7.13304296875,1
2017,6,10,20,5,8.938958984375,1
2017,6,10,20,5,10.7448908691406,1
2017,6,10,20,5,12.5509250488281,1
2017,6,10,20,5,14.356880859375,1
2017,6,10,20,5,16.1625969238281,1
2017,6,10,20,5,17.96850390625,1
2017,6,10,20,5,19.7743029785156,1
2017,6,10,20,5,21.5800349121094,1
2017,6,10,20,5,23.3860029296875,1
2017,6,10,20,5,25.1918029785156,1
2017,6,10,20,5,26.9975070800781,1
2017,6,10,20,5,28.8032939453125,1
2017,6,10,20,5,30.60925,1
2017,6,10,20,5,32.4151809082031,1
2017,6,10,20,5,34.221126953125,1
2017,6,10,20,5,36.0268291015625,1
2017,6,10,20,5,37.8327788085938,1
2017,6,10,20,5,39.6385600585937,1
2017,6,10,20,5,41.4444521484375,1
2017,6,10,20,5,43.2502797851563,1
2017,6,10,20,5,45.0562099609375,1
2017,6,10,20,5,46.86204296875,1
2017,6,10,20,5,48.6680190429688,1
2017,6,10,20,5,50.4738039550781,1
2017,6,10,20,5,52.2797290039062,1
2017,6,10,20,5,54.0854340820312,1
2017,6,10,20,5,55.8914599609375,1
2017,6,10,20,5,57.6972309570313,1
2017,6,10,20,5,59.5029919433594,1
2017,6,10,20,6,1.30872802734375,1
2017,6,10,20,6,3.1146220703125,1
2017,6,10,20,6,4.92060400390625,1
2017,6,10,20,6,6.7264189453125,1
2017,6,10,20,6,8.53235107421875,1
2017,6,10,20,6,10.3382260742188,1
2017,6,10,20,6,12.1442060546875,1
2017,6,10,20,6,13.9500239257813,1
2017,6,10,20,6,15.7557338867187,1
2017,6,10,20,6,17.5614440917969,1
2017,6,10,20,6,19.3673520507812,1
2017,6,10,20,6,21.1733510742188,1
2017,6,10,20,6,22.9793149414063,1
2017,6,10,20,6,24.7850629882813,1
2017,6,10,20,6,26.5908168945313,1
2017,6,10,20,6,28.3965219726562,1
2017,6,10,20,6,30.2024150390625,1
2017,6,10,20,6,32.0223000488281,1
2017,6,10,20,6,33.8282570800781,1
2017,6,10,20,6,35.6341169433594,1
2017,6,10,20,6,37.4399479980469,1
2017,6,10,20,6,39.2459240722656,1
2017,6,10,20,6,41.0518220214844,1
2017,6,10,20,6,42.8578039550781,1
2017,6,10,20,6,44.6636501464844,1
2017,6,10,20,6,46.4695288085938,1
2017,6,10,20,6,48.2754770507812,1
2017,6,10,20,6,50.081208984375,1
2017,6,10,20,6,51.8869609375,1
2017,6,10,20,6,53.6928879394531,1
2017,6,10,20,6,55.4986311035156,1
2017,6,10,20,6,57.3044699707031,1
2017,6,10,20,6,59.1109409179687,1
2017,6,10,20,7,0.91610107421875,1
2017,6,10,20,7,2.72194409179688,1
2017,6,10,20,7,4.52788305664062,1
2017,6,10,20,7,6.33375317382812,1
2017,6,10,20,7,8.13955590820312,1
2017,6,10,20,7,9.945326171875,1
2017,6,10,20,7,11.7511069335937,1
2017,6,10,20,7,13.5568850097656,1
2017,6,10,20,7,15.3626411132812,1
2017,6,10,20,7,17.1686259765625,1
2017,6,10,20,7,18.974451171875,1
2017,6,10,20,7,20.7803520507813,1
2017,6,10,20,7,22.5861359863281,1
2017,6,10,20,7,24.3920258789062,1
2017,6,10,20,7,26.1978681640625,1
2017,6,10,20,7,28.0037189941406,1
2017,6,10,20,7,29.8096931152344,1
2017,6,10,20,7,31.6156740722656,1
2017,6,10,20,7,33.4214699707031,1
2017,6,10,20,7,35.2273828125,1
2017,6,10,20,7,37.0332590332031,1
2017,6,10,20,7,38.839125,1
2017,6,10,20,7,40.6449338378906,1
2017,6,10,20,7,42.4508000488281,1
2017,6,10,20,7,44.2564868164063,0
2017,6,10,20,7,46.0623369140625,0
2017,6,10,20,7,47.8682739257813,0
2017,6,10,20,7,49.6741108398437,0
2017,6,10,20,7,51.4800778808594,0
2017,6,10,20,7,53.2858601074219,0
2017,6,10,20,7,55.0918149414062,0
2017,6,10,20,7,56.8975100097656,0
2017,6,10,20,7,58.7033688964844,0
2017,6,10,20,8,0.50933203125,0
2017,6,10,20,8,2.31535107421875,0
2017,6,10,20,8,4.121125,0
2017,6,10,20,8,5.92681787109375,0
2017,6,10,20,8,7.7327958984375,0
2017,6,10,20,8,9.53864501953125,0
2017,6,10,20,8,11.3445649414063,0
2017,6,10,20,8,13.1503969726562,0
2017,6,10,20,8,14.9562932128906,0
2017,6,10,20,8,16.762,0
2017,6,10,20,8,18.5679379882813,0
2017,6,10,20,8,20.3738999023438,0
2017,6,10,20,8,22.1796838378906,0
2017,6,10,20,8,23.9854909667969,0
2017,6,10,20,8,25.7912109375,0
2017,6,10,20,8,27.5970329589844,0
2017,6,10,20,8,29.4029609375,0
2017,6,10,20,8,31.2089099121094,0
2017,6,10,20,8,33.0147158203125,0
2017,6,10,20,8,34.82044921875,0
2017,6,10,20,8,36.6264990234375,0
2017,6,10,20,8,38.4321970214844,0
2017,6,10,20,8,40.2379709472656,0
2017,6,10,20,8,42.0437939453125,0
2017,6,10,20,8,43.849541015625,0
2017,6,10,20,8,45.6554870605469,0
2017,6,10,20,8,47.4612299804688,0
2017,6,10,20,8,49.2669711914062,0
2017,6,10,20,8,51.0728181152344,0
2017,6,10,20,8,52.8787041015625,0
2017,6,10,20,8,54.6846450195313,0
2017,6,10,20,8,56.4905778808594,0
2017,6,10,20,8,58.2964711914062,0
2017,6,10,20,9,0.102137939453125,0
2017,6,10,20,9,1.90796899414063,0
2017,6,10,20,9,3.71384594726563,0
2017,6,10,20,9,5.519705078125,0
2017,6,10,20,9,7.32561206054687,0
2017,6,10,20,9,9.1314599609375,0
2017,6,10,20,9,10.9373620605469,0
2017,6,10,20,9,12.7432319335937,0
2017,6,10,20,9,14.5490930175781,0
2017,6,10,20,9,16.354998046875,0
2017,6,10,20,9,18.1608620605469,0
2017,6,10,20,9,19.9665620117188,0
2017,6,10,20,9,21.7723940429687,0
2017,6,10,20,9,23.5782319335937,0
2017,6,10,20,9,25.3842160644531,0
2017,6,10,20,9,27.1899970703125,0
2017,6,10,20,9,28.9957138671875,0
2017,6,10,20,9,30.8016879882813,0
2017,6,10,20,9,32.6075100097656,0
2017,6,10,20,9,34.4132048339844,0
2017,6,10,20,9,36.2188889160156,0
2017,6,10,20,9,38.024751953125,0
2017,6,10,20,9,39.8306789550781,0
2017,6,10,20,9,41.6366359863281,0
2017,6,10,20,9,43.4424140625,0
2017,6,10,20,9,45.2484650878906,0
2017,6,10,20,9,47.0543361816406,0
2017,6,10,20,9,48.8602419433594,0
2017,6,10,20,9,50.6660219726563,0
2017,6,10,20,9,52.4718720703125,0
2017,6,10,20,9,54.2776301269531,0
2017,6,10,20,9,56.0835239257813,0
2017,6,10,20,9,57.8906911621094,0
2017,6,10,20,9,59.6966579589844,0
2017,6,10,20,10,1.50247778320312,0
2017,6,10,20,10,3.3084990234375,0
2017,6,10,20,10,5.11435888671875,0
2017,6,10,20,10,6.920248046875,0
2017,6,10,20,10,8.72615185546875,0
2017,6,10,20,10,10.5319409179688,0
2017,6,10,20,10,12.3376760253906,0
2017,6,10,20,10,14.1436560058594,0
2017,6,10,20,10,15.9494890136719,0
2017,6,10,20,10,17.7554699707031,0
2017,6,10,20,10,19.5612121582031,0
2017,6,10,20,10,21.371208984375,0
2017,6,10,20,10,23.1770361328125,0
2017,6,10,20,10,24.9828979492187,0
2017,6,10,20,10,26.7889641113281,0
2017,6,10,20,10,28.5948229980469,0
2017,6,10,20,10,30.4005261230469,0
2017,6,10,20,10,32.2064140625,0
2017,6,10,20,10,34.0122819824219,0
2017,6,10,20,10,35.818037109375,0
2017,6,10,20,10,37.6237631835938,0
2017,6,10,20,10,39.4297658691406,0
2017,6,10,20,10,41.2355119628906,0
2017,6,10,20,10,43.0413400878906,0
2017,6,10,20,10,44.8473310546875,0
2017,6,10,20,10,46.6530559082031,0
2017,6,10,20,10,48.4589680175781,0
2017,6,10,20,10,50.2648859863281,0
2017,6,10,20,10,52.0707331542969,0
2017,6,10,20,10,53.8766870117188,0
2017,6,10,20,10,55.6825590820312,0
2017,6,10,20,10,57.4884340820312,0
2017,6,10,20,10,59.2942258300781,0
2017,6,10,20,11,1.1000458984375,0
2017,6,10,20,11,2.90585302734375,0
2017,6,10,20,11,4.711837890625,0
2017,6,10,20,11,6.51767407226563,0
2017,6,10,20,11,8.32361303710938,0
2017,6,10,20,11,10.129544921875,0
2017,6,10,20,11,11.9354260253906,0
2017,6,10,20,11,13.7412478027344,0
2017,6,10,20,11,15.5470700683594,0
2017,6,10,20,11,17.3528859863281,0
2017,6,10,20,11,19.1586579589844,0
2017,6,10,20,11,20.9646259765625,0
2017,6,10,20,11,22.7710590820313,0
2017,6,10,20,11,24.5768598632812,0
2017,6,10,20,11,26.3826049804687,0
2017,6,10,20,11,28.1883088378906,0
2017,6,10,20,11,29.9941198730469,0
2017,6,10,20,11,31.800044921875,0
2017,6,10,20,11,33.6059001464844,0
2017,6,10,20,11,35.4117561035156,0
2017,6,10,20,11,37.2174548339844,0
2017,6,10,20,11,39.0231999511719,0
2017,6,10,20,11,40.8290961914063,0
2017,6,10,20,11,42.63495703125,0
2017,6,10,20,11,44.4409069824219,0
2017,6,10,20,11,46.2531818847656,0
2017,6,10,20,11,48.0589099121094,0
2017,6,10,20,11,49.8646040039063,0
2017,6,10,20,11,51.6703039550781,0
2017,6,10,20,14,25.6248259277344,0
2017,6,10,20,14,27.430541015625,0
2017,6,10,20,14,29.5426650390625,0
2017,6,10,20,14,31.4250139160156,0
2017,6,10,20,14,33.3350739746094,0
2017,6,10,20,14,35.2726171875,0
2017,6,10,20,14,37.2493610839844,0
2017,6,10,20,14,39.1204240722656,0
2017,6,10,20,14,40.9495981445313,0
2017,6,10,20,14,42.7554289550781,0
2017,6,10,20,14,44.6182150878906,0
2017,6,10,20,14,46.4241750488281,0
2017,6,10,20,14,48.285494140625,0
2017,6,10,20,14,50.2260129394531,0
2017,6,10,20,14,52.237533203125,0
2017,6,10,20,14,54.1473032226562,0
2017,6,10,20,14,55.993546875,0
2017,6,10,20,14,58.0371340332031,0
2017,6,10,20,14,59.9258940429687,0
2017,6,10,20,15,2.0150361328125,0
2017,6,10,20,15,3.9660859375,0
2017,6,10,20,15,5.77197778320313,0
2017,6,10,20,15,7.65065283203125,0
2017,6,10,20,15,9.6697431640625,0
2017,6,10,20,15,11.5665810546875,0
2017,6,10,20,15,13.3723869628906,0
2017,6,10,20,15,15.2881628417969,0
2017,6,10,20,15,17.1164450683594,0
2017,6,10,20,15,19.1680959472656,0
2017,6,10,20,15,21.0042119140625,0
2017,6,10,20,15,22.93671484375,0
2017,6,10,20,15,24.8684331054687,0
2017,6,10,20,15,26.8945561523437,0
2017,6,10,20,15,28.7004768066406,0
2017,6,10,20,15,30.6174050292969,0
2017,6,10,20,15,32.4828688964844,0
2017,6,10,20,15,34.671376953125,0
2017,6,10,20,15,36.6170061035156,0
2017,6,10,20,15,38.5801320800781,0
2017,6,10,20,15,40.8109509277344,0
2017,6,10,20,15,42.617091796875,0
2017,6,10,20,15,44.6496159667969,0
2017,6,10,20,15,46.5985688476563,0
2017,6,10,20,15,48.5272810058594,0
2017,6,10,20,15,50.5168718261719,0
2017,6,10,20,15,52.3352238769531,0
2017,6,10,20,15,54.2112189941406,0
2017,6,10,20,15,56.0888369140625,0
2017,6,10,20,15,57.9377939453125,0
2017,6,10,20,15,59.744041015625,0
2017,6,10,20,16,1.68786181640625,0
2017,6,10,20,16,3.50217504882812,0
2017,6,10,20,16,5.45647094726563,0
2017,6,10,20,16,7.298037109375,0
2017,6,10,20,16,9.29290795898437,0
2017,6,10,20,16,11.158125,0
2017,6,10,20,16,12.9640590820313,0
2017,6,10,20,16,14.9765190429688,0
2017,6,10,20,16,16.8218229980469,0
2017,6,10,20,16,18.6631801757812,0
2017,6,10,20,16,20.6032131347656,0
2017,6,10,20,16,22.4195590820312,0
2017,6,10,20,16,24.2988029785156,0
2017,6,10,20,16,26.3924418945312,0
2017,6,10,20,16,28.2012329101562,0
2017,6,10,20,16,30.0982529296875,0
2017,6,10,20,16,32.0654931640625,0
2017,6,10,20,16,33.9390219726562,0
2017,6,10,20,16,36.1086540527344,0
2017,6,10,20,16,37.9392731933594,0
2017,6,10,20,16,39.744962890625,0
2017,6,10,20,16,41.5912609863281,0
2017,6,10,20,16,43.3969777832031,0
2017,6,10,20,16,45.4621279296875,0
2017,6,10,20,16,47.3359780273437,0
2017,6,10,20,16,49.1417697753906,0
2017,6,10,20,16,50.9474848632812,0
2017,6,10,20,16,52.7534289550781,0
2017,6,10,20,16,54.5594411621094,0
2017,6,10,20,16,56.6121030273437,0
2017,6,10,20,16,58.4236760253906,0
2017,6,10,20,17,0.449846923828125,0
2017,6,10,20,17,2.38393212890625,0
2017,6,10,20,17,4.33334204101562,0
2017,6,10,20,17,6.14268994140625,0
2017,6,10,20,17,7.948669921875,0
2017,6,10,20,17,9.91467895507813,0
2017,6,10,20,17,11.9206850585938,0
2017,6,10,20,17,13.7264431152344,0
2017,6,10,20,17,15.6575378417969,0
2017,6,10,20,17,17.4657280273438,0
2017,6,10,20,17,19.3433498535156,0
2017,6,10,20,17,21.4168110351563,0
2017,6,10,20,17,23.3207841796875,0
2017,6,10,20,17,25.2574602050781,0
2017,6,10,20,17,27.2561750488281,0
2017,6,10,20,17,29.0680908203125,0
2017,6,10,20,17,30.9407080078125,0
2017,6,10,20,17,32.91196484375,1
2017,6,10,20,17,34.7177209472656,1
2017,6,10,20,17,36.572083984375,2
2017,6,10,20,17,38.5028659667969,2
2017,6,10,20,17,40.615546875,2
2017,6,10,20,17,42.4339951171875,2
2017,6,10,20,17,44.326244140625,2
2017,6,10,20,17,46.1413828125,2
2017,6,10,20,17,47.9471130371094,2
2017,6,10,20,17,49.9074880371094,2
2017,6,10,20,17,51.7133439941406,1
2017,6,10,20,17,53.5913039550781,1
2017,6,10,20,17,55.6455920410156,0
2017,6,10,20,17,57.5614189453125,0
2017,6,10,20,17,59.367333984375,0
2017,6,10,20,18,1.52144604492187,0
2017,6,10,20,18,3.40609912109375,0
2017,6,10,20,18,5.3826240234375,0
2017,6,10,20,18,7.29836010742187,0
2017,6,10,20,18,9.15863305664062,0
2017,6,10,20,18,11.1805651855469,0
2017,6,10,20,18,13.0436389160156,0
2017,6,10,20,18,14.9509211425781,0
2017,6,10,20,18,16.942919921875,0
2017,6,10,20,18,18.8373400878906,0
2017,6,10,20,18,20.7548239746094,0
2017,6,10,20,18,22.6222041015625,0
2017,6,10,20,18,24.5669848632812,0
2017,6,10,20,18,26.6554201660156,0
2017,6,10,20,18,28.6025358886719,0
2017,6,10,20,18,30.5197700195313,0
2017,6,10,20,18,32.4321647949219,0
2017,6,10,20,18,34.5028869628906,0
2017,6,10,20,18,36.308873046875,0
2017,6,10,20,18,38.1148400878906,0
2017,6,10,20,18,39.9206481933594,0
2017,6,10,20,18,41.7264831542969,0
2017,6,10,20,18,43.5324020996094,0
2017,6,10,20,18,45.3382329101563,0
2017,6,10,20,18,47.1439599609375,0
2017,6,10,20,18,48.9499140625,0
2017,6,10,20,18,50.7558459472656,0
2017,6,10,20,18,52.5617819824219,0
2017,6,10,20,18,54.3676418457031,0
2017,6,10,20,18,56.1736198730469,0
2017,6,10,20,18,57.9796020507813,0
2017,6,10,20,18,59.7853999023437,0
2017,6,10,20,19,1.59123803710937,0
2017,6,10,20,19,3.39697778320313,0
2017,6,10,20,19,5.20293505859375,0
2017,6,10,20,19,7.01014404296875,0
2017,6,10,20,19,8.81586694335937,0
2017,6,10,20,19,10.6216782226563,0
2017,6,10,20,19,12.4355358886719,0
2017,6,10,20,19,14.2413559570312,0
2017,6,10,20,19,16.0472380371094,0
2017,6,10,20,19,17.8530668945312,0
2017,6,10,20,19,19.6586770019531,0
2017,6,10,20,19,21.4645510253906,0
2017,6,10,20,19,23.2702849121094,0
2017,6,10,20,19,25.0761149902344,0
2017,6,10,20,19,26.8819709472656,0
2017,6,10,20,19,28.687869140625,0
2017,6,10,20,19,30.4937980957031,0
2017,6,10,20,19,32.2995541992187,0
2017,6,10,20,19,34.1060590820313,0
2017,6,10,20,19,35.9119008789063,0
2017,6,10,20,19,37.7176831054688,0
2017,6,10,20,19,39.5237680664062,0
2017,6,10,20,19,41.3296967773437,0
2017,6,10,20,19,43.1356359863281,0
2017,6,10,20,19,44.9415090332031,0
2017,6,10,20,19,46.7474091796875,0
2017,6,10,20,19,48.5533198242187,0
2017,6,10,20,19,50.3590549316406,0
2017,6,10,20,19,52.1650568847656,0
2017,6,10,20,19,53.9709091796875,0
2017,6,10,20,19,55.7766540527344,0
2017,6,10,20,19,57.5826420898438,0
2017,6,10,20,19,59.3884580078125,0
2017,6,10,20,20,1.19444799804687,0
2017,6,10,20,20,3.00029907226563,0
2017,6,10,20,20,4.80626708984375,0
2017,6,10,20,20,6.61200903320313,0
2017,6,10,20,20,8.41791796875,0
2017,6,10,20,20,10.2236130371094,0
2017,6,10,20,20,12.0295461425781,0
2017,6,10,20,20,13.8354038085937,0
2017,6,10,20,20,15.6413129882812,0
2017,6,10,20,20,17.4471518554687,0
2017,6,10,20,20,19.2531130371094,0
2017,6,10,20,20,21.0590769042969,0
2017,6,10,20,20,22.8650361328125,0
2017,6,10,20,20,24.6708190917969,0
2017,6,10,20,20,26.4765261230469,0
2017,6,10,20,20,28.28225390625,0
2017,6,10,20,20,30.0881091308594,0
2017,6,10,20,20,31.8940378417969,0
2017,6,10,20,20,33.6997238769531,0
2017,6,10,20,20,35.5055881347656,0
2017,6,10,20,20,37.3174890136719,0
2017,6,10,20,20,39.1233410644531,0
2017,6,10,20,20,40.9290490722656,0
2017,6,10,20,20,42.7348330078125,0
2017,6,10,20,20,44.5405148925781,0
2017,6,10,20,20,46.3463371582031,0
2017,6,10,20,20,48.1521311035156,0
2017,6,10,20,20,49.957876953125,0
2017,6,10,20,20,51.7637980957031,0
2017,6,10,20,20,53.5694948730469,0
2017,6,10,20,20,55.375587890625,0
2017,6,10,20,20,57.1814560546875,0
2017,6,10,20,20,58.9872370605469,0
2017,6,10,20,21,0.793095947265625,0
2017,6,10,20,21,2.59905200195313,0
2017,6,10,20,21,4.40494287109375,0
2017,6,10,20,21,6.21079614257812,0
2017,6,10,20,21,8.01681713867188,0
2017,6,10,20,21,9.8227060546875,0
2017,6,10,20,21,11.6284389648438,0
2017,6,10,20,21,13.4341879882813,0
2017,6,10,20,21,15.2400229492187,0
2017,6,10,20,21,17.0457109375,0
2017,6,10,20,21,18.8515151367187,0
2017,6,10,20,21,20.6572722167969,0
2017,6,10,20,21,22.4630729980469,0
2017,6,10,20,21,24.2688630371094,0
2017,6,10,20,21,26.0746850585938,0
2017,6,10,20,21,27.8806259765625,0
2017,6,10,20,21,29.6863178710937,0
2017,6,10,20,21,31.4921870117188,0
2017,6,10,20,21,33.2979470214844,0
2017,6,10,20,21,35.1037690429688,0
2017,6,10,20,21,36.9095681152344,0
2017,6,10,20,21,38.7154729003906,0
2017,6,10,20,21,40.5214108886719,0
2017,6,10,20,21,42.3273920898437,0
2017,6,10,20,21,44.133203125,0
2017,6,10,20,21,45.9391220703125,0
2017,6,10,20,21,47.7448161621094,0
2017,6,10,20,21,49.5507189941406,0
2017,6,10,20,21,51.3565700683594,0
2017,6,10,20,21,53.1625200195313,0
2017,6,10,20,21,54.9683349609375,0
2017,6,10,20,21,56.7740859375,0
2017,6,10,20,21,58.5799790039063,0
2017,6,10,20,22,0.385703125,0
2017,6,10,20,22,2.19168896484375,0
2017,6,10,20,22,3.99767578125,0
2017,6,10,20,22,5.80338012695313,0
2017,6,10,20,22,7.61048095703125,0
2017,6,10,20,22,9.416421875,0
2017,6,10,20,22,11.2221169433594,0
2017,6,10,20,22,13.0281450195312,0
2017,6,10,20,22,14.8339641113281,0
2017,6,10,20,22,16.6397751464844,0
2017,6,10,20,22,18.4456870117187,0
2017,6,10,20,22,20.2516760253906,0
2017,6,10,20,22,22.0575280761719,0
2017,6,10,20,22,23.8634829101563,0
2017,6,10,20,22,25.6693298339844,0
2017,6,10,20,22,27.4806398925781,0
2017,6,10,20,22,29.2864799804688,0
2017,6,10,20,22,31.0924079589844,0
2017,6,10,20,22,32.8984958496094,0
2017,6,10,20,22,34.7041030273437,0
2017,6,10,20,22,36.5098039550781,0
2017,6,10,20,22,38.3155620117187,0
2017,6,10,20,22,40.1215119628906,0
2017,6,10,20,22,41.927419921875,0
2017,6,10,20,22,43.7331271972656,0
2017,6,10,20,22,45.5389321289062,0
2017,6,10,20,22,47.3446040039062,0
2017,6,10,20,22,49.1504221191406,0
2017,6,10,20,22,50.9561501464844,0
2017,6,10,20,22,52.7621391601563,0
2017,6,10,20,22,54.5679479980469,0
2017,6,10,20,22,56.3738540039063,0
2017,6,10,20,22,58.1796469726563,0
2017,6,10,20,22,59.9855830078125,0
2017,6,10,20,23,1.79132788085938,0
2017,6,10,20,23,3.59706811523438,0
2017,6,10,20,23,5.402798828125,0
2017,6,10,20,23,7.20852587890625,0
2017,6,10,20,23,9.01422802734375,0
2017,6,10,20,23,10.82041796875,0
2017,6,10,20,23,12.6261137695312,0
2017,6,10,20,23,14.4319140625,0
2017,6,10,20,23,16.2376169433594,0
2017,6,10,20,23,18.0433701171875,0
2017,6,10,20,23,19.8493500976562,0
2017,6,10,20,23,21.6551279296875,0
2017,6,10,20,23,23.4608291015625,0
2017,6,10,20,23,25.2667849121094,0
2017,6,10,20,23,27.0725930175781,0
2017,6,10,20,23,28.8783081054688,0
2017,6,10,20,23,30.6841198730469,0
2017,6,10,20,23,32.4901240234375,0
2017,6,10,20,23,34.2960358886719,0
2017,6,10,20,23,36.1018071289063,0
2017,6,10,20,23,37.9077900390625,0
2017,6,10,20,23,39.7134909667969,0
2017,6,10,20,23,41.5192028808594,0
2017,6,10,20,23,43.3249130859375,0
2017,6,10,20,23,45.1307590332031,0
2017,6,10,20,23,46.9367370605469,0
2017,6,10,20,23,48.7425310058594,0
2017,6,10,20,23,50.5482548828125,0
2017,6,10,20,23,52.3635649414063,0
2017,6,10,20,23,54.169455078125,0
2017,6,10,20,23,55.9752941894531,0
2017,6,10,20,23,57.78112890625,0
2017,6,10,20,23,59.5869770507813,0
2017,6,10,20,24,1.392666015625,0
2017,6,10,20,24,3.198626953125,0
2017,6,10,20,24,5.00454809570313,0
2017,6,10,20,24,6.810287109375,0
2017,6,10,20,24,8.61619702148437,0
2017,6,10,20,24,10.422041015625,0
2017,6,10,20,24,12.227962890625,0
2017,6,10,20,24,14.033751953125,0
2017,6,10,20,24,15.8396789550781,0
2017,6,10,20,24,17.645462890625,0
2017,6,10,20,24,19.45133203125,0
2017,6,10,20,24,21.2569499511719,0
2017,6,10,20,24,23.0628659667969,0
2017,6,10,20,24,24.868583984375,0
2017,6,10,20,24,26.6743850097656,0
2017,6,10,20,24,28.4800939941406,0
2017,6,10,20,24,30.2859240722656,0
2017,6,10,20,24,32.0919680175781,0
2017,6,10,20,24,33.8978837890625,0
2017,6,10,20,24,35.7037448730469,0
2017,6,10,20,24,37.5096650390625,0
2017,6,10,20,24,39.3153850097656,0
2017,6,10,20,24,41.1211440429688,0
2017,6,10,20,24,42.9270070800781,0
2017,6,10,20,24,44.7329951171875,0
2017,6,10,20,24,46.5388889160156,0
2017,6,10,20,24,48.3448430175781,0
2017,6,10,20,24,50.1508000488281,0
2017,6,10,20,24,51.9565681152344,0
2017,6,10,20,24,53.7626970214844,0
2017,6,10,20,24,55.5685051269531,0
2017,6,10,20,24,57.3744020996094,0
2017,6,10,20,24,59.18037890625,0
2017,6,10,20,25,0.98627587890625,0
2017,6,10,20,25,2.79236889648437,0
2017,6,10,20,25,4.59802099609375,0
2017,6,10,20,25,6.40381689453125,0
2017,6,10,20,25,8.20975903320313,0
2017,6,10,20,25,10.0157060546875,0
2017,6,10,20,25,11.8215139160156,0
2017,6,10,20,25,13.6274777832031,0
2017,6,10,20,25,15.433466796875,0
2017,6,10,20,25,17.2451579589844,0
2017,6,10,20,25,19.0511428222656,0
2017,6,10,20,25,20.8570249023437,0
2017,6,10,20,25,22.6629428710938,0
2017,6,10,20,25,24.4687741699219,0
2017,6,10,20,25,26.2744970703125,0
2017,6,10,20,25,28.0802961425781,0
2017,6,10,20,25,29.8860891113281,0
2017,6,10,20,25,31.6920510253906,0
2017,6,10,20,25,33.4979450683594,0
2017,6,10,20,25,35.3039538574219,0
2017,6,10,20,25,37.1098371582031,0
2017,6,10,20,25,38.9156120605469,0
2017,6,10,20,25,40.7215329589844,0
2017,6,10,20,25,42.5274780273437,0
2017,6,10,20,25,44.3334929199219,0
2017,6,10,20,25,46.1392729492187,0
2017,6,10,20,25,47.9449580078125,0
2017,6,10,20,25,49.7506560058594,0
2017,6,10,20,25,51.5566020507813,0
2017,6,10,20,25,53.3623518066406,0
2017,6,10,20,25,55.1682729492188,0
2017,6,10,20,25,56.9739858398437,0
2017,6,10,20,25,58.7799020996094,0
2017,6,10,20,26,0.585879150390625,0
2017,6,10,20,26,2.39181494140625,0
2017,6,10,20,26,4.19757788085937,0
2017,6,10,20,26,6.00331591796875,0
2017,6,10,20,26,7.80911499023438,0
2017,6,10,20,26,9.61503295898438,0
2017,6,10,20,26,11.4209758300781,0
2017,6,10,20,26,13.2269389648438,0
2017,6,10,20,26,15.0328869628906,0
2017,6,10,20,26,16.8386850585938,0
2017,6,10,20,26,18.6447199707031,0
2017,6,10,20,26,20.450494140625,0
2017,6,10,20,26,22.2563879394531,0
2017,6,10,20,26,24.0622939453125,0
2017,6,10,20,26,25.8682600097656,0
2017,6,10,20,26,27.6740378417969,0
2017,6,10,20,26,29.4797658691406,0
2017,6,10,20,26,31.2854890136719,0
2017,6,10,20,26,33.0914150390625,0
2017,6,10,20,26,34.8972438964844,0
2017,6,10,20,26,36.7030219726563,0
2017,6,10,20,26,38.5088369140625,0
2017,6,10,20,26,40.3148049316406,0
2017,6,10,20,26,42.1205908203125,0
2017,6,10,20,26,43.9264880371094,0
2017,6,10,20,26,45.7322438964844,0
2017,6,10,20,26,47.5380471191406,0
2017,6,10,20,26,49.3437541503906,0
2017,6,10,20,26,51.1497321777344,0
2017,6,10,20,26,52.9557631835938,0
2017,6,10,20,26,54.7617021484375,0
2017,6,10,20,26,56.5674250488281,0
2017,6,10,20,26,58.3731831054687,0
2017,6,10,20,27,0.178939208984375,0
2017,6,10,20,27,1.984703125,0
2017,6,10,20,27,3.79046899414063,0
2017,6,10,20,27,5.59678100585938,0
2017,6,10,20,27,7.4025419921875,0
2017,6,10,20,27,9.20830786132812,0
2017,6,10,20,27,11.0141499023437,0
2017,6,10,20,27,12.8201020507812,0
2017,6,10,20,27,14.626,0
2017,6,10,20,27,16.4317160644531,0
2017,6,10,20,27,18.2374040527344,0
2017,6,10,20,27,20.0431789550781,0
2017,6,10,20,27,21.8491569824219,0
2017,6,10,20,27,23.6550578613281,0
2017,6,10,20,27,25.4609328613281,0
2017,6,10,20,27,27.2669748535156,0
2017,6,10,20,27,29.0727890625,0
2017,6,10,20,27,30.8785200195313,0
2017,6,10,20,27,32.6844821777344,0
2017,6,10,20,27,34.4902429199219,0
2017,6,10,20,27,36.2959370117187,0
2017,6,10,20,27,38.10169921875,0
2017,6,10,20,27,39.9074831542969,0
2017,6,10,20,27,41.7188139648437,0
2017,6,10,20,27,43.5245048828125,0
2017,6,10,20,27,45.3301950683594,0
2017,6,10,20,27,47.1361059570312,0
2017,6,10,20,27,48.9419948730469,0
2017,6,10,20,27,50.7478449707031,0
2017,6,10,20,27,52.5535859375,0
2017,6,10,20,27,54.3592810058594,0
2017,6,10,20,27,56.1651760253906,0
2017,6,10,20,27,57.9708608398438,0
2017,6,10,20,27,59.7769418945312,0
2017,6,10,20,28,1.5827119140625,0
2017,6,10,20,28,3.38863305664063,0
2017,6,10,20,28,5.19459106445312,0
2017,6,10,20,28,7.01627099609375,0
2017,6,10,20,28,8.821955078125,0
2017,6,10,20,28,10.6277680664063,0
2017,6,10,20,28,12.4335229492187,0
2017,6,10,20,28,14.2392570800781,0
2017,6,10,20,28,16.0451850585937,0
2017,6,10,20,28,17.8510270996094,0
2017,6,10,20,28,19.6569777832031,0
2017,6,10,20,28,21.4628459472656,0
2017,6,10,20,28,23.2685708007813,0
2017,6,10,20,28,25.0742800292969,0
2017,6,10,20,28,26.8802199707031,0
2017,6,10,20,28,28.6861560058594,0
2017,6,10,20,28,30.4920759277344,0
2017,6,10,20,28,32.2980090332031,0
2017,6,10,20,28,34.1036911621094,0
2017,6,10,20,28,35.9094799804688,0
2017,6,10,20,28,37.7153510742188,0
2017,6,10,20,28,39.5210700683594,0
2017,6,10,20,28,41.3268540039062,0
2017,6,10,20,28,43.1327741699219,0
2017,6,10,20,28,44.9386330566406,0
2017,6,10,20,28,46.7444770507812,0
2017,6,10,20,28,48.5502629394531,0
2017,6,10,20,28,50.3559560546875,0
2017,6,10,20,28,52.16166796875,0
2017,6,10,20,28,53.9674028320312,0
2017,6,10,20,28,55.7733271484375,0
2017,6,10,20,28,57.5792651367188,0
2017,6,10,20,28,59.3850629882812,0
2017,6,10,20,29,1.1907509765625,0
2017,6,10,20,29,2.99659619140625,0
2017,6,10,20,29,4.80257104492187,0
2017,6,10,20,29,6.6084658203125,0
2017,6,10,20,29,8.41443994140625,0
2017,6,10,20,29,10.2202470703125,0
2017,6,10,20,29,12.0260141601562,0
2017,6,10,20,29,13.8317709960938,0
2017,6,10,20,29,15.6375209960938,0
2017,6,10,20,29,17.4432670898438,0
2017,6,10,20,29,19.2491989746094,0
2017,6,10,20,29,21.0549431152344,0
2017,6,10,20,29,22.8606921386719,0
2017,6,10,20,29,24.6664008789062,0
2017,6,10,20,29,26.4722409667969,0
2017,6,10,20,29,28.2781328125,0
2017,6,10,20,29,30.0838151855469,0
2017,6,10,20,29,31.8896459960938,0
2017,6,10,20,29,33.6953549804687,0
2017,6,10,20,29,35.5012878417969,0
2017,6,10,20,29,37.3070810546875,0
2017,6,10,20,29,39.1128129882812,0
2017,6,10,20,29,40.9185200195313,0
2017,6,10,20,29,42.7244338378906,0
2017,6,10,20,29,44.5306359863281,0
2017,6,10,20,29,46.3365710449219,0
2017,6,10,20,29,48.142580078125,0
2017,6,10,20,29,49.9484848632813,0
2017,6,10,20,29,51.7543088378906,0
2017,6,10,20,29,53.5603698730469,0
2017,6,10,20,29,55.3660991210937,0
2017,6,10,20,29,57.1720109863281,0
2017,6,10,20,29,58.9779438476562,0
2017,6,10,20,30,0.78364501953125,0
2017,6,10,20,30,2.58957788085938,0
2017,6,10,20,30,4.39542700195313,0
2017,6,10,20,30,6.20148706054688,0
2017,6,10,20,30,8.0072451171875,0
2017,6,10,20,30,9.81309521484375,0
2017,6,10,20,30,11.6189138183594,0
2017,6,10,20,30,13.424787109375,0
2017,6,10,20,30,15.2306420898437,0
2017,6,10,20,30,17.036453125,0
2017,6,10,20,30,18.8421918945313,0
2017,6,10,20,30,20.6481188964844,0
2017,6,10,20,30,22.4539509277344,0
2017,6,10,20,30,24.2599069824219,0
2017,6,10,20,30,26.0656120605469,0
2017,6,10,20,30,27.8715178222656,0
2017,6,10,20,30,29.6774189453125,0
2017,6,10,20,30,31.4835739746094,0
2017,6,10,20,30,33.2894248046875,0
2017,6,10,20,30,35.0953959960937,0
2017,6,10,20,30,36.9011918945313,0
2017,6,10,20,30,38.7069130859375,0
2017,6,10,20,30,40.5128630371094,0
2017,6,10,20,30,42.3185529785156,0
2017,6,10,20,30,44.1243740234375,0
2017,6,10,20,30,45.9303168945313,0
2017,6,10,20,30,47.7360051269531,0
2017,6,10,20,30,49.5419130859375,0
2017,6,10,20,30,51.3478178710938,0
2017,6,10,20,30,53.1537629394531,0
2017,6,10,20,30,54.9594919433594,0
2017,6,10,20,30,56.7653859863281,0
2017,6,10,20,30,58.5711540527344,0
2017,6,10,20,31,0.37731787109375,0
2017,6,10,20,31,2.18271704101562,0
2017,6,10,20,31,3.98859692382812,0
2017,6,10,20,31,5.79434790039063,0
2017,6,10,20,31,7.600203125,0
2017,6,10,20,31,9.40597387695312,0
2017,6,10,20,31,11.2116647949219,0
2017,6,10,20,31,13.0175869140625,0
2017,6,10,20,31,14.82350390625,0
2017,6,10,20,31,16.6294670410156,0
2017,6,10,20,31,18.4353859863281,0
2017,6,10,20,31,20.2410979003906,0
2017,6,10,20,31,22.0468669433594,0
2017,6,10,20,31,23.8527119140625,0
2017,6,10,20,31,45.2744709472656,0
2017,6,10,20,31,47.0803781738281,0
2017,6,10,20,31,48.8861311035156,0
2017,6,10,20,31,50.6920139160156,0
2017,6,10,20,31,52.4977788085938,0
2017,6,10,20,31,54.3037250976562,0
2017,6,10,20,31,56.1095109863281,0
2017,6,10,20,31,57.9151867675781,0
2017,6,10,20,31,59.7209938964844,0
2017,6,10,20,32,1.52676611328125,0
2017,6,10,20,32,3.332662109375,1
2017,6,10,20,32,5.16396508789062,1
2017,6,10,20,32,6.98060302734375,1
2017,6,10,20,32,8.95414794921875,1
2017,6,10,20,32,10.9963510742188,1
2017,6,10,20,32,12.9643879394531,1
2017,6,10,20,32,14.9501970214844,1
2017,6,10,20,32,16.7561540527344,2
2017,6,10,20,32,18.5841159667969,2
2017,6,10,20,32,20.5502651367187,2
2017,6,10,20,32,22.414498046875,2
2017,6,10,20,32,24.3281950683594,2
2017,6,10,20,32,26.2673698730469,2
2017,6,10,20,32,28.2030161132813,2
2017,6,10,20,32,30.1914228515625,2
2017,6,10,20,32,32.5353740234375,2
2017,6,10,20,32,34.4934709472656,2
2017,6,10,20,32,36.4267590332031,1
2017,6,10,20,32,38.3055610351563,1
2017,6,10,20,32,40.4684118652344,0
2017,6,10,20,32,42.3251059570312,0
2017,6,10,20,32,44.3117189941406,0
2017,6,10,20,32,46.1508420410156,0
2017,6,10,20,32,48.1926821289062,0
2017,6,10,20,32,50.2635720214844,0
2017,6,10,20,32,52.0980849609375,0
2017,6,10,20,32,54.1989592285156,0
2017,6,10,20,32,56.0726918945313,0
2017,6,10,20,32,57.9556020507813,0
2017,6,10,20,32,59.7614140625,0
2017,6,10,20,33,1.96686401367187,0
2017,6,10,20,33,3.96864501953125,0
2017,6,10,20,33,5.9445400390625,0
2017,6,10,20,33,8.01685913085938,0
2017,6,10,20,33,9.96617797851562,0
2017,6,10,20,33,11.9184621582031,0
2017,6,10,20,33,13.7243208007812,0
2017,6,10,20,33,15.6332900390625,0
2017,6,10,20,33,17.4893979492187,0
2017,6,10,20,33,19.4895478515625,0
2017,6,10,20,33,21.4639150390625,0
2017,6,10,20,33,23.3499118652344,0
2017,6,10,20,33,25.1576892089844,0
2017,6,10,20,33,27.0018820800781,0
2017,6,10,20,33,28.9667309570312,0
2017,6,10,20,33,30.7941479492188,0
2017,6,10,20,33,32.7402380371094,0
2017,6,10,20,33,34.6067231445313,0
2017,6,10,20,33,36.621712890625,0
2017,6,10,20,33,38.4276809082031,0
2017,6,10,20,33,40.3883979492187,0
2017,6,10,20,33,42.2760798339844,0
2017,6,10,20,33,44.1030170898438,0
2017,6,10,20,33,45.9625380859375,0
2017,6,10,20,33,47.9487180175781,0
2017,6,10,20,33,49.7544660644531,0
2017,6,10,20,33,51.6093391113281,0
2017,6,10,20,33,53.9649719238281,0
2017,6,10,20,33,55.9184670410156,0
2017,6,10,20,33,57.7650197753906,0
2017,6,10,20,33,59.6644670410156,0
2017,6,10,20,34,1.60759399414062,0
2017,6,10,20,34,3.65327490234375,0
2017,6,10,20,34,5.9330771484375,0
2017,6,10,20,34,7.7388740234375,0
2017,6,10,20,34,9.68387890625,0
2017,6,10,20,34,11.6521040039062,0
2017,6,10,20,34,13.6183500976563,0
2017,6,10,20,34,15.6665759277344,0
2017,6,10,20,34,17.4725329589844,0
2017,6,10,20,34,19.3403850097656,0
2017,6,10,20,34,21.2742431640625,0
2017,6,10,20,34,23.1733601074219,0
2017,6,10,20,34,25.0004050292969,0
2017,6,10,20,34,26.80624609375,0
2017,6,10,20,34,28.6333479003906,0
2017,6,10,20,34,30.4949392089844,0
2017,6,10,20,34,32.7293601074219,0
2017,6,10,20,34,34.6186049804688,0
2017,6,10,20,34,36.6223669433594,0
2017,6,10,20,34,38.4281818847656,0
2017,6,10,20,34,40.2875290527344,0
2017,6,10,20,34,42.2630830078125,0
2017,6,10,20,34,44.1571181640625,0
2017,6,10,20,34,46.1538869628906,0
2017,6,10,20,34,47.9730090332031,0
2017,6,10,20,34,50.1996181640625,0
2017,6,10,20,34,52.005373046875,0
2017,6,10,20,34,54.1011401367187,0
2017,6,10,20,34,56.1375798339844,1
2017,6,10,20,34,57.9694760742187,1
2017,6,10,20,34,59.8142189941406,1
2017,6,10,20,35,1.80260986328125,1
2017,6,10,20,35,3.70543286132812,1
2017,6,10,20,35,5.56111010742188,1
2017,6,10,20,35,7.37385302734375,1
2017,6,10,20,35,9.2996640625,1
2017,6,10,20,35,11.1749011230469,1
2017,6,10,20,35,12.9985439453125,1
2017,6,10,20,35,15.0327080078125,1
2017,6,10,20,35,16.9700529785156,1
2017,6,10,20,35,18.7851950683594,1
2017,6,10,20,35,20.6771259765625,1
2017,6,10,20,35,22.6101520996094,1
2017,6,10,20,35,24.5639609375,1
2017,6,10,20,35,26.5312590332031,1
2017,6,10,20,35,28.3372131347656,1
2017,6,10,20,35,30.143041015625,1
2017,6,10,20,35,31.9534951171875,1
2017,6,10,20,35,33.7593500976563,1
2017,6,10,20,35,35.5739370117187,2
2017,6,10,20,35,37.473376953125,2
2017,6,10,20,35,39.5550439453125,2
2017,6,10,20,35,41.4605241699219,2
2017,6,10,20,35,43.2663559570313,2
2017,6,10,20,35,45.2079638671875,2
2017,6,10,20,35,47.0615151367187,2
2017,6,10,20,35,48.9710610351562,2
2017,6,10,20,35,51.1845979003906,2
2017,6,10,20,35,52.9906179199219,2
2017,6,10,20,35,55.0696411132812,2
2017,6,10,20,35,57.1516350097656,2
2017,6,10,20,35,58.9574460449219,2
2017,6,10,20,36,0.78805810546875,2
2017,6,10,20,36,2.62177709960937,2
2017,6,10,20,36,4.66443798828125,2
2017,6,10,20,36,6.47017797851562,2
2017,6,10,20,36,8.3618759765625,2
2017,6,10,20,36,10.3597368164063,2
2017,6,10,20,36,12.2760090332031,2
2017,6,10,20,36,14.0819448242188,2
2017,6,10,20,36,15.9883830566406,2
2017,6,10,20,36,17.9782709960938,2
2017,6,10,20,36,19.9779650878906,2
2017,6,10,20,36,21.9732561035156,2
2017,6,10,20,36,23.8027438964844,2
2017,6,10,20,36,25.608705078125,2
2017,6,10,20,36,27.4144431152344,2
2017,6,10,20,36,29.2201569824219,2
2017,6,10,20,36,31.025837890625,2
2017,6,10,20,36,32.8317160644531,2
2017,6,10,20,36,34.6374709472656,2
2017,6,10,20,36,36.4433081054688,2
2017,6,10,20,36,38.2491459960938,2
2017,6,10,20,36,40.0549399414063,2
2017,6,10,20,36,41.8608129882813,2
2017,6,10,20,36,43.6667370605469,2
2017,6,10,20,36,45.4725590820313,2
2017,6,10,20,36,47.2783850097656,2
2017,6,10,20,36,49.0841179199219,2
2017,6,10,20,36,50.8900490722656,2
2017,6,10,20,36,52.6958029785156,2
2017,6,10,20,36,54.5016789550781,2
2017,6,10,20,36,56.3074130859375,2
2017,6,10,20,36,58.1136501464844,2
2017,6,10,20,36,59.9195639648438,2
2017,6,10,20,37,1.72524194335938,2
2017,6,10,20,37,3.53098291015625,2
2017,6,10,20,37,5.3367158203125,2
2017,6,10,20,37,7.14263891601562,2
2017,6,10,20,37,8.95521899414062,2
2017,6,10,20,37,10.7610209960937,2
2017,6,10,20,37,12.5667971191406,2
2017,6,10,20,37,14.3725942382813,2
2017,6,10,20,37,16.1782189941406,2
2017,6,10,20,37,17.9840349121094,2
2017,6,10,20,37,19.7898491210937,2
2017,6,10,20,37,21.5955600585938,2
2017,6,10,20,37,23.4014899902344,2
2017,6,10,20,37,25.2072429199219,2
2017,6,10,20,37,27.0131459960938,2
2017,6,10,20,37,28.8190769042969,2
2017,6,10,20,37,30.6247790527344,2
2017,6,10,20,37,32.4304841308594,2
2017,6,10,20,37,34.2456889648438,2
2017,6,10,20,37,36.0515791015625,2
2017,6,10,20,37,37.8572900390625,2
2017,6,10,20,37,39.663083984375,2
2017,6,10,20,37,41.4690671386719,2
2017,6,10,20,37,43.2749938964844,2
2017,6,10,20,37,45.080875,2
2017,6,10,20,37,46.8867590332031,2
2017,6,10,20,37,48.6926789550781,2
2017,6,10,20,37,50.498583984375,2
2017,6,10,20,37,52.3044790039063,2
2017,6,10,20,37,54.110330078125,2
2017,6,10,20,37,55.9162868652344,2
2017,6,10,20,37,57.7221320800781,2
2017,6,10,20,37,59.5278498535156,2
2017,6,10,20,38,1.33364208984375,2
2017,6,10,20,38,3.13934497070312,2
2017,6,10,20,38,4.94517114257812,2
2017,6,10,20,38,6.75085083007813,2
2017,6,10,20,38,8.5566669921875,2
2017,6,10,20,38,10.36262890625,2
2017,6,10,20,38,12.1683608398437,2
2017,6,10,20,38,13.9744201660156,1
2017,6,10,20,38,15.7801350097656,1
2017,6,10,20,38,17.5859150390625,1
2017,6,10,20,38,19.3918591308594,1
2017,6,10,20,38,21.1977897949219,1
2017,6,10,20,38,23.0036220703125,1
2017,6,10,20,38,24.8095788574219,1
2017,6,10,20,38,26.6153649902344,1
2017,6,10,20,38,28.4210910644531,0
2017,6,10,20,38,30.2268410644531,0
2017,6,10,20,38,32.0325861816406,0
2017,6,10,20,38,33.8384431152344,0
2017,6,10,20,38,35.6442102050781,0
2017,6,10,20,38,37.4498920898438,0
2017,6,10,20,38,39.2557900390625,0
2017,6,10,20,38,41.0616340332031,0
2017,6,10,20,38,42.8675610351562,0
2017,6,10,20,38,44.6733059082031,0
2017,6,10,20,38,46.4792280273438,0
2017,6,10,20,38,48.2851159667969,0
2017,6,10,20,38,50.09083203125,0
2017,6,10,20,38,51.8966018066406,0
2017,6,10,20,38,53.7022858886719,0
2017,6,10,20,38,55.5079780273438,0
2017,6,10,20,38,57.3138129882812,0
2017,6,10,20,38,59.1283540039063,0
2017,6,10,20,39,0.9342900390625,0
2017,6,10,20,39,2.74,0
2017,6,10,20,39,4.5460751953125,1
2017,6,10,20,39,6.35185205078125,1
2017,6,10,20,39,8.15772802734375,1
2017,6,10,20,39,9.96355395507812,1
2017,6,10,20,39,11.7694311523437,1
2017,6,10,20,39,13.5753449707031,1
2017,6,10,20,39,15.3811108398437,1
2017,6,10,20,39,17.1868720703125,1
2017,6,10,20,39,18.9925498046875,1
2017,6,10,20,39,20.7983310546875,1
2017,6,10,20,39,22.6040749511719,2
2017,6,10,20,39,24.4097490234375,2
2017,6,10,20,39,26.2156770019531,2
2017,6,10,20,39,28.0216350097656,2
2017,6,10,20,39,29.8274838867187,2
2017,6,10,20,39,31.63328515625,2
2017,6,10,20,39,33.4391770019531,2
2017,6,10,20,39,35.2450817871094,2
2017,6,10,20,39,37.0510229492187,2
2017,6,10,20,39,38.8569660644531,2
2017,6,10,20,39,40.6626647949219,2
2017,6,10,20,39,42.4684479980469,2
2017,6,10,20,39,44.2741770019531,2
2017,6,10,20,39,46.0799602050781,2
2017,6,10,20,39,47.8857490234375,2
2017,6,10,20,39,49.6914599609375,2
2017,6,10,20,39,51.497462890625,2
2017,6,10,20,39,53.3033239746094,2
2017,6,10,20,39,55.1090642089844,1
2017,6,10,20,39,56.915005859375,1
2017,6,10,20,39,58.7208879394531,1
2017,6,10,20,40,0.5269189453125,1
2017,6,10,20,40,2.33265209960937,1
2017,6,10,20,40,4.13847900390625,1
2017,6,10,20,40,5.94438500976563,1
2017,6,10,20,40,7.75030078125,1
2017,6,10,20,40,9.55611108398437,1
2017,6,10,20,40,11.3619780273437,1
2017,6,10,20,40,13.1678291015625,2
2017,6,10,20,40,14.97375,2
2017,6,10,20,40,16.7795778808594,2
2017,6,10,20,40,18.5854448242188,2
2017,6,10,20,40,20.3911389160156,2
2017,6,10,20,40,22.1969731445312,2
2017,6,10,20,40,24.0028510742187,2
2017,6,10,20,40,25.8085461425781,2
2017,6,10,20,40,27.6142990722656,2
2017,6,10,20,40,29.4200639648437,2
2017,6,10,20,40,31.225958984375,2
2017,6,10,20,40,33.0318911132812,2
2017,6,10,20,40,34.8376469726563,2
2017,6,10,20,40,36.6435871582031,2
2017,6,10,20,40,38.4494379882812,2
2017,6,10,20,40,40.2552819824219,2
2017,6,10,20,40,42.0610029296875,2
2017,6,10,20,40,43.8667348632813,2
2017,6,10,20,40,45.6726511230469,2
2017,6,10,20,40,47.4785830078125,2
2017,6,10,20,40,49.2845419921875,2
2017,6,10,20,40,51.0904519042969,2
2017,6,10,20,40,52.8966770019531,2
2017,6,10,20,40,54.7023798828125,2
2017,6,10,20,40,56.5084289550781,2
2017,6,10,20,40,58.3140390625,2
2017,6,10,20,41,0.119925048828125,2
2017,6,10,20,41,1.92569311523438,2
2017,6,10,20,41,3.73144799804688,2
2017,6,10,20,41,5.53735717773437,2
2017,6,10,20,41,7.343166015625,2
2017,6,10,20,41,9.149087890625,2
2017,6,10,20,41,10.9547629394531,2
2017,6,10,20,41,12.7604611816406,2
2017,6,10,20,41,14.5662919921875,2
2017,6,10,20,41,16.3722009277344,2
2017,6,10,20,41,18.1781298828125,2
2017,6,10,20,41,19.9840478515625,2
2017,6,10,20,41,21.7901599121094,2
2017,6,10,20,41,23.6018020019531,2
2017,6,10,20,41,25.4075119628906,2
2017,6,10,20,41,27.2134240722656,2
2017,6,10,20,41,29.0193029785156,2
2017,6,10,20,41,30.8249519042969,2
2017,6,10,20,41,32.6306870117187,2
2017,6,10,20,41,34.4366528320312,2
2017,6,10,20,41,36.2424089355469,2
2017,6,10,20,41,38.0481801757812,2
2017,6,10,20,41,39.8538908691406,2
2017,6,10,20,41,41.6603100585938,2
2017,6,10,20,41,43.466001953125,2
2017,6,10,20,41,45.2719221191406,2
2017,6,10,20,41,47.0777431640625,2
2017,6,10,20,41,48.883416015625,2
2017,6,10,20,41,50.6891870117188,2
2017,6,10,20,41,52.4951589355469,2
2017,6,10,20,41,54.3014099121094,2
2017,6,10,20,41,56.107376953125,2
2017,6,10,20,41,57.9130969238281,2
2017,6,10,20,41,59.7190671386719,2
2017,6,10,20,42,1.52492504882812,2
2017,6,10,20,42,3.33093188476562,2
2017,6,10,20,42,5.13686987304687,2
2017,6,10,20,42,6.94268212890625,2
2017,6,10,20,42,8.74846508789063,2
2017,6,10,20,42,10.5541459960937,2
2017,6,10,20,42,12.3599660644531,2
2017,6,10,20,42,14.1657009277344,2
2017,6,10,20,42,15.9714780273437,2
2017,6,10,20,42,17.7772951660156,2
2017,6,10,20,42,19.5831088867188,2
2017,6,10,20,42,21.3888801269531,2
2017,6,10,20,42,23.194623046875,2
2017,6,10,20,42,25.0004758300781,2
2017,6,10,20,42,26.8062019042969,2
2017,6,10,20,42,28.6121069335938,2
2017,6,10,20,42,30.417875,1
2017,6,10,20,42,32.2235910644531,1
2017,6,10,20,42,34.0294270019531,1
2017,6,10,20,42,35.835158203125,1
2017,6,10,20,42,37.6412180175781,1
2017,6,10,20,42,39.4470068359375,1
2017,6,10,20,42,41.2529130859375,1
2017,6,10,20,42,43.0586950683594,1
2017,6,10,20,42,44.8644169921875,1
2017,6,10,20,42,46.6700949707031,1
2017,6,10,20,42,48.4839370117188,1
2017,6,10,20,42,50.2898139648438,1
2017,6,10,20,42,52.0956279296875,1
2017,6,10,20,42,53.9016030273437,1
2017,6,10,20,42,55.7074338378906,1
2017,6,10,20,42,57.5132438964844,1
2017,6,10,20,42,59.3191188964844,1
2017,6,10,20,43,1.12489306640625,1
2017,6,10,20,43,2.93069189453125,1
2017,6,10,20,43,4.73636376953125,1
2017,6,10,20,43,6.54238110351563,1
2017,6,10,20,43,8.34820703125,1
2017,6,10,20,43,10.1539299316406,1
2017,6,10,20,43,11.9597248535156,1
2017,6,10,20,43,13.765623046875,1
2017,6,10,20,43,15.5715598144531,1
2017,6,10,20,43,17.3774870605469,1
2017,6,10,20,43,19.184958984375,1
2017,6,10,20,43,20.99062890625,1
2017,6,10,20,43,22.7965009765625,1
2017,6,10,20,43,24.6023400878906,1
2017,6,10,20,43,26.4080930175781,1
2017,6,10,20,43,28.2138920898437,1
2017,6,10,20,43,30.01980078125,1
2017,6,10,20,43,31.8257119140625,1
2017,6,10,20,43,33.6316320800781,1
2017,6,10,20,43,35.4373410644531,1
2017,6,10,20,43,37.2431669921875,1
2017,6,10,20,43,39.0488969726563,1
2017,6,10,20,43,40.8548100585937,1
2017,6,10,20,43,42.6605270996094,1
2017,6,10,20,43,44.466373046875,1
2017,6,10,20,43,46.2721418457031,1
2017,6,10,20,43,48.0779289550781,1
2017,6,10,20,43,49.8836311035156,1
2017,6,10,20,43,51.6895498046875,1
2017,6,10,20,43,53.4954399414062,1
2017,6,10,20,43,55.3012919921875,1
2017,6,10,20,43,57.1070969238281,1
2017,6,10,20,43,58.9129189453125,1
2017,6,10,20,44,0.7188251953125,1
2017,6,10,20,44,2.5247041015625,1
2017,6,10,20,44,4.33051806640625,1
2017,6,10,20,44,6.13626196289063,1
2017,6,10,20,44,7.94221997070312,1
2017,6,10,20,44,9.74812890625,1
2017,6,10,20,44,11.5541301269531,1
2017,6,10,20,44,13.3663559570312,1
2017,6,10,20,44,15.1722551269531,1
2017,6,10,20,44,16.9781831054688,1
2017,6,10,20,44,18.784041015625,1
2017,6,10,20,44,20.5898310546875,1
2017,6,10,20,44,22.3955180664063,1
2017,6,10,20,44,24.2012587890625,1
2017,6,10,20,44,26.0070158691406,1
2017,6,10,20,44,27.8126931152344,1
2017,6,10,20,44,29.618494140625,1
2017,6,10,20,44,31.424712890625,2
2017,6,10,20,44,33.2305190429688,2
2017,6,10,20,44,35.0364221191406,2
2017,6,10,20,44,36.8421220703125,2
2017,6,10,20,44,38.6480119628906,2
2017,6,10,20,44,40.453869140625,2
2017,6,10,20,44,42.2595419921875,2
2017,6,10,20,44,44.0654790039062,2
2017,6,10,20,44,45.8719438476562,2
2017,6,10,20,44,47.6770439453125,2
2017,6,10,20,44,49.4827111816406,2
2017,6,10,20,44,51.2886040039063,2
2017,6,10,20,44,53.0943979492188,2
2017,6,10,20,44,54.9002858886719,2
2017,6,10,20,44,56.7074128417969,2
2017,6,10,20,44,58.5133330078125,2
2017,6,10,20,45,0.31903515625,2
2017,6,10,20,45,2.12493994140625,2
2017,6,10,20,45,3.9305439453125,2
2017,6,10,20,45,5.73645581054688,2
2017,6,10,20,45,7.54230395507813,2
2017,6,10,20,45,9.34801611328125,2
2017,6,10,20,45,11.1538898925781,2
2017,6,10,20,45,12.9596870117187,2
2017,6,10,20,45,14.7659509277344,2
2017,6,10,20,45,16.5718559570313,1
2017,6,10,20,45,18.3777619628906,1
2017,6,10,20,45,20.1834877929688,1
2017,6,10,20,45,21.9893649902344,1
2017,6,10,20,45,23.7951918945312,1
2017,6,10,20,45,25.6009130859375,1
2017,6,10,20,45,27.4067700195313,1
2017,6,10,20,45,29.2126379394531,1
2017,6,10,20,45,31.018462890625,1
2017,6,10,20,45,32.8242309570312,1
2017,6,10,20,45,34.6301589355469,1
2017,6,10,20,45,36.43604296875,1
2017,6,10,20,45,38.24845703125,1
2017,6,10,20,45,40.0541530761719,1
2017,6,10,20,45,41.8599191894531,1
2017,6,10,20,45,43.6657268066406,1
2017,6,10,20,45,45.4716369628906,1
2017,6,10,20,45,47.2773129882813,1
2017,6,10,20,45,49.08325,1
2017,6,10,20,45,50.8890859375,1
2017,6,10,20,45,52.6948061523438,1
2017,6,10,20,45,54.5005249023437,1
2017,6,10,20,45,56.3063581542969,1
2017,6,10,20,45,58.1121069335938,1
2017,6,10,20,45,59.9187119140625,1
2017,6,10,20,46,1.7245791015625,1
2017,6,10,20,46,3.53044799804688,1
2017,6,10,20,46,5.3361630859375,1
2017,6,10,20,46,7.14185083007813,1
2017,6,10,20,46,8.94777001953125,1
2017,6,10,20,46,10.75354296875,1
2017,6,10,20,46,12.5593591308594,1
2017,6,10,20,46,14.3651389160156,1
2017,6,10,20,46,16.1710229492187,1
2017,6,10,20,46,17.9766960449219,1
2017,6,10,20,46,19.7826669921875,1
2017,6,10,20,46,21.5884270019531,1
2017,6,10,20,46,23.394287109375,1
2017,6,10,20,46,25.2002512207031,1
2017,6,10,20,46,27.0060261230469,1
2017,6,10,20,46,28.8119567871094,1
2017,6,10,20,46,30.6177509765625,1
2017,6,10,20,46,32.4530471191406,1
2017,6,10,20,46,34.2589541015625,1
2017,6,10,20,46,36.0647270507813,1
2017,6,10,20,46,37.8704599609375,1
2017,6,10,20,46,39.6762900390625,1
2017,6,10,20,46,41.4821127929687,1
2017,6,10,20,46,43.2880808105469,1
2017,6,10,20,46,45.09375,1
2017,6,10,20,46,46.8996879882813,1
2017,6,10,20,46,48.7055339355469,1
2017,6,10,20,46,50.5113950195312,1
2017,6,10,20,46,52.317333984375,1
2017,6,10,20,46,54.1232890625,1
2017,6,10,20,46,55.9291840820312,1
2017,6,10,20,46,57.7349450683594,1
2017,6,10,20,46,59.5407199707031,1
2017,6,10,20,47,1.34657299804688,1
2017,6,10,20,47,3.1522490234375,1
2017,6,10,20,47,4.95840698242188,1
2017,6,10,20,47,6.76399291992187,1
2017,6,10,20,47,8.5697529296875,1
2017,6,10,20,47,10.3756850585937,1
2017,6,10,20,47,12.1815900878906,1
2017,6,10,20,47,13.9873500976563,1
2017,6,10,20,47,15.7932160644531,1
2017,6,10,20,47,17.599169921875,1
2017,6,10,20,47,19.4051240234375,1
2017,6,10,20,47,21.2111079101563,1
2017,6,10,20,47,23.0169528808594,1
2017,6,10,20,47,24.8227241210937,1
2017,6,10,20,47,26.6285041503906,1
2017,6,10,20,47,28.4344079589844,1
2017,6,10,20,47,30.2402619628906,1
2017,6,10,20,47,32.0459689941406,1
2017,6,10,20,47,33.8518601074219,1
2017,6,10,20,47,35.6576149902344,1
2017,6,10,20,47,37.4716091308594,1
2017,6,10,20,47,39.2773171386719,1
2017,6,10,20,47,41.0832719726562,1
2017,6,10,20,47,42.889208984375,1
2017,6,10,20,47,44.6948801269531,1
2017,6,10,20,47,46.5005659179687,1
2017,6,10,20,47,48.3062551269531,1
2017,6,10,20,47,50.1120600585937,1
2017,6,10,20,47,51.9178659667969,1
2017,6,10,20,47,53.7235961914063,1
2017,6,10,20,47,55.5295520019531,1
2017,6,10,20,47,57.3352509765625,1
2017,6,10,20,47,59.1412099609375,1
2017,6,10,20,48,0.9470478515625,1
2017,6,10,20,48,2.75279809570312,1
2017,6,10,20,48,4.55868603515625,1
2017,6,10,20,48,6.36447680664063,1
2017,6,10,20,48,8.17035009765625,1
2017,6,10,20,48,9.97609497070312,1
2017,6,10,20,48,11.7819360351562,1
2017,6,10,20,48,13.5876850585938,1
2017,6,10,20,48,15.3934541015625,1
2017,6,10,20,48,17.1992458496094,1
2017,6,10,20,48,19.00516015625,1
2017,6,10,20,48,20.8110029296875,1
2017,6,10,20,48,22.6168488769531,1
2017,6,10,20,48,24.4226140136719,1
2017,6,10,20,48,26.2283549804688,1
2017,6,10,20,48,28.0340270996094,1
2017,6,10,20,48,29.8398881835938,1
2017,6,10,20,48,31.6457309570313,1
2017,6,10,20,48,33.451416015625,1
2017,6,10,20,48,35.2573569335937,1
2017,6,10,20,48,37.0631550292969,1
2017,6,10,20,48,38.8690209960938,1
2017,6,10,20,48,40.6748869628906,1
2017,6,10,20,48,42.4805830078125,1
2017,6,10,20,48,44.2863618164062,1
2017,6,10,20,48,46.0921760253906,1
2017,6,10,20,48,47.8979748535156,1
2017,6,10,20,48,49.7037419433594,1
2017,6,10,20,48,51.5094968261719,1
2017,6,10,20,48,53.3152849121094,1
2017,6,10,20,48,55.1213491210938,1
2017,6,10,20,48,56.9271140136719,1
2017,6,10,20,48,58.7327932128906,1
2017,6,10,20,49,0.5387138671875,1
2017,6,10,20,49,2.3538310546875,1
2017,6,10,20,49,4.15973315429687,1
2017,6,10,20,49,5.96559008789063,1
2017,6,10,20,49,7.77150805664063,1
2017,6,10,20,49,9.5772109375,1
2017,6,10,20,49,11.3831647949219,1
2017,6,10,20,49,13.188908203125,1
2017,6,10,20,49,14.9946899414062,1
2017,6,10,20,49,16.8004770507813,1
2017,6,10,20,49,18.6061979980469,1
2017,6,10,20,49,20.4120869140625,1
2017,6,10,20,49,22.2179091796875,1
2017,6,10,20,49,24.0237319335938,1
2017,6,10,20,49,25.8296608886719,1
2017,6,10,20,49,27.635623046875,1
2017,6,10,20,49,29.4413601074219,1
2017,6,10,20,49,31.2470419921875,1
2017,6,10,20,49,33.052787109375,1
2017,6,10,20,49,34.8587551269531,1
2017,6,10,20,49,36.6644599609375,1
2017,6,10,20,49,38.4703430175781,1
2017,6,10,20,49,40.2762819824219,1
2017,6,10,20,49,42.0820520019531,1
2017,6,10,20,49,43.8878369140625,1
2017,6,10,20,49,45.693751953125,1
2017,6,10,20,49,47.499541015625,1
2017,6,10,20,49,49.305337890625,1
2017,6,10,20,49,51.1111928710937,1
2017,6,10,20,49,52.9168720703125,1
2017,6,10,20,49,54.7228930664063,1
2017,6,10,20,49,56.5287758789063,1
2017,6,10,20,49,58.3346369628906,1
2017,6,10,20,50,0.140580810546875,1
2017,6,10,20,50,1.94646997070312,1
2017,6,10,20,50,3.75238305664063,1
2017,6,10,20,50,5.55818701171875,1
2017,6,10,20,50,7.36413916015625,1
2017,6,10,20,50,9.17004614257812,1
2017,6,10,20,50,10.9757658691406,1
2017,6,10,20,50,12.7816569824219,1
2017,6,10,20,50,14.5876118164063,1
2017,6,10,20,50,16.39354296875,1
2017,6,10,20,50,18.1994289550781,1
2017,6,10,20,50,20.0053120117188,1
2017,6,10,20,50,21.8110791015625,1
2017,6,10,20,50,23.61678515625,1
2017,6,10,20,50,25.42244921875,1
2017,6,10,20,50,27.2281330566406,1
2017,6,10,20,50,29.0342150878906,1
2017,6,10,20,50,30.8399208984375,1
2017,6,10,20,50,32.6456940917969,0
2017,6,10,20,50,34.45145703125,0
2017,6,10,20,50,36.2571730957031,0
2017,6,10,20,50,38.062962890625,0
2017,6,10,20,50,39.8689040527344,0
2017,6,10,20,50,41.6748198242188,0
2017,6,10,20,52,0.788252197265625,0
2017,6,10,20,52,2.72269897460937,0
2017,6,10,20,52,4.71114306640625,0
2017,6,10,20,52,6.51691381835937,0
2017,6,10,20,52,8.3565869140625,0
2017,6,10,20,52,10.2923269042969,0
2017,6,10,20,52,12.2454050292969,0
2017,6,10,20,52,14.0859680175781,0
2017,6,10,20,52,16.034123046875,0
2017,6,10,20,52,18.0040849609375,0
2017,6,10,20,52,19.8099838867188,0
2017,6,10,20,52,21.6570339355469,0
2017,6,10,20,52,23.5698459472656,0
2017,6,10,20,52,25.5275080566406,0
2017,6,10,20,52,27.4172170410156,0
2017,6,10,20,52,29.2748498535156,0
2017,6,10,20,52,31.1580300292969,0
2017,6,10,20,52,32.997498046875,0
2017,6,10,20,52,35.1538720703125,0
2017,6,10,20,52,37.0012199707031,0
2017,6,10,20,52,38.8898139648438,0
2017,6,10,20,52,40.7510649414062,0
2017,6,10,20,52,42.6323869628906,0
2017,6,10,20,52,44.4983662109375,0
2017,6,10,20,52,46.4079460449219,0
2017,6,10,20,52,48.3313610839844,0
2017,6,10,20,52,50.2997600097656,0
2017,6,10,20,52,52.2259777832031,0
2017,6,10,20,52,54.2535209960937,0
2017,6,10,20,52,56.122544921875,0
2017,6,10,20,52,57.9982409667969,0
2017,6,10,20,52,59.8380881347656,0
2017,6,10,20,53,1.69871215820313,0
2017,6,10,20,53,3.52143090820312,0
2017,6,10,20,53,5.36367114257813,0
2017,6,10,20,53,7.29552294921875,0
2017,6,10,20,53,9.20588305664062,0
2017,6,10,20,53,11.2268330078125,0
2017,6,10,20,53,13.0327160644531,0
2017,6,10,20,53,15.0256540527344,0
2017,6,10,20,53,16.9997580566406,0
2017,6,10,20,53,18.998912109375,0
2017,6,10,20,53,21.2520720214844,0
2017,6,10,20,53,23.0964990234375,0
2017,6,10,20,53,25.0146159667969,0
2017,6,10,20,53,26.8203798828125,0
2017,6,10,20,53,28.6497600097656,0
2017,6,10,20,53,30.7153630371094,0
2017,6,10,20,53,32.7184619140625,0
2017,6,10,20,53,34.888705078125,0
2017,6,10,20,53,36.6944411621094,0
2017,6,10,20,53,38.5429050292969,0
2017,6,10,20,53,40.4610258789062,0
2017,6,10,20,53,42.3833439941406,0
2017,6,10,20,53,44.3876770019531,0
2017,6,10,20,53,46.2010119628906,0
2017,6,10,20,53,48.0068701171875,0
2017,6,10,20,53,50.0083352050781,0
2017,6,10,20,53,52.0004321289062,0
2017,6,10,20,53,53.8061630859375,0
2017,6,10,20,53,55.7129479980469,0
2017,6,10,20,53,57.6600539550781,0
2017,6,10,20,53,59.5867700195313,0
2017,6,10,20,54,1.50964819335938,0
2017,6,10,20,54,3.38403198242187,0
2017,6,10,20,54,5.19002294921875,0
2017,6,10,20,54,7.58924096679687,0
2017,6,10,20,54,9.44749487304687,0
2017,6,10,20,54,11.2808161621094,0
2017,6,10,20,54,13.0908840332031,0
2017,6,10,20,54,15.0366721191406,0
2017,6,10,20,54,17.0007209472656,0
2017,6,10,20,54,19.0007998046875,0
2017,6,10,20,54,21.24837890625,0
2017,6,10,20,54,23.1107438964844,0
2017,6,10,20,54,25.09499609375,0
2017,6,10,20,54,27.0556530761719,0
2017,6,10,20,54,29.0024990234375,0
2017,6,10,20,54,30.822451171875,0
2017,6,10,20,54,32.6699870605469,0
2017,6,10,20,54,34.6598090820313,0
2017,6,10,20,54,36.4769670410156,0
2017,6,10,20,54,38.3816069335938,0
2017,6,10,20,54,40.3309150390625,0
2017,6,10,20,54,42.4120258789062,0
2017,6,10,20,54,44.2234140625,0
2017,6,10,20,54,46.1777670898437,0
2017,6,10,20,54,48.0041708984375,0
2017,6,10,20,54,49.9866340332031,0
2017,6,10,20,54,51.7923439941406,0
2017,6,10,20,54,53.6629169921875,0
2017,6,10,20,54,55.6408132324219,0
2017,6,10,20,54,57.5323930664063,0
2017,6,10,20,54,59.4099851074219,0
2017,6,10,20,55,1.36722387695312,0
2017,6,10,20,55,3.21843603515625,0
2017,6,10,20,55,5.1189189453125,0
2017,6,10,20,55,7.00950512695313,0
2017,6,10,20,55,9.00236791992188,0
2017,6,10,20,55,11.0705400390625,0
2017,6,10,20,55,13.0061340332031,0
2017,6,10,20,55,15.0426062011719,0
2017,6,10,20,55,17.0120319824219,0
2017,6,10,20,55,19.0026818847656,0
2017,6,10,20,55,20.8664309082031,0
2017,6,10,20,55,22.6838049316406,0
2017,6,10,20,55,24.6068298339844,0
2017,6,10,20,55,26.5778779296875,0
2017,6,10,20,55,28.4272348632812,0
2017,6,10,20,55,30.2572109375,0
2017,6,10,20,55,32.1869499511719,0
2017,6,10,20,55,34.003125,0
2017,6,10,20,55,35.8115520019531,0
2017,6,10,20,55,37.660833984375,0
2017,6,10,20,55,39.7267170410156,0
2017,6,10,20,55,41.64391796875,0
2017,6,10,20,55,43.449666015625,0
2017,6,10,20,55,45.3279318847656,0
2017,6,10,20,55,47.1338999023437,0
2017,6,10,20,55,48.9397622070313,0
2017,6,10,20,55,50.7454460449219,0
2017,6,10,20,55,52.5511870117188,0
2017,6,10,20,55,54.3569680175781,0
2017,6,10,20,55,56.1630009765625,0
2017,6,10,20,55,57.9688029785156,0
2017,6,10,20,55,59.7744819335937,0
2017,6,10,20,56,1.58044091796875,0
2017,6,10,20,56,3.38615112304687,0
2017,6,10,20,56,5.19184301757813,0
2017,6,10,20,56,6.99778100585938,0
2017,6,10,20,56,8.80384399414062,0
2017,6,10,20,56,10.6095759277344,0
2017,6,10,20,56,12.4155529785156,0
2017,6,10,20,56,14.2214919433594,0
2017,6,10,20,56,16.0274460449219,0
2017,6,10,20,56,17.8331440429688,0
2017,6,10,20,56,19.6388969726563,0
2017,6,10,20,56,21.4447250976562,0
2017,6,10,20,56,23.2506789550781,0
2017,6,10,20,56,25.0564311523438,0
2017,6,10,20,56,26.8621469726563,0
2017,6,10,20,56,28.6679658203125,0
2017,6,10,20,56,30.4739201660156,0
2017,6,10,20,56,32.279759765625,0
2017,6,10,20,56,34.0855651855469,0
2017,6,10,20,56,35.8914880371094,0
2017,6,10,20,56,37.6972990722656,0
2017,6,10,20,56,39.5031259765625,0
2017,6,10,20,56,41.308830078125,0
2017,6,10,20,56,43.1147980957031,0
2017,6,10,20,56,44.9205219726563,0
2017,6,10,20,56,46.7263701171875,0
2017,6,10,20,56,48.532078125,0
2017,6,10,20,56,50.3378950195313,0
2017,6,10,20,56,52.143666015625,0
2017,6,10,20,56,53.9494660644531,0
2017,6,10,20,56,55.7553059082031,0
2017,6,10,20,56,57.5611538085938,0
2017,6,10,20,56,59.367037109375,0
2017,6,10,20,57,1.172880859375,0
2017,6,10,20,57,2.97860595703125,0
2017,6,10,20,57,4.78445288085937,0
2017,6,10,20,57,6.59033203125,0
2017,6,10,20,57,8.3960791015625,0
2017,6,10,20,57,10.2018620605469,0
2017,6,10,20,57,12.0132250976562,0
2017,6,10,20,57,13.8189389648437,0
2017,6,10,20,57,15.6250358886719,0
2017,6,10,20,57,17.4307390136719,0
2017,6,10,20,57,19.2367099609375,0
2017,6,10,20,57,21.0425229492187,0
2017,6,10,20,57,22.8484741210938,0
2017,6,10,20,57,24.6542209472656,0
2017,6,10,20,57,26.4601159667969,0
2017,6,10,20,57,28.2661369628906,0
2017,6,10,20,57,30.0720151367188,0
2017,6,10,20,57,31.8778000488281,0
2017,6,10,20,57,33.6834890136719,0
2017,6,10,20,57,35.4893010253906,0
2017,6,10,20,57,37.2950419921875,0
2017,6,10,20,57,39.1007221679687,0
2017,6,10,20,57,40.9064599609375,0
2017,6,10,20,57,42.712373046875,0
2017,6,10,20,57,44.5180629882813,0
2017,6,10,20,57,46.3237458496094,0
2017,6,10,20,57,48.1297158203125,0
2017,6,10,20,57,49.935408203125,0
2017,6,10,20,57,51.7411650390625,0
2017,6,10,20,57,53.5469370117187,0
2017,6,10,20,57,55.3526420898437,0
2017,6,10,20,57,57.1583950195312,0
2017,6,10,20,57,58.9641069335937,0
2017,6,10,20,58,0.770003173828125,0
2017,6,10,20,58,2.57580908203125,0
2017,6,10,20,58,4.38156103515625,0
2017,6,10,20,58,6.18731176757812,0
2017,6,10,20,58,7.9931669921875,0
2017,6,10,20,58,9.79888012695313,0
2017,6,10,20,58,11.6047001953125,0
2017,6,10,20,58,13.4106469726563,0
2017,6,10,20,58,15.2167001953125,0
2017,6,10,20,58,17.0223540039063,0
2017,6,10,20,58,18.8282849121094,0
2017,6,10,20,58,20.6342629394531,0
2017,6,10,20,58,22.4400251464844,0
2017,6,10,20,58,24.2458940429688,0
2017,6,10,20,58,26.0518669433594,0
2017,6,10,20,58,27.8577321777344,0
2017,6,10,20,58,29.6635388183594,0
2017,6,10,20,58,31.4693610839844,0
2017,6,10,20,58,33.2750649414062,0
2017,6,10,20,58,35.080998046875,0
2017,6,10,20,58,36.8868229980469,0
2017,6,10,20,58,38.6925891113281,0
2017,6,10,20,58,40.49849609375,0
2017,6,10,20,58,42.3041999511719,0
2017,6,10,20,58,44.1100080566406,0
2017,6,10,20,58,45.915955078125,0
2017,6,10,20,58,47.7218168945313,0
2017,6,10,20,58,49.5278688964844,0
2017,6,10,20,58,51.3336948242188,0
2017,6,10,20,58,53.1393759765625,0
2017,6,10,20,58,54.9452651367188,0
2017,6,10,20,58,56.7510520019531,0
2017,6,10,20,58,58.5568908691406,0
2017,6,10,20,59,0.36280615234375,0
2017,6,10,20,59,2.16884399414062,0
2017,6,10,20,59,3.97473779296875,0
2017,6,10,20,59,5.78067700195312,0
2017,6,10,20,59,7.58637817382813,0
2017,6,10,20,59,9.39224291992188,0
2017,6,10,20,59,11.1981721191406,0
2017,6,10,20,59,13.0038129882813,0
2017,6,10,20,59,14.8095830078125,0
2017,6,10,20,59,16.6152939453125,0
2017,6,10,20,59,18.4210778808594,0
2017,6,10,20,59,20.2270490722656,0
2017,6,10,20,59,22.0330080566406,0
2017,6,10,20,59,23.8389909667969,0
2017,6,10,20,59,25.6448449707031,0
2017,6,10,20,59,27.4506179199219,0
2017,6,10,20,59,29.2563081054688,0
2017,6,10,20,59,31.0620419921875,0
2017,6,10,20,59,32.8677880859375,0
2017,6,10,20,59,34.6737419433594,0
2017,6,10,20,59,36.4797810058594,0
2017,6,10,20,59,38.2856540527344,0
2017,6,10,20,59,40.0913930664062,0
2017,6,10,20,59,41.8971381835938,0
2017,6,10,20,59,43.7030571289063,0
2017,6,10,20,59,45.5090681152344,0
2017,6,10,20,59,47.3148540039062,0
2017,6,10,20,59,49.1208178710937,0
2017,6,10,20,59,50.9265297851562,0
2017,6,10,20,59,52.7325051269531,0
2017,6,10,20,59,54.5383410644531,0
2017,6,10,20,59,56.3441459960938,0
2017,6,10,20,59,58.1501501464844,0
2017,6,10,20,59,59.9561259765625,0
2017,6,10,21,0,1.76182299804687,0
2017,6,10,21,0,3.57210400390625,0
2017,6,10,21,0,5.37797192382812,0
2017,6,10,21,0,7.18381494140625,0
2017,6,10,21,0,8.98972607421875,0
2017,6,10,21,0,10.7955888671875,0
2017,6,10,21,0,12.6013369140625,0
2017,6,10,21,0,14.40729296875,0
2017,6,10,21,0,16.2129970703125,0
2017,6,10,21,0,18.0189050292969,0
2017,6,10,21,0,19.8246938476562,0
2017,6,10,21,0,21.6306459960938,0
2017,6,10,21,0,23.4365161132813,0
2017,6,10,21,0,25.2422370605469,0
2017,6,10,21,0,27.0481560058594,0
2017,6,10,21,0,28.8540749511719,0
2017,6,10,21,0,30.6599450683594,0
2017,6,10,21,0,32.465673828125,0
2017,6,10,21,0,34.2714489746094,0
2017,6,10,21,0,36.0772058105469,0
2017,6,10,21,0,37.8831459960938,0
2017,6,10,21,0,39.6890500488281,0
2017,6,10,21,0,41.49500390625,0
2017,6,10,21,0,43.300880859375,0
2017,6,10,21,0,45.1065419921875,0
2017,6,10,21,0,46.9124040527344,0
2017,6,10,21,0,48.7182058105469,0
2017,6,10,21,0,50.5241831054688,0
2017,6,10,21,0,52.3300190429688,0
2017,6,10,21,0,54.1357670898438,0
2017,6,10,21,0,55.9416040039062,0
2017,6,10,21,0,57.7474289550781,0
2017,6,10,21,0,59.55324609375,0
2017,6,10,21,1,1.35892895507812,0
2017,6,10,21,1,3.16466186523437,0
2017,6,10,21,1,4.97041796875,0
2017,6,10,21,1,6.7762041015625,0
2017,6,10,21,1,8.58223510742187,0
2017,6,10,21,1,10.3881889648437,0
2017,6,10,21,1,12.1941271972656,0
2017,6,10,21,1,14.0001040039062,0
2017,6,10,21,1,15.8058410644531,0
2017,6,10,21,1,17.6119370117188,0
2017,6,10,21,1,19.4176359863281,0
2017,6,10,21,1,21.2235588378906,0
2017,6,10,21,1,23.0294541015625,0
2017,6,10,21,1,24.8353469238281,0
2017,6,10,21,1,26.6410620117187,0
2017,6,10,21,1,28.446916015625,0
2017,6,10,21,1,30.2545258789063,0
2017,6,10,21,1,32.0604091796875,0
2017,6,10,21,1,33.8663000488281,0
2017,6,10,21,1,35.6723608398437,0
2017,6,10,21,1,37.4783100585937,0
2017,6,10,21,1,39.2842641601562,0
2017,6,10,21,1,41.0901689453125,0
2017,6,10,21,1,42.8960249023437,0
2017,6,10,21,1,44.701751953125,0
2017,6,10,21,1,46.5077280273438,0
2017,6,10,21,1,48.3134760742187,0
2017,6,10,21,1,50.1192800292969,0
2017,6,10,21,1,51.925087890625,0
2017,6,10,21,1,53.7308259277344,0
2017,6,10,21,1,55.5367250976563,0
2017,6,10,21,1,57.3426789550781,0
2017,6,10,21,1,59.1484138183594,0
2017,6,10,21,2,0.95431005859375,0
2017,6,10,21,2,2.76009692382812,0
2017,6,10,21,2,4.56606787109375,0
2017,6,10,21,2,6.37186279296875,0
2017,6,10,21,2,8.177705078125,0
2017,6,10,21,2,9.98378198242187,0
2017,6,10,21,2,11.7895720214844,0
2017,6,10,21,2,13.5955268554687,0
2017,6,10,21,2,15.4014011230469,0
2017,6,10,21,2,17.2073518066406,0
2017,6,10,21,2,19.0135131835938,0
2017,6,10,21,2,20.819125,0
2017,6,10,21,2,22.6249089355469,0
2017,6,10,21,2,24.4306618652344,0
2017,6,10,21,2,26.23654296875,0
2017,6,10,21,2,28.042330078125,0
2017,6,10,21,2,29.8482570800781,0
2017,6,10,21,2,31.6542612304688,0
2017,6,10,21,2,33.4600551757812,0
2017,6,10,21,2,35.2660190429688,0
2017,6,10,21,2,37.0717900390625,0
2017,6,10,21,2,38.8775998535156,0
2017,6,10,21,2,40.68341796875,0
2017,6,10,21,2,42.4893459472656,0
2017,6,10,21,2,44.2952729492187,0
2017,6,10,21,2,46.1012160644531,0
2017,6,10,21,2,47.9069750976563,0
2017,6,10,21,2,49.712875,0
2017,6,10,21,2,51.5188588867188,0
2017,6,10,21,2,53.3246240234375,0
2017,6,10,21,2,55.1303288574219,0
2017,6,10,21,2,56.9360500488281,0
2017,6,10,21,2,58.7417568359375,0
2017,6,10,21,3,0.547676025390625,0
2017,6,10,21,3,2.353625,0
2017,6,10,21,3,4.15931616210938,0
2017,6,10,21,3,5.96511010742188,0
2017,6,10,21,3,7.770833984375,0
2017,6,10,21,3,9.57670678710937,0
2017,6,10,21,3,11.3824970703125,0
2017,6,10,21,3,13.1881931152344,0
2017,6,10,21,3,14.9938818359375,0
2017,6,10,21,3,16.7997619628906,0
2017,6,10,21,3,18.6056608886719,0
2017,6,10,21,3,20.411453125,0
2017,6,10,21,3,22.2173081054687,0
2017,6,10,21,3,24.0232961425781,0
2017,6,10,21,3,25.8290939941406,0
2017,6,10,21,3,27.6350769042969,0
2017,6,10,21,3,29.4407700195313,0
2017,6,10,21,3,31.2467338867188,0
2017,6,10,21,3,33.0524750976562,0
2017,6,10,21,3,34.8584289550781,0
2017,6,10,21,3,36.6642858886719,0
2017,6,10,21,3,38.4702370605469,0
2017,6,10,21,3,40.2761750488281,0
2017,6,10,21,3,42.0820100097656,0
2017,6,10,21,3,43.8877338867187,0
2017,6,10,21,3,45.6935419921875,0
2017,6,10,21,3,47.4992529296875,0
2017,6,10,21,3,49.3049809570312,1
2017,6,10,21,3,51.1107939453125,1
2017,6,10,21,3,52.9167312011719,1
2017,6,10,21,3,54.7226591796875,1
2017,6,10,21,3,56.528458984375,1
2017,6,10,21,3,58.3344240722656,1
2017,6,10,21,4,0.1402080078125,1
2017,6,10,21,4,1.94617211914063,1
2017,6,10,21,4,3.75197607421875,1
2017,6,10,21,4,5.55779418945312,1
2017,6,10,21,4,7.363501953125,1
2017,6,10,21,4,9.16927294921875,1
2017,6,10,21,4,10.9750620117187,1
2017,6,10,21,4,12.7810090332031,1
2017,6,10,21,4,14.5868740234375,1
2017,6,10,21,4,16.39266796875,0
2017,6,10,21,4,18.1983999023437,0
2017,6,10,21,4,20.004375,0
2017,6,10,21,4,21.8102080078125,0
2017,6,10,21,4,23.6159948730469,0
2017,6,10,21,4,25.4216940917969,0
2017,6,10,21,4,27.2274748535156,0
2017,6,10,21,4,29.0334040527344,0
2017,6,10,21,4,30.8393901367187,0
2017,6,10,21,4,32.6451809082031,0
2017,6,10,21,4,34.450951171875,0
2017,6,10,21,4,36.2587048339844,0
2017,6,10,21,4,38.0627690429688,0
2017,6,10,21,4,39.8686789550781,0
2017,6,10,21,4,41.6743969726562,0
2017,6,10,21,4,43.4802919921875,0
2017,6,10,21,4,45.2861049804687,0
2017,6,10,21,4,47.0917971191406,0
2017,6,10,21,4,48.8977990722656,0
2017,6,10,21,4,50.703625,0
2017,6,10,21,4,52.5096130371094,0
2017,6,10,21,4,54.3153610839844,0
2017,6,10,21,4,56.1210571289063,0
2017,6,10,21,4,57.9269799804688,0
2017,6,10,21,4,59.7328620605469,0
2017,6,10,21,5,1.53858984375,0
2017,6,10,21,5,3.34457202148438,0
2017,6,10,21,5,5.1503330078125,0
2017,6,10,21,5,6.95602197265625,0
2017,6,10,21,5,8.76176000976563,0
2017,6,10,21,5,10.5676350097656,0
2017,6,10,21,5,12.3733068847656,0
2017,6,10,21,5,14.179,0
2017,6,10,21,5,15.9847219238281,0
2017,6,10,21,5,17.7905170898437,0
2017,6,10,21,5,19.5963508300781,0
2017,6,10,21,5,21.4020690917969,0
2017,6,10,21,5,23.2077739257813,0
2017,6,10,21,5,25.0136130371094,0
2017,6,10,21,5,26.8193449707031,0
2017,6,10,21,5,28.6250378417969,0
2017,6,10,21,5,30.4307338867187,0
2017,6,10,21,5,32.2364831542969,0
2017,6,10,21,5,34.0423020019531,0
2017,6,10,21,5,35.848251953125,0
2017,6,10,21,5,37.6542180175781,0
2017,6,10,21,5,39.4600971679687,0
2017,6,10,21,5,41.2658159179688,0
2017,6,10,21,5,43.0715588378906,0
2017,6,10,21,5,44.8773940429688,0
2017,6,10,21,5,46.6831860351562,0
2017,6,10,21,5,48.4892229003906,0
2017,6,10,21,5,50.2949709472656,0
2017,6,10,21,5,52.1007021484375,0
2017,6,10,21,5,53.9065190429688,0
2017,6,10,21,5,55.7124560546875,0
2017,6,10,21,5,57.518255859375,0
2017,6,10,21,5,59.3240571289062,0
2017,6,10,21,6,1.12984985351562,0
2017,6,10,21,6,2.93581689453125,0
2017,6,10,21,6,4.74157690429687,0
2017,6,10,21,6,6.5475400390625,0
2017,6,10,21,6,8.36207104492187,0
2017,6,10,21,6,10.1680390625,0
2017,6,10,21,6,11.9739799804687,0
2017,6,10,21,6,13.7800778808594,0
2017,6,10,21,6,15.5859479980469,0
2017,6,10,21,6,17.3919079589844,0
2017,6,10,21,6,19.1978371582031,0
2017,6,10,21,6,21.0036789550781,0
2017,6,10,21,6,22.8095651855469,0
2017,6,10,21,6,24.6154731445313,0
2017,6,10,21,6,26.4214621582031,0
2017,6,10,21,6,28.2272919921875,0
2017,6,10,21,6,30.0330300292969,0
2017,6,10,21,6,31.8388430175781,0
2017,6,10,21,6,33.6446010742187,0
2017,6,10,21,6,35.4505368652344,0
2017,6,10,21,6,37.2562639160156,0
2017,6,10,21,6,39.0619750976563,0
2017,6,10,21,6,40.867666015625,0
2017,6,10,21,6,42.6734360351563,0
2017,6,10,21,6,44.4793369140625,0
2017,6,10,21,6,46.2852958984375,0
2017,6,10,21,6,48.0911181640625,0
2017,6,10,21,6,49.8968869628906,0
2017,6,10,21,6,51.7026979980469,0
2017,6,10,21,6,53.5085339355469,0
2017,6,10,21,6,55.3143579101562,0
2017,6,10,21,6,57.1200729980469,0
2017,6,10,21,6,58.926001953125,0
2017,6,10,21,7,0.73172802734375,0
2017,6,10,21,7,2.53748901367188,0
2017,6,10,21,7,4.34347192382813,0
2017,6,10,21,7,6.14942919921875,0
2017,6,10,21,7,7.95536596679688,0
2017,6,10,21,7,9.76335913085937,0
2017,6,10,21,7,11.5693049316406,0
2017,6,10,21,7,13.37520703125,0
2017,6,10,21,7,15.1811508789062,0
2017,6,10,21,7,16.9869079589844,0
2017,6,10,21,7,18.7927739257813,0
2017,6,10,21,7,20.5985869140625,0
2017,6,10,21,7,22.4043549804687,0
2017,6,10,21,7,24.2101909179687,0
2017,6,10,21,7,26.0161459960938,0
2017,6,10,21,7,27.821994140625,0
2017,6,10,21,7,29.6279719238281,0
2017,6,10,21,7,31.43387890625,0
2017,6,10,21,7,33.2439809570312,0
2017,6,10,21,7,35.0498430175781,0
2017,6,10,21,7,36.8556049804687,0
2017,6,10,21,7,38.6614899902344,0
2017,6,10,21,7,40.4672690429688,0
2017,6,10,21,7,42.2730600585937,0
2017,6,10,21,7,44.0789521484375,0
2017,6,10,21,7,45.8849020996094,0
2017,6,10,21,7,47.6908349609375,0
2017,6,10,21,7,49.4965439453125,0
2017,6,10,21,7,51.3025739746094,0
2017,6,10,21,7,53.1083627929687,0
2017,6,10,21,7,54.9141840820312,0
2017,6,10,21,7,56.7199450683594,0
2017,6,10,21,7,58.5258920898438,0
2017,6,10,21,8,0.33169287109375,0
2017,6,10,21,8,2.13763598632812,0
2017,6,10,21,8,3.94362084960937,0
2017,6,10,21,8,5.74931494140625,0
2017,6,10,21,8,7.5550029296875,0
2017,6,10,21,8,9.36097778320313,0
2017,6,10,21,8,11.1668000488281,0
2017,6,10,21,8,12.9728310546875,0
2017,6,10,21,8,14.778462890625,0
2017,6,10,21,8,16.5843869628906,0
2017,6,10,21,8,18.3901340332031,0
2017,6,10,21,8,20.1958830566406,0
2017,6,10,21,8,22.0018178710937,0
2017,6,10,21,8,23.8075480957031,0
2017,6,10,21,8,25.6135029296875,0
2017,6,10,21,8,27.4193698730469,0
2017,6,10,21,8,29.2252341308594,0
2017,6,10,21,8,31.031001953125,0
2017,6,10,21,8,32.836873046875,0
2017,6,10,21,8,34.642666015625,0
2017,6,10,21,8,36.448373046875,0
2017,6,10,21,8,38.2542231445313,0
2017,6,10,21,8,40.0599680175781,0
2017,6,10,21,8,41.8657241210937,0
2017,6,10,21,8,43.6714680175781,0
2017,6,10,21,8,45.4772380371094,0
2017,6,10,21,8,47.2832229003906,0
2017,6,10,21,8,49.08903515625,0
2017,6,10,21,8,50.8948601074219,0
2017,6,10,21,8,52.7005629882812,0
2017,6,10,21,8,54.5064509277344,0
2017,6,10,21,8,56.3123979492187,0
2017,6,10,21,8,58.1264479980469,0
2017,6,10,21,8,59.9322819824219,0
2017,6,10,21,9,1.73822802734375,0
2017,6,10,21,9,3.54401000976562,0
2017,6,10,21,9,5.34965112304687,0
2017,6,10,21,9,7.15561108398438,0
2017,6,10,21,9,8.96144091796875,0
2017,6,10,21,9,10.76712890625,0
2017,6,10,21,9,12.5729909667969,0
2017,6,10,21,9,14.378876953125,0
2017,6,10,21,9,16.1850620117187,0
2017,6,10,21,9,17.9907561035156,0
2017,6,10,21,9,19.7966079101563,0
2017,6,10,21,9,21.6024790039063,0
2017,6,10,21,9,23.4081899414062,0
2017,6,10,21,9,25.2141162109375,0
2017,6,10,21,9,27.0198449707031,0
2017,6,10,21,9,28.8256110839844,0
2017,6,10,21,9,30.6314790039063,0
2017,6,10,21,9,32.437330078125,0
2017,6,10,21,9,34.2430520019531,0
2017,6,10,21,9,36.048748046875,0
2017,6,10,21,9,37.8546159667969,0
2017,6,10,21,9,39.660466796875,0
2017,6,10,21,9,41.4663859863281,0
2017,6,10,21,9,43.2723439941406,0
2017,6,10,21,9,45.0782290039063,0
2017,6,10,21,9,46.8840671386719,0
2017,6,10,21,9,48.6899221191406,0
2017,6,10,21,9,50.4958649902344,0
2017,6,10,21,9,52.3017248535156,0
2017,6,10,21,9,54.1076550292969,0
2017,6,10,21,9,55.913375,0
2017,6,10,21,9,57.7191379394531,0
2017,6,10,21,9,59.5249470214844,0
2017,6,10,21,10,1.33087890625,0
2017,6,10,21,10,3.13660180664063,0
2017,6,10,21,10,4.9432421875,0
2017,6,10,21,10,6.74847705078125,0
2017,6,10,21,10,8.55417993164063,0
2017,6,10,21,10,10.3600258789062,0
2017,6,10,21,10,12.1664331054687,0
2017,6,10,21,10,13.9717509765625,0
2017,6,10,21,12,27.2836030273438,0
2017,6,10,21,12,29.0895231933594,0
2017,6,10,21,12,30.8952780761719,0
2017,6,10,21,12,32.7010590820313,0
2017,6,10,21,12,34.5069938964844,0
2017,6,10,21,12,36.3128559570313,0
2017,6,10,21,12,38.1188850097656,0
2017,6,10,21,12,39.9247980957031,0
2017,6,10,21,12,41.7307290039062,0
2017,6,10,21,12,43.5365869140625,0
2017,6,10,21,12,45.3425690917969,0
2017,6,10,21,12,47.1484270019531,0
2017,6,10,21,12,48.9540651855469,0
2017,6,10,21,12,50.7598039550781,0
2017,6,10,21,12,52.5656359863281,0
2017,6,10,21,12,54.3715788574219,0
2017,6,10,21,12,56.1773291015625,0
2017,6,10,21,12,57.9831909179687,0
2017,6,10,21,12,59.7891381835937,0
2017,6,10,21,13,1.59486010742188,0
2017,6,10,21,13,3.40076293945312,0
2017,6,10,21,13,5.20647192382812,0
2017,6,10,21,13,7.01589599609375,0
2017,6,10,21,13,8.821833984375,0
2017,6,10,21,13,10.627791015625,0
2017,6,10,21,13,12.4337800292969,0
2017,6,10,21,13,14.2396640625,0
2017,6,10,21,13,16.0453979492187,0
2017,6,10,21,13,17.851208984375,0
2017,6,10,21,13,19.6571218261719,0
2017,6,10,21,13,21.4631098632813,0
2017,6,10,21,13,23.2688078613281,0
2017,6,10,21,13,25.0746491699219,0
2017,6,10,21,13,26.8804479980469,0
2017,6,10,21,13,28.6862990722656,0
2017,6,10,21,13,30.4922658691406,0
2017,6,10,21,13,32.2980671386719,0
2017,6,10,21,13,34.1039650878906,0
2017,6,10,21,13,35.9097749023437,0
2017,6,10,21,13,37.7153950195313,0
2017,6,10,21,13,39.5211550292969,0
2017,6,10,21,13,41.3268898925781,0
2017,6,10,21,13,43.1326669921875,0
2017,6,10,21,13,44.9383859863281,0
2017,6,10,21,13,46.7442319335938,0
2017,6,10,21,13,48.5501979980469,0
2017,6,10,21,13,50.3558439941406,0
2017,6,10,21,13,52.1628251953125,0
2017,6,10,21,13,53.9687468261719,0
2017,6,10,21,13,55.7746430664062,0
2017,6,10,21,13,57.580748046875,0
2017,6,10,21,13,59.38645703125,0
2017,6,10,21,14,1.19221899414062,0
2017,6,10,21,14,2.9980810546875,0
2017,6,10,21,14,4.803798828125,0
2017,6,10,21,14,6.60964892578125,0
2017,6,10,21,14,8.41563793945313,0
2017,6,10,21,14,10.2213449707031,0
2017,6,10,21,14,12.0270700683594,0
2017,6,10,21,14,13.8330139160156,0
2017,6,10,21,14,15.6388029785156,0
2017,6,10,21,14,17.4447429199219,0
2017,6,10,21,14,19.2505578613281,0
2017,6,10,21,14,21.0564958496094,0
2017,6,10,21,14,22.8621989746094,0
2017,6,10,21,14,24.6679799804688,0
2017,6,10,21,14,26.4737749023437,0
2017,6,10,21,14,28.27970703125,0
2017,6,10,21,14,30.0856750488281,0
2017,6,10,21,14,31.8915290527344,0
2017,6,10,21,14,33.6972338867187,0
2017,6,10,21,14,35.5030578613281,0
2017,6,10,21,14,37.3090068359375,0
2017,6,10,21,14,39.1151040039062,0
2017,6,10,21,14,40.9209521484375,0
2017,6,10,21,14,42.726751953125,0
2017,6,10,21,14,44.5326689453125,0
2017,6,10,21,14,46.3383911132812,0
2017,6,10,21,14,48.1441669921875,0
2017,6,10,21,14,49.9499299316406,0
2017,6,10,21,14,51.7558090820312,0
2017,6,10,21,14,53.5615610351563,0
2017,6,10,21,14,55.3673630371094,0
2017,6,10,21,14,57.1730671386719,0
2017,6,10,21,14,58.978962890625,0
2017,6,10,21,15,0.7848388671875,0
2017,6,10,21,15,2.59063793945313,0
2017,6,10,21,15,4.396455078125,0
2017,6,10,21,15,6.20256005859375,0
2017,6,10,21,15,8.00840405273438,0
2017,6,10,21,15,9.81421704101563,0
2017,6,10,21,15,11.6199499511719,0
2017,6,10,21,15,13.4256779785156,0
2017,6,10,21,15,15.231408203125,0
2017,6,10,21,15,17.037203125,0
2017,6,10,21,15,18.8430190429687,0
2017,6,10,21,15,20.6487971191406,0
2017,6,10,21,15,22.4545100097656,0
2017,6,10,21,15,24.26045703125,0
2017,6,10,21,15,26.0662329101562,0
2017,6,10,21,15,27.8719721679687,0
2017,6,10,21,15,29.6778369140625,0
2017,6,10,21,15,31.4838239746094,0
2017,6,10,21,15,33.2896608886719,0
2017,6,10,21,15,35.0956120605469,0
2017,6,10,21,15,36.9013269042969,0
2017,6,10,21,15,38.7071271972656,0
2017,6,10,21,15,40.5129060058594,0
2017,6,10,21,15,42.3187680664062,0
2017,6,10,21,15,44.1245190429687,0
2017,6,10,21,15,45.9304580078125,0
2017,6,10,21,15,47.7362570800781,0
2017,6,10,21,15,49.5421640625,0
2017,6,10,21,15,51.3478579101563,0
2017,6,10,21,15,53.1539719238281,0
2017,6,10,21,15,54.9597570800781,0
2017,6,10,21,15,56.7656350097656,0
2017,6,10,21,15,58.5713488769531,0
2017,6,10,21,16,0.377465087890625,0
2017,6,10,21,16,2.18331689453125,0
2017,6,10,21,16,3.98903491210937,0
2017,6,10,21,16,5.794748046875,0
2017,6,10,21,16,7.6004560546875,0
2017,6,10,21,16,9.4061611328125,0
2017,6,10,21,16,11.2118520507812,0
2017,6,10,21,16,13.0175649414063,0
2017,6,10,21,16,14.8234501953125,0
2017,6,10,21,16,16.6292219238281,0
2017,6,10,21,16,18.4349411621094,0
2017,6,10,21,16,20.2406640625,0
2017,6,10,21,16,22.0466279296875,0
2017,6,10,21,16,23.8524389648437,0
2017,6,10,21,16,25.6581999511719,0
2017,6,10,21,16,27.4640209960938,0
2017,6,10,21,16,29.2697600097656,0
2017,6,10,21,16,31.0754790039062,0
2017,6,10,21,16,32.8814147949219,0
2017,6,10,21,16,34.6872338867188,0
2017,6,10,21,16,36.4930788574219,1
2017,6,10,21,16,38.2988469238281,1
2017,6,10,21,16,40.1048090820313,1
2017,6,10,21,16,41.910708984375,1
2017,6,10,21,16,43.7164331054688,1
2017,6,10,21,16,45.5221201171875,1
2017,6,10,21,16,47.3280161132813,1
2017,6,10,21,16,49.1339660644531,1
2017,6,10,21,16,50.939794921875,1
2017,6,10,21,16,52.7456418457031,1
2017,6,10,21,16,54.5514440917969,1
2017,6,10,21,16,56.3571391601563,1
2017,6,10,21,16,58.1628430175781,1
2017,6,10,21,16,59.9688278808594,1
2017,6,10,21,17,1.7747109375,1
2017,6,10,21,17,3.58044799804687,1
2017,6,10,21,17,5.3862978515625,1
2017,6,10,21,17,7.19202807617187,1
2017,6,10,21,17,8.99792700195312,1
2017,6,10,21,17,10.8037241210938,1
2017,6,10,21,17,12.6094338378906,1
2017,6,10,21,17,14.4151760253906,1
2017,6,10,21,17,16.2210239257812,1
2017,6,10,21,17,18.0268039550781,1
2017,6,10,21,17,19.8325119628906,1
2017,6,10,21,17,21.6383950195312,1
2017,6,10,21,17,23.4441320800781,1
2017,6,10,21,17,25.2499338378906,1
2017,6,10,21,17,27.0556418457031,1
2017,6,10,21,17,28.8615698242188,1
2017,6,10,21,17,30.6674831542969,1
2017,6,10,21,17,32.4733901367187,1
2017,6,10,21,17,34.2791220703125,1
2017,6,10,21,17,36.0851098632812,1
2017,6,10,21,17,37.8907990722656,1
2017,6,10,21,17,39.6966350097656,1
2017,6,10,21,17,41.5024567871094,1
2017,6,10,21,17,43.3081918945312,1
2017,6,10,21,17,45.1140239257812,1
2017,6,10,21,17,46.9197121582031,1
2017,6,10,21,17,48.7255969238281,1
2017,6,10,21,17,50.5313110351562,1
2017,6,10,21,17,52.3373562011719,1
2017,6,10,21,17,54.1433168945313,1
2017,6,10,21,17,55.9491838378906,1
2017,6,10,21,17,57.7549799804687,1
2017,6,10,21,17,59.5609030761719,1
2017,6,10,21,18,1.36665502929687,1
2017,6,10,21,18,3.1725849609375,1
2017,6,10,21,18,4.97855493164063,1
2017,6,10,21,18,6.78442407226563,1
2017,6,10,21,18,8.59014208984375,1
2017,6,10,21,18,10.3961110839844,1
2017,6,10,21,18,12.2018698730469,1
2017,6,10,21,18,14.007955078125,1
2017,6,10,21,18,15.8139030761719,1
2017,6,10,21,18,17.6198630371094,1
2017,6,10,21,18,19.4255629882812,1
2017,6,10,21,18,21.2314370117188,1
2017,6,10,21,18,23.0372290039063,1
2017,6,10,21,18,24.84316796875,1
2017,6,10,21,18,26.6491159667969,1
2017,6,10,21,18,28.4549948730469,1
2017,6,10,21,18,30.2609790039063,1
2017,6,10,21,18,32.0668449707031,1
2017,6,10,21,18,33.8725419921875,1
2017,6,10,21,18,35.6784938964844,1
2017,6,10,21,18,37.4842587890625,1
2017,6,10,21,18,39.2900791015625,1
2017,6,10,21,18,41.095791015625,1
2017,6,10,21,18,42.9016831054687,1
2017,6,10,21,18,44.7075551757813,1
2017,6,10,21,18,46.5132780761719,1
2017,6,10,21,18,48.3192680664063,1
2017,6,10,21,18,50.1249858398438,1
2017,6,10,21,18,51.9307819824219,1
2017,6,10,21,18,53.7365341796875,1
2017,6,10,21,18,55.5423100585937,1
2017,6,10,21,18,57.3484060058594,1
2017,6,10,21,18,59.1540661621094,1
2017,6,10,21,19,0.959813232421875,1
2017,6,10,21,19,2.76560083007812,1
2017,6,10,21,19,4.5715029296875,1
2017,6,10,21,19,6.37722900390625,1
2017,6,10,21,19,8.18315502929688,1
2017,6,10,21,19,9.98915600585937,1
2017,6,10,21,19,11.7950280761719,1
2017,6,10,21,19,13.6008859863281,1
2017,6,10,21,19,15.4066201171875,1
2017,6,10,21,19,17.2123820800781,1
2017,6,10,21,19,19.0182841796875,1
2017,6,10,21,19,20.8241779785156,1
2017,6,10,21,19,22.6298989257813,1
2017,6,10,21,19,24.435626953125,1
2017,6,10,21,19,26.2415959472656,1
2017,6,10,21,19,28.0472878417969,1
2017,6,10,21,19,29.8532290039063,1
2017,6,10,21,19,31.6618950195313,1
2017,6,10,21,19,33.4677570800781,1
2017,6,10,21,19,35.27358203125,1
2017,6,10,21,19,37.0795849609375,1
2017,6,10,21,19,38.8854460449219,1
2017,6,10,21,19,40.691169921875,1
2017,6,10,21,19,42.4969848632812,2
2017,6,10,21,19,44.302916015625,2
2017,6,10,21,19,46.1088090820313,2
2017,6,10,21,19,47.9147119140625,2
2017,6,10,21,19,49.7204389648438,2
2017,6,10,21,19,51.5264201660156,2
2017,6,10,21,19,53.3323610839844,2
2017,6,10,21,19,55.1380561523438,2
2017,6,10,21,19,56.9439331054688,2
2017,6,10,21,19,58.7496879882813,2
2017,6,10,21,20,0.555382080078125,2
2017,6,10,21,20,2.36135693359375,2
2017,6,10,21,20,4.16728588867188,2
2017,6,10,21,20,5.97301513671875,2
2017,6,10,21,20,7.77888403320313,2
2017,6,10,21,20,9.58483911132813,2
2017,6,10,21,20,11.3908989257813,1
2017,6,10,21,20,13.1968291015625,1
2017,6,10,21,20,15.0027180175781,1
2017,6,10,21,20,16.8086330566406,1
2017,6,10,21,20,18.6145319824219,1
2017,6,10,21,20,20.4204819335937,1
2017,6,10,21,20,22.2261608886719,1
2017,6,10,21,20,24.0321330566406,1
2017,6,10,21,20,25.8387900390625,1
2017,6,10,21,20,27.6447561035156,1
2017,6,10,21,20,29.4504470214844,1
2017,6,10,21,20,31.256287109375,1
2017,6,10,21,20,33.0622590332031,1
2017,6,10,21,20,34.8681940917969,1
2017,6,10,21,20,36.6739409179687,1
2017,6,10,21,20,38.4797238769531,1
2017,6,10,21,20,40.2856818847656,1
2017,6,10,21,20,42.0916181640625,1
2017,6,10,21,20,43.8973540039063,1
2017,6,10,21,20,45.7032111816406,1
2017,6,10,21,20,47.5089729003906,1
2017,6,10,21,20,49.3149189453125,1
2017,6,10,21,20,51.1206618652344,1
2017,6,10,21,20,52.926619140625,1
2017,6,10,21,20,54.7323950195313,1
2017,6,10,21,20,56.5440061035156,1
2017,6,10,21,20,58.3498891601563,1
2017,6,10,21,21,0.155803955078125,1
2017,6,10,21,21,1.96163305664063,1
2017,6,10,21,21,3.76735913085937,1
2017,6,10,21,21,5.57315307617188,1
2017,6,10,21,21,7.37896118164062,1
2017,6,10,21,21,9.18485693359375,1
2017,6,10,21,21,10.9906530761719,1
2017,6,10,21,21,12.7963559570312,1
2017,6,10,21,21,14.6023271484375,1
2017,6,10,21,21,16.4080920410156,1
2017,6,10,21,21,18.214041015625,1
2017,6,10,21,21,20.0198469238281,1
2017,6,10,21,21,21.8255551757813,1
2017,6,10,21,21,23.6312490234375,1
2017,6,10,21,21,25.4371159667969,1
2017,6,10,21,21,27.2430068359375,1
2017,6,10,21,21,29.0489609375,1
2017,6,10,21,21,30.8547690429688,1
2017,6,10,21,21,32.6605339355469,1
2017,6,10,21,21,34.4664130859375,1
2017,6,10,21,21,36.2721579589844,1
2017,6,10,21,21,38.0779431152344,1
2017,6,10,21,21,39.8838779296875,1
2017,6,10,21,21,41.6896770019531,1
2017,6,10,21,21,43.4954230957031,1
2017,6,10,21,21,45.3013920898438,1
2017,6,10,21,21,47.1070900878906,1
2017,6,10,21,21,48.9131201171875,1
2017,6,10,21,21,50.7187390136719,1
2017,6,10,21,21,52.5247270507813,0
2017,6,10,21,21,54.3306999511719,0
2017,6,10,21,21,56.1364460449219,0
2017,6,10,21,21,57.9421350097656,0
2017,6,10,21,21,59.7479729003906,0
2017,6,10,21,22,1.55388305664062,0
2017,6,10,21,22,3.35964477539062,0
2017,6,10,21,22,5.16541015625,0
2017,6,10,21,22,6.97109106445312,0
2017,6,10,21,22,8.77705908203125,0
2017,6,10,21,22,10.5829311523438,0
2017,6,10,21,22,12.3888239746094,0
2017,6,10,21,22,14.1946159667969,0
2017,6,10,21,22,16.000541015625,0
2017,6,10,21,22,17.8064858398437,0
2017,6,10,21,22,19.6123828125,0
2017,6,10,21,22,21.4266838378906,0
2017,6,10,21,22,23.2323759765625,0
2017,6,10,21,22,25.0380817871094,0
2017,6,10,21,22,26.844375,0
2017,6,10,21,22,28.6501091308594,0
2017,6,10,21,22,30.4558220214844,0
2017,6,10,21,22,32.261578125,0
2017,6,10,21,22,34.06745703125,0
2017,6,10,21,22,35.8733310546875,0
2017,6,10,21,22,37.6791401367188,0
2017,6,10,21,22,39.4850668945313,0
2017,6,10,21,22,41.2909270019531,0
2017,6,10,21,22,43.0966831054687,0
2017,6,10,21,22,44.9025639648438,0
2017,6,10,21,22,46.7083818359375,0
2017,6,10,21,22,48.5140791015625,0
2017,6,10,21,22,50.3199260253906,0
2017,6,10,21,22,52.1257780761719,0
2017,6,10,21,22,53.93146484375,0
2017,6,10,21,22,55.7371530761719,0
2017,6,10,21,22,57.5430729980469,0
2017,6,10,21,22,59.3490520019531,0
2017,6,10,21,23,1.15513793945312,0
2017,6,10,21,23,2.96089599609375,0
2017,6,10,21,23,56.5721499023438,0
2017,6,10,21,23,58.3778737792969,0
2017,6,10,21,24,0.188175048828125,0
2017,6,10,21,24,1.99397290039063,0
2017,6,10,21,24,3.79989697265625,0
2017,6,10,21,24,5.60596801757812,0
2017,6,10,21,24,7.41180102539063,0
2017,6,10,21,24,9.21767700195313,0
2017,6,10,21,24,11.0236030273437,0
2017,6,10,21,24,12.8294311523437,0
2017,6,10,21,24,14.6353469238281,0
2017,6,10,21,24,16.4411479492187,0
2017,6,10,21,24,18.2468820800781,0
2017,6,10,21,24,20.0527861328125,0
2017,6,10,21,24,21.8586730957031,0
2017,6,10,21,24,23.6645578613281,0
2017,6,10,21,24,25.4704880371094,0
2017,6,10,21,24,27.2765131835937,0
2017,6,10,21,24,29.0821689453125,0
2017,6,10,21,24,30.88796484375,0
2017,6,10,21,24,32.6939279785156,0
2017,6,10,21,24,34.4997438964844,0
2017,6,10,21,24,36.3055168457031,0
2017,6,10,21,24,38.1112658691406,0
2017,6,10,21,24,39.9171608886719,0
2017,6,10,21,24,41.7826899414062,0
2017,6,10,21,24,43.7375170898437,0
2017,6,10,21,24,45.7495229492188,0
2017,6,10,21,24,47.7181770019531,0
2017,6,10,21,24,49.7519509277344,0
2017,6,10,21,24,51.557919921875,0
2017,6,10,21,24,53.6091840820312,0
2017,6,10,21,24,55.6351450195313,0
2017,6,10,21,24,57.4878891601563,0
2017,6,10,21,24,59.4244189453125,0
2017,6,10,21,25,1.34856201171875,0
2017,6,10,21,25,3.186283203125,0
2017,6,10,21,25,5.181125,0
2017,6,10,21,25,7.04892797851562,0
2017,6,10,21,25,9.04947216796875,0
2017,6,10,21,25,11.0764008789063,0
2017,6,10,21,25,13.0524240722656,0
2017,6,10,21,25,15.0951320800781,0
2017,6,10,21,25,16.9010109863281,0
2017,6,10,21,25,18.706953125,0
2017,6,10,21,25,20.7334189453125,0
2017,6,10,21,25,22.5391359863281,0
2017,6,10,21,25,24.4135170898438,0
2017,6,10,21,25,26.3562529296875,0
2017,6,10,21,25,28.2927429199219,0
2017,6,10,21,25,30.1830249023437,0
2017,6,10,21,25,32.0771091308594,0
2017,6,10,21,25,34.0493159179687,0
2017,6,10,21,25,35.8802941894531,0
2017,6,10,21,25,37.6984060058594,0
2017,6,10,21,25,39.8800400390625,0
2017,6,10,21,25,41.6894719238281,0
2017,6,10,21,25,43.5341740722656,0
2017,6,10,21,25,45.4782819824219,0
2017,6,10,21,25,47.4656379394531,0
2017,6,10,21,25,49.4872709960937,0
2017,6,10,21,25,51.29312890625,0
2017,6,10,21,25,53.2030339355469,0
2017,6,10,21,25,55.0464221191406,0
2017,6,10,21,25,56.8522729492188,0
2017,6,10,21,25,58.7344619140625,0
2017,6,10,21,26,0.705947998046875,0
2017,6,10,21,26,2.53338598632812,0
2017,6,10,21,26,4.4754208984375,0
2017,6,10,21,26,6.28131396484375,0
2017,6,10,21,26,8.08701611328125,0
2017,6,10,21,26,10.1305871582031,0
2017,6,10,21,26,12.0514270019531,0
2017,6,10,21,26,13.8670969238281,0
2017,6,10,21,26,15.8405390625,0
2017,6,10,21,26,17.6944870605469,0
2017,6,10,21,26,19.9185239257813,0
2017,6,10,21,26,21.7243640136719,0
2017,6,10,21,26,23.6227829589844,0
2017,6,10,21,26,25.5680639648437,0
2017,6,10,21,26,27.4286088867187,0
2017,6,10,21,26,29.2343549804688,0
2017,6,10,21,26,31.0577348632813,0
2017,6,10,21,26,33.0519560546875,0
2017,6,10,21,26,34.8756608886719,0
2017,6,10,21,26,36.8155979003906,0
2017,6,10,21,26,38.6713449707031,0
2017,6,10,21,26,40.74433203125,0
2017,6,10,21,26,42.6319948730469,0
2017,6,10,21,26,44.6235090332031,0
2017,6,10,21,26,46.4949760742187,0
2017,6,10,21,26,48.3010671386719,0
2017,6,10,21,26,50.1881918945313,0
2017,6,10,21,26,52.0517810058594,0
2017,6,10,21,26,53.8901511230469,0
2017,6,10,21,26,55.7546789550781,0
2017,6,10,21,26,57.67183984375,0
2017,6,10,21,26,59.6781340332031,0
2017,6,10,21,27,1.76777905273438,0
2017,6,10,21,27,3.6824951171875,0
2017,6,10,21,27,5.60794091796875,0
2017,6,10,21,27,7.42032690429687,0
2017,6,10,21,27,9.44286596679687,0
2017,6,10,21,27,11.2791098632812,0
2017,6,10,21,27,13.0848500976563,0
2017,6,10,21,27,15.0843520507813,0
2017,6,10,21,27,16.8901860351563,0
2017,6,10,21,27,18.7933481445313,0
2017,6,10,21,27,20.8078488769531,0
2017,6,10,21,27,22.6925830078125,0
2017,6,10,21,27,24.6694541015625,0
2017,6,10,21,27,26.4752121582031,0
2017,6,10,21,27,28.281080078125,0
2017,6,10,21,27,30.0867668457031,0
2017,6,10,21,27,31.892580078125,0
2017,6,10,21,27,33.6982880859375,0
2017,6,10,21,27,35.5041579589844,0
2017,6,10,21,27,37.3099870605469,0
2017,6,10,21,27,39.11583203125,0
2017,6,10,21,27,40.9218029785156,0
2017,6,10,21,27,42.7351320800781,0
2017,6,10,21,27,44.5409541015625,0
2017,6,10,21,27,46.3468210449219,0
2017,6,10,21,27,48.1546560058594,0
2017,6,10,21,27,49.9587141113281,0
2017,6,10,21,27,51.7646320800781,0
2017,6,10,21,27,53.5703371582031,0
2017,6,10,21,27,55.3763078613281,0
2017,6,10,21,27,57.1820590820313,0
2017,6,10,21,27,58.9878471679688,0
2017,6,10,21,28,0.79385595703125,0
2017,6,10,21,28,2.5997509765625,0
2017,6,10,21,28,4.40557006835938,0
2017,6,10,21,28,6.2115439453125,0
2017,6,10,21,28,8.0172470703125,0
2017,6,10,21,28,9.82327783203125,0
2017,6,10,21,28,11.6290480957031,0
2017,6,10,21,28,13.4348049316406,0
2017,6,10,21,28,15.2405249023438,0
2017,6,10,21,28,17.0463991699219,0
2017,6,10,21,28,18.8523740234375,0
2017,6,10,21,28,20.6582250976562,0
2017,6,10,21,28,22.4640961914062,0
2017,6,10,21,28,24.269951171875,0
2017,6,10,21,28,26.0758049316406,0
2017,6,10,21,28,27.8815778808594,0
2017,6,10,21,28,29.6872971191406,0
2017,6,10,21,28,31.4931530761719,0
2017,6,10,21,28,33.298994140625,0
2017,6,10,21,28,35.104708984375,0
2017,6,10,21,28,36.9105729980469,0
2017,6,10,21,28,38.71637890625,0
2017,6,10,21,28,40.522201171875,0
2017,6,10,21,28,42.32808984375,0
2017,6,10,21,28,44.1338479003906,0
2017,6,10,21,28,45.9396850585938,0
2017,6,10,21,28,47.7454389648437,0
2017,6,10,21,28,49.5513278808594,0
2017,6,10,21,28,51.357203125,0
2017,6,10,21,28,53.1629609375,0
2017,6,10,21,28,54.9686760253906,0
2017,6,10,21,28,56.7747158203125,0
2017,6,10,21,28,58.5802751464844,0
2017,6,10,21,29,0.38623681640625,0
2017,6,10,21,29,2.1920869140625,0
2017,6,10,21,29,3.99804907226563,0
2017,6,10,21,29,5.80384301757813,0
2017,6,10,21,29,7.61710180664063,0
2017,6,10,21,29,9.423044921875,0
2017,6,10,21,29,11.2289072265625,0
2017,6,10,21,29,13.03470703125,0
2017,6,10,21,29,14.8404318847656,0
2017,6,10,21,29,16.6461330566406,0
2017,6,10,21,29,18.4520390625,0
2017,6,10,21,29,20.2580100097656,0
2017,6,10,21,29,22.06399609375,0
2017,6,10,21,29,23.8696979980469,0
2017,6,10,21,29,25.677494140625,0
2017,6,10,21,29,27.4832038574219,0
2017,6,10,21,29,29.2890129394531,0
2017,6,10,21,29,31.0948649902344,0
2017,6,10,21,29,32.9006181640625,0
2017,6,10,21,29,34.7063149414062,0
2017,6,10,21,29,36.5122260742188,0
2017,6,10,21,29,38.3179841308594,0
2017,6,10,21,29,40.1237170410156,0
2017,6,10,21,29,41.9295639648438,0
2017,6,10,21,29,43.7354279785156,0
2017,6,10,21,29,45.5412890625,0
2017,6,10,21,29,47.3469851074219,0
2017,6,10,21,29,49.1528771972656,0
2017,6,10,21,29,50.958619140625,0
2017,6,10,21,29,52.7644819335937,0
2017,6,10,21,29,54.5701770019531,0
2017,6,10,21,29,56.3758908691406,0
2017,6,10,21,29,58.1817880859375,0
2017,6,10,21,29,59.9876220703125,0
2017,6,10,21,30,1.7934921875,0
2017,6,10,21,30,3.599244140625,0
2017,6,10,21,30,5.40515405273437,0
2017,6,10,21,30,7.2109580078125,0
2017,6,10,21,30,9.01675903320312,0
2017,6,10,21,30,10.8226918945312,0
2017,6,10,21,30,12.6286750488281,0
2017,6,10,21,30,14.4344011230469,0
2017,6,10,21,30,16.240169921875,0
2017,6,10,21,30,18.0459631347656,0
2017,6,10,21,30,19.8518369140625,0
2017,6,10,21,30,21.65762890625,0
2017,6,10,21,30,23.4634169921875,0
2017,6,10,21,30,25.269123046875,0
2017,6,10,21,30,27.0750581054687,0
2017,6,10,21,30,28.8810388183594,1
2017,6,10,21,30,30.6871318359375,1
2017,6,10,21,30,32.4929020996094,1
2017,6,10,21,30,34.2986501464844,1
2017,6,10,21,30,36.104576171875,1
2017,6,10,21,30,37.9105100097656,1
2017,6,10,21,30,39.7164760742187,1
2017,6,10,21,30,41.5221879882813,1
2017,6,10,21,30,43.32824609375,1
2017,6,10,21,30,45.134041015625,1
2017,6,10,21,30,46.9399631347656,1
2017,6,10,21,30,48.7458210449219,1
2017,6,10,21,30,50.5515380859375,1
2017,6,10,21,30,52.3574470214844,1
2017,6,10,21,30,54.1631960449219,1
2017,6,10,21,30,55.9690881347656,1
2017,6,10,21,30,57.7748720703125,1
2017,6,10,21,30,59.5806789550781,1
2017,6,10,21,31,1.38638500976562,1
2017,6,10,21,31,3.19214794921875,1
2017,6,10,21,31,4.99815795898438,1
2017,6,10,21,31,6.80390600585937,1
2017,6,10,21,31,8.60976904296875,1
2017,6,10,21,31,10.41574609375,1
2017,6,10,21,31,12.2216311035156,1
2017,6,10,21,31,14.0274250488281,1
2017,6,10,21,31,15.8332360839844,1
2017,6,10,21,31,17.6393649902344,1
2017,6,10,21,31,19.4453588867188,1
2017,6,10,21,31,21.2511459960938,1
2017,6,10,21,31,23.2514990234375,1
2017,6,10,21,31,25.0822419433594,1
2017,6,10,21,31,26.8882270507812,1
2017,6,10,21,31,28.7185249023437,1
2017,6,10,21,31,30.9301381835938,1
2017,6,10,21,31,32.7373508300781,1
2017,6,10,21,31,34.6577189941406,0
2017,6,10,21,31,36.626490234375,0
2017,6,10,21,31,38.4890297851562,0
2017,6,10,21,31,40.3964340820312,0
2017,6,10,21,31,42.3855620117187,0
2017,6,10,21,31,44.2166330566406,0
2017,6,10,21,31,46.1180268554687,0
2017,6,10,21,31,48.0801279296875,0
2017,6,10,21,31,50.2283271484375,0
2017,6,10,21,31,52.0803371582031,0
2017,6,10,21,31,54.1839379882813,0
2017,6,10,21,31,56.2649741210938,0
2017,6,10,21,31,58.0804560546875,0
2017,6,10,21,32,0.120592041015625,0
2017,6,10,21,32,2.40793481445312,0
2017,6,10,21,32,4.27697607421875,0
2017,6,10,21,32,6.10749609375,0
2017,6,10,21,32,8.080796875,0
2017,6,10,21,32,10.0245061035156,0
2017,6,10,21,32,11.8303559570312,0
2017,6,10,21,32,13.7209521484375,0
2017,6,10,21,32,15.8460759277344,0
2017,6,10,21,32,17.7109479980469,0
2017,6,10,21,32,19.7828120117188,0
2017,6,10,21,32,21.5887839355469,0
2017,6,10,21,32,23.4493359375,0
2017,6,10,21,32,25.3786469726562,0
2017,6,10,21,32,27.2871030273438,0
2017,6,10,21,32,29.4639399414062,0
2017,6,10,21,32,31.5442299804687,0
2017,6,10,21,32,33.491408203125,0
2017,6,10,21,32,35.307666015625,0
2017,6,10,21,32,37.2823291015625,0
2017,6,10,21,32,39.0971201171875,0
2017,6,10,21,32,41.2660061035156,0
2017,6,10,21,32,43.0818430175781,0
2017,6,10,21,32,45.0201369628906,0
2017,6,10,21,32,46.8259880371094,0
2017,6,10,21,32,48.701916015625,0
2017,6,10,21,32,50.7687099609375,0
2017,6,10,21,32,52.7320190429688,0
2017,6,10,21,32,54.6331311035156,0
2017,6,10,21,32,56.7388078613281,0
2017,6,10,21,32,58.6157888183594,0
2017,6,10,21,33,0.51889599609375,0
2017,6,10,21,33,2.32671899414062,1
2017,6,10,21,33,4.3293681640625,1
2017,6,10,21,33,6.17390600585937,1
2017,6,10,21,33,8.10831811523438,1
2017,6,10,21,33,10.1233178710938,1
2017,6,10,21,33,12.1754799804688,1
2017,6,10,21,33,14.0864128417969,1
2017,6,10,21,33,16.1202458496094,1
2017,6,10,21,33,18.0831049804688,1
2017,6,10,21,33,26.0631589355469,1
2017,6,10,21,33,27.9180400390625,1
2017,6,10,21,33,29.9127199707031,1
2017,6,10,21,33,31.7183171386719,1
2017,6,10,21,33,33.5762629394531,1
2017,6,10,21,33,35.5149140625,1
2017,6,10,21,33,37.3206369628906,1
2017,6,10,21,33,39.1549069824219,1
2017,6,10,21,33,41.2232229003906,1
2017,6,10,21,33,43.0844399414063,0
2017,6,10,21,33,44.9103459472656,0
2017,6,10,21,33,46.8916098632813,0
2017,6,10,21,33,48.7837189941406,1
2017,6,10,21,33,50.7410559082031,1
2017,6,10,21,33,52.6438740234375,1
2017,6,10,21,33,54.5056118164063,1
2017,6,10,21,33,56.3936860351563,1
2017,6,10,21,33,58.345169921875,1
2017,6,10,21,34,0.19818994140625,1
2017,6,10,21,34,2.0949599609375,1
2017,6,10,21,34,4.07422387695313,1
2017,6,10,21,34,5.88019482421875,1
2017,6,10,21,34,7.77574291992187,1
2017,6,10,21,34,9.5815810546875,1
2017,6,10,21,34,11.4317019042969,1
2017,6,10,21,34,13.25449609375,1
2017,6,10,21,34,15.0927700195312,1
2017,6,10,21,34,16.8986799316406,1
2017,6,10,21,34,18.7347260742187,1
2017,6,10,21,34,20.780791015625,1
2017,6,10,21,34,22.6500461425781,1
2017,6,10,21,34,24.5607700195313,1
2017,6,10,21,34,26.500291015625,1
2017,6,10,21,34,28.3060390625,1
2017,6,10,21,34,30.1900881347656,1
2017,6,10,21,34,32.2072829589844,1
2017,6,10,21,34,34.0853879394531,1
2017,6,10,21,34,35.8910988769531,1
2017,6,10,21,34,37.8085881347656,1
2017,6,10,21,34,39.765419921875,1
2017,6,10,21,34,41.5842749023438,1
2017,6,10,21,34,43.4965451660156,1
2017,6,10,21,34,45.5417958984375,1
2017,6,10,21,34,47.3521608886719,1
2017,6,10,21,34,49.1816459960937,1
2017,6,10,21,34,51.0859050292969,1
2017,6,10,21,34,53.2407551269531,1
2017,6,10,21,34,55.0857648925781,1
2017,6,10,21,34,56.9028530273438,1
2017,6,10,21,34,58.7982700195313,1
2017,6,10,21,35,0.6040908203125,1
2017,6,10,21,35,2.44618212890625,1
2017,6,10,21,35,4.25190209960938,1
2017,6,10,21,35,6.08727685546875,1
2017,6,10,21,35,8.08646484375,1
2017,6,10,21,35,9.89239697265625,1
2017,6,10,21,35,11.76858203125,1
2017,6,10,21,35,13.5744489746094,1
2017,6,10,21,35,15.660458984375,1
2017,6,10,21,35,17.4664289550781,1
2017,6,10,21,35,19.360083984375,1
2017,6,10,21,35,21.1941940917969,1
2017,6,10,21,35,23.2775339355469,1
2017,6,10,21,35,25.2225290527344,1
2017,6,10,21,35,27.0874318847656,1
2017,6,10,21,35,28.8980510253906,1
2017,6,10,21,35,30.7713688964844,1
2017,6,10,21,35,32.7171040039063,1
2017,6,10,21,35,34.6288718261719,1
2017,6,10,21,35,36.6554938964844,1
2017,6,10,21,35,38.5296198730469,1
2017,6,10,21,35,40.3381640625,1
2017,6,10,21,35,42.3122060546875,1
2017,6,10,21,35,44.1180600585937,1
2017,6,10,21,35,45.9310319824219,1
2017,6,10,21,35,47.7369060058594,1
2017,6,10,21,35,49.7552180175781,1
2017,6,10,21,35,51.5833981933594,1
2017,6,10,21,35,53.4611950683594,1
2017,6,10,21,35,55.3023620605469,1
2017,6,10,21,35,57.10816796875,1
2017,6,10,21,35,59.0565048828125,1
2017,6,10,21,36,0.9467470703125,1
2017,6,10,21,36,2.75255810546875,1
2017,6,10,21,36,4.5585078125,1
2017,6,10,21,36,6.36421801757812,1
2017,6,10,21,36,8.16994409179688,1
2017,6,10,21,36,9.97573999023438,1
2017,6,10,21,36,11.7815969238281,1
2017,6,10,21,36,13.5875930175781,1
2017,6,10,21,36,15.3931989746094,1
2017,6,10,21,36,17.1991550292969,1
2017,6,10,21,36,19.0048640136719,1
2017,6,10,21,36,20.8105710449219,1
2017,6,10,21,36,22.6164750976562,1
2017,6,10,21,36,24.42229296875,1
2017,6,10,21,36,26.2281640625,1
2017,6,10,21,36,28.0338498535156,1
2017,6,10,21,36,29.83957421875,1
2017,6,10,21,36,31.6504650878906,1
2017,6,10,21,36,33.4563342285156,1
2017,6,10,21,36,35.262208984375,1
2017,6,10,21,36,37.0683168945313,1
2017,6,10,21,36,38.873953125,1
2017,6,10,21,36,40.6797448730469,1
2017,6,10,21,36,42.4854938964844,1
2017,6,10,21,36,44.2914240722656,1
2017,6,10,21,36,46.0973698730469,1
2017,6,10,21,36,47.9031411132813,1
2017,6,10,21,36,49.7091479492188,1
2017,6,10,21,36,51.515125,1
2017,6,10,21,36,53.3208889160156,1
2017,6,10,21,36,55.1267380371094,1
2017,6,10,21,36,56.9326201171875,1
2017,6,10,21,36,58.7383579101563,1
2017,6,10,21,37,0.544069091796875,1
2017,6,10,21,37,2.34992407226563,1
2017,6,10,21,37,4.15572802734375,1
2017,6,10,21,37,5.96170581054688,1
2017,6,10,21,37,7.76750708007812,1
2017,6,10,21,37,9.5733349609375,1
2017,6,10,21,37,11.3791669921875,1
2017,6,10,21,37,13.1847780761719,1
2017,6,10,21,37,14.9906149902344,1
2017,6,10,21,37,16.7963239746094,1
2017,6,10,21,37,18.6021599121094,1
2017,6,10,21,37,20.4079890136719,1
2017,6,10,21,37,22.2139421386719,1
2017,6,10,21,37,24.0200490722656,1
2017,6,10,21,37,25.8258239746094,1
2017,6,10,21,37,27.6317529296875,1
2017,6,10,21,37,29.4379221191406,1
2017,6,10,21,37,31.2437270507812,1
2017,6,10,21,37,33.0494809570312,1
2017,6,10,21,37,34.8553869628906,1
2017,6,10,21,37,36.661248046875,1
2017,6,10,21,37,38.4670100097656,1
2017,6,10,21,37,40.2728359375,1
2017,6,10,21,37,42.0785539550781,1
2017,6,10,21,37,43.884541015625,1
2017,6,10,21,37,45.6904020996094,1
2017,6,10,21,37,47.4963420410156,1
2017,6,10,21,37,49.3023369140625,1
2017,6,10,21,37,51.1080959472656,1
2017,6,10,21,37,52.9140810546875,1
2017,6,10,21,37,54.7199399414063,1
2017,6,10,21,37,56.5330600585937,1
2017,6,10,21,37,58.3389670410156,1
2017,6,10,21,38,0.144901123046875,1
2017,6,10,21,38,1.95073095703125,1
2017,6,10,21,38,3.75643212890625,1
2017,6,10,21,38,5.562412109375,1
2017,6,10,21,38,7.36819921875,1
2017,6,10,21,38,9.1740068359375,1
2017,6,10,21,38,10.9798959960938,2
2017,6,10,21,38,12.7982358398438,2
2017,6,10,21,38,14.8928229980469,2
2017,6,10,21,38,16.7533911132812,2
2017,6,10,21,38,18.5593801269531,2
2017,6,10,21,38,20.5366721191406,2
2017,6,10,21,38,22.3450378417969,2
2017,6,10,21,38,24.3040710449219,2
2017,6,10,21,38,26.2326518554687,2
2017,6,10,21,38,28.0921359863281,2
2017,6,10,21,38,29.9749108886719,2
2017,6,10,21,38,31.9767429199219,2
2017,6,10,21,38,33.7848239746094,2
2017,6,10,21,38,35.6992490234375,2
2017,6,10,21,38,37.7798359375,2
2017,6,10,21,38,39.7623669433594,1
2017,6,10,21,38,41.8284650878906,1
2017,6,10,21,38,43.7426708984375,1
2017,6,10,21,38,45.6291298828125,1
2017,6,10,21,38,47.4351340332031,2
2017,6,10,21,38,49.3951140136719,2
2017,6,10,21,38,51.231251953125,2
2017,6,10,21,38,53.3372399902344,2
2017,6,10,21,38,55.2114118652344,2
2017,6,10,21,38,57.0173520507812,2
2017,6,10,21,38,58.8236921386719,2
2017,6,10,21,39,0.8769580078125,2
2017,6,10,21,39,2.76332299804687,2
2017,6,10,21,39,4.73637890625,2
2017,6,10,21,39,6.82013891601563,1
2017,6,10,21,39,8.724791015625,1
2017,6,10,21,39,10.7948530273438,1
2017,6,10,21,39,12.7233579101562,1
2017,6,10,21,39,14.9452690429688,1
2017,6,10,21,39,16.7512341308594,1
2017,6,10,21,39,18.5569470214844,1
2017,6,10,21,39,20.575119140625,1
2017,6,10,21,39,22.4536530761719,1
2017,6,10,21,39,24.2791298828125,1
2017,6,10,21,39,26.1646572265625,1
2017,6,10,21,39,28.0739130859375,1
2017,6,10,21,39,29.8796760253906,1
2017,6,10,21,39,31.7952001953125,1
2017,6,10,21,39,33.784333984375,1
2017,6,10,21,39,35.7519450683594,1
2017,6,10,21,39,37.7690139160156,1
2017,6,10,21,39,39.7245170898438,1
2017,6,10,21,39,41.6788698730469,1
2017,6,10,21,39,43.5316999511719,1
2017,6,10,21,39,45.4056049804688,1
2017,6,10,21,39,47.3925710449219,1
2017,6,10,21,39,49.3002578125,1
2017,6,10,21,39,51.1061459960938,1
2017,6,10,21,39,53.1020451660156,1
2017,6,10,21,39,54.908046875,1
2017,6,10,21,39,56.8543579101563,1
2017,6,10,21,39,58.9304680175781,1
2017,6,10,21,40,0.736258056640625,1
2017,6,10,21,40,2.65015185546875,1
2017,6,10,21,40,4.61509204101563,1
2017,6,10,21,40,6.46769897460937,1
2017,6,10,21,40,8.29806396484375,1
2017,6,10,21,40,10.1237309570313,1
2017,6,10,21,40,12.0955341796875,1
2017,6,10,21,40,13.93295703125,1
2017,6,10,21,40,15.8137551269531,1
2017,6,10,21,40,17.7457448730469,1
2017,6,10,21,40,19.8891650390625,1
2017,6,10,21,40,21.7155791015625,2
2017,6,10,21,40,23.6678928222656,2
2017,6,10,21,40,25.6203159179687,2
2017,6,10,21,40,27.4651760253906,2
2017,6,10,21,40,29.291173828125,2
2017,6,10,21,40,31.1169580078125,2
2017,6,10,21,40,32.9227729492188,2
2017,6,10,21,40,34.7285300292969,2
2017,6,10,21,40,36.5345229492187,2
2017,6,10,21,40,38.3404440917969,2
2017,6,10,21,40,40.1463840332031,2
2017,6,10,21,40,41.9522409667969,2
2017,6,10,21,40,43.7582199707031,2
2017,6,10,21,40,45.5639379882813,2
2017,6,10,21,40,47.3699299316406,2
2017,6,10,21,40,49.1757590332031,2
2017,6,10,21,40,50.9816079101562,2
2017,6,10,21,40,52.7874809570312,2
2017,6,10,21,40,54.5933120117188,2
2017,6,10,21,40,56.3992290039062,2
2017,6,10,21,40,58.2050529785156,2
2017,6,10,21,41,0.01093408203125,2
2017,6,10,21,41,1.81681811523437,2
2017,6,10,21,41,3.62269702148437,2
2017,6,10,21,41,5.42848120117188,2
2017,6,10,21,41,7.234244140625,2
2017,6,10,21,41,9.0400791015625,1
2017,6,10,21,41,10.8460100097656,1
2017,6,10,21,41,12.651708984375,1
2017,6,10,21,41,14.4575620117187,1
2017,6,10,21,41,16.2633518066406,1
2017,6,10,21,41,18.0691188964844,1
2017,6,10,21,41,19.8749599609375,1
2017,6,10,21,41,21.6808859863281,1
2017,6,10,21,41,23.4867390136719,1
2017,6,10,21,41,25.2925561523437,1
2017,6,10,21,41,27.0984799804687,1
2017,6,10,21,41,28.9043039550781,1
2017,6,10,21,41,30.7100061035156,1
2017,6,10,21,41,32.5158669433594,1
2017,6,10,21,41,34.321705078125,1
2017,6,10,21,41,36.127466796875,1
2017,6,10,21,41,37.9331760253906,1
2017,6,10,21,41,39.7389951171875,1
2017,6,10,21,41,41.5449660644531,1
2017,6,10,21,41,43.3508510742188,1
2017,6,10,21,41,45.1568159179687,1
2017,6,10,21,41,46.9626750488281,1
2017,6,10,21,41,48.7686518554687,1
2017,6,10,21,41,50.5746379394531,1
2017,6,10,21,41,52.3805949707031,1
2017,6,10,21,41,54.1864069824219,1
2017,6,10,21,41,55.9921911621094,1
2017,6,10,21,41,57.7993601074219,1
2017,6,10,21,41,59.6052939453125,1
2017,6,10,21,42,1.4110068359375,1
2017,6,10,21,42,3.21678393554688,1
2017,6,10,21,42,5.02268920898438,1
2017,6,10,21,42,6.82853881835937,1
2017,6,10,21,42,8.634296875,1
2017,6,10,21,42,10.4401008300781,1
2017,6,10,21,42,12.2460749511719,1
2017,6,10,21,42,14.0517849121094,1
2017,6,10,21,42,15.8575480957031,1
2017,6,10,21,42,17.6634641113281,1
2017,6,10,21,42,19.4692431640625,1
2017,6,10,21,42,21.2750981445312,1
2017,6,10,21,42,23.0810380859375,1
2017,6,10,21,42,24.8868688964844,1
2017,6,10,21,42,26.6927780761719,1
2017,6,10,21,42,28.4986638183594,1
2017,6,10,21,42,30.30466015625,1
2017,6,10,21,42,32.1106228027344,1
2017,6,10,21,42,33.9165700683594,1
2017,6,10,21,42,35.7222849121094,1
2017,6,10,21,42,37.5281301269531,1
2017,6,10,21,42,39.333919921875,1
2017,6,10,21,42,41.1397700195312,1
2017,6,10,21,42,42.9456320800781,1
2017,6,10,21,42,44.7514709472656,1
2017,6,10,21,42,46.5572180175781,1
2017,6,10,21,42,48.3632099609375,1
2017,6,10,21,42,50.1690329589844,1
2017,6,10,21,42,51.9749008789062,1
2017,6,10,21,42,53.7808659667969,1
2017,6,10,21,42,55.5867661132813,1
2017,6,10,21,42,57.3926989746094,1
2017,6,10,21,42,59.1984040527344,2
2017,6,10,21,43,1.00415112304687,2
2017,6,10,21,43,2.80997485351562,2
2017,6,10,21,43,4.61590502929687,2
2017,6,10,21,43,6.42187182617188,2
2017,6,10,21,43,8.227787109375,2
2017,6,10,21,43,10.0336809082031,2
2017,6,10,21,43,11.8395380859375,2
2017,6,10,21,43,13.6451760253906,2
2017,6,10,21,43,15.4509069824219,2
2017,6,10,21,43,17.2568679199219,2
2017,6,10,21,43,19.0627770996094,2
2017,6,10,21,43,20.8686379394531,2
2017,6,10,21,43,22.6746069335938,2
2017,6,10,21,43,24.4805688476563,2
2017,6,10,21,43,26.2865,2
2017,6,10,21,43,28.0922729492187,2
2017,6,10,21,43,29.8979909667969,2
2017,6,10,21,43,31.7039821777344,2
2017,6,10,21,43,33.5100900878906,2
2017,6,10,21,43,35.3158811035156,2
2017,6,10,21,43,37.1216870117187,2
2017,6,10,21,43,38.9274831542969,2
2017,6,10,21,43,40.7332561035156,2
2017,6,10,21,43,42.5390739746094,2
2017,6,10,21,43,44.3449289550781,2
2017,6,10,21,43,46.1509099121094,2
2017,6,10,21,43,47.9567922363281,2
2017,6,10,21,43,49.7625930175781,2
2017,6,10,21,43,51.568583984375,1
2017,6,10,21,43,53.3745888671875,1
2017,6,10,21,43,55.1806350097656,1
2017,6,10,21,43,56.986455078125,1
2017,6,10,21,43,58.7923669433594,1
2017,6,10,21,44,0.5981640625,1
2017,6,10,21,44,2.40402392578125,1
2017,6,10,21,44,4.2098759765625,1
2017,6,10,21,44,6.01581909179687,1
2017,6,10,21,44,7.82156103515625,1
2017,6,10,21,44,9.62740112304687,1
2017,6,10,21,44,11.43337109375,1
2017,6,10,21,44,13.2392580566406,1
2017,6,10,21,44,15.04520703125,1
2017,6,10,21,44,16.8510920410156,1
2017,6,10,21,44,18.6567780761719,1
2017,6,10,21,44,20.4627199707031,1
2017,6,10,21,44,22.2684599609375,1
2017,6,10,21,44,24.0743041992188,1
2017,6,10,21,44,25.8800261230469,1
2017,6,10,21,44,27.68599609375,1
2017,6,10,21,44,29.4921259765625,1
2017,6,10,21,44,31.2978461914063,1
2017,6,10,21,44,33.1037290039063,1
2017,6,10,21,44,34.909703125,1
2017,6,10,21,44,36.7155700683594,1
2017,6,10,21,44,38.5214580078125,1
2017,6,10,21,44,40.3273061523438,1
2017,6,10,21,44,42.133162109375,1
2017,6,10,21,44,43.9390070800781,1
2017,6,10,21,44,45.7448310546875,1
2017,6,10,21,44,47.550748046875,1
2017,6,10,21,44,49.3566599121094,1
2017,6,10,21,44,51.1624440917969,1
2017,6,10,21,44,52.9681560058594,1
2017,6,10,21,44,54.7740400390625,1
2017,6,10,21,44,56.5799250488281,1
2017,6,10,21,44,58.3857600097656,1
2017,6,10,21,45,0.1916708984375,1
2017,6,10,21,45,1.9976640625,1
2017,6,10,21,45,3.80356396484375,1
2017,6,10,21,45,5.6095380859375,1
2017,6,10,21,45,7.4152470703125,1
2017,6,10,21,45,9.22120190429687,1
2017,6,10,21,45,11.0270419921875,1
2017,6,10,21,45,12.8331511230469,1
2017,6,10,21,45,14.6390349121094,1
2017,6,10,21,45,16.4449799804688,1
2017,6,10,21,45,18.2509638671875,1
2017,6,10,21,45,20.0568071289063,1
2017,6,10,21,45,21.8628430175781,1
2017,6,10,21,45,23.6685490722656,1
2017,6,10,21,45,25.4744370117187,1
2017,6,10,21,45,27.2803491210937,1
2017,6,10,21,45,29.0863308105469,1
2017,6,10,21,45,30.8921069335938,1
2017,6,10,21,45,32.69791796875,1
2017,6,10,21,45,34.503958984375,1
2017,6,10,21,45,36.3098891601563,1
2017,6,10,21,45,38.1157551269531,1
2017,6,10,21,45,39.9214909667969,1
2017,6,10,21,45,41.7272109375,1
2017,6,10,21,45,43.5331162109375,1
2017,6,10,21,45,45.3389089355469,1
2017,6,10,21,45,47.1448579101562,1
2017,6,10,21,45,48.9505678710938,1
2017,6,10,21,45,50.7564899902344,0
2017,6,10,21,45,52.5623811035156,0
2017,6,10,21,45,54.36829296875,0
2017,6,10,21,45,56.174212890625,0
2017,6,10,21,45,57.9800988769531,0
2017,6,10,21,45,59.7861020507813,0
2017,6,10,21,46,1.59209790039063,0
2017,6,10,21,46,3.3979111328125,0
2017,6,10,21,46,5.20378588867187,1
2017,6,10,21,46,7.0112939453125,1
2017,6,10,21,46,8.82698608398437,1
2017,6,10,21,46,10.6328410644531,1
2017,6,10,21,46,12.438716796875,1
2017,6,10,21,46,14.2447199707031,2
2017,6,10,21,46,16.0506948242187,2
2017,6,10,21,46,17.8565,2
2017,6,10,21,46,19.6622060546875,2
2017,6,10,21,46,21.4680458984375,2
2017,6,10,21,46,23.2740209960937,2
2017,6,10,21,46,25.0797629394531,2
2017,6,10,21,46,26.885666015625,2
2017,6,10,21,46,28.6916689453125,2
2017,6,10,21,46,30.4976689453125,2
2017,6,10,21,46,32.303369140625,2
2017,6,10,21,46,34.10920703125,2
2017,6,10,21,46,35.9153298339844,2
2017,6,10,21,46,37.721087890625,2
2017,6,10,21,46,39.5270891113281,2
2017,6,10,21,46,41.3330170898438,1
2017,6,10,21,46,43.1388208007812,1
2017,6,10,21,46,44.9445668945312,1
2017,6,10,21,46,46.7504880371094,1
2017,6,10,21,46,48.5567541503906,0
2017,6,10,21,46,50.3625791015625,0
2017,6,10,21,46,52.1684091796875,0
2017,6,10,21,46,53.9742019042969,0
2017,6,10,21,46,55.7801499023438,0
2017,6,10,21,46,57.5861330566406,0
2017,6,10,21,46,59.3919050292969,0
2017,6,10,21,47,1.1978818359375,0
2017,6,10,21,47,3.00358520507812,0
2017,6,10,21,47,4.80946801757812,0
2017,6,10,21,47,6.61546704101563,0
2017,6,10,21,47,8.42143017578125,0
2017,6,10,21,47,10.2272041015625,0
2017,6,10,21,47,12.0329880371094,0
2017,6,10,21,47,13.8387319335937,0
2017,6,10,21,47,15.644712890625,0
2017,6,10,21,47,17.4504609375,0
2017,6,10,21,47,19.2565739746094,0
2017,6,10,21,47,21.0625688476563,0
2017,6,10,21,47,22.868494140625,0
2017,6,10,21,47,24.6743979492188,0
2017,6,10,21,47,26.480123046875,0
2017,6,10,21,47,28.2859270019531,0
2017,6,10,21,47,30.0918010253906,0
2017,6,10,21,47,31.8976940917969,0
2017,6,10,21,47,33.7090881347656,0
2017,6,10,21,47,35.5149230957031,0
2017,6,10,21,47,37.3207651367187,0
2017,6,10,21,47,39.12662109375,0
2017,6,10,21,47,40.9323120117188,0
2017,6,10,21,47,42.738169921875,0
2017,6,10,21,47,44.5439609375,0
2017,6,10,21,47,46.3497468261719,0
2017,6,10,21,47,48.1555778808594,0
2017,6,10,21,47,49.96141796875,0
2017,6,10,21,47,51.7675180664062,0
2017,6,10,21,47,53.5732919921875,0
2017,6,10,21,47,55.3790268554688,0
2017,6,10,21,47,57.1850180664063,0
2017,6,10,21,47,58.9908430175781,0
2017,6,10,21,48,0.7967099609375,0
2017,6,10,21,48,2.60259887695312,0
2017,6,10,21,48,4.40852807617187,0
2017,6,10,21,48,6.21446606445313,0
2017,6,10,21,48,8.02033081054688,0
2017,6,10,21,48,9.82632592773438,0
2017,6,10,21,48,11.6322939453125,0
2017,6,10,21,48,13.4382670898437,0
2017,6,10,21,48,15.2440659179688,0
2017,6,10,21,48,17.0499450683594,0
2017,6,10,21,48,18.8557380371094,0
2017,6,10,21,48,20.6616130371094,0
2017,6,10,21,48,22.4675209960938,0
2017,6,10,21,48,24.2734938964844,0
2017,6,10,21,48,26.0792790527344,0
2017,6,10,21,48,27.8852141113281,0
2017,6,10,21,48,29.6911979980469,0
2017,6,10,21,48,31.4970390625,0
2017,6,10,21,48,33.3029621582031,0
2017,6,10,21,48,35.1089499511719,0
2017,6,10,21,48,36.9146530761719,0
2017,6,10,21,48,38.7204641113281,0
2017,6,10,21,48,40.5264270019531,0
2017,6,10,21,48,42.3324089355469,0
2017,6,10,21,48,44.1383071289062,0
2017,6,10,21,48,45.9440258789063,0
2017,6,10,21,48,47.7499421386719,0
2017,6,10,21,48,49.5563879394531,0
2017,6,10,21,48,51.3621999511719,0
2017,6,10,21,48,53.1680710449219,0
2017,6,10,21,48,54.9740400390625,0
2017,6,10,21,48,56.7799389648438,0
2017,6,10,21,48,58.5915461425781,0
2017,6,10,21,49,0.397386962890625,0
2017,6,10,21,49,2.2031650390625,0
2017,6,10,21,49,4.00909204101563,0
2017,6,10,21,49,5.81487109375,0
2017,6,10,21,49,7.62063403320312,0
2017,6,10,21,49,9.42647705078125,0
2017,6,10,21,49,11.232173828125,0
2017,6,10,21,49,13.0380270996094,0
2017,6,10,21,49,14.8437878417969,0
2017,6,10,21,49,16.6497199707031,0
2017,6,10,21,49,18.4555358886719,0
2017,6,10,21,49,20.26150390625,0
2017,6,10,21,49,22.0673889160156,0
2017,6,10,21,49,23.8733220214844,0
2017,6,10,21,49,25.6792348632812,0
2017,6,10,21,49,27.4849929199219,0
2017,6,10,21,49,29.2909780273438,0
2017,6,10,21,49,31.0967399902344,0
2017,6,10,21,49,32.9026711425781,0
2017,6,10,21,49,34.7084118652344,0
2017,6,10,21,49,36.5141330566406,0
2017,6,10,21,49,38.3201821289062,0
2017,6,10,21,49,40.1259108886719,0
2017,6,10,21,49,41.9318698730469,0
2017,6,10,21,49,43.7377189941406,0
2017,6,10,21,53,3.13581396484375,0
2017,6,10,21,53,4.94180395507813,0
2017,6,10,21,53,6.93545703125,0
2017,6,10,21,53,8.755162109375,0
2017,6,10,21,53,10.7039260253906,0
2017,6,10,21,53,12.6780610351563,0
2017,6,10,21,53,14.4982048339844,0
2017,6,10,21,53,16.4016650390625,0
2017,6,10,21,53,18.2551711425781,0
2017,6,10,21,53,20.2028798828125,0
2017,6,10,21,53,22.1365190429688,0
2017,6,10,21,53,23.9597600097656,0
2017,6,10,21,53,25.9237370605469,0
2017,6,10,21,53,27.78575390625,0
2017,6,10,21,53,29.6820090332031,0
2017,6,10,21,53,31.5662709960937,0
2017,6,10,21,53,33.3720969238281,0
2017,6,10,21,53,35.2082509765625,0
2017,6,10,21,53,37.1374331054688,0
2017,6,10,21,53,39.1443510742187,0
2017,6,10,21,53,40.950130859375,0
2017,6,10,21,53,42.796962890625,0
2017,6,10,21,53,44.7969580078125,0
2017,6,10,21,53,46.6320419921875,0
2017,6,10,21,53,48.5568020019531,0
2017,6,10,21,53,50.6530480957031,0
2017,6,10,21,53,52.497421875,0
2017,6,10,21,53,54.3503000488281,0
2017,6,10,21,53,56.2470231933594,0
2017,6,10,21,53,58.1380539550781,0
2017,6,10,21,54,0.251677978515625,0
2017,6,10,21,54,2.05764111328125,0
2017,6,10,21,54,3.863333984375,0
2017,6,10,21,54,5.66923901367188,0
2017,6,10,21,54,7.47493286132813,0
2017,6,10,21,54,9.28086083984375,0
2017,6,10,21,54,11.0869619140625,0
2017,6,10,21,54,12.8927888183594,0
2017,6,10,21,54,14.6987709960937,0
2017,6,10,21,54,16.5045539550781,0
2017,6,10,21,54,18.3103740234375,0
2017,6,10,21,54,20.1163559570312,0
2017,6,10,21,54,21.9221000976563,0
2017,6,10,21,54,23.7278559570312,0
2017,6,10,21,54,25.5337541503906,0
2017,6,10,21,54,27.3396469726563,0
2017,6,10,21,54,29.1455029296875,0
2017,6,10,21,54,30.9513759765625,0
2017,6,10,21,54,32.7573220214844,0
2017,6,10,21,54,34.5630749511719,0
2017,6,10,21,54,36.3690600585938,0
2017,6,10,21,54,38.1748869628906,0
2017,6,10,21,54,39.98083203125,0
2017,6,10,21,54,41.7866110839844,0
2017,6,10,21,54,43.5924150390625,0
2017,6,10,21,54,45.3982370605469,0
2017,6,10,21,54,47.2040310058594,0
2017,6,10,21,54,49.0097990722656,0
2017,6,10,21,54,50.81570703125,0
2017,6,10,21,54,52.621630859375,0
2017,6,10,21,54,54.4275700683594,0
2017,6,10,21,54,56.2331381835938,0
2017,6,10,21,54,58.0390998535156,0
2017,6,10,21,54,59.8450510253906,0
2017,6,10,21,55,1.65084399414062,0
2017,6,10,21,55,3.45679809570313,0
2017,6,10,21,55,5.26259594726563,0
2017,6,10,21,55,7.06853198242187,0
2017,6,10,21,55,8.87451416015625,0
2017,6,10,21,55,10.6803999023437,0
2017,6,10,21,55,12.4862648925781,0
2017,6,10,21,55,14.292126953125,0
2017,6,10,21,55,16.0980671386719,0
2017,6,10,21,55,17.9037060546875,0
2017,6,10,21,55,19.7095070800781,0
2017,6,10,21,55,21.5153068847656,0
2017,6,10,21,55,23.3210471191406,0
2017,6,10,21,55,25.1267829589844,0
2017,6,10,21,55,26.932580078125,0
2017,6,10,21,55,28.7385549316406,0
2017,6,10,21,55,30.5442431640625,0
2017,6,10,21,55,32.3499428710938,0
2017,6,10,21,55,34.1557861328125,0
2017,6,10,21,55,35.9615500488281,0
2017,6,10,21,55,37.7674028320313,0
2017,6,10,21,55,39.5732761230469,0
2017,6,10,21,55,41.3798908691406,0
2017,6,10,21,55,43.1856450195313,0
2017,6,10,21,55,44.9914770507812,0
2017,6,10,21,55,46.7973889160156,1
2017,6,10,21,55,48.6031259765625,1
2017,6,10,21,55,50.4090859375,1
2017,6,10,21,55,52.2147810058594,1
2017,6,10,21,55,54.0206440429687,1
2017,6,10,21,55,55.8264350585938,1
2017,6,10,21,55,57.6322980957031,1
2017,6,10,21,55,59.4382578125,1
2017,6,10,21,56,1.24424194335937,1
2017,6,10,21,56,3.05023193359375,1
2017,6,10,21,56,4.85614208984375,1
2017,6,10,21,56,6.66202685546875,1
2017,6,10,21,56,8.46774096679687,1
2017,6,10,21,56,10.2736879882812,1
2017,6,10,21,56,12.0796599121094,1
2017,6,10,21,56,13.8854228515625,1
2017,6,10,21,56,15.69129296875,1
2017,6,10,21,56,17.5021560058594,1
2017,6,10,21,56,19.3079008789062,2
2017,6,10,21,56,21.1138649902344,2
2017,6,10,21,56,22.9195830078125,2
2017,6,10,21,56,24.7253671875,2
2017,6,10,21,56,26.5311511230469,2
2017,6,10,21,56,28.3370249023437,1
2017,6,10,21,56,30.1428640136719,1
2017,6,10,21,56,31.9487121582031,1
2017,6,10,21,56,33.7546569824219,1
2017,6,10,21,56,35.5607629394531,0
2017,6,10,21,56,37.3664860839844,0
2017,6,10,21,56,39.1723129882812,0
2017,6,10,21,56,40.9781857910156,0
2017,6,10,21,56,42.783916015625,0
2017,6,10,21,56,44.58962109375,0
2017,6,10,21,56,46.3954538574219,0
2017,6,10,21,56,48.2012229003906,0
2017,6,10,21,56,50.0070830078125,0
2017,6,10,21,56,51.8127819824219,0
2017,6,10,21,56,53.6187299804687,0
2017,6,10,21,56,55.424453125,0
2017,6,10,21,56,57.2302329101563,0
2017,6,10,21,56,59.0359968261719,0
2017,6,10,21,57,0.841969970703125,0
2017,6,10,21,57,2.64788500976563,0
2017,6,10,21,57,4.45364086914063,0
2017,6,10,21,57,6.25944213867187,0
2017,6,10,21,57,8.0653330078125,0
2017,6,10,21,57,9.87127587890625,0
2017,6,10,21,57,11.6769479980469,0
2017,6,10,21,57,13.482712890625,0
2017,6,10,21,57,15.2884418945312,0
2017,6,10,21,57,17.0943400878906,0
2017,6,10,21,57,18.9002221679687,0
2017,6,10,21,57,20.7059299316406,0
2017,6,10,21,57,22.5119509277344,0
2017,6,10,21,57,24.3179279785156,0
2017,6,10,21,57,26.1238510742187,0
2017,6,10,21,57,27.929712890625,0
2017,6,10,21,57,29.7356770019531,0
2017,6,10,21,57,31.5415939941406,0
2017,6,10,21,57,33.3472448730469,0
2017,6,10,21,57,35.1530390625,0
2017,6,10,21,57,36.9590148925781,0
2017,6,10,21,57,38.7647690429688,0
2017,6,10,21,57,40.5706831054688,0
2017,6,10,21,57,42.38479296875,0
2017,6,10,21,57,44.1906450195313,0
2017,6,10,21,57,45.9966208496094,0
2017,6,10,21,57,47.802501953125,0
2017,6,10,21,57,49.6083168945312,0
2017,6,10,21,57,51.4140288085937,0
2017,6,10,21,57,53.2198601074219,0
2017,6,10,21,57,55.0255710449219,0
2017,6,10,21,57,56.8314709472656,0
2017,6,10,21,57,58.6372360839844,0
2017,6,10,21,58,0.44331201171875,0
2017,6,10,21,58,2.24901611328125,0
2017,6,10,21,58,4.05494995117188,0
2017,6,10,21,58,5.86064501953125,0
2017,6,10,21,58,7.66643188476563,0
2017,6,10,21,58,9.4724150390625,0
2017,6,10,21,58,11.2782290039062,0
2017,6,10,21,58,13.084203125,0
2017,6,10,21,58,14.8900571289062,0
2017,6,10,21,58,16.6959528808594,0
2017,6,10,21,58,18.5017270507812,0
2017,6,10,21,58,20.3076511230469,0
2017,6,10,21,58,22.1135949707031,0
2017,6,10,21,58,23.9193740234375,0
2017,6,10,21,58,25.7252199707031,0
2017,6,10,21,58,27.5312041015625,0
2017,6,10,21,58,29.33704296875,0
2017,6,10,21,58,31.1430180664062,0
2017,6,10,21,58,32.9489938964844,0
2017,6,10,21,58,34.7549208984375,0
2017,6,10,21,58,36.5608251953125,0
2017,6,10,21,58,38.36666015625,0
2017,6,10,21,58,40.1723771972656,0
2017,6,10,21,58,41.9783471679687,0
2017,6,10,21,58,43.7842841796875,0
2017,6,10,21,58,45.5899790039063,0
2017,6,10,21,58,47.39575,0
2017,6,10,21,58,49.2016770019531,0
2017,6,10,21,58,51.0074560546875,0
2017,6,10,21,58,52.8132861328125,0
2017,6,10,21,58,54.619083984375,0
2017,6,10,21,58,56.4248581542969,0
2017,6,10,21,58,58.2305559082031,0
2017,6,10,21,59,0.03630908203125,0
2017,6,10,21,59,1.84222802734375,0
2017,6,10,21,59,3.64814306640625,0
2017,6,10,21,59,5.45392700195312,0
2017,6,10,21,59,7.26731713867188,0
2017,6,10,21,59,9.07329809570312,0
2017,6,10,21,59,10.8790629882812,0
2017,6,10,21,59,12.6849140625,0
2017,6,10,21,59,14.4908098144531,0
2017,6,10,21,59,16.2966669921875,0
2017,6,10,21,59,18.1024389648437,0
2017,6,10,21,59,19.9083500976562,0
2017,6,10,21,59,21.7142749023437,0
2017,6,10,21,59,23.5202341308594,0
2017,6,10,21,59,25.3260852050781,0
2017,6,10,21,59,27.1320219726563,0
2017,6,10,21,59,28.9377290039062,0
2017,6,10,21,59,30.7435100097656,0
2017,6,10,21,59,32.5492670898438,0
2017,6,10,21,59,34.3551320800781,0
2017,6,10,21,59,36.1608701171875,0
2017,6,10,21,59,37.9666391601562,0
2017,6,10,21,59,39.7723801269531,0
2017,6,10,21,59,41.57837109375,0
2017,6,10,22,1,18.7620529785156,0
2017,6,10,22,1,20.5677890625,0
2017,6,10,22,1,22.3737348632812,0
2017,6,10,22,1,24.1794689941406,0
2017,6,10,22,1,25.9851711425781,0
2017,6,10,22,1,27.7911110839844,0
2017,6,10,22,1,29.5970991210937,0
2017,6,10,22,1,31.4028708496094,0
2017,6,10,22,1,33.2087380371094,0
2017,6,10,22,1,35.0147309570312,0
2017,6,10,22,1,36.8207058105469,0
2017,6,10,22,1,38.6265969238281,0
2017,6,10,22,1,40.4324150390625,0
2017,6,10,22,1,42.2382131347656,0
2017,6,10,22,1,44.0440090332031,0
2017,6,10,22,1,45.8499091796875,0
2017,6,10,22,1,47.6555969238281,0
2017,6,10,22,1,49.4613139648437,0
2017,6,10,22,1,51.26712109375,0
2017,6,10,22,1,53.0728508300781,0
2017,6,10,22,1,54.8786730957031,0
2017,6,10,22,1,56.6846198730469,0
2017,6,10,22,1,58.4906079101562,0
2017,6,10,22,2,0.296299072265625,0
2017,6,10,22,2,2.10223706054688,0
2017,6,10,22,2,3.9082470703125,0
2017,6,10,22,2,5.71413598632812,0
2017,6,10,22,2,7.51989892578125,0
2017,6,10,22,2,9.32581005859375,0
2017,6,10,22,2,11.1316459960938,0
2017,6,10,22,2,12.9375961914063,0
2017,6,10,22,2,14.743412109375,0
2017,6,10,22,2,16.5493889160156,0
2017,6,10,22,2,18.3553029785156,0
2017,6,10,22,2,20.1611440429688,0
2017,6,10,22,2,21.96695703125,0
2017,6,10,22,2,23.772953125,0
2017,6,10,22,2,25.5790678710937,0
2017,6,10,22,2,27.384919921875,0
2017,6,10,22,2,29.1908640136719,0
2017,6,10,22,2,30.9966030273437,0
2017,6,10,22,2,32.8024321289062,0
2017,6,10,22,2,34.6082839355469,0
2017,6,10,22,2,36.4211860351563,0
2017,6,10,22,2,38.2270278320312,0
2017,6,10,22,2,40.0328430175781,0
2017,6,10,22,2,41.8388627929687,0
2017,6,10,22,2,43.6445720214844,0
2017,6,10,22,2,45.4504931640625,0
2017,6,10,22,2,47.2562880859375,0
2017,6,10,22,2,49.0619978027344,0
2017,6,10,22,2,50.867875,0
2017,6,10,22,2,52.6737829589844,0
2017,6,10,22,2,54.4797512207031,0
2017,6,10,22,2,56.2856318359375,0
2017,6,10,22,2,58.0914567871094,0
2017,6,10,22,2,59.8973410644531,0
2017,6,10,22,3,1.70314404296875,0
2017,6,10,22,3,3.5088388671875,0
2017,6,10,22,3,5.314578125,0
2017,6,10,22,3,7.12032202148437,0
2017,6,10,22,3,8.92606201171875,0
2017,6,10,22,3,10.7319479980469,0
2017,6,10,22,3,12.5376958007813,0
2017,6,10,22,3,14.3434829101563,0
2017,6,10,22,3,16.1492810058594,0
2017,6,10,22,3,17.9551540527344,0
2017,6,10,22,3,19.7610209960937,0
2017,6,10,22,3,21.5667399902344,0
2017,6,10,22,3,23.3726540527344,0
2017,6,10,22,3,25.1785158691406,0
2017,6,10,22,3,26.9844528808594,0
2017,6,10,22,3,28.7905749511719,0
2017,6,10,22,3,30.5965400390625,0
2017,6,10,22,3,32.4024260253906,0
2017,6,10,22,3,34.3389321289063,0
2017,6,10,22,3,36.174869140625,0
2017,6,10,22,3,38.1513110351562,0
2017,6,10,22,3,40.177083984375,0
2017,6,10,22,3,42.1273210449219,0
2017,6,10,22,3,43.933248046875,0
2017,6,10,22,3,45.7674318847656,0
2017,6,10,22,3,47.5917409667969,0
2017,6,10,22,3,49.4639799804687,0
2017,6,10,22,3,51.3360668945312,0
2017,6,10,22,3,53.15166796875,0
2017,6,10,22,3,55.3156381835937,0
2017,6,10,22,3,57.1557509765625,0
2017,6,10,22,3,59.189376953125,0
2017,6,10,22,4,0.995285888671875,0
2017,6,10,22,4,2.801330078125,0
2017,6,10,22,4,5.11149194335937,0
2017,6,10,22,4,7.15705810546875,0
2017,6,10,22,4,8.96280200195313,0
2017,6,10,22,4,10.8145180664063,0
2017,6,10,22,4,13.038009765625,0
2017,6,10,22,4,14.8446240234375,0
2017,6,10,22,4,16.7196650390625,0
2017,6,10,22,4,18.6444541015625,0
2017,6,10,22,4,20.5952939453125,0
2017,6,10,22,4,22.4823969726563,0
2017,6,10,22,4,24.5228090820313,0
2017,6,10,22,4,26.3487119140625,0
2017,6,10,22,4,28.1890649414063,0
2017,6,10,22,4,30.1743249511719,0
2017,6,10,22,4,32.1127600097656,0
2017,6,10,22,4,33.9302722167969,0
2017,6,10,22,4,35.8995471191406,0
2017,6,10,22,4,37.7939650878906,0
2017,6,10,22,4,39.8886870117188,0
2017,6,10,22,4,41.8293959960938,0
2017,6,10,22,4,43.7932990722656,0
2017,6,10,22,4,45.8882619628906,0
2017,6,10,22,4,47.8133681640625,0
2017,6,10,22,4,49.9842700195313,0
2017,6,10,22,4,51.7900769042969,0
2017,6,10,22,4,53.596046875,0
2017,6,10,22,4,55.6459501953125,0
2017,6,10,22,4,57.54379296875,0
2017,6,10,22,4,59.3495029296875,0
2017,6,10,22,5,1.19811303710937,0
2017,6,10,22,5,3.15435498046875,0
2017,6,10,22,5,5.1865908203125,0
2017,6,10,22,5,6.99246313476563,0
2017,6,10,22,5,8.79830297851563,0
2017,6,10,22,5,10.7056401367188,0
2017,6,10,22,5,12.5113889160156,0
2017,6,10,22,5,14.5710708007812,0
2017,6,10,22,5,16.3770439453125,0
2017,6,10,22,5,18.1828278808594,0
2017,6,10,22,5,19.9885969238281,0
2017,6,10,22,5,21.7945170898438,0
2017,6,10,22,5,23.6004130859375,0
2017,6,10,22,5,25.4061420898438,0
2017,6,10,22,5,27.2119270019531,0
2017,6,10,22,5,29.0176909179687,0
2017,6,10,22,5,30.8233881835937,0
2017,6,10,22,5,32.6293310546875,0
2017,6,10,22,5,34.4352109375,0
2017,6,10,22,5,36.24091796875,0
2017,6,10,22,5,38.046744140625,0
2017,6,10,22,5,39.8525490722656,0
2017,6,10,22,5,41.6584848632813,0
2017,6,10,22,5,43.4642561035156,0
2017,6,10,22,5,45.2699990234375,0
2017,6,10,22,5,47.0759379882812,0
2017,6,10,22,5,48.8816740722656,0
2017,6,10,22,5,50.6874138183594,0
2017,6,10,22,5,52.493166015625,0
2017,6,10,22,5,54.2991550292969,0
2017,6,10,22,5,56.1050661621094,0
2017,6,10,22,5,57.9107138671875,0
2017,6,10,22,5,59.7174931640625,0
2017,6,10,22,6,1.52326489257812,0
2017,6,10,22,6,3.3292119140625,0
2017,6,10,22,6,5.13515405273438,0
2017,6,10,22,6,6.94090795898437,0
2017,6,10,22,6,8.74677099609375,0
2017,6,10,22,6,10.5527170410156,0
2017,6,10,22,6,12.3585219726563,0
2017,6,10,22,6,14.1642790527344,0
2017,6,10,22,6,15.9700749511719,0
2017,6,10,22,6,17.7761669921875,0
2017,6,10,22,6,19.5819631347656,0
2017,6,10,22,6,21.3879079589844,0
2017,6,10,22,6,23.1936020507813,0
2017,6,10,22,6,24.9993249511719,0
2017,6,10,22,6,26.8050380859375,0
2017,6,10,22,6,28.610873046875,0
2017,6,10,22,6,30.4165729980469,0
2017,6,10,22,6,32.2223989257812,0
2017,6,10,22,6,34.02833203125,0
2017,6,10,22,6,35.8341550292969,0
2017,6,10,22,6,37.6400939941406,0
2017,6,10,22,6,39.4460297851562,0
2017,6,10,22,6,41.2516960449219,0
2017,6,10,22,6,43.0576437988281,0
2017,6,10,22,6,44.8633449707031,0
2017,6,10,22,6,46.6691870117187,0
2017,6,10,22,6,48.474916015625,0
2017,6,10,22,6,50.280787109375,0
2017,6,10,22,6,52.0866130371094,0
2017,6,10,22,6,53.89254296875,0
2017,6,10,22,6,55.6983950195312,0
2017,6,10,22,6,57.5042268066406,0
2017,6,10,22,6,59.3099670410156,0
2017,6,10,22,7,1.11573413085938,0
2017,6,10,22,7,2.92155688476563,0
2017,6,10,22,7,4.72761401367188,0
2017,6,10,22,7,6.53355297851563,0
2017,6,10,22,7,8.33951391601562,0
2017,6,10,22,7,10.14541015625,0
2017,6,10,22,7,11.9513759765625,0
2017,6,10,22,7,13.7573891601563,0
2017,6,10,22,7,15.5632551269531,0
2017,6,10,22,7,17.3690678710938,0
2017,6,10,22,7,19.17491015625,0
2017,6,10,22,7,20.9807329101562,0
2017,6,10,22,7,22.7867009277344,0
2017,6,10,22,7,24.5925988769531,0
2017,6,10,22,7,26.3983518066406,0
2017,6,10,22,7,28.2042451171875,0
2017,6,10,22,7,30.0099489746094,0
2017,6,10,22,7,31.8156860351563,0
2017,6,10,22,7,33.6215939941406,0
2017,6,10,22,7,35.4275600585937,0
2017,6,10,22,7,37.2332189941406,0
2017,6,10,22,7,39.0391398925781,0
2017,6,10,22,7,40.8450661621094,0
2017,6,10,22,7,42.6509741210938,0
2017,6,10,22,7,44.4567109375,0
2017,6,10,22,7,46.2624851074219,0
2017,6,10,22,7,48.0683039550781,0
2017,6,10,22,7,49.8741770019531,0
2017,6,10,22,7,51.6799060058594,0
2017,6,10,22,7,53.4857780761719,0
2017,6,10,22,7,55.29149609375,0
2017,6,10,22,7,57.0974650878906,0
2017,6,10,22,7,58.9034140625,0
2017,6,10,22,8,0.70918701171875,0
2017,6,10,22,8,2.5150390625,0
2017,6,10,22,8,4.32095092773438,0
2017,6,10,22,8,6.12686499023437,0
2017,6,10,22,8,7.932578125,0
2017,6,10,22,8,9.73867016601563,0
2017,6,10,22,8,11.54433984375,1
2017,6,10,22,8,13.3503120117187,1
2017,6,10,22,8,15.1561379394531,1
2017,6,10,22,8,16.961958984375,1
2017,6,10,22,8,18.767873046875,1
2017,6,10,22,8,20.5735900878906,1
2017,6,10,22,8,22.3794890136719,1
2017,6,10,22,8,24.1854279785156,1
2017,6,10,22,8,25.9913471679688,1
2017,6,10,22,8,27.7970390625,1
2017,6,10,22,8,29.6029401855469,1
2017,6,10,22,8,31.4088598632813,1
2017,6,10,22,8,33.2145810546875,1
2017,6,10,22,8,35.0203801269531,1
2017,6,10,22,8,36.8263669433594,1
2017,6,10,22,8,38.6320830078125,1
2017,6,10,22,8,40.4380290527344,1
2017,6,10,22,8,42.2437309570312,1
2017,6,10,22,8,44.0498081054687,1
2017,6,10,22,8,45.855501953125,1
2017,6,10,22,8,47.6614499511719,1
2017,6,10,22,8,49.4671870117187,1
2017,6,10,22,8,51.2730031738281,1
2017,6,10,22,8,53.0789331054687,1
2017,6,10,22,8,54.8847739257813,1
2017,6,10,22,8,56.6905,1
2017,6,10,22,8,58.5022111816406,1
2017,6,10,22,9,0.308028076171875,1
2017,6,10,22,9,2.11379418945313,1
2017,6,10,22,9,3.91976098632813,1
2017,6,10,22,9,5.72549096679688,1
2017,6,10,22,9,7.53133203125,1
2017,6,10,22,9,9.33729296875,0
2017,6,10,22,9,11.1430891113281,1
2017,6,10,22,9,12.9490681152344,1
2017,6,10,22,9,14.7548598632813,1
2017,6,10,22,9,16.5608940429688,1
2017,6,10,22,9,18.3668369140625,1
2017,6,10,22,9,20.1725380859375,1
2017,6,10,22,9,21.978458984375,1
2017,6,10,22,9,23.7841831054687,1
2017,6,10,22,9,25.5900419921875,1
2017,6,10,22,9,27.39583203125,1
2017,6,10,22,9,29.2016320800781,1
2017,6,10,22,9,31.0074760742188,1
2017,6,10,22,9,32.8133991699219,1
2017,6,10,22,9,34.61933984375,1
2017,6,10,22,9,36.4252998046875,1
2017,6,10,22,9,38.2311320800781,1
2017,6,10,22,9,40.0368208007812,1
2017,6,10,22,9,41.8427409667969,1
2017,6,10,22,9,43.6486550292969,1
2017,6,10,22,9,45.4545610351563,1
2017,6,10,22,9,47.2603259277344,1
2017,6,10,22,9,49.0660400390625,1
2017,6,10,22,9,50.871830078125,1
2017,6,10,22,9,52.6777880859375,1
2017,6,10,22,9,54.4836870117188,1
2017,6,10,22,9,56.2894770507813,1
2017,6,10,22,9,58.0954670410156,1
2017,6,10,22,9,59.9013168945312,1
2017,6,10,22,10,1.70707006835937,1
2017,6,10,22,10,3.51286791992188,1
2017,6,10,22,10,5.3188369140625,1
2017,6,10,22,10,7.124623046875,1
2017,6,10,22,10,8.93032202148438,1
2017,6,10,22,10,10.7361040039063,1
2017,6,10,22,10,12.5421198730469,1
2017,6,10,22,10,14.3479750976562,1
2017,6,10,22,10,16.1539409179688,1
2017,6,10,22,10,17.9597490234375,1
2017,6,10,22,10,19.7654641113281,1
2017,6,10,22,10,21.5713159179688,1
2017,6,10,22,10,23.3847099609375,1
2017,6,10,22,10,25.1904379882812,1
2017,6,10,22,10,26.9962038574219,1
2017,6,10,22,10,28.8020300292969,1
2017,6,10,22,10,30.60783203125,1
2017,6,10,22,10,32.4136569824219,1
2017,6,10,22,10,34.219458984375,1
2017,6,10,22,10,36.0253100585938,1
2017,6,10,22,10,37.8310949707031,1
2017,6,10,22,10,39.636833984375,1
2017,6,10,22,10,41.4427990722656,1
2017,6,10,22,10,43.2486420898437,1
2017,6,10,22,10,45.054458984375,1
2017,6,10,22,10,46.8603310546875,2
2017,6,10,22,10,48.6660749511719,2
2017,6,10,22,10,50.4720109863281,2
2017,6,10,22,10,52.2779189453125,2
2017,6,10,22,10,54.0837468261719,2
2017,6,10,22,10,55.8897009277344,2
2017,6,10,22,10,57.6954428710938,2
2017,6,10,22,10,59.501162109375,2
2017,6,10,22,11,1.30688500976563,2
2017,6,10,22,11,3.11257690429687,2
2017,6,10,22,11,4.91832202148438,2
2017,6,10,22,11,6.72588696289063,2
2017,6,10,22,11,8.53180786132813,2
2017,6,10,22,11,10.3376369628906,2
2017,6,10,22,11,12.1434819335937,1
2017,6,10,22,11,13.9490539550781,1
2017,6,10,22,11,15.7551711425781,1
2017,6,10,22,11,17.5609819335938,1
2017,6,10,22,11,19.3666989746094,1
2017,6,10,22,11,21.172416015625,1
2017,6,10,22,11,22.9781479492188,1
2017,6,10,22,11,24.784166015625,1
2017,6,10,22,11,26.5898930664063,1
2017,6,10,22,11,28.3958020019531,1
2017,6,10,22,11,30.2015070800781,1
2017,6,10,22,11,32.0113010253906,1
2017,6,10,22,11,33.8171840820312,1
2017,6,10,22,11,35.6230620117188,1
2017,6,10,22,11,37.4290439453125,1
2017,6,10,22,11,39.2349260253906,1
2017,6,10,22,11,41.040826171875,1
2017,6,10,22,11,42.8466730957031,1
2017,6,10,22,11,44.6525200195313,1
2017,6,10,22,11,46.4583498535156,1
2017,6,10,22,11,48.2670258789063,1
2017,6,10,22,11,50.0728120117188,1
2017,6,10,22,11,51.8787280273437,1
2017,6,10,22,11,53.6845258789062,1
2017,6,10,22,11,55.4902619628906,1
2017,6,10,22,11,57.2962209472656,1
2017,6,10,22,11,59.102001953125,1
2017,6,10,22,12,0.907798095703125,1
2017,6,10,22,12,2.71358984375,1
2017,6,10,22,12,4.51936499023437,1
2017,6,10,22,12,6.325416015625,1
2017,6,10,22,12,8.13118505859375,1
2017,6,10,22,12,9.93688696289063,1
2017,6,10,22,12,11.742833984375,1
2017,6,10,22,12,13.5488020019531,1
2017,6,10,22,12,15.354623046875,1
2017,6,10,22,12,17.16058203125,1
2017,6,10,22,12,18.9665551757812,1
2017,6,10,22,12,20.7724541015625,1
2017,6,10,22,12,22.5783010253906,1
2017,6,10,22,12,24.3840610351563,1
2017,6,10,22,12,26.1899020996094,1
2017,6,10,22,12,27.995953125,1
2017,6,10,22,12,29.8018601074219,1
2017,6,10,22,12,31.6077829589844,1
2017,6,10,22,12,33.4135229492188,1
2017,6,10,22,12,35.2194079589844,1
2017,6,10,22,12,37.0253811035156,1
2017,6,10,22,12,38.8311501464844,1
2017,6,10,22,12,40.6371469726562,1
2017,6,10,22,12,42.4430871582031,1
2017,6,10,22,12,44.2489289550781,1
2017,6,10,22,12,46.0546359863281,1
2017,6,10,22,12,47.8604309082031,1
2017,6,10,22,12,49.6665297851562,1
2017,6,10,22,12,51.4723288574219,1
2017,6,10,22,12,53.2781611328125,1
2017,6,10,22,12,55.0839970703125,1
2017,6,10,22,12,56.8898740234375,1
2017,6,10,22,12,58.6955739746094,1
2017,6,10,22,13,0.5014208984375,1
2017,6,10,22,13,2.30729614257812,1
2017,6,10,22,13,4.11305200195313,1
2017,6,10,22,13,5.91892919921875,1
2017,6,10,22,13,7.72477197265625,1
2017,6,10,22,13,9.53057299804687,1
2017,6,10,22,13,11.3364360351563,1
2017,6,10,22,13,13.1422109375,1
2017,6,10,22,13,14.9480668945312,1
2017,6,10,22,13,16.7540268554688,1
2017,6,10,22,13,18.5599479980469,1
2017,6,10,22,13,20.3657470703125,1
2017,6,10,22,13,22.1715190429688,1
2017,6,10,22,13,23.9776560058594,1
2017,6,10,22,13,25.7835791015625,1
2017,6,10,22,13,27.5892971191406,1
2017,6,10,22,13,29.3956159667969,1
2017,6,10,22,13,31.20133203125,1
2017,6,10,22,13,33.0073249511719,1
2017,6,10,22,13,34.8129680175781,1
2017,6,10,22,13,36.6186572265625,1
2017,6,10,22,13,38.4245541992187,1
2017,6,10,22,13,40.2303840332031,1
2017,6,10,22,13,42.036208984375,1
2017,6,10,22,13,43.8420888671875,1
2017,6,10,22,13,45.647994140625,1
2017,6,10,22,13,47.4539050292969,1
2017,6,10,22,13,49.2595988769531,1
2017,6,10,22,13,51.0654750976562,1
2017,6,10,22,13,52.8714580078125,1
2017,6,10,22,13,54.6772001953125,1
2017,6,10,22,13,56.4830078125,1
2017,6,10,22,13,58.2887270507812,1
2017,6,10,22,14,0.09467919921875,1
2017,6,10,22,14,1.90065087890625,1
2017,6,10,22,14,3.70655810546875,1
2017,6,10,22,14,5.51238208007813,1
2017,6,10,22,14,7.31840405273438,1
2017,6,10,22,14,9.1241640625,1
2017,6,10,22,14,10.9300598144531,1
2017,6,10,22,14,12.740875,1
2017,6,10,22,14,14.5466909179687,1
2017,6,10,22,14,16.3525458984375,1
2017,6,10,22,14,18.1586120605469,1
2017,6,10,22,14,19.9644670410156,1
2017,6,10,22,14,21.7704150390625,1
2017,6,10,22,14,23.5762370605469,1
2017,6,10,22,14,25.3821450195313,1
2017,6,10,22,14,27.1878701171875,1
2017,6,10,22,14,28.993712890625,1
2017,6,10,22,14,30.7994958496094,1
2017,6,10,22,14,32.6054311523437,1
2017,6,10,22,14,34.4112309570313,1
2017,6,10,22,14,36.2170200195312,1
2017,6,10,22,14,38.0229421386719,1
2017,6,10,22,14,39.8287780761719,1
2017,6,10,22,14,41.63458203125,1
2017,6,10,22,14,43.4404499511719,1
2017,6,10,22,14,45.2463310546875,1
2017,6,10,22,14,47.0521840820313,1
2017,6,10,22,14,48.8580319824219,1
2017,6,10,22,14,50.6638610839844,1
2017,6,10,22,14,52.4697739257812,1
2017,6,10,22,14,54.2754689941406,1
2017,6,10,22,14,56.0814599609375,1
2017,6,10,22,14,57.8872080078125,1
2017,6,10,22,14,59.6930808105469,1
2017,6,10,22,15,1.4989541015625,1
2017,6,10,22,15,3.30475317382813,1
2017,6,10,22,15,5.110501953125,1
2017,6,10,22,15,6.91634497070313,1
2017,6,10,22,15,8.7220830078125,1
2017,6,10,22,15,10.5279760742187,1
2017,6,10,22,15,12.3338671875,1
2017,6,10,22,15,14.1395749511719,1
2017,6,10,22,15,15.9454440917969,1
2017,6,10,22,15,17.7524020996094,1
2017,6,10,22,15,19.5581379394531,1
2017,6,10,22,15,21.3638999023437,1
2017,6,10,22,15,23.1696350097656,1
2017,6,10,22,15,24.9755817871094,1
2017,6,10,22,15,26.7814250488281,1
2017,6,10,22,15,28.5873078613281,1
2017,6,10,22,15,30.3930881347656,1
2017,6,10,22,15,32.1988200683594,1
2017,6,10,22,15,34.0047758789063,1
2017,6,10,22,15,35.8108720703125,1
2017,6,10,22,15,37.6232041015625,1
2017,6,10,22,15,39.4289169921875,1
2017,6,10,22,15,41.2346857910156,1
2017,6,10,22,15,43.0406958007813,1
2017,6,10,22,15,44.846326171875,1
2017,6,10,22,15,46.6521379394531,1
2017,6,10,22,15,48.4579489746094,1
2017,6,10,22,15,50.2637680664063,1
2017,6,10,22,15,52.0697131347656,1
2017,6,10,22,15,53.875423828125,1
2017,6,10,22,15,55.6814909667969,1
2017,6,10,22,15,57.4872719726563,1
2017,6,10,22,15,59.2929621582031,1
2017,6,10,22,16,1.13880615234375,1
2017,6,10,22,16,2.9445869140625,1
2017,6,10,22,16,4.7503828125,1
2017,6,10,22,16,6.55617407226562,1
2017,6,10,22,16,8.36213891601562,1
2017,6,10,22,16,10.168125,1
2017,6,10,22,16,11.9741630859375,1
2017,6,10,22,16,13.7798540039062,1
2017,6,10,22,16,15.5857849121094,1
2017,6,10,22,16,17.39158203125,1
2017,6,10,22,16,19.1971940917969,1
2017,6,10,22,16,21.0029111328125,1
2017,6,10,22,16,22.8086181640625,1
2017,6,10,22,16,24.6144841308594,1
2017,6,10,22,16,26.4202758789062,1
2017,6,10,22,16,28.2259709472656,1
2017,6,10,22,16,30.0316821289063,1
2017,6,10,22,16,31.8373872070312,1
2017,6,10,22,16,33.6432370605469,1
2017,6,10,22,16,35.4489870605469,1
2017,6,10,22,16,37.2548549804687,1
2017,6,10,22,16,39.0607641601563,1
2017,6,10,22,16,40.8666638183594,1
2017,6,10,22,16,42.6725617675781,1
2017,6,10,22,16,44.4784399414063,1
2017,6,10,22,16,46.2844189453125,1
2017,6,10,22,16,48.0903110351562,1
2017,6,10,22,16,49.8960129394531,1
2017,6,10,22,16,51.7019360351563,1
2017,6,10,22,16,53.5076999511719,1
2017,6,10,22,16,55.3135649414062,1
2017,6,10,22,16,57.1193999023438,1
2017,6,10,22,16,58.925326171875,1
2017,6,10,22,17,0.73118896484375,1
2017,6,10,22,17,2.53688403320313,1
2017,6,10,22,17,4.34265209960938,1
2017,6,10,22,17,6.14844799804688,1
2017,6,10,22,17,7.95431494140625,1
2017,6,10,22,17,9.7601220703125,1
2017,6,10,22,17,11.5658071289063,1
2017,6,10,22,17,13.3717209472656,1
2017,6,10,22,17,15.1775739746094,0
2017,6,10,22,17,16.9836188964844,0
2017,6,10,22,17,18.7894868164062,0
2017,6,10,22,17,20.595287109375,0
2017,6,10,22,17,22.4011381835938,0
2017,6,10,22,17,24.2069399414063,0
2017,6,10,22,17,26.0127890625,0
2017,6,10,22,17,27.8187390136719,0
2017,6,10,22,17,29.6248779296875,0
2017,6,10,22,17,31.4306779785156,0
2017,6,10,22,17,33.2364270019531,1
2017,6,10,22,17,35.0424089355469,1
2017,6,10,22,17,36.848248046875,1
2017,6,10,22,17,38.6542290039063,1
2017,6,10,22,17,40.4600849609375,1
2017,6,10,22,17,42.2658110351562,1
2017,6,10,22,17,44.0717858886719,1
2017,6,10,22,17,45.8775251464844,1
2017,6,10,22,17,47.6833459472656,1
2017,6,10,22,17,49.4890549316406,1
2017,6,10,22,17,51.294796875,1
2017,6,10,22,17,53.1005239257813,1
2017,6,10,22,17,54.9062768554687,1
2017,6,10,22,17,56.7121899414063,0
2017,6,10,22,17,58.5180148925781,0
2017,6,10,22,18,0.323803955078125,0
2017,6,10,22,18,2.12976684570312,0
2017,6,10,22,18,3.93556396484375,0
2017,6,10,22,18,5.74137084960937,0
2017,6,10,22,18,7.547326171875,0
2017,6,10,22,18,9.3532080078125,0
2017,6,10,22,18,11.1591499023437,0
2017,6,10,22,18,12.9651740722656,0
2017,6,10,22,18,14.7708630371094,0
2017,6,10,22,18,16.5768029785156,0
2017,6,10,22,18,18.3825590820312,0
2017,6,10,22,18,20.1883029785156,0
2017,6,10,22,18,21.9941000976563,0
2017,6,10,22,18,23.8000368652344,0
2017,6,10,22,18,25.6059250488281,0
2017,6,10,22,18,27.4117580566406,0
2017,6,10,22,18,29.2176279296875,0
2017,6,10,22,18,31.0233518066406,0
2017,6,10,22,18,32.8293391113281,0
2017,6,10,22,18,34.6353891601563,0
2017,6,10,22,18,36.448041015625,0
2017,6,10,22,18,38.2538259277344,0
2017,6,10,22,18,40.0597639160156,0
2017,6,10,22,18,41.8657119140625,0
2017,6,10,22,18,43.6714611816406,0
2017,6,10,22,18,45.4773759765625,0
2017,6,10,22,18,47.283248046875,0
2017,6,10,22,18,49.0889638671875,0
2017,6,10,22,18,50.8949211425781,0
2017,6,10,22,18,52.700658203125,0
2017,6,10,22,18,54.5064138183594,0
2017,6,10,22,18,56.3123601074219,0
2017,6,10,22,18,58.1182529296875,0
2017,6,10,22,18,59.924,0
